time,x,y,z,tx,ty,tz,p1,p2,p3,p4,p5,p6,m1,m2,m3,m4,m5,m6
0.031,2.9988,19.9288,0.7946,3.0,20.0,1.0,-0.06882518,-0.10518271,0.6357791,0.6357791,0.071366474,0.1026414,-0.06882518,-0.10518271,0.6357791,0.6357791,0.071366474,0.1026414
0.087,2.9988,19.9288,0.7946,3.0,20.0,1.0,-0.06882496,-0.105182916,0.6357791,0.6357791,0.07136669,0.10264119,-0.06882496,-0.105182916,0.6357791,0.6357791,0.07136669,0.10264119
0.137,2.9988,19.9288,0.7946,3.0,20.0,1.0,-0.068824746,-0.10518313,0.6357791,0.6357791,0.071366906,0.10264098,-0.068824746,-0.10518313,0.6357791,0.6357791,0.071366906,0.10264098
0.187,2.9988,19.9288,0.7946,3.0,20.0,1.0,-0.06882454,-0.10518335,0.6357791,0.6357791,0.071367115,0.10264076,-0.06882454,-0.10518335,0.6357791,0.6357791,0.071367115,0.10264076
0.237,2.9988,19.9288,0.7946,3.0,20.0,1.0,-0.06882432,-0.10518356,0.6357791,0.6357791,0.07136733,0.102640554,-0.06882432,-0.10518356,0.6357791,0.6357791,0.07136733,0.102640554
0.287,2.9988,19.9288,0.7946,3.0,20.0,1.0,-0.06882411,-0.10518377,0.6357791,0.6357791,0.07136755,0.10264034,-0.06882411,-0.10518377,0.6357791,0.6357791,0.07136755,0.10264034
0.331,2.9988,19.9288,0.7946,3.0,20.0,1.0,-0.0688239,-0.10518398,0.6357791,0.6357791,0.071367756,0.10264012,-0.0688239,-0.10518398,0.6357791,0.6357791,0.071367756,0.10264012
0.381,2.9988,19.9288,0.7946,3.0,20.0,1.0,-0.06882368,-0.1051842,0.6357791,0.6357791,0.07136797,0.10263991,-0.06882368,-0.1051842,0.6357791,0.6357791,0.07136797,0.10263991
0.431,2.9988,19.9288,0.7946,3.0,20.0,1.0,-0.06882347,-0.10518441,0.6357791,0.6357791,0.07136818,0.1026397,-0.06882347,-0.10518441,0.6357791,0.6357791,0.07136818,0.1026397
0.481,2.9988,19.9288,0.7946,3.0,20.0,1.0,-0.068823256,-0.10518462,0.6357791,0.6357791,0.0713684,0.10263949,-0.068823256,-0.10518462,0.6357791,0.6357791,0.0713684,0.10263949
0.531,2.9988,19.9288,0.7946,3.0,20.0,1.0,-0.06882305,-0.10518484,0.6357791,0.6357791,0.071368605,0.10263927,-0.06882305,-0.10518484,0.6357791,0.6357791,0.071368605,0.10263927
0.581,2.9988,19.9288,0.7946,3.0,20.0,1.0,-0.06882283,-0.10518505,0.6357791,0.6357791,0.07136882,0.10263906,-0.06882283,-0.10518505,0.6357791,0.6357791,0.07136882,0.10263906
0.631,2.9988,19.9288,0.7946,3.0,20.0,1.0,-0.068822615,-0.10518526,0.6357791,0.6357791,0.07136904,0.10263885,-0.068822615,-0.10518526,0.6357791,0.6357791,0.07136904,0.10263885
0.681,2.9988,19.9288,0.7946,3.0,20.0,1.0,-0.068822406,-0.10518548,0.6357791,0.6357791,0.071369246,0.10263863,-0.068822406,-0.10518548,0.6357791,0.6357791,0.071369246,0.10263863
0.731,2.9988,19.9288,0.7946,3.0,20.0,1.0,-0.06882219,-0.10518569,0.6357791,0.6357791,0.07136946,0.10263842,-0.06882219,-0.10518569,0.6357791,0.6357791,0.07136946,0.10263842
0.781,2.9988,19.9288,0.7946,3.0,20.0,1.0,-0.06882198,-0.1051859,0.6357791,0.6357791,0.07136967,0.10263821,-0.06882198,-0.1051859,0.6357791,0.6357791,0.07136967,0.10263821
0.831,2.9988,19.9288,0.7946,3.0,20.0,1.0,-0.068821765,-0.10518611,0.6357791,0.6357791,0.07136989,0.10263799,-0.068821765,-0.10518611,0.6357791,0.6357791,0.07136989,0.10263799
0.881,2.9988,19.9288,0.7946,3.0,20.0,1.0,-0.06882156,-0.10518633,0.6357791,0.6357791,0.0713701,0.10263778,-0.06882156,-0.10518633,0.6357791,0.6357791,0.0713701,0.10263778
0.931,2.9988,19.9288,0.7946,3.0,20.0,1.0,-0.06882134,-0.105186544,0.6357791,0.6357791,0.07137031,0.10263757,-0.06882134,-0.105186544,0.6357791,0.6357791,0.07137031,0.10263757
0.981,2.9988,19.9288,0.7946,3.0,20.0,1.0,-0.068821125,-0.10518675,0.6357791,0.6357791,0.07137053,0.10263736,-0.068821125,-0.10518675,0.6357791,0.6357791,0.07137053,0.10263736
1.031,2.9988,19.9288,0.7946,3.0,20.0,1.0,-0.068820916,-0.10518697,0.6357791,0.6357791,0.071370736,0.10263714,-0.068820916,-0.10518697,0.6357791,0.6357791,0.071370736,0.10263714
1.081,2.9988,19.9288,0.7946,3.0,20.0,1.0,-0.0688207,-0.10518718,0.6357791,0.6357791,0.07137095,0.10263693,-0.0688207,-0.10518718,0.6357791,0.6357791,0.07137095,0.10263693
1.131,2.9988,19.9288,0.7946,3.0,20.0,1.0,-0.06882049,-0.10518739,0.6357791,0.6357791,0.07137116,0.10263672,-0.06882049,-0.10518739,0.6357791,0.6357791,0.07137116,0.10263672
1.181,2.9988,19.9288,0.7946,3.0,20.0,1.0,-0.068820275,-0.1051876,0.6357791,0.6357791,0.07137138,0.1026365,-0.068820275,-0.1051876,0.6357791,0.6357791,0.07137138,0.1026365
1.231,2.9988,19.9288,0.7946,3.0,20.0,1.0,-0.06882006,-0.10518782,0.6357791,0.6357791,0.07137159,0.10263629,-0.06882006,-0.10518782,0.6357791,0.6357791,0.07137159,0.10263629
1.281,2.9988,19.9288,0.7946,3.0,20.0,1.0,-0.06881985,-0.105188034,0.6357791,0.6357791,0.0713718,0.10263608,-0.06881985,-0.105188034,0.6357791,0.6357791,0.0713718,0.10263608
1.331,2.9988,19.9288,0.7946,3.0,20.0,1.0,-0.068819635,-0.10518824,0.6357791,0.6357791,0.07137202,0.10263587,-0.068819635,-0.10518824,0.6357791,0.6357791,0.07137202,0.10263587
1.381,2.9988,19.9288,0.7946,3.0,20.0,1.0,-0.068819426,-0.10518846,0.6357791,0.6357791,0.071372226,0.10263565,-0.068819426,-0.10518846,0.6357791,0.6357791,0.071372226,0.10263565
1.432,2.9988,19.9288,0.7946,3.0,20.0,1.0,-0.06881921,-0.10518867,0.6357791,0.6357791,0.07137244,0.102635436,-0.06881921,-0.10518867,0.6357791,0.6357791,0.07137244,0.102635436
1.482,2.9988,19.9288,0.7946,3.0,20.0,1.0,-0.068818994,-0.105188884,0.6357791,0.6357791,0.07137266,0.10263523,-0.068818994,-0.105188884,0.6357791,0.6357791,0.07137266,0.10263523
1.532,2.9988,19.9288,0.7946,3.0,20.0,1.0,-0.068818785,-0.1051891,0.6357791,0.6357791,0.07137287,0.10263501,-0.068818785,-0.1051891,0.6357791,0.6357791,0.07137287,0.10263501
1.583,2.9988,19.9288,0.7946,3.0,20.0,1.0,-0.06881857,-0.10518931,0.6357791,0.6357791,0.07137308,0.1026348,-0.06881857,-0.10518931,0.6357791,0.6357791,0.07137308,0.1026348
1.637,2.9988,19.9288,0.7946,3.0,20.0,1.0,-0.06881836,-0.105189525,0.6357791,0.6357791,0.07137329,0.10263459,-0.06881836,-0.105189525,0.6357791,0.6357791,0.07137329,0.10263459
1.682,2.9988,19.9288,0.7946,3.0,20.0,1.0,-0.068818145,-0.10518973,0.6357791,0.6357791,0.07137351,0.10263437,-0.068818145,-0.10518973,0.6357791,0.6357791,0.07137351,0.10263437
1.732,2.9988,19.9288,0.7946,3.0,20.0,1.0,-0.068817936,-0.10518995,0.6357791,0.6357791,0.07137372,0.10263416,-0.068817936,-0.10518995,0.6357791,0.6357791,0.07137372,0.10263416
1.781,2.9988,19.9288,0.7946,3.0,20.0,1.0,-0.06881772,-0.10519016,0.6357791,0.6357791,0.07137393,0.102633946,-0.06881772,-0.10519016,0.6357791,0.6357791,0.07137393,0.102633946
1.832,2.9988,19.9288,0.7946,3.0,20.0,1.0,-0.068817504,-0.105190374,0.6357791,0.6357791,0.07137415,0.10263374,-0.068817504,-0.105190374,0.6357791,0.6357791,0.07137415,0.10263374
1.882,2.9988,19.9288,0.7946,3.0,20.0,1.0,-0.068817295,-0.10519059,0.6357791,0.6357791,0.07137436,0.10263352,-0.068817295,-0.10519059,0.6357791,0.6357791,0.07137436,0.10263352
1.932,2.9988,19.9288,0.7946,3.0,20.0,1.0,-0.06881708,-0.1051908,0.6357791,0.6357791,0.07137457,0.10263331,-0.06881708,-0.1051908,0.6357791,0.6357791,0.07137457,0.10263331
1.982,2.9988,19.9288,0.7946,3.0,20.0,1.0,-0.06881687,-0.105191015,0.6357791,0.6357791,0.07137479,0.1026331,-0.06881687,-0.105191015,0.6357791,0.6357791,0.07137479,0.1026331
2.032,2.9988,19.9288,0.7946,3.0,20.0,1.0,-0.068816654,-0.10519122,0.6357791,0.6357791,0.071375,0.10263288,-0.068816654,-0.10519122,0.6357791,0.6357791,0.071375,0.10263288
2.082,2.9988,19.9288,0.7946,3.0,20.0,1.0,-0.06881644,-0.10519144,0.6357791,0.6357791,0.07137521,0.10263267,-0.06881644,-0.10519144,0.6357791,0.6357791,0.07137521,0.10263267
2.132,2.9988,19.9288,0.7946,3.0,20.0,1.0,-0.06881623,-0.105191655,0.6357791,0.6357791,0.07137542,0.102632456,-0.06881623,-0.105191655,0.6357791,0.6357791,0.07137542,0.102632456
2.187,2.9988,19.9288,0.7946,3.0,20.0,1.0,-0.06881601,-0.105191864,0.6357791,0.6357791,0.07137564,0.10263225,-0.06881601,-0.105191864,0.6357791,0.6357791,0.07137564,0.10263225
2.232,2.9988,19.9288,0.7946,3.0,20.0,1.0,-0.068815805,-0.10519208,0.6357791,0.6357791,0.07137585,0.10263203,-0.068815805,-0.10519208,0.6357791,0.6357791,0.07137585,0.10263203
2.282,2.9988,19.9288,0.7946,3.0,20.0,1.0,-0.06881559,-0.10519229,0.6357791,0.6357791,0.07137606,0.102631815,-0.06881559,-0.10519229,0.6357791,0.6357791,0.07137606,0.102631815
2.332,2.9988,19.9288,0.7946,3.0,20.0,1.0,-0.06881538,-0.105192505,0.6357791,0.6357791,0.07137628,0.102631606,-0.06881538,-0.105192505,0.6357791,0.6357791,0.07137628,0.102631606
2.382,2.9988,19.9288,0.7946,3.0,20.0,1.0,-0.068815164,-0.10519272,0.6357791,0.6357791,0.07137649,0.10263139,-0.068815164,-0.10519272,0.6357791,0.6357791,0.07137649,0.10263139
2.432,2.9988,19.9288,0.7946,3.0,20.0,1.0,-0.06881495,-0.10519293,0.6357791,0.6357791,0.0713767,0.10263118,-0.06881495,-0.10519293,0.6357791,0.6357791,0.0713767,0.10263118
2.482,2.9988,19.9288,0.7946,3.0,20.0,1.0,-0.06881474,-0.105193146,0.6357791,0.6357791,0.07137691,0.102630965,-0.06881474,-0.105193146,0.6357791,0.6357791,0.07137691,0.102630965
2.532,2.9988,19.9288,0.7946,3.0,20.0,1.0,-0.06881452,-0.105193354,0.6357791,0.6357791,0.07137713,0.10263076,-0.06881452,-0.105193354,0.6357791,0.6357791,0.07137713,0.10263076
2.582,2.9988,19.9288,0.7946,3.0,20.0,1.0,-0.068814315,-0.10519357,0.6357791,0.6357791,0.071377344,0.10263054,-0.068814315,-0.10519357,0.6357791,0.6357791,0.071377344,0.10263054
2.632,2.9988,19.9288,0.7946,3.0,20.0,1.0,-0.0688141,-0.10519379,0.6357791,0.6357791,0.07137755,0.102630325,-0.0688141,-0.10519379,0.6357791,0.6357791,0.07137755,0.102630325
2.687,2.9988,19.9288,0.7946,3.0,20.0,1.0,-0.06881388,-0.105193995,0.6357791,0.6357791,0.07137777,0.102630116,-0.06881388,-0.105193995,0.6357791,0.6357791,0.07137777,0.102630116
2.732,2.9988,19.9288,0.7946,3.0,20.0,1.0,-0.068813674,-0.10519421,0.6357791,0.6357791,0.07137798,0.1026299,-0.068813674,-0.10519421,0.6357791,0.6357791,0.07137798,0.1026299
2.782,2.9988,19.9288,0.7946,3.0,20.0,1.0,-0.06881346,-0.10519442,0.6357791,0.6357791,0.071378194,0.10262969,-0.06881346,-0.10519442,0.6357791,0.6357791,0.071378194,0.10262969
2.832,2.9988,19.9288,0.7946,3.0,20.0,1.0,-0.06881325,-0.105194636,0.6357791,0.6357791,0.07137841,0.102629475,-0.06881325,-0.105194636,0.6357791,0.6357791,0.07137841,0.102629475
2.882,2.9988,19.9288,0.7946,3.0,20.0,1.0,-0.06881303,-0.105194844,0.6357791,0.6357791,0.07137862,0.10262926,-0.06881303,-0.105194844,0.6357791,0.6357791,0.07137862,0.10262926
2.932,2.9988,19.9288,0.7946,3.0,20.0,1.0,-0.06881282,-0.10519506,0.6357791,0.6357791,0.071378835,0.10262905,-0.06881282,-0.10519506,0.6357791,0.6357791,0.071378835,0.10262905
2.982,-0.0000,0.7000,0.5001,3.0,20.0,1.0,-0.06881261,-0.10519528,0.6357791,0.6357791,0.07137904,0.102628835,-0.06881261,-0.10519528,0.6357791,0.6357791,0.07137904,0.102628835
3.032,0.0001,0.7002,0.5003,3.0,20.0,1.0,0.39650628,1.0,0.035764005,0.035764005,-0.61306125,-0.78344506,0.39650628,1.0,0.035764005,0.035764005,-0.61306125,-0.78344506
3.083,0.0006,0.7013,0.5003,3.0,20.0,1.0,0.44795838,1.0,0.059932176,0.059932176,-0.6641034,-0.783855,0.44795838,1.0,0.059932176,0.059932176,-0.6641034,-0.783855
3.132,0.0019,0.7040,0.4997,3.0,20.0,1.0,0.47006834,1.0,0.06078094,0.06078094,-0.66223913,-0.8078292,0.47006834,1.0,0.06078094,0.06078094,-0.66223913,-0.8078292
3.182,0.0031,0.7066,0.4991,3.0,20.0,1.0,0.5169822,1.0,0.06263587,0.06263587,-0.6579372,-0.85904497,0.5169822,1.0,0.06263587,0.06263587,-0.6579372,-0.85904497
3.233,0.0052,0.7116,0.4977,3.0,20.0,1.0,0.5227744,1.0,0.06297651,0.06297651,-0.6569971,-0.8657773,0.5227744,1.0,0.06297651,0.06297651,-0.6569971,-0.8657773
3.283,0.0068,0.7157,0.4964,3.0,20.0,1.0,0.59308755,1.0,0.06601684,0.06601684,-0.6498196,-0.94326794,0.59308755,1.0,0.06601684,0.06601684,-0.6498196,-0.94326794
3.332,0.0094,0.7228,0.4941,3.0,20.0,1.0,0.5888974,1.0,0.06599195,0.06599195,-0.64941686,-0.93948054,0.5888974,1.0,0.06599195,0.06599195,-0.64941686,-0.93948054
3.384,0.0113,0.7283,0.4923,3.0,20.0,1.0,0.6530002,0.9615001,0.06752206,0.06752206,-0.61450034,-1.0,0.6530002,0.9615001,0.06752206,0.06752206,-0.61450034,-1.0
3.433,0.0141,0.7375,0.4893,3.0,20.0,1.0,0.6489151,0.97323763,0.06799532,0.06799532,-0.62215275,-1.0,0.6489151,0.97323763,0.06799532,0.06799532,-0.62215275,-1.0
3.482,0.0161,0.7443,0.4869,3.0,20.0,1.0,0.6751753,0.8660424,0.065475546,0.065475546,-0.5412177,-1.0,0.6751753,0.8660424,0.065475546,0.065475546,-0.5412177,-1.0
3.532,0.0189,0.7553,0.4830,3.0,20.0,1.0,0.66901124,0.88579583,0.06614083,0.06614083,-0.55480707,-1.0,0.66901124,0.88579583,0.06614083,0.06614083,-0.55480707,-1.0
3.582,0.0207,0.7632,0.4802,3.0,20.0,1.0,0.6935142,0.78151596,0.06406756,0.06406756,-0.47503015,-1.0,0.6935142,0.78151596,0.06406756,0.06406756,-0.47503015,-1.0
3.633,0.0233,0.7757,0.4755,3.0,20.0,1.0,0.6865572,0.8051495,0.06478073,0.06478073,-0.4917067,-1.0,0.6865572,0.8051495,0.06478073,0.06478073,-0.4917067,-1.0
3.682,0.0249,0.7845,0.4721,3.0,20.0,1.0,0.7068693,0.71443343,0.0633687,0.0633687,-0.42130274,-1.0,0.7068693,0.71443343,0.0633687,0.0633687,-0.42130274,-1.0
3.733,0.0271,0.7982,0.4667,3.0,20.0,1.0,0.70074916,0.7357777,0.06395817,0.06395817,-0.43652686,-1.0,0.70074916,0.7357777,0.06395817,0.06395817,-0.43652686,-1.0
3.782,0.0284,0.8077,0.4628,3.0,20.0,1.0,0.71845233,0.65306866,0.063046165,0.063046165,-0.371521,-1.0,0.71845233,0.65306866,0.063046165,0.063046165,-0.371521,-1.0
3.832,0.0302,0.8223,0.4567,3.0,20.0,1.0,0.712671,0.6742465,0.06353244,0.06353244,-0.38691747,-1.0,0.712671,0.6742465,0.06353244,0.06353244,-0.38691747,-1.0
3.883,0.0312,0.8324,0.4524,3.0,20.0,1.0,0.7284188,0.5973934,0.06304979,0.06304979,-0.32581222,-1.0,0.7284188,0.5973934,0.06304979,0.06304979,-0.32581222,-1.0
3.932,0.0326,0.8478,0.4457,3.0,20.0,1.0,0.72245216,0.62082636,0.063440606,0.063440606,-0.34327853,-1.0,0.72245216,0.62082636,0.063440606,0.063440606,-0.34327853,-1.0
3.983,0.0333,0.8583,0.4410,3.0,20.0,1.0,0.73737895,0.5450935,0.06333359,0.06333359,-0.28247246,-1.0,0.73737895,0.5450935,0.06333359,0.06333359,-0.28247246,-1.0
4.033,0.0342,0.8743,0.4338,3.0,20.0,1.0,0.73158437,0.5691386,0.06359889,0.06359889,-0.30072296,-1.0,0.73158437,0.5691386,0.06359889,0.06359889,-0.30072296,-1.0
4.082,0.0346,0.8852,0.4288,3.0,20.0,1.0,0.7437096,0.50454277,0.0638639,0.0638639,-0.24825242,-1.0,0.7437096,0.50454277,0.0638639,0.0638639,-0.24825242,-1.0
4.132,0.0350,0.9017,0.4210,3.0,20.0,1.0,0.7390057,0.52468604,0.06401441,0.06401441,-0.2636917,-1.0,0.7390057,0.52468604,0.06401441,0.06401441,-0.2636917,-1.0
4.183,0.0352,0.9128,0.4157,3.0,20.0,1.0,0.7495806,0.46591708,0.06460902,0.06460902,-0.21549767,-1.0,0.7495806,0.46591708,0.06460902,0.06460902,-0.21549767,-1.0
4.232,0.0351,0.9296,0.4075,3.0,20.0,1.0,0.7454017,0.48458844,0.06465519,0.06465519,-0.22999014,-1.0,0.7454017,0.48458844,0.06465519,0.06465519,-0.22999014,-1.0
4.283,0.0350,0.9409,0.4019,3.0,20.0,1.0,0.7545652,0.4313839,0.06549961,0.06549961,-0.18594907,-1.0,0.7545652,0.4313839,0.06549961,0.06549961,-0.18594907,-1.0
4.332,0.0346,0.9580,0.3934,3.0,20.0,1.0,0.75095147,0.4481004,0.06545407,0.06545407,-0.19905186,-1.0,0.75095147,0.4481004,0.06545407,0.06545407,-0.19905186,-1.0
4.383,0.0342,0.9694,0.3875,3.0,20.0,1.0,0.7590775,0.39889959,0.066517584,0.066517584,-0.1579771,-1.0,0.7590775,0.39889959,0.066517584,0.066517584,-0.1579771,-1.0
4.433,0.0334,0.9867,0.3787,3.0,20.0,1.0,0.75591,0.41406107,0.06639645,0.06639645,-0.16997103,-1.0,0.75591,0.41406107,0.06639645,0.06639645,-0.16997103,-1.0
4.482,0.0328,0.9982,0.3726,3.0,20.0,1.0,0.76309407,0.36869353,0.06764274,0.06764274,-0.1317876,-1.0,0.76309407,0.36869353,0.06764274,0.06764274,-0.1317876,-1.0
4.532,0.0317,1.0156,0.3635,3.0,20.0,1.0,0.760438,0.3816912,0.067481935,0.067481935,-0.1421292,-1.0,0.760438,0.3816912,0.067481935,0.067481935,-0.1421292,-1.0
4.583,0.0309,1.0272,0.3573,3.0,20.0,1.0,0.766254,0.34311232,0.06878562,0.06878562,-0.109366305,-1.0,0.766254,0.34311232,0.06878562,0.06878562,-0.109366305,-1.0
4.632,0.0295,1.0447,0.3478,3.0,20.0,1.0,0.76451325,0.35124105,0.06869162,0.06869162,-0.1157543,-1.0,0.76451325,0.35124105,0.06869162,0.06869162,-0.1157543,-1.0
4.683,0.0285,1.0563,0.3415,3.0,20.0,1.0,0.76934385,0.31761503,0.07003842,0.07003842,-0.086958855,-1.0,0.76934385,0.31761503,0.07003842,0.07003842,-0.086958855,-1.0
4.733,0.0269,1.0738,0.3335,3.0,20.0,1.0,0.76771784,0.32555902,0.06989482,0.06989482,-0.09327681,-1.0,0.76771784,0.32555902,0.06989482,0.06989482,-0.09327681,-1.0
4.783,0.0258,1.0855,0.3300,3.0,20.0,1.0,0.77249545,0.29122126,0.070889816,0.070889816,-0.06371674,-1.0,0.77249545,0.29122126,0.070889816,0.070889816,-0.06371674,-1.0
4.832,0.0240,1.1030,0.3248,3.0,20.0,1.0,0.7707015,0.3007635,0.07006654,0.07006654,-0.071465015,-1.0,0.7707015,0.3007635,0.07006654,0.07006654,-0.071465015,-1.0
4.882,0.0227,1.1147,0.3211,3.0,20.0,1.0,0.77455735,0.2716916,0.07081912,0.07081912,-0.04624896,-1.0,0.77455735,0.2716916,0.07081912,0.07081912,-0.04624896,-1.0
4.933,0.0208,1.1320,0.3153,3.0,20.0,1.0,0.77316594,0.27914247,0.07077133,0.07077133,-0.0523084,-1.0,0.77316594,0.27914247,0.07077133,0.07077133,-0.0523084,-1.0
4.982,0.0195,1.1436,0.3112,3.0,20.0,1.0,0.7770821,0.24883261,0.07183888,0.07183888,-0.025914725,-1.0,0.7770821,0.24883261,0.07183888,0.07183888,-0.025914725,-1.0
5.032,0.0174,1.1609,0.3053,3.0,20.0,1.0,0.7756355,0.2570878,0.071730256,0.071730256,-0.03272325,-1.0,0.7756355,0.2570878,0.071730256,0.071730256,-0.03272325,-1.0
5.082,0.0160,1.1724,0.3017,3.0,20.0,1.0,0.77904856,0.22953682,0.07273819,0.07273819,-0.00858541,-1.0,0.77904856,0.22953682,0.07273819,0.07273819,-0.00858541,-1.0
5.132,0.0139,1.1898,0.2967,3.0,20.0,1.0,0.77791446,0.23589236,0.07245144,0.07245144,-0.013806841,-1.0,0.77791446,0.23589236,0.07245144,0.07245144,-0.013806841,-1.0
5.182,0.0124,1.2013,0.2936,3.0,20.0,1.0,0.78079945,0.21152018,0.07326262,0.07326262,0.0076803686,-1.0,0.78079945,0.21152018,0.07326262,0.07326262,0.0076803686,-1.0
5.232,0.0102,1.2186,0.2892,3.0,20.0,1.0,0.7798891,0.21654214,0.07306952,0.07306952,0.0035687657,-1.0,0.7798891,0.21654214,0.07306952,0.07306952,0.0035687657,-1.0
5.282,0.0087,1.2301,0.2866,3.0,20.0,1.0,0.782571,0.1930661,0.073783845,0.073783845,0.024362851,-1.0,0.782571,0.1930661,0.073783845,0.073783845,0.024362851,-1.0
5.332,0.0065,1.2473,0.2831,3.0,20.0,1.0,0.78173935,0.19774346,0.07359412,0.07359412,0.020517174,-1.0,0.78173935,0.19774346,0.07359412,0.07359412,0.020517174,-1.0
5.382,0.0051,1.2580,0.2815,3.0,20.0,1.0,0.7842188,0.1752298,0.0742106,0.0742106,0.040551424,-1.0,0.7842188,0.1752298,0.0742106,0.0742106,0.040551424,-1.0
5.432,0.0034,1.2719,0.2817,3.0,20.0,1.0,0.78523165,0.16576594,0.07378163,0.07378163,0.049002387,-1.0,0.78523165,0.16576594,0.07378163,0.07378163,0.049002387,-1.0
5.482,0.0021,1.2812,0.2820,3.0,20.0,1.0,0.79453677,0.086621426,0.07331073,0.07331073,0.11884178,-1.0,0.79453677,0.086621426,0.07331073,0.07331073,0.11884178,-1.0
5.532,0.0002,1.2952,0.2828,3.0,20.0,1.0,0.79224753,0.0991349,0.073332004,0.073332004,0.10861756,-1.0,0.79224753,0.0991349,0.073332004,0.073332004,0.10861756,-1.0
5.582,-0.0011,1.3048,0.2833,3.0,20.0,1.0,0.7969817,0.05145748,0.07341266,0.07341266,0.15156086,-1.0,0.7969817,0.05145748,0.07341266,0.07341266,0.15156086,-1.0
5.633,-0.0029,1.3192,0.2842,3.0,20.0,1.0,0.79476225,0.06527465,0.0734611,0.0734611,0.13996309,-1.0,0.79476225,0.06527465,0.0734611,0.0734611,0.13996309,-1.0
5.683,-0.0041,1.3290,0.2848,3.0,20.0,1.0,0.79867464,0.022581695,0.073612794,0.073612794,0.17874366,-1.0,0.79867464,0.022581695,0.073612794,0.073612794,0.17874366,-1.0
5.732,-0.0058,1.3439,0.2858,3.0,20.0,1.0,0.79650784,0.03796873,0.07363263,0.07363263,0.16552345,-1.0,0.79650784,0.03796873,0.07363263,0.07363263,0.16552345,-1.0
5.782,-0.0068,1.3540,0.2863,3.0,20.0,1.0,0.8006833,-0.009627235,0.0739152,0.0739152,0.20894393,-1.0,0.8006833,-0.009627235,0.0739152,0.0739152,0.20894393,-1.0
5.833,-0.0083,1.3696,0.2865,3.0,20.0,1.0,0.7985127,0.0075471825,0.0739366,0.0739366,0.19394012,-1.0,0.7985127,0.0075471825,0.0739366,0.0739366,0.19394012,-1.0
5.887,-0.0092,1.3802,0.2864,3.0,20.0,1.0,0.80121213,-0.027109396,0.07444463,0.07444463,0.22589725,-1.0,0.80121213,-0.027109396,0.07444463,0.07444463,0.22589725,-1.0
5.936,-0.0103,1.3964,0.2859,3.0,20.0,1.0,0.79974747,-0.01541078,0.07445617,0.07445617,0.21566328,-1.0,0.79974747,-0.01541078,0.07445617,0.07445617,0.21566328,-1.0
5.987,-0.0109,1.4074,0.2853,3.0,20.0,1.0,0.8021346,-0.04822338,0.0751617,0.0751617,0.24608882,-1.0,0.8021346,-0.04822338,0.0751617,0.0751617,0.24608882,-1.0
6.036,-0.0115,1.4241,0.2842,3.0,20.0,1.0,0.8009377,-0.038242303,0.07508922,0.07508922,0.23730461,-1.0,0.8009377,-0.038242303,0.07508922,0.07508922,0.23730461,-1.0
6.087,-0.0120,1.4439,0.2824,3.0,20.0,1.0,0.8031845,-0.07118132,0.07599956,0.07599956,0.26799682,-1.0,0.8031845,-0.07118132,0.07599956,0.07599956,0.26799682,-1.0
6.136,-0.0121,1.4525,0.2814,3.0,20.0,1.0,0.8042347,-0.091714635,0.07679222,0.07679222,0.28747997,-1.0,0.8042347,-0.091714635,0.07679222,0.07679222,0.28747997,-1.0
6.186,-0.0122,1.4640,0.2800,3.0,20.0,1.0,0.80221045,-0.068427026,0.07620451,0.07620451,0.26621658,-1.0,0.80221045,-0.068427026,0.07620451,0.07620451,0.26621658,-1.0
6.236,-0.0122,1.4816,0.2775,3.0,20.0,1.0,0.8030654,-0.08350814,0.0768036,0.0768036,0.28044268,-1.0,0.8030654,-0.08350814,0.0768036,0.0768036,0.28044268,-1.0
6.286,-0.0120,1.4934,0.2756,3.0,20.0,1.0,0.8047799,-0.113110654,0.07806522,0.07806522,0.30833074,-1.0,0.8047799,-0.113110654,0.07806522,0.07806522,0.30833074,-1.0
6.337,-0.0116,1.5113,0.2727,3.0,20.0,1.0,0.8040194,-0.10634594,0.077901416,0.077901416,0.30232656,-1.0,0.8040194,-0.10634594,0.077901416,0.077901416,0.30232656,-1.0
6.386,-0.0113,1.5233,0.2705,3.0,20.0,1.0,0.8054269,-0.13319707,0.07918655,0.07918655,0.32777014,-1.0,0.8054269,-0.13319707,0.07918655,0.07918655,0.32777014,-1.0
6.436,-0.0106,1.5414,0.2671,3.0,20.0,1.0,0.8047626,-0.12729052,0.079021245,0.079021245,0.3225279,-1.0,0.8047626,-0.12729052,0.079021245,0.079021245,0.3225279,-1.0
6.486,-0.0100,1.5535,0.2647,3.0,20.0,1.0,0.8061991,-0.15636757,0.08054654,0.08054654,0.3501685,-1.0,0.8061991,-0.15636757,0.08054654,0.08054654,0.3501685,-1.0
6.536,-0.0090,1.5718,0.2610,3.0,20.0,1.0,0.80544865,-0.14856295,0.08024232,0.08024232,0.34311432,-1.0,0.80544865,-0.14856295,0.08024232,0.08024232,0.34311432,-1.0
6.586,-0.0082,1.5841,0.2584,3.0,20.0,1.0,0.8069013,-0.17996062,0.08201487,0.08201487,0.37305936,-1.0,0.8069013,-0.17996062,0.08201487,0.08201487,0.37305936,-1.0
6.636,-0.0070,1.6027,0.2545,3.0,20.0,1.0,0.80610085,-0.17068517,0.08158043,0.08158043,0.3645843,-1.0,0.80610085,-0.17068517,0.08158043,0.08158043,0.3645843,-1.0
6.686,-0.0060,1.6151,0.2519,3.0,20.0,1.0,0.8074698,-0.20285423,0.08348296,0.08348296,0.39538446,-1.0,0.8074698,-0.20285423,0.08348296,0.08348296,0.39538446,-1.0
6.736,-0.0045,1.6338,0.2478,3.0,20.0,1.0,0.8067423,-0.19431493,0.083037294,0.083037294,0.3875726,-1.0,0.8067423,-0.19431493,0.083037294,0.083037294,0.3875726,-1.0
6.786,-0.0033,1.6464,0.2451,3.0,20.0,1.0,0.8078757,-0.22437929,0.08489851,0.08489851,0.4165036,-1.0,0.8078757,-0.22437929,0.08489851,0.08489851,0.4165036,-1.0
6.839,-0.0016,1.6655,0.2409,0.0,0.0,0.0,0.0,0.0,0.0,0.0,0.0,0.0,0.0,0.0,0.0,0.0,0.0,0.0
6.886,-0.0003,1.6784,0.2381,3.0,20.0,1.0,0.80833745,-0.2490279,0.08657054,0.08657054,0.44069046,-1.0,0.80833745,-0.2490279,0.08657054,0.08657054,0.44069046,-1.0
6.932,0.0017,1.6979,0.2338,3.0,20.0,1.0,0.80771405,-0.24154216,0.08615668,0.08615668,0.43382812,-1.0,0.80771405,-0.24154216,0.08615668,0.08615668,0.43382812,-1.0
6.982,0.0032,1.7111,0.2309,3.0,20.0,1.0,0.80869067,-0.27378112,0.08831257,0.08831257,0.46509048,-1.0,0.80869067,-0.27378112,0.08831257,0.08831257,0.46509048,-1.0
7.032,0.0055,1.7312,0.2264,3.0,20.0,1.0,0.8081101,-0.26686186,0.08791918,0.08791918,0.45875177,-1.0,0.8081101,-0.26686186,0.08791918,0.08791918,0.45875177,-1.0
7.082,0.0072,1.7447,0.2234,3.0,20.0,1.0,0.809003,-0.3005254,0.090252504,0.090252504,0.4915224,-1.0,0.809003,-0.3005254,0.090252504,0.090252504,0.4915224,-1.0
7.132,0.0098,1.7651,0.2189,3.0,20.0,1.0,0.80844444,-0.2938672,0.08984659,0.08984659,0.48542276,-1.0,0.80844444,-0.2938672,0.08984659,0.08984659,0.48542276,-1.0
7.182,0.0117,1.7788,0.2160,3.0,20.0,1.0,0.80915064,-0.32632735,0.09213208,0.09213208,0.51717675,-1.0,0.80915064,-0.32632735,0.09213208,0.09213208,0.51717675,-1.0
7.232,0.0146,1.7994,0.2118,3.0,20.0,1.0,0.80855495,-0.31792375,0.091576174,0.091576174,0.50936884,-1.0,0.80855495,-0.31792375,0.091576174,0.091576174,0.50936884,-1.0
7.282,0.0166,1.8132,0.2091,3.0,20.0,1.0,0.80936164,-0.35806566,0.094419286,0.094419286,0.548704,-1.0,0.80936164,-0.35806566,0.094419286,0.094419286,0.548704,-1.0
7.332,0.0197,1.8340,0.2053,3.0,20.0,1.0,0.8086682,-0.34547973,0.09355432,0.09355432,0.53681153,-1.0,0.8086682,-0.34547973,0.09355432,0.09355432,0.53681153,-1.0
7.383,0.0219,1.8478,0.2029,3.0,20.0,1.0,0.80920565,-0.38154408,0.096103676,0.096103676,0.57233846,-1.0,0.80920565,-0.38154408,0.096103676,0.096103676,0.57233846,-1.0
7.431,0.0253,1.8687,0.1998,3.0,20.0,1.0,0.80863297,-0.37150663,0.095386535,0.095386535,0.56287366,-1.0,0.80863297,-0.37150663,0.095386535,0.095386535,0.56287366,-1.0
7.482,0.0277,1.8826,0.1980,3.0,20.0,1.0,0.8090256,-0.4072096,0.09782966,0.09782966,0.59818405,-1.0,0.8090256,-0.4072096,0.09782966,0.09782966,0.59818405,-1.0
7.533,0.0313,1.9034,0.1958,3.0,20.0,1.0,0.8084964,-0.39708304,0.0970768,0.0970768,0.5885866,-1.0,0.8084964,-0.39708304,0.0970768,0.0970768,0.5885866,-1.0
7.582,0.0338,1.9172,0.1947,3.0,20.0,1.0,0.80875295,-0.43237343,0.099334046,0.099334046,0.62362045,-1.0,0.80875295,-0.43237343,0.099334046,0.099334046,0.62362045,-1.0
7.639,0.0377,1.9380,0.1936,0.0,0.0,0.0,0.0,0.0,0.0,0.0,0.0,0.0,0.0,0.0,0.0,0.0,0.0,0.0
7.685,0.0404,1.9518,0.1933,3.0,20.0,1.0,0.80836564,-0.4546937,0.100442335,0.100442335,0.64632803,-1.0,0.80836564,-0.4546937,0.100442335,0.100442335,0.64632803,-1.0
7.736,0.0444,1.9725,0.1934,3.0,20.0,1.0,0.8079743,-0.4476908,0.099892296,0.099892296,0.63971657,-1.0,0.8079743,-0.4476908,0.099892296,0.099892296,0.63971657,-1.0
7.786,0.0493,1.9968,0.1945,3.0,20.0,1.0,0.8079695,-0.48067436,0.10156185,0.10156185,0.6727048,-1.0,0.8079695,-0.48067436,0.10156185,0.10156185,0.6727048,-1.0
7.836,0.0515,2.0072,0.1953,3.0,20.0,1.0,0.8077118,-0.50514907,0.102557816,0.102557816,0.6974373,-1.0,0.8077118,-0.50514907,0.102557816,0.102557816,0.6974373,-1.0
7.886,0.0544,2.0211,0.1965,3.0,20.0,1.0,0.80728084,-0.48089138,0.10125297,0.10125297,0.6736105,-1.0,0.80728084,-0.48089138,0.10125297,0.10125297,0.6736105,-1.0
7.939,0.0617,2.0561,0.2006,0.0,0.0,0.0,0.0,0.0,0.0,0.0,0.0,0.0,0.0,0.0,0.0,0.0,0.0,0.0
7.985,0.0617,2.0561,0.2006,3.0,20.0,1.0,0.8069587,-0.5340082,0.1033884,0.1033884,0.7270495,-1.0,0.8069587,-0.5340082,0.1033884,0.1033884,0.7270495,-1.0
8.036,0.0662,2.0773,0.2035,3.0,20.0,1.0,0.8066395,-0.5266593,0.102990784,0.102990784,0.7200198,-1.0,0.8066395,-0.5266593,0.102990784,0.102990784,0.7200198,-1.0
8.086,0.0692,2.0915,0.2056,3.0,20.0,1.0,0.8063362,-0.5608195,0.104287945,0.104287945,0.7544833,-1.0,0.8063362,-0.5608195,0.104287945,0.104287945,0.7544833,-1.0
8.136,0.0737,2.1129,0.2088,3.0,20.0,1.0,0.8060312,-0.553933,0.10399648,0.10399648,0.7479018,-1.0,0.8060312,-0.553933,0.10399648,0.10399648,0.7479018,-1.0
8.185,0.0767,2.1273,0.2109,3.0,20.0,1.0,0.8056253,-0.5974281,0.10574087,0.10574087,0.79180276,-1.0,0.8056253,-0.5974281,0.10574087,0.10574087,0.79180276,-1.0
8.237,0.0812,2.1490,0.2139,3.0,20.0,1.0,0.8053151,-0.5885106,0.10544386,0.10544386,0.78319544,-1.0,0.8053151,-0.5885106,0.10544386,0.10544386,0.78319544,-1.0
8.286,0.0841,2.1637,0.2158,3.0,20.0,1.0,0.8047734,-0.62967443,0.10730251,0.10730251,0.82490104,-1.0,0.8047734,-0.62967443,0.10730251,0.10730251,0.82490104,-1.0
8.336,0.0886,2.1860,0.2182,3.0,20.0,1.0,0.80445296,-0.6225185,0.10711693,0.10711693,0.8180655,-1.0,0.80445296,-0.6225185,0.10711693,0.10711693,0.8180655,-1.0
8.386,0.0915,2.2010,0.2196,3.0,20.0,1.0,0.803717,-0.67315733,0.10971089,0.10971089,0.8694403,-1.0,0.803717,-0.67315733,0.10971089,0.10971089,0.8694403,-1.0
8.439,0.0959,2.2238,0.2213,0.0,0.0,0.0,0.0,0.0,0.0,0.0,0.0,0.0,0.0,0.0,0.0,0.0,0.0,0.0
8.486,0.0988,2.2392,0.2222,3.0,20.0,1.0,0.80242664,-0.7188488,0.11262355,0.11262355,0.9164222,-1.0,0.80242664,-0.7188488,0.11262355,0.11262355,0.9164222,-1.0
8.536,0.1031,2.2627,0.2231,3.0,20.0,1.0,0.8021252,-0.7048205,0.112038694,0.112038694,0.9026953,-1.0,0.8021252,-0.7048205,0.112038694,0.112038694,0.9026953,-1.0
8.586,0.1059,2.2786,0.2235,3.0,20.0,1.0,0.8008684,-0.7676339,0.116048716,0.116048716,0.9667655,-1.0,0.8008684,-0.7676339,0.116048716,0.116048716,0.9667655,-1.0
8.636,0.1101,2.3028,0.2236,3.0,20.0,1.0,0.8005576,-0.75436294,0.11543479,0.11543479,0.9538053,-1.0,0.8005576,-0.75436294,0.11543479,0.11543479,0.9538053,-1.0
8.686,0.1130,2.3191,0.2235,3.0,20.0,1.0,0.78646576,-0.8022487,0.11777899,0.11777899,1.0,-0.98421705,0.78646576,-0.8022487,0.11777899,0.11777899,1.0,-0.98421705
8.737,0.1171,2.3439,0.2230,3.0,20.0,1.0,0.79559773,-0.79956156,0.11856495,0.11856495,1.0,-0.9960361,0.79559773,-0.79956156,0.11856495,0.11856495,1.0,-0.9960361
8.786,0.1199,2.3607,0.2224,3.0,20.0,1.0,0.7399147,-0.811381,0.11544187,0.11544187,1.0,-0.9285337,0.7399147,-0.811381,0.11544187,0.11544187,1.0,-0.9285337
8.836,0.1239,2.3861,0.2214,3.0,20.0,1.0,0.75022244,-0.8084554,0.116235286,0.116235286,1.0,-0.9417671,0.75022244,-0.8084554,0.116235286,0.116235286,1.0,-0.9417671
8.886,0.1266,2.4032,0.2205,3.0,20.0,1.0,0.7025949,-0.8182904,0.11384584,0.11384584,1.0,-0.88430446,0.7025949,-0.8182904,0.11384584,0.11384584,1.0,-0.88430446
8.936,0.1305,2.4290,0.2189,3.0,20.0,1.0,0.71254665,-0.815495,0.11454007,0.11454007,1.0,-0.89705163,0.71254665,-0.815495,0.11454007,0.11454007,1.0,-0.89705163
8.988,0.1350,2.4592,0.2168,0.0,0.0,0.0,0.0,0.0,0.0,0.0,0.0,0.0,0.0,0.0,0.0,0.0,0.0,0.0
9.038,0.1368,2.4722,0.2158,3.0,20.0,1.0,0.6739805,-0.8226506,0.11296495,0.11296495,1.0,-0.85132986,0.6739805,-0.8226506,0.11296495,0.11296495,1.0,-0.85132986
9.086,0.1393,2.4895,0.2145,3.0,20.0,1.0,0.63219774,-0.8309516,0.11127948,0.11127948,1.0,-0.80124617,0.63219774,-0.8309516,0.11127948,0.11127948,1.0,-0.80124617
9.136,0.1429,2.5155,0.2125,3.0,20.0,1.0,0.64017314,-0.82870966,0.11172957,0.11172957,1.0,-0.8114635,0.64017314,-0.82870966,0.11172957,0.11172957,1.0,-0.8114635
9.186,0.1452,2.5327,0.2112,3.0,20.0,1.0,0.6023883,-0.8360601,0.11033494,0.11033494,1.0,-0.7663283,0.6023883,-0.8360601,0.11033494,0.11033494,1.0,-0.7663283
9.236,0.1486,2.5586,0.2093,3.0,20.0,1.0,0.61148673,-0.83364296,0.11074917,0.11074917,1.0,-0.7778438,0.61148673,-0.83364296,0.11074917,0.11074917,1.0,-0.7778438
9.286,0.1508,2.5757,0.2081,3.0,20.0,1.0,0.5711387,-0.8414525,0.10933078,0.10933078,1.0,-0.72968626,0.5711387,-0.8414525,0.10933078,0.10933078,1.0,-0.72968626
9.336,0.1540,2.6014,0.2065,3.0,20.0,1.0,0.5838053,-0.8383533,0.10980467,0.10980467,1.0,-0.74545205,0.5838053,-0.8383533,0.10980467,0.10980467,1.0,-0.74545205
9.386,0.1560,2.6185,0.2056,3.0,20.0,1.0,0.54490983,-0.84577966,0.10845694,0.10845694,1.0,-0.6991301,0.54490983,-0.84577966,0.10845694,0.10845694,1.0,-0.6991301
9.436,0.1590,2.6439,0.2044,3.0,20.0,1.0,0.5565716,-0.84295857,0.10884169,0.10884169,1.0,-0.713613,0.5565716,-0.84295857,0.10884169,0.10884169,1.0,-0.713613
9.486,0.1610,2.6609,0.2038,3.0,20.0,1.0,0.5233936,-0.84914476,0.10765459,0.10765459,1.0,-0.6742489,0.5233936,-0.84914476,0.10765459,0.10765459,1.0,-0.6742489
9.538,0.1657,2.7030,0.2031,0.0,0.0,0.0,0.0,0.0,0.0,0.0,0.0,0.0,0.0,0.0,0.0,0.0,0.0,0.0
9.588,0.1670,2.7156,0.2030,0.0,0.0,0.0,0.0,0.0,0.0,0.0,0.0,0.0,0.0,0.0,0.0,0.0,0.0,0.0
9.637,0.1683,2.7282,0.2030,3.0,20.0,1.0,0.5085909,-0.8508074,0.10694158,0.10694158,1.0,-0.65778345,0.5085909,-0.8508074,0.10694158,0.10694158,1.0,-0.65778345
9.686,0.1700,2.7449,0.2032,3.0,20.0,1.0,0.4822535,-0.85552275,0.105858184,0.105858184,1.0,-0.62673074,0.4822535,-0.85552275,0.105858184,0.105858184,1.0,-0.62673074
9.735,0.1725,2.7700,0.2037,3.0,20.0,1.0,0.48698446,-0.8542385,0.105975725,0.105975725,1.0,-0.6327459,0.48698446,-0.8542385,0.105975725,0.105975725,1.0,-0.6327459
9.786,0.1741,2.7867,0.2042,3.0,20.0,1.0,0.46355006,-0.8583837,0.10495784,0.10495784,1.0,-0.6051664,0.46355006,-0.8583837,0.10495784,0.10495784,1.0,-0.6051664
9.836,0.1765,2.8118,0.2051,3.0,20.0,1.0,0.46773466,-0.85728294,0.10508814,0.10508814,1.0,-0.6104517,0.46773466,-0.85728294,0.10508814,0.10508814,1.0,-0.6104517
9.886,0.1781,2.8284,0.2059,3.0,20.0,1.0,0.44578466,-0.86111814,0.1040995,0.1040995,1.0,-0.5846665,0.44578466,-0.86111814,0.1040995,0.1040995,1.0,-0.5846665
9.936,0.1804,2.8534,0.2070,3.0,20.0,1.0,0.4506378,-0.85991716,0.10428566,0.10428566,1.0,-0.5907206,0.4506378,-0.85991716,0.10428566,0.10428566,1.0,-0.5907206
9.986,0.1819,2.8701,0.2079,3.0,20.0,1.0,0.42767283,-0.86391634,0.10324825,0.10324825,1.0,-0.5637565,0.42767283,-0.86391634,0.10324825,0.10324825,1.0,-0.5637565
10.036,0.1841,2.8950,0.2091,3.0,20.0,1.0,0.43329644,-0.86259514,0.10349459,0.10349459,1.0,-0.5707013,0.43329644,-0.86259514,0.10349459,0.10349459,1.0,-0.5707013
10.086,0.1855,2.9116,0.2099,3.0,20.0,1.0,0.4122005,-0.8662105,0.10257163,0.10257163,1.0,-0.54599,0.4122005,-0.8662105,0.10257163,0.10257163,1.0,-0.54599
10.136,0.1877,2.9364,0.2111,3.0,20.0,1.0,0.41722468,-0.8650285,0.10280965,0.10280965,1.0,-0.5521962,0.41722468,-0.8650285,0.10280965,0.10280965,1.0,-0.5521962
10.186,0.1892,2.9530,0.2118,3.0,20.0,1.0,0.3969868,-0.86845714,0.101987556,0.101987556,1.0,-0.5285297,0.3969868,-0.86845714,0.101987556,0.101987556,1.0,-0.5285297
10.236,0.1913,2.9777,0.2128,3.0,20.0,1.0,0.40187845,-0.867323,0.10222668,0.10222668,1.0,-0.53455544,0.40187845,-0.867323,0.10222668,0.10222668,1.0,-0.53455544
10.286,0.1927,2.9942,0.2134,3.0,20.0,1.0,0.38246334,-0.87057555,0.101525985,0.101525985,1.0,-0.5118878,0.38246334,-0.87057555,0.101525985,0.101525985,1.0,-0.5118878
10.336,0.1949,3.0189,0.2141,3.0,20.0,1.0,0.38725194,-0.86948127,0.101755075,0.101755075,1.0,-0.51777065,0.38725194,-0.86948127,0.101755075,0.101755075,1.0,-0.51777065
10.387,0.1963,3.0353,0.2145,3.0,20.0,1.0,0.36842054,-0.87260514,0.10117865,0.10117865,1.0,-0.4958154,0.36842054,-0.87260514,0.10117865,0.10117865,1.0,-0.4958154
10.436,0.1984,3.0599,0.2149,3.0,20.0,1.0,0.3731902,-0.871533,0.10138977,0.10138977,1.0,-0.5016572,0.3731902,-0.871533,0.10138977,0.10138977,1.0,-0.5016572
10.486,0.1998,3.0763,0.2150,3.0,20.0,1.0,0.35456035,-0.87460005,0.100929946,0.100929946,1.0,-0.47996032,0.35456035,-0.87460005,0.100929946,0.100929946,1.0,-0.47996032
10.536,0.2019,3.1008,0.2151,3.0,20.0,1.0,0.35968477,-0.87348,0.10112433,0.10112433,1.0,-0.48620474,0.35968477,-0.87348,0.10112433,0.10112433,1.0,-0.48620474
10.586,0.2033,3.1171,0.2150,3.0,20.0,1.0,0.34086895,-0.8765607,0.100771576,0.100771576,1.0,-0.4643083,0.34086895,-0.8765607,0.100771576,0.100771576,1.0,-0.4643083
10.638,0.2053,3.1415,0.2148,0.0,0.0,0.0,0.0,0.0,0.0,0.0,0.0,0.0,0.0,0.0,0.0,0.0,0.0,0.0
10.686,0.2067,3.1578,0.2146,3.0,20.0,1.0,0.328115,-0.8783497,0.10070244,0.10070244,1.0,-0.44976524,0.328115,-0.8783497,0.10070244,0.10070244,1.0,-0.44976524
10.736,0.2088,3.1822,0.2141,3.0,20.0,1.0,0.3333102,-0.8772445,0.100828536,0.100828536,1.0,-0.45606568,0.3333102,-0.8772445,0.100828536,0.100828536,1.0,-0.45606568
10.786,0.2101,3.1985,0.2138,3.0,20.0,1.0,0.3154511,-0.88011837,0.10068598,0.10068598,1.0,-0.43533272,0.3154511,-0.88011837,0.10068598,0.10068598,1.0,-0.43533272
10.836,0.2121,3.2228,0.2131,3.0,20.0,1.0,0.31991124,-0.87915397,0.10076955,0.10076955,1.0,-0.44075727,0.31991124,-0.87915397,0.10076955,0.10076955,1.0,-0.44075727
10.888,0.2134,3.2390,0.2127,3.0,20.0,1.0,0.30435666,-0.8816083,0.100711346,0.100711346,1.0,-0.42274836,0.30435666,-0.8816083,0.100711346,0.100711346,1.0,-0.42274836
10.936,0.2154,3.2634,0.2120,3.0,20.0,1.0,0.3072033,-0.88093513,0.1007557,0.1007557,1.0,-0.42626816,0.3072033,-0.88093513,0.1007557,0.1007557,1.0,-0.42626816
10.986,0.2167,3.2796,0.2115,3.0,20.0,1.0,0.29282683,-0.88317126,0.10074194,0.10074194,1.0,-0.40965554,0.29282683,-0.88317126,0.10074194,0.10074194,1.0,-0.40965554
11.037,0.2187,3.3039,0.2107,3.0,20.0,1.0,0.2950986,-0.88260484,0.10076312,0.10076312,1.0,-0.41249377,0.2950986,-0.88260484,0.10076312,0.10076312,1.0,-0.41249377
11.086,0.2200,3.3201,0.2102,3.0,20.0,1.0,0.28111285,-0.88476133,0.10076906,0.10076906,1.0,-0.39635152,0.28111285,-0.88476133,0.10076906,0.10076906,1.0,-0.39635152
11.136,0.2219,3.3444,0.2096,3.0,20.0,1.0,0.28393963,-0.884106,0.10077278,0.10077278,1.0,-0.39983368,0.28393963,-0.884106,0.10077278,0.10077278,1.0,-0.39983368
11.186,0.2232,3.3605,0.2092,3.0,20.0,1.0,0.268247,-0.8865422,0.100783184,0.100783184,1.0,-0.3817048,0.268247,-0.8865422,0.100783184,0.100783184,1.0,-0.3817048
11.236,0.2251,3.3848,0.2086,3.0,20.0,1.0,0.27287987,-0.88558525,0.10077216,0.10077216,1.0,-0.3872946,0.27287987,-0.88558525,0.10077216,0.10077216,1.0,-0.3872946
11.286,0.2264,3.4010,0.2083,3.0,20.0,1.0,0.2562113,-0.888173,0.100773446,0.100773446,1.0,-0.36803836,0.2562113,-0.888173,0.100773446,0.100773446,1.0,-0.36803836
11.336,0.2284,3.4253,0.2077,3.0,20.0,1.0,0.26039842,-0.88729924,0.10075596,0.10075596,1.0,-0.37309915,0.26039842,-0.88729924,0.10075596,0.10075596,1.0,-0.37309915
11.386,0.2298,3.4412,0.2070,3.0,20.0,1.0,0.25176117,-0.88845134,0.10096749,0.10096749,1.0,-0.3633098,0.25176117,-0.88845134,0.10096749,0.10096749,1.0,-0.3633098
11.436,0.2319,3.4652,0.2060,3.0,20.0,1.0,0.2627765,-0.88634384,0.10134772,0.10134772,1.0,-0.37643266,0.2627765,-0.88634384,0.10134772,0.10134772,1.0,-0.37643266
11.486,0.2333,3.4811,0.2055,3.0,20.0,1.0,0.2547209,-0.887473,0.10159534,0.10159534,1.0,-0.36724788,0.2547209,-0.887473,0.10159534,0.10159534,1.0,-0.36724788
11.536,0.2353,3.5051,0.2049,3.0,20.0,1.0,0.25391248,-0.8875896,0.101447485,0.101447485,1.0,-0.3663229,0.25391248,-0.8875896,0.101447485,0.101447485,1.0,-0.3663229
11.586,0.2367,3.5211,0.2046,3.0,20.0,1.0,0.24486674,-0.8888729,0.101573125,0.101573125,1.0,-0.35599384,0.24486674,-0.8888729,0.101573125,0.101573125,1.0,-0.35599384
11.637,0.2388,3.5452,0.2044,3.0,20.0,1.0,0.24546409,-0.8887142,0.10145398,0.10145398,1.0,-0.3567499,0.24546409,-0.8887142,0.10145398,0.10145398,1.0,-0.3567499
11.686,0.2402,3.5612,0.2044,3.0,20.0,1.0,0.23477577,-0.8902607,0.10148203,0.10148203,1.0,-0.3445151,0.23477577,-0.8902607,0.10148203,0.10148203,1.0,-0.3445151
11.736,0.2423,3.5853,0.2046,3.0,20.0,1.0,0.23668142,-0.88986266,0.10138979,0.10138979,1.0,-0.34681875,0.23668142,-0.88986266,0.10138979,0.10138979,1.0,-0.34681875
11.786,0.2437,3.6014,0.2049,3.0,20.0,1.0,0.2243013,-0.8916792,0.1013223,0.1013223,1.0,-0.33262208,0.2243013,-0.8916792,0.1013223,0.1013223,1.0,-0.33262208
11.839,0.2458,3.6256,0.2054,0.0,0.0,0.0,0.0,0.0,0.0,0.0,0.0,0.0,0.0,0.0,0.0,0.0,0.0,0.0
11.887,0.2472,3.6417,0.2059,3.0,20.0,1.0,0.2151864,-0.892856,0.101126045,0.101126045,1.0,-0.32233036,0.2151864,-0.892856,0.101126045,0.101126045,1.0,-0.32233036
11.936,0.2493,3.6658,0.2067,3.0,20.0,1.0,0.21795987,-0.89228815,0.10110668,0.10110668,1.0,-0.32567173,0.21795987,-0.89228815,0.10110668,0.10110668,1.0,-0.32567173
11.986,0.2508,3.6819,0.2073,3.0,20.0,1.0,0.20562114,-0.89408726,0.100918464,0.100918464,1.0,-0.31153387,0.20562114,-0.89408726,0.100918464,0.100918464,1.0,-0.31153387
12.036,0.2530,3.7061,0.2082,3.0,20.0,1.0,0.20818564,-0.89354825,0.10092438,0.10092438,1.0,-0.31463742,0.20818564,-0.89354825,0.10092438,0.10092438,1.0,-0.31463742
12.086,0.2545,3.7221,0.2089,3.0,20.0,1.0,0.19735128,-0.8950974,0.100743875,0.100743875,1.0,-0.3022539,0.19735128,-0.8950974,0.100743875,0.100743875,1.0,-0.3022539
12.137,0.2568,3.7463,0.2099,3.0,20.0,1.0,0.20017791,-0.8945159,0.10077618,0.10077618,1.0,-0.30566207,0.20017791,-0.8945159,0.10077618,0.10077618,1.0,-0.30566207
12.187,0.2583,3.7623,0.2105,3.0,20.0,1.0,0.18637747,-0.89653116,0.100565895,0.100565895,1.0,-0.2898463,0.18637747,-0.89653116,0.100565895,0.100565895,1.0,-0.2898463
12.238,0.2623,3.8025,0.2120,0.0,0.0,0.0,0.0,0.0,0.0,0.0,0.0,0.0,0.0,0.0,0.0,0.0,0.0,0.0
12.288,0.2635,3.8145,0.2124,0.0,0.0,0.0,0.0,0.0,0.0,0.0,0.0,0.0,0.0,0.0,0.0,0.0,0.0,0.0
12.338,0.2647,3.8265,0.2128,0.0,0.0,0.0,0.0,0.0,0.0,0.0,0.0,0.0,0.0,0.0,0.0,0.0,0.0,0.0
12.388,0.2676,3.8546,0.2136,0.0,0.0,0.0,0.0,0.0,0.0,0.0,0.0,0.0,0.0,0.0,0.0,0.0,0.0,0.0
12.437,0.2689,3.8666,0.2138,3.0,20.0,1.0,0.17319112,-0.8978602,0.100519076,0.100519076,1.0,-0.2753309,0.17319112,-0.8978602,0.100519076,0.100519076,1.0,-0.2753309
12.486,0.2706,3.8827,0.2141,3.0,20.0,1.0,0.16188213,-0.8994523,0.10051107,0.10051107,1.0,-0.2624298,0.16188213,-0.8994523,0.10051107,0.10051107,1.0,-0.2624298
12.536,0.2732,3.9067,0.2145,3.0,20.0,1.0,0.16436239,-0.89893925,0.10055395,0.10055395,1.0,-0.26542315,0.16436239,-0.89893925,0.10055395,0.10055395,1.0,-0.26542315
12.587,0.2749,3.9227,0.2146,3.0,20.0,1.0,0.15439187,-0.90031445,0.10062049,0.10062049,1.0,-0.25407743,0.15439187,-0.90031445,0.10062049,0.10062049,1.0,-0.25407743
12.636,0.2776,3.9468,0.2147,3.0,20.0,1.0,0.15637188,-0.899884,0.10065074,0.10065074,1.0,-0.2564879,0.15637188,-0.899884,0.10065074,0.10065074,1.0,-0.2564879
12.686,0.2794,3.9629,0.2147,3.0,20.0,1.0,0.1454594,-0.9013993,0.10079742,0.10079742,1.0,-0.2440601,0.1454594,-0.9013993,0.10079742,0.10079742,1.0,-0.2440601
12.736,0.2822,3.9870,0.2146,3.0,20.0,1.0,0.14772488,-0.9009278,0.100811206,0.100811206,1.0,-0.2467971,0.14772488,-0.9009278,0.100811206,0.100811206,1.0,-0.2467971
12.787,0.2841,4.0030,0.2144,3.0,20.0,1.0,0.13796127,-0.9022589,0.10101161,0.10101161,1.0,-0.23570241,0.13796127,-0.9022589,0.10101161,0.10101161,1.0,-0.23570241
12.836,0.2869,4.0272,0.2140,3.0,20.0,1.0,0.13939461,-0.9019188,0.101021424,0.101021424,1.0,-0.23747578,0.13939461,-0.9019188,0.101021424,0.101021424,1.0,-0.23747578
12.886,0.2888,4.0433,0.2137,3.0,20.0,1.0,0.12977783,-0.90322167,0.10127506,0.10127506,1.0,-0.22655618,0.12977783,-0.90322167,0.10127506,0.10127506,1.0,-0.22655618
12.936,0.2917,4.0675,0.2132,3.0,20.0,1.0,0.13172303,-0.9028051,0.101255774,0.101255774,1.0,-0.22891794,0.13172303,-0.9028051,0.101255774,0.101255774,1.0,-0.22891794
12.986,0.2937,4.0836,0.2129,3.0,20.0,1.0,0.12103201,-0.90426683,0.1015836,0.1015836,1.0,-0.21676517,0.12103201,-0.90426683,0.1015836,0.1015836,1.0,-0.21676517
13.036,0.2967,4.1079,0.2122,3.0,20.0,1.0,0.12351036,-0.9037707,0.101530686,0.101530686,1.0,-0.21973966,0.12351036,-0.9037707,0.101530686,0.101530686,1.0,-0.21973966
13.087,0.2987,4.1241,0.2118,3.0,20.0,1.0,0.11306381,-0.90518874,0.10188535,0.10188535,1.0,-0.20787509,0.11306381,-0.90518874,0.10188535,0.10188535,1.0,-0.20787509
13.137,0.3018,4.1484,0.2112,3.0,20.0,1.0,0.1155018,-0.904701,0.1018148,0.1018148,1.0,-0.21080081,0.1155018,-0.904701,0.1018148,0.1018148,1.0,-0.21080081
13.186,0.3039,4.1646,0.2107,3.0,20.0,1.0,0.104894824,-0.9061372,0.10219265,0.10219265,1.0,-0.19875759,0.104894824,-0.9061372,0.10219265,0.10219265,1.0,-0.19875759
13.236,0.3070,4.1890,0.2101,3.0,20.0,1.0,0.107437365,-0.9056355,0.10210354,0.10210354,1.0,-0.20180188,0.107437365,-0.9056355,0.10210354,0.10210354,1.0,-0.20180188
13.287,0.3092,4.2053,0.2097,3.0,20.0,1.0,0.09698817,-0.9070412,0.102479026,0.102479026,1.0,-0.18994696,0.09698817,-0.9070412,0.102479026,0.102479026,1.0,-0.18994696
13.338,0.3124,4.2297,0.2092,3.0,20.0,1.0,0.09963852,-0.90652525,0.10237546,0.10237546,1.0,-0.1931133,0.09963852,-0.90652525,0.10237546,0.10237546,1.0,-0.1931133
13.386,0.3146,4.2460,0.2088,3.0,20.0,1.0,0.08879999,-0.9079824,0.10275604,0.10275604,1.0,-0.18081756,0.08879999,-0.9079824,0.10275604,0.10275604,1.0,-0.18081756
13.436,0.3180,4.2705,0.2084,3.0,20.0,1.0,0.09163005,-0.90744215,0.10263961,0.10263961,1.0,-0.18418792,0.09163005,-0.90744215,0.10263961,0.10263961,1.0,-0.18418792
13.486,0.3202,4.2868,0.2082,3.0,20.0,1.0,0.08137077,-0.90880525,0.10297982,0.10297982,1.0,-0.1725655,0.08137077,-0.90880525,0.10297982,0.10297982,1.0,-0.1725655
13.536,0.3237,4.3114,0.2079,3.0,20.0,1.0,0.08352283,-0.90836936,0.10288528,0.10288528,1.0,-0.17515348,0.08352283,-0.90836936,0.10288528,0.10288528,1.0,-0.17515348
13.587,0.3260,4.3277,0.2078,3.0,20.0,1.0,0.07432725,-0.9095671,0.10316452,0.10316452,1.0,-0.16476016,0.07432725,-0.9095671,0.10316452,0.10316452,1.0,-0.16476016
13.628,0.3296,4.3523,0.2077,3.0,20.0,1.0,0.07629599,-0.90916157,0.1030782,0.1030782,1.0,-0.1671344,0.07629599,-0.90916157,0.1030782,0.1030782,1.0,-0.1671344
13.678,0.3320,4.3687,0.2077,3.0,20.0,1.0,0.0661691,-0.9104903,0.10336046,0.10336046,1.0,-0.15567882,0.0661691,-0.9104903,0.10336046,0.10336046,1.0,-0.15567882
13.728,0.3357,4.3932,0.2078,3.0,20.0,1.0,0.06839302,-0.9100502,0.10327052,0.10327052,1.0,-0.1583428,0.06839302,-0.9100502,0.10327052,0.10327052,1.0,-0.1583428
13.779,0.3381,4.4096,0.2079,3.0,20.0,1.0,0.0595898,-0.9111768,0.10349026,0.10349026,1.0,-0.14841297,0.0595898,-0.9111768,0.10349026,0.10349026,1.0,-0.14841297
13.829,0.3419,4.4341,0.2082,3.0,20.0,1.0,0.06116297,-0.91083616,0.10342599,0.10342599,1.0,-0.1503268,0.06116297,-0.91083616,0.10342599,0.10342599,1.0,-0.1503268
13.887,0.3445,4.4505,0.2084,3.0,20.0,1.0,0.05249471,-0.9119366,0.103625104,0.103625104,1.0,-0.14055814,0.05249471,-0.9119366,0.103625104,0.103625104,1.0,-0.14055814
13.931,0.3484,4.4750,0.2087,3.0,20.0,1.0,0.053876046,-0.9116275,0.10357293,0.10357293,1.0,-0.14224859,0.053876046,-0.9116275,0.10357293,0.10357293,1.0,-0.14224859
13.981,0.3511,4.4913,0.2090,3.0,20.0,1.0,0.045479443,-0.91268194,0.103756316,0.103756316,1.0,-0.1327975,0.045479443,-0.91268194,0.103756316,0.103756316,1.0,-0.1327975
14.031,0.3551,4.5158,0.2094,3.0,20.0,1.0,0.047425453,-0.9122952,0.10369873,0.10369873,1.0,-0.13513021,0.047425453,-0.9122952,0.10369873,0.10369873,1.0,-0.13513021
14.081,0.3579,4.5321,0.2097,3.0,20.0,1.0,0.037963483,-0.9134959,0.10390796,0.10390796,1.0,-0.1244676,0.037963483,-0.9134959,0.10390796,0.10390796,1.0,-0.1244676
14.131,0.3620,4.5566,0.2102,3.0,20.0,1.0,0.04011297,-0.9130843,0.103852816,0.103852816,1.0,-0.12702861,0.04011297,-0.9130843,0.103852816,0.103852816,1.0,-0.12702861
14.181,0.3649,4.5729,0.2105,3.0,20.0,1.0,0.03204267,-0.9140792,0.10404082,0.10404082,1.0,-0.11796346,0.03204267,-0.9140792,0.10404082,0.10404082,1.0,-0.11796346
14.231,0.3692,4.5973,0.2109,3.0,20.0,1.0,0.03344161,-0.91377884,0.10400905,0.10400905,1.0,-0.119662754,0.03344161,-0.91377884,0.10400905,0.10400905,1.0,-0.119662754
14.281,0.3721,4.6135,0.2112,3.0,20.0,1.0,0.025611024,-0.9147335,0.104212075,0.104212075,1.0,-0.11087751,0.025611024,-0.9147335,0.104212075,0.104212075,1.0,-0.11087751
14.331,0.3765,4.6379,0.2116,3.0,20.0,1.0,0.026929285,-0.9144487,0.10418576,0.10418576,1.0,-0.112480626,0.026929285,-0.9144487,0.10418576,0.10418576,1.0,-0.112480626
14.383,0.3796,4.6542,0.2118,3.0,20.0,1.0,0.019105548,-0.91539633,0.10441778,0.10441778,1.0,-0.10370919,0.019105548,-0.91539633,0.10441778,0.10441778,1.0,-0.10370919
14.431,0.3841,4.6785,0.2121,3.0,20.0,1.0,0.021288095,-0.9149952,0.1043657,0.1043657,1.0,-0.10629288,0.021288095,-0.9149952,0.1043657,0.1043657,1.0,-0.10629288
14.481,0.3872,4.6947,0.2123,3.0,20.0,1.0,0.011480435,-0.9162117,0.10469823,0.10469823,1.0,-0.09526869,0.011480435,-0.9162117,0.10469823,0.10469823,1.0,-0.09526869
14.531,0.3920,4.7191,0.2125,3.0,20.0,1.0,0.014385043,-0.915715,0.10461781,0.10461781,1.0,-0.09867004,0.014385043,-0.915715,0.10461781,0.10461781,1.0,-0.09867004
14.581,0.3952,4.7353,0.2126,3.0,20.0,1.0,0.006306207,-0.9166857,0.104935646,0.104935646,1.0,-0.089620486,0.006306207,-0.9166857,0.104935646,0.104935646,1.0,-0.089620486
14.631,0.4000,4.7596,0.2126,3.0,20.0,1.0,0.007956305,-0.91636616,0.10489161,0.10489161,1.0,-0.09159014,0.007956305,-0.91636616,0.10489161,0.10489161,1.0,-0.09159014
14.681,0.4033,4.7758,0.2127,3.0,20.0,1.0,0.0005484177,-0.91723967,0.10522382,0.10522382,1.0,-0.08330877,0.0005484177,-0.91723967,0.10522382,0.10522382,1.0,-0.08330877
14.731,0.4083,4.8001,0.2126,3.0,20.0,1.0,0.0018880183,-0.9169658,0.10518478,0.10518478,1.0,-0.08492225,0.0018880183,-0.9169658,0.10518478,0.10518478,1.0,-0.08492225
14.781,0.4117,4.8163,0.2126,3.0,20.0,1.0,-0.0055313064,-0.9178358,0.105555765,0.105555765,1.0,-0.07663292,-0.0055313064,-0.9178358,0.105555765,0.105555765,1.0,-0.07663292
14.831,0.4168,4.8406,0.2124,3.0,20.0,1.0,-0.003982685,-0.9175366,0.105497375,0.105497375,1.0,-0.0784807,-0.003982685,-0.9175366,0.105497375,0.105497375,1.0,-0.0784807
14.882,0.4203,4.8568,0.2123,3.0,20.0,1.0,-0.012074293,-0.91849256,0.105938055,0.105938055,1.0,-0.06943318,-0.012074293,-0.91849256,0.105938055,0.105938055,1.0,-0.06943318
14.931,0.4256,4.8811,0.2121,3.0,20.0,1.0,-0.009937242,-0.91811687,0.10583756,0.10583756,1.0,-0.07194591,-0.009937242,-0.91811687,0.10583756,0.10583756,1.0,-0.07194591
14.982,0.4292,4.8973,0.2119,3.0,20.0,1.0,-0.018091189,-0.9190761,0.10631328,0.10631328,1.0,-0.06283274,-0.018091189,-0.9190761,0.10631328,0.10631328,1.0,-0.06283274
15.031,0.4346,4.9216,0.2116,3.0,20.0,1.0,-0.015999105,-0.91870886,0.10620283,0.10620283,1.0,-0.065292045,-0.015999105,-0.91870886,0.10620283,0.10620283,1.0,-0.065292045
15.081,0.4383,4.9379,0.2114,3.0,20.0,1.0,-0.024171866,-0.9196656,0.10670414,0.10670414,1.0,-0.05616254,-0.024171866,-0.9196656,0.10670414,0.10670414,1.0,-0.05616254
15.131,0.4438,4.9622,0.2111,3.0,20.0,1.0,-0.02207871,-0.9193006,0.106582,0.106582,1.0,-0.058620658,-0.02207871,-0.9193006,0.106582,0.106582,1.0,-0.058620658
15.181,0.4476,4.9784,0.2109,3.0,20.0,1.0,-0.029936897,-0.92021114,0.10707896,0.10707896,1.0,-0.04985195,-0.029936897,-0.92021114,0.10707896,0.10707896,1.0,-0.04985195
15.231,0.4533,5.0028,0.2106,3.0,20.0,1.0,-0.02829254,-0.9199075,0.10697562,0.10697562,1.0,-0.051799934,-0.02829254,-0.9199075,0.10697562,0.10697562,1.0,-0.051799934
15.281,0.4571,5.0190,0.2104,3.0,20.0,1.0,-0.035502493,-0.9207285,0.10743706,0.10743706,1.0,-0.04376901,-0.035502493,-0.9207285,0.10743706,0.10743706,1.0,-0.04376901
15.331,0.4630,5.0433,0.2101,3.0,20.0,1.0,-0.034246895,-0.92047757,0.107351884,0.107351884,1.0,-0.045275535,-0.034246895,-0.92047757,0.107351884,0.107351884,1.0,-0.045275535
15.381,0.4669,5.0596,0.2099,3.0,20.0,1.0,-0.04143906,-0.9212925,0.107810654,0.107810654,1.0,-0.037268445,-0.04143906,-0.9212925,0.107810654,0.107810654,1.0,-0.037268445
15.431,0.4729,5.0839,0.2097,3.0,20.0,1.0,-0.04003829,-0.9210237,0.10771148,0.10771148,1.0,-0.038938,-0.04003829,-0.9210237,0.10771148,0.10771148,1.0,-0.038938
15.481,0.4770,5.1001,0.2096,3.0,20.0,1.0,-0.04758031,-0.92188054,0.10818593,0.10818593,1.0,-0.03053913,-0.04758031,-0.92188054,0.10818593,0.10818593,1.0,-0.03053913
15.530,0.4831,5.1245,0.2094,3.0,20.0,1.0,-0.045754153,-0.9215576,0.10805686,0.10805686,1.0,-0.032688215,-0.045754153,-0.9215576,0.10805686,0.10805686,1.0,-0.032688215
15.582,0.4872,5.1407,0.2094,3.0,20.0,1.0,-0.053972907,-0.9224985,0.10856316,0.10856316,1.0,-0.023528548,-0.053972907,-0.9224985,0.10856316,0.10856316,1.0,-0.023528548
15.631,0.4935,5.1650,0.2093,3.0,20.0,1.0,-0.052096914,-0.92217034,0.10843077,0.10843077,1.0,-0.025732726,-0.052096914,-0.92217034,0.10843077,0.10843077,1.0,-0.025732726
15.681,0.4977,5.1812,0.2093,3.0,20.0,1.0,-0.05907453,-0.9229466,0.108846135,0.108846135,1.0,-0.01797889,-0.05907453,-0.9229466,0.108846135,0.108846135,1.0,-0.01797889
15.731,0.5041,5.2055,0.2093,3.0,20.0,1.0,-0.057516392,-0.922661,0.10873586,0.10873586,1.0,-0.01982259,-0.057516392,-0.922661,0.10873586,0.10873586,1.0,-0.01982259
15.781,0.5084,5.2217,0.2093,3.0,20.0,1.0,-0.0657497,-0.92359537,0.1092154,0.1092154,1.0,-0.010654933,-0.0657497,-0.92359537,0.1092154,0.1092154,1.0,-0.010654933
15.831,0.5149,5.2460,0.2094,3.0,20.0,1.0,-0.06386773,-0.9232693,0.10908828,0.10908828,1.0,-0.012862995,-0.06386773,-0.9232693,0.10908828,0.10908828,1.0,-0.012862995
15.876,0.5193,5.2621,0.2095,3.0,20.0,1.0,-0.07079577,-0.9240322,0.10947954,0.10947954,1.0,-0.005172005,-0.07079577,-0.9240322,0.10947954,0.10947954,1.0,-0.005172005
15.931,0.5260,5.2863,0.2097,3.0,20.0,1.0,-0.068984605,-0.9237169,0.10936136,0.10936136,1.0,-0.007298503,-0.068984605,-0.9237169,0.10936136,0.10936136,1.0,-0.007298503
15.981,0.5305,5.3025,0.2098,3.0,20.0,1.0,-0.077976994,-0.9247401,0.1098659,0.1098659,1.0,0.0027170915,-0.077976994,-0.9247401,0.1098659,0.1098659,1.0,0.0027170915
16.031,0.5373,5.3266,0.2100,3.0,20.0,1.0,-0.075273916,-0.92431235,0.109700456,0.109700456,1.0,-0.0004137483,-0.075273916,-0.92431235,0.109700456,0.109700456,1.0,-0.0004137483
16.081,0.5419,5.3427,0.2101,3.0,20.0,1.0,-0.08296007,-0.9251653,0.11012814,0.11012814,1.0,0.008125358,-0.08296007,-0.9251653,0.11012814,0.11012814,1.0,0.008125358
16.131,0.5488,5.3669,0.2104,3.0,20.0,1.0,-0.08105121,-0.9248402,0.11001235,0.11001235,1.0,0.005891405,-0.08105121,-0.9248402,0.11001235,0.11001235,1.0,0.005891405
16.181,0.5570,5.3950,0.2106,3.0,20.0,1.0,-0.08891675,-0.92571247,0.11045467,0.11045467,1.0,0.014629195,-0.08891675,-0.92571247,0.11045467,0.11045467,1.0,0.014629195
16.231,0.5606,5.4070,0.2107,3.0,20.0,1.0,-0.094299145,-0.92624736,0.11076061,0.11076061,1.0,0.020546524,-0.094299145,-0.92624736,0.11076061,0.11076061,1.0,0.020546524
16.282,0.5654,5.4231,0.2109,3.0,20.0,1.0,-0.08889454,-0.92550385,0.11044669,0.11044669,1.0,0.0143984,-0.08889454,-0.92550385,0.11044669,0.11044669,1.0,0.0143984
16.331,0.5726,5.4471,0.2111,3.0,20.0,1.0,-0.09295916,-0.9259339,0.110683195,0.110683195,1.0,0.01889305,-0.09295916,-0.9259339,0.110683195,0.110683195,1.0,0.01889305
16.381,0.5774,5.4631,0.2112,3.0,20.0,1.0,-0.10012692,-0.92671204,0.11110996,0.11110996,1.0,0.026838945,-0.10012692,-0.92671204,0.11110996,0.11110996,1.0,0.026838945
16.431,0.5848,5.4871,0.2114,3.0,20.0,1.0,-0.09846627,-0.9264217,0.11101274,0.11101274,1.0,0.024887998,-0.09846627,-0.9264217,0.11101274,0.11101274,1.0,0.024887998
16.482,0.5897,5.5031,0.2115,3.0,20.0,1.0,-0.1065441,-0.92731094,0.111514665,0.111514665,1.0,0.03385505,-0.1065441,-0.92731094,0.111514665,0.111514665,1.0,0.03385505
16.531,0.5972,5.5270,0.2116,3.0,20.0,1.0,-0.10471515,-0.9270004,0.11140584,0.11140584,1.0,0.031715553,-0.10471515,-0.9270004,0.11140584,0.11140584,1.0,0.031715553
16.581,0.6022,5.5429,0.2117,3.0,20.0,1.0,-0.111698985,-0.92775023,0.1118606,0.1118606,1.0,0.039449196,-0.111698985,-0.92775023,0.1118606,0.1118606,1.0,0.039449196
16.631,0.6098,5.5669,0.2117,3.0,20.0,1.0,-0.110183574,-0.92747974,0.111767896,0.111767896,1.0,0.037663337,-0.110183574,-0.92747974,0.111767896,0.111767896,1.0,0.037663337
16.681,0.6150,5.5828,0.2117,3.0,20.0,1.0,-0.11819919,-0.92835605,0.11231373,0.11231373,1.0,0.046555236,-0.11819919,-0.92835605,0.11231373,0.11231373,1.0,0.046555236
16.731,0.6227,5.6067,0.2117,3.0,20.0,1.0,-0.11626917,-0.9280344,0.112188995,0.112188995,1.0,0.0443036,-0.11626917,-0.9280344,0.112188995,0.112188995,1.0,0.0443036
16.781,0.6279,5.6226,0.2117,3.0,20.0,1.0,-0.12386282,-0.928856,0.11272919,0.11272919,1.0,0.052718833,-0.12386282,-0.928856,0.11272919,0.11272919,1.0,0.052718833
16.831,0.6358,5.6464,0.2117,3.0,20.0,1.0,-0.12241102,-0.92859423,0.11263256,0.11263256,1.0,0.051005237,-0.12241102,-0.92859423,0.11263256,0.11263256,1.0,0.051005237
16.881,0.6451,5.6742,0.2116,3.0,20.0,1.0,-0.12941583,-0.9293409,0.113150306,0.113150306,1.0,0.058756735,-0.12941583,-0.9293409,0.113150306,0.113150306,1.0,0.058756735
16.931,0.6491,5.6861,0.2115,3.0,20.0,1.0,-0.13536818,-0.9299355,0.113606006,0.113606006,1.0,0.065303676,-0.13536818,-0.9299355,0.113606006,0.113606006,1.0,0.065303676
16.981,0.6544,5.7020,0.2114,3.0,20.0,1.0,-0.13017549,-0.9292308,0.113216415,0.113216415,1.0,0.05940628,-0.13017549,-0.9292308,0.113216415,0.113216415,1.0,0.05940628
17.031,0.6626,5.7258,0.2113,3.0,20.0,1.0,-0.13394588,-0.92961586,0.11350608,0.11350608,1.0,0.063561715,-0.13394588,-0.92961586,0.11350608,0.11350608,1.0,0.063561715
17.081,0.6680,5.7417,0.2112,3.0,20.0,1.0,-0.14219788,-0.9305142,0.11414971,0.11414971,1.0,0.07271209,-0.14219788,-0.9305142,0.11414971,0.11414971,1.0,0.07271209
17.131,0.6763,5.7655,0.2110,3.0,20.0,1.0,-0.14014004,-0.93017745,0.11398868,0.11398868,1.0,0.07031748,-0.14014004,-0.93017745,0.11398868,0.11398868,1.0,0.07031748
17.182,0.6818,5.7813,0.2109,3.0,20.0,1.0,-0.1480177,-0.9310278,0.114613295,0.114613295,1.0,0.079045564,-0.1480177,-0.9310278,0.114613295,0.114613295,1.0,0.079045564
17.231,0.6902,5.8051,0.2108,3.0,20.0,1.0,-0.1458984,-0.9306831,0.11444172,0.11444172,1.0,0.07658148,-0.1458984,-0.9306831,0.11444172,0.11444172,1.0,0.07658148
17.281,0.6958,5.8210,0.2107,3.0,20.0,1.0,-0.15477589,-0.93165576,0.11515274,0.11515274,1.0,0.08643163,-0.15477589,-0.93165576,0.11515274,0.11515274,1.0,0.08643163
17.331,0.7042,5.8447,0.2105,3.0,20.0,1.0,-0.15244101,-0.931284,0.11495931,0.11495931,1.0,0.08372504,-0.15244101,-0.931284,0.11495931,0.11495931,1.0,0.08372504
17.381,0.7099,5.8606,0.2105,3.0,20.0,1.0,-0.1601769,-0.93211406,0.11557994,0.11557994,1.0,0.09229097,-0.1601769,-0.93211406,0.11557994,0.11557994,1.0,0.09229097
17.431,0.7185,5.8843,0.2103,3.0,20.0,1.0,-0.1583071,-0.9317994,0.11542107,0.11542107,1.0,0.09010653,-0.1583071,-0.9317994,0.11542107,0.11542107,1.0,0.09010653
17.483,0.7243,5.9001,0.2103,3.0,20.0,1.0,-0.1669086,-0.93273485,0.116110854,0.116110854,1.0,0.09964348,-0.1669086,-0.93273485,0.116110854,0.116110854,1.0,0.09964348
17.531,0.7330,5.9238,0.2102,3.0,20.0,1.0,-0.16429451,-0.93232805,0.11588955,0.11588955,1.0,0.09662257,-0.16429451,-0.93232805,0.11588955,0.11588955,1.0,0.09662257
17.583,0.7388,5.9396,0.2101,3.0,20.0,1.0,-0.17370059,-0.93336093,0.116641305,0.116641305,1.0,0.1070615,-0.17370059,-0.93336093,0.116641305,0.116641305,1.0,0.1070615
17.631,0.7476,5.9633,0.2101,3.0,20.0,1.0,-0.17048925,-0.93288034,0.1163711,0.1163711,1.0,0.103369586,-0.17048925,-0.93288034,0.1163711,0.1163711,1.0,0.103369586
17.681,0.7535,5.9791,0.2101,3.0,20.0,1.0,-0.17985503,-0.9339062,0.117114864,0.117114864,1.0,0.11376124,-0.17985503,-0.9339062,0.117114864,0.117114864,1.0,0.11376124
17.731,0.7624,6.0028,0.2101,3.0,20.0,1.0,-0.17743668,-0.93352336,0.11690939,0.11690939,1.0,0.11096006,-0.17743668,-0.93352336,0.11690939,0.11690939,1.0,0.11096006
17.782,0.7684,6.0186,0.2101,3.0,20.0,1.0,-0.1849443,-0.9343188,0.11749897,0.11749897,1.0,0.11926306,-0.1849443,-0.9343188,0.11749897,0.11749897,1.0,0.11926306
17.831,0.7774,6.0422,0.2101,3.0,20.0,1.0,-0.18349886,-0.93405557,0.1173731,0.1173731,1.0,0.11755441,-0.18349886,-0.93405557,0.1173731,0.1173731,1.0,0.11755441
17.882,0.7835,6.0579,0.2102,3.0,20.0,1.0,-0.19159973,-0.93492204,0.11800745,0.11800745,1.0,0.12652174,-0.19159973,-0.93492204,0.11800745,0.11800745,1.0,0.12652174
17.931,0.7926,6.0815,0.2102,3.0,20.0,1.0,-0.18956216,-0.93458605,0.11783572,0.11783572,1.0,0.12414822,-0.18956216,-0.93458605,0.11783572,0.11783572,1.0,0.12414822
17.981,0.7987,6.0973,0.2103,3.0,20.0,1.0,-0.19828251,-0.9355265,0.11851896,0.11851896,1.0,0.133809,-0.19828251,-0.9355265,0.11851896,0.11851896,1.0,0.133809
18.032,0.8079,6.1208,0.2104,3.0,20.0,1.0,-0.19598685,-0.9351591,0.11832834,0.11832834,1.0,0.13114591,-0.19598685,-0.9351591,0.11832834,0.11832834,1.0,0.13114591
18.081,0.8140,6.1365,0.2104,3.0,20.0,1.0,-0.20440383,-0.93605995,0.11899003,0.11899003,1.0,0.1404638,-0.20440383,-0.93605995,0.11899003,0.11899003,1.0,0.1404638
18.131,0.8233,6.1601,0.2106,3.0,20.0,1.0,-0.20236744,-0.93572474,0.11882142,0.11882142,1.0,0.13809215,-0.20236744,-0.93572474,0.11882142,0.11882142,1.0,0.13809215
18.181,0.8296,6.1758,0.2106,3.0,20.0,1.0,-0.2106496,-0.9366071,0.11947802,0.11947802,1.0,0.14725672,-0.2106496,-0.9366071,0.11947802,0.11947802,1.0,0.14725672
18.231,0.8390,6.1993,0.2108,3.0,20.0,1.0,-0.20860434,-0.93627125,0.11930938,0.11930938,1.0,0.14487559,-0.20860434,-0.93627125,0.11930938,0.11930938,1.0,0.14487559
18.281,0.8453,6.2149,0.2108,3.0,20.0,1.0,-0.21718659,-0.9371883,0.119999364,0.119999364,1.0,0.15437493,-0.21718659,-0.9371883,0.119999364,0.119999364,1.0,0.15437493
18.331,0.8547,6.2384,0.2109,3.0,20.0,1.0,-0.2151945,-0.93685925,0.119835235,0.119835235,1.0,0.15205376,-0.2151945,-0.93685925,0.119835235,0.119835235,1.0,0.15205376
18.381,0.8611,6.2541,0.2110,3.0,20.0,1.0,-0.2231061,-0.9376928,0.12048254,0.12048254,1.0,0.1607989,-0.2231061,-0.9376928,0.12048254,0.12048254,1.0,0.1607989
18.431,0.8707,6.2775,0.2111,3.0,20.0,1.0,-0.22139694,-0.9373987,0.12034066,0.12034066,1.0,0.15879562,-0.22139694,-0.9373987,0.12034066,0.12034066,1.0,0.15879562
18.482,0.8771,6.2931,0.2112,3.0,20.0,1.0,-0.22984627,-0.93829596,0.12104715,0.12104715,1.0,0.16814224,-0.22984627,-0.93829596,0.12104715,0.12104715,1.0,0.16814224
18.531,0.8867,6.3166,0.2112,3.0,20.0,1.0,-0.22768772,-0.93794745,0.12086596,0.12086596,1.0,0.16563515,-0.22768772,-0.93794745,0.12086596,0.12086596,1.0,0.16563515
18.581,0.8932,6.3322,0.2113,3.0,20.0,1.0,-0.23647481,-0.93888414,0.12161836,0.12161836,1.0,0.17535898,-0.23647481,-0.93888414,0.12161836,0.12161836,1.0,0.17535898
18.632,0.9029,6.3556,0.2113,3.0,20.0,1.0,-0.23419191,-0.93852085,0.12142341,0.12142341,1.0,0.17271274,-0.23419191,-0.93852085,0.12142341,0.12142341,1.0,0.17271274
18.681,0.9094,6.3712,0.2113,3.0,20.0,1.0,-0.24266878,-0.9394187,0.122167066,0.122167066,1.0,0.18208742,-0.24266878,-0.9394187,0.122167066,0.122167066,1.0,0.18208742
18.731,0.9193,6.3945,0.2114,3.0,20.0,1.0,-0.24050201,-0.9390696,0.12197789,0.12197789,1.0,0.17957167,-0.24050201,-0.9390696,0.12197789,0.12197789,1.0,0.17957167
18.781,0.9258,6.4101,0.2114,3.0,20.0,1.0,-0.24948235,-0.9400274,0.1227848,0.1227848,1.0,0.18950975,-0.24948235,-0.9400274,0.1227848,0.1227848,1.0,0.18950975
18.831,0.9357,6.4335,0.2113,3.0,20.0,1.0,-0.24694203,-0.9396331,0.12255724,0.12255724,1.0,0.18657511,-0.24694203,-0.9396331,0.12255724,0.12255724,1.0,0.18657511
18.881,0.9423,6.4491,0.2113,3.0,20.0,1.0,-0.25620583,-0.94062424,0.12340856,0.12340856,1.0,0.1968301,-0.25620583,-0.94062424,0.12340856,0.12340856,1.0,0.1968301
18.931,0.9523,6.4725,0.2113,3.0,20.0,1.0,-0.25397527,-0.9402674,0.12320434,0.12320434,1.0,0.19424263,-0.25397527,-0.9402674,0.12320434,0.12320434,1.0,0.19424263
18.981,0.9590,6.4880,0.2112,3.0,20.0,1.0,-0.26176614,-0.9410795,0.12393447,0.12393447,1.0,0.20284563,-0.26176614,-0.9410795,0.12393447,0.12393447,1.0,0.20284563
19.031,0.9690,6.5114,0.2112,3.0,20.0,1.0,-0.26003903,-0.9407834,0.123771966,0.123771966,1.0,0.20082238,-0.26003903,-0.9407834,0.123771966,0.123771966,1.0,0.20082238
19.081,0.9758,6.5270,0.2111,3.0,20.0,1.0,-0.2694114,-0.9417866,0.12466586,0.12466586,1.0,0.211198,-0.2694114,-0.9417866,0.12466586,0.12466586,1.0,0.211198
19.131,0.9859,6.5503,0.2111,3.0,20.0,1.0,-0.2670925,-0.9414183,0.124442704,0.124442704,1.0,0.20851082,-0.2670925,-0.9414183,0.124442704,0.124442704,1.0,0.20851082
19.181,0.9926,6.5659,0.2110,3.0,20.0,1.0,-0.2752528,-0.9422744,0.12523143,0.12523143,1.0,0.2175272,-0.2752528,-0.9422744,0.12523143,0.12523143,1.0,0.2175272
19.231,1.0028,6.5892,0.2109,3.0,20.0,1.0,-0.27346003,-0.94196934,0.12505461,0.12505461,1.0,0.21542935,-0.27346003,-0.94196934,0.12505461,0.12505461,1.0,0.21542935
19.281,1.0096,6.6048,0.2109,3.0,20.0,1.0,-0.2824367,-0.94292396,0.1259324,0.1259324,1.0,0.22536063,-0.2824367,-0.94292396,0.1259324,0.1259324,1.0,0.22536063
19.331,1.0199,6.6282,0.2108,3.0,20.0,1.0,-0.28012407,-0.9425552,0.12570079,0.12570079,1.0,0.22267927,-0.28012407,-0.9425552,0.12570079,0.12570079,1.0,0.22267927
19.381,1.0267,6.6437,0.2108,3.0,20.0,1.0,-0.2893673,-0.9435418,0.12661262,0.12661262,1.0,0.23290907,-0.2893673,-0.9435418,0.12661262,0.12661262,1.0,0.23290907
19.431,1.0370,6.6671,0.2107,3.0,20.0,1.0,-0.28688663,-0.94315207,0.12636085,0.12636085,1.0,0.2300387,-0.28688663,-0.94315207,0.12636085,0.12636085,1.0,0.2300387
19.482,1.0439,6.6827,0.2107,3.0,20.0,1.0,-0.29612303,-0.9441376,0.12727793,0.12727793,1.0,0.2402606,-0.29612303,-0.9441376,0.12727793,0.12727793,1.0,0.2402606
19.531,1.0543,6.7060,0.2106,3.0,20.0,1.0,-0.2938557,-0.9437731,0.12704471,0.12704471,1.0,0.2376288,-0.2938557,-0.9437731,0.12704471,0.12704471,1.0,0.2376288
19.582,1.0612,6.7216,0.2106,3.0,20.0,1.0,-0.3027863,-0.9447213,0.12793528,0.12793528,1.0,0.24750759,-0.3027863,-0.9447213,0.12793528,0.12793528,1.0,0.24750759
19.631,1.0716,6.7450,0.2106,3.0,20.0,1.0,-0.30036125,-0.9443371,0.12768401,0.12768401,1.0,0.24469835,-0.30036125,-0.9443371,0.12768401,0.12768401,1.0,0.24469835
19.681,1.0786,6.7605,0.2106,3.0,20.0,1.0,-0.31013805,-0.94538784,0.12866361,0.12866361,1.0,0.2555259,-0.31013805,-0.94538784,0.12866361,0.12866361,1.0,0.2555259
19.731,1.0891,6.7839,0.2106,3.0,20.0,1.0,-0.30764884,-0.94499534,0.1284044,0.1284044,1.0,0.25264415,-0.30764884,-0.94499534,0.1284044,0.1284044,1.0,0.25264415
19.781,1.0961,6.7995,0.2106,3.0,20.0,1.0,-0.31636497,-0.94591707,0.12927985,0.12927985,1.0,0.26228204,-0.31636497,-0.94591707,0.12927985,0.12927985,1.0,0.26228204
19.831,1.1066,6.8229,0.2106,3.0,20.0,1.0,-0.31435308,-0.94558185,0.1290682,0.1290682,1.0,0.25993493,-0.31435308,-0.94558185,0.1290682,0.1290682,1.0,0.25993493
19.881,1.1136,6.8385,0.2106,3.0,20.0,1.0,-0.32378975,-0.94659096,0.13002104,0.13002104,1.0,0.27038068,-0.32378975,-0.94659096,0.13002104,0.13002104,1.0,0.27038068
19.931,1.1242,6.8619,0.2106,3.0,20.0,1.0,-0.32132983,-0.9462007,0.12976307,0.12976307,1.0,0.26753056,-0.32132983,-0.9462007,0.12976307,0.12976307,1.0,0.26753056
19.981,1.1365,6.8891,0.2107,3.0,20.0,1.0,-0.33072442,-0.94720435,0.13071713,0.13071713,1.0,0.27792874,-0.33072442,-0.94720435,0.13071713,0.13071713,1.0,0.27792874
20.030,1.1418,6.9008,0.2107,3.0,20.0,1.0,-0.3371976,-0.9478297,0.13137463,0.13137463,1.0,0.28502735,-0.3371976,-0.9478297,0.13137463,0.13137463,1.0,0.28502735
20.082,1.1489,6.9164,0.2107,3.0,20.0,1.0,-0.3307346,-0.9469754,0.13070425,0.13070425,1.0,0.27771,-0.3307346,-0.9469754,0.13070425,0.13070425,1.0,0.27771
20.131,1.1596,6.9398,0.2108,3.0,20.0,1.0,-0.33557245,-0.94747096,0.13119973,0.13119973,1.0,0.28304338,-0.33557245,-0.94747096,0.13119973,0.13119973,1.0,0.28304338
20.181,1.1667,6.9554,0.2108,3.0,20.0,1.0,-0.34426647,-0.94838905,0.1320966,0.1320966,1.0,0.2926555,-0.34426647,-0.94838905,0.1320966,0.1320966,1.0,0.2926555
20.231,1.1774,6.9789,0.2109,3.0,20.0,1.0,-0.34277672,-0.94811565,0.13193735,0.13193735,1.0,0.29089233,-0.34277672,-0.94811565,0.13193735,0.13193735,1.0,0.29089233
20.281,1.1845,6.9945,0.2110,3.0,20.0,1.0,-0.35121414,-0.9490022,0.13281779,0.13281779,1.0,0.30021635,-0.35121414,-0.9490022,0.13281779,0.13281779,1.0,0.30021635
20.331,1.1952,7.0179,0.2110,3.0,20.0,1.0,-0.34946638,-0.9486971,0.1326308,0.1326308,1.0,0.29816347,-0.34946638,-0.9486971,0.1326308,0.1326308,1.0,0.29816347
20.382,1.2024,7.0335,0.2111,3.0,20.0,1.0,-0.3589262,-0.9497081,0.1336318,0.1336318,1.0,0.3086343,-0.3589262,-0.9497081,0.1336318,0.1336318,1.0,0.3086343
20.431,1.2131,7.0570,0.2111,3.0,20.0,1.0,-0.3565309,-0.94932383,0.13337442,0.13337442,1.0,0.30585477,-0.3565309,-0.94932383,0.13337442,0.13337442,1.0,0.30585477
20.481,1.2203,7.0726,0.2111,3.0,20.0,1.0,-0.3661927,-0.95035946,0.13441226,0.13441226,1.0,0.3165522,-0.3661927,-0.95035946,0.13441226,0.13441226,1.0,0.3165522
20.530,1.2311,7.0961,0.2112,3.0,20.0,1.0,-0.3636023,-0.9499511,0.13413103,0.13413103,1.0,0.31355342,-0.3636023,-0.9499511,0.13413103,0.13413103,1.0,0.31355342
20.581,1.2383,7.1117,0.2112,3.0,20.0,1.0,-0.37350407,-0.95101625,0.1352118,0.1352118,1.0,0.32452035,-0.37350407,-0.95101625,0.1352118,0.1352118,1.0,0.32452035
20.631,1.2491,7.1352,0.2113,3.0,20.0,1.0,-0.37125248,-0.9506487,0.13496456,0.13496456,1.0,0.3219012,-0.37125248,-0.9506487,0.13496456,0.13496456,1.0,0.3219012
20.682,1.2563,7.1509,0.2113,3.0,20.0,1.0,-0.3800505,-0.95157987,0.13594055,0.13594055,1.0,0.33163038,-0.3800505,-0.95157987,0.13594055,0.13594055,1.0,0.33163038
20.731,1.2671,7.1744,0.2113,3.0,20.0,1.0,-0.3781723,-0.95125735,0.13573122,0.13573122,1.0,0.32942963,-0.3781723,-0.95125735,0.13573122,0.13573122,1.0,0.32942963
20.781,1.2743,7.1901,0.2113,3.0,20.0,1.0,-0.38766,-0.95227337,0.13680132,0.13680132,1.0,0.33993337,-0.38766,-0.95227337,0.13680132,0.13680132,1.0,0.33993337
20.831,1.2852,7.2137,0.2113,3.0,20.0,1.0,-0.38551998,-0.9519184,0.1365589,0.1365589,1.0,0.3374384,-0.38551998,-0.9519184,0.1365589,0.1365589,1.0,0.3374384
20.881,1.2924,7.2294,0.2113,3.0,20.0,1.0,-0.39497474,-0.9529314,0.13764268,0.13764268,1.0,0.34790614,-0.39497474,-0.9529314,0.13764268,0.13764268,1.0,0.34790614
20.931,1.3033,7.2530,0.2113,3.0,20.0,1.0,-0.39282405,-0.9525744,0.13739495,0.13739495,1.0,0.34539843,-0.39282405,-0.9525744,0.13739495,0.13739495,1.0,0.34539843
20.981,1.3106,7.2688,0.2113,3.0,20.0,1.0,-0.40235913,-0.95359814,0.13850506,0.13850506,1.0,0.35595727,-0.40235913,-0.95359814,0.13850506,0.13850506,1.0,0.35595727
21.031,1.3214,7.2924,0.2113,3.0,20.0,1.0,-0.3999347,-0.9532066,0.138221,0.138221,1.0,0.35314128,-0.3999347,-0.9532066,0.138221,0.138221,1.0,0.35314128
21.081,1.3287,7.3082,0.2112,3.0,20.0,1.0,-0.41027117,-0.95432955,0.13944247,0.13944247,1.0,0.36460075,-0.41027117,-0.95432955,0.13944247,0.13944247,1.0,0.36460075
21.131,1.3396,7.3319,0.2112,3.0,20.0,1.0,-0.40733987,-0.9538752,0.1390932,0.1390932,1.0,0.36121503,-0.40733987,-0.9538752,0.1390932,0.1390932,1.0,0.36121503
21.180,1.3469,7.3477,0.2112,3.0,20.0,1.0,-0.41776434,-0.95501035,0.14034183,0.14034183,1.0,0.37277472,-0.41776434,-0.95501035,0.14034183,0.14034183,1.0,0.37277472
21.231,1.3578,7.3715,0.2111,3.0,20.0,1.0,-0.41485843,-0.954558,0.13999037,0.13999037,1.0,0.36941642,-0.41485843,-0.954558,0.13999037,0.13999037,1.0,0.36941642
21.281,1.3651,7.3874,0.2111,3.0,20.0,1.0,-0.42527282,-0.9556937,0.14125322,0.14125322,1.0,0.38096654,-0.42527282,-0.9556937,0.14125322,0.14125322,1.0,0.38096654
21.331,1.3760,7.4112,0.2111,3.0,20.0,1.0,-0.42285183,-0.95530015,0.14095576,0.14095576,1.0,0.378152,-0.42285183,-0.95530015,0.14095576,0.14095576,1.0,0.378152
21.381,1.3833,7.4271,0.2111,3.0,20.0,1.0,-0.43185842,-0.95626426,0.14205915,0.14205915,1.0,0.38812268,-0.43185842,-0.95626426,0.14205915,0.14205915,1.0,0.38812268
21.431,1.3942,7.4510,0.2110,3.0,20.0,1.0,-0.42996413,-0.9559342,0.14182247,0.14182247,1.0,0.38589835,-0.42996413,-0.9559342,0.14182247,0.14182247,1.0,0.38589835
21.481,1.4015,7.4669,0.2110,3.0,20.0,1.0,-0.44035393,-0.9570707,0.143109,0.143109,1.0,0.39742464,-0.44035393,-0.9570707,0.143109,0.143109,1.0,0.39742464
21.531,1.4124,7.4908,0.2110,3.0,20.0,1.0,-0.43756354,-0.95662904,0.14275745,0.14275745,1.0,0.39419255,-0.43756354,-0.95662904,0.14275745,0.14275745,1.0,0.39419255
21.582,1.4197,7.5068,0.2110,3.0,20.0,1.0,-0.4480884,-0.95778394,0.14407334,0.14407334,1.0,0.40587232,-0.4480884,-0.95778394,0.14407334,0.14407334,1.0,0.40587232
21.631,1.4306,7.5308,0.2110,3.0,20.0,1.0,-0.44539306,-0.9573527,0.14373018,0.14373018,1.0,0.40274575,-0.44539306,-0.9573527,0.14373018,0.14373018,1.0,0.40274575
21.681,1.4379,7.5469,0.2110,3.0,20.0,1.0,-0.45531377,-0.9584346,0.14498141,0.14498141,1.0,0.41374835,-0.45531377,-0.9584346,0.14498141,0.14498141,1.0,0.41374835
21.731,1.4488,7.5710,0.2110,3.0,20.0,1.0,-0.45289844,-0.9580371,0.14467014,0.14467014,1.0,0.41093552,-0.45289844,-0.9580371,0.14467014,0.14467014,1.0,0.41093552
21.781,1.4561,7.5870,0.2110,3.0,20.0,1.0,-0.4636302,-0.95922136,0.14603665,0.14603665,1.0,0.42285153,-0.4636302,-0.95922136,0.14603665,0.14603665,1.0,0.42285153
21.831,1.4670,7.6112,0.2110,3.0,20.0,1.0,-0.46056315,-0.9587417,0.14563914,0.14563914,1.0,0.4193049,-0.46056315,-0.9587417,0.14563914,0.14563914,1.0,0.4193049
21.881,1.4742,7.6273,0.2110,3.0,20.0,1.0,-0.47137898,-0.95993865,0.14702894,0.14702894,1.0,0.43131766,-0.47137898,-0.95993865,0.14702894,0.14702894,1.0,0.43131766
21.930,1.4851,7.6516,0.2110,3.0,20.0,1.0,-0.4686677,-0.95950246,0.14667413,0.14667413,1.0,0.42817014,-0.4686677,-0.95950246,0.14667413,0.14667413,1.0,0.42817014
21.981,1.4924,7.6678,0.2110,3.0,20.0,1.0,-0.47875154,-0.96061045,0.14798181,0.14798181,1.0,0.43936202,-0.47875154,-0.96061045,0.14798181,0.14798181,1.0,0.43936202
22.031,1.5033,7.6921,0.2110,3.0,20.0,1.0,-0.47669905,-0.9602553,0.14771037,0.14771037,1.0,0.43695438,-0.47669905,-0.9602553,0.14771037,0.14771037,1.0,0.43695438
22.082,1.5105,7.7084,0.2111,3.0,20.0,1.0,-0.48605567,-0.96127445,0.14893593,0.14893593,1.0,0.44733015,-0.48605567,-0.96127445,0.14893593,0.14893593,1.0,0.44733015
22.131,1.5214,7.7328,0.2111,3.0,20.0,1.0,-0.4839211,-0.96090794,0.14865133,0.14865133,1.0,0.44482908,-0.4839211,-0.96090794,0.14865133,0.14865133,1.0,0.44482908
22.181,1.5286,7.7491,0.2111,3.0,20.0,1.0,-0.4951898,-0.9621686,0.15014555,0.15014555,1.0,0.45735833,-0.4951898,-0.9621686,0.15014555,0.15014555,1.0,0.45735833
22.231,1.5394,7.7736,0.2112,3.0,20.0,1.0,-0.4923452,-0.9617123,0.1497643,0.1497643,1.0,0.4540575,-0.4923452,-0.9617123,0.1497643,0.1497643,1.0,0.4540575
22.281,1.5467,7.7900,0.2112,3.0,20.0,1.0,-0.5021338,-0.96278936,0.15107831,0.15107831,1.0,0.46492314,-0.5021338,-0.96278936,0.15107831,0.15107831,1.0,0.46492314
22.331,1.5575,7.8146,0.2112,3.0,20.0,1.0,-0.50029284,-0.96245825,0.15082914,0.15082914,1.0,0.46275106,-0.50029284,-0.96245825,0.15082914,0.15082914,1.0,0.46275106
22.381,1.5647,7.8310,0.2112,3.0,20.0,1.0,-0.5098389,-0.96350735,0.15212709,0.15212709,1.0,0.4733462,-0.5098389,-0.96350735,0.15212709,0.15212709,1.0,0.4733462
22.431,1.5755,7.8557,0.2113,3.0,20.0,1.0,-0.50787693,-0.96316046,0.15185823,0.15185823,1.0,0.4710374,-0.50787693,-0.96316046,0.15185823,0.15185823,1.0,0.4710374
22.481,1.5826,7.8723,0.2113,3.0,20.0,1.0,-0.51846814,-0.96434385,0.15331896,0.15331896,1.0,0.48281196,-0.51846814,-0.96434385,0.15331896,0.15331896,1.0,0.48281196
22.531,1.5934,7.8971,0.2113,3.0,20.0,1.0,-0.5162914,-0.9639691,0.15301767,0.15301767,1.0,0.48026046,-0.5162914,-0.9639691,0.15301767,0.15301767,1.0,0.48026046
22.581,1.6006,7.9137,0.2114,3.0,20.0,1.0,-0.5257857,-0.9650167,0.15434602,0.15434602,1.0,0.4908024,-0.5257857,-0.9650167,0.15434602,0.15434602,1.0,0.4908024
22.631,1.6113,7.9386,0.2114,3.0,20.0,1.0,-0.5239,-0.96467775,0.15408191,0.15408191,1.0,0.48857775,-0.5239,-0.96467775,0.15408191,0.15408191,1.0,0.48857775
22.681,1.6184,7.9553,0.2114,3.0,20.0,1.0,-0.5344368,-0.96586055,0.15557827,0.15557827,1.0,0.5002973,-0.5344368,-0.96586055,0.15557827,0.15557827,1.0,0.5002973
22.731,1.6291,7.9803,0.2114,3.0,20.0,1.0,-0.5316886,-0.9654113,0.15518737,0.15518737,1.0,0.49709985,-0.5316886,-0.9654113,0.15518737,0.15518737,1.0,0.49709985
22.781,1.6363,7.9971,0.2114,3.0,20.0,1.0,-0.54301083,-0.96669686,0.15682106,0.15682106,1.0,0.5097077,-0.54301083,-0.96669686,0.15682106,0.15682106,1.0,0.5097077
22.831,1.6469,8.0223,0.2114,3.0,20.0,1.0,-0.53975046,-0.9661812,0.1563508,0.1563508,1.0,0.5059316,-0.53975046,-0.9661812,0.1563508,0.1563508,1.0,0.5059316
22.882,1.6540,8.0391,0.2115,3.0,20.0,1.0,-0.55112106,-0.9674768,0.15801738,0.15801738,1.0,0.5185978,-0.55112106,-0.9674768,0.15801738,0.15801738,1.0,0.5185978
22.930,1.6646,8.0644,0.2115,3.0,20.0,1.0,-0.5479148,-0.96696675,0.15754795,0.15754795,1.0,0.5148815,-0.5479148,-0.96696675,0.15754795,0.15754795,1.0,0.5148815
22.981,1.6717,8.0814,0.2115,3.0,20.0,1.0,-0.559186,-0.9682535,0.15922615,0.15922615,1.0,0.5274395,-0.559186,-0.9682535,0.15922615,0.15922615,1.0,0.5274395
23.031,1.6823,8.1068,0.2114,3.0,20.0,1.0,-0.55658036,-0.9678191,0.15883963,0.15883963,1.0,0.52439946,-0.55658036,-0.9678191,0.15883963,0.15883963,1.0,0.52439946
23.081,1.6893,8.1239,0.2114,3.0,20.0,1.0,-0.5663044,-0.96891165,0.16030961,0.16030961,1.0,0.53521603,-0.5663044,-0.96891165,0.16030961,0.16030961,1.0,0.53521603
23.131,1.6998,8.1495,0.2114,3.0,20.0,1.0,-0.5641856,-0.96853834,0.1599905,0.1599905,1.0,0.5327239,-0.5641856,-0.96853834,0.1599905,0.1599905,1.0,0.5327239
23.181,1.7068,8.1666,0.2114,3.0,20.0,1.0,-0.5755083,-0.96984017,0.16172822,0.16172822,1.0,0.54534847,-0.5755083,-0.96984017,0.16172822,0.16172822,1.0,0.54534847
23.231,1.7173,8.1924,0.2114,3.0,20.0,1.0,-0.57231146,-0.96932703,0.16123798,0.16123798,1.0,0.54163855,-0.57231146,-0.96932703,0.16123798,0.16123798,1.0,0.54163855
23.281,1.7243,8.2096,0.2114,3.0,20.0,1.0,-0.5838215,-0.9706576,0.1630308,0.1630308,1.0,0.554479,-0.5838215,-0.9706576,0.1630308,0.1630308,1.0,0.554479
23.331,1.7347,8.2355,0.2114,3.0,20.0,1.0,-0.58069724,-0.97015244,0.16254428,0.16254428,1.0,0.5508497,-0.58069724,-0.97015244,0.16254428,0.16254428,1.0,0.5508497
23.381,1.7416,8.2529,0.2114,3.0,20.0,1.0,-0.59173065,-0.9714259,0.16428746,0.16428746,1.0,0.5631566,-0.59173065,-0.9714259,0.16428746,0.16428746,1.0,0.5631566
23.431,1.7520,8.2790,0.2114,3.0,20.0,1.0,-0.5889207,-0.9709599,0.16384389,0.16384389,1.0,0.5598806,-0.5889207,-0.9709599,0.16384389,0.16384389,1.0,0.5598806
23.481,1.7589,8.2964,0.2113,3.0,20.0,1.0,-0.6000606,-0.97225195,0.1656287,0.1656287,1.0,0.57231253,-0.6000606,-0.97225195,0.1656287,0.1656287,1.0,0.57231253
23.531,1.7692,8.3227,0.2113,3.0,20.0,1.0,-0.5972406,-0.97178334,0.16517703,0.16517703,1.0,0.56902397,-0.5972406,-0.97178334,0.16517703,0.16517703,1.0,0.56902397
23.581,1.7761,8.3402,0.2113,3.0,20.0,1.0,-0.6080898,-0.97304237,0.1669393,0.1669393,1.0,0.58113223,-0.6080898,-0.97304237,0.1669393,0.1669393,1.0,0.58113223
23.631,1.7863,8.3667,0.2113,3.0,20.0,1.0,-0.6052518,-0.97256994,0.16647844,0.16647844,1.0,0.57782173,-0.6052518,-0.97256994,0.16647844,0.16647844,1.0,0.57782173
23.681,1.7931,8.3844,0.2113,3.0,20.0,1.0,-0.6168079,-0.9739263,0.16838247,0.16838247,1.0,0.5907342,-0.6168079,-0.9739263,0.16838247,0.16838247,1.0,0.5907342
23.731,1.8033,8.4110,0.2113,3.0,20.0,1.0,-0.6140814,-0.9734674,0.16793412,0.16793412,1.0,0.58754873,-0.6140814,-0.9734674,0.16793412,0.16793412,1.0,0.58754873
23.782,1.8101,8.4288,0.2113,3.0,20.0,1.0,-0.6241732,-0.97463715,0.16961983,0.16961983,1.0,0.5988104,-0.6241732,-0.97463715,0.16961983,0.16961983,1.0,0.5988104
23.831,1.8202,8.4556,0.2113,3.0,20.0,1.0,-0.62208503,-0.9742607,0.16927226,0.16927226,1.0,0.59634566,-0.62208503,-0.9742607,0.16927226,0.16927226,1.0,0.59634566
23.881,1.8269,8.4736,0.2113,3.0,20.0,1.0,-0.6329051,-0.97553134,0.17110509,0.17110509,1.0,0.60843647,-0.6329051,-0.97553134,0.17110509,0.17110509,1.0,0.60843647
23.931,1.8370,8.5006,0.2113,3.0,20.0,1.0,-0.63040656,-0.9750998,0.17068335,0.17068335,1.0,0.60550636,-0.63040656,-0.9750998,0.17068335,0.17068335,1.0,0.60550636
23.981,1.8437,8.5187,0.2113,3.0,20.0,1.0,-0.64110893,-0.9763602,0.172523,0.172523,1.0,0.61746913,-0.64110893,-0.9763602,0.172523,0.172523,1.0,0.61746913
24.031,1.8536,8.5459,0.2114,3.0,20.0,1.0,-0.63870394,-0.97594,0.17211182,0.17211182,1.0,0.61464393,-0.63870394,-0.97594,0.17211182,0.17211182,1.0,0.61464393
24.081,1.8603,8.5641,0.2114,3.0,20.0,1.0,-0.6494122,-0.97720695,0.1739799,0.1739799,1.0,0.62661916,-0.6494122,-0.97720695,0.1739799,0.1739799,1.0,0.62661916
24.131,1.8702,8.5915,0.2114,3.0,20.0,1.0,-0.6471809,-0.9768089,0.17359366,0.17359366,1.0,0.62398976,-0.6471809,-0.9768089,0.17359366,0.17359366,1.0,0.62398976
24.182,1.8767,8.6099,0.2114,3.0,20.0,1.0,-0.6572588,-0.9779974,0.17537893,0.17537893,1.0,0.63525623,-0.6572588,-0.9779974,0.17537893,0.17537893,1.0,0.63525623
24.231,1.8866,8.6375,0.2114,3.0,20.0,1.0,-0.65480685,-0.9775687,0.17494807,0.17494807,1.0,0.63237554,-0.65480685,-0.9775687,0.17494807,0.17494807,1.0,0.63237554
24.281,1.8931,8.6560,0.2115,3.0,20.0,1.0,-0.66679394,-0.97901887,0.17710462,0.17710462,1.0,0.6458128,-0.66679394,-0.97901887,0.17710462,0.17710462,1.0,0.6458128
24.331,1.9028,8.6838,0.2115,3.0,20.0,1.0,-0.66366786,-0.97849923,0.1765463,0.1765463,1.0,0.6421671,-0.66366786,-0.97849923,0.1765463,0.1765463,1.0,0.6421671
24.381,1.9093,8.7025,0.2115,3.0,20.0,1.0,-0.6737496,-0.9796998,0.17839159,0.17839159,1.0,0.6534495,-0.6737496,-0.9796998,0.17839159,0.17839159,1.0,0.6534495
24.431,1.9190,8.7306,0.2115,3.0,20.0,1.0,-0.67206174,-0.97937185,0.17809044,0.17809044,1.0,0.6514336,-0.67206174,-0.97937185,0.17809044,0.17809044,1.0,0.6514336
24.482,1.9254,8.7494,0.2116,3.0,20.0,1.0,-0.68192244,-0.980549,0.1799274,0.1799274,1.0,0.6624715,-0.68192244,-0.980549,0.1799274,0.1799274,1.0,0.6624715
24.532,1.9350,8.7777,0.2116,3.0,20.0,1.0,-0.6795613,-0.98012966,0.17949466,0.17949466,1.0,0.659691,-0.6795613,-0.98012966,0.17949466,0.17949466,1.0,0.659691
24.581,1.9413,8.7966,0.2116,3.0,20.0,1.0,-0.69137955,-0.98157847,0.18173556,0.18173556,1.0,0.672958,-0.69137955,-0.98157847,0.18173556,0.18173556,1.0,0.672958
24.631,1.9508,8.8252,0.2116,3.0,20.0,1.0,-0.6878043,-0.9809937,0.18106487,0.18106487,1.0,0.66879797,-0.6878043,-0.9809937,0.18106487,0.18106487,1.0,0.66879797
24.681,1.9571,8.8443,0.2116,3.0,20.0,1.0,-0.6993709,-0.9824168,0.18329787,0.18329787,1.0,0.6817877,-0.6993709,-0.9824168,0.18329787,0.18329787,1.0,0.6817877
24.731,1.9665,8.8731,0.2116,3.0,20.0,1.0,-0.6962747,-0.98189497,0.18270995,0.18270995,1.0,0.67816967,-0.6962747,-0.98189497,0.18270995,0.18270995,1.0,0.67816967
24.781,1.9728,8.8924,0.2117,3.0,20.0,1.0,-0.7070705,-0.9832204,0.18483543,0.18483543,1.0,0.69029087,-0.7070705,-0.9832204,0.18483543,0.18483543,1.0,0.69029087
24.831,1.9821,8.9215,0.2117,3.0,20.0,1.0,-0.70417655,-0.98272485,0.18427616,0.18427616,1.0,0.6869014,-0.70417655,-0.98272485,0.18427616,0.18427616,1.0,0.6869014
24.881,1.9882,8.9409,0.2117,3.0,20.0,1.0,-0.71559775,-0.98414373,0.18656994,0.18656994,1.0,0.6997415,-0.71559775,-0.98414373,0.18656994,0.18656994,1.0,0.6997415
24.931,1.9975,8.9703,0.2117,3.0,20.0,1.0,-0.7125373,-0.9836243,0.1859663,0.1859663,1.0,0.69616157,-0.7125373,-0.9836243,0.1859663,0.1859663,1.0,0.69616157
24.981,2.0036,8.9899,0.2117,3.0,20.0,1.0,-0.72336024,-0.9849694,0.1881826,0.1881826,1.0,0.7083296,-0.72336024,-0.9849694,0.1881826,0.1881826,1.0,0.7083296
25.031,2.0127,9.0195,0.2117,3.0,20.0,1.0,-0.720485,-0.9844732,0.18760712,0.18760712,1.0,0.7049582,-0.720485,-0.9844732,0.18760712,0.18760712,1.0,0.7049582
25.081,2.0187,9.0393,0.2117,3.0,20.0,1.0,-0.73157734,-0.98586315,0.1899272,0.1899272,1.0,0.7174405,-0.73157734,-0.98586315,0.1899272,0.1899272,1.0,0.7174405
25.131,2.0278,9.0692,0.2117,3.0,20.0,1.0,-0.7284718,-0.9853341,0.18929191,0.18929191,1.0,0.71380585,-0.7284718,-0.9853341,0.18929191,0.18929191,1.0,0.71380585
25.181,2.0337,9.0892,0.2117,3.0,20.0,1.0,-0.7396335,-0.98674244,0.19167534,0.19167534,1.0,0.72637594,-0.7396335,-0.98674244,0.19167534,0.19167534,1.0,0.72637594
25.232,2.0427,9.1193,0.2117,3.0,20.0,1.0,-0.7365247,-0.9862121,0.191026,0.191026,1.0,0.7227367,-0.7365247,-0.9862121,0.191026,0.191026,1.0,0.7227367
25.281,2.0486,9.1395,0.2117,3.0,20.0,1.0,-0.74746954,-0.9875993,0.19341308,0.19341308,1.0,0.73506886,-0.74746954,-0.9875993,0.19341308,0.19341308,1.0,0.73506886
25.331,2.0574,9.1699,0.2117,3.0,20.0,1.0,-0.7449453,-0.98714924,0.19288,0.19288,1.0,0.73209447,-0.7449453,-0.98714924,0.19288,0.19288,1.0,0.73209447
25.381,2.0632,9.1903,0.2117,3.0,20.0,1.0,-0.7544466,-0.98834187,0.1950003,0.1950003,1.0,0.7427885,-0.7544466,-0.98834187,0.1950003,0.1950003,1.0,0.7427885
25.431,2.0720,9.2210,0.2117,3.0,20.0,1.0,-0.7523566,-0.987952,0.19455211,0.19455211,1.0,0.7403085,-0.7523566,-0.987952,0.19455211,0.19455211,1.0,0.7403085
25.482,2.0777,9.2416,0.2117,3.0,20.0,1.0,-0.7629476,-0.9893079,0.19696438,0.19696438,1.0,0.7522555,-0.7629476,-0.9893079,0.19696438,0.19696438,1.0,0.7522555
25.531,2.0863,9.2726,0.2117,3.0,20.0,1.0,-0.7600847,-0.9888079,0.19633012,0.19633012,1.0,0.7488926,-0.7600847,-0.9888079,0.19633012,0.19633012,1.0,0.7488926
25.581,2.0920,9.2934,0.2117,3.0,20.0,1.0,-0.77079463,-0.99019015,0.19882454,0.19882454,1.0,0.7609848,-0.77079463,-0.99019015,0.19882454,0.19882454,1.0,0.7609848
25.631,2.1005,9.3247,0.2117,3.0,20.0,1.0,-0.76781917,-0.98967284,0.1981504,0.1981504,1.0,0.757492,-0.76781917,-0.98967284,0.1981504,0.1981504,1.0,0.757492
25.682,2.1062,9.3457,0.2117,3.0,20.0,1.0,-0.77815896,-0.9910118,0.20061322,0.20061322,1.0,0.76917076,-0.77815896,-0.9910118,0.20061322,0.20061322,1.0,0.76917076
25.731,2.1146,9.3773,0.2117,3.0,20.0,1.0,-0.77528673,-0.990508,0.19994883,0.19994883,1.0,0.76579475,-0.77528673,-0.990508,0.19994883,0.19994883,1.0,0.76579475
25.781,2.1201,9.3985,0.2117,3.0,20.0,1.0,-0.7861987,-0.9919395,0.20260668,0.20260668,1.0,0.77813816,-0.7861987,-0.9919395,0.20260668,0.20260668,1.0,0.77813816
25.839,2.1284,9.4304,0.2117,0.0,0.0,0.0,0.0,0.0,0.0,0.0,0.0,0.0,0.0,0.0,0.0,0.0,0.0,0.0
25.877,2.1339,9.4518,0.2117,3.0,20.0,1.0,-0.7924969,-0.9926244,0.20422198,0.20422198,1.0,0.7851213,-0.7924969,-0.9926244,0.20422198,0.20422198,1.0,0.7851213
25.927,2.1421,9.4841,0.2117,3.0,20.0,1.0,-0.7904845,-0.99224323,0.20374276,0.20374276,1.0,0.78272766,-0.7904845,-0.99224323,0.20374276,0.20374276,1.0,0.78272766
25.977,2.1475,9.5057,0.2117,3.0,20.0,1.0,-0.80051154,-0.99356794,0.20630585,0.20630585,1.0,0.7940795,-0.80051154,-0.99356794,0.20630585,0.20630585,1.0,0.7940795
26.028,2.1555,9.5382,0.2117,3.0,20.0,1.0,-0.79759145,-0.9930537,0.20558448,0.20558448,1.0,0.7906451,-0.79759145,-0.9930537,0.20558448,0.20558448,1.0,0.7906451
26.079,2.1609,9.5601,0.2117,3.0,20.0,1.0,-0.80791783,-0.9944326,0.20829165,0.20829165,1.0,0.80235046,-0.80791783,-0.9944326,0.20829165,0.20829165,1.0,0.80235046
26.128,2.1688,9.5929,0.2118,3.0,20.0,1.0,-0.8051229,-0.9939356,0.20758776,0.20758776,1.0,0.7990585,-0.8051229,-0.9939356,0.20758776,0.20758776,1.0,0.7990585
26.181,2.1741,9.6150,0.2118,3.0,20.0,1.0,-0.8145886,-0.9951989,0.21013787,0.21013787,1.0,0.8097876,-0.8145886,-0.9951989,0.21013787,0.21013787,1.0,0.8097876
26.227,2.1819,9.6482,0.2118,3.0,20.0,1.0,-0.81186,-0.9947107,0.20943266,0.20943266,1.0,0.8065707,-0.81186,-0.9947107,0.20943266,0.20943266,1.0,0.8065707
26.277,2.1909,9.6872,0.2118,3.0,20.0,1.0,-0.8221255,-0.99610376,0.21227038,0.21227038,1.0,0.8182293,-0.8221255,-0.99610376,0.21227038,0.21227038,1.0,0.8182293
26.328,2.1948,9.7039,0.2118,3.0,20.0,1.0,-0.8281825,-0.99686,0.21401356,0.21401356,1.0,0.8250426,-0.8281825,-0.99686,0.21401356,0.21401356,1.0,0.8250426
26.381,2.1999,9.7264,0.2119,3.0,20.0,1.0,-0.8213183,-0.9957742,0.21211953,0.21211953,1.0,0.81709254,-0.8213183,-0.9957742,0.21211953,0.21211953,1.0,0.81709254
26.427,2.2075,9.7603,0.2119,3.0,20.0,1.0,-0.82571,-0.99634695,0.21339048,0.21339048,1.0,0.82205695,-0.82571,-0.99634695,0.21339048,0.21339048,1.0,0.82205695
26.477,2.2125,9.7829,0.2119,3.0,20.0,1.0,-0.83550245,-0.9976936,0.21625572,0.21625572,1.0,0.83319604,-0.83550245,-0.9976936,0.21625572,0.21625572,1.0,0.83319604
26.528,2.2200,9.8171,0.2119,3.0,20.0,1.0,-0.83220077,-0.99711645,0.215323,0.215323,1.0,0.8293172,-0.83220077,-0.99711645,0.215323,0.215323,1.0,0.8293172
26.581,2.2249,9.8400,0.2119,3.0,20.0,1.0,-0.8425197,-0.99855465,0.21843538,0.21843538,1.0,0.8410744,-0.8425197,-0.99855465,0.21843538,0.21843538,1.0,0.8410744
26.628,2.2323,9.8745,0.2120,3.0,20.0,1.0,-0.8391497,-0.9979655,0.21746057,0.21746057,1.0,0.8371152,-0.8391497,-0.9979655,0.21746057,0.21746057,1.0,0.8371152
26.680,2.2372,9.8976,0.2120,3.0,20.0,1.0,-0.84801155,-0.9991947,0.22022833,0.22022833,1.0,0.84720623,-0.84801155,-0.9991947,0.22022833,0.22022833,1.0,0.84720623
26.727,2.2444,9.9325,0.2120,3.0,20.0,1.0,-0.8456812,-0.99876267,0.21954605,0.21954605,1.0,0.84444386,-0.8456812,-0.99876267,0.21954605,0.21954605,1.0,0.84444386
26.778,2.2492,9.9558,0.2120,3.0,20.0,1.0,-0.8541795,-0.999949,0.22228657,0.22228657,1.0,0.8541285,-0.8541795,-0.999949,0.22228657,0.22228657,1.0,0.8541285
26.828,2.2563,9.9910,0.2121,3.0,20.0,1.0,-0.8522115,-0.99957216,0.22169961,0.22169961,1.0,0.85178363,-0.8522115,-0.99957216,0.22169961,0.22169961,1.0,0.85178363
26.881,2.2610,10.0145,0.2121,3.0,20.0,1.0,-0.8592097,-1.0,0.22407973,0.22407973,0.99937946,0.8598303,-0.8592097,-1.0,0.22407973,0.22407973,0.99937946,0.8598303
26.928,2.2680,10.0500,0.2121,3.0,20.0,1.0,-0.857621,-1.0,0.22357583,0.22357583,0.99974686,0.8578742,-0.857621,-1.0,0.22357583,0.22357583,0.99974686,0.8578742
26.978,2.2727,10.0737,0.2121,3.0,20.0,1.0,-0.8653089,-1.0,0.2263246,0.2263246,0.9984958,0.8668131,-0.8653089,-1.0,0.2263246,0.2263246,0.9984958,0.8668131
27.028,2.2795,10.1096,0.2121,3.0,20.0,1.0,-0.86328083,-1.0,0.2256481,0.2256481,0.9989421,0.86433876,-0.86328083,-1.0,0.2256481,0.2256481,0.9989421,0.86433876
27.077,2.2841,10.1335,0.2121,3.0,20.0,1.0,-0.8696335,-1.0,0.22802359,0.22802359,0.99791753,0.8717159,-0.8696335,-1.0,0.22802359,0.22802359,0.99791753,0.8717159
27.128,2.2909,10.1696,0.2121,3.0,20.0,1.0,-0.8679686,-1.0,0.22744898,0.22744898,0.9982989,0.8696698,-0.8679686,-1.0,0.22744898,0.22744898,0.9982989,0.8696698
27.178,2.2953,10.1938,0.2122,3.0,20.0,1.0,-0.8752935,-1.0,0.23029888,0.23029888,0.9970837,0.87820977,-0.8752935,-1.0,0.23029888,0.23029888,0.9970837,0.87820977
27.228,2.3020,10.2302,0.2122,3.0,20.0,1.0,-0.8733752,-1.0,0.22960587,0.22960587,0.9975111,0.875864,-0.8733752,-1.0,0.22960587,0.22960587,0.9975111,0.875864
27.282,2.3064,10.2546,0.2122,3.0,20.0,1.0,-0.87924737,-1.0,0.23200469,0.23200469,0.9965482,0.8826992,-0.87924737,-1.0,0.23200469,0.23200469,0.9965482,0.8826992
27.328,2.3129,10.2913,0.2122,3.0,20.0,1.0,-0.8777236,-1.0,0.23143898,0.23143898,0.99690366,0.8808199,-0.8777236,-1.0,0.23143898,0.23143898,0.99690366,0.8808199
27.382,2.3173,10.3159,0.2122,3.0,20.0,1.0,-0.8843981,-1.0,0.23428997,0.23428997,0.9957788,0.88861924,-0.8843981,-1.0,0.23428997,0.23428997,0.9957788,0.88861924
27.428,2.3237,10.3529,0.2122,3.0,20.0,1.0,-0.88237584,-1.0,0.23348665,0.23348665,0.99622625,0.8861496,-0.88237584,-1.0,0.23348665,0.23348665,0.99622625,0.8861496
27.481,2.3279,10.3777,0.2122,3.0,20.0,1.0,-0.88856596,-1.0,0.23626892,0.23626892,0.99517757,0.8933884,-0.88856596,-1.0,0.23626892,0.23626892,0.99517757,0.8933884
27.527,2.3342,10.4150,0.2123,3.0,20.0,1.0,-0.8866945,-1.0,0.23549205,0.23549205,0.995597,0.8910975,-0.8866945,-1.0,0.23549205,0.23549205,0.995597,0.8910975
27.577,2.3384,10.4399,0.2123,3.0,20.0,1.0,-0.89281046,-1.0,0.23837943,0.23837943,0.9945475,0.898263,-0.89281046,-1.0,0.23837943,0.23837943,0.9945475,0.898263
27.628,2.3446,10.4775,0.2123,3.0,20.0,1.0,-0.89106125,-1.0,0.23762114,0.23762114,0.99494374,0.8961175,-0.89106125,-1.0,0.23762114,0.23762114,0.99494374,0.8961175
27.681,2.3487,10.5027,0.2123,3.0,20.0,1.0,-0.8963524,-1.0,0.24026449,0.24026449,0.9940372,0.9023152,-0.8963524,-1.0,0.24026449,0.24026449,0.9940372,0.9023152
27.727,2.3548,10.5405,0.2123,3.0,20.0,1.0,-0.8948679,-1.0,0.23959425,0.23959425,0.99438316,0.90048474,-0.8948679,-1.0,0.23959425,0.23959425,0.99438316,0.90048474
27.776,2.3588,10.5658,0.2124,3.0,20.0,1.0,-0.90049565,-1.0,0.24256021,0.24256021,0.9933989,0.9070967,-0.90049565,-1.0,0.24256021,0.24256021,0.9933989,0.9070967
27.828,2.3648,10.6039,0.2124,3.0,20.0,1.0,-0.8987179,-1.0,0.24170105,0.24170105,0.9938005,0.90491736,-0.8987179,-1.0,0.24170105,0.24170105,0.9938005,0.90491736
27.881,2.3687,10.6294,0.2124,3.0,20.0,1.0,-0.903739,-1.0,0.24451457,0.24451457,0.99292016,0.9108188,-0.903739,-1.0,0.24451457,0.24451457,0.99292016,0.9108188
27.929,2.3746,10.6678,0.2124,3.0,20.0,1.0,-0.9022597,-1.0,0.24376696,0.24376696,0.9932636,0.9089961,-0.9022597,-1.0,0.24376696,0.24376696,0.9932636,0.9089961
27.978,2.3784,10.6935,0.2125,3.0,20.0,1.0,-0.9071942,-1.0,0.24669592,0.24669592,0.9923867,0.91480756,-0.9071942,-1.0,0.24669592,0.24669592,0.9923867,0.91480756
28.028,2.3842,10.7321,0.2125,3.0,20.0,1.0,-0.9059288,-1.0,0.24603054,0.24603054,0.99268734,0.91324145,-0.9059288,-1.0,0.24603054,0.24603054,0.99268734,0.91324145
28.081,2.3880,10.7579,0.2125,3.0,20.0,1.0,-0.90992105,-1.0,0.24857575,0.24857575,0.9919837,0.91793734,-0.90992105,-1.0,0.24857575,0.24857575,0.9919837,0.91793734
28.128,2.3937,10.7968,0.2126,3.0,20.0,1.0,-0.90887326,-1.0,0.24799612,0.24799612,0.99224025,0.916633,-0.90887326,-1.0,0.24799612,0.24799612,0.99224025,0.916633
28.180,2.3974,10.8228,0.2126,3.0,20.0,1.0,-0.91324943,-1.0,0.2509436,0.2509436,0.99144727,0.92180216,-0.91324943,-1.0,0.2509436,0.2509436,0.99144727,0.92180216
28.228,2.4029,10.8618,0.2126,3.0,20.0,1.0,-0.91195995,-1.0,0.25016627,0.25016627,0.99175096,0.92020905,-0.91195995,-1.0,0.25016627,0.25016627,0.99175096,0.92020905
28.278,2.4066,10.8880,0.2127,3.0,20.0,1.0,-0.9160035,-1.0,0.25308523,0.25308523,0.9910123,0.92499125,-0.9160035,-1.0,0.25308523,0.25308523,0.9910123,0.92499125
28.328,2.4121,10.9273,0.2127,3.0,20.0,1.0,-0.91496044,-1.0,0.25242996,0.25242996,0.9912656,0.92369485,-0.91496044,-1.0,0.25242996,0.25242996,0.9912656,0.92369485
28.381,2.4157,10.9536,0.2127,3.0,20.0,1.0,-0.9183439,-1.0,0.25505525,0.25505525,0.9906479,0.927696,-0.9183439,-1.0,0.25505525,0.25505525,0.9906479,0.927696
28.427,2.4210,10.9931,0.2128,3.0,20.0,1.0,-0.9174326,-1.0,0.25444925,0.25444925,0.990874,0.92655855,-0.9174326,-1.0,0.25444925,0.25444925,0.990874,0.92655855
28.477,2.4245,11.0195,0.2128,3.0,20.0,1.0,-0.9212278,-1.0,0.25756142,0.25756142,0.99015874,0.9310691,-0.9212278,-1.0,0.25756142,0.25756142,0.99015874,0.9310691
28.528,2.4298,11.0593,0.2129,3.0,20.0,1.0,-0.92014337,-1.0,0.25675172,0.25675172,0.9904183,0.92972505,-0.92014337,-1.0,0.25675172,0.25675172,0.9904183,0.92972505
28.582,2.4333,11.0858,0.2129,3.0,20.0,1.0,-0.92331684,-1.0,0.25956434,0.25956434,0.9898198,0.9334971,-0.92331684,-1.0,0.25956434,0.25956434,0.9898198,0.9334971
28.628,2.4384,11.1257,0.2130,3.0,20.0,1.0,-0.9223686,-1.0,0.25885254,0.25885254,0.990054,0.9323146,-0.9223686,-1.0,0.25885254,0.25885254,0.990054,0.9323146
28.677,2.4418,11.1524,0.2130,3.0,20.0,1.0,-0.9256295,-1.0,0.26199135,0.26199135,0.9894269,0.9362026,-0.9256295,-1.0,0.26199135,0.26199135,0.9894269,0.9362026
28.728,2.4469,11.1925,0.2131,3.0,20.0,1.0,-0.924568,-1.0,0.26110646,0.26110646,0.9896832,0.9348848,-0.924568,-1.0,0.26110646,0.26110646,0.9896832,0.9348848
28.780,2.4503,11.2193,0.2131,3.0,20.0,1.0,-0.92758125,-1.0,0.26426986,0.26426986,0.9890974,0.93848383,-0.92758125,-1.0,0.26426986,0.26426986,0.9890974,0.93848383
28.828,2.4553,11.2596,0.2131,3.0,20.0,1.0,-0.92662925,-1.0,0.26341575,0.26341575,0.9893292,0.9373,-0.92662925,-1.0,0.26341575,0.26341575,0.9893292,0.9373
28.881,2.4585,11.2865,0.2132,3.0,20.0,1.0,-0.9292308,-1.0,0.26641378,0.26641378,0.98882073,0.9404101,-0.9292308,-1.0,0.26641378,0.26641378,0.98882073,0.9404101
28.927,2.4634,11.3270,0.2132,3.0,20.0,1.0,-0.9283909,-1.0,0.2656053,0.2656053,0.98902774,0.9393632,-0.9283909,-1.0,0.2656053,0.2656053,0.98902774,0.9393632
28.980,2.4667,11.3540,0.2133,3.0,20.0,1.0,-0.9309699,-1.0,0.2688727,0.2688727,0.98851466,0.94245523,-0.9309699,-1.0,0.2688727,0.2688727,0.98851466,0.94245523
29.028,2.4715,11.3946,0.2133,3.0,20.0,1.0,-0.9301304,-1.0,0.26797667,0.26797667,0.98871976,0.94141066,-0.9301304,-1.0,0.26797667,0.26797667,0.98871976,0.94141066
29.081,2.4747,11.4217,0.2134,3.0,20.0,1.0,-0.93232113,-1.0,0.27106422,0.27106422,0.9882816,0.94403946,-0.93232113,-1.0,0.27106422,0.27106422,0.9882816,0.94403946
29.128,2.4794,11.4625,0.2134,3.0,20.0,1.0,-0.93159384,-1.0,0.27022415,0.27022415,0.9884613,0.9431325,-0.93159384,-1.0,0.27022415,0.27022415,0.9884613,0.9431325
29.182,2.4826,11.4897,0.2135,3.0,20.0,1.0,-0.9337433,-1.0,0.27355713,0.27355713,0.98802286,0.9457204,-0.9337433,-1.0,0.27355713,0.27355713,0.98802286,0.9457204
29.228,2.4872,11.5306,0.2135,3.0,20.0,1.0,-0.932938,-1.0,0.27249086,0.27249086,0.9882182,0.9447198,-0.932938,-1.0,0.27249086,0.27249086,0.9882182,0.9447198
29.281,2.4903,11.5579,0.2136,3.0,20.0,1.0,-0.93503344,-1.0,0.27609846,0.27609846,0.98778313,0.94725025,-0.93503344,-1.0,0.27609846,0.27609846,0.98778313,0.94725025
29.328,2.4949,11.5989,0.2136,3.0,20.0,1.0,-0.93425626,-1.0,0.27495632,0.27495632,0.9879713,0.94628495,-0.93425626,-1.0,0.27495632,0.27495632,0.9879713,0.94628495
29.381,2.4979,11.6263,0.2136,3.0,20.0,1.0,-0.9359913,-1.0,0.27830967,0.27830967,0.98760825,0.94838303,-0.9359913,-1.0,0.27830967,0.27830967,0.98760825,0.94838303
29.428,2.5024,11.6675,0.2137,3.0,20.0,1.0,-0.93539006,-1.0,0.2773629,0.2773629,0.9877565,0.94763356,-0.93539006,-1.0,0.2773629,0.2773629,0.9877565,0.94763356
29.478,2.5054,11.6949,0.2137,3.0,20.0,1.0,-0.93696207,-1.0,0.2807757,0.2807757,0.98742247,0.9495396,-0.93696207,-1.0,0.2807757,0.2807757,0.98742247,0.9495396
29.528,2.5099,11.7362,0.2138,3.0,20.0,1.0,-0.93648005,-1.0,0.27996543,0.27996543,0.9875427,0.94893736,-0.93648005,-1.0,0.27996543,0.27996543,0.9875427,0.94893736
29.578,2.5128,11.7637,0.2138,3.0,20.0,1.0,-0.93766946,-1.0,0.28292775,0.28292775,0.98728883,0.9503806,-0.93766946,-1.0,0.28292775,0.28292775,0.98728883,0.9503806
29.627,2.5172,11.8051,0.2139,3.0,20.0,1.0,-0.9373648,-1.0,0.28242487,0.28242487,0.98736745,0.9499974,-0.9373648,-1.0,0.28242487,0.28242487,0.98736745,0.9499974
29.678,2.5201,11.8327,0.2139,3.0,20.0,1.0,-0.9384201,-1.0,0.2854107,0.2854107,0.987138,0.95128214,-0.9384201,-1.0,0.2854107,0.2854107,0.987138,0.95128214
29.729,2.5244,11.8741,0.2140,3.0,20.0,1.0,-0.9381577,-1.0,0.28493196,0.28493196,0.98720515,0.95095253,-0.9381577,-1.0,0.28493196,0.28493196,0.98720515,0.95095253
29.778,2.5273,11.9018,0.2140,3.0,20.0,1.0,-0.93909144,-1.0,0.28795397,0.28795397,0.9869981,0.95209336,-0.93909144,-1.0,0.28795397,0.28795397,0.9869981,0.95209336
29.828,2.5316,11.9433,0.2141,3.0,20.0,1.0,-0.93884164,-1.0,0.2874471,0.2874471,0.9870612,0.95178044,-0.93884164,-1.0,0.2874471,0.2874471,0.9870612,0.95178044
29.880,2.5344,11.9710,0.2141,3.0,20.0,1.0,-0.93965656,-1.0,0.29052258,0.29052258,0.9868771,0.95277953,-0.93965656,-1.0,0.29052258,0.29052258,0.9868771,0.95277953
29.928,2.5386,12.0127,0.2142,3.0,20.0,1.0,-0.93939435,-1.0,0.28987008,0.28987008,0.98694164,0.9524527,-0.93939435,-1.0,0.28987008,0.28987008,0.98694164,0.9524527
29.979,2.5414,12.0404,0.2142,3.0,20.0,1.0,-0.9401971,-1.0,0.29334113,0.29334113,0.9867552,0.953442,-0.9401971,-1.0,0.29334113,0.29334113,0.9867552,0.953442
30.028,2.5455,12.0821,0.2143,3.0,20.0,1.0,-0.93992156,-1.0,0.29249296,0.29249296,0.9868214,0.95310014,-0.93992156,-1.0,0.29249296,0.29249296,0.9868214,0.95310014
30.081,2.5483,12.1099,0.2143,3.0,20.0,1.0,-0.9406008,-1.0,0.29592663,0.29592663,0.98665947,0.9539413,-0.9406008,-1.0,0.29592663,0.29592663,0.98665947,0.9539413
30.128,2.5524,12.1517,0.2144,3.0,20.0,1.0,-0.94035596,-1.0,0.2950756,0.2950756,0.98671764,0.9536383,-0.94035596,-1.0,0.2950756,0.2950756,0.98671764,0.9536383
30.178,2.5551,12.1795,0.2144,3.0,20.0,1.0,-0.94095725,-1.0,0.29869583,0.29869583,0.98657054,0.9543867,-0.94095725,-1.0,0.29869583,0.29869583,0.98657054,0.9543867
30.228,2.5591,12.2213,0.2145,3.0,20.0,1.0,-0.94074434,-1.0,0.29785448,0.29785448,0.98661983,0.9541245,-0.94074434,-1.0,0.29785448,0.29785448,0.98661983,0.9541245
30.279,2.5618,12.2492,0.2145,3.0,20.0,1.0,-0.94121176,-1.0,0.30122668,0.30122668,0.9865011,0.9547107,-0.94121176,-1.0,0.30122668,0.30122668,0.9865011,0.9547107
30.329,2.5658,12.2910,0.2146,3.0,20.0,1.0,-0.9410511,-1.0,0.30051866,0.30051866,0.9865365,0.9545146,-0.9410511,-1.0,0.30051866,0.30051866,0.9865365,0.9545146
30.381,2.5685,12.3189,0.2146,3.0,20.0,1.0,-0.9414666,-1.0,0.30408537,0.30408537,0.9864268,0.95503986,-0.9414666,-1.0,0.30408537,0.30408537,0.9864268,0.95503986
30.428,2.5724,12.3608,0.2147,3.0,20.0,1.0,-0.94129395,-1.0,0.30316338,0.30316338,0.9864648,0.95482916,-0.94129395,-1.0,0.30316338,0.30316338,0.9864648,0.95482916
30.482,2.5751,12.3888,0.2148,3.0,20.0,1.0,-0.94164,-1.0,0.30704007,0.30704007,0.98637044,0.9552695,-0.94164,-1.0,0.30704007,0.30704007,0.98637044,0.9552695
30.527,2.5790,12.4307,0.2148,3.0,20.0,1.0,-0.9414725,-1.0,0.30593857,0.30593857,0.9864061,0.9550664,-0.9414725,-1.0,0.30593857,0.30593857,0.9864061,0.9550664
30.580,2.5816,12.4587,0.2149,3.0,20.0,1.0,-0.9417398,-1.0,0.30990574,0.30990574,0.98632914,0.95541066,-0.9417398,-1.0,0.30990574,0.30990574,0.98632914,0.95541066
30.628,2.5854,12.5006,0.2150,3.0,20.0,1.0,-0.94160587,-1.0,0.30886307,0.30886307,0.98635495,0.9552509,-0.94160587,-1.0,0.30886307,0.30886307,0.98635495,0.9552509
30.681,2.5880,12.5286,0.2150,3.0,20.0,1.0,-0.941757,-1.0,0.3126384,0.3126384,0.98630697,0.95545006,-0.941757,-1.0,0.3126384,0.3126384,0.98630697,0.95545006
30.728,2.5918,12.5706,0.2151,3.0,20.0,1.0,-0.941644,-1.0,0.31166172,0.31166172,0.9863264,0.9553176,-0.941644,-1.0,0.31166172,0.31166172,0.9863264,0.9553176
30.781,2.5944,12.5986,0.2152,3.0,20.0,1.0,-0.94174194,-1.0,0.31570312,0.31570312,0.9862906,0.9554514,-0.94174194,-1.0,0.31570312,0.31570312,0.9862906,0.9554514
30.828,2.5982,12.6406,0.2153,3.0,20.0,1.0,-0.9416678,-1.0,0.31454107,0.31454107,0.9862969,0.9553709,-0.9416678,-1.0,0.31454107,0.31454107,0.9862969,0.9553709
30.878,2.6007,12.6686,0.2153,3.0,20.0,1.0,-0.9417335,-1.0,0.3187478,0.3187478,0.9862674,0.9554661,-0.9417335,-1.0,0.3187478,0.3187478,0.9862674,0.9554661
30.928,2.6045,12.7107,0.2154,3.0,20.0,1.0,-0.9416758,-1.0,0.31768006,0.31768006,0.98626906,0.9554067,-0.9416758,-1.0,0.31768006,0.31768006,0.98626906,0.9554067
30.985,2.6070,12.7387,0.2155,3.0,20.0,1.0,-0.94169897,-1.0,0.32152265,0.32152265,0.9862487,0.9554503,-0.94169897,-1.0,0.32152265,0.32152265,0.9862487,0.9554503
31.028,2.6107,12.7807,0.2156,3.0,20.0,1.0,-0.9416538,-1.0,0.3203998,0.3203998,0.9862465,0.95540726,-0.9416538,-1.0,0.3203998,0.3203998,0.9862465,0.95540726
31.078,2.6132,12.8088,0.2156,3.0,20.0,1.0,-0.94164884,-1.0,0.32527164,0.32527164,0.98623407,0.9554148,-0.94164884,-1.0,0.32527164,0.32527164,0.98623407,0.9554148
31.128,2.6169,12.8508,0.2157,3.0,20.0,1.0,-0.9416116,-1.0,0.32388046,0.32388046,0.98622894,0.95538265,-0.9416116,-1.0,0.32388046,0.32388046,0.98622894,0.95538265
31.177,2.6193,12.8789,0.2158,3.0,20.0,1.0,-0.9415741,-1.0,0.32762498,0.32762498,0.986223,0.9553511,-0.9415741,-1.0,0.32762498,0.32762498,0.986223,0.9553511
31.229,2.6230,12.9209,0.2159,3.0,20.0,1.0,-0.94154793,-1.0,0.3268607,0.3268607,0.98621505,0.95533293,-0.94154793,-1.0,0.3268607,0.3268607,0.98621505,0.95533293
31.278,2.6254,12.9490,0.2160,3.0,20.0,1.0,-0.9414801,-1.0,0.33110312,0.33110312,0.98621786,0.95526224,-0.9414801,-1.0,0.33110312,0.33110312,0.98621786,0.95526224
31.329,2.6291,12.9910,0.2160,3.0,20.0,1.0,-0.9414644,-1.0,0.3302462,0.3302462,0.98620605,0.95525837,-0.9414644,-1.0,0.3302462,0.3302462,0.98620605,0.95525837
31.381,2.6315,13.0191,0.2161,3.0,20.0,1.0,-0.9413739,-1.0,0.3341783,0.3341783,0.9862149,0.95515895,-0.9413739,-1.0,0.3341783,0.3341783,0.9862149,0.95515895
31.428,2.6351,13.0611,0.2162,3.0,20.0,1.0,-0.94136775,-1.0,0.33323166,0.33323166,0.98619944,0.9551683,-0.94136775,-1.0,0.33323166,0.33323166,0.98619944,0.9551683
31.478,2.6375,13.0892,0.2163,3.0,20.0,1.0,-0.941259,-1.0,0.33791444,0.33791444,0.98621404,0.955045,-0.941259,-1.0,0.33791444,0.33791444,0.98621404,0.955045
31.528,2.6411,13.1312,0.2164,3.0,20.0,1.0,-0.9412579,-1.0,0.33681196,0.33681196,0.9861966,0.9550613,-0.9412579,-1.0,0.33681196,0.33681196,0.9861966,0.9550613
31.578,2.6435,13.1593,0.2164,3.0,20.0,1.0,-0.94115055,-1.0,0.3408997,0.3408997,0.98620987,0.9549406,-0.94115055,-1.0,0.3408997,0.3408997,0.98620987,0.9549406
31.628,2.6471,13.2013,0.2165,3.0,20.0,1.0,-0.9411469,-1.0,0.3401835,0.3401835,0.9861932,0.95495373,-0.9411469,-1.0,0.3401835,0.3401835,0.9861932,0.95495373
31.678,2.6512,13.2504,0.2167,3.0,20.0,1.0,-0.94102114,-1.0,0.34442466,0.34442466,0.98621297,0.95480824,-0.94102114,-1.0,0.34442466,0.34442466,0.98621297,0.95480824
31.728,2.6530,13.2714,0.2167,3.0,20.0,1.0,-0.94091594,-1.0,0.34795523,0.34795523,0.98622066,0.9546953,-0.94091594,-1.0,0.34795523,0.34795523,0.98622066,0.9546953
31.778,2.6553,13.2995,0.2168,3.0,20.0,1.0,-0.94097865,-1.0,0.3447104,0.3447104,0.98618305,0.9547956,-0.94097865,-1.0,0.3447104,0.3447104,0.98618305,0.9547956
31.828,2.6588,13.3415,0.2169,3.0,20.0,1.0,-0.9408994,-1.0,0.34721288,0.34721288,0.9861947,0.9547047,-0.9408994,-1.0,0.34721288,0.34721288,0.9861947,0.9547047
31.878,2.6612,13.3695,0.2169,3.0,20.0,1.0,-0.9407645,-1.0,0.35151917,0.35151917,0.9862185,0.954546,-0.9407645,-1.0,0.35151917,0.35151917,0.9862185,0.954546
31.928,2.6647,13.4116,0.2170,3.0,20.0,1.0,-0.94076604,-1.0,0.35083345,0.35083345,0.98619884,0.9545672,-0.94076604,-1.0,0.35083345,0.35083345,0.98619884,0.9545672
31.978,2.6670,13.4396,0.2171,3.0,20.0,1.0,-0.94063264,-1.0,0.3552278,0.3552278,0.9862231,0.95440954,-0.94063264,-1.0,0.3552278,0.3552278,0.9862231,0.95440954
32.028,2.6705,13.4816,0.2172,3.0,20.0,1.0,-0.9406384,-1.0,0.35449228,0.35449228,0.98620147,0.95443696,-0.9406384,-1.0,0.35449228,0.35449228,0.98620147,0.95443696
32.078,2.6728,13.5096,0.2173,3.0,20.0,1.0,-0.9405114,-1.0,0.3589994,0.3589994,0.9862247,0.9542867,-0.9405114,-1.0,0.3589994,0.3589994,0.9862247,0.9542867
32.128,2.6763,13.5516,0.2174,3.0,20.0,1.0,-0.9405189,-1.0,0.35825658,0.35825658,0.9862021,0.9543168,-0.9405189,-1.0,0.35825658,0.35825658,0.9862021,0.9543168
32.178,2.6786,13.5796,0.2175,3.0,20.0,1.0,-0.9403889,-1.0,0.36287677,0.36287677,0.98622817,0.95416075,-0.9403889,-1.0,0.36287677,0.36287677,0.98622817,0.95416075
32.228,2.6820,13.6216,0.2176,3.0,20.0,1.0,-0.94039506,-1.0,0.3620898,0.3620898,0.98620564,0.9541894,-0.94039506,-1.0,0.3620898,0.3620898,0.98620564,0.9541894
32.279,2.6843,13.6496,0.2177,3.0,20.0,1.0,-0.94027513,-1.0,0.3667912,0.3667912,0.9862296,0.9540456,-0.94027513,-1.0,0.3667912,0.3667912,0.9862296,0.9540456
32.327,2.6877,13.6915,0.2178,3.0,20.0,1.0,-0.94027996,-1.0,0.36599216,0.36599216,0.9862072,0.9540728,-0.94027996,-1.0,0.36599216,0.36599216,0.9862072,0.9540728
32.381,2.6900,13.7195,0.2179,3.0,20.0,1.0,-0.9401594,-1.0,0.37076837,0.37076837,0.9862334,0.95392597,-0.9401594,-1.0,0.37076837,0.37076837,0.9862334,0.95392597
32.428,2.6934,13.7615,0.2180,3.0,20.0,1.0,-0.9401671,-1.0,0.36980033,0.36980033,0.9862089,0.9539582,-0.9401671,-1.0,0.36980033,0.36980033,0.9862089,0.9539582
32.478,2.6956,13.7894,0.2181,3.0,20.0,1.0,-0.9400361,-1.0,0.3753094,0.3753094,0.98624307,0.95379305,-0.9400361,-1.0,0.3753094,0.3753094,0.98624307,0.95379305
32.527,2.6990,13.8314,0.2182,3.0,20.0,1.0,-0.9400513,-1.0,0.37406218,0.37406218,0.9862143,0.95383704,-0.9400513,-1.0,0.37406218,0.37406218,0.9862143,0.95383704
32.581,2.7013,13.8593,0.2183,3.0,20.0,1.0,-0.9399434,-1.0,0.37909207,0.37909207,0.98624057,0.9537028,-0.9399434,-1.0,0.37909207,0.37909207,0.98624057,0.9537028
32.627,2.7046,13.9012,0.2185,3.0,20.0,1.0,-0.93995434,-1.0,0.37791583,0.37791583,0.9862129,0.95374143,-0.93995434,-1.0,0.37791583,0.37791583,0.9862129,0.95374143
32.679,2.7069,13.9291,0.2186,3.0,20.0,1.0,-0.93983704,-1.0,0.38394287,0.38394287,0.9862486,0.9535885,-0.93983704,-1.0,0.38394287,0.38394287,0.9862486,0.9535885
32.728,2.7102,13.9710,0.2187,3.0,20.0,1.0,-0.9398485,-1.0,0.38254502,0.38254502,0.98621935,0.95362914,-0.9398485,-1.0,0.38254502,0.38254502,0.98621935,0.95362914
32.781,2.7125,13.9989,0.2188,3.0,20.0,1.0,-0.93974924,-1.0,0.38771352,0.38771352,0.9862477,0.9535015,-0.93974924,-1.0,0.38771352,0.38771352,0.9862477,0.9535015
32.829,2.7158,14.0408,0.2190,3.0,20.0,1.0,-0.9397545,-1.0,0.38658187,0.38658187,0.9862209,0.9535336,-0.9397545,-1.0,0.38658187,0.38658187,0.9862209,0.9535336
32.882,2.7180,14.0687,0.2191,3.0,20.0,1.0,-0.93966615,-1.0,0.39269525,0.39269525,0.9862512,0.95341504,-0.93966615,-1.0,0.39269525,0.39269525,0.9862512,0.95341504
32.927,2.7213,14.1105,0.2192,3.0,20.0,1.0,-0.93968326,-1.0,0.39090586,0.39090586,0.98621595,0.9534673,-0.93968326,-1.0,0.39090586,0.39090586,0.98621595,0.9534673
32.981,2.7235,14.1384,0.2193,3.0,20.0,1.0,-0.93960464,-1.0,0.39749506,0.39749506,0.98624784,0.9533568,-0.93960464,-1.0,0.39749506,0.39749506,0.98624784,0.9533568
33.029,2.7268,14.1802,0.2195,3.0,20.0,1.0,-0.93961143,-1.0,0.39554462,0.39554462,0.98621535,0.95339614,-0.93961143,-1.0,0.39554462,0.39554462,0.98621535,0.95339614
33.078,2.7290,14.2081,0.2196,3.0,20.0,1.0,-0.93954784,-1.0,0.40206948,0.40206948,0.986244,0.9533038,-0.93954784,-1.0,0.40206948,0.40206948,0.986244,0.9533038
33.128,2.7323,14.2498,0.2198,3.0,20.0,1.0,-0.9395491,-1.0,0.40050063,0.40050063,0.98621476,0.95333433,-0.9395491,-1.0,0.40050063,0.40050063,0.98621476,0.95333433
33.180,2.7345,14.2777,0.2199,3.0,20.0,1.0,-0.9394996,-1.0,0.40624884,0.40624884,0.9862365,0.9532631,-0.9394996,-1.0,0.40624884,0.40624884,0.9862365,0.9532631
33.228,2.7378,14.3194,0.2201,3.0,20.0,1.0,-0.939499,-1.0,0.40504682,0.40504682,0.986209,0.95329005,-0.939499,-1.0,0.40504682,0.40504682,0.986209,0.95329005
33.281,2.7399,14.3473,0.2202,3.0,20.0,1.0,-0.9394587,-1.0,0.41160384,0.41160384,0.9862349,0.95322376,-0.9394587,-1.0,0.41160384,0.41160384,0.9862349,0.95322376
33.328,2.7432,14.3890,0.2204,3.0,20.0,1.0,-0.9394551,-1.0,0.4097532,0.4097532,0.9862038,0.95325136,-0.9394551,-1.0,0.4097532,0.4097532,0.9862038,0.95325136
33.380,2.7453,14.4168,0.2205,3.0,20.0,1.0,-0.93942726,-1.0,0.41678172,0.41678172,0.9862309,0.95319635,-0.93942726,-1.0,0.41678172,0.41678172,0.9862309,0.95319635
33.428,2.7486,14.4585,0.2207,3.0,20.0,1.0,-0.93941784,-1.0,0.41487604,0.41487604,0.9862008,0.953217,-0.93941784,-1.0,0.41487604,0.41487604,0.9862008,0.953217
33.479,2.7507,14.4863,0.2209,3.0,20.0,1.0,-0.939376,-1.0,0.42169607,0.42169607,0.98623693,0.95313907,-0.939376,-1.0,0.42169607,0.42169607,0.98623693,0.95313907
33.528,2.7540,14.5279,0.2211,3.0,20.0,1.0,-0.9393525,-1.0,0.4200522,0.4200522,0.9862135,0.95313895,-0.9393525,-1.0,0.4200522,0.4200522,0.9862135,0.95313895
33.578,2.7577,14.5765,0.2213,3.0,20.0,1.0,-0.9393268,-1.0,0.42684862,0.42684862,0.98624545,0.9530813,-0.9393268,-1.0,0.42684862,0.42684862,0.98624545,0.9530813
33.628,2.7593,14.5973,0.2214,3.0,20.0,1.0,-0.9393233,-1.0,0.43194664,0.43194664,0.98625064,0.9530727,-0.9393233,-1.0,0.43194664,0.43194664,0.98625064,0.9530727
33.679,2.7614,14.6251,0.2216,3.0,20.0,1.0,-0.93932146,-1.0,0.42698443,0.42698443,0.98619187,0.9531296,-0.93932146,-1.0,0.42698443,0.42698443,0.98619187,0.9531296
33.728,2.7646,14.6667,0.2218,3.0,20.0,1.0,-0.93932986,-1.0,0.43083212,0.43083212,0.9861988,0.9531311,-0.93932986,-1.0,0.43083212,0.43083212,0.9861988,0.9531311
33.778,2.7667,14.6944,0.2219,3.0,20.0,1.0,-0.9393548,-1.0,0.4373472,0.4373472,0.98621213,0.9531427,-0.9393548,-1.0,0.4373472,0.4373472,0.98621213,0.9531427
33.828,2.7699,14.7359,0.2222,3.0,20.0,1.0,-0.93934107,-1.0,0.43617323,0.43617323,0.98618543,0.95315564,-0.93934107,-1.0,0.43617323,0.43617323,0.98618543,0.95315564
33.878,2.7720,14.7636,0.2223,3.0,20.0,1.0,-0.9393843,-1.0,0.4433113,0.4433113,0.98619944,0.95318484,-0.9393843,-1.0,0.4433113,0.4433113,0.98619944,0.95318484
33.928,2.7752,14.8052,0.2226,3.0,20.0,1.0,-0.93936354,-1.0,0.44186446,0.44186446,0.98617285,0.9531906,-0.93936354,-1.0,0.44186446,0.44186446,0.98617285,0.9531906
33.978,2.7773,14.8328,0.2227,3.0,20.0,1.0,-0.9394197,-1.0,0.44888952,0.44888952,0.98618287,0.9532368,-0.9394197,-1.0,0.44888952,0.44888952,0.98618287,0.9532368
34.028,2.7804,14.8743,0.2230,3.0,20.0,1.0,-0.9393971,-1.0,0.44767308,0.44767308,0.9861587,0.95323837,-0.9393971,-1.0,0.44767308,0.44767308,0.9861587,0.95323837
34.078,2.7825,14.9020,0.2231,3.0,20.0,1.0,-0.9394668,-1.0,0.45478794,0.45478794,0.98616624,0.95330054,-0.9394668,-1.0,0.45478794,0.45478794,0.98616624,0.95330054
34.128,2.7856,14.9434,0.2234,3.0,20.0,1.0,-0.93944156,-1.0,0.4535823,0.4535823,0.98614275,0.95329887,-0.93944156,-1.0,0.4535823,0.4535823,0.98614275,0.95329887
34.178,2.7877,14.9711,0.2236,3.0,20.0,1.0,-0.9395234,-1.0,0.46077287,0.46077287,0.9861482,0.9533752,-0.9395234,-1.0,0.46077287,0.46077287,0.9861482,0.9533752
34.228,2.7908,15.0125,0.2238,3.0,20.0,1.0,-0.9394989,-1.0,0.45967385,0.45967385,0.9861247,0.9533742,-0.9394989,-1.0,0.45967385,0.45967385,0.9861247,0.9533742
34.282,2.7929,15.0401,0.2240,3.0,20.0,1.0,-0.9395967,-1.0,0.46721226,0.46721226,0.9861292,0.9534675,-0.9395967,-1.0,0.46721226,0.46721226,0.9861292,0.9534675
34.328,2.7960,15.0815,0.2243,3.0,20.0,1.0,-0.9395559,-1.0,0.46532977,0.46532977,0.9861038,0.95345205,-0.9395559,-1.0,0.46532977,0.46532977,0.9861038,0.95345205
34.381,2.7980,15.1091,0.2245,3.0,20.0,1.0,-0.9396928,-1.0,0.4744205,0.4744205,0.98611057,0.9535822,-0.9396928,-1.0,0.4744205,0.4744205,0.98611057,0.9535822
34.428,2.8011,15.1504,0.2248,3.0,20.0,1.0,-0.93963814,-1.0,0.47186512,0.47186512,0.9860827,0.9535554,-0.93963814,-1.0,0.47186512,0.47186512,0.9860827,0.9535554
34.478,2.8031,15.1780,0.2250,3.0,20.0,1.0,-0.93978316,-1.0,0.48080775,0.48080775,0.98608685,0.9536963,-0.93978316,-1.0,0.48080775,0.48080775,0.98608685,0.9536963
34.528,2.8062,15.2193,0.2253,3.0,20.0,1.0,-0.93972975,-1.0,0.47874263,0.47874263,0.9860638,0.953666,-0.93972975,-1.0,0.47874263,0.47874263,0.9860638,0.953666
34.584,2.8082,15.2468,0.2255,3.0,20.0,1.0,-0.93986535,-1.0,0.48695695,0.48695695,0.98606646,0.9537989,-0.93986535,-1.0,0.48695695,0.48695695,0.98606646,0.9537989
34.628,2.8112,15.2881,0.2258,3.0,20.0,1.0,-0.9398073,-1.0,0.4846692,0.4846692,0.9860411,0.95376617,-0.9398073,-1.0,0.4846692,0.4846692,0.9860411,0.95376617
34.679,2.8132,15.3155,0.2260,3.0,20.0,1.0,-0.94000196,-1.0,0.4954854,0.4954854,0.98605216,0.9539498,-0.94000196,-1.0,0.4954854,0.4954854,0.98605216,0.9539498
34.728,2.8163,15.3568,0.2264,3.0,20.0,1.0,-0.9399242,-1.0,0.4923956,0.4923956,0.98602474,0.95389944,-0.9399242,-1.0,0.4923956,0.4923956,0.98602474,0.95389944
34.780,2.8183,15.3842,0.2266,3.0,20.0,1.0,-0.9400756,-1.0,0.5008837,0.5008837,0.9860289,0.95404667,-0.9400756,-1.0,0.5008837,0.5008837,0.9860289,0.95404667
34.828,2.8213,15.4254,0.2269,3.0,20.0,1.0,-0.94002324,-1.0,0.49913365,0.49913365,0.9860057,0.9540176,-0.94002324,-1.0,0.49913365,0.49913365,0.9860057,0.9540176
34.878,2.8233,15.4529,0.2272,3.0,20.0,1.0,-0.94020635,-1.0,0.5088218,0.5088218,0.9860139,0.95419246,-0.94020635,-1.0,0.5088218,0.5088218,0.9860139,0.95419246
34.928,2.8262,15.4940,0.2276,3.0,20.0,1.0,-0.94015074,-1.0,0.5067543,0.5067543,0.98598593,0.9541648,-0.94015074,-1.0,0.5067543,0.5067543,0.98598593,0.9541648
34.978,2.8282,15.5214,0.2278,3.0,20.0,1.0,-0.9403303,-1.0,0.51571983,0.51571983,0.9859875,0.9543429,-0.9403303,-1.0,0.51571983,0.51571983,0.9859875,0.9543429
35.028,2.8312,15.5625,0.2282,3.0,20.0,1.0,-0.94028205,-1.0,0.5142149,0.5142149,0.98596364,0.9543184,-0.94028205,-1.0,0.5142149,0.5142149,0.98596364,0.9543184
35.081,2.8331,15.5899,0.2285,3.0,20.0,1.0,-0.9404745,-1.0,0.5234104,0.5234104,0.98596436,0.95451015,-0.9404745,-1.0,0.5234104,0.5234104,0.98596436,0.95451015
35.128,2.8361,15.6309,0.2289,3.0,20.0,1.0,-0.94041395,-1.0,0.5214272,0.5214272,0.9859384,0.95447564,-0.94041395,-1.0,0.5214272,0.5214272,0.9859384,0.95447564
35.179,2.8380,15.6583,0.2292,3.0,20.0,1.0,-0.94065386,-1.0,0.5322697,0.5322697,0.9859425,0.9547114,-0.94065386,-1.0,0.5322697,0.5322697,0.9859425,0.9547114
35.228,2.8409,15.6993,0.2296,3.0,20.0,1.0,-0.9405772,-1.0,0.529733,0.529733,0.9859153,0.9546619,-0.9405772,-1.0,0.529733,0.529733,0.9859153,0.9546619
35.281,2.8429,15.7266,0.2299,3.0,20.0,1.0,-0.94080085,-1.0,0.53966206,0.53966206,0.98591584,0.95488495,-0.94080085,-1.0,0.53966206,0.53966206,0.98591584,0.95488495
35.329,2.8458,15.7675,0.2304,3.0,20.0,1.0,-0.9407251,-1.0,0.537305,0.537305,0.98589003,0.95483506,-0.9407251,-1.0,0.537305,0.537305,0.98589003,0.95483506
35.379,2.8477,15.7948,0.2307,3.0,20.0,1.0,-0.94100183,-1.0,0.5488904,0.5488904,0.98589104,0.9551108,-0.94100183,-1.0,0.5488904,0.5488904,0.98589104,0.9551108
35.427,2.8505,15.8357,0.2312,3.0,20.0,1.0,-0.940917,-1.0,0.54622716,0.54622716,0.98586386,0.9550532,-0.940917,-1.0,0.54622716,0.54622716,0.98586386,0.9550532
35.482,2.8525,15.8630,0.2315,3.0,20.0,1.0,-0.94115907,-1.0,0.55648667,0.55648667,0.9858645,0.95529455,-0.94115907,-1.0,0.55648667,0.55648667,0.9858645,0.95529455
35.528,2.8553,15.9038,0.2320,3.0,20.0,1.0,-0.9410761,-1.0,0.55407053,0.55407053,0.98583955,0.95523655,-0.9410761,-1.0,0.55407053,0.55407053,0.98583955,0.95523655
35.580,2.8572,15.9310,0.2324,3.0,20.0,1.0,-0.9413864,-1.0,0.5667376,0.5667376,0.985847,0.9555394,-0.9413864,-1.0,0.5667376,0.5667376,0.985847,0.9555394
35.628,2.8600,15.9718,0.2329,3.0,20.0,1.0,-0.94127226,-1.0,0.5631387,0.5631387,0.98581654,0.9554557,-0.94127226,-1.0,0.5631387,0.5631387,0.98581654,0.9554557
35.680,2.8619,15.9990,0.2333,3.0,20.0,1.0,-0.941573,-1.0,0.57529044,0.57529044,0.9858226,0.9557504,-0.941573,-1.0,0.57529044,0.57529044,0.9858226,0.9557504
35.728,2.8647,16.0397,0.2339,3.0,20.0,1.0,-0.94147295,-1.0,0.5723181,0.5723181,0.9857943,0.9556787,-0.94147295,-1.0,0.5723181,0.5723181,0.9857943,0.9556787
35.779,2.8666,16.0669,0.2343,3.0,20.0,1.0,-0.9417784,-1.0,0.5845752,0.5845752,0.98580253,0.9559759,-0.9417784,-1.0,0.5845752,0.5845752,0.98580253,0.9559759
35.828,2.8693,16.1075,0.2349,3.0,20.0,1.0,-0.9416887,-1.0,0.58199334,0.58199334,0.9857738,0.9559149,-0.9416887,-1.0,0.58199334,0.58199334,0.9857738,0.9559149
35.878,2.8712,16.1346,0.2353,3.0,20.0,1.0,-0.9419856,-1.0,0.59371346,0.59371346,0.9857782,0.95620745,-0.9419856,-1.0,0.59371346,0.59371346,0.9857782,0.95620745
35.928,2.8740,16.1753,0.2359,3.0,20.0,1.0,-0.9419088,-1.0,0.59165496,0.59165496,0.98575085,0.9561579,-0.9419088,-1.0,0.59165496,0.59165496,0.98575085,0.9561579
35.978,2.8771,16.2226,0.2367,3.0,20.0,1.0,-0.9422125,-1.0,0.60360235,0.60360235,0.98575836,0.95645416,-0.9422125,-1.0,0.60360235,0.60360235,0.98575836,0.95645416
36.028,2.8785,16.2429,0.2371,3.0,20.0,1.0,-0.9424736,-1.0,0.6140256,0.6140256,0.9857534,0.9567202,-0.9424736,-1.0,0.6140256,0.6140256,0.9857534,0.9567202
36.078,2.8803,16.2699,0.2375,3.0,20.0,1.0,-0.9421899,-1.0,0.6045168,0.6045168,0.9857052,0.95648474,-0.9421899,-1.0,0.6045168,0.6045168,0.9857052,0.95648474
36.128,2.8830,16.3104,0.2383,3.0,20.0,1.0,-0.942373,-1.0,0.6115678,0.6115678,0.98570365,0.95666933,-0.942373,-1.0,0.6115678,0.6115678,0.98570365,0.95666933
36.182,2.8848,16.3374,0.2388,3.0,20.0,1.0,-0.94271004,-1.0,0.6246933,0.6246933,0.9857207,0.9569893,-0.94271004,-1.0,0.6246933,0.6246933,0.9857207,0.9569893
36.228,2.8875,16.3778,0.2395,3.0,20.0,1.0,-0.9425919,-1.0,0.6214679,0.6214679,0.98569113,0.9569008,-0.9425919,-1.0,0.6214679,0.6214679,0.98569113,0.9569008
36.280,2.8893,16.4047,0.2400,3.0,20.0,1.0,-0.94299746,-1.0,0.63685495,0.63685495,0.98571545,0.957282,-0.94299746,-1.0,0.63685495,0.63685495,0.98571545,0.957282
36.328,2.8919,16.4451,0.2408,3.0,20.0,1.0,-0.9428547,-1.0,0.6325689,0.6325689,0.98567414,0.95718056,-0.9428547,-1.0,0.6325689,0.6325689,0.98567414,0.95718056
36.378,2.8937,16.4720,0.2414,3.0,20.0,1.0,-0.9432561,-1.0,0.6475388,0.6475388,0.98569274,0.9575634,-0.9432561,-1.0,0.6475388,0.6475388,0.98569274,0.9575634
36.429,2.8963,16.5122,0.2422,3.0,20.0,1.0,-0.9431405,-1.0,0.6443635,0.6443635,0.9856586,0.9574819,-0.9431405,-1.0,0.6443635,0.6443635,0.9856586,0.9574819
36.482,2.8981,16.5391,0.2428,3.0,20.0,1.0,-0.943511,-1.0,0.6581658,0.6581658,0.98567224,0.9578388,-0.943511,-1.0,0.6581658,0.6581658,0.98567224,0.9578388
36.528,2.9007,16.5793,0.2437,3.0,20.0,1.0,-0.9433945,-1.0,0.654976,0.654976,0.98563623,0.95775825,-0.9433945,-1.0,0.654976,0.654976,0.98563623,0.95775825
36.578,2.9024,16.6061,0.2443,3.0,20.0,1.0,-0.9438535,-1.0,0.67188406,0.67188406,0.98566693,0.95818657,-0.9438535,-1.0,0.67188406,0.67188406,0.98566693,0.95818657
36.628,2.9050,16.6462,0.2453,3.0,20.0,1.0,-0.94370764,-1.0,0.66776305,0.66776305,0.98562735,0.9580803,-0.94370764,-1.0,0.66776305,0.66776305,0.98562735,0.9580803
36.679,2.9067,16.6729,0.2460,3.0,20.0,1.0,-0.94411194,-1.0,0.68245834,0.68245834,0.9856402,0.95847166,-0.94411194,-1.0,0.68245834,0.68245834,0.9856402,0.95847166
36.728,2.9092,16.7130,0.2470,3.0,20.0,1.0,-0.943998,-1.0,0.67945987,0.67945987,0.98560447,0.9583935,-0.943998,-1.0,0.67945987,0.67945987,0.98560447,0.9583935
36.780,2.9109,16.7397,0.2477,3.0,20.0,1.0,-0.9444566,-1.0,0.696228,0.696228,0.98563546,0.9588211,-0.9444566,-1.0,0.696228,0.696228,0.98563546,0.9588211
36.829,2.9134,16.7797,0.2488,3.0,20.0,1.0,-0.94429934,-1.0,0.6919826,0.6919826,0.9855993,0.95870006,-0.94429934,-1.0,0.6919826,0.6919826,0.9855993,0.95870006
36.878,2.9163,16.8262,0.2501,3.0,20.0,1.0,-0.9447847,-1.0,0.7096434,0.7096434,0.98563546,0.95914924,-0.9447847,-1.0,0.7096434,0.7096434,0.98563546,0.95914924
36.928,2.9176,16.8462,0.2507,3.0,20.0,1.0,-0.94511265,-1.0,0.7223015,0.7223015,0.9856479,0.9594647,-0.94511265,-1.0,0.7223015,0.7223015,0.9856479,0.9594647
36.978,2.9192,16.8728,0.2515,3.0,20.0,1.0,-0.9447255,-1.0,0.7096892,0.7096892,0.9855623,0.95916325,-0.9447255,-1.0,0.7096892,0.7096892,0.9855623,0.95916325
37.029,2.9217,16.9126,0.2527,3.0,20.0,1.0,-0.94498867,-1.0,0.7191554,0.7191554,0.985568,0.95942074,-0.94498867,-1.0,0.7191554,0.7191554,0.985568,0.95942074
37.078,2.9233,16.9391,0.2536,3.0,20.0,1.0,-0.9454508,-1.0,0.7360926,0.7360926,0.98560745,0.95984334,-0.9454508,-1.0,0.7360926,0.7360926,0.98560745,0.95984334
37.128,2.9257,16.9788,0.2549,3.0,20.0,1.0,-0.9453308,-1.0,0.7331529,0.7331529,0.98557276,0.95975804,-0.9453308,-1.0,0.7331529,0.7331529,0.98557276,0.95975804
37.179,2.9273,17.0053,0.2558,3.0,20.0,1.0,-0.94581264,-1.0,0.7505743,0.7505743,0.9856078,0.96020484,-0.94581264,-1.0,0.7505743,0.7505743,0.9856078,0.96020484
37.228,2.9297,17.0449,0.2572,3.0,20.0,1.0,-0.94569325,-1.0,0.7474601,0.7474601,0.9855618,0.96013147,-0.94569325,-1.0,0.7474601,0.7474601,0.9855618,0.96013147
37.278,2.9313,17.0713,0.2581,3.0,20.0,1.0,-0.94620866,-1.0,0.7657662,0.7657662,0.98559195,0.9606167,-0.94620866,-1.0,0.7657662,0.7657662,0.98559195,0.9606167
37.329,2.9336,17.1108,0.2596,3.0,20.0,1.0,-0.94607455,-1.0,0.7623357,0.7623357,0.9855503,0.96052426,-0.94607455,-1.0,0.7623357,0.7623357,0.9855503,0.96052426
37.378,2.9352,17.1372,0.2607,3.0,20.0,1.0,-0.9466004,-1.0,0.78110266,0.78110266,0.98558766,0.9610127,-0.9466004,-1.0,0.78110266,0.78110266,0.98558766,0.9610127
37.428,2.9375,17.1766,0.2623,3.0,20.0,1.0,-0.94646555,-1.0,0.7777154,0.7777154,0.9855467,0.96091884,-0.94646555,-1.0,0.7777154,0.7777154,0.9855467,0.96091884
37.478,2.9391,17.2029,0.2634,3.0,20.0,1.0,-0.9470063,-1.0,0.79690397,0.79690397,0.985582,0.9614243,-0.9470063,-1.0,0.79690397,0.79690397,0.985582,0.9614243
37.528,2.9413,17.2422,0.2651,3.0,20.0,1.0,-0.9468611,-1.0,0.79320806,0.79320806,0.9855391,0.961322,-0.9468611,-1.0,0.79320806,0.79320806,0.9855391,0.961322
37.578,2.9429,17.2684,0.2663,3.0,20.0,1.0,-0.947451,-1.0,0.81412494,0.81412494,0.98558694,0.96186405,-0.947451,-1.0,0.81412494,0.81412494,0.98558694,0.96186405
37.628,2.9451,17.3077,0.2681,3.0,20.0,1.0,-0.94728774,-1.0,0.80968463,0.80968463,0.9855297,0.961758,-0.94728774,-1.0,0.80968463,0.80968463,0.9855297,0.961758
37.678,2.9466,17.3338,0.2694,3.0,20.0,1.0,-0.947885,-1.0,0.83070976,0.83070976,0.98556966,0.9623153,-0.947885,-1.0,0.83070976,0.83070976,0.98556966,0.9623153
37.728,2.9488,17.3730,0.2714,3.0,20.0,1.0,-0.94771475,-1.0,0.826235,0.826235,0.9855212,0.96219355,-0.94771475,-1.0,0.826235,0.826235,0.9855212,0.96219355
37.778,2.9514,17.4186,0.2739,3.0,20.0,1.0,-0.94835824,-1.0,0.8488107,0.8488107,0.98556745,0.9627908,-0.94835824,-1.0,0.8488107,0.8488107,0.98556745,0.9627908
37.828,2.9525,17.4381,0.2749,3.0,20.0,1.0,-0.9488355,-1.0,0.8663819,0.8663819,0.9855914,0.9632441,-0.9488355,-1.0,0.8663819,0.8663819,0.9855914,0.9632441
37.878,2.9539,17.4641,0.2765,3.0,20.0,1.0,-0.94829196,-1.0,0.8492047,0.8492047,0.9854782,0.96281374,-0.94829196,-1.0,0.8492047,0.8492047,0.9854782,0.96281374
37.928,2.9560,17.5031,0.2788,3.0,20.0,1.0,-0.9486433,-1.0,0.8615716,0.8615716,0.98548615,0.9631572,-0.9486433,-1.0,0.8615716,0.8615716,0.98548615,0.9631572
37.978,2.9575,17.5290,0.2804,3.0,20.0,1.0,-0.94930744,-1.0,0.88520724,0.88520724,0.9855563,0.96375114,-0.94930744,-1.0,0.88520724,0.88520724,0.9855563,0.96375114
38.028,2.9596,17.5678,0.2829,3.0,20.0,1.0,-0.949119,-1.0,0.88041383,0.88041383,0.98551774,0.96360123,-0.949119,-1.0,0.88041383,0.88041383,0.98551774,0.96360123
38.078,2.9610,17.5937,0.2846,3.0,20.0,1.0,-0.9497849,-1.0,0.9040235,0.9040235,0.98557603,0.96420884,-0.9497849,-1.0,0.9040235,0.9040235,0.98557603,0.96420884
38.129,2.9630,17.6324,0.2873,3.0,20.0,1.0,-0.9496094,-1.0,0.8994028,0.8994028,0.9855169,0.9640925,-0.9496094,-1.0,0.8994028,0.8994028,0.9855169,0.9640925
38.179,2.9644,17.6582,0.2892,3.0,20.0,1.0,-0.9502969,-1.0,0.9235794,0.9235794,0.98556364,0.9647333,-0.9502969,-1.0,0.9235794,0.9235794,0.98556364,0.9647333
38.228,2.9664,17.6968,0.2921,3.0,20.0,1.0,-0.95011187,-1.0,0.9185811,0.9185811,0.9854947,0.9646172,-0.95011187,-1.0,0.9185811,0.9185811,0.9854947,0.9646172
38.279,2.9678,17.7225,0.2941,3.0,20.0,1.0,-0.95086026,-1.0,0.9447116,0.9447116,0.98554236,0.9653179,-0.95086026,-1.0,0.9447116,0.9447116,0.98554236,0.9653179
38.328,2.9697,17.7610,0.2973,3.0,20.0,1.0,-0.95065284,-1.0,0.9392237,0.9392237,0.9854941,0.9651588,-0.95065284,-1.0,0.9392237,0.9392237,0.9854941,0.9651588
38.377,2.9711,17.7866,0.2994,3.0,20.0,1.0,-0.9513778,-1.0,0.9647873,0.9647873,0.9855551,0.96582264,-0.9513778,-1.0,0.9647873,0.9647873,0.9855551,0.96582264
38.428,2.9730,17.8249,0.3029,3.0,20.0,1.0,-0.9511785,-1.0,0.9596632,0.9596632,0.9855177,0.96566075,-0.9511785,-1.0,0.9596632,0.9596632,0.9855177,0.96566075
38.478,2.9743,17.8505,0.3053,3.0,20.0,1.0,-0.95194143,-1.0,0.98661715,0.98661715,0.9856035,0.9663379,-0.95194143,-1.0,0.98661715,0.98661715,0.9856035,0.9663379
38.528,2.9762,17.8887,0.3090,3.0,20.0,1.0,-0.9517297,-1.0,0.98093086,0.98093086,0.9855393,0.9661904,-0.9517297,-1.0,0.98093086,0.98093086,0.9855393,0.9661904
38.579,2.9774,17.9142,0.3116,3.0,20.0,1.0,-0.9450634,-0.9921961,1.0,1.0,0.97792447,0.959335,-0.9450634,-0.9921961,1.0,1.0,0.97792447,0.959335
38.629,2.9793,17.9523,0.3157,3.0,20.0,1.0,-0.9499197,-0.99750596,1.0,1.0,0.9830971,0.96432865,-0.9499197,-0.99750596,1.0,1.0,0.9830971,0.96432865
38.678,2.9805,17.9776,0.3185,3.0,20.0,1.0,-0.9251686,-0.970703,1.0,1.0,0.9567589,0.93911266,-0.9251686,-0.970703,1.0,1.0,0.9567589,0.93911266
38.728,2.9823,18.0154,0.3229,3.0,20.0,1.0,-0.9300757,-0.9760649,1.0,1.0,0.9619812,0.94415945,-0.9300757,-0.9760649,1.0,1.0,0.9619812,0.94415945
38.778,2.9844,18.0592,0.3282,3.0,20.0,1.0,-0.9059997,-0.94997954,1.0,1.0,0.93633074,0.91964847,-0.9059997,-0.94997954,1.0,1.0,0.93633074,0.91964847
38.828,2.9853,18.0778,0.3306,3.0,20.0,1.0,-0.88632554,-0.92867666,1.0,1.0,0.91538715,0.8996151,-0.88632554,-0.92867666,1.0,1.0,0.91538715,0.8996151
38.878,2.9864,18.1026,0.3338,3.0,20.0,1.0,-0.90574616,-0.94977885,1.0,1.0,0.936002,0.919523,-0.90574616,-0.94977885,1.0,1.0,0.936002,0.919523
38.928,2.9881,18.1394,0.3387,3.0,20.0,1.0,-0.8923366,-0.9352369,1.0,1.0,0.92165923,0.90591425,-0.8923366,-0.9352369,1.0,1.0,0.92165923,0.90591425
38.978,2.9892,18.1638,0.3421,3.0,20.0,1.0,-0.86939114,-0.91035485,1.0,1.0,0.8971988,0.8825472,-0.86939114,-0.91035485,1.0,1.0,0.8971988,0.8825472
39.028,2.9909,18.2001,0.3472,3.0,20.0,1.0,-0.8739316,-0.9153097,1.0,1.0,0.9020182,0.8872232,-0.8739316,-0.9153097,1.0,1.0,0.9020182,0.8872232
39.077,2.9919,18.2241,0.3507,3.0,20.0,1.0,-0.851591,-0.8910701,1.0,1.0,0.87809527,0.86456585,-0.851591,-0.8910701,1.0,1.0,0.87809527,0.86456585
39.128,2.9935,18.2597,0.3561,3.0,20.0,1.0,-0.85650754,-0.8964284,1.0,1.0,0.8832906,0.8696453,-0.85650754,-0.8964284,1.0,1.0,0.8832906,0.8696453
39.178,2.9946,18.2833,0.3598,3.0,20.0,1.0,-0.83413273,-0.8721431,1.0,1.0,0.859254,0.84702176,-0.83413273,-0.8721431,1.0,1.0,0.859254,0.84702176
39.228,2.9961,18.3182,0.3653,3.0,20.0,1.0,-0.8390591,-0.8775075,1.0,1.0,0.86447877,0.85208786,-0.8390591,-0.8775075,1.0,1.0,0.86447877,0.85208786
39.278,2.9971,18.3413,0.3691,3.0,20.0,1.0,-0.8176511,-0.8542696,1.0,1.0,0.8414221,0.83049864,-0.8176511,-0.8542696,1.0,1.0,0.8414221,0.83049864
39.329,2.9985,18.3757,0.3748,3.0,20.0,1.0,-0.8222611,-0.8592839,1.0,1.0,0.8463201,0.8352249,-0.8222611,-0.8592839,1.0,1.0,0.8463201,0.8352249
39.379,2.9995,18.3983,0.3787,3.0,20.0,1.0,-0.8015528,-0.836807,1.0,1.0,0.82396525,0.81439453,-0.8015528,-0.836807,1.0,1.0,0.82396525,0.81439453
39.428,3.0009,18.4319,0.3847,3.0,20.0,1.0,-0.80591863,-0.8415489,1.0,1.0,0.8286089,0.8188587,-0.80591863,-0.8415489,1.0,1.0,0.8286089,0.8188587
39.478,3.0018,18.4541,0.3888,3.0,20.0,1.0,-0.7857761,-0.8196909,1.0,1.0,0.8068144,0.7986526,-0.7857761,-0.8196909,1.0,1.0,0.8068144,0.7986526
39.528,3.0032,18.4871,0.3949,3.0,20.0,1.0,-0.7902546,-0.8245468,1.0,1.0,0.81158495,0.80321646,-0.7902546,-0.8245468,1.0,1.0,0.81158495,0.80321646
39.578,3.0040,18.5088,0.3991,3.0,20.0,1.0,-0.77069974,-0.80333376,1.0,1.0,0.79037815,0.78365535,-0.77069974,-0.80333376,1.0,1.0,0.79037815,0.78365535
39.628,3.0053,18.5411,0.4056,3.0,20.0,1.0,-0.77497315,-0.807958,1.0,1.0,0.79493415,0.787997,-0.77497315,-0.807958,1.0,1.0,0.79493415,0.787997
39.678,3.0062,18.5624,0.4099,3.0,20.0,1.0,-0.7563489,-0.78776324,1.0,1.0,0.7746914,0.76942074,-0.7563489,-0.78776324,1.0,1.0,0.7746914,0.76942074
39.728,3.0074,18.5940,0.4166,3.0,20.0,1.0,-0.7604384,-0.7921781,1.0,1.0,0.77905405,0.77356243,-0.7604384,-0.7921781,1.0,1.0,0.77905405,0.77356243
39.778,3.0088,18.6303,0.4247,3.0,20.0,1.0,-0.7421471,-0.7723548,1.0,1.0,0.7591341,0.75536776,-0.7421471,-0.7723548,1.0,1.0,0.7591341,0.75536776
39.828,3.0094,18.6458,0.4282,3.0,20.0,1.0,-0.7278394,-0.7568567,1.0,1.0,0.74351287,0.7411832,-0.7278394,-0.7568567,1.0,1.0,0.74351287,0.7411832
39.878,3.0102,18.6661,0.4329,3.0,20.0,1.0,-0.74312115,-0.7733668,1.0,1.0,0.76003057,0.75645745,-0.74312115,-0.7733668,1.0,1.0,0.76003057,0.75645745
39.928,3.0113,18.6964,0.4402,3.0,20.0,1.0,-0.7332725,-0.7626842,1.0,1.0,0.7492441,0.7467126,-0.7332725,-0.7626842,1.0,1.0,0.7492441,0.7467126
39.978,3.0120,18.7164,0.4452,3.0,20.0,1.0,-0.7165517,-0.74457383,1.0,1.0,0.73097736,0.73014814,-0.7165517,-0.74457383,1.0,1.0,0.73097736,0.73014814
40.028,3.0131,18.7461,0.4528,3.0,20.0,1.0,-0.7206641,-0.7489792,1.0,1.0,0.7353831,0.73426014,-0.7206641,-0.7489792,1.0,1.0,0.7353831,0.73426014
40.077,3.0138,18.7656,0.4580,3.0,20.0,1.0,-0.70471466,-0.73171234,1.0,1.0,0.717917,0.71851003,-0.70471466,-0.73171234,1.0,1.0,0.717917,0.71851003
40.128,3.0148,18.7946,0.4659,3.0,20.0,1.0,-0.70891345,-0.7362042,1.0,1.0,0.7224094,0.7227082,-0.70891345,-0.7362042,1.0,1.0,0.7224094,0.7227082
40.178,3.0155,18.8138,0.4713,3.0,20.0,1.0,-0.6935451,-0.71957153,1.0,1.0,0.7055396,0.70757705,-0.6935451,-0.71957153,1.0,1.0,0.7055396,0.70757705
40.228,3.0165,18.8421,0.4796,3.0,20.0,1.0,-0.69762975,-0.72393095,1.0,1.0,0.7099098,0.7116509,-0.69762975,-0.72393095,1.0,1.0,0.7099098,0.7116509
40.279,3.0171,18.8609,0.4853,3.0,20.0,1.0,-0.6835132,-0.7086505,1.0,1.0,0.69437027,0.6977934,-0.6835132,-0.7086505,1.0,1.0,0.69437027,0.6977934
40.328,3.0180,18.8886,0.4939,3.0,20.0,1.0,-0.6873774,-0.71276236,1.0,1.0,0.69850117,0.7016386,-0.6873774,-0.71276236,1.0,1.0,0.69850117,0.7016386
40.378,3.0186,18.9070,0.4999,3.0,20.0,1.0,-0.6741641,-0.6984517,1.0,1.0,0.6839128,0.688703,-0.6741641,-0.6984517,1.0,1.0,0.6839128,0.688703
40.428,3.0195,18.9341,0.5089,3.0,20.0,1.0,-0.67794275,-0.70246214,1.0,1.0,0.6879517,0.69245315,-0.67794275,-0.70246214,1.0,1.0,0.6879517,0.69245315
40.478,3.0201,18.9520,0.5151,3.0,20.0,1.0,-0.6656213,-0.68910104,1.0,1.0,0.6743023,0.68042004,-0.6656213,-0.68910104,1.0,1.0,0.6743023,0.68042004
40.528,3.0209,18.9786,0.5245,3.0,20.0,1.0,-0.6692833,-0.69297796,1.0,1.0,0.6782151,0.68404615,-0.6692833,-0.69297796,1.0,1.0,0.6782151,0.68404615
40.578,3.0219,19.0092,0.5357,3.0,20.0,1.0,-0.6581576,-0.68088424,1.0,1.0,0.6658359,0.6732059,-0.6581576,-0.68088424,1.0,1.0,0.6658359,0.6732059
40.628,3.0223,19.0221,0.5407,3.0,20.0,1.0,-0.6500259,-0.6719974,1.0,1.0,0.6567066,0.66531676,-0.6500259,-0.6719974,1.0,1.0,0.6567066,0.66531676
40.678,3.0232,19.0520,0.5524,3.0,20.0,1.0,-0.6602784,-0.6830034,1.0,1.0,0.66790587,0.6753759,-0.6602784,-0.6830034,1.0,1.0,0.66790587,0.6753759
40.728,3.0235,19.0646,0.5575,3.0,20.0,1.0,-0.6444844,-0.6657816,1.0,1.0,0.6502528,0.6600132,-0.6444844,-0.6657816,1.0,1.0,0.6502528,0.6600132
40.778,3.0240,19.0814,0.5644,3.0,20.0,1.0,-0.653763,-0.6757526,1.0,1.0,0.66041464,0.66910094,-0.653763,-0.6757526,1.0,1.0,0.66041464,0.66910094
40.828,3.0247,19.1063,0.5749,3.0,20.0,1.0,-0.6490699,-0.67054653,1.0,1.0,0.6550565,0.66456,-0.6490699,-0.67054653,1.0,1.0,0.6550565,0.66456
40.878,3.0252,19.1227,0.5821,3.0,20.0,1.0,-0.64112854,-0.66174924,1.0,1.0,0.64601713,0.6568607,-0.64112854,-0.66174924,1.0,1.0,0.64601713,0.6568607
40.928,3.0258,19.1470,0.5930,3.0,20.0,1.0,-0.64416516,-0.6649457,1.0,1.0,0.6492436,0.6598673,-0.64416516,-0.6649457,1.0,1.0,0.6492436,0.6598673
40.978,3.0262,19.1631,0.6004,3.0,20.0,1.0,-0.63754934,-0.6575139,1.0,1.0,0.64158666,0.65347654,-0.63754934,-0.6575139,1.0,1.0,0.64158666,0.65347654
41.028,3.0269,19.1869,0.6116,3.0,20.0,1.0,-0.6404112,-0.6605292,1.0,1.0,0.6446209,0.6563195,-0.6404112,-0.6605292,1.0,1.0,0.6446209,0.6563195
41.078,3.0273,19.2026,0.6192,3.0,20.0,1.0,-0.61392903,-0.6326067,0.96667546,0.96667546,0.6170342,0.6295015,-0.61392903,-0.6326067,0.96667546,0.96667546,0.6170342,0.6295015
41.128,3.0278,19.2258,0.6307,3.0,20.0,1.0,-0.6205361,-0.63947666,0.97307223,0.97307223,0.6238088,0.636204,-0.6205361,-0.63947666,0.97307223,0.97307223,0.6238088,0.636204
41.179,3.0282,19.2411,0.6384,3.0,20.0,1.0,-0.58511424,-0.6023717,0.9234297,0.9234297,0.58733517,0.60015076,-0.58511424,-0.6023717,0.9234297,0.9234297,0.58733517,0.60015076
41.228,3.0287,19.2637,0.6500,3.0,20.0,1.0,-0.591199,-0.6086944,0.92974335,0.92974335,0.5935465,0.60634685,-0.591199,-0.6086944,0.92974335,0.92974335,0.5935465,0.60634685
41.278,3.0291,19.2785,0.6577,3.0,20.0,1.0,-0.5569865,-0.57287294,0.8802036,0.8802036,0.55838007,0.5714794,-0.5569865,-0.57287294,0.8802036,0.8802036,0.55838007,0.5714794
41.328,3.0296,19.3003,0.6692,3.0,20.0,1.0,-0.5634202,-0.579559,0.88762295,0.88762295,0.56492376,0.57805544,-0.5634202,-0.579559,0.88762295,0.88762295,0.56492376,0.57805544
41.379,3.0299,19.3145,0.6768,3.0,20.0,1.0,-0.5299776,-0.5445591,0.83804154,0.83804154,0.5306002,0.54393655,-0.5299776,-0.5445591,0.83804154,0.83804154,0.5306002,0.54393655
41.428,3.0303,19.3354,0.6881,3.0,20.0,1.0,-0.537714,-0.55260116,0.8478879,0.8478879,0.5384524,0.5518628,-0.537714,-0.55260116,0.8478879,0.8478879,0.5384524,0.5518628
41.478,3.0308,19.3592,0.7010,3.0,20.0,1.0,-0.5029268,-0.5162149,0.7955558,0.7955558,0.5028,0.51634175,-0.5029268,-0.5162149,0.7955558,0.7955558,0.5028,0.51634175
41.529,3.0311,19.3692,0.7065,3.0,20.0,1.0,-0.47921348,-0.49142545,0.75864726,0.75864726,0.4785132,0.49212572,-0.47921348,-0.49142545,0.75864726,0.75864726,0.4785132,0.49212572
41.578,3.0313,19.3822,0.7137,3.0,20.0,1.0,-0.5039975,-0.5172735,0.7948601,0.7948601,0.5037462,0.5175248,-0.5039975,-0.5172735,0.7948601,0.7948601,0.5037462,0.5175248
41.628,3.0317,19.4014,0.7242,3.0,20.0,1.0,-0.48647222,-0.49891713,0.76809067,0.76809067,0.48575762,0.49963173,-0.48647222,-0.49891713,0.76809067,0.76809067,0.48575762,0.49963173
41.678,3.0319,19.4139,0.7311,3.0,20.0,1.0,-0.45726195,-0.46838015,0.7233074,0.7233074,0.45586967,0.46977243,-0.45726195,-0.46838015,0.7233074,0.7233074,0.45586967,0.46977243
41.728,3.0323,19.4321,0.7412,3.0,20.0,1.0,-0.46362907,-0.47497672,0.73221767,0.73221767,0.4622783,0.47632748,-0.46362907,-0.47497672,0.73221767,0.73221767,0.4622783,0.47632748
41.778,3.0325,19.4441,0.7478,3.0,20.0,1.0,-0.43440968,-0.4444515,0.6875855,0.6875855,0.432405,0.44645622,-0.43440968,-0.4444515,0.6875855,0.6875855,0.432405,0.44645622
41.829,3.0328,19.4615,0.7573,3.0,20.0,1.0,-0.4409621,-0.45123821,0.6969895,0.6969895,0.43899342,0.45320687,-0.4409621,-0.45123821,0.6969895,0.6969895,0.43899342,0.45320687
41.878,3.0330,19.4728,0.7635,3.0,20.0,1.0,-0.41427416,-0.42336845,0.6564743,0.6564743,0.4117184,0.4259242,-0.41427416,-0.42336845,0.6564743,0.6564743,0.4117184,0.4259242
41.928,3.0333,19.4894,0.7726,3.0,20.0,1.0,-0.41977075,-0.4290491,0.6644288,0.6644288,0.41722235,0.4315975,-0.41977075,-0.4290491,0.6644288,0.6644288,0.41722235,0.4315975
41.978,3.0335,19.5002,0.7784,3.0,20.0,1.0,-0.39445463,-0.40262893,0.6264633,0.6264633,0.39136037,0.40572318,-0.39445463,-0.40262893,0.6264633,0.6264633,0.39136037,0.40572318
42.029,3.0338,19.5159,0.7869,3.0,20.0,1.0,-0.39968294,-0.40802494,0.63409585,0.63409585,0.39658418,0.4111237,-0.39968294,-0.40802494,0.63409585,0.63409585,0.39658418,0.4111237
42.078,3.0339,19.5262,0.7923,3.0,20.0,1.0,-0.3758079,-0.3831271,0.59893113,0.59893113,0.37220198,0.38673303,-0.3758079,-0.3831271,0.59893113,0.59893113,0.37220198,0.38673303
42.128,3.0342,19.5411,0.8002,3.0,20.0,1.0,-0.38055807,-0.38801843,0.60588884,0.60588884,0.37693426,0.39164224,-0.38055807,-0.38801843,0.60588884,0.60588884,0.37693426,0.39164224
42.178,3.0343,19.5509,0.8053,3.0,20.0,1.0,-0.35783932,-0.36434767,0.5732272,0.5732272,0.35374096,0.36844602,-0.35783932,-0.36434767,0.5732272,0.5732272,0.35374096,0.36844602
42.228,3.0346,19.5651,0.8126,3.0,20.0,1.0,-0.36247933,-0.36911762,0.580012,0.580012,0.35835648,0.37324047,-0.36247933,-0.36911762,0.580012,0.580012,0.35835648,0.37324047
42.278,3.0347,19.5743,0.8172,3.0,20.0,1.0,-0.34084877,-0.34660587,0.54985875,0.54985875,0.3362808,0.35117385,-0.34084877,-0.34660587,0.54985875,0.54985875,0.3362808,0.35117385
42.328,3.0349,19.5879,0.8239,3.0,20.0,1.0,-0.34582835,-0.35171705,0.55702525,0.55702525,0.34123436,0.35631105,-0.34582835,-0.35171705,0.55702525,0.55702525,0.34123436,0.35631105
42.378,3.0350,19.5966,0.8282,3.0,20.0,1.0,-0.32374895,-0.3287748,0.5273499,0.5273499,0.31871808,0.33380568,-0.32374895,-0.3287748,0.5273499,0.5273499,0.31871808,0.33380568
42.428,3.0352,19.6095,0.8343,3.0,20.0,1.0,-0.32887837,-0.33403754,0.53461623,0.53461623,0.32382265,0.3390933,-0.32887837,-0.33403754,0.53461623,0.53461623,0.32382265,0.3390933
42.478,3.0353,19.6178,0.8382,3.0,20.0,1.0,-0.3091454,-0.31356457,0.5092972,0.5092972,0.30369666,0.3190133,-0.3091454,-0.31356457,0.5092972,0.5092972,0.30369666,0.3190133
42.528,3.0355,19.6301,0.8437,3.0,20.0,1.0,-0.31326908,-0.3177733,0.5150907,0.5150907,0.3077778,0.3232646,-0.31326908,-0.3177733,0.5150907,0.5150907,0.3077778,0.3232646
42.580,3.0356,19.6380,0.8472,3.0,20.0,1.0,-0.29462162,-0.29845715,0.49243617,0.49243617,0.28876576,0.304313,-0.29462162,-0.29845715,0.49243617,0.49243617,0.28876576,0.304313
42.628,3.0357,19.6496,0.8522,3.0,20.0,1.0,-0.29931912,-0.3032406,0.49874562,0.49874562,0.2934201,0.30913964,-0.29931912,-0.3032406,0.49874562,0.49874562,0.2934201,0.30913964
42.678,3.0358,19.6572,0.8553,3.0,20.0,1.0,-0.27944916,-0.28270945,0.47609964,0.47609964,0.2731874,0.28897122,-0.27944916,-0.28270945,0.47609964,0.47609964,0.2731874,0.28897122
42.728,3.0360,19.6682,0.8597,3.0,20.0,1.0,-0.28419033,-0.2875324,0.48224482,0.48224482,0.27788916,0.29383355,-0.28419033,-0.2875324,0.48224482,0.48224482,0.27788916,0.29383355
42.779,3.0360,19.6754,0.8624,3.0,20.0,1.0,-0.26738614,-0.27019897,0.46462485,0.46462485,0.26077142,0.2768137,-0.26738614,-0.27019897,0.46462485,0.46462485,0.26077142,0.2768137
42.829,3.0362,19.6860,0.8663,3.0,20.0,1.0,-0.27121642,-0.27406782,0.46946555,0.46946555,0.26454377,0.28074047,-0.27121642,-0.27406782,0.46946555,0.46946555,0.26454377,0.28074047
42.879,3.0362,19.6928,0.8687,3.0,20.0,1.0,-0.2540665,-0.25642866,0.45305634,0.45305634,0.24709375,0.2634014,-0.2540665,-0.25642866,0.45305634,0.45305634,0.24709375,0.2634014
42.928,3.0363,19.7029,0.8720,3.0,20.0,1.0,-0.25798967,-0.2603831,0.45773312,0.45773312,0.25095934,0.26741344,-0.25798967,-0.2603831,0.45773312,0.45773312,0.25095934,0.26741344
42.979,3.0364,19.7094,0.8740,3.0,20.0,1.0,-0.24250567,-0.24449877,0.44456097,0.44456097,0.23520654,0.2517979,-0.24250567,-0.24449877,0.44456097,0.44456097,0.23520654,0.2517979
43.029,3.0365,19.7190,0.8768,3.0,20.0,1.0,-0.24614283,-0.24814266,0.44864106,0.44864106,0.23877563,0.25550985,-0.24614283,-0.24814266,0.44864106,0.44864106,0.23877563,0.25550985
43.078,3.0365,19.7252,0.8785,3.0,20.0,1.0,-0.23011701,-0.23176469,0.43671107,0.43671107,0.22249515,0.23938656,-0.23011701,-0.23176469,0.43671107,0.43671107,0.22249515,0.23938656
43.128,3.0366,19.7344,0.8808,3.0,20.0,1.0,-0.23400185,-0.23564906,0.44067362,0.44067362,0.22631323,0.24333768,-0.23400185,-0.23564906,0.44067362,0.44067362,0.22631323,0.24333768
43.178,3.0367,19.7449,0.8831,3.0,20.0,1.0,-0.21933053,-0.22070774,0.43152615,0.43152615,0.21141443,0.22862385,-0.21933053,-0.22070774,0.43152615,0.43152615,0.21141443,0.22862385
43.228,3.0367,19.7492,0.8839,3.0,20.0,1.0,-0.20836908,-0.20958482,0.4265301,0.4265301,0.20027308,0.21768081,-0.20836908,-0.20958482,0.4265301,0.4265301,0.20027308,0.21768081
43.278,3.0368,19.7550,0.8850,3.0,20.0,1.0,-0.21939656,-0.22065242,0.4338323,0.4338323,0.21127844,0.22877054,-0.21939656,-0.22065242,0.4338323,0.4338323,0.21127844,0.22877054
43.328,3.0368,19.7634,0.8863,3.0,20.0,1.0,-0.21147396,-0.21258867,0.43033832,0.43033832,0.20319386,0.22086877,-0.21147396,-0.21258867,0.43033832,0.43033832,0.20319386,0.22086877
43.378,3.0369,19.7690,0.8871,3.0,20.0,1.0,-0.19839898,-0.19938223,0.42552483,0.42552483,0.18993586,0.20784533,-0.19839898,-0.19938223,0.42552483,0.42552483,0.18993586,0.20784533
43.429,3.0369,19.7771,0.8880,3.0,20.0,1.0,-0.2010046,-0.20192505,0.4276746,0.4276746,0.19245502,0.21047464,-0.2010046,-0.20192505,0.4276746,0.4276746,0.19245502,0.21047464
43.478,3.0370,19.7825,0.8884,3.0,20.0,1.0,-0.18819886,-0.18906097,0.4246563,0.4246563,0.17948441,0.19777542,-0.18819886,-0.18906097,0.4246563,0.4246563,0.17948441,0.19777542
43.528,3.0370,19.7903,0.8889,3.0,20.0,1.0,-0.19071315,-0.19150047,0.42647272,0.42647272,0.18190822,0.20030542,-0.19071315,-0.19150047,0.42647272,0.42647272,0.18190822,0.20030542
43.578,3.0370,19.7955,0.8891,3.0,20.0,1.0,-0.17819057,-0.17899662,0.42521486,0.42521486,0.16923976,0.18794742,-0.17819057,-0.17899662,0.42521486,0.42521486,0.16923976,0.18794742
43.628,3.0370,19.8031,0.8892,3.0,20.0,1.0,-0.18076359,-0.18147738,0.42671764,0.42671764,0.17171894,0.19052202,-0.18076359,-0.18147738,0.42671764,0.42671764,0.17171894,0.19052202
43.678,3.0371,19.8081,0.8891,3.0,20.0,1.0,-0.16864987,-0.16945821,0.42715344,0.42715344,0.15947722,0.17863087,-0.16864987,-0.16945821,0.42715344,0.42715344,0.15947722,0.17863087
43.728,3.0371,19.8155,0.8889,3.0,20.0,1.0,-0.17096248,-0.17166474,0.42830968,0.42830968,0.16169274,0.18093449,-0.17096248,-0.17166474,0.42830968,0.42830968,0.16169274,0.18093449
43.778,3.0371,19.8204,0.8885,3.0,20.0,1.0,-0.15926148,-0.1601353,0.4303253,0.4303253,0.14988132,0.16951545,-0.15926148,-0.1601353,0.4303253,0.4303253,0.14988132,0.16951545
43.829,3.0371,19.8276,0.8879,3.0,20.0,1.0,-0.16181473,-0.162554,0.43111485,0.43111485,0.15233056,0.17203817,-0.16181473,-0.162554,0.43111485,0.43111485,0.15233056,0.17203817
43.879,3.0371,19.8323,0.8874,3.0,20.0,1.0,-0.14953497,-0.15055582,0.43477228,0.43477228,0.13996135,0.16012944,-0.14953497,-0.15055582,0.43477228,0.43477228,0.13996135,0.16012944
43.928,3.0371,19.8393,0.8864,3.0,20.0,1.0,-0.15253593,-0.15338841,0.43510455,0.43510455,0.14285424,0.16307008,-0.15253593,-0.15338841,0.43510455,0.43510455,0.14285424,0.16307008
43.978,3.0371,19.8472,0.8851,3.0,20.0,1.0,-0.1405821,-0.14181215,0.44021383,0.44021383,0.1308289,0.15156534,-0.1405821,-0.14181215,0.44021383,0.44021383,0.1308289,0.15156534
44.028,3.0372,19.8506,0.8844,3.0,20.0,1.0,-0.1322701,-0.13382412,0.44546342,0.44546342,0.12245095,0.14364326,-0.1322701,-0.13382412,0.44546342,0.44546342,0.12245095,0.14364326
44.078,3.0372,19.8550,0.8835,3.0,20.0,1.0,-0.14080508,-0.14189443,0.44243696,0.44243696,0.13085055,0.15184897,-0.14080508,-0.14189443,0.44243696,0.44243696,0.13085055,0.15184897
44.128,3.0371,19.8614,0.8820,3.0,20.0,1.0,-0.1346757,-0.13599488,0.4462279,0.4462279,0.124641545,0.14602903,-0.1346757,-0.13599488,0.4462279,0.4462279,0.124641545,0.14602903
44.178,3.0371,19.8656,0.8809,3.0,20.0,1.0,-0.12426202,-0.12610523,0.45337346,0.45337346,0.114183396,0.13618386,-0.12426202,-0.12610523,0.45337346,0.45337346,0.114183396,0.13618386
44.228,3.0371,19.8718,0.8791,3.0,20.0,1.0,-0.12641707,-0.12805653,0.45303404,0.45303404,0.11622513,0.13824847,-0.12641707,-0.12805653,0.45303404,0.45303404,0.11622513,0.13824847
44.278,3.0371,19.8759,0.8779,3.0,20.0,1.0,-0.11634924,-0.118617326,0.4611309,0.4611309,0.10612775,0.12883882,-0.11634924,-0.118617326,0.4611309,0.4611309,0.10612775,0.12883882
44.328,3.0371,19.8818,0.8760,3.0,20.0,1.0,-0.11850328,-0.1205462,0.46048117,0.46048117,0.10816447,0.13088502,-0.11850328,-0.1205462,0.46048117,0.46048117,0.10816447,0.13088502
44.378,3.0371,19.8856,0.8746,3.0,20.0,1.0,-0.10882952,-0.11160481,0.46934795,0.46934795,0.098475166,0.121959165,-0.10882952,-0.11160481,0.46934795,0.46934795,0.098475166,0.121959165
44.428,3.0371,19.8912,0.8725,3.0,20.0,1.0,-0.11089282,-0.11342174,0.4684859,0.4684859,0.10041897,0.12389558,-0.11089282,-0.11342174,0.4684859,0.4684859,0.10041897,0.12389558
44.478,3.0371,19.8949,0.8711,3.0,20.0,1.0,-0.10167171,-0.10503139,0.4779215,0.4779215,0.091195315,0.11550779,-0.10167171,-0.10503139,0.4779215,0.4779215,0.091195315,0.11550779
44.528,3.0370,19.9002,0.8689,3.0,20.0,1.0,-0.10361742,-0.10671219,0.47689846,0.47689846,0.093019985,0.11730964,-0.10361742,-0.10671219,0.47689846,0.47689846,0.093019985,0.11730964
44.578,3.0370,19.9036,0.8673,3.0,20.0,1.0,-0.09489198,-0.098909885,0.48668894,0.48668894,0.08430336,0.10949851,-0.09489198,-0.098909885,0.48668894,0.48668894,0.08430336,0.10949851
44.628,3.0370,19.9087,0.8650,3.0,20.0,1.0,-0.09673411,-0.10046667,0.48552057,0.48552057,0.08602229,0.11117849,-0.09673411,-0.10046667,0.48552057,0.48552057,0.08602229,0.11117849
44.678,3.0370,19.9120,0.8635,3.0,20.0,1.0,-0.088351674,-0.09311728,0.49565765,0.49565765,0.07766198,0.10380697,-0.088351674,-0.09311728,0.49565765,0.49565765,0.07766198,0.10380697
44.728,3.0370,19.9167,0.8611,3.0,20.0,1.0,-0.09015618,-0.09460805,0.49430126,0.49430126,0.07934072,0.105423525,-0.09015618,-0.09460805,0.49430126,0.49430126,0.07934072,0.105423525
44.778,3.0369,19.9221,0.8584,3.0,20.0,1.0,-0.082211025,-0.087791614,0.50451905,0.50451905,0.07142821,0.09857443,-0.082211025,-0.087791614,0.50451905,0.50451905,0.07142821,0.09857443
44.828,3.0369,19.9243,0.8572,3.0,20.0,1.0,-0.07591576,-0.08251221,0.51332307,0.51332307,0.065157,0.093270965,-0.07591576,-0.08251221,0.51332307,0.51332307,0.065157,0.093270965
44.878,3.0369,19.9294,0.8544,3.0,20.0,1.0,-0.08229018,-0.087727144,0.5057271,0.5057271,0.07131186,0.09870546,-0.08229018,-0.087727144,0.5057271,0.5057271,0.07131186,0.09870546
44.928,3.0368,19.9315,0.8533,3.0,20.0,1.0,-0.07035674,-0.0779539,0.52181673,0.52181673,0.059521686,0.08878895,-0.07035674,-0.0779539,0.52181673,0.52181673,0.059521686,0.08878895
44.978,3.0368,19.9342,0.8517,3.0,20.0,1.0,-0.07640891,-0.082748055,0.5142987,0.5142987,0.06534815,0.09380882,-0.07640891,-0.082748055,0.5142987,0.5142987,0.06534815,0.09380882
45.028,3.0368,19.9382,0.8494,3.0,20.0,1.0,-0.072283395,-0.07938537,0.520131,0.520131,0.061210934,0.090457834,-0.072283395,-0.07938537,0.520131,0.520131,0.061210934,0.090457834
45.078,3.0367,19.9408,0.8479,3.0,20.0,1.0,-0.0653684,-0.073909834,0.530044,0.530044,0.05436222,0.08491602,-0.0653684,-0.073909834,0.530044,0.530044,0.05436222,0.08491602
45.128,3.0367,19.9445,0.8457,3.0,20.0,1.0,-0.06690351,-0.07502575,0.5283466,0.5283466,0.055763718,0.08616554,-0.06690351,-0.07502575,0.5283466,0.5283466,0.055763718,0.08616554
45.179,3.0367,19.9469,0.8442,3.0,20.0,1.0,-0.060309183,-0.06998232,0.5378631,0.5378631,0.049244948,0.08104656,-0.060309183,-0.06998232,0.5378631,0.5378631,0.049244948,0.08104656
45.228,3.0366,19.9504,0.8421,3.0,20.0,1.0,-0.061973177,-0.07114853,0.53586483,0.53586483,0.050764885,0.082356825,-0.061973177,-0.07114853,0.53586483,0.53586483,0.050764885,0.082356825
45.278,3.0366,19.9527,0.8407,3.0,20.0,1.0,-0.055167846,-0.06614182,0.5456406,0.5456406,0.044062626,0.077247046,-0.055167846,-0.06614182,0.5456406,0.5456406,0.044062626,0.077247046
45.328,3.0365,19.9560,0.8386,3.0,20.0,1.0,-0.056890238,-0.067306384,0.5434773,0.5434773,0.045639023,0.0785576,-0.056890238,-0.067306384,0.5434773,0.5434773,0.045639023,0.0785576
45.378,3.0365,19.9582,0.8373,3.0,20.0,1.0,-0.05090494,-0.0630675,0.551969,0.551969,0.039746698,0.074225746,-0.05090494,-0.0630675,0.551969,0.551969,0.039746698,0.074225746
45.428,3.0365,19.9612,0.8354,3.0,20.0,1.0,-0.052226383,-0.06390406,0.55030453,0.55030453,0.040930934,0.075199515,-0.052226383,-0.06390406,0.55030453,0.55030453,0.040930934,0.075199515
45.478,3.0364,19.9632,0.8342,3.0,20.0,1.0,-0.046516173,-0.06003358,0.5581821,0.5581821,0.03532192,0.07122783,-0.046516173,-0.06003358,0.5581821,0.5581821,0.03532192,0.07122783
45.528,3.0364,19.9662,0.8325,3.0,20.0,1.0,-0.047779094,-0.060788345,0.5565662,0.5565662,0.036446657,0.072120786,-0.047779094,-0.060788345,0.5565662,0.5565662,0.036446657,0.072120786
45.578,3.0363,19.9680,0.8313,3.0,20.0,1.0,-0.04230935,-0.057254907,0.5637939,0.5637939,0.03108665,0.06847761,-0.04230935,-0.057254907,0.5637939,0.5637939,0.03108665,0.06847761
45.628,3.0363,19.9708,0.8297,3.0,20.0,1.0,-0.043546215,-0.05794876,0.56220645,0.56220645,0.03218309,0.06931189,-0.043546215,-0.05794876,0.56220645,0.56220645,0.03218309,0.06931189
45.678,3.0363,19.9725,0.8287,3.0,20.0,1.0,-0.038331803,-0.05474958,0.5687029,0.5687029,0.027084686,0.06599669,-0.038331803,-0.05474958,0.5687029,0.5687029,0.027084686,0.06599669
45.728,3.0362,19.9751,0.8273,3.0,20.0,1.0,-0.03950523,-0.05536147,0.56721264,0.56721264,0.028116854,0.06674984,-0.03950523,-0.05536147,0.56721264,0.56721264,0.028116854,0.06674984
45.778,3.0362,19.9767,0.8264,3.0,20.0,1.0,-0.034448534,-0.05243107,0.573045,0.573045,0.023186324,0.06369328,-0.034448534,-0.05243107,0.573045,0.573045,0.023186324,0.06369328
45.829,3.0361,19.9791,0.8252,3.0,20.0,1.0,-0.035666283,-0.053022236,0.57154495,0.57154495,0.024256887,0.06443163,-0.035666283,-0.053022236,0.57154495,0.57154495,0.024256887,0.06443163
45.879,3.0360,19.9818,0.8238,3.0,20.0,1.0,-0.030724674,-0.05033105,0.5767108,0.5767108,0.019452611,0.06160311,-0.030724674,-0.05033105,0.5767108,0.5767108,0.019452611,0.06160311
45.928,3.0360,19.9829,0.8233,3.0,20.0,1.0,-0.027001854,-0.04840626,0.5801005,0.5801005,0.015826346,0.059581764,-0.027001854,-0.04840626,0.5801005,0.5801005,0.015826346,0.059581764
45.978,3.0360,19.9844,0.8226,3.0,20.0,1.0,-0.030946514,-0.050262384,0.57608527,0.57608527,0.019483333,0.061725568,-0.030946514,-0.050262384,0.57608527,0.57608527,0.019483333,0.061725568
46.028,3.0359,19.9865,0.8217,3.0,20.0,1.0,-0.028282152,-0.048899382,0.5784045,0.5784045,0.01685745,0.060324084,-0.028282152,-0.048899382,0.5784045,0.5784045,0.01685745,0.060324084
46.078,3.0359,19.9879,0.8212,3.0,20.0,1.0,-0.02384771,-0.046781987,0.58192474,0.58192474,0.012564149,0.058065552,-0.02384771,-0.046781987,0.58192474,0.58192474,0.012564149,0.058065552
46.128,3.0358,19.9899,0.8205,3.0,20.0,1.0,-0.024813741,-0.04712154,0.58089554,0.58089554,0.01338856,0.058546722,-0.024813741,-0.04712154,0.58089554,0.58089554,0.01338856,0.058546722
46.178,3.0358,19.9912,0.8200,3.0,20.0,1.0,-0.020513102,-0.04521836,0.58368796,0.58368796,0.009236013,0.05649545,-0.020513102,-0.04521836,0.58368796,0.58368796,0.009236013,0.05649545
46.228,3.0357,19.9931,0.8195,3.0,20.0,1.0,-0.021492435,-0.045526978,0.5827321,0.5827321,0.010069895,0.05694952,-0.021492435,-0.045526978,0.5827321,0.5827321,0.010069895,0.05694952
46.279,3.0357,19.9943,0.8191,3.0,20.0,1.0,-0.017302703,-0.043814857,0.5848255,0.5848255,0.0060351463,0.055082414,-0.017302703,-0.043814857,0.5848255,0.5848255,0.0060351463,0.055082414
46.328,3.0356,19.9961,0.8187,3.0,20.0,1.0,-0.018254057,-0.04407412,0.5839915,0.5839915,0.0068401136,0.05548806,-0.018254057,-0.04407412,0.5839915,0.5839915,0.0068401136,0.05548806
46.378,3.0356,19.9973,0.8185,3.0,20.0,1.0,-0.01414178,-0.042528886,0.58541733,0.58541733,0.002891523,0.053779144,-0.01414178,-0.042528886,0.58541733,0.58541733,0.002891523,0.053779144
46.428,3.0355,19.9990,0.8183,3.0,20.0,1.0,-0.015061326,-0.042741444,0.5847054,0.5847054,0.0036652056,0.054137565,-0.015061326,-0.042741444,0.5847054,0.5847054,0.0036652056,0.054137565
46.478,3.0355,20.0001,0.8181,3.0,20.0,1.0,-0.011079614,-0.041368328,0.58546454,0.58546454,-0.0001485497,0.052596495,-0.011079614,-0.041368328,0.58546454,0.58546454,-0.0001485497,0.052596495
46.528,3.0354,20.0017,0.8180,3.0,20.0,1.0,-0.012106998,-0.041573685,0.5848499,0.5848499,0.0007204934,0.052960187,-0.012106998,-0.041573685,0.5848499,0.5848499,0.0007204934,0.052960187
46.578,3.0354,20.0028,0.8180,3.0,20.0,1.0,-0.007919185,-0.040262677,0.5850347,0.5850347,-0.003270953,0.05145281,-0.007919185,-0.040262677,0.5850347,0.5850347,-0.003270953,0.05145281
46.628,3.0353,20.0043,0.8180,3.0,20.0,1.0,-0.0089745615,-0.040438518,0.58454496,0.58454496,-0.0023754078,0.05178849,-0.0089745615,-0.040438518,0.58454496,0.58454496,-0.0023754078,0.05178849
46.678,3.0353,20.0054,0.8181,3.0,20.0,1.0,-0.0051201726,-0.039319094,0.58411354,0.58411354,-0.006045676,0.050484944,-0.0051201726,-0.039319094,0.58411354,0.58411354,-0.006045676,0.050484944
46.728,3.0352,20.0068,0.8183,3.0,20.0,1.0,-0.006081765,-0.03943287,0.58376735,0.58376735,-0.005241376,0.050756007,-0.006081765,-0.03943287,0.58376735,0.58376735,-0.005241376,0.050756007
46.779,3.0352,20.0078,0.8184,3.0,20.0,1.0,-0.0021602255,-0.038405187,0.5827755,0.5827755,-0.008958953,0.049524367,-0.0021602255,-0.038405187,0.5827755,0.5827755,-0.008958953,0.049524367
46.828,3.0351,20.0092,0.8187,3.0,20.0,1.0,-0.0032579845,-0.03852221,0.58258545,0.58258545,-0.008031889,0.049812082,-0.0032579845,-0.03852221,0.58258545,0.58258545,-0.008031889,0.049812082
46.878,3.0351,20.0108,0.8191,3.0,20.0,1.0,0.0007025451,-0.037607018,0.58104503,0.58104503,-0.011769548,0.04867402,0.0007025451,-0.037607018,0.58104503,0.58104503,-0.011769548,0.04867402
46.929,3.0350,20.0115,0.8193,3.0,20.0,1.0,0.0032853968,-0.037032157,0.5794185,0.5794185,-0.01422419,0.04797095,0.0032853968,-0.037032157,0.5794185,0.5794185,-0.01422419,0.04797095
46.978,3.0350,20.0123,0.8196,3.0,20.0,1.0,0.00032188397,-0.03742045,0.5802928,0.5802928,-0.011583682,0.04868225,0.00032188397,-0.03742045,0.5802928,0.5802928,-0.011583682,0.04868225
47.028,3.0349,20.0136,0.8200,3.0,20.0,1.0,0.0022804346,-0.036997307,0.57912165,0.57912165,-0.013472076,0.04818895,0.0022804346,-0.036997307,0.57912165,0.57912165,-0.013472076,0.04818895
47.078,3.0349,20.0144,0.8204,3.0,20.0,1.0,0.0056464695,-0.03641355,0.57689524,0.57689524,-0.016639002,0.04740608,0.0056464695,-0.03641355,0.57689524,0.57689524,-0.016639002,0.04740608
47.128,3.0348,20.0155,0.8209,3.0,20.0,1.0,0.004828482,-0.036406994,0.5769807,0.5769807,-0.015974144,0.047552656,0.004828482,-0.036406994,0.5769807,0.5769807,-0.015974144,0.047552656
47.178,3.0348,20.0163,0.8213,3.0,20.0,1.0,0.008013383,-0.03595329,0.5744944,0.5744944,-0.018963017,0.046902925,0.008013383,-0.03595329,0.5744944,0.5744944,-0.018963017,0.046902925
47.228,3.0347,20.0173,0.8219,3.0,20.0,1.0,0.007237439,-0.035916116,0.57466,0.57466,-0.01833912,0.047017798,0.007237439,-0.035916116,0.57466,0.57466,-0.01833912,0.047017798
47.279,3.0347,20.0180,0.8223,3.0,20.0,1.0,0.010299428,-0.03558086,0.5719321,0.5719321,-0.021203011,0.04648444,0.010299428,-0.03558086,0.5719321,0.5719321,-0.021203011,0.04648444
47.329,3.0346,20.0190,0.8230,3.0,20.0,1.0,0.009519678,-0.035518404,0.5722001,0.5722001,-0.020578178,0.046576902,0.009519678,-0.035518404,0.5722001,0.5722001,-0.020578178,0.046576902
47.378,3.0346,20.0196,0.8234,3.0,20.0,1.0,0.01240092,-0.035296287,0.5693354,0.5693354,-0.023266453,0.046161823,0.01240092,-0.035296287,0.5693354,0.5693354,-0.023266453,0.046161823
47.428,3.0345,20.0205,0.8241,3.0,20.0,1.0,0.011671174,-0.035207745,0.5696561,0.5696561,-0.0226896,0.04622617,0.011671174,-0.035207745,0.5696561,0.5696561,-0.0226896,0.04622617
47.478,3.0345,20.0211,0.8245,3.0,20.0,1.0,0.014417872,-0.03509244,0.56667405,0.56667405,-0.025244087,0.045918655,0.014417872,-0.03509244,0.56667405,0.56667405,-0.025244087,0.045918655
47.528,3.0344,20.0219,0.8252,3.0,20.0,1.0,0.013649084,-0.034977272,0.5671212,0.5671212,-0.024636466,0.045964655,0.013649084,-0.034977272,0.5671212,0.5671212,-0.024636466,0.045964655
47.578,3.0344,20.0224,0.8257,3.0,20.0,1.0,0.016321238,-0.034963224,0.5640104,0.5640104,-0.02711145,0.045753438,0.016321238,-0.034963224,0.5640104,0.5640104,-0.02711145,0.045753438
47.628,3.0343,20.0232,0.8264,3.0,20.0,1.0,0.015556062,-0.03482087,0.56453496,0.56453496,-0.026509672,0.04577448,0.015556062,-0.03482087,0.56453496,0.56453496,-0.026509672,0.04577448
47.678,3.0343,20.0240,0.8272,3.0,20.0,1.0,0.0180768,-0.034897644,0.56141573,0.56141573,-0.028837051,0.045657896,0.0180768,-0.034897644,0.56141573,0.56141573,-0.028837051,0.045657896
47.728,3.0342,20.0243,0.8275,3.0,20.0,1.0,0.019791918,-0.034978706,0.559014,0.559014,-0.030434083,0.04562087,0.019791918,-0.034978706,0.559014,0.559014,-0.030434083,0.04562087
47.778,3.0342,20.0250,0.8283,3.0,20.0,1.0,0.017745232,-0.034645367,0.56121266,0.56121266,-0.028699981,0.045600116,0.017745232,-0.034645367,0.56121266,0.56121266,-0.028699981,0.045600116
47.828,3.0341,20.0253,0.8287,3.0,20.0,1.0,0.021282956,-0.03501606,0.5566354,0.5566354,-0.03190814,0.045641243,0.021282956,-0.03501606,0.5566354,0.5566354,-0.03190814,0.045641243
47.878,3.0341,20.0257,0.8291,3.0,20.0,1.0,0.019349337,-0.034627054,0.55881345,0.55881345,-0.030284174,0.04556189,0.019349337,-0.034627054,0.55881345,0.55881345,-0.030284174,0.04556189
47.928,3.0340,20.0262,0.8297,3.0,20.0,1.0,0.020521702,-0.03471785,0.5571824,0.5571824,-0.031403087,0.045599237,0.020521702,-0.03471785,0.5571824,0.5571824,-0.031403087,0.045599237
47.978,3.0340,20.0265,0.8302,3.0,20.0,1.0,0.02249452,-0.034999866,0.5544186,0.5544186,-0.03321436,0.045719706,0.02249452,-0.034999866,0.5544186,0.5544186,-0.03321436,0.045719706
48.028,3.0340,20.0270,0.8308,3.0,20.0,1.0,0.021942044,-0.034795124,0.5549333,0.5549333,-0.032811403,0.04566448,0.021942044,-0.034795124,0.5549333,0.5549333,-0.032811403,0.04566448
48.078,3.0339,20.0273,0.8312,3.0,20.0,1.0,0.023753265,-0.035125446,0.5523437,0.5523437,-0.03447126,0.04584344,0.023753265,-0.035125446,0.5523437,0.5523437,-0.03447126,0.04584344
48.128,3.0339,20.0277,0.8318,3.0,20.0,1.0,0.023243457,-0.03491005,0.55284333,0.55284333,-0.034108244,0.045774836,0.023243457,-0.03491005,0.55284333,0.55284333,-0.034108244,0.045774836
48.178,3.0338,20.0279,0.8321,3.0,20.0,1.0,0.024930129,-0.035292875,0.55040205,0.55040205,-0.035649456,0.0460122,0.024930129,-0.035292875,0.55040205,0.55040205,-0.035649456,0.0460122
48.228,3.0338,20.0283,0.8327,3.0,20.0,1.0,0.024438744,-0.035062842,0.55090916,0.55090916,-0.035305146,0.045929242,0.024438744,-0.035062842,0.55090916,0.55090916,-0.035305146,0.045929242
48.279,3.0337,20.0285,0.8330,3.0,20.0,1.0,0.025979226,-0.03548243,0.54866844,0.54866844,-0.036710907,0.046214107,0.025979226,-0.03548243,0.54866844,0.54866844,-0.036710907,0.046214107
48.328,3.0337,20.0288,0.8335,3.0,20.0,1.0,0.025535824,-0.035248846,0.54913706,0.54913706,-0.036410637,0.04612366,0.025535824,-0.035248846,0.54913706,0.54913706,-0.036410637,0.04612366
48.378,3.0336,20.0289,0.8338,3.0,20.0,1.0,0.026965661,-0.035710894,0.5470695,0.5470695,-0.037711386,0.046456616,0.026965661,-0.035710894,0.5470695,0.5470695,-0.037711386,0.046456616
48.428,3.0336,20.0292,0.8343,3.0,20.0,1.0,0.026536712,-0.03546388,0.5475383,0.5475383,-0.037426222,0.046353392,0.026536712,-0.03546388,0.5475383,0.5475383,-0.037426222,0.046353392
48.478,3.0335,20.0294,0.8348,3.0,20.0,1.0,0.0278444,-0.035956062,0.54567677,0.54567677,-0.038613938,0.0467256,0.0278444,-0.035956062,0.54567677,0.54567677,-0.038613938,0.0467256
48.528,3.0335,20.0295,0.8350,3.0,20.0,1.0,0.02878308,-0.036356162,0.5443261,0.5443261,-0.039476845,0.04704993,0.02878308,-0.036356162,0.5443261,0.5443261,-0.039476845,0.04704993
48.579,3.0335,20.0296,0.8352,3.0,20.0,1.0,0.0276213,-0.035706945,0.54578304,0.54578304,-0.038581613,0.046667255,0.0276213,-0.035706945,0.54578304,0.54578304,-0.038581613,0.046667255
48.628,3.0334,20.0298,0.8356,3.0,20.0,1.0,0.02823566,-0.035939742,0.54493666,0.54493666,-0.039185535,0.046889614,0.02823566,-0.035939742,0.54493666,0.54493666,-0.039185535,0.046889614
48.678,3.0334,20.0299,0.8358,3.0,20.0,1.0,0.029475478,-0.036575805,0.5433171,0.5433171,-0.040295213,0.047395542,0.029475478,-0.036575805,0.5433171,0.5433171,-0.040295213,0.047395542
48.728,3.0333,20.0300,0.8361,3.0,20.0,1.0,0.029063499,-0.036275346,0.5437845,0.5437845,-0.040033348,0.047245197,0.029063499,-0.036275346,0.5437845,0.5437845,-0.040033348,0.047245197
48.778,3.0333,20.0301,0.8363,3.0,20.0,1.0,0.030079609,-0.036855094,0.5425302,0.5425302,-0.040952057,0.047727544,0.030079609,-0.036855094,0.5425302,0.5425302,-0.040952057,0.047727544
48.828,3.0333,20.0302,0.8366,3.0,20.0,1.0,0.029762344,-0.036588084,0.5428744,0.5428744,-0.040770967,0.047596704,0.029762344,-0.036588084,0.5428744,0.5428744,-0.040770967,0.047596704
48.878,3.0332,20.0302,0.8367,3.0,20.0,1.0,0.030690555,-0.037183784,0.54181564,0.54181564,-0.041608877,0.048102103,0.030690555,-0.037183784,0.54181564,0.54181564,-0.041608877,0.048102103
48.928,3.0332,20.0303,0.8370,3.0,20.0,1.0,0.030384239,-0.03690298,0.5421372,0.5421372,-0.041440308,0.04795905,0.030384239,-0.03690298,0.5421372,0.5421372,-0.041440308,0.04795905
48.978,3.0332,20.0303,0.8371,3.0,20.0,1.0,0.031266153,-0.03754067,0.541234,0.541234,-0.042230986,0.048505504,0.031266153,-0.03754067,0.541234,0.541234,-0.042230986,0.048505504
49.028,3.0331,20.0303,0.8373,3.0,20.0,1.0,0.030974012,-0.037252456,0.5415295,0.5415295,-0.04207534,0.04835378,0.030974012,-0.037252456,0.5415295,0.5415295,-0.04207534,0.04835378
49.078,3.0331,20.0303,0.8374,3.0,20.0,1.0,0.031746257,-0.03787068,0.54084694,0.54084694,-0.04277206,0.04889648,0.031746257,-0.03787068,0.54084694,0.54084694,-0.04277206,0.04889648
49.128,3.0330,20.0303,0.8375,3.0,20.0,1.0,0.03150522,-0.037606817,0.54107994,0.54107994,-0.042659704,0.0487613,0.03150522,-0.037606817,0.54107994,0.54107994,-0.042659704,0.0487613
49.178,3.0330,20.0303,0.8376,3.0,20.0,1.0,0.03221296,-0.038234964,0.54056823,0.54056823,-0.043297693,0.049319696,0.03221296,-0.038234964,0.54056823,0.54056823,-0.043297693,0.049319696
49.228,3.0330,20.0303,0.8377,3.0,20.0,1.0,0.03199064,-0.037970733,0.54076666,0.54076666,-0.04320184,0.049181934,0.03199064,-0.037970733,0.54076666,0.54076666,-0.04320184,0.049181934
49.278,3.0329,20.0303,0.8378,3.0,20.0,1.0,0.032644022,-0.03860965,0.54041135,0.54041135,-0.04379002,0.049755648,0.032644022,-0.03860965,0.54041135,0.54041135,-0.04379002,0.049755648
49.328,3.0329,20.0302,0.8378,3.0,20.0,1.0,0.032439016,-0.03834586,0.5405774,0.5405774,-0.04370984,0.049616683,0.032439016,-0.03834586,0.5405774,0.5405774,-0.04370984,0.049616683
49.378,3.0329,20.0302,0.8379,3.0,20.0,1.0,0.0330372,-0.038987763,0.5403659,0.5403659,-0.0442473,0.050197862,0.0330372,-0.038987763,0.5403659,0.5403659,-0.0442473,0.050197862
49.428,3.0328,20.0301,0.8379,3.0,20.0,1.0,0.03283242,-0.038706876,0.5405042,0.5405042,-0.044169936,0.050044388,0.03283242,-0.038706876,0.5405042,0.5405042,-0.044169936,0.050044388
49.478,3.0328,20.0301,0.8379,3.0,20.0,1.0,0.03340656,-0.03938734,0.5404153,0.5404153,-0.04467818,0.050658967,0.03340656,-0.03938734,0.5404153,0.5404153,-0.04467818,0.050658967
49.528,3.0327,20.0300,0.8379,3.0,20.0,1.0,0.033206932,-0.039098658,0.54052603,0.54052603,-0.04460494,0.05049666,0.033206932,-0.039098658,0.54052603,0.54052603,-0.04460494,0.05049666
49.578,3.0327,20.0300,0.8379,3.0,20.0,1.0,0.033705622,-0.039747026,0.5405619,0.5405619,-0.045047376,0.05108878,0.033705622,-0.039747026,0.5405619,0.5405619,-0.045047376,0.05108878
49.628,3.0327,20.0299,0.8379,3.0,20.0,1.0,0.033532,-0.039479095,0.5406422,0.5406422,-0.04499454,0.050941635,0.033532,-0.039479095,0.5406422,0.5406422,-0.04499454,0.050941635
49.678,3.0326,20.0298,0.8379,3.0,20.0,1.0,0.033983022,-0.04013332,0.54078645,0.54078645,-0.045388006,0.051538303,0.033983022,-0.04013332,0.54078645,0.54078645,-0.045388006,0.051538303
49.728,3.0326,20.0297,0.8378,3.0,20.0,1.0,0.03381519,-0.039856605,0.54084224,0.54084224,-0.045342486,0.0513839,0.03381519,-0.039856605,0.54084224,0.54084224,-0.045342486,0.0513839
49.778,3.0326,20.0296,0.8378,3.0,20.0,1.0,0.034214575,-0.04049761,0.54108346,0.54108346,-0.045688327,0.05197136,0.034214575,-0.04049761,0.54108346,0.54108346,-0.045688327,0.05197136
49.828,3.0325,20.0295,0.8377,3.0,20.0,1.0,0.034057554,-0.040215082,0.5411132,0.5411132,-0.045656126,0.051813655,0.034057554,-0.040215082,0.5411132,0.5411132,-0.045656126,0.051813655
49.878,3.0325,20.0294,0.8377,3.0,20.0,1.0,0.03443371,-0.04088339,0.5414512,0.5414512,-0.045973413,0.052423093,0.03443371,-0.04088339,0.5414512,0.5414512,-0.045973413,0.052423093
49.928,3.0324,20.0293,0.8376,3.0,20.0,1.0,0.03428881,-0.040604725,0.5414583,0.5414583,-0.045950808,0.05226672,0.03428881,-0.040604725,0.5414583,0.5414583,-0.045950808,0.05226672
49.978,3.0324,20.0292,0.8375,3.0,20.0,1.0,0.034606528,-0.041226692,0.54185754,0.54185754,-0.046220314,0.05284048,0.034606528,-0.041226692,0.54185754,0.54185754,-0.046220314,0.05284048
50.028,3.0324,20.0291,0.8374,3.0,20.0,1.0,0.034468982,-0.040937558,0.5418369,0.5418369,-0.046209916,0.052678492,0.034468982,-0.040937558,0.5418369,0.5418369,-0.046209916,0.052678492
50.078,3.0323,20.0290,0.8373,3.0,20.0,1.0,0.034786914,-0.041626003,0.5423361,0.5423361,-0.046465136,0.053304225,0.034786914,-0.041626003,0.5423361,0.5423361,-0.046465136,0.053304225
50.128,3.0323,20.0289,0.8372,3.0,20.0,1.0,0.034653004,-0.041328575,0.54228806,0.54228806,-0.046457123,0.053132694,0.034653004,-0.041328575,0.54228806,0.54228806,-0.046457123,0.053132694
50.178,3.0323,20.0288,0.8372,3.0,20.0,1.0,0.03490843,-0.041938566,0.5428016,0.5428016,-0.046667185,0.053697318,0.03490843,-0.041938566,0.5428016,0.5428016,-0.046667185,0.053697318
50.228,3.0322,20.0286,0.8370,3.0,20.0,1.0,0.034799363,-0.041676525,0.54275525,0.54275525,-0.04667826,0.05355542,0.034799363,-0.041676525,0.54275525,0.54275525,-0.04667826,0.05355542
50.278,3.0322,20.0285,0.8369,3.0,20.0,1.0,0.035035037,-0.042298343,0.5433225,0.5433225,-0.046865623,0.05412893,0.035035037,-0.042298343,0.5433225,0.5433225,-0.046865623,0.05412893
50.328,3.0322,20.0284,0.8368,3.0,20.0,1.0,0.03493288,-0.04203768,0.5432597,0.5432597,-0.04688254,0.05398734,0.03493288,-0.04203768,0.5432597,0.5432597,-0.04688254,0.05398734
50.379,3.0321,20.0283,0.8367,3.0,20.0,1.0,0.035136607,-0.042634066,0.5438453,0.5438453,-0.047042906,0.054540362,0.035136607,-0.042634066,0.5438453,0.5438453,-0.047042906,0.054540362
50.428,3.0321,20.0281,0.8366,3.0,20.0,1.0,0.035045337,-0.04238637,0.5437769,0.5437769,-0.047068276,0.05440931,0.035045337,-0.04238637,0.5437769,0.5437769,-0.047068276,0.05440931
50.479,3.0320,20.0280,0.8365,3.0,20.0,1.0,0.03522727,-0.04297923,0.54438585,0.54438585,-0.047206547,0.054958504,0.03522727,-0.04297923,0.54438585,0.54438585,-0.047206547,0.054958504
50.529,3.0320,20.0279,0.8364,3.0,20.0,1.0,0.035140358,-0.042728685,0.544302,0.544302,-0.047237027,0.05482535,0.035140358,-0.042728685,0.544302,0.544302,-0.047237027,0.05482535
50.579,3.0320,20.0277,0.8363,3.0,20.0,1.0,0.035300024,-0.0433127,0.54492027,0.54492027,-0.04735381,0.05536649,0.035300024,-0.0433127,0.54492027,0.54492027,-0.04735381,0.05536649
50.628,3.0319,20.0276,0.8361,3.0,20.0,1.0,0.035220176,-0.043068677,0.5448306,0.5448306,-0.047390204,0.055238705,0.035220176,-0.043068677,0.5448306,0.5448306,-0.047390204,0.055238705
50.678,3.0319,20.0275,0.8360,3.0,20.0,1.0,0.035360597,-0.043649692,0.54545456,0.54545456,-0.047486715,0.05577581,0.035360597,-0.043649692,0.54545456,0.54545456,-0.047486715,0.05577581
50.728,3.0319,20.0273,0.8359,3.0,20.0,1.0,0.035282064,-0.043391712,0.5453448,0.5453448,-0.047528498,0.055638142,0.035282064,-0.043391712,0.5453448,0.5453448,-0.047528498,0.055638142
50.778,3.0318,20.0272,0.8358,3.0,20.0,1.0,0.035410095,-0.043994285,0.5459872,0.5459872,-0.04760582,0.056190014,0.035410095,-0.043994285,0.5459872,0.5459872,-0.04760582,0.056190014
50.828,3.0318,20.0270,0.8356,3.0,20.0,1.0,0.035334945,-0.043732293,0.5458656,0.5458656,-0.04765114,0.05604849,0.035334945,-0.043732293,0.5458656,0.5458656,-0.04765114,0.05604849
50.878,3.0317,20.0268,0.8355,3.0,20.0,1.0,0.03543853,-0.044302776,0.546475,0.546475,-0.047709614,0.05657386,0.03543853,-0.044302776,0.546475,0.546475,-0.047709614,0.05657386
50.928,3.0317,20.0267,0.8354,3.0,20.0,1.0,0.035489682,-0.044727497,0.5469564,0.5469564,-0.04774176,0.056979574,0.035489682,-0.044727497,0.5469564,0.5469564,-0.04774176,0.056979574
50.978,3.0317,20.0266,0.8353,3.0,20.0,1.0,0.03535579,-0.044107273,0.5465107,0.5465107,-0.04780037,0.05655185,0.03535579,-0.044107273,0.5465107,0.5465107,-0.04780037,0.05655185
51.028,3.0316,20.0264,0.8352,3.0,20.0,1.0,0.03539494,-0.044388086,0.5468429,0.5468429,-0.04785245,0.056845594,0.03539494,-0.044388086,0.5468429,0.5468429,-0.04785245,0.056845594
51.078,3.0316,20.0263,0.8351,3.0,20.0,1.0,0.035462417,-0.044932533,0.54740137,0.54740137,-0.047876883,0.057347,0.035462417,-0.044932533,0.54740137,0.54740137,-0.047876883,0.057347
51.129,3.0315,20.0261,0.8350,3.0,20.0,1.0,0.035407342,-0.044709016,0.5473008,0.5473008,-0.047935273,0.057236947,0.035407342,-0.044709016,0.5473008,0.5473008,-0.047935273,0.057236947
51.178,3.0315,20.0260,0.8349,3.0,20.0,1.0,0.03545805,-0.04524736,0.5478315,0.5478315,-0.04794213,0.057731442,0.03545805,-0.04524736,0.5478315,0.5478315,-0.04794213,0.057731442
51.228,3.0315,20.0258,0.8348,3.0,20.0,1.0,0.0354062,-0.045027528,0.5477314,0.5477314,-0.048003208,0.057624537,0.0354062,-0.045027528,0.5477314,0.5477314,-0.048003208,0.057624537
51.278,3.0314,20.0257,0.8347,3.0,20.0,1.0,0.035440776,-0.045561064,0.5482312,0.5482312,-0.047992684,0.05811297,0.035440776,-0.045561064,0.5482312,0.5482312,-0.047992684,0.05811297
51.328,3.0314,20.0255,0.8346,3.0,20.0,1.0,0.035390824,-0.045328304,0.5481224,0.5481224,-0.048060242,0.057997722,0.035390824,-0.045328304,0.5481224,0.5481224,-0.048060242,0.057997722
51.378,3.0314,20.0254,0.8345,3.0,20.0,1.0,0.03541264,-0.04588736,0.54860985,0.54860985,-0.048028205,0.058502924,0.03541264,-0.04588736,0.54860985,0.54860985,-0.048028205,0.058502924
51.428,3.0313,20.0252,0.8344,3.0,20.0,1.0,0.035366256,-0.045657877,0.5485033,0.5485033,-0.048097443,0.05838906,0.035366256,-0.045657877,0.5485033,0.5485033,-0.048097443,0.05838906
51.478,3.0313,20.0251,0.8344,3.0,20.0,1.0,0.035369232,-0.046179544,0.54893094,0.54893094,-0.048053514,0.058863822,0.035369232,-0.046179544,0.54893094,0.54893094,-0.048053514,0.058863822
51.528,3.0312,20.0249,0.8343,3.0,20.0,1.0,0.035327457,-0.045965485,0.54883796,0.54883796,-0.048125003,0.05876303,0.035327457,-0.045965485,0.54883796,0.54883796,-0.048125003,0.05876303
51.578,3.0312,20.0248,0.8342,3.0,20.0,1.0,0.03531535,-0.046488784,0.5492313,0.5492313,-0.04806333,0.05923677,0.03531535,-0.046488784,0.5492313,0.5492313,-0.04806333,0.05923677
51.628,3.0311,20.0246,0.8341,3.0,20.0,1.0,0.03527656,-0.046278287,0.5491435,0.5491435,-0.04813725,0.059138983,0.03527656,-0.046278287,0.5491435,0.5491435,-0.04813725,0.059138983
51.678,3.0311,20.0245,0.8341,3.0,20.0,1.0,0.03524791,-0.046795223,0.5494962,0.5494962,-0.048058134,0.059605446,0.03524791,-0.046795223,0.5494962,0.5494962,-0.048058134,0.059605446
51.728,3.0311,20.0243,0.8340,3.0,20.0,1.0,0.035211902,-0.04658863,0.5494144,0.5494144,-0.048134316,0.059511047,0.035211902,-0.04658863,0.5494144,0.5494144,-0.048134316,0.059511047
51.778,3.0310,20.0240,0.8339,3.0,20.0,1.0,0.035166297,-0.04709824,0.54972565,0.54972565,-0.048037656,0.059969597,0.035166297,-0.04709824,0.54972565,0.54972565,-0.048037656,0.059969597
51.828,3.0310,20.0239,0.8339,3.0,20.0,1.0,0.035100378,-0.04750866,0.5499496,0.5499496,-0.047939286,0.06034757,0.035100378,-0.04750866,0.5499496,0.5499496,-0.047939286,0.06034757
51.878,3.0309,20.0237,0.8338,3.0,20.0,1.0,0.035085708,-0.046938233,0.54970074,0.54970074,-0.04812306,0.059975583,0.035085708,-0.046938233,0.54970074,0.54970074,-0.04812306,0.059975583
51.928,3.0309,20.0236,0.8338,3.0,20.0,1.0,0.034987506,-0.047811445,0.5501098,0.5501098,-0.04788322,0.06070716,0.034987506,-0.047811445,0.5501098,0.5501098,-0.04788322,0.06070716
51.978,3.0309,20.0234,0.8337,3.0,20.0,1.0,0.034988284,-0.04724921,0.5498932,0.5498932,-0.048082624,0.06034355,0.034988284,-0.04724921,0.5498932,0.5498932,-0.048082624,0.06034355
52.028,3.0308,20.0232,0.8337,3.0,20.0,1.0,0.03493079,-0.047510076,0.55001915,0.55001915,-0.048028924,0.060608204,0.03493079,-0.047510076,0.55001915,0.55001915,-0.048028924,0.060608204
52.079,3.0308,20.0231,0.8337,3.0,20.0,1.0,0.034832995,-0.04801883,0.5502151,0.5502151,-0.047872443,0.061058283,0.034832995,-0.04801883,0.5502151,0.5502151,-0.047872443,0.061058283
52.128,3.0307,20.0229,0.8336,3.0,20.0,1.0,0.034810442,-0.04782098,0.5501572,0.5501572,-0.047962427,0.060972966,0.034810442,-0.04782098,0.5501572,0.5501572,-0.047962427,0.060972966
52.178,3.0307,20.0227,0.8336,3.0,20.0,1.0,0.0346945,-0.048330717,0.5503151,0.5503151,-0.047784787,0.061421007,0.0346945,-0.048330717,0.5503151,0.5503151,-0.047784787,0.061421007
52.228,3.0306,20.0225,0.8336,3.0,20.0,1.0,0.034674965,-0.04813489,0.550263,0.550263,-0.04787764,0.061337564,0.034674965,-0.04813489,0.550263,0.550263,-0.04787764,0.061337564
52.278,3.0306,20.0224,0.8335,3.0,20.0,1.0,0.03454211,-0.048639335,0.55038244,0.55038244,-0.047682084,0.061779313,0.03454211,-0.048639335,0.55038244,0.55038244,-0.047682084,0.061779313
52.328,3.0305,20.0221,0.8335,3.0,20.0,1.0,0.034525234,-0.048450775,0.5503379,0.5503379,-0.047776293,0.061701834,0.034525234,-0.048450775,0.5503379,0.5503379,-0.047776293,0.061701834
52.378,3.0305,20.0220,0.8335,3.0,20.0,1.0,0.034375686,-0.04895284,0.55042124,0.55042124,-0.04756231,0.06213946,0.034375686,-0.04895284,0.55042124,0.55042124,-0.04756231,0.06213946
52.428,3.0304,20.0218,0.8335,3.0,20.0,1.0,0.034361526,-0.048769705,0.5503835,0.5503835,-0.0476584,0.062066577,0.034361526,-0.048769705,0.5503835,0.5503835,-0.0476584,0.062066577
52.478,3.0304,20.0216,0.8335,3.0,20.0,1.0,0.03419421,-0.049279504,0.55043364,0.55043364,-0.047421813,0.06250711,0.03419421,-0.049279504,0.55043364,0.55043364,-0.047421813,0.06250711
52.528,3.0303,20.0214,0.8335,3.0,20.0,1.0,0.034185316,-0.049088527,0.550401,0.550401,-0.047526278,0.062429488,0.034185316,-0.049088527,0.550401,0.550401,-0.047526278,0.062429488
52.578,3.0303,20.0212,0.8335,3.0,20.0,1.0,0.03399966,-0.049609613,0.5504195,0.5504195,-0.047265723,0.06287567,0.03399966,-0.049609613,0.5504195,0.5504195,-0.047265723,0.06287567
52.628,3.0302,20.0210,0.8335,3.0,20.0,1.0,0.033994578,-0.04941887,0.550393,0.550393,-0.047374327,0.06279862,0.033994578,-0.04941887,0.550393,0.550393,-0.047374327,0.06279862
52.678,3.0302,20.0208,0.8335,3.0,20.0,1.0,0.033793963,-0.049939286,0.5503808,0.5503808,-0.04709667,0.063241996,0.033793963,-0.049939286,0.5503808,0.5503808,-0.04709667,0.063241996
52.728,3.0301,20.0206,0.8335,3.0,20.0,1.0,0.033791877,-0.04975229,0.5503606,0.5503606,-0.04720769,0.06316811,0.033791877,-0.04975229,0.5503606,0.5503606,-0.04720769,0.06316811
52.778,3.0301,20.0204,0.8335,3.0,20.0,1.0,0.033577807,-0.05027135,0.55032027,0.55032027,-0.04691457,0.06360811,0.033577807,-0.05027135,0.55032027,0.55032027,-0.04691457,0.06360811
52.828,3.0300,20.0201,0.8335,3.0,20.0,1.0,0.033578385,-0.050087214,0.5503059,0.5503059,-0.04702793,0.06353676,0.033578385,-0.050087214,0.5503059,0.5503059,-0.04702793,0.06353676
52.879,3.0300,20.0200,0.8335,3.0,20.0,1.0,0.033350203,-0.050609224,0.5502396,0.5502396,-0.046717048,0.06397607,0.033350203,-0.050609224,0.5502396,0.5502396,-0.046717048,0.06397607
52.928,3.0299,20.0197,0.8335,3.0,20.0,1.0,0.03335991,-0.050404944,0.55023277,0.55023277,-0.046847526,0.06389256,0.03335991,-0.050404944,0.55023277,0.55023277,-0.046847526,0.06389256
52.978,3.0299,20.0195,0.8335,3.0,20.0,1.0,0.033106253,-0.050967827,0.5501385,0.5501385,-0.046495415,0.06435699,0.033106253,-0.050967827,0.5501385,0.5501385,-0.046495415,0.06435699
53.028,3.0298,20.0193,0.8336,3.0,20.0,1.0,0.033121314,-0.050760623,0.5501381,0.5501381,-0.046630744,0.06427005,0.033121314,-0.050760623,0.5501381,0.5501381,-0.046630744,0.06427005
53.078,3.0298,20.0191,0.8336,3.0,20.0,1.0,0.032869797,-0.05127823,0.55002815,0.55002815,-0.0462924,0.064700834,0.032869797,-0.05127823,0.55002815,0.55002815,-0.0462924,0.064700834
53.128,3.0297,20.0189,0.8336,3.0,20.0,1.0,0.032883734,-0.05108143,0.55003226,0.55003226,-0.04642585,0.06462355,0.032883734,-0.05108143,0.55003226,0.55003226,-0.04642585,0.06462355
53.178,3.0297,20.0187,0.8336,3.0,20.0,1.0,0.032608062,-0.051633514,0.54989785,0.54989785,-0.04604897,0.06507442,0.032608062,-0.051633514,0.54989785,0.54989785,-0.04604897,0.06507442
53.229,3.0296,20.0184,0.8337,3.0,20.0,1.0,0.03263236,-0.051418047,0.5499111,0.5499111,-0.046198703,0.06498439,0.03263236,-0.051418047,0.5499111,0.5499111,-0.046198703,0.06498439
53.279,3.0296,20.0182,0.8337,3.0,20.0,1.0,0.03234585,-0.051964886,0.5497614,0.5497614,-0.045809302,0.06542834,0.03234585,-0.051964886,0.5497614,0.5497614,-0.045809302,0.06542834
53.328,3.0295,20.0180,0.8337,3.0,20.0,1.0,0.03236834,-0.051764823,0.54977703,0.54977703,-0.04595217,0.065348655,0.03236834,-0.051764823,0.54977703,0.54977703,-0.04595217,0.065348655
53.379,3.0294,20.0178,0.8337,3.0,20.0,1.0,0.03208478,-0.05227378,0.5496225,0.5496225,-0.045575332,0.06576433,0.03208478,-0.05227378,0.5496225,0.5496225,-0.045575332,0.06576433
53.429,3.0294,20.0175,0.8338,3.0,20.0,1.0,0.032100458,-0.052097686,0.54963696,0.54963696,-0.04570482,0.06570205,0.032100458,-0.052097686,0.54963696,0.54963696,-0.04570482,0.06570205
53.479,3.0293,20.0174,0.8338,3.0,20.0,1.0,0.03180819,-0.05260086,0.54947364,0.54947364,-0.045317944,0.06611062,0.03180819,-0.05260086,0.54947364,0.54947364,-0.045317944,0.06611062
53.529,3.0293,20.0171,0.8338,3.0,20.0,1.0,0.031831134,-0.05241319,0.54949486,0.54949486,-0.045460388,0.066042446,0.031831134,-0.05241319,0.54949486,0.54949486,-0.045460388,0.066042446
53.578,3.0292,20.0169,0.8339,3.0,20.0,1.0,0.03151302,-0.052950494,0.5493147,0.5493147,-0.04503209,0.066469565,0.03151302,-0.052950494,0.5493147,0.5493147,-0.04503209,0.066469565
53.628,3.0292,20.0167,0.8339,3.0,20.0,1.0,0.031543314,-0.052756157,0.5493419,0.5493419,-0.045183197,0.06639604,0.031543314,-0.052756157,0.5493419,0.5493419,-0.045183197,0.06639604
53.679,3.0291,20.0165,0.8339,3.0,20.0,1.0,0.031233681,-0.053249586,0.54916835,0.54916835,-0.04477554,0.06679144,0.031233681,-0.053249586,0.54916835,0.54916835,-0.04477554,0.06679144
53.728,3.0290,20.0162,0.8340,3.0,20.0,1.0,0.03125517,-0.053079557,0.5491917,0.5491917,-0.044911064,0.06673545,0.03125517,-0.053079557,0.5491917,0.5491917,-0.044911064,0.06673545
53.778,3.0290,20.0159,0.8340,3.0,20.0,1.0,0.030935274,-0.053572513,0.5490154,0.5490154,-0.0444898,0.067127034,0.030935274,-0.053572513,0.5490154,0.5490154,-0.0444898,0.067127034
53.828,3.0289,20.0158,0.8340,3.0,20.0,1.0,0.03065655,-0.05396419,0.5488667,0.5488667,-0.04413925,0.06744689,0.03065655,-0.05396419,0.5488667,0.5488667,-0.04413925,0.06744689
53.878,3.0288,20.0154,0.8341,3.0,20.0,1.0,0.030859167,-0.053465083,0.5489966,0.5489966,-0.04456651,0.06717242,0.030859167,-0.053465083,0.5489966,0.5489966,-0.04456651,0.06717242
53.928,3.0288,20.0153,0.8341,3.0,20.0,1.0,0.030346427,-0.05427495,0.5487224,0.5487224,-0.043840453,0.067768976,0.030346427,-0.05427495,0.5487224,0.5487224,-0.043840453,0.067768976
53.978,3.0288,20.0151,0.8341,3.0,20.0,1.0,0.030554282,-0.053787444,0.5488503,0.5488503,-0.044271756,0.06750492,0.030554282,-0.053787444,0.5488503,0.5488503,-0.044271756,0.06750492
54.028,3.0287,20.0149,0.8342,3.0,20.0,1.0,0.03035698,-0.054022197,0.5487559,0.5487559,-0.044055473,0.06772069,0.03035698,-0.054022197,0.5487559,0.5487559,-0.044055473,0.06772069
54.078,3.0286,20.0147,0.8342,3.0,20.0,1.0,0.02999701,-0.054533035,0.54857796,0.54857796,-0.043576628,0.06811266,0.02999701,-0.054533035,0.54857796,0.54857796,-0.043576628,0.06811266
54.128,3.0286,20.0144,0.8342,3.0,20.0,1.0,0.030036833,-0.05435236,0.5486127,0.5486127,-0.04373724,0.06805277,0.030036833,-0.05435236,0.5486127,0.5486127,-0.04373724,0.06805277
54.178,3.0285,20.0142,0.8343,3.0,20.0,1.0,0.029689152,-0.05482049,0.5484528,0.5484528,-0.043283384,0.068414725,0.029689152,-0.05482049,0.5484528,0.5484528,-0.043283384,0.068414725
54.228,3.0284,20.0140,0.8343,3.0,20.0,1.0,0.029718196,-0.05466269,0.54848176,0.54848176,-0.04342609,0.06837058,0.029718196,-0.05466269,0.54848176,0.54848176,-0.04342609,0.06837058
54.278,3.0284,20.0138,0.8343,3.0,20.0,1.0,0.029363215,-0.055126656,0.5483297,0.5483297,-0.042962994,0.068726435,0.029363215,-0.055126656,0.5483297,0.5483297,-0.042962994,0.068726435
54.328,3.0283,20.0135,0.8343,3.0,20.0,1.0,0.02939404,-0.05497056,0.54835874,0.54835874,-0.043107692,0.06868421,0.02939404,-0.05497056,0.54835874,0.54835874,-0.043107692,0.06868421
54.378,3.0283,20.0133,0.8344,3.0,20.0,1.0,0.02903101,-0.055432014,0.54821545,0.54821545,-0.042633887,0.06903489,0.02903101,-0.055432014,0.54821545,0.54821545,-0.042633887,0.06903489
54.428,3.0282,20.0131,0.8344,3.0,20.0,1.0,0.029071815,-0.05526288,0.5482478,0.5482478,-0.042795565,0.068986624,0.029071815,-0.05526288,0.5482478,0.5482478,-0.042795565,0.068986624
54.478,3.0282,20.0129,0.8344,3.0,20.0,1.0,0.028685933,-0.055745885,0.54810846,0.54810846,-0.042286474,0.06934643,0.028685933,-0.055745885,0.54810846,0.54810846,-0.042286474,0.06934643
54.528,3.0281,20.0126,0.8345,3.0,20.0,1.0,0.028737703,-0.055564888,0.54814345,0.54814345,-0.042464554,0.06929174,0.028737703,-0.055564888,0.54814345,0.54814345,-0.042464554,0.06929174
54.578,3.0280,20.0123,0.8345,3.0,20.0,1.0,0.028341949,-0.056048058,0.5480149,0.5480149,-0.041941617,0.06964772,0.028341949,-0.056048058,0.5480149,0.5480149,-0.041941617,0.06964772
54.628,3.0280,20.0122,0.8345,3.0,20.0,1.0,0.028031966,-0.056391772,0.54793,0.54793,-0.041555453,0.069915265,0.028031966,-0.056391772,0.54793,0.54793,-0.041555453,0.069915265
54.678,3.0279,20.0120,0.8345,3.0,20.0,1.0,0.028279077,-0.055941276,0.54802436,0.54802436,-0.042033345,0.06969555,0.028279077,-0.055941276,0.54802436,0.54802436,-0.042033345,0.06969555
54.728,3.0278,20.0117,0.8345,3.0,20.0,1.0,0.028043931,-0.056178346,0.54796374,0.54796374,-0.041763358,0.06989777,0.028043931,-0.056178346,0.54796374,0.54796374,-0.041763358,0.06989777
54.778,3.0278,20.0116,0.8346,3.0,20.0,1.0,0.027656969,-0.056621205,0.5478671,0.5478671,-0.04125921,0.07022345,0.027656969,-0.056621205,0.5478671,0.5478671,-0.04125921,0.07022345
54.828,3.0277,20.0113,0.8346,3.0,20.0,1.0,0.027697638,-0.05647184,0.54789174,0.54789174,-0.041415755,0.07018995,0.027697638,-0.05647184,0.54789174,0.54789174,-0.041415755,0.07018995
54.878,3.0277,20.0111,0.8346,3.0,20.0,1.0,0.027304316,-0.056910433,0.5478082,0.5478082,-0.040903766,0.07050988,0.027304316,-0.056910433,0.5478082,0.5478082,-0.040903766,0.07050988
54.928,3.0276,20.0108,0.8346,3.0,20.0,1.0,0.02734202,-0.056768578,0.5478303,0.5478303,-0.04105483,0.07048139,0.02734202,-0.056768578,0.5478303,0.5478303,-0.04105483,0.07048139
54.978,3.0275,20.0107,0.8346,3.0,20.0,1.0,0.026943007,-0.057203095,0.54775995,0.54775995,-0.04053524,0.07079533,0.026943007,-0.057203095,0.54775995,0.54775995,-0.04053524,0.07079533
55.029,3.0275,20.0104,0.8346,3.0,20.0,1.0,0.026984043,-0.057060156,0.54778063,0.54778063,-0.040691026,0.07076714,0.026984043,-0.057060156,0.54778063,0.54778063,-0.040691026,0.07076714
55.078,3.0274,20.0102,0.8346,3.0,20.0,1.0,0.026582044,-0.057486564,0.5477239,0.5477239,-0.04016879,0.07107331,0.026582044,-0.057486564,0.5477239,0.5477239,-0.04016879,0.07107331
55.128,3.0273,20.0100,0.8346,3.0,20.0,1.0,0.026625494,-0.05734283,0.54774266,0.54774266,-0.040329024,0.07104636,0.026625494,-0.05734283,0.54774266,0.54774266,-0.040329024,0.07104636
55.179,3.0273,20.0098,0.8347,3.0,20.0,1.0,0.026199775,-0.057789654,0.5476962,0.5476962,-0.039769806,0.07135969,0.026199775,-0.057789654,0.5476962,0.5476962,-0.039769806,0.07135969
55.229,3.0272,20.0095,0.8347,3.0,20.0,1.0,0.026253209,-0.05763799,0.54771394,0.54771394,-0.03994362,0.0713284,0.026253209,-0.05763799,0.54771394,0.54771394,-0.03994362,0.0713284
55.278,3.0272,20.0093,0.8347,3.0,20.0,1.0,0.025832362,-0.058066774,0.5476816,0.5476816,-0.039394084,0.071628496,0.025832362,-0.058066774,0.5476816,0.5476816,-0.039394084,0.071628496
55.328,3.0271,20.0091,0.8347,3.0,20.0,1.0,0.025878541,-0.05792789,0.547696,0.547696,-0.039555848,0.0716052,0.025878541,-0.05792789,0.547696,0.547696,-0.039555848,0.0716052
55.378,3.0270,20.0089,0.8347,3.0,20.0,1.0,0.025457764,-0.058345668,0.5476763,0.5476763,-0.039008144,0.07189605,0.025457764,-0.058345668,0.5476763,0.5476763,-0.039008144,0.07189605
55.428,3.0270,20.0086,0.8347,3.0,20.0,1.0,0.02550568,-0.058207117,0.54768836,0.54768836,-0.039173167,0.0718746,0.02550568,-0.058207117,0.54768836,0.54768836,-0.039173167,0.0718746
55.478,3.0269,20.0083,0.8347,3.0,20.0,1.0,0.025066594,-0.058637273,0.5476796,0.5476796,-0.038597535,0.072168216,0.025066594,-0.058637273,0.5476796,0.5476796,-0.038597535,0.072168216
55.528,3.0268,20.0082,0.8347,3.0,20.0,1.0,0.024712501,-0.05896194,0.547685,0.547685,-0.038151998,0.07240144,0.024712501,-0.05896194,0.547685,0.547685,-0.038151998,0.07240144
55.578,3.0267,20.0079,0.8347,3.0,20.0,1.0,0.024995899,-0.058562495,0.54769534,0.54769534,-0.03867163,0.07223823,0.024995899,-0.058562495,0.54769534,0.54769534,-0.03867163,0.07223823
55.628,3.0267,20.0077,0.8347,3.0,20.0,1.0,0.024315923,-0.059244525,0.5477055,0.5477055,-0.037734624,0.072663225,0.024315923,-0.059244525,0.5477055,0.5477055,-0.037734624,0.072663225
55.678,3.0267,20.0075,0.8347,3.0,20.0,1.0,0.024606897,-0.05884734,0.5477075,0.5477075,-0.038263857,0.072504304,0.024606897,-0.05884734,0.5477075,0.5477075,-0.038263857,0.072504304
55.728,3.0266,20.0073,0.8347,3.0,20.0,1.0,0.024340156,-0.059062887,0.5477172,0.5477172,-0.037952393,0.072675124,0.024340156,-0.059062887,0.5477172,0.5477172,-0.037952393,0.072675124
55.778,3.0265,20.0071,0.8347,3.0,20.0,1.0,0.023898475,-0.05946773,0.5477389,0.5477389,-0.037376456,0.07294571,0.023898475,-0.05946773,0.5477389,0.5477389,-0.037376456,0.07294571
55.828,3.0264,20.0068,0.8347,3.0,20.0,1.0,0.023943326,-0.059346866,0.5477423,0.5477423,-0.03753304,0.07293658,0.023943326,-0.059346866,0.5477423,0.5477423,-0.03753304,0.07293658
55.879,3.0264,20.0066,0.8347,3.0,20.0,1.0,0.023501989,-0.059742536,0.5477719,0.5477719,-0.036958784,0.07319933,0.023501989,-0.059742536,0.5477719,0.5477719,-0.036958784,0.07319933
55.929,3.0263,20.0064,0.8347,3.0,20.0,1.0,0.02354613,-0.05962442,0.5477734,0.5477734,-0.037114408,0.07319269,0.02354613,-0.05962442,0.5477734,0.5477734,-0.037114408,0.07319269
55.978,3.0263,20.0062,0.8346,3.0,20.0,1.0,0.023092434,-0.060025647,0.54781073,0.54781073,-0.036521304,0.073454514,0.023092434,-0.060025647,0.54781073,0.54781073,-0.036521304,0.073454514
56.029,3.0262,20.0059,0.8346,3.0,20.0,1.0,0.023142437,-0.05990436,0.54781014,0.54781014,-0.03668504,0.07344696,0.023142437,-0.05990436,0.54781014,0.54781014,-0.03668504,0.07344696
56.078,3.0261,20.0058,0.8346,3.0,20.0,1.0,0.02268864,-0.06029764,0.54785335,0.54785335,-0.03609261,0.073701605,0.02268864,-0.06029764,0.54785335,0.54785335,-0.03609261,0.073701605
56.128,3.0261,20.0055,0.8346,3.0,20.0,1.0,0.022736311,-0.060181387,0.54785126,0.54785126,-0.036252372,0.07369745,0.022736311,-0.060181387,0.54785126,0.54785126,-0.036252372,0.07369745
56.178,3.0260,20.0053,0.8346,3.0,20.0,1.0,0.022280456,-0.060569186,0.5478995,0.5478995,-0.03565733,0.07394606,0.022280456,-0.060569186,0.5478995,0.5478995,-0.03565733,0.07394606
56.228,3.0259,20.0050,0.8346,3.0,20.0,1.0,0.022327093,-0.060456574,0.5478961,0.5478961,-0.035815053,0.07394454,0.022327093,-0.060456574,0.5478961,0.5478961,-0.035815053,0.07394454
56.278,3.0259,20.0049,0.8346,3.0,20.0,1.0,0.021866923,-0.06084164,0.5479486,0.5479486,-0.03521351,0.074188225,0.021866923,-0.06084164,0.5479486,0.5479486,-0.03521351,0.074188225
56.328,3.0258,20.0046,0.8346,3.0,20.0,1.0,0.021917956,-0.0607269,0.54794335,0.54794335,-0.03537789,0.07418683,0.021917956,-0.0607269,0.54794335,0.54794335,-0.03537789,0.07418683
56.378,3.0257,20.0044,0.8346,3.0,20.0,1.0,0.021450344,-0.0611124,0.54799944,0.54799944,-0.034764994,0.07442705,0.021450344,-0.0611124,0.54799944,0.54799944,-0.034764994,0.07442705
56.428,3.0257,20.0042,0.8346,3.0,20.0,1.0,0.021501347,-0.0610007,0.5479931,0.5479931,-0.034928292,0.07442764,0.021501347,-0.0610007,0.5479931,0.5479931,-0.034928292,0.07442764
56.478,3.0256,20.0038,0.8345,3.0,20.0,1.0,0.021037484,-0.061375614,0.5480506,0.5480506,-0.03432144,0.07465957,0.021037484,-0.061375614,0.5480506,0.5480506,-0.03432144,0.07465957
56.529,3.0255,20.0037,0.8345,3.0,20.0,1.0,0.02064408,-0.061683174,0.5481013,0.5481013,-0.033818427,0.074857526,0.02064408,-0.061683174,0.5481013,0.5481013,-0.033818427,0.074857526
56.578,3.0255,20.0035,0.8345,3.0,20.0,1.0,0.020956159,-0.06133318,0.54805934,0.54805934,-0.034372386,0.07474941,0.020956159,-0.06133318,0.54805934,0.54805934,-0.034372386,0.07474941
56.628,3.0254,20.0033,0.8345,3.0,20.0,1.0,0.020668883,-0.061533216,0.548094,0.548094,-0.03403072,0.074895054,0.020668883,-0.061533216,0.548094,0.548094,-0.03403072,0.074895054
56.678,3.0253,20.0031,0.8345,3.0,20.0,1.0,0.020200336,-0.06190012,0.5481532,0.5481532,-0.033416644,0.075116426,0.020200336,-0.06190012,0.5481532,0.5481532,-0.033416644,0.075116426
56.728,3.0252,20.0028,0.8345,3.0,20.0,1.0,0.020253051,-0.06179355,0.5481443,0.5481443,-0.033582255,0.07512276,0.020253051,-0.06179355,0.5481443,0.5481443,-0.033582255,0.07512276
56.778,3.0252,20.0027,0.8345,3.0,20.0,1.0,0.01977486,-0.062163178,0.548204,0.548204,-0.03295305,0.075341366,0.01977486,-0.062163178,0.548204,0.548204,-0.03295305,0.075341366
56.828,3.0251,20.0024,0.8345,3.0,20.0,1.0,0.019830218,-0.06205666,0.5481941,0.5481941,-0.033121873,0.07534831,0.019830218,-0.06205666,0.5481941,0.5481941,-0.033121873,0.07534831
56.878,3.0251,20.0022,0.8345,3.0,20.0,1.0,0.019355234,-0.062417086,0.5482519,0.5482519,-0.03249761,0.07555946,0.019355234,-0.062417086,0.5482519,0.5482519,-0.03249761,0.07555946
56.928,3.0250,20.0020,0.8344,3.0,20.0,1.0,0.019409616,-0.062313505,0.5482418,0.5482418,-0.032664917,0.07556881,0.019409616,-0.062313505,0.5482418,0.5482418,-0.032664917,0.07556881
56.978,3.0249,20.0018,0.8344,3.0,20.0,1.0,0.018931603,-0.06267069,0.5482978,0.5482978,-0.032035872,0.07577497,0.018931603,-0.06267069,0.5482978,0.5482978,-0.032035872,0.07577497
57.028,3.0248,20.0015,0.8344,3.0,20.0,1.0,0.018985905,-0.06256951,0.54828763,0.54828763,-0.032202616,0.07578622,0.018985905,-0.06256951,0.54828763,0.54828763,-0.032202616,0.07578622
57.078,3.0248,20.0014,0.8344,3.0,20.0,1.0,0.018510891,-0.06291811,0.5483406,0.5483406,-0.031578284,0.075985506,0.018510891,-0.06291811,0.5483406,0.5483406,-0.031578284,0.075985506
57.128,3.0247,20.0011,0.8344,3.0,20.0,1.0,0.018570177,-0.06281363,0.5483297,0.5483297,-0.03175402,0.07599748,0.018570177,-0.06281363,0.5483297,0.5483297,-0.03175402,0.07599748
57.178,3.0247,20.0010,0.8344,3.0,20.0,1.0,0.018069552,-0.06317915,0.5483825,0.5483825,-0.031089187,0.07619879,0.018069552,-0.06317915,0.5483825,0.5483825,-0.031089187,0.07619879
57.228,3.0246,20.0007,0.8344,3.0,20.0,1.0,0.01813555,-0.0630729,0.54837114,0.54837114,-0.031272575,0.076209925,0.01813555,-0.0630729,0.54837114,0.54837114,-0.031272575,0.076209925
57.278,3.0245,20.0005,0.8344,3.0,20.0,1.0,0.017659176,-0.06341162,0.54841757,0.54841757,-0.030645655,0.0763981,0.017659176,-0.06341162,0.54841757,0.54841757,-0.030645655,0.0763981
57.328,3.0244,20.0003,0.8344,3.0,20.0,1.0,0.01771025,-0.06331942,0.54840803,0.54840803,-0.030806696,0.07641587,0.01771025,-0.06331942,0.54840803,0.54840803,-0.030806696,0.07641587
57.378,3.0244,20.0001,0.8344,3.0,20.0,1.0,0.01723246,-0.06365391,0.5484508,0.5484508,-0.030177427,0.076598875,0.01723246,-0.06365391,0.5484508,0.5484508,-0.030177427,0.076598875
57.428,3.0243,19.9999,0.8344,3.0,20.0,1.0,0.01728359,-0.063563734,0.5484416,0.5484416,-0.030338304,0.07661845,0.01728359,-0.063563734,0.5484416,0.5484416,-0.030338304,0.07661845
57.480,3.0243,19.9997,0.8343,3.0,20.0,1.0,0.016803512,-0.06389502,0.5484806,0.5484806,-0.02970514,0.07679665,0.016803512,-0.06389502,0.5484806,0.5484806,-0.02970514,0.07679665
57.528,3.0242,19.9994,0.8343,3.0,20.0,1.0,0.01688029,-0.06378324,0.5484694,0.5484694,-0.029909449,0.0768124,0.01688029,-0.06378324,0.5484694,0.5484694,-0.029909449,0.0768124
57.578,3.0241,19.9993,0.8343,3.0,20.0,1.0,0.016336532,-0.06416111,0.5485094,0.5485094,-0.029176448,0.07700102,0.016336532,-0.06416111,0.5485094,0.5485094,-0.029176448,0.07700102
57.628,3.0240,19.9990,0.8343,3.0,20.0,1.0,0.016424185,-0.06404756,0.5484983,0.5484983,-0.02939056,0.07701394,0.016424185,-0.06404756,0.5484983,0.5484983,-0.02939056,0.07701394
57.678,3.0240,19.9989,0.8343,3.0,20.0,1.0,0.015947625,-0.0643657,0.5485283,0.5485283,-0.02876234,0.07718042,0.015947625,-0.0643657,0.5485283,0.5485283,-0.02876234,0.07718042
57.728,3.0239,19.9986,0.8343,3.0,20.0,1.0,0.01599982,-0.06428013,0.54852045,0.54852045,-0.028924394,0.077204704,0.01599982,-0.06428013,0.54852045,0.54852045,-0.028924394,0.077204704
57.778,3.0238,19.9985,0.8343,3.0,20.0,1.0,0.01551648,-0.06459812,0.54854643,0.54854643,-0.028285759,0.0773674,0.01551648,-0.06459812,0.54854643,0.54854643,-0.028285759,0.0773674
57.828,3.0238,19.9982,0.8343,3.0,20.0,1.0,0.01556924,-0.064514175,0.54853916,0.54853916,-0.028448263,0.0773932,0.01556924,-0.064514175,0.54853916,0.54853916,-0.028448263,0.0773932
57.878,3.0237,19.9981,0.8343,3.0,20.0,1.0,0.0150896795,-0.064823836,0.5485605,0.5485605,-0.02781561,0.07754977,0.0150896795,-0.064823836,0.5485605,0.5485605,-0.02781561,0.07754977
57.928,3.0236,19.9978,0.8343,3.0,20.0,1.0,0.015136271,-0.0647465,0.5485542,0.5485542,-0.027968213,0.07757844,0.015136271,-0.0647465,0.5485542,0.5485542,-0.027968213,0.07757844
57.978,3.0236,19.9977,0.8343,3.0,20.0,1.0,0.014654747,-0.06505259,0.54857117,0.54857117,-0.027331963,0.077729814,0.014654747,-0.06505259,0.54857117,0.54857117,-0.027331963,0.077729814
58.028,3.0235,19.9974,0.8343,3.0,20.0,1.0,0.014714114,-0.064966895,0.54856503,0.54856503,-0.02750516,0.07775794,0.014714114,-0.064966895,0.54856503,0.54856503,-0.02750516,0.07775794
58.078,3.0234,19.9972,0.8343,3.0,20.0,1.0,0.014216293,-0.06527946,0.54857826,0.54857826,-0.02684366,0.077906825,0.014216293,-0.06527946,0.54857826,0.54857826,-0.02684366,0.077906825
58.128,3.0234,19.9970,0.8343,3.0,20.0,1.0,0.014282175,-0.06519131,0.5485727,0.5485727,-0.0270262,0.077935345,0.014282175,-0.06519131,0.5485727,0.5485727,-0.0270262,0.077935345
58.177,3.0233,19.9969,0.8343,3.0,20.0,1.0,0.013779882,-0.06550158,0.54858166,0.54858166,-0.02635735,0.078079045,0.013779882,-0.06550158,0.54858166,0.54858166,-0.02635735,0.078079045
58.228,3.0232,19.9966,0.8343,3.0,20.0,1.0,0.013848349,-0.06541408,0.54857695,0.54857695,-0.026542967,0.0781087,0.013848349,-0.06541408,0.54857695,0.54857695,-0.026542967,0.0781087
58.278,3.0231,19.9963,0.8343,3.0,20.0,1.0,0.013354721,-0.0657122,0.54858154,0.54858154,-0.025887774,0.07824525,0.013354721,-0.0657122,0.54858154,0.54858154,-0.025887774,0.07824525
58.328,3.0231,19.9962,0.8343,3.0,20.0,1.0,0.012957706,-0.06594546,0.54858094,0.54858094,-0.025375409,0.078363165,0.012957706,-0.06594546,0.54858094,0.54858094,-0.025375409,0.078363165
58.378,3.0230,19.9961,0.8343,3.0,20.0,1.0,0.013277644,-0.065693565,0.5485761,0.5485761,-0.025935449,0.07835137,0.013277644,-0.065693565,0.5485761,0.5485761,-0.025935449,0.07835137
58.428,3.0230,19.9958,0.8343,3.0,20.0,1.0,0.012979772,-0.065848,0.5485755,0.5485755,-0.0255751,0.078443326,0.012979772,-0.065848,0.5485755,0.5485755,-0.0255751,0.078443326
58.478,3.0229,19.9957,0.8343,3.0,20.0,1.0,0.012497795,-0.06612669,0.5485725,0.5485725,-0.024938013,0.07856691,0.012497795,-0.06612669,0.5485725,0.5485725,-0.024938013,0.07856691
58.528,3.0228,19.9955,0.8343,3.0,20.0,1.0,0.01254849,-0.066057585,0.54857033,0.54857033,-0.025095424,0.07860451,0.01254849,-0.066057585,0.54857033,0.54857033,-0.025095424,0.07860451
58.581,3.0228,19.9953,0.8343,3.0,20.0,1.0,0.012067517,-0.0663297,0.548564,0.548564,-0.024460074,0.07872226,0.012067517,-0.0663297,0.548564,0.548564,-0.024460074,0.07872226
58.631,3.0227,19.9951,0.8343,3.0,20.0,1.0,0.012117476,-0.06626266,0.5485625,0.5485625,-0.02461634,0.07876153,0.012117476,-0.06626266,0.5485625,0.5485625,-0.02461634,0.07876153
58.682,3.0227,19.9949,0.8343,3.0,20.0,1.0,0.011633633,-0.0665308,0.5485531,0.5485531,-0.023976546,0.07887372,0.011633633,-0.0665308,0.5485531,0.5485531,-0.023976546,0.07887372
58.731,3.0226,19.9947,0.8343,3.0,20.0,1.0,0.011685078,-0.066465,0.54855233,0.54855233,-0.024134522,0.07891444,0.011685078,-0.066465,0.54855233,0.54855233,-0.024134522,0.07891444
58.781,3.0225,19.9946,0.8343,3.0,20.0,1.0,0.011205003,-0.066724956,0.54854023,0.54854023,-0.023500742,0.079020694,0.011205003,-0.066724956,0.54854023,0.54854023,-0.023500742,0.079020694
58.834,3.0224,19.9943,0.8343,3.0,20.0,1.0,0.011255678,-0.06666132,0.5485401,0.5485401,-0.023657704,0.07906334,0.011255678,-0.06666132,0.5485401,0.5485401,-0.023657704,0.07906334
58.884,3.0224,19.9942,0.8343,3.0,20.0,1.0,0.010769613,-0.06691921,0.5485254,0.5485254,-0.023014639,0.07916424,0.010769613,-0.06691921,0.5485254,0.5485254,-0.023014639,0.07916424
58.937,3.0223,19.9940,0.8343,3.0,20.0,1.0,0.010823471,-0.06685571,0.54852605,0.54852605,-0.02317582,0.07920806,0.010823471,-0.06685571,0.54852605,0.54852605,-0.02317582,0.07920806
58.994,3.0223,19.9940,0.8343,0.0,0.0,0.0,0.0,0.0,0.0,0.0,0.0,0.0,0.0,0.0,0.0,0.0,0.0,0.0
59.027,3.0222,19.9936,0.8343,3.0,20.0,1.0,0.010394627,-0.06704382,0.54851055,0.54851055,-0.022699581,0.07934877,0.010394627,-0.06704382,0.54851055,0.54851055,-0.022699581,0.07934877
59.086,3.0221,19.9935,0.8343,3.0,20.0,1.0,0.009911378,-0.06728788,0.5484921,0.5484921,-0.022061612,0.07943811,0.009911378,-0.06728788,0.5484921,0.5484921,-0.022061612,0.07943811
59.137,3.0221,19.9932,0.8343,3.0,20.0,1.0,0.009960198,-0.06723141,0.5484936,0.5484936,-0.02221435,0.079485565,0.009960198,-0.06723141,0.5484936,0.5484936,-0.02221435,0.079485565
59.182,3.0220,19.9930,0.8343,3.0,20.0,1.0,0.009479883,-0.06746797,0.54847383,0.54847383,-0.021580843,0.07956893,0.009479883,-0.06746797,0.54847383,0.54847383,-0.021580843,0.07956893
59.237,3.0219,19.9929,0.8343,3.0,20.0,1.0,0.00908608,-0.06765822,0.548456,0.548456,-0.021074364,0.079646505,0.00908608,-0.06765822,0.548456,0.548456,-0.021074364,0.079646505
59.283,3.0219,19.9927,0.8343,3.0,20.0,1.0,0.009395631,-0.06746518,0.5484699,0.5484699,-0.021613734,0.07968328,0.009395631,-0.06746518,0.5484699,0.5484699,-0.021613734,0.07968328
59.333,3.0218,19.9925,0.8343,3.0,20.0,1.0,0.009105482,-0.06758638,0.54845786,0.54845786,-0.021266267,0.07974716,0.009105482,-0.06758638,0.54845786,0.54845786,-0.021266267,0.07974716
59.382,3.0218,19.9924,0.8343,3.0,20.0,1.0,0.008617174,-0.06781531,0.54843575,0.54843575,-0.020621287,0.079819426,0.008617174,-0.06781531,0.54843575,0.54843575,-0.020621287,0.079819426
59.434,3.0217,19.9922,0.8343,3.0,20.0,1.0,0.008670741,-0.067762226,0.5484388,0.5484388,-0.020780237,0.07987172,0.008670741,-0.067762226,0.5484388,0.5484388,-0.020780237,0.07987172
59.484,3.0216,19.9921,0.8343,3.0,20.0,1.0,0.008188815,-0.067981616,0.5484167,0.5484167,-0.020145342,0.07993814,0.008188815,-0.067981616,0.5484167,0.5484167,-0.020145342,0.07993814
59.534,3.0215,19.9918,0.8343,3.0,20.0,1.0,0.0082429005,-0.06793017,0.54842,0.54842,-0.020305028,0.079992294,0.0082429005,-0.06793017,0.54842,0.54842,-0.020305028,0.079992294
59.584,3.0215,19.9917,0.8344,3.0,20.0,1.0,0.007764232,-0.068141796,0.54839796,0.54839796,-0.019676011,0.080053575,0.007764232,-0.068141796,0.54839796,0.54839796,-0.019676011,0.080053575
59.635,3.0214,19.9915,0.8344,3.0,20.0,1.0,0.00780991,-0.068096615,0.5484012,0.5484012,-0.019822272,0.08010898,0.00780991,-0.068096615,0.5484012,0.5484012,-0.019822272,0.08010898
59.688,3.0214,19.9914,0.8344,3.0,20.0,1.0,0.0073398296,-0.068297975,0.5483798,0.5483798,-0.019207079,0.08016523,0.0073398296,-0.068297975,0.5483798,0.5483798,-0.019207079,0.08016523
59.736,3.0213,19.9912,0.8344,3.0,20.0,1.0,0.007381449,-0.06825649,0.548383,0.548383,-0.019347193,0.080222234,0.007381449,-0.06825649,0.548383,0.548383,-0.019347193,0.080222234
59.776,3.0213,19.9910,0.8344,3.0,20.0,1.0,0.0069034896,-0.06845595,0.54836166,0.54836166,-0.018720036,0.080272496,0.0069034896,-0.06845595,0.54836166,0.54836166,-0.018720036,0.080272496
59.832,3.0212,19.9908,0.8344,3.0,20.0,1.0,0.006953915,-0.06841245,0.5483654,0.5483654,-0.018872954,0.08033149,0.006953915,-0.06841245,0.5483654,0.5483654,-0.018872954,0.08033149
59.881,3.0211,19.9907,0.8344,3.0,20.0,1.0,0.006478799,-0.06860471,0.54834485,0.54834485,-0.018251069,0.08037698,0.006478799,-0.06860471,0.54834485,0.54834485,-0.018251069,0.08037698
59.932,3.0211,19.9905,0.8344,3.0,20.0,1.0,0.0065273335,-0.06856379,0.54834855,0.54834855,-0.018401336,0.080437794,0.0065273335,-0.06856379,0.54834855,0.54834855,-0.018401336,0.080437794
59.982,3.0210,19.9903,0.8344,3.0,20.0,1.0,0.0060452526,-0.06875346,0.5483286,0.5483286,-0.017769268,0.080477476,0.0060452526,-0.06875346,0.5483286,0.5483286,-0.017769268,0.080477476
60.032,3.0209,19.9902,0.8344,3.0,20.0,1.0,0.0056508705,-0.06890683,0.5483132,0.5483132,-0.01726474,0.0805207,0.0056508705,-0.06890683,0.5483132,0.5483132,-0.01726474,0.0805207
60.082,3.0209,19.9901,0.8344,3.0,20.0,1.0,0.0059624612,-0.0687599,0.5483282,0.5483282,-0.017800827,0.08059827,0.0059624612,-0.0687599,0.5483282,0.5483282,-0.017800827,0.08059827
60.132,3.0208,19.9899,0.8344,3.0,20.0,1.0,0.005665047,-0.06885986,0.5483176,0.5483176,-0.01744334,0.08063815,0.005665047,-0.06885986,0.5483176,0.5483176,-0.01744334,0.08063815
60.182,3.0208,19.9897,0.8344,3.0,20.0,1.0,0.0051924903,-0.06903421,0.5483003,0.5483003,-0.016827105,0.08066883,0.0051924903,-0.06903421,0.5483003,0.5483003,-0.016827105,0.08066883
60.237,3.0207,19.9896,0.8344,3.0,20.0,1.0,0.005238762,-0.06900023,0.5483039,0.5483039,-0.016972335,0.0807338,0.005238762,-0.06900023,0.5483039,0.5483039,-0.016972335,0.0807338
60.282,3.0207,19.9894,0.8344,3.0,20.0,1.0,0.0047629895,-0.06917042,0.5482879,0.5482879,-0.016351998,0.08075943,0.0047629895,-0.06917042,0.5482879,0.5482879,-0.016351998,0.08075943
60.332,3.0206,19.9892,0.8344,3.0,20.0,1.0,0.004809213,-0.069138385,0.5482914,0.5482914,-0.01649657,0.08082574,0.004809213,-0.069138385,0.5482914,0.5482914,-0.01649657,0.08082574
60.382,3.0205,19.9891,0.8344,3.0,20.0,1.0,0.004336948,-0.069301695,0.5482771,0.5482771,-0.015882444,0.0808472,0.004336948,-0.069301695,0.5482771,0.5482771,-0.015882444,0.0808472
60.432,3.0205,19.9889,0.8344,3.0,20.0,1.0,0.004382047,-0.069271766,0.54828036,0.54828036,-0.016025279,0.080915,0.004382047,-0.069271766,0.54828036,0.54828036,-0.016025279,0.080915
60.482,3.0204,19.9888,0.8344,3.0,20.0,1.0,0.003906682,-0.06943088,0.54826754,0.54826754,-0.015407243,0.08093144,0.003906682,-0.06943088,0.54826754,0.54826754,-0.015407243,0.08093144
60.537,3.0203,19.9886,0.8344,3.0,20.0,1.0,0.003959549,-0.06939975,0.5482709,0.5482709,-0.0155622605,0.08100246,0.003959549,-0.06939975,0.5482709,0.5482709,-0.0155622605,0.08100246
60.583,3.0203,19.9885,0.8344,3.0,20.0,1.0,0.0034651044,-0.06956036,0.54825914,0.54825914,-0.014915805,0.081011064,0.0034651044,-0.06956036,0.54825914,0.54825914,-0.014915805,0.081011064
60.632,3.0202,19.9883,0.8344,3.0,20.0,1.0,0.0035339987,-0.06952578,0.54826266,0.54826266,-0.015094321,0.0810861,0.0035339987,-0.06952578,0.54826266,0.54826266,-0.015094321,0.0810861
60.682,3.0202,19.9882,0.8344,3.0,20.0,1.0,0.0030329318,-0.06968314,0.5482525,0.5482525,-0.014438806,0.08108901,0.0030329318,-0.06968314,0.5482525,0.5482525,-0.014438806,0.08108901
60.737,3.0201,19.9880,0.8344,3.0,20.0,1.0,0.0030947586,-0.06965357,0.54825556,0.54825556,-0.0146044735,0.08116329,0.0030947586,-0.06965357,0.54825556,0.54825556,-0.0146044735,0.08116329
60.782,3.0201,19.9879,0.8344,3.0,20.0,1.0,0.0026219625,-0.069796294,0.5482477,0.5482477,-0.013992982,0.08116732,0.0026219625,-0.069796294,0.5482477,0.5482477,-0.013992982,0.08116732
60.832,3.0200,19.9877,0.8344,3.0,20.0,1.0,0.002676059,-0.06977035,0.5482503,0.5482503,-0.014149234,0.08124353,0.002676059,-0.06977035,0.5482503,0.5482503,-0.014149234,0.08124353
60.882,3.0199,19.9875,0.8344,3.0,20.0,1.0,0.002170012,-0.069918506,0.5482436,0.5482436,-0.013487949,0.081236444,0.002170012,-0.069918506,0.5482436,0.5482436,-0.013487949,0.081236444
60.932,3.0199,19.9874,0.8344,3.0,20.0,1.0,0.0017972931,-0.0700284,0.5482404,0.5482404,-0.0130207045,0.081251815,0.0017972931,-0.0700284,0.5482404,0.5482404,-0.0130207045,0.081251815
60.983,3.0198,19.9873,0.8344,3.0,20.0,1.0,0.00210027,-0.06993311,0.54824555,0.54824555,-0.013534334,0.08136717,0.00210027,-0.06993311,0.54824555,0.54824555,-0.013534334,0.08136717
61.033,3.0198,19.9872,0.8344,3.0,20.0,1.0,0.0018070693,-0.07000629,0.54824334,0.54824334,-0.0131872,0.081386425,0.0018070693,-0.07000629,0.54824334,0.54824334,-0.0131872,0.081386425
61.083,3.0197,19.9870,0.8344,3.0,20.0,1.0,0.0013306743,-0.07013551,0.5482402,0.5482402,-0.012572988,0.08137783,0.0013306743,-0.07013551,0.5482402,0.5482402,-0.012572988,0.08137783
61.132,3.0197,19.9869,0.8344,3.0,20.0,1.0,0.0013748605,-0.07011842,0.5482418,0.5482418,-0.012711158,0.08145472,0.0013748605,-0.07011842,0.5482418,0.5482418,-0.012711158,0.08145472
61.182,3.0196,19.9867,0.8344,3.0,20.0,1.0,0.0009026139,-0.070241824,0.5482402,0.5482402,-0.012104201,0.08144341,0.0009026139,-0.070241824,0.5482402,0.5482402,-0.012104201,0.08144341
61.232,3.0196,19.9866,0.8344,3.0,20.0,1.0,0.00094586954,-0.070226565,0.5482415,0.5482415,-0.012240934,0.08152163,0.00094586954,-0.070226565,0.5482415,0.5482415,-0.012240934,0.08152163
61.288,3.0195,19.9864,0.8344,0.0,0.0,0.0,0.0,0.0,0.0,0.0,0.0,0.0,0.0,0.0,0.0,0.0,0.0,0.0
61.332,3.0194,19.9863,0.8344,3.0,20.0,1.0,0.00051443005,-0.07033244,0.5482423,0.5482423,-0.011767505,0.08158552,0.00051443005,-0.07033244,0.5482423,0.5482423,-0.011767505,0.08158552
61.382,3.0194,19.9862,0.8344,3.0,20.0,1.0,3.657377e-05,-0.07044814,0.5482433,0.5482433,-0.011154133,0.08156569,3.657377e-05,-0.07044814,0.5482433,0.5482433,-0.011154133,0.08156569
61.433,3.0193,19.9860,0.8344,3.0,20.0,1.0,8.30526e-05,-0.07043547,0.54824406,0.54824406,-0.011294585,0.081647,8.30526e-05,-0.07043547,0.54824406,0.54824406,-0.011294585,0.081647
61.482,3.0193,19.9859,0.8344,3.0,20.0,1.0,-0.00039353248,-0.07054636,0.54824626,0.54824626,-0.01068434,0.08162423,-0.00039353248,-0.07054636,0.54824626,0.54824626,-0.01068434,0.08162423
61.532,3.0192,19.9857,0.8344,3.0,20.0,1.0,-0.0003492102,-0.07053581,0.5482468,0.5482468,-0.010821279,0.0817063,-0.0003492102,-0.07053581,0.5482468,0.5482468,-0.010821279,0.0817063
61.582,3.0192,19.9856,0.8344,3.0,20.0,1.0,-0.0008284438,-0.070642956,0.5482501,0.5482501,-0.010208068,0.08167947,-0.0008284438,-0.070642956,0.5482501,0.5482501,-0.010208068,0.08167947
61.637,3.0191,19.9855,0.8344,3.0,20.0,1.0,-0.00078219036,-0.070633665,0.5482503,0.5482503,-0.010347257,0.08176311,-0.00078219036,-0.070633665,0.5482503,0.5482503,-0.010347257,0.08176311
61.682,3.0191,19.9854,0.8344,3.0,20.0,1.0,-0.0012618849,-0.070736684,0.54825455,0.54825455,-0.009734432,0.081733,-0.0012618849,-0.070736684,0.54825455,0.54825455,-0.009734432,0.081733
61.732,3.0190,19.9852,0.8344,3.0,20.0,1.0,-0.0012157416,-0.07072906,0.54825455,0.54825455,-0.009872949,0.08181775,-0.0012157416,-0.07072906,0.54825455,0.54825455,-0.009872949,0.08181775
61.783,3.0190,19.9851,0.8344,3.0,20.0,1.0,-0.0016909774,-0.07082709,0.54825956,0.54825956,-0.009268084,0.08178615,-0.0016909774,-0.07082709,0.54825956,0.54825956,-0.009268084,0.08178615
61.832,3.0189,19.9849,0.8344,3.0,20.0,1.0,-0.0016394858,-0.07081974,0.54825926,0.54825926,-0.009415821,0.08187505,-0.0016394858,-0.07081974,0.54825926,0.54825926,-0.009415821,0.08187505
61.882,3.0189,19.9848,0.8344,3.0,20.0,1.0,-0.0021473337,-0.07091997,0.5482653,0.5482653,-0.008763298,0.081830606,-0.0021473337,-0.07091997,0.5482653,0.5482653,-0.008763298,0.081830606
61.932,3.0188,19.9847,0.8344,3.0,20.0,1.0,-0.002077784,-0.07091141,0.5482646,0.5482646,-0.008935311,0.0819245,-0.002077784,-0.07091141,0.5482646,0.5482646,-0.008935311,0.0819245
61.982,3.0188,19.9845,0.8344,3.0,20.0,1.0,-0.0025770331,-0.071006134,0.5482712,0.5482712,-0.008296556,0.08187972,-0.0025770331,-0.071006134,0.5482712,0.5482712,-0.008296556,0.08187972
62.032,3.0187,19.9844,0.8344,3.0,20.0,1.0,-0.0025211002,-0.07100175,0.54827046,0.54827046,-0.008447146,0.08197,-0.0025211002,-0.07100175,0.54827046,0.54827046,-0.008447146,0.08197
62.082,3.0187,19.9844,0.8344,3.0,20.0,1.0,-0.0029951248,-0.07108851,0.5482771,0.5482771,-0.007846958,0.081930585,-0.0029951248,-0.07108851,0.5482771,0.5482771,-0.007846958,0.081930585
62.133,3.0186,19.9846,0.8339,3.0,20.0,1.0,-0.002542347,-0.07104186,0.54888475,0.54888475,-0.00841758,0.08200178,-0.002542347,-0.07104186,0.54888475,0.54888475,-0.00841758,0.08200178
62.183,3.0186,19.9848,0.8337,3.0,20.0,1.0,-0.0016895965,-0.070052035,0.5519081,0.5519081,-0.00921561,0.08095724,-0.0016895965,-0.070052035,0.5519081,0.5519081,-0.00921561,0.08095724
62.232,3.0186,19.9851,0.8334,3.0,20.0,1.0,-0.002190361,-0.06971958,0.5511326,0.5511326,-0.008742253,0.0806522,-0.002190361,-0.06971958,0.5511326,0.5511326,-0.008742253,0.0806522
62.282,3.0185,19.9852,0.8333,3.0,20.0,1.0,-0.0021953555,-0.06905849,0.5522501,0.5522501,-0.0086120935,0.07986594,-0.0021953555,-0.06905849,0.5522501,0.5522501,-0.0086120935,0.07986594
62.337,3.0185,19.9854,0.8330,3.0,20.0,1.0,-0.0022296354,-0.06929704,0.5519298,0.5519298,-0.008663869,0.08019054,-0.0022296354,-0.06929704,0.5519298,0.5519298,-0.008663869,0.08019054
62.382,3.0184,19.9855,0.8329,3.0,20.0,1.0,-0.0022208807,-0.06878714,0.5528724,0.5528724,-0.008549866,0.079557896,-0.0022208807,-0.06878714,0.5528724,0.5528724,-0.008549866,0.079557896
62.432,3.0184,19.9857,0.8327,3.0,20.0,1.0,-0.00225668,-0.06899012,0.5525834,0.5525834,-0.008602237,0.079849035,-0.00225668,-0.06899012,0.5525834,0.5525834,-0.008602237,0.079849035
62.482,3.0184,19.9858,0.8326,3.0,20.0,1.0,-0.002263143,-0.06857774,0.5533507,0.5533507,-0.008472928,0.079313815,-0.002263143,-0.06857774,0.5533507,0.5533507,-0.008472928,0.079313815
62.532,3.0183,19.9859,0.8324,3.0,20.0,1.0,-0.0023016112,-0.068741016,0.5530994,0.5530994,-0.008522783,0.079565406,-0.0023016112,-0.068741016,0.5530994,0.5530994,-0.008522783,0.079565406
62.582,3.0183,19.9860,0.8323,3.0,20.0,1.0,-0.0023245425,-0.068409316,0.5536957,0.5536957,-0.0083800545,0.07911391,-0.0023245425,-0.068409316,0.5536957,0.5536957,-0.0083800545,0.07911391
62.632,3.0182,19.9861,0.8322,3.0,20.0,1.0,-0.0023646178,-0.06854306,0.5534736,0.5534736,-0.008431648,0.079339325,-0.0023646178,-0.06854306,0.5534736,0.5534736,-0.008431648,0.079339325
62.683,3.0182,19.9862,0.8321,3.0,20.0,1.0,-0.0024046598,-0.06825342,0.5539411,0.5539411,-0.008266446,0.07892453,-0.0024046598,-0.06825342,0.5539411,0.5539411,-0.008266446,0.07892453
62.732,3.0181,19.9862,0.8320,3.0,20.0,1.0,-0.0024470189,-0.0683689,0.553735,0.553735,-0.008323505,0.07913942,-0.0024470189,-0.0683689,0.553735,0.553735,-0.008323505,0.07913942
62.783,3.0181,19.9863,0.8320,3.0,20.0,1.0,-0.002501485,-0.06811795,0.5540674,0.5540674,-0.008144741,0.07876418,-0.002501485,-0.06811795,0.5540674,0.5540674,-0.008144741,0.07876418
62.837,3.0181,19.9863,0.8319,3.0,20.0,1.0,-0.0025491803,-0.06800392,0.55415523,0.55415523,-0.008037997,0.0785911,-0.0025491803,-0.06800392,0.55415523,0.55415523,-0.008037997,0.0785911
62.882,3.0180,19.9864,0.8319,3.0,20.0,1.0,-0.0025646905,-0.06819441,0.55390054,0.55390054,-0.0081922775,0.07895138,-0.0025646905,-0.06819441,0.55390054,0.55390054,-0.0081922775,0.07895138
62.932,3.0180,19.9864,0.8319,3.0,20.0,1.0,-0.0026105703,-0.06809766,0.5539754,0.5539754,-0.008113992,0.078822225,-0.0026105703,-0.06809766,0.5539754,0.5539754,-0.008113992,0.078822225
62.982,3.0180,19.9865,0.8319,3.0,20.0,1.0,-0.0026574614,-0.067942984,0.55405957,0.55405957,-0.007967549,0.07856799,-0.0026574614,-0.067942984,0.55405957,0.55405957,-0.007967549,0.07856799
63.032,3.0179,19.9865,0.8319,3.0,20.0,1.0,-0.0026856277,-0.068004034,0.5539717,0.5539717,-0.008029024,0.078718685,-0.0026856277,-0.068004034,0.5539717,0.5539717,-0.008029024,0.078718685
63.082,3.0179,19.9865,0.8319,3.0,20.0,1.0,-0.0027249495,-0.06787334,0.5539688,0.5539688,-0.007886961,0.07848524,-0.0027249495,-0.06787334,0.5539688,0.5539688,-0.007886961,0.07848524
63.133,3.0178,19.9866,0.8319,3.0,20.0,1.0,-0.0027540808,-0.067924134,0.5539046,0.5539046,-0.007945591,0.07862381,-0.0027540808,-0.067924134,0.5539046,0.5539046,-0.007945591,0.07862381
63.183,3.0178,19.9866,0.8319,3.0,20.0,1.0,-0.002787725,-0.06782564,0.5538219,0.5538219,-0.007823079,0.07843644,-0.002787725,-0.06782564,0.5538219,0.5538219,-0.007823079,0.07843644
63.232,3.0178,19.9866,0.8319,3.0,20.0,1.0,-0.0028208178,-0.067861736,0.55377895,0.55377895,-0.007871775,0.078554325,-0.0028208178,-0.067861736,0.55377895,0.55377895,-0.007871775,0.078554325
63.282,3.0177,19.9867,0.8319,3.0,20.0,1.0,-0.0028519568,-0.067782775,0.5536309,0.5536309,-0.0077580856,0.07839282,-0.0028519568,-0.067782775,0.5536309,0.5536309,-0.0077580856,0.07839282
63.332,3.0177,19.9867,0.8320,3.0,20.0,1.0,-0.0028908986,-0.06781319,0.55361116,0.55361116,-0.0078076734,0.07851176,-0.0028908986,-0.06781319,0.55361116,0.55361116,-0.0078076734,0.07851176
63.388,3.0177,19.9867,0.8320,0.0,0.0,0.0,0.0,0.0,0.0,0.0,0.0,0.0,0.0,0.0,0.0,0.0,0.0,0.0
63.432,3.0176,19.9867,0.8321,3.0,20.0,1.0,-0.0029615252,-0.067768,0.5533956,0.5533956,-0.00773572,0.078465246,-0.0029615252,-0.067768,0.5533956,0.5533956,-0.00773572,0.078465246
63.482,3.0176,19.9867,0.8321,3.0,20.0,1.0,-0.00299709,-0.067715876,0.55314755,0.55314755,-0.007629948,0.078342915,-0.00299709,-0.067715876,0.55314755,0.55314755,-0.007629948,0.078342915
63.532,3.0176,19.9867,0.8322,3.0,20.0,1.0,-0.003040277,-0.06773231,0.55315375,0.55315375,-0.007666601,0.07843919,-0.003040277,-0.06773231,0.55315375,0.55315375,-0.007666601,0.07843919
63.583,3.0176,19.9868,0.8322,3.0,20.0,1.0,-0.0030823483,-0.067691654,0.55287343,0.55287343,-0.007562689,0.078336686,-0.0030823483,-0.067691654,0.55287343,0.55287343,-0.007562689,0.078336686
63.633,3.0175,19.9868,0.8323,3.0,20.0,1.0,-0.0031279104,-0.06770615,0.5529023,0.5529023,-0.0076023065,0.078436375,-0.0031279104,-0.06770615,0.5529023,0.5529023,-0.0076023065,0.078436375
63.682,3.0175,19.9868,0.8323,3.0,20.0,1.0,-0.0031748626,-0.067671925,0.55256087,0.55256087,-0.007482751,0.07832953,-0.0031748626,-0.067671925,0.55256087,0.55256087,-0.007482751,0.07832953
63.732,3.0175,19.9868,0.8324,3.0,20.0,1.0,-0.003227818,-0.06766092,0.5522947,0.5522947,-0.007404889,0.07829362,-0.003227818,-0.06766092,0.5522947,0.5522947,-0.007404889,0.07829362
63.782,3.0174,19.9868,0.8324,3.0,20.0,1.0,-0.0032642977,-0.06768393,0.55251366,0.55251366,-0.0075079063,0.07845613,-0.0032642977,-0.06768393,0.55251366,0.55251366,-0.0075079063,0.07845613
63.833,3.0174,19.9868,0.8325,3.0,20.0,1.0,-0.0033174735,-0.06767212,0.5523251,0.5523251,-0.007451485,0.078441076,-0.0033174735,-0.06767212,0.5523251,0.5523251,-0.007451485,0.078441076
63.887,3.0174,19.9868,0.8326,3.0,20.0,1.0,-0.0033790749,-0.067661,0.5519605,0.5519605,-0.0073350873,0.07837517,-0.0033790749,-0.067661,0.5519605,0.5519605,-0.0073350873,0.07837517
63.932,3.0174,19.9868,0.8326,3.0,20.0,1.0,-0.0034198314,-0.06766801,0.55200964,0.55200964,-0.0073701334,0.078457974,-0.0034198314,-0.06766801,0.55200964,0.55200964,-0.0073701334,0.078457974
63.982,3.0173,19.9868,0.8327,3.0,20.0,1.0,-0.003487337,-0.067668214,0.5516578,0.5516578,-0.007260412,0.07841597,-0.003487337,-0.067668214,0.5516578,0.5516578,-0.007260412,0.07841597
64.032,3.0173,19.9868,0.8328,3.0,20.0,1.0,-0.0035290008,-0.06767227,0.5517024,0.5517024,-0.007290664,0.07849193,-0.0035290008,-0.06767227,0.5517024,0.5517024,-0.007290664,0.07849193
64.082,3.0173,19.9867,0.8328,3.0,20.0,1.0,-0.003604459,-0.067681745,0.55133617,0.55133617,-0.0071739242,0.07846013,-0.003604459,-0.067681745,0.55133617,0.55133617,-0.0071739242,0.07846013
64.132,3.0173,19.9867,0.8329,3.0,20.0,1.0,-0.0036458133,-0.06768329,0.55138856,0.55138856,-0.0072044553,0.07853355,-0.0036458133,-0.06768329,0.55138856,0.55138856,-0.0072044553,0.07853355
64.182,3.0172,19.9867,0.8330,3.0,20.0,1.0,-0.0037306056,-0.067700826,0.5510205,0.5510205,-0.0070820027,0.078513436,-0.0037306056,-0.067700826,0.5510205,0.5510205,-0.0070820027,0.078513436
64.232,3.0172,19.9867,0.8331,3.0,20.0,1.0,-0.0037718513,-0.067700066,0.55107456,0.55107456,-0.007111207,0.07858312,-0.0037718513,-0.067700066,0.55107456,0.55107456,-0.007111207,0.07858312
64.282,3.0172,19.9867,0.8331,3.0,20.0,1.0,-0.0038675512,-0.06772455,0.55070466,0.55070466,-0.0069797365,0.07857183,-0.0038675512,-0.06772455,0.55070466,0.55070466,-0.0069797365,0.07857183
64.332,3.0172,19.9867,0.8332,3.0,20.0,1.0,-0.003907747,-0.06772114,0.55076814,0.55076814,-0.007011492,0.07864038,-0.003907747,-0.06772114,0.55076814,0.55076814,-0.007011492,0.07864038
64.382,3.0171,19.9866,0.8333,3.0,20.0,1.0,-0.0040171063,-0.06775195,0.5503892,0.5503892,-0.006864744,0.0786338,-0.0040171063,-0.06775195,0.5503892,0.5503892,-0.006864744,0.0786338
64.437,3.0171,19.9866,0.8333,3.0,20.0,1.0,-0.00405515,-0.06774661,0.55045605,0.55045605,-0.0068973657,0.07869913,-0.00405515,-0.06774661,0.55045605,0.55045605,-0.0068973657,0.07869913
64.482,3.0171,19.9866,0.8334,3.0,20.0,1.0,-0.004176423,-0.067779906,0.55009675,0.55009675,-0.00674434,0.07870067,-0.004176423,-0.067779906,0.55009675,0.55009675,-0.00674434,0.07870067
64.532,3.0171,19.9865,0.8335,3.0,20.0,1.0,-0.004214217,-0.06777391,0.5501563,0.5501563,-0.006774398,0.078762524,-0.004214217,-0.06777391,0.5501563,0.5501563,-0.006774398,0.078762524
64.582,3.0171,19.9865,0.8335,3.0,20.0,1.0,-0.004349068,-0.06780944,0.5498077,0.5498077,-0.0066097667,0.078768276,-0.004349068,-0.06780944,0.5498077,0.5498077,-0.0066097667,0.078768276
64.632,3.0170,19.9865,0.8336,3.0,20.0,1.0,-0.004384519,-0.06780274,0.54986805,0.54986805,-0.006641787,0.07882905,-0.004384519,-0.06780274,0.54986805,0.54986805,-0.006641787,0.07882905
64.682,3.0170,19.9864,0.8337,3.0,20.0,1.0,-0.0045340434,-0.06784026,0.5495269,0.5495269,-0.0064623253,0.07883663,-0.0045340434,-0.06784026,0.5495269,0.5495269,-0.0064623253,0.07883663
64.732,3.0170,19.9864,0.8337,3.0,20.0,1.0,-0.004676081,-0.06787485,0.5492584,0.5492584,-0.0063065467,0.078857474,-0.004676081,-0.06787485,0.5492584,0.5492584,-0.0063065467,0.078857474
64.782,3.0170,19.9864,0.8338,3.0,20.0,1.0,-0.0046390905,-0.06784603,0.5495119,0.5495119,-0.0064574303,0.07894255,-0.0046390905,-0.06784603,0.5495119,0.5495119,-0.0064574303,0.07894255
64.832,3.0169,19.9863,0.8339,3.0,20.0,1.0,-0.0047511025,-0.06786802,0.5493337,0.5493337,-0.006353707,0.07897283,-0.0047511025,-0.06786802,0.5493337,0.5493337,-0.006353707,0.07897283
64.882,3.0169,19.9863,0.8339,3.0,20.0,1.0,-0.0049243784,-0.06791529,0.5490066,0.5490066,-0.0061476403,0.07898731,-0.0049243784,-0.06791529,0.5490066,0.5490066,-0.0061476403,0.07898731
64.932,3.0169,19.9862,0.8340,3.0,20.0,1.0,-0.004945945,-0.06790864,0.5490733,0.5490733,-0.0061939587,0.07904854,-0.004945945,-0.06790864,0.5490733,0.5490733,-0.0061939587,0.07904854
64.988,3.0169,19.9862,0.8341,0.0,0.0,0.0,0.0,0.0,0.0,0.0,0.0,0.0,0.0,0.0,0.0,0.0,0.0,0.0
65.033,3.0168,19.9861,0.8341,3.0,20.0,1.0,-0.005145303,-0.06795057,0.54883707,0.54883707,-0.006032439,0.07912831,-0.005145303,-0.06795057,0.54883707,0.54883707,-0.006032439,0.07912831
65.082,3.0168,19.9861,0.8341,3.0,20.0,1.0,-0.005328251,-0.068000875,0.5485635,0.5485635,-0.005822272,0.0791514,-0.005328251,-0.068000875,0.5485635,0.5485635,-0.005822272,0.0791514
65.133,3.0168,19.9860,0.8342,3.0,20.0,1.0,-0.005350773,-0.06799514,0.5486162,0.5486162,-0.0058636814,0.079209596,-0.005350773,-0.06799514,0.5486162,0.5486162,-0.0058636814,0.079209596
65.183,3.0168,19.9860,0.8342,3.0,20.0,1.0,-0.0055413065,-0.068048246,0.5483598,0.5483598,-0.00564439,0.07923394,-0.0055413065,-0.068048246,0.5483598,0.5483598,-0.00564439,0.07923394
65.232,3.0168,19.9859,0.8343,3.0,20.0,1.0,-0.0055602402,-0.06804166,0.5484143,0.5484143,-0.005690583,0.07929248,-0.0055602402,-0.06804166,0.5484143,0.5484143,-0.005690583,0.07929248
65.283,3.0167,19.9859,0.8343,3.0,20.0,1.0,-0.0057577593,-0.06809707,0.5481772,0.5481772,-0.005463214,0.07931805,-0.0057577593,-0.06809707,0.5481772,0.5481772,-0.005463214,0.07931805
65.332,3.0167,19.9858,0.8344,3.0,20.0,1.0,-0.0057736086,-0.06808961,0.5482325,0.5482325,-0.0055144313,0.07937765,-0.0057736086,-0.06808961,0.5482325,0.5482325,-0.0055144313,0.07937765
65.383,3.0167,19.9858,0.8344,3.0,20.0,1.0,-0.0059847124,-0.068149924,0.5480041,0.5480041,-0.0052668224,0.07940146,-0.0059847124,-0.068149924,0.5480041,0.5480041,-0.0052668224,0.07940146
65.433,3.0167,19.9857,0.8345,3.0,20.0,1.0,-0.0059926636,-0.068140306,0.54806536,0.54806536,-0.0053295274,0.0794625,-0.0059926636,-0.068140306,0.54806536,0.54806536,-0.0053295274,0.0794625
65.488,3.0166,19.9856,0.8345,0.0,0.0,0.0,0.0,0.0,0.0,0.0,0.0,0.0,0.0,0.0,0.0,0.0,0.0,0.0
65.537,3.0166,19.9856,0.8345,3.0,20.0,1.0,-0.006219676,-0.06819437,0.54791135,0.54791135,-0.0051319185,0.07954596,-0.006219676,-0.06819437,0.54791135,0.54791135,-0.0051319185,0.07954596
65.582,3.0166,19.9855,0.8346,3.0,20.0,1.0,-0.006437824,-0.06825621,0.54773414,0.54773414,-0.004877925,0.079571955,-0.006437824,-0.06825621,0.54773414,0.54773414,-0.004877925,0.079571955
65.632,3.0166,19.9855,0.8346,3.0,20.0,1.0,-0.006450037,-0.068249315,0.54777855,0.54777855,-0.0049310843,0.079630435,-0.006450037,-0.068249315,0.54777855,0.54777855,-0.0049310843,0.079630435
65.682,3.0166,19.9854,0.8346,3.0,20.0,1.0,-0.0066720042,-0.068311594,0.5476255,0.5476255,-0.0046731345,0.079656735,-0.0066720042,-0.068311594,0.5476255,0.5476255,-0.0046731345,0.079656735
65.732,3.0165,19.9853,0.8347,3.0,20.0,1.0,-0.0066756215,-0.06830148,0.54767483,0.54767483,-0.0047435113,0.07972061,-0.0066756215,-0.06830148,0.54767483,0.54767483,-0.0047435113,0.07972061
65.782,3.0165,19.9853,0.8347,3.0,20.0,1.0,-0.00693405,-0.06837613,0.54751676,0.54751676,-0.0044277157,0.0797379,-0.00693405,-0.06837613,0.54751676,0.54751676,-0.0044277157,0.0797379
65.832,3.0165,19.9852,0.8347,3.0,20.0,1.0,-0.00691783,-0.06836179,0.5475737,0.5475737,-0.004524137,0.07980376,-0.00691783,-0.06836179,0.5475737,0.5475737,-0.004524137,0.07980376
65.882,3.0165,19.9852,0.8347,3.0,20.0,1.0,-0.0071665416,-0.06843348,0.5474514,0.5474514,-0.004225935,0.07982596,-0.0071665416,-0.06843348,0.5474514,0.5474514,-0.004225935,0.07982596
65.932,3.0164,19.9851,0.8348,3.0,20.0,1.0,-0.0071670483,-0.06842562,0.5474896,0.5474896,-0.004294152,0.07988682,-0.0071670483,-0.06842562,0.5474896,0.5474896,-0.004294152,0.07988682
65.982,3.0164,19.9850,0.8348,3.0,20.0,1.0,-0.007403135,-0.06849331,0.5474001,0.5474001,-0.0040177023,0.079914145,-0.007403135,-0.06849331,0.5474001,0.5474001,-0.0040177023,0.079914145
66.038,3.0164,19.9849,0.8348,3.0,20.0,1.0,-0.0074134306,-0.068488725,0.5474285,0.5474285,-0.0040717106,0.07997387,-0.0074134306,-0.068488725,0.5474285,0.5474285,-0.0040717106,0.07997387
66.082,3.0164,19.9849,0.8348,3.0,20.0,1.0,-0.007656191,-0.06855879,0.5473581,0.5473581,-0.0037860884,0.08000107,-0.007656191,-0.06855879,0.5473581,0.5473581,-0.0037860884,0.08000107
66.132,3.0163,19.9848,0.8348,3.0,20.0,1.0,-0.007665793,-0.06855447,0.54738307,0.54738307,-0.0038407706,0.08006103,-0.007665793,-0.06855447,0.54738307,0.54738307,-0.0038407706,0.08006103
66.183,3.0163,19.9847,0.8348,3.0,20.0,1.0,-0.0079156095,-0.068627045,0.54733133,0.54733133,-0.00354508,0.080087736,-0.0079156095,-0.068627045,0.54733133,0.54733133,-0.00354508,0.080087736
66.232,3.0163,19.9847,0.8348,3.0,20.0,1.0,-0.007912063,-0.068618216,0.54735667,0.54735667,-0.003623459,0.08015374,-0.007912063,-0.068618216,0.54735667,0.54735667,-0.003623459,0.08015374
66.282,3.0162,19.9846,0.8348,3.0,20.0,1.0,-0.008201184,-0.06870378,0.5473157,0.5473157,-0.0032669306,0.08017189,-0.008201184,-0.06870378,0.5473157,0.5473157,-0.0032669306,0.08017189
66.333,3.0162,19.9845,0.8348,3.0,20.0,1.0,-0.00818548,-0.06869308,0.5473385,0.5473385,-0.0033574877,0.08023604,-0.00818548,-0.06869308,0.5473385,0.5473385,-0.0033574877,0.08023604
66.382,3.0162,19.9845,0.8348,3.0,20.0,1.0,-0.0084460415,-0.068769135,0.54732275,0.54732275,-0.0030477645,0.080262944,-0.0084460415,-0.068769135,0.54732275,0.54732275,-0.0030477645,0.080262944
66.432,3.0162,19.9844,0.8348,3.0,20.0,1.0,-0.008453071,-0.0687657,0.54733765,0.54733765,-0.0031052595,0.08032403,-0.008453071,-0.0687657,0.54733765,0.54733765,-0.0031052595,0.08032403
66.482,3.0161,19.9843,0.8348,3.0,20.0,1.0,-0.008720641,-0.06884392,0.54733795,0.54733795,-0.0027860152,0.08035058,-0.008720641,-0.06884392,0.54733795,0.54733795,-0.0027860152,0.08035058
66.532,3.0161,19.9842,0.8348,3.0,20.0,1.0,-0.008726167,-0.068840675,0.5473497,0.5473497,-0.00284551,0.08041235,-0.008726167,-0.068840675,0.5473497,0.5473497,-0.00284551,0.08041235
66.583,3.0161,19.9841,0.8348,3.0,20.0,1.0,-0.009002194,-0.068921536,0.54736507,0.54736507,-0.0025144292,0.08043816,-0.009002194,-0.068921536,0.54736507,0.54736507,-0.0025144292,0.08043816
66.632,3.0160,19.9840,0.8348,3.0,20.0,1.0,-0.008999593,-0.068916135,0.5473732,0.5473732,-0.0025874071,0.08050313,-0.008999593,-0.068916135,0.5473732,0.5473732,-0.0025874071,0.08050313
66.682,3.0160,19.9839,0.8348,3.0,20.0,1.0,-0.009298904,-0.06900386,0.54740375,0.54740375,-0.002221514,0.08052427,-0.009298904,-0.06900386,0.54740375,0.54740375,-0.002221514,0.08052427
66.732,3.0160,19.9839,0.8348,3.0,20.0,1.0,-0.009530998,-0.06907413,0.5474412,0.5474412,-0.0019539066,0.08055904,-0.009530998,-0.06907413,0.5474412,0.5474412,-0.0019539066,0.08055904
66.782,3.0160,19.9838,0.8348,3.0,20.0,1.0,-0.009392045,-0.069029,0.5474253,0.5474253,-0.0022192416,0.080640286,-0.009392045,-0.069029,0.5474253,0.5474253,-0.0022192416,0.080640286
66.832,3.0159,19.9837,0.8348,3.0,20.0,1.0,-0.009577703,-0.069077566,0.54745185,0.54745185,-0.0020207323,0.080676004,-0.009577703,-0.069077566,0.54745185,0.54745185,-0.0020207323,0.080676004
66.883,3.0159,19.9836,0.8348,3.0,20.0,1.0,-0.009874108,-0.0691619,0.54750466,0.54750466,-0.0016620018,0.08069801,-0.009874108,-0.0691619,0.54750466,0.54750466,-0.0016620018,0.08069801
66.932,3.0159,19.9835,0.8348,3.0,20.0,1.0,-0.009872295,-0.06915883,0.54750425,0.54750425,-0.0017306188,0.080761746,-0.009872295,-0.06915883,0.54750425,0.54750425,-0.0017306188,0.080761746
66.983,3.0158,19.9835,0.8348,3.0,20.0,1.0,-0.010172045,-0.0692425,0.5475657,0.5475657,-0.0013678013,0.08078234,-0.010172045,-0.0692425,0.5475657,0.5475657,-0.0013678013,0.08078234
67.033,3.0158,19.9834,0.8348,3.0,20.0,1.0,-0.010169835,-0.06924013,0.5475628,0.5475628,-0.0014366665,0.08084663,-0.010169835,-0.06924013,0.5475628,0.5475628,-0.0014366665,0.08084663
67.082,3.0158,19.9833,0.8347,3.0,20.0,1.0,-0.010473626,-0.06932316,0.54763144,0.54763144,-0.0010687438,0.08086553,-0.010473626,-0.06932316,0.54763144,0.54763144,-0.0010687438,0.08086553
67.132,3.0157,19.9832,0.8347,3.0,20.0,1.0,-0.010465226,-0.0693198,0.5476246,0.5476246,-0.0011480845,0.08093311,-0.010465226,-0.0693198,0.5476246,0.5476246,-0.0011480845,0.08093311
67.182,3.0157,19.9831,0.8347,3.0,20.0,1.0,-0.010797342,-0.06940862,0.5477057,0.5477057,-0.00073742226,0.08094338,-0.010797342,-0.06940862,0.5477057,0.5477057,-0.00073742226,0.08094338
67.232,3.0157,19.9830,0.8347,3.0,20.0,1.0,-0.010776608,-0.069403596,0.5476942,0.5476942,-0.0008317692,0.08101197,-0.010776608,-0.069403596,0.5476942,0.5476942,-0.0008317692,0.08101197
67.282,3.0156,19.9830,0.8347,3.0,20.0,1.0,-0.011090897,-0.06948582,0.5477736,0.5477736,-0.00044919434,0.08102591,-0.011090897,-0.06948582,0.5477736,0.5477736,-0.00044919434,0.08102591
67.333,3.0156,19.9828,0.8347,3.0,20.0,1.0,-0.01108478,-0.069485396,0.54776436,0.54776436,-0.0005225885,0.08109277,-0.01108478,-0.069485396,0.54776436,0.54776436,-0.0005225885,0.08109277
67.383,3.0156,19.9828,0.8347,3.0,20.0,1.0,-0.011402971,-0.0695668,0.5478467,0.5478467,-0.0001347433,0.08110452,-0.011402971,-0.0695668,0.5478467,0.5478467,-0.0001347433,0.08110452
67.432,3.0155,19.9827,0.8346,3.0,20.0,1.0,-0.011388053,-0.069565065,0.54783314,0.54783314,-0.00022288901,0.081176005,-0.011388053,-0.069565065,0.54783314,0.54783314,-0.00022288901,0.081176005
67.482,3.0155,19.9826,0.8346,3.0,20.0,1.0,-0.011740268,-0.069652796,0.5479263,0.5479263,0.000216363,0.081176706,-0.011740268,-0.069652796,0.5479263,0.5479263,0.000216363,0.081176706
67.532,3.0155,19.9825,0.8346,3.0,20.0,1.0,-0.011710421,-0.06964923,0.5479081,0.5479081,0.00010989072,0.08124976,-0.011710421,-0.06964923,0.5479081,0.5479081,0.00010989072,0.08124976
67.582,3.0154,19.9824,0.8346,3.0,20.0,1.0,-0.01203872,-0.0697297,0.5479932,0.5479932,0.0005124189,0.081256,-0.01203872,-0.0697297,0.5479932,0.5479932,0.0005124189,0.081256
67.638,3.0154,19.9823,0.8346,3.0,20.0,1.0,-0.01203076,-0.06973206,0.54798067,0.54798067,0.00043795432,0.08132487,-0.01203076,-0.06973206,0.54798067,0.54798067,0.00043795432,0.08132487
67.682,3.0154,19.9822,0.8346,3.0,20.0,1.0,-0.012356271,-0.069810525,0.5480632,0.5480632,0.0008362681,0.08133053,-0.012356271,-0.069810525,0.5480632,0.5480632,0.0008362681,0.08133053
67.732,3.0153,19.9821,0.8345,3.0,20.0,1.0,-0.012339453,-0.069811784,0.5480472,0.5480472,0.0007463547,0.08140488,-0.012339453,-0.069811784,0.5480472,0.5480472,0.0007463547,0.08140488
67.782,3.0153,19.9820,0.8345,3.0,20.0,1.0,-0.01270003,-0.06989632,0.5481376,0.5481376,0.0011975159,0.08139883,-0.01270003,-0.06989632,0.5481376,0.5481376,0.0011975159,0.08139883
67.832,3.0153,19.9819,0.8345,3.0,20.0,1.0,-0.012671765,-0.069896646,0.54811877,0.54811877,0.0010945661,0.08147384,-0.012671765,-0.069896646,0.54811877,0.54811877,0.0010945661,0.08147384
67.882,3.0152,19.9819,0.8345,3.0,20.0,1.0,-0.013007368,-0.06997484,0.54819846,0.54819846,0.0015082799,0.08147393,-0.013007368,-0.06997484,0.54819846,0.54819846,0.0015082799,0.08147393
67.933,3.0152,19.9818,0.8345,3.0,20.0,1.0,-0.0129936095,-0.06997897,0.5481833,0.5481833,0.0014253753,0.0815472,-0.0129936095,-0.06997897,0.5481833,0.5481833,0.0014253753,0.0815472
67.982,3.0152,19.9817,0.8345,3.0,20.0,1.0,-0.0133367,-0.07005757,0.5482608,0.5482608,0.0018504201,0.08154385,-0.0133367,-0.07005757,0.5482608,0.5482608,0.0018504201,0.08154385
68.032,3.0151,19.9816,0.8345,3.0,20.0,1.0,-0.013319296,-0.07006193,0.5482449,0.5482449,0.0017622951,0.081618935,-0.013319296,-0.07006193,0.5482449,0.5482449,0.0017622951,0.081618935
68.082,3.0151,19.9815,0.8344,3.0,20.0,1.0,-0.013671601,-0.0701414,0.54832006,0.54832006,0.0022017942,0.08161121,-0.013671601,-0.0701414,0.54832006,0.54832006,0.0022017942,0.08161121
68.137,3.0151,19.9814,0.8344,3.0,20.0,1.0,-0.01364978,-0.070145965,0.54830354,0.54830354,0.0021082454,0.081687495,-0.01364978,-0.070145965,0.54830354,0.54830354,0.0021082454,0.081687495
68.182,3.0150,19.9813,0.8344,3.0,20.0,1.0,-0.013995171,-0.0702234,0.5483716,0.5483716,0.0025375527,0.08168102,-0.013995171,-0.0702234,0.5483716,0.5483716,0.0025375527,0.08168102
68.233,3.0150,19.9812,0.8344,3.0,20.0,1.0,-0.013980863,-0.07023021,0.5483574,0.5483574,0.002455011,0.08175606,-0.013980863,-0.07023021,0.5483574,0.5483574,0.002455011,0.08175606
68.282,3.0150,19.9811,0.8344,3.0,20.0,1.0,-0.014326177,-0.07030707,0.5484199,0.5484199,0.0028846867,0.08174856,-0.014326177,-0.07030707,0.5484199,0.5484199,0.0028846867,0.08174856
68.332,3.0149,19.9810,0.8344,3.0,20.0,1.0,-0.014313901,-0.07031508,0.5484067,0.5484067,0.002805449,0.081823535,-0.014313901,-0.07031508,0.5484067,0.5484067,0.002805449,0.081823535
68.382,3.0149,19.9809,0.8344,3.0,20.0,1.0,-0.014660444,-0.07039175,0.54846364,0.54846364,0.0032376908,0.081814505,-0.014660444,-0.07039175,0.54846364,0.54846364,0.0032376908,0.081814505
68.432,3.0148,19.9808,0.8344,3.0,20.0,1.0,-0.014646177,-0.07040021,0.5484507,0.5484507,0.0031554946,0.08189089,-0.014646177,-0.07040021,0.5484507,0.5484507,0.0031554946,0.08189089
68.483,3.0148,19.9807,0.8343,3.0,20.0,1.0,-0.014995604,-0.070477106,0.54850215,0.54850215,0.0035925873,0.08188012,-0.014995604,-0.070477106,0.54850215,0.54850215,0.0035925873,0.08188012
68.533,3.0148,19.9806,0.8343,3.0,20.0,1.0,-0.014974065,-0.07048503,0.5484886,0.5484886,0.0034982671,0.08196083,-0.014974065,-0.07048503,0.5484886,0.5484886,0.0034982671,0.08196083
68.583,3.0147,19.9805,0.8343,3.0,20.0,1.0,-0.0153444335,-0.07056527,0.5485373,0.5485373,0.0039675976,0.081942104,-0.0153444335,-0.07056527,0.5485373,0.5485373,0.0039675976,0.081942104
68.638,3.0147,19.9804,0.8343,0.0,0.0,0.0,0.0,0.0,0.0,0.0,0.0,0.0,0.0,0.0,0.0,0.0,0.0,0.0
68.682,3.0147,19.9804,0.8343,3.0,20.0,1.0,-0.015431163,-0.07061224,0.5485319,0.5485319,0.0039712456,0.08207215,-0.015431163,-0.07061224,0.5485319,0.5485319,0.0039712456,0.08207215
68.732,3.0146,19.9803,0.8343,3.0,20.0,1.0,-0.015657337,-0.070661806,0.5485534,0.5485534,0.004232173,0.082086965,-0.015657337,-0.070661806,0.5485534,0.5485534,0.004232173,0.082086965
68.782,3.0146,19.9802,0.8343,3.0,20.0,1.0,-0.016008979,-0.07073889,0.5485869,0.5485869,0.00467494,0.08207293,-0.016008979,-0.07073889,0.5485869,0.5485869,0.00467494,0.08207293
68.833,3.0145,19.9801,0.8343,3.0,20.0,1.0,-0.015994826,-0.070750125,0.5485774,0.5485774,0.0045932536,0.082151696,-0.015994826,-0.070750125,0.5485774,0.5485774,0.0045932536,0.082151696
68.883,3.0145,19.9800,0.8343,3.0,20.0,1.0,-0.016352573,-0.07082855,0.54860544,0.54860544,0.0050461814,0.08213495,-0.016352573,-0.07082855,0.54860544,0.54860544,0.0050461814,0.08213495
68.932,3.0145,19.9799,0.8343,3.0,20.0,1.0,-0.016335702,-0.07084003,0.5485967,0.5485967,0.004960771,0.08221496,-0.016335702,-0.07084003,0.5485967,0.5485967,0.004960771,0.08221496
68.982,3.0144,19.9798,0.8343,3.0,20.0,1.0,-0.016693927,-0.07091883,0.5486188,0.5486188,0.0054153395,0.08219742,-0.016693927,-0.07091883,0.5486188,0.5486188,0.0054153395,0.08219742
69.032,3.0144,19.9797,0.8343,3.0,20.0,1.0,-0.016677849,-0.07093104,0.54861116,0.54861116,0.0053311856,0.0822777,-0.016677849,-0.07093104,0.54861116,0.54861116,0.0053311856,0.0822777
69.083,3.0144,19.9796,0.8343,3.0,20.0,1.0,-0.017036775,-0.07101033,0.54862756,0.54862756,0.005787787,0.08225931,-0.017036775,-0.07101033,0.54862756,0.54862756,0.005787787,0.08225931
69.133,3.0143,19.9795,0.8343,3.0,20.0,1.0,-0.017015189,-0.07102225,0.5486206,0.5486206,0.0056942985,0.08234314,-0.017015189,-0.07102225,0.5486206,0.5486206,0.0056942985,0.08234314
69.187,3.0143,19.9794,0.8343,3.0,20.0,1.0,-0.01739224,-0.07110482,0.54863244,0.54863244,0.0061795353,0.08231752,-0.01739224,-0.07110482,0.54863244,0.54863244,0.0061795353,0.08231752
69.232,3.0142,19.9793,0.8343,3.0,20.0,1.0,-0.017365465,-0.071116485,0.54862636,0.54862636,0.0060801124,0.08240184,-0.017365465,-0.071116485,0.54862636,0.54862636,0.0060801124,0.08240184
69.282,3.0142,19.9792,0.8343,3.0,20.0,1.0,-0.017725788,-0.0711969,0.54863226,0.54863226,0.0065408377,0.08238185,-0.017725788,-0.0711969,0.54863226,0.54863226,0.0065408377,0.08238185
69.332,3.0142,19.9791,0.8343,3.0,20.0,1.0,-0.017711785,-0.071210966,0.5486277,0.5486277,0.006459972,0.08246278,-0.017711785,-0.071210966,0.5486277,0.5486277,0.006459972,0.08246278
69.382,3.0141,19.9790,0.8343,3.0,20.0,1.0,-0.018073842,-0.0712918,0.5486287,0.5486287,0.006924578,0.08244106,-0.018073842,-0.0712918,0.5486287,0.5486287,0.006924578,0.08244106
69.432,3.0141,19.9789,0.8343,3.0,20.0,1.0,-0.018057823,-0.071305946,0.548625,0.548625,0.006840834,0.082522936,-0.018057823,-0.071305946,0.548625,0.548625,0.006840834,0.082522936
69.482,3.0140,19.9788,0.8343,3.0,20.0,1.0,-0.018418983,-0.07138663,0.54862154,0.54862154,0.0073050344,0.08250058,-0.018418983,-0.07138663,0.54862154,0.54862154,0.0073050344,0.08250058
69.532,3.0140,19.9787,0.8343,3.0,20.0,1.0,-0.018728346,-0.07146301,0.54861385,0.54861385,0.007697606,0.08249375,-0.018728346,-0.07146301,0.54861385,0.54861385,0.007697606,0.08249375
69.583,3.0140,19.9786,0.8343,3.0,20.0,1.0,-0.018517798,-0.0714446,0.5486148,0.5486148,0.0073303175,0.08263208,-0.018517798,-0.0714446,0.5486148,0.5486148,0.0073303175,0.08263208
69.632,3.0139,19.9785,0.8343,3.0,20.0,1.0,-0.018751161,-0.07149788,0.54860926,0.54860926,0.0076077534,0.08264129,-0.018751161,-0.07149788,0.54860926,0.54860926,0.0076077534,0.08264129
69.683,3.0139,19.9784,0.8343,3.0,20.0,1.0,-0.019115154,-0.07157837,0.54859775,0.54859775,0.008078502,0.082615025,-0.019115154,-0.07157837,0.54859775,0.54859775,0.008078502,0.082615025
69.738,3.0138,19.9783,0.8343,0.0,0.0,0.0,0.0,0.0,0.0,0.0,0.0,0.0,0.0,0.0,0.0,0.0,0.0,0.0
69.783,3.0138,19.9782,0.8343,3.0,20.0,1.0,-0.019462598,-0.07167405,0.54858184,0.54858184,0.00846586,0.08267079,-0.019462598,-0.07167405,0.54858184,0.54858184,0.00846586,0.08267079
69.832,3.0138,19.9781,0.8343,3.0,20.0,1.0,-0.019446753,-0.0716902,0.54858166,0.54858166,0.008382545,0.08275441,-0.019446753,-0.0716902,0.54858166,0.54858166,0.008382545,0.08275441
69.882,3.0137,19.9781,0.8343,3.0,20.0,1.0,-0.019809946,-0.07176997,0.5485638,0.5485638,0.008854506,0.082725406,-0.019809946,-0.07176997,0.5485638,0.5485638,0.008854506,0.082725406
69.932,3.0137,19.9779,0.8343,3.0,20.0,1.0,-0.019792968,-0.07178653,0.54856443,0.54856443,0.0087693,0.0828102,-0.019792968,-0.07178653,0.54856443,0.54856443,0.0087693,0.0828102
69.982,3.0136,19.9779,0.8343,3.0,20.0,1.0,-0.020157902,-0.07186605,0.5485439,0.5485439,0.009245084,0.08277887,-0.020157902,-0.07186605,0.5485439,0.5485439,0.009245084,0.08277887
70.033,3.0136,19.9777,0.8343,3.0,20.0,1.0,-0.020140467,-0.07188313,0.54854524,0.54854524,0.009159291,0.08286431,-0.020140467,-0.07188313,0.54854524,0.54854524,0.009159291,0.08286431
70.082,3.0136,19.9777,0.8343,3.0,20.0,1.0,-0.020503484,-0.07196187,0.54852265,0.54852265,0.009633289,0.08283207,-0.020503484,-0.07196187,0.54852265,0.54852265,0.009633289,0.08283207
70.132,3.0135,19.9776,0.8343,3.0,20.0,1.0,-0.020482615,-0.07197915,0.548525,0.548525,0.009541251,0.082920514,-0.020482615,-0.07197915,0.548525,0.548525,0.009541251,0.082920514
70.182,3.0135,19.9775,0.8343,3.0,20.0,1.0,-0.020859985,-0.0720592,0.5484996,0.5484996,0.010038847,0.08288034,-0.020859985,-0.0720592,0.5484996,0.5484996,0.010038847,0.08288034
70.233,3.0134,19.9774,0.8343,3.0,20.0,1.0,-0.020835266,-0.072076455,0.5485027,0.5485027,0.009942705,0.08296902,-0.020835266,-0.072076455,0.5485027,0.5485027,0.009942705,0.08296902
70.288,3.0134,19.9773,0.8343,3.0,20.0,1.0,-0.021194443,-0.072153635,0.5484773,0.5484773,0.010413358,0.08293472,-0.021194443,-0.072153635,0.5484773,0.5484773,0.010413358,0.08293472
70.333,3.0133,19.9772,0.8343,3.0,20.0,1.0,-0.021180918,-0.07217301,0.54848015,0.54848015,0.010333581,0.083020344,-0.021180918,-0.07217301,0.54848015,0.54848015,0.010333581,0.083020344
70.383,3.0133,19.9770,0.8343,3.0,20.0,1.0,-0.02154008,-0.07224963,0.5484538,0.5484538,0.010805521,0.08298419,-0.02154008,-0.07224963,0.5484538,0.5484538,0.010805521,0.08298419
70.433,3.0133,19.9770,0.8343,3.0,20.0,1.0,-0.021844141,-0.07232243,0.5484306,0.5484306,0.011199607,0.08296696,-0.021844141,-0.07232243,0.5484306,0.5484306,0.011199607,0.08296696
70.483,3.0132,19.9769,0.8343,3.0,20.0,1.0,-0.021638477,-0.07231469,0.54845005,0.54845005,0.01083439,0.083118774,-0.021638477,-0.07231469,0.54845005,0.54845005,0.01083439,0.083118774
70.532,3.0132,19.9768,0.8343,3.0,20.0,1.0,-0.021853387,-0.0723651,0.54843587,0.54843587,0.011087238,0.08313125,-0.021853387,-0.0723651,0.54843587,0.54843587,0.011087238,0.08313125
70.583,3.0131,19.9767,0.8343,3.0,20.0,1.0,-0.022260396,-0.072446026,0.5484046,0.5484046,0.011636626,0.083069794,-0.022260396,-0.072446026,0.5484046,0.5484046,0.011636626,0.083069794
70.633,3.0131,19.9766,0.8344,3.0,20.0,1.0,-0.02218781,-0.07246045,0.54841375,0.54841375,0.011461872,0.08318639,-0.02218781,-0.07246045,0.54841375,0.54841375,0.011461872,0.08318639
70.683,3.0131,19.9765,0.8344,3.0,20.0,1.0,-0.022632612,-0.07254525,0.54837924,0.54837924,0.012072329,0.083105534,-0.022632612,-0.07254525,0.54837924,0.54837924,0.012072329,0.083105534
70.733,3.0130,19.9764,0.8344,3.0,20.0,1.0,-0.022555515,-0.072559275,0.5483887,0.5483887,0.011897991,0.0832168,-0.022555515,-0.072559275,0.5483887,0.5483887,0.011897991,0.0832168
70.783,3.0130,19.9764,0.8344,3.0,20.0,1.0,-0.022912519,-0.07263399,0.5483624,0.5483624,0.012372208,0.0831743,-0.022912519,-0.07263399,0.5483624,0.5483624,0.012372208,0.0831743
70.838,3.0129,19.9762,0.8344,3.0,20.0,1.0,-0.022897847,-0.07265607,0.54836684,0.54836684,0.0122905485,0.08326337,-0.022897847,-0.07265607,0.54836684,0.54836684,0.0122905485,0.08326337
70.882,3.0129,19.9762,0.8344,3.0,20.0,1.0,-0.02325198,-0.07272998,0.54834145,0.54834145,0.012761712,0.08322025,-0.02325198,-0.07272998,0.54834145,0.54834145,0.012761712,0.08322025
70.933,3.0128,19.9761,0.8344,3.0,20.0,1.0,-0.023239862,-0.072752856,0.54834586,0.54834586,0.012684196,0.083308525,-0.023239862,-0.072752856,0.54834586,0.54834586,0.012684196,0.083308525
70.982,3.0128,19.9760,0.8344,3.0,20.0,1.0,-0.023589114,-0.07282594,0.54832184,0.54832184,0.013149216,0.08326583,-0.023589114,-0.07282594,0.54832184,0.54832184,0.013149216,0.08326583
71.033,3.0128,19.9759,0.8344,3.0,20.0,1.0,-0.023569996,-0.072848886,0.54832697,0.54832697,0.013058776,0.083360106,-0.023569996,-0.072848886,0.54832697,0.54832697,0.013058776,0.083360106
71.083,3.0127,19.9758,0.8344,3.0,20.0,1.0,-0.023944616,-0.07292423,0.5483021,0.5483021,0.013565651,0.08330319,-0.023944616,-0.07292423,0.5483021,0.5483021,0.013565651,0.08330319
71.132,3.0127,19.9757,0.8344,3.0,20.0,1.0,-0.023916654,-0.07294638,0.5483077,0.5483077,0.013464224,0.08339881,-0.023916654,-0.07294638,0.5483077,0.5483077,0.013464224,0.08339881
71.183,3.0126,19.9756,0.8344,3.0,20.0,1.0,-0.024265172,-0.07301898,0.5482863,0.5482863,0.013931384,0.08335277,-0.024265172,-0.07301898,0.5482863,0.5482863,0.013931384,0.08335277
71.232,3.0126,19.9755,0.8344,3.0,20.0,1.0,-0.024238843,-0.07304245,0.54829186,0.54829186,0.0138282925,0.08345301,-0.024238843,-0.07304245,0.54829186,0.54829186,0.0138282925,0.08345301
71.283,3.0126,19.9755,0.8344,3.0,20.0,1.0,-0.024627905,-0.07311877,0.54826915,0.54826915,0.014361759,0.08338491,-0.024627905,-0.07311877,0.54826915,0.54826915,0.014361759,0.08338491
71.337,3.0125,19.9753,0.8344,3.0,20.0,1.0,-0.024585776,-0.07314049,0.5482754,0.5482754,0.014238057,0.0834882,-0.024585776,-0.07314049,0.5482754,0.5482754,0.014238057,0.0834882
71.382,3.0125,19.9753,0.8344,3.0,20.0,1.0,-0.02493682,-0.07321333,0.5482571,0.5482571,0.014712691,0.083437465,-0.02493682,-0.07321333,0.5482571,0.5482571,0.014712691,0.083437465
71.432,3.0124,19.9752,0.8344,3.0,20.0,1.0,-0.024921965,-0.073238336,0.54826134,0.54826134,0.0146306455,0.08352966,-0.024921965,-0.073238336,0.54826134,0.54826134,0.0146306455,0.08352966
71.482,3.0124,19.9751,0.8344,3.0,20.0,1.0,-0.025265656,-0.07331038,0.54824525,0.54824525,0.015095311,0.08348073,-0.025265656,-0.07331038,0.54824525,0.54824525,0.015095311,0.08348073
71.532,3.0123,19.9750,0.8344,3.0,20.0,1.0,-0.02525439,-0.0733362,0.54824907,0.54824907,0.015018727,0.08357186,-0.02525439,-0.0733362,0.54824907,0.54824907,0.015018727,0.08357186
71.582,3.0123,19.9749,0.8344,3.0,20.0,1.0,-0.02559329,-0.07340783,0.5482351,0.5482351,0.015477311,0.0835238,-0.02559329,-0.07340783,0.5482351,0.5482351,0.015477311,0.0835238
71.632,3.0123,19.9748,0.8344,3.0,20.0,1.0,-0.025584519,-0.0734344,0.5482386,0.5482386,0.015404325,0.083614595,-0.025584519,-0.0734344,0.5482386,0.5482386,0.015404325,0.083614595
71.682,3.0122,19.9748,0.8344,3.0,20.0,1.0,-0.025921881,-0.07350614,0.54822654,0.54822654,0.015862258,0.083565764,-0.025921881,-0.07350614,0.54822654,0.54822654,0.015862258,0.083565764
71.732,3.0122,19.9747,0.8344,3.0,20.0,1.0,-0.02591503,-0.073533215,0.5482297,0.5482297,0.015792504,0.083655745,-0.02591503,-0.073533215,0.5482297,0.5482297,0.015792504,0.083655745
71.783,3.0121,19.9746,0.8344,3.0,20.0,1.0,-0.026248181,-0.07360482,0.54821974,0.54821974,0.016245674,0.08360732,-0.026248181,-0.07360482,0.54821974,0.54821974,0.016245674,0.08360732
71.832,3.0121,19.9745,0.8344,3.0,20.0,1.0,-0.026234163,-0.07363191,0.5482229,0.5482229,0.016162572,0.0837035,-0.026234163,-0.07363191,0.5482229,0.5482229,0.016162572,0.0837035
71.887,3.0120,19.9744,0.8344,3.0,20.0,1.0,-0.02658729,-0.07370559,0.5482141,0.5482141,0.016650233,0.08364265,-0.02658729,-0.07370559,0.5482141,0.5482141,0.016650233,0.08364265
71.932,3.0120,19.9743,0.8344,3.0,20.0,1.0,-0.026566349,-0.073731914,0.5482172,0.5482172,0.016558306,0.08373995,-0.026566349,-0.073731914,0.5482172,0.5482172,0.016558306,0.08373995
71.982,3.0120,19.9742,0.8344,3.0,20.0,1.0,-0.026899196,-0.07380423,0.54821086,0.54821086,0.01701508,0.08368834,-0.026899196,-0.07380423,0.54821086,0.54821086,0.01701508,0.08368834
72.032,3.0119,19.9741,0.8344,3.0,20.0,1.0,-0.026887752,-0.073831975,0.5482133,0.5482133,0.016937036,0.083782695,-0.026887752,-0.073831975,0.5482133,0.5482133,0.016937036,0.083782695
72.082,3.0119,19.9740,0.8344,3.0,20.0,1.0,-0.0272194,-0.07390467,0.54820883,0.54820883,0.017393587,0.08373049,-0.0272194,-0.07390467,0.54820883,0.54820883,0.017393587,0.08373049
72.132,3.0118,19.9740,0.8344,3.0,20.0,1.0,-0.027495526,-0.07397531,0.54820704,0.54820704,0.017768078,0.08370276,-0.027495526,-0.07397531,0.54820704,0.54820704,0.017768078,0.08370276
72.182,3.0118,19.9739,0.8344,3.0,20.0,1.0,-0.02731865,-0.07398214,0.548211,0.548211,0.01743178,0.08386902,-0.02731865,-0.07398214,0.548211,0.548211,0.01743178,0.08386902
72.233,3.0117,19.9738,0.8344,3.0,20.0,1.0,-0.027530761,-0.0740351,0.5482099,0.5482099,0.01770111,0.08386475,-0.027530761,-0.0740351,0.5482099,0.5482099,0.01770111,0.08386475
72.283,3.0117,19.9738,0.8344,3.0,20.0,1.0,-0.027820537,-0.07407392,0.5482089,0.5482089,0.018114705,0.08377975,-0.027820537,-0.07407392,0.5482089,0.5482089,0.018114705,0.08377975
72.333,3.0117,19.9737,0.8344,3.0,20.0,1.0,-0.027775576,-0.07406376,0.5482102,0.5482102,0.018005906,0.08383343,-0.027775576,-0.07406376,0.5482102,0.5482102,0.018005906,0.08383343
72.383,3.0116,19.9736,0.8344,3.0,20.0,1.0,-0.02806085,-0.0740987,0.54821074,0.54821074,0.018418048,0.08374149,-0.02806085,-0.0740987,0.54821074,0.54821074,0.018418048,0.08374149
72.433,3.0116,19.9735,0.8344,3.0,20.0,1.0,-0.028008582,-0.074088,0.54821175,0.54821175,0.0182973,0.08379929,-0.028008582,-0.074088,0.54821175,0.54821175,0.0182973,0.08379929
72.483,3.0115,19.9734,0.8344,3.0,20.0,1.0,-0.02829995,-0.07412554,0.5482137,0.5482137,0.01872228,0.08370322,-0.02829995,-0.07412554,0.5482137,0.5482137,0.01872228,0.08370322
72.533,3.0115,19.9733,0.8344,3.0,20.0,1.0,-0.0282423,-0.07411429,0.5482144,0.5482144,0.018593004,0.08376359,-0.0282423,-0.07411429,0.5482144,0.5482144,0.018593004,0.08376359
72.583,3.0115,19.9733,0.8344,3.0,20.0,1.0,-0.028528951,-0.07415332,0.54821765,0.54821765,0.019013349,0.083668925,-0.028528951,-0.07415332,0.54821765,0.54821765,0.019013349,0.083668925
72.633,3.0114,19.9732,0.8344,3.0,20.0,1.0,-0.028478391,-0.07414325,0.548218,0.548218,0.0188962,0.083725445,-0.028478391,-0.07414325,0.548218,0.548218,0.0188962,0.083725445
72.683,3.0114,19.9731,0.8344,3.0,20.0,1.0,-0.02874772,-0.074182145,0.5482223,0.5482223,0.019291272,0.08363859,-0.02874772,-0.074182145,0.5482223,0.5482223,0.019291272,0.08363859
72.733,3.0113,19.9730,0.8344,3.0,20.0,1.0,-0.028687805,-0.07416902,0.5482222,0.5482222,0.019155605,0.08370122,-0.028687805,-0.07416902,0.5482222,0.5482222,0.019155605,0.08370122
72.783,3.0113,19.9730,0.8344,3.0,20.0,1.0,-0.028999308,-0.074217685,0.54822826,0.54822826,0.019624291,0.0835927,-0.028999308,-0.074217685,0.54822826,0.54822826,0.019624291,0.0835927
72.832,3.0112,19.9729,0.8344,3.0,20.0,1.0,-0.028926425,-0.074203596,0.54822767,0.54822767,0.019470654,0.083659366,-0.028926425,-0.074203596,0.54822767,0.54822767,0.019470654,0.083659366
72.882,3.0112,19.9728,0.8344,3.0,20.0,1.0,-0.02918833,-0.074246906,0.5482338,0.5482338,0.019860009,0.08357523,-0.02918833,-0.074246906,0.5482338,0.5482338,0.019860009,0.08357523
72.938,3.0111,19.9727,0.8344,3.0,20.0,1.0,-0.029145079,-0.074236475,0.54823345,0.54823345,0.019753518,0.083628036,-0.029145079,-0.074236475,0.54823345,0.54823345,0.019753518,0.083628036
72.982,3.0111,19.9726,0.8344,3.0,20.0,1.0,-0.02940229,-0.07428188,0.5482403,0.5482403,0.02013833,0.08354584,-0.02940229,-0.07428188,0.5482403,0.5482403,0.02013833,0.08354584
73.032,3.0111,19.9726,0.8344,3.0,20.0,1.0,-0.029607782,-0.07432536,0.54824674,0.54824674,0.020444144,0.083489,-0.029607782,-0.07432536,0.54824674,0.54824674,0.020444144,0.083489
73.082,3.0110,19.9725,0.8344,3.0,20.0,1.0,-0.029419936,-0.07428531,0.548242,0.548242,0.02009891,0.08360634,-0.029419936,-0.07428531,0.548242,0.548242,0.02009891,0.08360634
73.132,3.0110,19.9724,0.8344,3.0,20.0,1.0,-0.029570315,-0.07430794,0.5482463,0.5482463,0.020308329,0.08356993,-0.029570315,-0.07430794,0.5482463,0.5482463,0.020308329,0.08356993
73.182,3.0109,19.9723,0.8344,3.0,20.0,1.0,-0.02982079,-0.074358016,0.54825425,0.54825425,0.020688474,0.083490334,-0.02982079,-0.074358016,0.54825425,0.54825425,0.020688474,0.083490334
73.232,3.0109,19.9722,0.8344,3.0,20.0,1.0,-0.02977868,-0.0743455,0.5482533,0.5482533,0.020582525,0.083541654,-0.02977868,-0.0743455,0.5482533,0.5482533,0.020582525,0.083541654
73.282,3.0109,19.9722,0.8344,3.0,20.0,1.0,-0.03002359,-0.07439791,0.54826146,0.54826146,0.020956747,0.08346475,-0.03002359,-0.07439791,0.54826146,0.54826146,0.020956747,0.08346475
73.332,3.0108,19.9721,0.8344,3.0,20.0,1.0,-0.029983955,-0.07438553,0.5482604,0.5482604,0.02085489,0.08351459,-0.029983955,-0.07438553,0.5482604,0.5482604,0.02085489,0.08351459
73.383,3.0108,19.9720,0.8344,3.0,20.0,1.0,-0.030221496,-0.07443964,0.5482687,0.5482687,0.021219913,0.08344122,-0.030221496,-0.07443964,0.5482687,0.5482687,0.021219913,0.08344122
73.437,3.0107,19.9720,0.8344,3.0,20.0,1.0,-0.030177828,-0.074424915,0.5482673,0.5482673,0.021109471,0.08349327,-0.030177828,-0.074424915,0.5482673,0.5482673,0.021109471,0.08349327
73.482,3.0107,19.9719,0.8344,3.0,20.0,1.0,-0.030428175,-0.074485816,0.5482762,0.5482762,0.021500625,0.08341337,-0.030428175,-0.074485816,0.5482762,0.5482762,0.021500625,0.08341337
73.532,3.0106,19.9718,0.8344,3.0,20.0,1.0,-0.030380268,-0.07446981,0.5482746,0.5482746,0.021383796,0.083466284,-0.030380268,-0.07446981,0.5482746,0.5482746,0.021383796,0.083466284
73.582,3.0106,19.9717,0.8344,3.0,20.0,1.0,-0.030609345,-0.074528426,0.5482828,0.5482828,0.021740897,0.083396874,-0.030609345,-0.074528426,0.5482828,0.5482828,0.021740897,0.083396874
73.632,3.0105,19.9717,0.8344,3.0,20.0,1.0,-0.030573018,-0.074514285,0.5482815,0.5482815,0.021643095,0.08344421,-0.030573018,-0.074514285,0.5482815,0.5482815,0.021643095,0.08344421
73.682,3.0105,19.9716,0.8344,3.0,20.0,1.0,-0.030800752,-0.07457592,0.54828966,0.54828966,0.022001414,0.08337526,-0.030800752,-0.07457592,0.54828966,0.54828966,0.022001414,0.08337526
73.732,3.0105,19.9715,0.8344,3.0,20.0,1.0,-0.030763406,-0.07456078,0.5482882,0.5482882,0.02190162,0.08342256,-0.030763406,-0.07456078,0.5482882,0.5482882,0.02190162,0.08342256
73.782,3.0104,19.9715,0.8344,3.0,20.0,1.0,-0.030983219,-0.07462331,0.54829603,0.54829603,0.022249077,0.08335745,-0.030983219,-0.07462331,0.54829603,0.54829603,0.022249077,0.08335745
73.832,3.0104,19.9714,0.8344,3.0,20.0,1.0,-0.030949926,-0.07460848,0.5482946,0.5482946,0.022155909,0.0834025,-0.030949926,-0.07460848,0.5482946,0.5482946,0.022155909,0.0834025
73.882,3.0103,19.9713,0.8344,3.0,20.0,1.0,-0.03116461,-0.07467264,0.54830205,0.54830205,0.022497455,0.083339795,-0.03116461,-0.07467264,0.54830205,0.54830205,0.022497455,0.083339795
73.932,3.0103,19.9712,0.8344,3.0,20.0,1.0,-0.031340227,-0.07473186,0.548308,0.548308,0.022776235,0.08329585,-0.031340227,-0.07473186,0.548308,0.548308,0.022776235,0.08329585
73.982,3.0103,19.9712,0.8344,3.0,20.0,1.0,-0.031183265,-0.07467428,0.5483023,0.5483023,0.022463541,0.083394006,-0.031183265,-0.07467428,0.5483023,0.5483023,0.022463541,0.083394006
74.032,3.0102,19.9711,0.8344,3.0,20.0,1.0,-0.031303115,-0.07470464,0.548306,0.548306,0.022636171,0.08337159,-0.031303115,-0.07470464,0.548306,0.548306,0.022636171,0.08337159
74.082,3.0102,19.9710,0.8344,3.0,20.0,1.0,-0.0315341,-0.07478101,0.5483133,0.5483133,0.023014575,0.08330054,-0.0315341,-0.07478101,0.5483133,0.5483133,0.023014575,0.08330054
74.132,3.0101,19.9709,0.8344,3.0,20.0,1.0,-0.03148801,-0.07475932,0.5483115,0.5483115,0.022897342,0.08334999,-0.03148801,-0.07475932,0.5483115,0.5483115,0.022897342,0.08334999
74.182,3.0101,19.9709,0.8344,3.0,20.0,1.0,-0.031691693,-0.0748291,0.5483175,0.5483175,0.023228537,0.08329225,-0.031691693,-0.0748291,0.5483175,0.5483175,0.023228537,0.08329225
74.232,3.0100,19.9708,0.8344,3.0,20.0,1.0,-0.03166064,-0.0748118,0.5483162,0.5483162,0.023137579,0.08333486,-0.03166064,-0.0748118,0.5483162,0.5483162,0.023137579,0.08333486
74.282,3.0100,19.9708,0.8344,3.0,20.0,1.0,-0.031861935,-0.0748838,0.54832166,0.54832166,0.023467593,0.08327815,-0.031861935,-0.0748838,0.54832166,0.54832166,0.023467593,0.08327815
74.332,3.0100,19.9707,0.8344,3.0,20.0,1.0,-0.03183148,-0.07486602,0.5483204,0.5483204,0.023377527,0.08331998,-0.03183148,-0.07486602,0.5483204,0.5483204,0.023377527,0.08331998
74.382,3.0099,19.9706,0.8344,3.0,20.0,1.0,-0.03202556,-0.07493808,0.5483252,0.5483252,0.023697,0.083266646,-0.03202556,-0.07493808,0.5483252,0.5483252,0.023697,0.083266646
74.432,3.0099,19.9705,0.8344,3.0,20.0,1.0,-0.031994145,-0.0749186,0.5483239,0.5483239,0.023603681,0.08330906,-0.031994145,-0.0749186,0.5483239,0.5483239,0.023603681,0.08330906
74.483,3.0098,19.9705,0.8344,3.0,20.0,1.0,-0.032197464,-0.07499771,0.54832846,0.54832846,0.023944106,0.08325107,-0.032197464,-0.07499771,0.54832846,0.54832846,0.023944106,0.08325107
74.538,3.0098,19.9704,0.8344,3.0,20.0,1.0,-0.032161932,-0.07497635,0.54832715,0.54832715,0.023843901,0.08329438,-0.032161932,-0.07497635,0.54832715,0.54832715,0.023843901,0.08329438
74.582,3.0098,19.9703,0.8344,3.0,20.0,1.0,-0.03234983,-0.07505161,0.5483307,0.5483307,0.02415774,0.0832437,-0.03234983,-0.07505161,0.5483307,0.5483307,0.02415774,0.0832437
74.632,3.0097,19.9703,0.8344,3.0,20.0,1.0,-0.032323163,-0.075033076,0.5483297,0.5483297,0.024073461,0.083282776,-0.032323163,-0.075033076,0.5483297,0.5483297,0.024073461,0.083282776
74.682,3.0097,19.9702,0.8344,3.0,20.0,1.0,-0.032508016,-0.075109795,0.5483327,0.5483327,0.024384478,0.08323333,-0.032508016,-0.075109795,0.5483327,0.5483327,0.024384478,0.08323333
74.732,3.0096,19.9701,0.8344,3.0,20.0,1.0,-0.03247989,-0.07508975,0.54833174,0.54833174,0.024296781,0.08327286,-0.03247989,-0.07508975,0.54833174,0.54833174,0.024296781,0.08327286
74.782,3.0096,19.9701,0.8344,3.0,20.0,1.0,-0.032663275,-0.075168505,0.5483341,0.5483341,0.02460781,0.08322397,-0.032663275,-0.075168505,0.5483341,0.5483341,0.02460781,0.08322397
74.832,3.0095,19.9700,0.8344,3.0,20.0,1.0,-0.03263077,-0.07514515,0.5483332,0.5483332,0.024510263,0.083265655,-0.03263077,-0.07514515,0.5483332,0.5483332,0.024510263,0.083265655
74.882,3.0095,19.9699,0.8344,3.0,20.0,1.0,-0.03282343,-0.07523141,0.54833513,0.54833513,0.024842683,0.08321216,-0.03282343,-0.07523141,0.54833513,0.54833513,0.024842683,0.08321216
74.933,3.0095,19.9699,0.8344,3.0,20.0,1.0,-0.032936398,-0.075283974,0.5483356,0.5483356,0.025024306,0.08319607,-0.032936398,-0.075283974,0.5483356,0.5483356,0.025024306,0.08319607
74.982,3.0094,19.9698,0.8344,3.0,20.0,1.0,-0.032843683,-0.07523079,0.5483344,0.5483344,0.024815267,0.08325921,-0.032843683,-0.07523079,0.5483344,0.5483344,0.024815267,0.08325921
75.033,3.0094,19.9697,0.8344,3.0,20.0,1.0,-0.032934103,-0.075264096,0.5483348,0.5483348,0.02495017,0.083248034,-0.032934103,-0.075264096,0.5483348,0.5483348,0.02495017,0.083248034
75.082,3.0094,19.9697,0.8344,3.0,20.0,1.0,-0.033117745,-0.075350955,0.54833543,0.54833543,0.025270434,0.083198264,-0.033117745,-0.075350955,0.54833543,0.54833543,0.025270434,0.083198264
75.132,3.0093,19.9696,0.8344,3.0,20.0,1.0,-0.03308265,-0.075324185,0.5483349,0.5483349,0.025167154,0.08323968,-0.03308265,-0.075324185,0.5483349,0.5483349,0.025167154,0.08323968
75.182,3.0093,19.9696,0.8344,3.0,20.0,1.0,-0.033261772,-0.07541157,0.54833496,0.54833496,0.02548146,0.08319188,-0.033261772,-0.07541157,0.54833496,0.54833496,0.02548146,0.08319188
75.233,3.0092,19.9695,0.8344,3.0,20.0,1.0,-0.033231273,-0.07538716,0.5483346,0.5483346,0.02538788,0.083230555,-0.033231273,-0.07538716,0.5483346,0.5483346,0.02538788,0.083230555
75.282,3.0092,19.9694,0.8344,3.0,20.0,1.0,-0.033395056,-0.07546845,0.5483341,0.5483341,0.02567365,0.08318986,-0.033395056,-0.07546845,0.5483341,0.5483341,0.02567365,0.08318986
75.332,3.0091,19.9694,0.8344,3.0,20.0,1.0,-0.033374082,-0.07544832,0.5483338,0.5483338,0.025598278,0.083224125,-0.033374082,-0.07544832,0.5483338,0.5483338,0.025598278,0.083224125
75.382,3.0091,19.9693,0.8344,3.0,20.0,1.0,-0.03353376,-0.07552959,0.548333,0.548333,0.02587824,0.08318511,-0.03353376,-0.07552959,0.548333,0.548333,0.02587824,0.08318511
75.432,3.0091,19.9692,0.8344,3.0,20.0,1.0,-0.033513844,-0.075509466,0.54833275,0.54833275,0.025804665,0.08321864,-0.033513844,-0.075509466,0.54833275,0.54833275,0.025804665,0.08321864
75.483,3.0090,19.9692,0.8344,3.0,20.0,1.0,-0.033672694,-0.07559265,0.5483315,0.5483315,0.026085656,0.08317968,-0.033672694,-0.07559265,0.5483315,0.5483315,0.026085656,0.08317968
75.532,3.0090,19.9691,0.8344,3.0,20.0,1.0,-0.03364225,-0.07556461,0.5483315,0.5483315,0.025988156,0.08321871,-0.03364225,-0.07556461,0.5483315,0.5483315,0.025988156,0.08321871
75.583,3.0090,19.9691,0.8344,3.0,20.0,1.0,-0.033821896,-0.07566293,0.5483296,0.5483296,0.02631503,0.0831698,-0.033821896,-0.07566293,0.5483296,0.5483296,0.02631503,0.0831698
75.637,3.0089,19.9690,0.8344,3.0,20.0,1.0,-0.033778433,-0.07562702,0.54832983,0.54832983,0.026191687,0.08321377,-0.033778433,-0.07562702,0.54832983,0.54832983,0.026191687,0.08321377
75.683,3.0089,19.9689,0.8344,3.0,20.0,1.0,-0.033953853,-0.07572543,0.5483276,0.5483276,0.026512712,0.08316657,-0.033953853,-0.07572543,0.5483276,0.5483276,0.026512712,0.08316657
75.732,3.0088,19.9689,0.8344,3.0,20.0,1.0,-0.033911437,-0.07568927,0.548328,0.548328,0.026390953,0.08320976,-0.033911437,-0.07568927,0.548328,0.548328,0.026390953,0.08320976
75.782,3.0088,19.9688,0.8344,3.0,20.0,1.0,-0.03408289,-0.07578766,0.5483255,0.5483255,0.026706358,0.08316419,-0.03408289,-0.07578766,0.5483255,0.5483255,0.026706358,0.08316419
75.832,3.0087,19.9687,0.8344,3.0,20.0,1.0,-0.034046482,-0.07575509,0.5483259,0.5483259,0.026597716,0.08320386,-0.034046482,-0.07575509,0.5483259,0.5483259,0.026597716,0.08320386
75.882,3.0087,19.9687,0.8344,3.0,20.0,1.0,-0.03420181,-0.075845174,0.54832333,0.54832333,0.026881386,0.08316559,-0.03420181,-0.075845174,0.54832333,0.54832333,0.026881386,0.08316559
75.933,3.0087,19.9686,0.8344,3.0,20.0,1.0,-0.03431593,-0.07591409,0.5483211,0.5483211,0.027084496,0.08314553,-0.03431593,-0.07591409,0.5483211,0.5483211,0.027084496,0.08314553
75.983,3.0086,19.9686,0.8344,3.0,20.0,1.0,-0.034215227,-0.07583827,0.54832286,0.54832286,0.026843686,0.083209805,-0.034215227,-0.07583827,0.54832286,0.54832286,0.026843686,0.083209805
76.032,3.0086,19.9685,0.8344,3.0,20.0,1.0,-0.034303684,-0.075882815,0.5483213,0.5483213,0.02698913,0.08319737,-0.034303684,-0.075882815,0.5483213,0.5483213,0.02698913,0.08319737
76.082,3.0086,19.9685,0.8344,3.0,20.0,1.0,-0.03444625,-0.07596801,0.54831856,0.54831856,0.027249815,0.083164446,-0.03444625,-0.07596801,0.54831856,0.54831856,0.027249815,0.083164446
76.132,3.0085,19.9684,0.8344,3.0,20.0,1.0,-0.034428716,-0.075945854,0.5483189,0.5483189,0.02717962,0.083194956,-0.034428716,-0.075945854,0.5483189,0.5483189,0.02717962,0.083194956
76.187,3.0085,19.9684,0.8344,3.0,20.0,1.0,-0.034568276,-0.076031126,0.54831606,0.54831606,0.02743622,0.08316318,-0.034568276,-0.076031126,0.54831606,0.54831606,0.02743622,0.08316318
76.232,3.0084,19.9683,0.8344,3.0,20.0,1.0,-0.034550253,-0.07600826,0.5483165,0.5483165,0.027364725,0.083193794,-0.034550253,-0.07600826,0.5483165,0.5483165,0.027364725,0.083193794
76.282,3.0084,19.9682,0.8344,3.0,20.0,1.0,-0.034688156,-0.0760943,0.5483136,0.5483136,0.02761987,0.08316258,-0.034688156,-0.0760943,0.5483136,0.5483136,0.02761987,0.08316258
76.333,3.0084,19.9682,0.8344,3.0,20.0,1.0,-0.034670874,-0.076071575,0.54831403,0.54831403,0.02754987,0.08319257,-0.034670874,-0.076071575,0.54831403,0.54831403,0.02754987,0.08319257
76.382,3.0083,19.9681,0.8344,3.0,20.0,1.0,-0.03480602,-0.07615753,0.5483112,0.5483112,0.027801186,0.083162375,-0.03480602,-0.07615753,0.5483112,0.5483112,0.027801186,0.083162375
76.432,3.0083,19.9681,0.8344,3.0,20.0,1.0,-0.03478948,-0.07613497,0.5483116,0.5483116,0.027732702,0.083191745,-0.03478948,-0.07613497,0.5483116,0.5483116,0.027732702,0.083191745
76.482,3.0083,19.9680,0.8344,3.0,20.0,1.0,-0.03492104,-0.07622008,0.5483088,0.5483088,0.027978137,0.08316298,-0.03492104,-0.07622008,0.5483088,0.5483088,0.027978137,0.08316298
76.532,3.0082,19.9679,0.8344,3.0,20.0,1.0,-0.03490528,-0.07619754,0.54830927,0.54830927,0.027910948,0.08319188,-0.03490528,-0.07619754,0.54830927,0.54830927,0.027910948,0.08319188
76.582,3.0082,19.9679,0.8344,3.0,20.0,1.0,-0.03503533,-0.076283276,0.5483065,0.5483065,0.028155016,0.0831636,-0.03503533,-0.076283276,0.5483065,0.5483065,0.028155016,0.0831636
76.632,3.0081,19.9678,0.8344,3.0,20.0,1.0,-0.035020337,-0.076261,0.54830694,0.54830694,0.02808947,0.083191864,-0.035020337,-0.076261,0.54830694,0.54830694,0.02808947,0.083191864
76.687,3.0081,19.9678,0.8344,3.0,20.0,1.0,-0.035148665,-0.076347284,0.54830426,0.54830426,0.028331887,0.08316406,-0.035148665,-0.076347284,0.54830426,0.54830426,0.028331887,0.08316406
76.732,3.0081,19.9677,0.8344,3.0,20.0,1.0,-0.03513298,-0.07632415,0.5483048,0.5483048,0.028264757,0.08319237,-0.03513298,-0.07632415,0.5483048,0.5483048,0.028264757,0.08319237
76.782,3.0080,19.9677,0.8344,3.0,20.0,1.0,-0.035258237,-0.076409675,0.54830223,0.54830223,0.028502118,0.083165795,-0.035258237,-0.076409675,0.54830223,0.54830223,0.028502118,0.083165795
76.826,3.0080,19.9677,0.8344,0.0,0.0,0.0,0.0,0.0,0.0,0.0,0.0,0.0,0.0,0.0,0.0,0.0,0.0,0.0
76.876,3.0080,19.9677,0.8344,0.0,0.0,0.0,0.0,0.0,0.0,0.0,0.0,0.0,0.0,0.0,0.0,0.0,0.0,0.0
76.926,3.0080,19.9677,0.8344,0.0,0.0,0.0,0.0,0.0,0.0,0.0,0.0,0.0,0.0,0.0,0.0,0.0,0.0,0.0
76.976,3.0080,19.9677,0.8344,0.0,0.0,0.0,0.0,0.0,0.0,0.0,0.0,0.0,0.0,0.0,0.0,0.0,0.0,0.0
77.026,3.0080,19.9677,0.8344,0.0,0.0,0.0,0.0,0.0,0.0,0.0,0.0,0.0,0.0,0.0,0.0,0.0,0.0,0.0
77.076,3.0080,19.9677,0.8344,0.0,0.0,0.0,0.0,0.0,0.0,0.0,0.0,0.0,0.0,0.0,0.0,0.0,0.0,0.0
77.126,3.0080,19.9677,0.8344,0.0,0.0,0.0,0.0,0.0,0.0,0.0,0.0,0.0,0.0,0.0,0.0,0.0,0.0,0.0
77.226,3.0080,19.9677,0.8344,0.0,0.0,0.0,0.0,0.0,0.0,0.0,0.0,0.0,0.0,0.0,0.0,0.0,0.0,0.0
77.276,3.0080,19.9677,0.8344,0.0,0.0,0.0,0.0,0.0,0.0,0.0,0.0,0.0,0.0,0.0,0.0,0.0,0.0,0.0
77.327,3.0080,19.9677,0.8344,0.0,0.0,0.0,0.0,0.0,0.0,0.0,0.0,0.0,0.0,0.0,0.0,0.0,0.0,0.0
77.376,3.0080,19.9677,0.8344,0.0,0.0,0.0,0.0,0.0,0.0,0.0,0.0,0.0,0.0,0.0,0.0,0.0,0.0,0.0
77.426,3.0080,19.9677,0.8344,0.0,0.0,0.0,0.0,0.0,0.0,0.0,0.0,0.0,0.0,0.0,0.0,0.0,0.0,0.0
77.476,3.0080,19.9677,0.8344,0.0,0.0,0.0,0.0,0.0,0.0,0.0,0.0,0.0,0.0,0.0,0.0,0.0,0.0,0.0
77.526,3.0080,19.9677,0.8344,0.0,0.0,0.0,0.0,0.0,0.0,0.0,0.0,0.0,0.0,0.0,0.0,0.0,0.0,0.0
77.576,3.0080,19.9677,0.8344,0.0,0.0,0.0,0.0,0.0,0.0,0.0,0.0,0.0,0.0,0.0,0.0,0.0,0.0,0.0
77.626,3.0080,19.9677,0.8344,0.0,0.0,0.0,0.0,0.0,0.0,0.0,0.0,0.0,0.0,0.0,0.0,0.0,0.0,0.0
77.726,3.0080,19.9677,0.8344,0.0,0.0,0.0,0.0,0.0,0.0,0.0,0.0,0.0,0.0,0.0,0.0,0.0,0.0,0.0
77.776,3.0080,19.9677,0.8344,0.0,0.0,0.0,0.0,0.0,0.0,0.0,0.0,0.0,0.0,0.0,0.0,0.0,0.0,0.0
77.826,3.0080,19.9677,0.8344,0.0,0.0,0.0,0.0,0.0,0.0,0.0,0.0,0.0,0.0,0.0,0.0,0.0,0.0,0.0
77.876,3.0080,19.9677,0.8344,0.0,0.0,0.0,0.0,0.0,0.0,0.0,0.0,0.0,0.0,0.0,0.0,0.0,0.0,0.0
77.925,3.0080,19.9677,0.8344,0.0,0.0,0.0,0.0,0.0,0.0,0.0,0.0,0.0,0.0,0.0,0.0,0.0,0.0,0.0
77.976,3.0080,19.9677,0.8344,0.0,0.0,0.0,0.0,0.0,0.0,0.0,0.0,0.0,0.0,0.0,0.0,0.0,0.0,0.0
78.026,3.0080,19.9677,0.8344,0.0,0.0,0.0,0.0,0.0,0.0,0.0,0.0,0.0,0.0,0.0,0.0,0.0,0.0,0.0
78.076,3.0080,19.9677,0.8344,0.0,0.0,0.0,0.0,0.0,0.0,0.0,0.0,0.0,0.0,0.0,0.0,0.0,0.0,0.0
78.126,3.0080,19.9677,0.8344,0.0,0.0,0.0,0.0,0.0,0.0,0.0,0.0,0.0,0.0,0.0,0.0,0.0,0.0,0.0
78.176,3.0080,19.9677,0.8344,0.0,0.0,0.0,0.0,0.0,0.0,0.0,0.0,0.0,0.0,0.0,0.0,0.0,0.0,0.0
78.276,3.0080,19.9677,0.8344,0.0,0.0,0.0,0.0,0.0,0.0,0.0,0.0,0.0,0.0,0.0,0.0,0.0,0.0,0.0
78.326,3.0080,19.9677,0.8344,0.0,0.0,0.0,0.0,0.0,0.0,0.0,0.0,0.0,0.0,0.0,0.0,0.0,0.0,0.0
78.376,3.0080,19.9677,0.8344,0.0,0.0,0.0,0.0,0.0,0.0,0.0,0.0,0.0,0.0,0.0,0.0,0.0,0.0,0.0
78.426,3.0080,19.9677,0.8344,0.0,0.0,0.0,0.0,0.0,0.0,0.0,0.0,0.0,0.0,0.0,0.0,0.0,0.0,0.0
78.476,3.0080,19.9677,0.8344,0.0,0.0,0.0,0.0,0.0,0.0,0.0,0.0,0.0,0.0,0.0,0.0,0.0,0.0,0.0
78.526,3.0080,19.9677,0.8344,0.0,0.0,0.0,0.0,0.0,0.0,0.0,0.0,0.0,0.0,0.0,0.0,0.0,0.0,0.0
78.576,3.0080,19.9677,0.8344,0.0,0.0,0.0,0.0,0.0,0.0,0.0,0.0,0.0,0.0,0.0,0.0,0.0,0.0,0.0
78.626,3.0080,19.9677,0.8344,0.0,0.0,0.0,0.0,0.0,0.0,0.0,0.0,0.0,0.0,0.0,0.0,0.0,0.0,0.0
78.677,3.0080,19.9677,0.8344,0.0,0.0,0.0,0.0,0.0,0.0,0.0,0.0,0.0,0.0,0.0,0.0,0.0,0.0,0.0
78.726,3.0080,19.9677,0.8344,0.0,0.0,0.0,0.0,0.0,0.0,0.0,0.0,0.0,0.0,0.0,0.0,0.0,0.0,0.0
78.826,3.0080,19.9677,0.8344,0.0,0.0,0.0,0.0,0.0,0.0,0.0,0.0,0.0,0.0,0.0,0.0,0.0,0.0,0.0
78.876,3.0080,19.9677,0.8344,0.0,0.0,0.0,0.0,0.0,0.0,0.0,0.0,0.0,0.0,0.0,0.0,0.0,0.0,0.0
78.926,3.0080,19.9677,0.8344,0.0,0.0,0.0,0.0,0.0,0.0,0.0,0.0,0.0,0.0,0.0,0.0,0.0,0.0,0.0
78.976,3.0080,19.9677,0.8344,0.0,0.0,0.0,0.0,0.0,0.0,0.0,0.0,0.0,0.0,0.0,0.0,0.0,0.0,0.0
79.026,3.0080,19.9677,0.8344,0.0,0.0,0.0,0.0,0.0,0.0,0.0,0.0,0.0,0.0,0.0,0.0,0.0,0.0,0.0
79.076,3.0080,19.9677,0.8344,0.0,0.0,0.0,0.0,0.0,0.0,0.0,0.0,0.0,0.0,0.0,0.0,0.0,0.0,0.0
79.126,3.0080,19.9677,0.8344,0.0,0.0,0.0,0.0,0.0,0.0,0.0,0.0,0.0,0.0,0.0,0.0,0.0,0.0,0.0
79.176,3.0080,19.9677,0.8344,0.0,0.0,0.0,0.0,0.0,0.0,0.0,0.0,0.0,0.0,0.0,0.0,0.0,0.0,0.0
79.226,3.0080,19.9677,0.8344,0.0,0.0,0.0,0.0,0.0,0.0,0.0,0.0,0.0,0.0,0.0,0.0,0.0,0.0,0.0
79.327,3.0080,19.9677,0.8344,0.0,0.0,0.0,0.0,0.0,0.0,0.0,0.0,0.0,0.0,0.0,0.0,0.0,0.0,0.0
79.376,3.0080,19.9677,0.8344,0.0,0.0,0.0,0.0,0.0,0.0,0.0,0.0,0.0,0.0,0.0,0.0,0.0,0.0,0.0
79.426,3.0080,19.9677,0.8344,0.0,0.0,0.0,0.0,0.0,0.0,0.0,0.0,0.0,0.0,0.0,0.0,0.0,0.0,0.0
79.476,3.0080,19.9677,0.8344,0.0,0.0,0.0,0.0,0.0,0.0,0.0,0.0,0.0,0.0,0.0,0.0,0.0,0.0,0.0
79.526,3.0080,19.9677,0.8344,0.0,0.0,0.0,0.0,0.0,0.0,0.0,0.0,0.0,0.0,0.0,0.0,0.0,0.0,0.0
79.576,3.0080,19.9677,0.8344,0.0,0.0,0.0,0.0,0.0,0.0,0.0,0.0,0.0,0.0,0.0,0.0,0.0,0.0,0.0
79.626,3.0080,19.9677,0.8344,0.0,0.0,0.0,0.0,0.0,0.0,0.0,0.0,0.0,0.0,0.0,0.0,0.0,0.0,0.0
79.676,3.0080,19.9677,0.8344,0.0,0.0,0.0,0.0,0.0,0.0,0.0,0.0,0.0,0.0,0.0,0.0,0.0,0.0,0.0
79.726,3.0080,19.9677,0.8344,0.0,0.0,0.0,0.0,0.0,0.0,0.0,0.0,0.0,0.0,0.0,0.0,0.0,0.0,0.0
79.776,3.0080,19.9677,0.8344,0.0,0.0,0.0,0.0,0.0,0.0,0.0,0.0,0.0,0.0,0.0,0.0,0.0,0.0,0.0
79.876,3.0080,19.9677,0.8344,0.0,0.0,0.0,0.0,0.0,0.0,0.0,0.0,0.0,0.0,0.0,0.0,0.0,0.0,0.0
79.926,3.0080,19.9677,0.8344,0.0,0.0,0.0,0.0,0.0,0.0,0.0,0.0,0.0,0.0,0.0,0.0,0.0,0.0,0.0
79.976,3.0080,19.9677,0.8344,0.0,0.0,0.0,0.0,0.0,0.0,0.0,0.0,0.0,0.0,0.0,0.0,0.0,0.0,0.0
80.027,3.0080,19.9677,0.8344,0.0,0.0,0.0,0.0,0.0,0.0,0.0,0.0,0.0,0.0,0.0,0.0,0.0,0.0,0.0
80.076,3.0080,19.9677,0.8344,0.0,0.0,0.0,0.0,0.0,0.0,0.0,0.0,0.0,0.0,0.0,0.0,0.0,0.0,0.0
80.126,3.0080,19.9677,0.8344,0.0,0.0,0.0,0.0,0.0,0.0,0.0,0.0,0.0,0.0,0.0,0.0,0.0,0.0,0.0
80.176,3.0080,19.9677,0.8344,0.0,0.0,0.0,0.0,0.0,0.0,0.0,0.0,0.0,0.0,0.0,0.0,0.0,0.0,0.0
80.226,3.0080,19.9677,0.8344,0.0,0.0,0.0,0.0,0.0,0.0,0.0,0.0,0.0,0.0,0.0,0.0,0.0,0.0,0.0
80.276,3.0080,19.9677,0.8344,0.0,0.0,0.0,0.0,0.0,0.0,0.0,0.0,0.0,0.0,0.0,0.0,0.0,0.0,0.0
80.326,3.0080,19.9677,0.8344,0.0,0.0,0.0,0.0,0.0,0.0,0.0,0.0,0.0,0.0,0.0,0.0,0.0,0.0,0.0
80.426,3.0080,19.9677,0.8344,0.0,0.0,0.0,0.0,0.0,0.0,0.0,0.0,0.0,0.0,0.0,0.0,0.0,0.0,0.0
80.476,3.0080,19.9677,0.8344,0.0,0.0,0.0,0.0,0.0,0.0,0.0,0.0,0.0,0.0,0.0,0.0,0.0,0.0,0.0
80.526,3.0080,19.9677,0.8344,0.0,0.0,0.0,0.0,0.0,0.0,0.0,0.0,0.0,0.0,0.0,0.0,0.0,0.0,0.0
80.576,3.0080,19.9677,0.8344,0.0,0.0,0.0,0.0,0.0,0.0,0.0,0.0,0.0,0.0,0.0,0.0,0.0,0.0,0.0
80.626,3.0080,19.9677,0.8344,0.0,0.0,0.0,0.0,0.0,0.0,0.0,0.0,0.0,0.0,0.0,0.0,0.0,0.0,0.0
80.676,3.0080,19.9677,0.8344,0.0,0.0,0.0,0.0,0.0,0.0,0.0,0.0,0.0,0.0,0.0,0.0,0.0,0.0,0.0
80.726,3.0080,19.9677,0.8344,0.0,0.0,0.0,0.0,0.0,0.0,0.0,0.0,0.0,0.0,0.0,0.0,0.0,0.0,0.0
80.776,3.0080,19.9677,0.8344,0.0,0.0,0.0,0.0,0.0,0.0,0.0,0.0,0.0,0.0,0.0,0.0,0.0,0.0,0.0
80.826,3.0080,19.9677,0.8344,0.0,0.0,0.0,0.0,0.0,0.0,0.0,0.0,0.0,0.0,0.0,0.0,0.0,0.0,0.0
80.876,3.0080,19.9677,0.8344,0.0,0.0,0.0,0.0,0.0,0.0,0.0,0.0,0.0,0.0,0.0,0.0,0.0,0.0,0.0
80.976,3.0080,19.9677,0.8344,0.0,0.0,0.0,0.0,0.0,0.0,0.0,0.0,0.0,0.0,0.0,0.0,0.0,0.0,0.0
81.026,3.0080,19.9677,0.8344,0.0,0.0,0.0,0.0,0.0,0.0,0.0,0.0,0.0,0.0,0.0,0.0,0.0,0.0,0.0
81.076,3.0080,19.9677,0.8344,0.0,0.0,0.0,0.0,0.0,0.0,0.0,0.0,0.0,0.0,0.0,0.0,0.0,0.0,0.0
81.126,3.0080,19.9677,0.8344,0.0,0.0,0.0,0.0,0.0,0.0,0.0,0.0,0.0,0.0,0.0,0.0,0.0,0.0,0.0
81.176,3.0080,19.9677,0.8344,0.0,0.0,0.0,0.0,0.0,0.0,0.0,0.0,0.0,0.0,0.0,0.0,0.0,0.0,0.0
81.226,3.0080,19.9677,0.8344,0.0,0.0,0.0,0.0,0.0,0.0,0.0,0.0,0.0,0.0,0.0,0.0,0.0,0.0,0.0
81.277,3.0080,19.9677,0.8344,0.0,0.0,0.0,0.0,0.0,0.0,0.0,0.0,0.0,0.0,0.0,0.0,0.0,0.0,0.0
81.326,3.0080,19.9677,0.8344,0.0,0.0,0.0,0.0,0.0,0.0,0.0,0.0,0.0,0.0,0.0,0.0,0.0,0.0,0.0
81.376,3.0080,19.9677,0.8344,0.0,0.0,0.0,0.0,0.0,0.0,0.0,0.0,0.0,0.0,0.0,0.0,0.0,0.0,0.0
81.476,3.0080,19.9677,0.8344,0.0,0.0,0.0,0.0,0.0,0.0,0.0,0.0,0.0,0.0,0.0,0.0,0.0,0.0,0.0
81.526,3.0080,19.9677,0.8344,0.0,0.0,0.0,0.0,0.0,0.0,0.0,0.0,0.0,0.0,0.0,0.0,0.0,0.0,0.0
81.577,3.0080,19.9677,0.8344,0.0,0.0,0.0,0.0,0.0,0.0,0.0,0.0,0.0,0.0,0.0,0.0,0.0,0.0,0.0
81.626,3.0080,19.9677,0.8344,0.0,0.0,0.0,0.0,0.0,0.0,0.0,0.0,0.0,0.0,0.0,0.0,0.0,0.0,0.0
81.676,3.0080,19.9677,0.8344,0.0,0.0,0.0,0.0,0.0,0.0,0.0,0.0,0.0,0.0,0.0,0.0,0.0,0.0,0.0
81.727,3.0080,19.9677,0.8344,0.0,0.0,0.0,0.0,0.0,0.0,0.0,0.0,0.0,0.0,0.0,0.0,0.0,0.0,0.0
81.776,3.0080,19.9677,0.8344,0.0,0.0,0.0,0.0,0.0,0.0,0.0,0.0,0.0,0.0,0.0,0.0,0.0,0.0,0.0
81.826,3.0080,19.9677,0.8344,0.0,0.0,0.0,0.0,0.0,0.0,0.0,0.0,0.0,0.0,0.0,0.0,0.0,0.0,0.0
81.876,3.0080,19.9677,0.8344,0.0,0.0,0.0,0.0,0.0,0.0,0.0,0.0,0.0,0.0,0.0,0.0,0.0,0.0,0.0
81.926,3.0080,19.9677,0.8344,0.0,0.0,0.0,0.0,0.0,0.0,0.0,0.0,0.0,0.0,0.0,0.0,0.0,0.0,0.0
82.026,3.0080,19.9677,0.8344,0.0,0.0,0.0,0.0,0.0,0.0,0.0,0.0,0.0,0.0,0.0,0.0,0.0,0.0,0.0
82.076,3.0080,19.9677,0.8344,0.0,0.0,0.0,0.0,0.0,0.0,0.0,0.0,0.0,0.0,0.0,0.0,0.0,0.0,0.0
82.126,3.0080,19.9677,0.8344,0.0,0.0,0.0,0.0,0.0,0.0,0.0,0.0,0.0,0.0,0.0,0.0,0.0,0.0,0.0
82.176,3.0080,19.9677,0.8344,0.0,0.0,0.0,0.0,0.0,0.0,0.0,0.0,0.0,0.0,0.0,0.0,0.0,0.0,0.0
82.226,3.0080,19.9677,0.8344,0.0,0.0,0.0,0.0,0.0,0.0,0.0,0.0,0.0,0.0,0.0,0.0,0.0,0.0,0.0
82.276,3.0080,19.9677,0.8344,0.0,0.0,0.0,0.0,0.0,0.0,0.0,0.0,0.0,0.0,0.0,0.0,0.0,0.0,0.0
82.326,3.0080,19.9677,0.8344,0.0,0.0,0.0,0.0,0.0,0.0,0.0,0.0,0.0,0.0,0.0,0.0,0.0,0.0,0.0
82.376,3.0080,19.9677,0.8344,0.0,0.0,0.0,0.0,0.0,0.0,0.0,0.0,0.0,0.0,0.0,0.0,0.0,0.0,0.0
82.426,3.0080,19.9677,0.8344,0.0,0.0,0.0,0.0,0.0,0.0,0.0,0.0,0.0,0.0,0.0,0.0,0.0,0.0,0.0
82.476,3.0080,19.9677,0.8344,0.0,0.0,0.0,0.0,0.0,0.0,0.0,0.0,0.0,0.0,0.0,0.0,0.0,0.0,0.0
82.576,3.0080,19.9677,0.8344,0.0,0.0,0.0,0.0,0.0,0.0,0.0,0.0,0.0,0.0,0.0,0.0,0.0,0.0,0.0
82.626,3.0080,19.9677,0.8344,0.0,0.0,0.0,0.0,0.0,0.0,0.0,0.0,0.0,0.0,0.0,0.0,0.0,0.0,0.0
82.677,3.0080,19.9677,0.8344,0.0,0.0,0.0,0.0,0.0,0.0,0.0,0.0,0.0,0.0,0.0,0.0,0.0,0.0,0.0
82.727,3.0080,19.9677,0.8344,0.0,0.0,0.0,0.0,0.0,0.0,0.0,0.0,0.0,0.0,0.0,0.0,0.0,0.0,0.0
82.776,3.0080,19.9677,0.8344,0.0,0.0,0.0,0.0,0.0,0.0,0.0,0.0,0.0,0.0,0.0,0.0,0.0,0.0,0.0
82.826,3.0080,19.9677,0.8344,0.0,0.0,0.0,0.0,0.0,0.0,0.0,0.0,0.0,0.0,0.0,0.0,0.0,0.0,0.0
82.876,3.0080,19.9677,0.8344,0.0,0.0,0.0,0.0,0.0,0.0,0.0,0.0,0.0,0.0,0.0,0.0,0.0,0.0,0.0
82.926,3.0080,19.9677,0.8344,0.0,0.0,0.0,0.0,0.0,0.0,0.0,0.0,0.0,0.0,0.0,0.0,0.0,0.0,0.0
82.976,3.0080,19.9677,0.8344,0.0,0.0,0.0,0.0,0.0,0.0,0.0,0.0,0.0,0.0,0.0,0.0,0.0,0.0,0.0
83.076,3.0080,19.9677,0.8344,0.0,0.0,0.0,0.0,0.0,0.0,0.0,0.0,0.0,0.0,0.0,0.0,0.0,0.0,0.0
83.126,3.0080,19.9677,0.8344,0.0,0.0,0.0,0.0,0.0,0.0,0.0,0.0,0.0,0.0,0.0,0.0,0.0,0.0,0.0
83.176,3.0080,19.9677,0.8344,0.0,0.0,0.0,0.0,0.0,0.0,0.0,0.0,0.0,0.0,0.0,0.0,0.0,0.0,0.0
83.226,3.0080,19.9677,0.8344,0.0,0.0,0.0,0.0,0.0,0.0,0.0,0.0,0.0,0.0,0.0,0.0,0.0,0.0,0.0
83.276,3.0080,19.9677,0.8344,0.0,0.0,0.0,0.0,0.0,0.0,0.0,0.0,0.0,0.0,0.0,0.0,0.0,0.0,0.0
83.326,3.0080,19.9677,0.8344,0.0,0.0,0.0,0.0,0.0,0.0,0.0,0.0,0.0,0.0,0.0,0.0,0.0,0.0,0.0
83.376,3.0080,19.9677,0.8344,0.0,0.0,0.0,0.0,0.0,0.0,0.0,0.0,0.0,0.0,0.0,0.0,0.0,0.0,0.0
83.426,3.0080,19.9677,0.8344,0.0,0.0,0.0,0.0,0.0,0.0,0.0,0.0,0.0,0.0,0.0,0.0,0.0,0.0,0.0
83.476,3.0080,19.9677,0.8344,0.0,0.0,0.0,0.0,0.0,0.0,0.0,0.0,0.0,0.0,0.0,0.0,0.0,0.0,0.0
83.526,3.0080,19.9677,0.8344,0.0,0.0,0.0,0.0,0.0,0.0,0.0,0.0,0.0,0.0,0.0,0.0,0.0,0.0,0.0
83.627,3.0080,19.9677,0.8344,0.0,0.0,0.0,0.0,0.0,0.0,0.0,0.0,0.0,0.0,0.0,0.0,0.0,0.0,0.0
83.676,3.0080,19.9677,0.8344,0.0,0.0,0.0,0.0,0.0,0.0,0.0,0.0,0.0,0.0,0.0,0.0,0.0,0.0,0.0
83.726,3.0080,19.9677,0.8344,0.0,0.0,0.0,0.0,0.0,0.0,0.0,0.0,0.0,0.0,0.0,0.0,0.0,0.0,0.0
83.776,3.0080,19.9677,0.8344,0.0,0.0,0.0,0.0,0.0,0.0,0.0,0.0,0.0,0.0,0.0,0.0,0.0,0.0,0.0
83.826,3.0080,19.9677,0.8344,0.0,0.0,0.0,0.0,0.0,0.0,0.0,0.0,0.0,0.0,0.0,0.0,0.0,0.0,0.0
83.876,3.0080,19.9677,0.8344,0.0,0.0,0.0,0.0,0.0,0.0,0.0,0.0,0.0,0.0,0.0,0.0,0.0,0.0,0.0
83.926,3.0080,19.9677,0.8344,0.0,0.0,0.0,0.0,0.0,0.0,0.0,0.0,0.0,0.0,0.0,0.0,0.0,0.0,0.0
83.976,3.0080,19.9677,0.8344,0.0,0.0,0.0,0.0,0.0,0.0,0.0,0.0,0.0,0.0,0.0,0.0,0.0,0.0,0.0
84.026,3.0080,19.9677,0.8344,0.0,0.0,0.0,0.0,0.0,0.0,0.0,0.0,0.0,0.0,0.0,0.0,0.0,0.0,0.0
84.076,3.0080,19.9677,0.8344,0.0,0.0,0.0,0.0,0.0,0.0,0.0,0.0,0.0,0.0,0.0,0.0,0.0,0.0,0.0
84.176,3.0080,19.9677,0.8344,0.0,0.0,0.0,0.0,0.0,0.0,0.0,0.0,0.0,0.0,0.0,0.0,0.0,0.0,0.0
84.226,3.0080,19.9677,0.8344,0.0,0.0,0.0,0.0,0.0,0.0,0.0,0.0,0.0,0.0,0.0,0.0,0.0,0.0,0.0
84.276,3.0080,19.9677,0.8344,0.0,0.0,0.0,0.0,0.0,0.0,0.0,0.0,0.0,0.0,0.0,0.0,0.0,0.0,0.0
84.326,3.0080,19.9677,0.8344,0.0,0.0,0.0,0.0,0.0,0.0,0.0,0.0,0.0,0.0,0.0,0.0,0.0,0.0,0.0
84.376,3.0080,19.9677,0.8344,0.0,0.0,0.0,0.0,0.0,0.0,0.0,0.0,0.0,0.0,0.0,0.0,0.0,0.0,0.0
84.426,3.0080,19.9677,0.8344,0.0,0.0,0.0,0.0,0.0,0.0,0.0,0.0,0.0,0.0,0.0,0.0,0.0,0.0,0.0
84.476,3.0080,19.9677,0.8344,0.0,0.0,0.0,0.0,0.0,0.0,0.0,0.0,0.0,0.0,0.0,0.0,0.0,0.0,0.0
84.526,3.0080,19.9677,0.8344,0.0,0.0,0.0,0.0,0.0,0.0,0.0,0.0,0.0,0.0,0.0,0.0,0.0,0.0,0.0
84.576,3.0080,19.9677,0.8344,0.0,0.0,0.0,0.0,0.0,0.0,0.0,0.0,0.0,0.0,0.0,0.0,0.0,0.0,0.0
84.626,3.0080,19.9677,0.8344,0.0,0.0,0.0,0.0,0.0,0.0,0.0,0.0,0.0,0.0,0.0,0.0,0.0,0.0,0.0
84.726,3.0080,19.9677,0.8344,0.0,0.0,0.0,0.0,0.0,0.0,0.0,0.0,0.0,0.0,0.0,0.0,0.0,0.0,0.0
84.776,3.0080,19.9677,0.8344,0.0,0.0,0.0,0.0,0.0,0.0,0.0,0.0,0.0,0.0,0.0,0.0,0.0,0.0,0.0
84.826,3.0080,19.9677,0.8344,0.0,0.0,0.0,0.0,0.0,0.0,0.0,0.0,0.0,0.0,0.0,0.0,0.0,0.0,0.0
84.876,3.0080,19.9677,0.8344,0.0,0.0,0.0,0.0,0.0,0.0,0.0,0.0,0.0,0.0,0.0,0.0,0.0,0.0,0.0
84.926,3.0080,19.9677,0.8344,0.0,0.0,0.0,0.0,0.0,0.0,0.0,0.0,0.0,0.0,0.0,0.0,0.0,0.0,0.0
84.976,3.0080,19.9677,0.8344,0.0,0.0,0.0,0.0,0.0,0.0,0.0,0.0,0.0,0.0,0.0,0.0,0.0,0.0,0.0
85.026,3.0080,19.9677,0.8344,0.0,0.0,0.0,0.0,0.0,0.0,0.0,0.0,0.0,0.0,0.0,0.0,0.0,0.0,0.0
85.076,3.0080,19.9677,0.8344,0.0,0.0,0.0,0.0,0.0,0.0,0.0,0.0,0.0,0.0,0.0,0.0,0.0,0.0,0.0
85.126,3.0080,19.9677,0.8344,0.0,0.0,0.0,0.0,0.0,0.0,0.0,0.0,0.0,0.0,0.0,0.0,0.0,0.0,0.0
85.226,3.0080,19.9677,0.8344,0.0,0.0,0.0,0.0,0.0,0.0,0.0,0.0,0.0,0.0,0.0,0.0,0.0,0.0,0.0
85.276,3.0080,19.9677,0.8344,0.0,0.0,0.0,0.0,0.0,0.0,0.0,0.0,0.0,0.0,0.0,0.0,0.0,0.0,0.0
85.326,3.0080,19.9677,0.8344,0.0,0.0,0.0,0.0,0.0,0.0,0.0,0.0,0.0,0.0,0.0,0.0,0.0,0.0,0.0
85.376,3.0080,19.9677,0.8344,0.0,0.0,0.0,0.0,0.0,0.0,0.0,0.0,0.0,0.0,0.0,0.0,0.0,0.0,0.0
85.426,3.0080,19.9677,0.8344,0.0,0.0,0.0,0.0,0.0,0.0,0.0,0.0,0.0,0.0,0.0,0.0,0.0,0.0,0.0
85.476,3.0080,19.9677,0.8344,0.0,0.0,0.0,0.0,0.0,0.0,0.0,0.0,0.0,0.0,0.0,0.0,0.0,0.0,0.0
85.526,3.0080,19.9677,0.8344,0.0,0.0,0.0,0.0,0.0,0.0,0.0,0.0,0.0,0.0,0.0,0.0,0.0,0.0,0.0
85.576,3.0080,19.9677,0.8344,0.0,0.0,0.0,0.0,0.0,0.0,0.0,0.0,0.0,0.0,0.0,0.0,0.0,0.0,0.0
85.626,3.0080,19.9677,0.8344,0.0,0.0,0.0,0.0,0.0,0.0,0.0,0.0,0.0,0.0,0.0,0.0,0.0,0.0,0.0
85.676,3.0080,19.9677,0.8344,0.0,0.0,0.0,0.0,0.0,0.0,0.0,0.0,0.0,0.0,0.0,0.0,0.0,0.0,0.0
85.776,3.0080,19.9677,0.8344,0.0,0.0,0.0,0.0,0.0,0.0,0.0,0.0,0.0,0.0,0.0,0.0,0.0,0.0,0.0
85.826,3.0080,19.9677,0.8344,0.0,0.0,0.0,0.0,0.0,0.0,0.0,0.0,0.0,0.0,0.0,0.0,0.0,0.0,0.0
85.876,3.0080,19.9677,0.8344,0.0,0.0,0.0,0.0,0.0,0.0,0.0,0.0,0.0,0.0,0.0,0.0,0.0,0.0,0.0
85.926,3.0080,19.9677,0.8344,0.0,0.0,0.0,0.0,0.0,0.0,0.0,0.0,0.0,0.0,0.0,0.0,0.0,0.0,0.0
85.976,3.0080,19.9677,0.8344,0.0,0.0,0.0,0.0,0.0,0.0,0.0,0.0,0.0,0.0,0.0,0.0,0.0,0.0,0.0
86.026,3.0080,19.9677,0.8344,0.0,0.0,0.0,0.0,0.0,0.0,0.0,0.0,0.0,0.0,0.0,0.0,0.0,0.0,0.0
86.077,3.0080,19.9677,0.8344,0.0,0.0,0.0,0.0,0.0,0.0,0.0,0.0,0.0,0.0,0.0,0.0,0.0,0.0,0.0
86.126,3.0080,19.9677,0.8344,0.0,0.0,0.0,0.0,0.0,0.0,0.0,0.0,0.0,0.0,0.0,0.0,0.0,0.0,0.0
86.176,3.0080,19.9677,0.8344,0.0,0.0,0.0,0.0,0.0,0.0,0.0,0.0,0.0,0.0,0.0,0.0,0.0,0.0,0.0
86.226,3.0080,19.9677,0.8344,0.0,0.0,0.0,0.0,0.0,0.0,0.0,0.0,0.0,0.0,0.0,0.0,0.0,0.0,0.0
86.326,3.0080,19.9677,0.8344,0.0,0.0,0.0,0.0,0.0,0.0,0.0,0.0,0.0,0.0,0.0,0.0,0.0,0.0,0.0
86.377,3.0080,19.9677,0.8344,0.0,0.0,0.0,0.0,0.0,0.0,0.0,0.0,0.0,0.0,0.0,0.0,0.0,0.0,0.0
86.426,3.0080,19.9677,0.8344,0.0,0.0,0.0,0.0,0.0,0.0,0.0,0.0,0.0,0.0,0.0,0.0,0.0,0.0,0.0
86.476,3.0080,19.9677,0.8344,0.0,0.0,0.0,0.0,0.0,0.0,0.0,0.0,0.0,0.0,0.0,0.0,0.0,0.0,0.0
86.526,3.0080,19.9677,0.8344,0.0,0.0,0.0,0.0,0.0,0.0,0.0,0.0,0.0,0.0,0.0,0.0,0.0,0.0,0.0
86.576,3.0080,19.9677,0.8344,0.0,0.0,0.0,0.0,0.0,0.0,0.0,0.0,0.0,0.0,0.0,0.0,0.0,0.0,0.0
86.626,3.0080,19.9677,0.8344,0.0,0.0,0.0,0.0,0.0,0.0,0.0,0.0,0.0,0.0,0.0,0.0,0.0,0.0,0.0
86.676,3.0080,19.9677,0.8344,0.0,0.0,0.0,0.0,0.0,0.0,0.0,0.0,0.0,0.0,0.0,0.0,0.0,0.0,0.0
86.726,3.0080,19.9677,0.8344,0.0,0.0,0.0,0.0,0.0,0.0,0.0,0.0,0.0,0.0,0.0,0.0,0.0,0.0,0.0
86.776,3.0080,19.9677,0.8344,0.0,0.0,0.0,0.0,0.0,0.0,0.0,0.0,0.0,0.0,0.0,0.0,0.0,0.0,0.0
86.877,3.0080,19.9677,0.8344,0.0,0.0,0.0,0.0,0.0,0.0,0.0,0.0,0.0,0.0,0.0,0.0,0.0,0.0,0.0
86.926,3.0080,19.9677,0.8344,0.0,0.0,0.0,0.0,0.0,0.0,0.0,0.0,0.0,0.0,0.0,0.0,0.0,0.0,0.0
86.976,3.0080,19.9677,0.8344,0.0,0.0,0.0,0.0,0.0,0.0,0.0,0.0,0.0,0.0,0.0,0.0,0.0,0.0,0.0
87.026,3.0080,19.9677,0.8344,0.0,0.0,0.0,0.0,0.0,0.0,0.0,0.0,0.0,0.0,0.0,0.0,0.0,0.0,0.0
87.076,3.0080,19.9677,0.8344,0.0,0.0,0.0,0.0,0.0,0.0,0.0,0.0,0.0,0.0,0.0,0.0,0.0,0.0,0.0
87.126,3.0080,19.9677,0.8344,0.0,0.0,0.0,0.0,0.0,0.0,0.0,0.0,0.0,0.0,0.0,0.0,0.0,0.0,0.0
87.176,3.0080,19.9677,0.8344,0.0,0.0,0.0,0.0,0.0,0.0,0.0,0.0,0.0,0.0,0.0,0.0,0.0,0.0,0.0
87.226,3.0080,19.9677,0.8344,0.0,0.0,0.0,0.0,0.0,0.0,0.0,0.0,0.0,0.0,0.0,0.0,0.0,0.0,0.0
87.276,3.0080,19.9677,0.8344,0.0,0.0,0.0,0.0,0.0,0.0,0.0,0.0,0.0,0.0,0.0,0.0,0.0,0.0,0.0
87.325,3.0080,19.9677,0.8344,0.0,0.0,0.0,0.0,0.0,0.0,0.0,0.0,0.0,0.0,0.0,0.0,0.0,0.0,0.0
87.426,3.0080,19.9677,0.8344,0.0,0.0,0.0,0.0,0.0,0.0,0.0,0.0,0.0,0.0,0.0,0.0,0.0,0.0,0.0
87.477,3.0080,19.9677,0.8344,0.0,0.0,0.0,0.0,0.0,0.0,0.0,0.0,0.0,0.0,0.0,0.0,0.0,0.0,0.0
87.526,3.0080,19.9677,0.8344,0.0,0.0,0.0,0.0,0.0,0.0,0.0,0.0,0.0,0.0,0.0,0.0,0.0,0.0,0.0
87.576,3.0080,19.9677,0.8344,0.0,0.0,0.0,0.0,0.0,0.0,0.0,0.0,0.0,0.0,0.0,0.0,0.0,0.0,0.0
87.626,3.0080,19.9677,0.8344,0.0,0.0,0.0,0.0,0.0,0.0,0.0,0.0,0.0,0.0,0.0,0.0,0.0,0.0,0.0
87.676,3.0080,19.9677,0.8344,0.0,0.0,0.0,0.0,0.0,0.0,0.0,0.0,0.0,0.0,0.0,0.0,0.0,0.0,0.0
87.726,3.0080,19.9677,0.8344,0.0,0.0,0.0,0.0,0.0,0.0,0.0,0.0,0.0,0.0,0.0,0.0,0.0,0.0,0.0
87.775,3.0080,19.9677,0.8344,0.0,0.0,0.0,0.0,0.0,0.0,0.0,0.0,0.0,0.0,0.0,0.0,0.0,0.0,0.0
87.825,3.0080,19.9677,0.8344,0.0,0.0,0.0,0.0,0.0,0.0,0.0,0.0,0.0,0.0,0.0,0.0,0.0,0.0,0.0
87.876,3.0080,19.9677,0.8344,0.0,0.0,0.0,0.0,0.0,0.0,0.0,0.0,0.0,0.0,0.0,0.0,0.0,0.0,0.0
87.976,3.0080,19.9677,0.8344,0.0,0.0,0.0,0.0,0.0,0.0,0.0,0.0,0.0,0.0,0.0,0.0,0.0,0.0,0.0
88.026,3.0080,19.9677,0.8344,0.0,0.0,0.0,0.0,0.0,0.0,0.0,0.0,0.0,0.0,0.0,0.0,0.0,0.0,0.0
88.075,3.0080,19.9677,0.8344,0.0,0.0,0.0,0.0,0.0,0.0,0.0,0.0,0.0,0.0,0.0,0.0,0.0,0.0,0.0
88.126,3.0080,19.9677,0.8344,0.0,0.0,0.0,0.0,0.0,0.0,0.0,0.0,0.0,0.0,0.0,0.0,0.0,0.0,0.0
88.176,3.0080,19.9677,0.8344,0.0,0.0,0.0,0.0,0.0,0.0,0.0,0.0,0.0,0.0,0.0,0.0,0.0,0.0,0.0
88.226,3.0080,19.9677,0.8344,0.0,0.0,0.0,0.0,0.0,0.0,0.0,0.0,0.0,0.0,0.0,0.0,0.0,0.0,0.0
88.276,3.0080,19.9677,0.8344,0.0,0.0,0.0,0.0,0.0,0.0,0.0,0.0,0.0,0.0,0.0,0.0,0.0,0.0,0.0
88.326,3.0080,19.9677,0.8344,0.0,0.0,0.0,0.0,0.0,0.0,0.0,0.0,0.0,0.0,0.0,0.0,0.0,0.0,0.0
88.376,3.0080,19.9677,0.8344,0.0,0.0,0.0,0.0,0.0,0.0,0.0,0.0,0.0,0.0,0.0,0.0,0.0,0.0,0.0
88.426,3.0080,19.9677,0.8344,0.0,0.0,0.0,0.0,0.0,0.0,0.0,0.0,0.0,0.0,0.0,0.0,0.0,0.0,0.0
88.526,3.0080,19.9677,0.8344,0.0,0.0,0.0,0.0,0.0,0.0,0.0,0.0,0.0,0.0,0.0,0.0,0.0,0.0,0.0
88.576,3.0080,19.9677,0.8344,0.0,0.0,0.0,0.0,0.0,0.0,0.0,0.0,0.0,0.0,0.0,0.0,0.0,0.0,0.0
88.626,3.0080,19.9677,0.8344,0.0,0.0,0.0,0.0,0.0,0.0,0.0,0.0,0.0,0.0,0.0,0.0,0.0,0.0,0.0
88.676,3.0080,19.9677,0.8344,0.0,0.0,0.0,0.0,0.0,0.0,0.0,0.0,0.0,0.0,0.0,0.0,0.0,0.0,0.0
88.726,3.0080,19.9677,0.8344,0.0,0.0,0.0,0.0,0.0,0.0,0.0,0.0,0.0,0.0,0.0,0.0,0.0,0.0,0.0
88.776,3.0080,19.9677,0.8344,0.0,0.0,0.0,0.0,0.0,0.0,0.0,0.0,0.0,0.0,0.0,0.0,0.0,0.0,0.0
88.826,3.0080,19.9677,0.8344,0.0,0.0,0.0,0.0,0.0,0.0,0.0,0.0,0.0,0.0,0.0,0.0,0.0,0.0,0.0
88.876,3.0080,19.9677,0.8344,0.0,0.0,0.0,0.0,0.0,0.0,0.0,0.0,0.0,0.0,0.0,0.0,0.0,0.0,0.0
88.926,3.0080,19.9677,0.8344,0.0,0.0,0.0,0.0,0.0,0.0,0.0,0.0,0.0,0.0,0.0,0.0,0.0,0.0,0.0
88.976,3.0080,19.9677,0.8344,0.0,0.0,0.0,0.0,0.0,0.0,0.0,0.0,0.0,0.0,0.0,0.0,0.0,0.0,0.0
89.076,3.0080,19.9677,0.8344,0.0,0.0,0.0,0.0,0.0,0.0,0.0,0.0,0.0,0.0,0.0,0.0,0.0,0.0,0.0
89.126,3.0080,19.9677,0.8344,0.0,0.0,0.0,0.0,0.0,0.0,0.0,0.0,0.0,0.0,0.0,0.0,0.0,0.0,0.0
89.176,3.0080,19.9677,0.8344,0.0,0.0,0.0,0.0,0.0,0.0,0.0,0.0,0.0,0.0,0.0,0.0,0.0,0.0,0.0
89.225,3.0080,19.9677,0.8344,0.0,0.0,0.0,0.0,0.0,0.0,0.0,0.0,0.0,0.0,0.0,0.0,0.0,0.0,0.0
89.276,3.0080,19.9677,0.8344,0.0,0.0,0.0,0.0,0.0,0.0,0.0,0.0,0.0,0.0,0.0,0.0,0.0,0.0,0.0
89.326,3.0080,19.9677,0.8344,0.0,0.0,0.0,0.0,0.0,0.0,0.0,0.0,0.0,0.0,0.0,0.0,0.0,0.0,0.0
89.377,3.0080,19.9677,0.8344,0.0,0.0,0.0,0.0,0.0,0.0,0.0,0.0,0.0,0.0,0.0,0.0,0.0,0.0,0.0
89.426,3.0080,19.9677,0.8344,0.0,0.0,0.0,0.0,0.0,0.0,0.0,0.0,0.0,0.0,0.0,0.0,0.0,0.0,0.0
89.476,3.0080,19.9677,0.8344,0.0,0.0,0.0,0.0,0.0,0.0,0.0,0.0,0.0,0.0,0.0,0.0,0.0,0.0,0.0
89.526,3.0080,19.9677,0.8344,0.0,0.0,0.0,0.0,0.0,0.0,0.0,0.0,0.0,0.0,0.0,0.0,0.0,0.0,0.0
89.626,3.0080,19.9677,0.8344,0.0,0.0,0.0,0.0,0.0,0.0,0.0,0.0,0.0,0.0,0.0,0.0,0.0,0.0,0.0
89.676,3.0080,19.9677,0.8344,0.0,0.0,0.0,0.0,0.0,0.0,0.0,0.0,0.0,0.0,0.0,0.0,0.0,0.0,0.0
89.726,3.0080,19.9677,0.8344,0.0,0.0,0.0,0.0,0.0,0.0,0.0,0.0,0.0,0.0,0.0,0.0,0.0,0.0,0.0
89.776,3.0080,19.9677,0.8344,0.0,0.0,0.0,0.0,0.0,0.0,0.0,0.0,0.0,0.0,0.0,0.0,0.0,0.0,0.0
89.826,3.0080,19.9677,0.8344,0.0,0.0,0.0,0.0,0.0,0.0,0.0,0.0,0.0,0.0,0.0,0.0,0.0,0.0,0.0
89.876,3.0080,19.9677,0.8344,0.0,0.0,0.0,0.0,0.0,0.0,0.0,0.0,0.0,0.0,0.0,0.0,0.0,0.0,0.0
89.926,3.0080,19.9677,0.8344,0.0,0.0,0.0,0.0,0.0,0.0,0.0,0.0,0.0,0.0,0.0,0.0,0.0,0.0,0.0
89.976,3.0080,19.9677,0.8344,0.0,0.0,0.0,0.0,0.0,0.0,0.0,0.0,0.0,0.0,0.0,0.0,0.0,0.0,0.0
90.026,3.0080,19.9677,0.8344,0.0,0.0,0.0,0.0,0.0,0.0,0.0,0.0,0.0,0.0,0.0,0.0,0.0,0.0,0.0
90.076,3.0080,19.9677,0.8344,0.0,0.0,0.0,0.0,0.0,0.0,0.0,0.0,0.0,0.0,0.0,0.0,0.0,0.0,0.0
90.176,3.0080,19.9677,0.8344,0.0,0.0,0.0,0.0,0.0,0.0,0.0,0.0,0.0,0.0,0.0,0.0,0.0,0.0,0.0
90.226,3.0080,19.9677,0.8344,0.0,0.0,0.0,0.0,0.0,0.0,0.0,0.0,0.0,0.0,0.0,0.0,0.0,0.0,0.0
90.276,3.0080,19.9677,0.8344,0.0,0.0,0.0,0.0,0.0,0.0,0.0,0.0,0.0,0.0,0.0,0.0,0.0,0.0,0.0
90.326,3.0080,19.9677,0.8344,0.0,0.0,0.0,0.0,0.0,0.0,0.0,0.0,0.0,0.0,0.0,0.0,0.0,0.0,0.0
90.376,3.0080,19.9677,0.8344,0.0,0.0,0.0,0.0,0.0,0.0,0.0,0.0,0.0,0.0,0.0,0.0,0.0,0.0,0.0
90.426,3.0080,19.9677,0.8344,0.0,0.0,0.0,0.0,0.0,0.0,0.0,0.0,0.0,0.0,0.0,0.0,0.0,0.0,0.0
90.476,3.0080,19.9677,0.8344,0.0,0.0,0.0,0.0,0.0,0.0,0.0,0.0,0.0,0.0,0.0,0.0,0.0,0.0,0.0
90.526,3.0080,19.9677,0.8344,0.0,0.0,0.0,0.0,0.0,0.0,0.0,0.0,0.0,0.0,0.0,0.0,0.0,0.0,0.0
90.576,3.0080,19.9677,0.8344,0.0,0.0,0.0,0.0,0.0,0.0,0.0,0.0,0.0,0.0,0.0,0.0,0.0,0.0,0.0
90.676,3.0080,19.9677,0.8344,0.0,0.0,0.0,0.0,0.0,0.0,0.0,0.0,0.0,0.0,0.0,0.0,0.0,0.0,0.0
90.726,3.0080,19.9677,0.8344,0.0,0.0,0.0,0.0,0.0,0.0,0.0,0.0,0.0,0.0,0.0,0.0,0.0,0.0,0.0
90.776,3.0080,19.9677,0.8344,0.0,0.0,0.0,0.0,0.0,0.0,0.0,0.0,0.0,0.0,0.0,0.0,0.0,0.0,0.0
90.826,3.0080,19.9677,0.8344,0.0,0.0,0.0,0.0,0.0,0.0,0.0,0.0,0.0,0.0,0.0,0.0,0.0,0.0,0.0
90.876,3.0080,19.9677,0.8344,0.0,0.0,0.0,0.0,0.0,0.0,0.0,0.0,0.0,0.0,0.0,0.0,0.0,0.0,0.0
90.926,3.0080,19.9677,0.8344,0.0,0.0,0.0,0.0,0.0,0.0,0.0,0.0,0.0,0.0,0.0,0.0,0.0,0.0,0.0
90.976,3.0080,19.9677,0.8344,0.0,0.0,0.0,0.0,0.0,0.0,0.0,0.0,0.0,0.0,0.0,0.0,0.0,0.0,0.0
91.026,3.0080,19.9677,0.8344,0.0,0.0,0.0,0.0,0.0,0.0,0.0,0.0,0.0,0.0,0.0,0.0,0.0,0.0,0.0
91.076,3.0080,19.9677,0.8344,0.0,0.0,0.0,0.0,0.0,0.0,0.0,0.0,0.0,0.0,0.0,0.0,0.0,0.0,0.0
91.126,3.0080,19.9677,0.8344,0.0,0.0,0.0,0.0,0.0,0.0,0.0,0.0,0.0,0.0,0.0,0.0,0.0,0.0,0.0
91.226,3.0080,19.9677,0.8344,0.0,0.0,0.0,0.0,0.0,0.0,0.0,0.0,0.0,0.0,0.0,0.0,0.0,0.0,0.0
91.276,3.0080,19.9677,0.8344,0.0,0.0,0.0,0.0,0.0,0.0,0.0,0.0,0.0,0.0,0.0,0.0,0.0,0.0,0.0
91.326,3.0080,19.9677,0.8344,0.0,0.0,0.0,0.0,0.0,0.0,0.0,0.0,0.0,0.0,0.0,0.0,0.0,0.0,0.0
91.376,3.0080,19.9677,0.8344,0.0,0.0,0.0,0.0,0.0,0.0,0.0,0.0,0.0,0.0,0.0,0.0,0.0,0.0,0.0
91.426,3.0080,19.9677,0.8344,0.0,0.0,0.0,0.0,0.0,0.0,0.0,0.0,0.0,0.0,0.0,0.0,0.0,0.0,0.0
91.476,3.0080,19.9677,0.8344,0.0,0.0,0.0,0.0,0.0,0.0,0.0,0.0,0.0,0.0,0.0,0.0,0.0,0.0,0.0
91.526,3.0080,19.9677,0.8344,0.0,0.0,0.0,0.0,0.0,0.0,0.0,0.0,0.0,0.0,0.0,0.0,0.0,0.0,0.0
91.575,3.0080,19.9677,0.8344,0.0,0.0,0.0,0.0,0.0,0.0,0.0,0.0,0.0,0.0,0.0,0.0,0.0,0.0,0.0
91.626,3.0080,19.9677,0.8344,0.0,0.0,0.0,0.0,0.0,0.0,0.0,0.0,0.0,0.0,0.0,0.0,0.0,0.0,0.0
91.676,3.0080,19.9677,0.8344,0.0,0.0,0.0,0.0,0.0,0.0,0.0,0.0,0.0,0.0,0.0,0.0,0.0,0.0,0.0
91.776,3.0080,19.9677,0.8344,0.0,0.0,0.0,0.0,0.0,0.0,0.0,0.0,0.0,0.0,0.0,0.0,0.0,0.0,0.0
91.826,3.0080,19.9677,0.8344,0.0,0.0,0.0,0.0,0.0,0.0,0.0,0.0,0.0,0.0,0.0,0.0,0.0,0.0,0.0
91.876,3.0080,19.9677,0.8344,0.0,0.0,0.0,0.0,0.0,0.0,0.0,0.0,0.0,0.0,0.0,0.0,0.0,0.0,0.0
91.926,3.0080,19.9677,0.8344,0.0,0.0,0.0,0.0,0.0,0.0,0.0,0.0,0.0,0.0,0.0,0.0,0.0,0.0,0.0
91.976,3.0080,19.9677,0.8344,0.0,0.0,0.0,0.0,0.0,0.0,0.0,0.0,0.0,0.0,0.0,0.0,0.0,0.0,0.0
92.026,3.0080,19.9677,0.8344,0.0,0.0,0.0,0.0,0.0,0.0,0.0,0.0,0.0,0.0,0.0,0.0,0.0,0.0,0.0
92.076,3.0080,19.9677,0.8344,0.0,0.0,0.0,0.0,0.0,0.0,0.0,0.0,0.0,0.0,0.0,0.0,0.0,0.0,0.0
92.126,3.0080,19.9677,0.8344,0.0,0.0,0.0,0.0,0.0,0.0,0.0,0.0,0.0,0.0,0.0,0.0,0.0,0.0,0.0
92.176,3.0080,19.9677,0.8344,0.0,0.0,0.0,0.0,0.0,0.0,0.0,0.0,0.0,0.0,0.0,0.0,0.0,0.0,0.0
92.226,3.0080,19.9677,0.8344,0.0,0.0,0.0,0.0,0.0,0.0,0.0,0.0,0.0,0.0,0.0,0.0,0.0,0.0,0.0
92.326,3.0080,19.9677,0.8344,0.0,0.0,0.0,0.0,0.0,0.0,0.0,0.0,0.0,0.0,0.0,0.0,0.0,0.0,0.0
92.376,3.0080,19.9677,0.8344,0.0,0.0,0.0,0.0,0.0,0.0,0.0,0.0,0.0,0.0,0.0,0.0,0.0,0.0,0.0
92.426,3.0080,19.9677,0.8344,0.0,0.0,0.0,0.0,0.0,0.0,0.0,0.0,0.0,0.0,0.0,0.0,0.0,0.0,0.0
92.476,3.0080,19.9677,0.8344,0.0,0.0,0.0,0.0,0.0,0.0,0.0,0.0,0.0,0.0,0.0,0.0,0.0,0.0,0.0
92.526,3.0080,19.9677,0.8344,0.0,0.0,0.0,0.0,0.0,0.0,0.0,0.0,0.0,0.0,0.0,0.0,0.0,0.0,0.0
92.576,3.0080,19.9677,0.8344,0.0,0.0,0.0,0.0,0.0,0.0,0.0,0.0,0.0,0.0,0.0,0.0,0.0,0.0,0.0
92.626,3.0080,19.9677,0.8344,0.0,0.0,0.0,0.0,0.0,0.0,0.0,0.0,0.0,0.0,0.0,0.0,0.0,0.0,0.0
92.676,3.0080,19.9677,0.8344,0.0,0.0,0.0,0.0,0.0,0.0,0.0,0.0,0.0,0.0,0.0,0.0,0.0,0.0,0.0
92.726,3.0080,19.9677,0.8344,0.0,0.0,0.0,0.0,0.0,0.0,0.0,0.0,0.0,0.0,0.0,0.0,0.0,0.0,0.0
92.776,3.0080,19.9677,0.8344,0.0,0.0,0.0,0.0,0.0,0.0,0.0,0.0,0.0,0.0,0.0,0.0,0.0,0.0,0.0
92.876,3.0080,19.9677,0.8344,0.0,0.0,0.0,0.0,0.0,0.0,0.0,0.0,0.0,0.0,0.0,0.0,0.0,0.0,0.0
92.926,3.0080,19.9677,0.8344,0.0,0.0,0.0,0.0,0.0,0.0,0.0,0.0,0.0,0.0,0.0,0.0,0.0,0.0,0.0
92.976,3.0080,19.9677,0.8344,0.0,0.0,0.0,0.0,0.0,0.0,0.0,0.0,0.0,0.0,0.0,0.0,0.0,0.0,0.0
93.026,3.0080,19.9677,0.8344,0.0,0.0,0.0,0.0,0.0,0.0,0.0,0.0,0.0,0.0,0.0,0.0,0.0,0.0,0.0
93.076,3.0080,19.9677,0.8344,0.0,0.0,0.0,0.0,0.0,0.0,0.0,0.0,0.0,0.0,0.0,0.0,0.0,0.0,0.0
93.126,3.0080,19.9677,0.8344,0.0,0.0,0.0,0.0,0.0,0.0,0.0,0.0,0.0,0.0,0.0,0.0,0.0,0.0,0.0
93.176,3.0080,19.9677,0.8344,0.0,0.0,0.0,0.0,0.0,0.0,0.0,0.0,0.0,0.0,0.0,0.0,0.0,0.0,0.0
93.227,3.0080,19.9677,0.8344,0.0,0.0,0.0,0.0,0.0,0.0,0.0,0.0,0.0,0.0,0.0,0.0,0.0,0.0,0.0
93.276,3.0080,19.9677,0.8344,0.0,0.0,0.0,0.0,0.0,0.0,0.0,0.0,0.0,0.0,0.0,0.0,0.0,0.0,0.0
93.326,3.0080,19.9677,0.8344,0.0,0.0,0.0,0.0,0.0,0.0,0.0,0.0,0.0,0.0,0.0,0.0,0.0,0.0,0.0
93.426,3.0080,19.9677,0.8344,0.0,0.0,0.0,0.0,0.0,0.0,0.0,0.0,0.0,0.0,0.0,0.0,0.0,0.0,0.0
93.476,3.0080,19.9677,0.8344,0.0,0.0,0.0,0.0,0.0,0.0,0.0,0.0,0.0,0.0,0.0,0.0,0.0,0.0,0.0
93.526,3.0080,19.9677,0.8344,0.0,0.0,0.0,0.0,0.0,0.0,0.0,0.0,0.0,0.0,0.0,0.0,0.0,0.0,0.0
93.576,3.0080,19.9677,0.8344,0.0,0.0,0.0,0.0,0.0,0.0,0.0,0.0,0.0,0.0,0.0,0.0,0.0,0.0,0.0
93.626,3.0080,19.9677,0.8344,0.0,0.0,0.0,0.0,0.0,0.0,0.0,0.0,0.0,0.0,0.0,0.0,0.0,0.0,0.0
93.676,3.0080,19.9677,0.8344,0.0,0.0,0.0,0.0,0.0,0.0,0.0,0.0,0.0,0.0,0.0,0.0,0.0,0.0,0.0
93.727,3.0080,19.9677,0.8344,0.0,0.0,0.0,0.0,0.0,0.0,0.0,0.0,0.0,0.0,0.0,0.0,0.0,0.0,0.0
93.776,3.0080,19.9677,0.8344,0.0,0.0,0.0,0.0,0.0,0.0,0.0,0.0,0.0,0.0,0.0,0.0,0.0,0.0,0.0
93.826,3.0080,19.9677,0.8344,0.0,0.0,0.0,0.0,0.0,0.0,0.0,0.0,0.0,0.0,0.0,0.0,0.0,0.0,0.0
93.926,3.0080,19.9677,0.8344,0.0,0.0,0.0,0.0,0.0,0.0,0.0,0.0,0.0,0.0,0.0,0.0,0.0,0.0,0.0
93.977,3.0080,19.9677,0.8344,0.0,0.0,0.0,0.0,0.0,0.0,0.0,0.0,0.0,0.0,0.0,0.0,0.0,0.0,0.0
94.026,3.0080,19.9677,0.8344,0.0,0.0,0.0,0.0,0.0,0.0,0.0,0.0,0.0,0.0,0.0,0.0,0.0,0.0,0.0
94.076,3.0080,19.9677,0.8344,0.0,0.0,0.0,0.0,0.0,0.0,0.0,0.0,0.0,0.0,0.0,0.0,0.0,0.0,0.0
94.126,3.0080,19.9677,0.8344,0.0,0.0,0.0,0.0,0.0,0.0,0.0,0.0,0.0,0.0,0.0,0.0,0.0,0.0,0.0
94.176,3.0080,19.9677,0.8344,0.0,0.0,0.0,0.0,0.0,0.0,0.0,0.0,0.0,0.0,0.0,0.0,0.0,0.0,0.0
94.226,3.0080,19.9677,0.8344,0.0,0.0,0.0,0.0,0.0,0.0,0.0,0.0,0.0,0.0,0.0,0.0,0.0,0.0,0.0
94.276,3.0080,19.9677,0.8344,0.0,0.0,0.0,0.0,0.0,0.0,0.0,0.0,0.0,0.0,0.0,0.0,0.0,0.0,0.0
94.326,3.0080,19.9677,0.8344,0.0,0.0,0.0,0.0,0.0,0.0,0.0,0.0,0.0,0.0,0.0,0.0,0.0,0.0,0.0
94.426,3.0080,19.9677,0.8344,0.0,0.0,0.0,0.0,0.0,0.0,0.0,0.0,0.0,0.0,0.0,0.0,0.0,0.0,0.0
94.476,3.0080,19.9677,0.8344,0.0,0.0,0.0,0.0,0.0,0.0,0.0,0.0,0.0,0.0,0.0,0.0,0.0,0.0,0.0
94.526,3.0080,19.9677,0.8344,0.0,0.0,0.0,0.0,0.0,0.0,0.0,0.0,0.0,0.0,0.0,0.0,0.0,0.0,0.0
94.576,3.0080,19.9677,0.8344,0.0,0.0,0.0,0.0,0.0,0.0,0.0,0.0,0.0,0.0,0.0,0.0,0.0,0.0,0.0
94.626,3.0080,19.9677,0.8344,0.0,0.0,0.0,0.0,0.0,0.0,0.0,0.0,0.0,0.0,0.0,0.0,0.0,0.0,0.0
94.676,3.0080,19.9677,0.8344,0.0,0.0,0.0,0.0,0.0,0.0,0.0,0.0,0.0,0.0,0.0,0.0,0.0,0.0,0.0
94.726,3.0080,19.9677,0.8344,0.0,0.0,0.0,0.0,0.0,0.0,0.0,0.0,0.0,0.0,0.0,0.0,0.0,0.0,0.0
94.776,3.0080,19.9677,0.8344,0.0,0.0,0.0,0.0,0.0,0.0,0.0,0.0,0.0,0.0,0.0,0.0,0.0,0.0,0.0
94.827,3.0080,19.9677,0.8344,0.0,0.0,0.0,0.0,0.0,0.0,0.0,0.0,0.0,0.0,0.0,0.0,0.0,0.0,0.0
94.926,3.0080,19.9677,0.8344,0.0,0.0,0.0,0.0,0.0,0.0,0.0,0.0,0.0,0.0,0.0,0.0,0.0,0.0,0.0
94.976,3.0080,19.9677,0.8344,0.0,0.0,0.0,0.0,0.0,0.0,0.0,0.0,0.0,0.0,0.0,0.0,0.0,0.0,0.0
95.026,3.0080,19.9677,0.8344,0.0,0.0,0.0,0.0,0.0,0.0,0.0,0.0,0.0,0.0,0.0,0.0,0.0,0.0,0.0
95.076,3.0080,19.9677,0.8344,0.0,0.0,0.0,0.0,0.0,0.0,0.0,0.0,0.0,0.0,0.0,0.0,0.0,0.0,0.0
95.126,3.0080,19.9677,0.8344,0.0,0.0,0.0,0.0,0.0,0.0,0.0,0.0,0.0,0.0,0.0,0.0,0.0,0.0,0.0
95.176,3.0080,19.9677,0.8344,0.0,0.0,0.0,0.0,0.0,0.0,0.0,0.0,0.0,0.0,0.0,0.0,0.0,0.0,0.0
95.226,3.0080,19.9677,0.8344,0.0,0.0,0.0,0.0,0.0,0.0,0.0,0.0,0.0,0.0,0.0,0.0,0.0,0.0,0.0
95.276,3.0080,19.9677,0.8344,0.0,0.0,0.0,0.0,0.0,0.0,0.0,0.0,0.0,0.0,0.0,0.0,0.0,0.0,0.0
95.326,3.0080,19.9677,0.8344,0.0,0.0,0.0,0.0,0.0,0.0,0.0,0.0,0.0,0.0,0.0,0.0,0.0,0.0,0.0
95.376,3.0080,19.9677,0.8344,0.0,0.0,0.0,0.0,0.0,0.0,0.0,0.0,0.0,0.0,0.0,0.0,0.0,0.0,0.0
95.526,3.0080,19.9677,0.8344,0.0,0.0,0.0,0.0,0.0,0.0,0.0,0.0,0.0,0.0,0.0,0.0,0.0,0.0,0.0
95.576,3.0080,19.9677,0.8344,0.0,0.0,0.0,0.0,0.0,0.0,0.0,0.0,0.0,0.0,0.0,0.0,0.0,0.0,0.0
95.626,3.0080,19.9677,0.8344,0.0,0.0,0.0,0.0,0.0,0.0,0.0,0.0,0.0,0.0,0.0,0.0,0.0,0.0,0.0
95.726,3.0080,19.9677,0.8344,0.0,0.0,0.0,0.0,0.0,0.0,0.0,0.0,0.0,0.0,0.0,0.0,0.0,0.0,0.0
95.776,3.0080,19.9677,0.8344,0.0,0.0,0.0,0.0,0.0,0.0,0.0,0.0,0.0,0.0,0.0,0.0,0.0,0.0,0.0
