time,x,y,z,tx,ty,tz,p1,p2,p3,p4,p5,p6,m1,m2,m3,m4,m5,m6
0.034,2.0194,21.9799,1.1869,2.0,22.0,1.399999976158142,-0.0069711506,-0.056424327,0.6527733,0.6527733,-0.02425086,0.087646335,-0.0069711506,-0.056424327,0.6527733,0.6527733,-0.02425086,0.087646335
0.090,2.0194,21.9799,1.1869,2.0,22.0,1.399999976158142,-0.0069711506,-0.056424327,0.6527733,0.6527733,-0.02425086,0.087646335,-0.0069711506,-0.056424327,0.6527733,0.6527733,-0.02425086,0.087646335
0.144,2.0194,21.9799,1.1869,2.0,22.0,1.399999976158142,-0.0069711506,-0.056424327,0.6527733,0.6527733,-0.02425086,0.087646335,-0.0069711506,-0.056424327,0.6527733,0.6527733,-0.02425086,0.087646335
0.178,2.0194,21.9799,1.1869,2.0,22.0,1.399999976158142,-0.0069711506,-0.056424327,0.6527733,0.6527733,-0.02425086,0.087646335,-0.0069711506,-0.056424327,0.6527733,0.6527733,-0.02425086,0.087646335
0.232,2.0194,21.9799,1.1869,2.0,22.0,1.399999976158142,-0.0069711506,-0.056424327,0.6527733,0.6527733,-0.02425086,0.087646335,-0.0069711506,-0.056424327,0.6527733,0.6527733,-0.02425086,0.087646335
0.286,2.0194,21.9799,1.1869,2.0,22.0,1.399999976158142,-0.0069711506,-0.056424327,0.6527733,0.6527733,-0.02425086,0.087646335,-0.0069711506,-0.056424327,0.6527733,0.6527733,-0.02425086,0.087646335
0.335,2.0194,21.9799,1.1869,2.0,22.0,1.399999976158142,-0.0069711506,-0.056424327,0.6527733,0.6527733,-0.02425086,0.087646335,-0.0069711506,-0.056424327,0.6527733,0.6527733,-0.02425086,0.087646335
0.379,2.0194,21.9799,1.1869,2.0,22.0,1.399999976158142,-0.0069711506,-0.056424327,0.6527733,0.6527733,-0.02425086,0.087646335,-0.0069711506,-0.056424327,0.6527733,0.6527733,-0.02425086,0.087646335
0.433,2.0194,21.9799,1.1869,2.0,22.0,1.399999976158142,-0.0069711506,-0.056424327,0.6527733,0.6527733,-0.02425086,0.087646335,-0.0069711506,-0.056424327,0.6527733,0.6527733,-0.02425086,0.087646335
0.487,2.0194,21.9799,1.1869,2.0,22.0,1.399999976158142,-0.0069711506,-0.056424327,0.6527733,0.6527733,-0.02425086,0.087646335,-0.0069711506,-0.056424327,0.6527733,0.6527733,-0.02425086,0.087646335
0.531,2.0194,21.9799,1.1869,2.0,22.0,1.399999976158142,-0.0069711506,-0.056424327,0.6527733,0.6527733,-0.02425086,0.087646335,-0.0069711506,-0.056424327,0.6527733,0.6527733,-0.02425086,0.087646335
0.586,2.0194,21.9799,1.1869,2.0,22.0,1.399999976158142,-0.0069711506,-0.056424327,0.6527733,0.6527733,-0.02425086,0.087646335,-0.0069711506,-0.056424327,0.6527733,0.6527733,-0.02425086,0.087646335
0.631,2.0194,21.9799,1.1869,2.0,22.0,1.399999976158142,-0.0069711506,-0.056424327,0.6527733,0.6527733,-0.02425086,0.087646335,-0.0069711506,-0.056424327,0.6527733,0.6527733,-0.02425086,0.087646335
0.684,2.0194,21.9799,1.1869,2.0,22.0,1.399999976158142,-0.0069711506,-0.056424327,0.6527733,0.6527733,-0.02425086,0.087646335,-0.0069711506,-0.056424327,0.6527733,0.6527733,-0.02425086,0.087646335
0.738,2.0194,21.9799,1.1869,2.0,22.0,1.399999976158142,-0.0069711506,-0.056424327,0.6527733,0.6527733,-0.02425086,0.087646335,-0.0069711506,-0.056424327,0.6527733,0.6527733,-0.02425086,0.087646335
0.782,2.0194,21.9799,1.1869,2.0,22.0,1.399999976158142,-0.0069711506,-0.056424327,0.6527733,0.6527733,-0.02425086,0.087646335,-0.0069711506,-0.056424327,0.6527733,0.6527733,-0.02425086,0.087646335
0.835,2.0194,21.9799,1.1869,2.0,22.0,1.399999976158142,-0.0069711506,-0.056424327,0.6527733,0.6527733,-0.02425086,0.087646335,-0.0069711506,-0.056424327,0.6527733,0.6527733,-0.02425086,0.087646335
0.884,2.0194,21.9799,1.1869,2.0,22.0,1.399999976158142,-0.0069711506,-0.056424327,0.6527733,0.6527733,-0.02425086,0.087646335,-0.0069711506,-0.056424327,0.6527733,0.6527733,-0.02425086,0.087646335
0.937,2.0194,21.9799,1.1869,2.0,22.0,1.399999976158142,-0.0069711506,-0.056424327,0.6527733,0.6527733,-0.02425086,0.087646335,-0.0069711506,-0.056424327,0.6527733,0.6527733,-0.02425086,0.087646335
0.989,2.0194,21.9799,1.1869,2.0,22.0,1.399999976158142,-0.0069711506,-0.056424327,0.6527733,0.6527733,-0.02425086,0.087646335,-0.0069711506,-0.056424327,0.6527733,0.6527733,-0.02425086,0.087646335
1.043,2.0194,21.9799,1.1869,2.0,22.0,1.399999976158142,-0.0069711506,-0.056424327,0.6527733,0.6527733,-0.02425086,0.087646335,-0.0069711506,-0.056424327,0.6527733,0.6527733,-0.02425086,0.087646335
1.076,2.0194,21.9799,1.1869,2.0,22.0,1.399999976158142,-0.0069711506,-0.056424327,0.6527733,0.6527733,-0.02425086,0.087646335,-0.0069711506,-0.056424327,0.6527733,0.6527733,-0.02425086,0.087646335
1.129,2.0194,21.9799,1.1869,2.0,22.0,1.399999976158142,-0.0069711506,-0.056424327,0.6527733,0.6527733,-0.02425086,0.087646335,-0.0069711506,-0.056424327,0.6527733,0.6527733,-0.02425086,0.087646335
1.182,2.0194,21.9799,1.1869,2.0,22.0,1.399999976158142,-0.0069711506,-0.056424327,0.6527733,0.6527733,-0.02425086,0.087646335,-0.0069711506,-0.056424327,0.6527733,0.6527733,-0.02425086,0.087646335
1.226,2.0194,21.9799,1.1869,2.0,22.0,1.399999976158142,-0.0069711506,-0.056424327,0.6527733,0.6527733,-0.02425086,0.087646335,-0.0069711506,-0.056424327,0.6527733,0.6527733,-0.02425086,0.087646335
1.278,2.0194,21.9799,1.1869,2.0,22.0,1.399999976158142,-0.0069711506,-0.056424327,0.6527733,0.6527733,-0.02425086,0.087646335,-0.0069711506,-0.056424327,0.6527733,0.6527733,-0.02425086,0.087646335
1.332,2.0194,21.9799,1.1869,2.0,22.0,1.399999976158142,-0.0069711506,-0.056424327,0.6527733,0.6527733,-0.02425086,0.087646335,-0.0069711506,-0.056424327,0.6527733,0.6527733,-0.02425086,0.087646335
1.408,2.0194,21.9799,1.1869,2.0,22.0,1.399999976158142,-0.0069711506,-0.056424327,0.6527733,0.6527733,-0.02425086,0.087646335,-0.0069711506,-0.056424327,0.6527733,0.6527733,-0.02425086,0.087646335
1.430,2.0194,21.9799,1.1869,2.0,22.0,1.399999976158142,-0.0069711506,-0.056424327,0.6527733,0.6527733,-0.02425086,0.087646335,-0.0069711506,-0.056424327,0.6527733,0.6527733,-0.02425086,0.087646335
1.483,2.0194,21.9799,1.1869,2.0,22.0,1.399999976158142,-0.0069711506,-0.056424327,0.6527733,0.6527733,-0.02425086,0.087646335,-0.0069711506,-0.056424327,0.6527733,0.6527733,-0.02425086,0.087646335
1.535,2.0194,21.9799,1.1869,2.0,22.0,1.399999976158142,-0.0069711506,-0.056424327,0.6527733,0.6527733,-0.02425086,0.087646335,-0.0069711506,-0.056424327,0.6527733,0.6527733,-0.02425086,0.087646335
1.582,0.0000,0.0000,0.0000,0.0,0.0,0.0,0.0,0.0,0.0,0.0,0.0,0.0,0.0,0.0,0.0,0.0,0.0,0.0
1.633,0.0000,0.0000,0.0000,0.0,0.0,0.0,0.0,0.0,0.0,0.0,0.0,0.0,0.0,0.0,0.0,0.0,0.0,0.0
1.683,0.0000,0.0000,0.0000,0.0,0.0,0.0,0.0,0.0,0.0,0.0,0.0,0.0,0.0,0.0,0.0,0.0,0.0,0.0
1.733,0.0000,0.0000,0.0000,0.0,0.0,0.0,0.0,0.0,0.0,0.0,0.0,0.0,0.0,0.0,0.0,0.0,0.0,0.0
1.783,0.0000,0.0000,0.0000,0.0,0.0,0.0,0.0,0.0,0.0,0.0,0.0,0.0,0.0,0.0,0.0,0.0,0.0,0.0
1.833,0.0000,0.0000,0.0000,0.0,0.0,0.0,0.0,0.0,0.0,0.0,0.0,0.0,0.0,0.0,0.0,0.0,0.0,0.0
1.883,0.0000,0.0000,0.0000,0.0,0.0,0.0,0.0,0.0,0.0,0.0,0.0,0.0,0.0,0.0,0.0,0.0,0.0,0.0
1.933,0.0000,0.0000,0.0000,0.0,0.0,0.0,0.0,0.0,0.0,0.0,0.0,0.0,0.0,0.0,0.0,0.0,0.0,0.0
1.983,0.0000,0.0000,0.0000,0.0,0.0,0.0,0.0,0.0,0.0,0.0,0.0,0.0,0.0,0.0,0.0,0.0,0.0,0.0
2.033,0.0000,0.0000,0.0000,0.0,0.0,0.0,0.0,0.0,0.0,0.0,0.0,0.0,0.0,0.0,0.0,0.0,0.0,0.0
2.083,0.0000,0.0000,0.0000,0.0,0.0,0.0,0.0,0.0,0.0,0.0,0.0,0.0,0.0,0.0,0.0,0.0,0.0,0.0
2.133,0.0000,0.0000,0.0000,0.0,0.0,0.0,0.0,0.0,0.0,0.0,0.0,0.0,0.0,0.0,0.0,0.0,0.0,0.0
2.183,0.0000,0.0000,0.0000,0.0,0.0,0.0,0.0,0.0,0.0,0.0,0.0,0.0,0.0,0.0,0.0,0.0,0.0,0.0
2.233,0.0000,0.0000,0.0000,0.0,0.0,0.0,0.0,0.0,0.0,0.0,0.0,0.0,0.0,0.0,0.0,0.0,0.0,0.0
2.283,0.0000,0.0000,0.0000,0.0,0.0,0.0,0.0,0.0,0.0,0.0,0.0,0.0,0.0,0.0,0.0,0.0,0.0,0.0
2.333,0.0000,0.0000,0.0000,0.0,0.0,0.0,0.0,0.0,0.0,0.0,0.0,0.0,0.0,0.0,0.0,0.0,0.0,0.0
2.383,0.0000,0.0000,0.0000,0.0,0.0,0.0,0.0,0.0,0.0,0.0,0.0,0.0,0.0,0.0,0.0,0.0,0.0,0.0
2.433,0.0000,0.0000,0.0000,0.0,0.0,0.0,0.0,0.0,0.0,0.0,0.0,0.0,0.0,0.0,0.0,0.0,0.0,0.0
2.483,0.0000,0.0000,0.0000,0.0,0.0,0.0,0.0,0.0,0.0,0.0,0.0,0.0,0.0,0.0,0.0,0.0,0.0,0.0
2.533,0.0000,0.0000,0.0000,0.0,0.0,0.0,0.0,0.0,0.0,0.0,0.0,0.0,0.0,0.0,0.0,0.0,0.0,0.0
2.583,0.0000,0.0000,0.0000,0.0,0.0,0.0,0.0,0.0,0.0,0.0,0.0,0.0,0.0,0.0,0.0,0.0,0.0,0.0
2.633,0.0000,0.0000,0.0000,0.0,0.0,0.0,0.0,0.0,0.0,0.0,0.0,0.0,0.0,0.0,0.0,0.0,0.0,0.0
2.683,0.0000,0.0000,0.0000,0.0,0.0,0.0,0.0,0.0,0.0,0.0,0.0,0.0,0.0,0.0,0.0,0.0,0.0,0.0
2.733,0.0000,0.0000,0.0000,0.0,0.0,0.0,0.0,0.0,0.0,0.0,0.0,0.0,0.0,0.0,0.0,0.0,0.0,0.0
2.783,0.0000,0.0000,0.0000,0.0,0.0,0.0,0.0,0.0,0.0,0.0,0.0,0.0,0.0,0.0,0.0,0.0,0.0,0.0
2.833,0.0000,0.0000,0.0000,0.0,0.0,0.0,0.0,0.0,0.0,0.0,0.0,0.0,0.0,0.0,0.0,0.0,0.0,0.0
2.883,0.0000,0.0000,0.0000,0.0,0.0,0.0,0.0,0.0,0.0,0.0,0.0,0.0,0.0,0.0,0.0,0.0,0.0,0.0
2.933,0.0000,0.0000,0.0000,0.0,0.0,0.0,0.0,0.0,0.0,0.0,0.0,0.0,0.0,0.0,0.0,0.0,0.0,0.0
2.983,-0.0000,0.7000,0.4995,0.0,0.0,0.0,0.0,0.0,0.0,0.0,0.0,0.0,0.0,0.0,0.0,0.0,0.0,0.0
3.033,-0.0000,0.7000,0.4991,0.0,0.0,0.0,0.0,0.0,0.0,0.0,0.0,0.0,0.0,0.0,0.0,0.0,0.0,0.0
3.083,-0.0000,0.6999,0.4975,0.0,0.0,0.0,0.0,0.0,0.0,0.0,0.0,0.0,0.0,0.0,0.0,0.0,0.0,0.0
3.133,-0.0000,0.6999,0.4966,0.0,0.0,0.0,0.0,0.0,0.0,0.0,0.0,0.0,0.0,0.0,0.0,0.0,0.0,0.0
3.183,-0.0000,0.6998,0.4939,0.0,0.0,0.0,0.0,0.0,0.0,0.0,0.0,0.0,0.0,0.0,0.0,0.0,0.0,0.0
3.233,-0.0000,0.6998,0.4926,0.0,0.0,0.0,0.0,0.0,0.0,0.0,0.0,0.0,0.0,0.0,0.0,0.0,0.0,0.0
3.283,-0.0000,0.6997,0.4890,0.0,0.0,0.0,0.0,0.0,0.0,0.0,0.0,0.0,0.0,0.0,0.0,0.0,0.0,0.0
3.334,-0.0000,0.6997,0.4873,0.0,0.0,0.0,0.0,0.0,0.0,0.0,0.0,0.0,0.0,0.0,0.0,0.0,0.0,0.0
3.383,-0.0000,0.6996,0.4829,0.0,0.0,0.0,0.0,0.0,0.0,0.0,0.0,0.0,0.0,0.0,0.0,0.0,0.0,0.0
3.433,-0.0000,0.6996,0.4808,0.0,0.0,0.0,0.0,0.0,0.0,0.0,0.0,0.0,0.0,0.0,0.0,0.0,0.0,0.0
3.484,-0.0000,0.6996,0.4756,0.0,0.0,0.0,0.0,0.0,0.0,0.0,0.0,0.0,0.0,0.0,0.0,0.0,0.0,0.0
3.533,-0.0000,0.6996,0.4732,0.0,0.0,0.0,0.0,0.0,0.0,0.0,0.0,0.0,0.0,0.0,0.0,0.0,0.0,0.0
3.583,-0.0000,0.6996,0.4672,0.0,0.0,0.0,0.0,0.0,0.0,0.0,0.0,0.0,0.0,0.0,0.0,0.0,0.0,0.0
3.633,-0.0000,0.6996,0.4645,0.0,0.0,0.0,0.0,0.0,0.0,0.0,0.0,0.0,0.0,0.0,0.0,0.0,0.0,0.0
3.683,-0.0000,0.6996,0.4579,0.0,0.0,0.0,0.0,0.0,0.0,0.0,0.0,0.0,0.0,0.0,0.0,0.0,0.0,0.0
3.733,-0.0000,0.6996,0.4549,0.0,0.0,0.0,0.0,0.0,0.0,0.0,0.0,0.0,0.0,0.0,0.0,0.0,0.0,0.0
3.784,-0.0000,0.6997,0.4477,0.0,0.0,0.0,0.0,0.0,0.0,0.0,0.0,0.0,0.0,0.0,0.0,0.0,0.0,0.0
3.833,-0.0000,0.6997,0.4445,0.0,0.0,0.0,0.0,0.0,0.0,0.0,0.0,0.0,0.0,0.0,0.0,0.0,0.0,0.0
3.883,-0.0000,0.6998,0.4367,0.0,0.0,0.0,0.0,0.0,0.0,0.0,0.0,0.0,0.0,0.0,0.0,0.0,0.0,0.0
3.933,-0.0000,0.6998,0.4332,0.0,0.0,0.0,0.0,0.0,0.0,0.0,0.0,0.0,0.0,0.0,0.0,0.0,0.0,0.0
3.983,-0.0000,0.6999,0.4249,0.0,0.0,0.0,0.0,0.0,0.0,0.0,0.0,0.0,0.0,0.0,0.0,0.0,0.0,0.0
4.033,-0.0000,0.6999,0.4213,0.0,0.0,0.0,0.0,0.0,0.0,0.0,0.0,0.0,0.0,0.0,0.0,0.0,0.0,0.0
4.083,-0.0000,0.7000,0.4125,0.0,0.0,0.0,0.0,0.0,0.0,0.0,0.0,0.0,0.0,0.0,0.0,0.0,0.0,0.0
4.133,-0.0000,0.7000,0.4086,0.0,0.0,0.0,0.0,0.0,0.0,0.0,0.0,0.0,0.0,0.0,0.0,0.0,0.0,0.0
4.184,-0.0000,0.7001,0.3994,0.0,0.0,0.0,0.0,0.0,0.0,0.0,0.0,0.0,0.0,0.0,0.0,0.0,0.0,0.0
4.233,-0.0000,0.7002,0.3954,0.0,0.0,0.0,0.0,0.0,0.0,0.0,0.0,0.0,0.0,0.0,0.0,0.0,0.0,0.0
4.283,-0.0000,0.7003,0.3858,0.0,0.0,0.0,0.0,0.0,0.0,0.0,0.0,0.0,0.0,0.0,0.0,0.0,0.0,0.0
4.333,0.0000,0.7003,0.3816,0.0,0.0,0.0,0.0,0.0,0.0,0.0,0.0,0.0,0.0,0.0,0.0,0.0,0.0,0.0
4.384,0.0000,0.7004,0.3717,0.0,0.0,0.0,0.0,0.0,0.0,0.0,0.0,0.0,0.0,0.0,0.0,0.0,0.0,0.0
4.433,0.0000,0.7004,0.3673,0.0,0.0,0.0,0.0,0.0,0.0,0.0,0.0,0.0,0.0,0.0,0.0,0.0,0.0,0.0
4.483,0.0000,0.7005,0.3571,0.0,0.0,0.0,0.0,0.0,0.0,0.0,0.0,0.0,0.0,0.0,0.0,0.0,0.0,0.0
4.533,0.0000,0.7005,0.3526,0.0,0.0,0.0,0.0,0.0,0.0,0.0,0.0,0.0,0.0,0.0,0.0,0.0,0.0,0.0
4.583,0.0000,0.7006,0.3420,0.0,0.0,0.0,0.0,0.0,0.0,0.0,0.0,0.0,0.0,0.0,0.0,0.0,0.0,0.0
4.633,0.0000,0.7006,0.3374,0.0,0.0,0.0,0.0,0.0,0.0,0.0,0.0,0.0,0.0,0.0,0.0,0.0,0.0,0.0
4.683,0.0000,0.7006,0.3266,0.0,0.0,0.0,0.0,0.0,0.0,0.0,0.0,0.0,0.0,0.0,0.0,0.0,0.0,0.0
4.733,0.0000,0.7006,0.3219,0.0,0.0,0.0,0.0,0.0,0.0,0.0,0.0,0.0,0.0,0.0,0.0,0.0,0.0,0.0
4.783,0.0000,0.7006,0.3108,0.0,0.0,0.0,0.0,0.0,0.0,0.0,0.0,0.0,0.0,0.0,0.0,0.0,0.0,0.0
4.833,0.0000,0.7006,0.3059,0.0,0.0,0.0,0.0,0.0,0.0,0.0,0.0,0.0,0.0,0.0,0.0,0.0,0.0,0.0
4.883,0.0000,0.7006,0.2946,0.0,0.0,0.0,0.0,0.0,0.0,0.0,0.0,0.0,0.0,0.0,0.0,0.0,0.0,0.0
4.933,0.0000,0.7006,0.2897,0.0,0.0,0.0,0.0,0.0,0.0,0.0,0.0,0.0,0.0,0.0,0.0,0.0,0.0,0.0
4.983,0.0000,0.7005,0.2781,0.0,0.0,0.0,0.0,0.0,0.0,0.0,0.0,0.0,0.0,0.0,0.0,0.0,0.0,0.0
5.033,0.0000,0.7005,0.2731,0.0,0.0,0.0,0.0,0.0,0.0,0.0,0.0,0.0,0.0,0.0,0.0,0.0,0.0,0.0
5.083,0.0000,0.7004,0.2613,0.0,0.0,0.0,0.0,0.0,0.0,0.0,0.0,0.0,0.0,0.0,0.0,0.0,0.0,0.0
5.133,0.0000,0.7004,0.2562,0.0,0.0,0.0,0.0,0.0,0.0,0.0,0.0,0.0,0.0,0.0,0.0,0.0,0.0,0.0
5.183,0.0000,0.7002,0.2442,0.0,0.0,0.0,0.0,0.0,0.0,0.0,0.0,0.0,0.0,0.0,0.0,0.0,0.0,0.0
5.233,0.0000,0.7002,0.2391,0.0,0.0,0.0,0.0,0.0,0.0,0.0,0.0,0.0,0.0,0.0,0.0,0.0,0.0,0.0
5.283,0.0000,0.7000,0.2269,0.0,0.0,0.0,0.0,0.0,0.0,0.0,0.0,0.0,0.0,0.0,0.0,0.0,0.0,0.0
5.333,0.0000,0.7000,0.2217,0.0,0.0,0.0,0.0,0.0,0.0,0.0,0.0,0.0,0.0,0.0,0.0,0.0,0.0,0.0
5.383,0.0000,0.6998,0.2096,0.0,0.0,0.0,0.0,0.0,0.0,0.0,0.0,0.0,0.0,0.0,0.0,0.0,0.0,0.0
5.433,0.0000,0.6998,0.2046,0.0,0.0,0.0,0.0,0.0,0.0,0.0,0.0,0.0,0.0,0.0,0.0,0.0,0.0,0.0
5.484,0.0000,0.6997,0.1935,0.0,0.0,0.0,0.0,0.0,0.0,0.0,0.0,0.0,0.0,0.0,0.0,0.0,0.0,0.0
5.533,0.0000,0.6996,0.1891,0.0,0.0,0.0,0.0,0.0,0.0,0.0,0.0,0.0,0.0,0.0,0.0,0.0,0.0,0.0
5.583,0.0000,0.6996,0.1801,0.0,0.0,0.0,0.0,0.0,0.0,0.0,0.0,0.0,0.0,0.0,0.0,0.0,0.0,0.0
5.633,0.0000,0.6995,0.1768,0.0,0.0,0.0,0.0,0.0,0.0,0.0,0.0,0.0,0.0,0.0,0.0,0.0,0.0,0.0
5.683,0.0000,0.6995,0.1706,0.0,0.0,0.0,0.0,0.0,0.0,0.0,0.0,0.0,0.0,0.0,0.0,0.0,0.0,0.0
5.733,0.0000,0.6995,0.1687,0.0,0.0,0.0,0.0,0.0,0.0,0.0,0.0,0.0,0.0,0.0,0.0,0.0,0.0,0.0
5.791,0.0000,0.6995,0.1661,0.0,0.0,0.0,0.0,0.0,0.0,0.0,0.0,0.0,0.0,0.0,0.0,0.0,0.0,0.0
5.834,0.0000,0.6995,0.1657,0.0,0.0,0.0,0.0,0.0,0.0,0.0,0.0,0.0,0.0,0.0,0.0,0.0,0.0,0.0
5.884,0.0000,0.6994,0.1668,0.0,0.0,0.0,0.0,0.0,0.0,0.0,0.0,0.0,0.0,0.0,0.0,0.0,0.0,0.0
5.935,0.0000,0.6994,0.1680,0.0,0.0,0.0,0.0,0.0,0.0,0.0,0.0,0.0,0.0,0.0,0.0,0.0,0.0,0.0
5.990,0.0001,0.6994,0.1724,0.0,0.0,0.0,0.0,0.0,0.0,0.0,0.0,0.0,0.0,0.0,0.0,0.0,0.0,0.0
6.041,0.0001,0.6994,0.1749,0.0,0.0,0.0,0.0,0.0,0.0,0.0,0.0,0.0,0.0,0.0,0.0,0.0,0.0,0.0
6.084,0.0001,0.6993,0.1820,0.0,0.0,0.0,0.0,0.0,0.0,0.0,0.0,0.0,0.0,0.0,0.0,0.0,0.0,0.0
6.135,0.0001,0.6993,0.1854,0.0,0.0,0.0,0.0,0.0,0.0,0.0,0.0,0.0,0.0,0.0,0.0,0.0,0.0,0.0
6.184,0.0001,0.6991,0.1941,0.0,0.0,0.0,0.0,0.0,0.0,0.0,0.0,0.0,0.0,0.0,0.0,0.0,0.0,0.0
6.235,0.0001,0.6991,0.1980,0.0,0.0,0.0,0.0,0.0,0.0,0.0,0.0,0.0,0.0,0.0,0.0,0.0,0.0,0.0
6.285,0.0001,0.6989,0.2071,0.0,0.0,0.0,0.0,0.0,0.0,0.0,0.0,0.0,0.0,0.0,0.0,0.0,0.0,0.0
6.334,0.0001,0.6988,0.2110,0.0,0.0,0.0,0.0,0.0,0.0,0.0,0.0,0.0,0.0,0.0,0.0,0.0,0.0,0.0
6.384,0.0001,0.6986,0.2196,0.0,0.0,0.0,0.0,0.0,0.0,0.0,0.0,0.0,0.0,0.0,0.0,0.0,0.0,0.0
6.435,0.0001,0.6984,0.2230,0.0,0.0,0.0,0.0,0.0,0.0,0.0,0.0,0.0,0.0,0.0,0.0,0.0,0.0,0.0
6.485,0.0000,0.6982,0.2303,0.0,0.0,0.0,0.0,0.0,0.0,0.0,0.0,0.0,0.0,0.0,0.0,0.0,0.0,0.0
6.535,0.0000,0.6980,0.2331,0.0,0.0,0.0,0.0,0.0,0.0,0.0,0.0,0.0,0.0,0.0,0.0,0.0,0.0,0.0
6.585,0.0000,0.6977,0.2389,0.0,0.0,0.0,0.0,0.0,0.0,0.0,0.0,0.0,0.0,0.0,0.0,0.0,0.0,0.0
6.634,0.0000,0.6976,0.2410,0.0,0.0,0.0,0.0,0.0,0.0,0.0,0.0,0.0,0.0,0.0,0.0,0.0,0.0,0.0
6.685,0.0000,0.6973,0.2451,0.0,0.0,0.0,0.0,0.0,0.0,0.0,0.0,0.0,0.0,0.0,0.0,0.0,0.0,0.0
6.741,0.0000,0.6972,0.2466,0.0,0.0,0.0,0.0,0.0,0.0,0.0,0.0,0.0,0.0,0.0,0.0,0.0,0.0,0.0
6.785,0.0000,0.6970,0.2494,0.0,0.0,0.0,0.0,0.0,0.0,0.0,0.0,0.0,0.0,0.0,0.0,0.0,0.0,0.0
6.836,0.0000,0.6969,0.2503,0.0,0.0,0.0,0.0,0.0,0.0,0.0,0.0,0.0,0.0,0.0,0.0,0.0,0.0,0.0
6.885,0.0000,0.6968,0.2518,0.0,0.0,0.0,0.0,0.0,0.0,0.0,0.0,0.0,0.0,0.0,0.0,0.0,0.0,0.0
6.935,0.0000,0.6967,0.2521,0.0,0.0,0.0,0.0,0.0,0.0,0.0,0.0,0.0,0.0,0.0,0.0,0.0,0.0,0.0
6.985,0.0000,0.6966,0.2524,0.0,0.0,0.0,0.0,0.0,0.0,0.0,0.0,0.0,0.0,0.0,0.0,0.0,0.0,0.0
7.036,0.0000,0.6966,0.2523,0.0,0.0,0.0,0.0,0.0,0.0,0.0,0.0,0.0,0.0,0.0,0.0,0.0,0.0,0.0
7.085,0.0000,0.6966,0.2515,0.0,0.0,0.0,0.0,0.0,0.0,0.0,0.0,0.0,0.0,0.0,0.0,0.0,0.0,0.0
7.136,0.0000,0.6965,0.2510,0.0,0.0,0.0,0.0,0.0,0.0,0.0,0.0,0.0,0.0,0.0,0.0,0.0,0.0,0.0
7.186,0.0000,0.6966,0.2492,0.0,0.0,0.0,0.0,0.0,0.0,0.0,0.0,0.0,0.0,0.0,0.0,0.0,0.0,0.0
7.241,0.0000,0.6966,0.2482,0.0,0.0,0.0,0.0,0.0,0.0,0.0,0.0,0.0,0.0,0.0,0.0,0.0,0.0,0.0
7.275,0.0000,0.6966,0.2454,0.0,0.0,0.0,0.0,0.0,0.0,0.0,0.0,0.0,0.0,0.0,0.0,0.0,0.0,0.0
7.325,0.0000,0.6966,0.2440,0.0,0.0,0.0,0.0,0.0,0.0,0.0,0.0,0.0,0.0,0.0,0.0,0.0,0.0,0.0
7.381,0.0000,0.6967,0.2404,0.0,0.0,0.0,0.0,0.0,0.0,0.0,0.0,0.0,0.0,0.0,0.0,0.0,0.0,0.0
7.431,0.0000,0.6968,0.2361,0.0,0.0,0.0,0.0,0.0,0.0,0.0,0.0,0.0,0.0,0.0,0.0,0.0,0.0,0.0
7.480,0.0000,0.6969,0.2342,0.0,0.0,0.0,0.0,0.0,0.0,0.0,0.0,0.0,0.0,0.0,0.0,0.0,0.0,0.0
7.530,0.0000,0.6969,0.2321,0.0,0.0,0.0,0.0,0.0,0.0,0.0,0.0,0.0,0.0,0.0,0.0,0.0,0.0,0.0
7.580,0.0000,0.6971,0.2271,0.0,0.0,0.0,0.0,0.0,0.0,0.0,0.0,0.0,0.0,0.0,0.0,0.0,0.0,0.0
7.631,0.0001,0.6971,0.2248,0.0,0.0,0.0,0.0,0.0,0.0,0.0,0.0,0.0,0.0,0.0,0.0,0.0,0.0,0.0
7.686,0.0001,0.6973,0.2193,0.0,0.0,0.0,0.0,0.0,0.0,0.0,0.0,0.0,0.0,0.0,0.0,0.0,0.0,0.0
7.725,0.0001,0.6974,0.2170,0.0,0.0,0.0,0.0,0.0,0.0,0.0,0.0,0.0,0.0,0.0,0.0,0.0,0.0,0.0
7.781,0.0001,0.6976,0.2114,0.0,0.0,0.0,0.0,0.0,0.0,0.0,0.0,0.0,0.0,0.0,0.0,0.0,0.0,0.0
7.831,0.0001,0.6977,0.2091,0.0,0.0,0.0,0.0,0.0,0.0,0.0,0.0,0.0,0.0,0.0,0.0,0.0,0.0,0.0
7.880,0.0001,0.6979,0.2039,0.0,0.0,0.0,0.0,0.0,0.0,0.0,0.0,0.0,0.0,0.0,0.0,0.0,0.0,0.0
7.930,0.0001,0.6980,0.2019,0.0,0.0,0.0,0.0,0.0,0.0,0.0,0.0,0.0,0.0,0.0,0.0,0.0,0.0,0.0
7.980,0.0001,0.6982,0.1975,0.0,0.0,0.0,0.0,0.0,0.0,0.0,0.0,0.0,0.0,0.0,0.0,0.0,0.0,0.0
8.030,0.0001,0.6983,0.1959,0.0,0.0,0.0,0.0,0.0,0.0,0.0,0.0,0.0,0.0,0.0,0.0,0.0,0.0,0.0
8.080,0.0001,0.6986,0.1927,0.0,0.0,0.0,0.0,0.0,0.0,0.0,0.0,0.0,0.0,0.0,0.0,0.0,0.0,0.0
8.130,0.0001,0.6986,0.1917,0.0,0.0,0.0,0.0,0.0,0.0,0.0,0.0,0.0,0.0,0.0,0.0,0.0,0.0,0.0
8.180,0.0001,0.6989,0.1900,0.0,0.0,0.0,0.0,0.0,0.0,0.0,0.0,0.0,0.0,0.0,0.0,0.0,0.0,0.0
8.231,0.0001,0.6990,0.1896,0.0,0.0,0.0,0.0,0.0,0.0,0.0,0.0,0.0,0.0,0.0,0.0,0.0,0.0,0.0
8.280,0.0001,0.6991,0.1895,0.0,0.0,0.0,0.0,0.0,0.0,0.0,0.0,0.0,0.0,0.0,0.0,0.0,0.0,0.0
8.330,0.0001,0.6992,0.1897,0.0,0.0,0.0,0.0,0.0,0.0,0.0,0.0,0.0,0.0,0.0,0.0,0.0,0.0,0.0
8.380,0.0001,0.6993,0.1911,0.0,0.0,0.0,0.0,0.0,0.0,0.0,0.0,0.0,0.0,0.0,0.0,0.0,0.0,0.0
8.431,0.0001,0.6994,0.1920,0.0,0.0,0.0,0.0,0.0,0.0,0.0,0.0,0.0,0.0,0.0,0.0,0.0,0.0,0.0
8.481,0.0001,0.6994,0.1946,0.0,0.0,0.0,0.0,0.0,0.0,0.0,0.0,0.0,0.0,0.0,0.0,0.0,0.0,0.0
8.531,0.0001,0.6994,0.1959,0.0,0.0,0.0,0.0,0.0,0.0,0.0,0.0,0.0,0.0,0.0,0.0,0.0,0.0,0.0
8.581,0.0001,0.6994,0.1994,0.0,0.0,0.0,0.0,0.0,0.0,0.0,0.0,0.0,0.0,0.0,0.0,0.0,0.0,0.0
8.631,0.0001,0.6994,0.2010,0.0,0.0,0.0,0.0,0.0,0.0,0.0,0.0,0.0,0.0,0.0,0.0,0.0,0.0,0.0
8.681,0.0001,0.6993,0.2050,0.0,0.0,0.0,0.0,0.0,0.0,0.0,0.0,0.0,0.0,0.0,0.0,0.0,0.0,0.0
8.731,0.0001,0.6993,0.2067,0.0,0.0,0.0,0.0,0.0,0.0,0.0,0.0,0.0,0.0,0.0,0.0,0.0,0.0,0.0
8.780,0.0001,0.6991,0.2106,0.0,0.0,0.0,0.0,0.0,0.0,0.0,0.0,0.0,0.0,0.0,0.0,0.0,0.0,0.0
8.831,0.0001,0.6991,0.2123,0.0,0.0,0.0,0.0,0.0,0.0,0.0,0.0,0.0,0.0,0.0,0.0,0.0,0.0,0.0
8.881,0.0001,0.6989,0.2159,0.0,0.0,0.0,0.0,0.0,0.0,0.0,0.0,0.0,0.0,0.0,0.0,0.0,0.0,0.0
8.931,0.0001,0.6988,0.2173,0.0,0.0,0.0,0.0,0.0,0.0,0.0,0.0,0.0,0.0,0.0,0.0,0.0,0.0,0.0
8.981,0.0001,0.6986,0.2202,0.0,0.0,0.0,0.0,0.0,0.0,0.0,0.0,0.0,0.0,0.0,0.0,0.0,0.0,0.0
9.030,0.0001,0.6985,0.2212,0.0,0.0,0.0,0.0,0.0,0.0,0.0,0.0,0.0,0.0,0.0,0.0,0.0,0.0,0.0
9.081,0.0001,0.6983,0.2233,0.0,0.0,0.0,0.0,0.0,0.0,0.0,0.0,0.0,0.0,0.0,0.0,0.0,0.0,0.0
9.131,0.0001,0.6982,0.2240,0.0,0.0,0.0,0.0,0.0,0.0,0.0,0.0,0.0,0.0,0.0,0.0,0.0,0.0,0.0
9.181,0.0001,0.6980,0.2251,0.0,0.0,0.0,0.0,0.0,0.0,0.0,0.0,0.0,0.0,0.0,0.0,0.0,0.0,0.0
9.231,0.0001,0.6979,0.2254,0.0,0.0,0.0,0.0,0.0,0.0,0.0,0.0,0.0,0.0,0.0,0.0,0.0,0.0,0.0
9.281,0.0001,0.6978,0.2257,0.0,0.0,0.0,0.0,0.0,0.0,0.0,0.0,0.0,0.0,0.0,0.0,0.0,0.0,0.0
9.331,0.0001,0.6977,0.2256,0.0,0.0,0.0,0.0,0.0,0.0,0.0,0.0,0.0,0.0,0.0,0.0,0.0,0.0,0.0
9.381,0.0001,0.6976,0.2250,0.0,0.0,0.0,0.0,0.0,0.0,0.0,0.0,0.0,0.0,0.0,0.0,0.0,0.0,0.0
9.431,0.0001,0.6976,0.2245,0.0,0.0,0.0,0.0,0.0,0.0,0.0,0.0,0.0,0.0,0.0,0.0,0.0,0.0,0.0
9.480,0.0001,0.6975,0.2232,0.0,0.0,0.0,0.0,0.0,0.0,0.0,0.0,0.0,0.0,0.0,0.0,0.0,0.0,0.0
9.531,0.0001,0.6975,0.2224,0.0,0.0,0.0,0.0,0.0,0.0,0.0,0.0,0.0,0.0,0.0,0.0,0.0,0.0,0.0
9.580,0.0001,0.6974,0.2204,0.0,0.0,0.0,0.0,0.0,0.0,0.0,0.0,0.0,0.0,0.0,0.0,0.0,0.0,0.0
9.630,0.0001,0.6974,0.2195,0.0,0.0,0.0,0.0,0.0,0.0,0.0,0.0,0.0,0.0,0.0,0.0,0.0,0.0,0.0
9.680,0.0001,0.6975,0.2170,0.0,0.0,0.0,0.0,0.0,0.0,0.0,0.0,0.0,0.0,0.0,0.0,0.0,0.0,0.0
9.731,0.0001,0.6975,0.2159,0.0,0.0,0.0,0.0,0.0,0.0,0.0,0.0,0.0,0.0,0.0,0.0,0.0,0.0,0.0
9.781,0.0001,0.6975,0.2132,0.0,0.0,0.0,0.0,0.0,0.0,0.0,0.0,0.0,0.0,0.0,0.0,0.0,0.0,0.0
9.830,0.0001,0.6976,0.2121,0.0,0.0,0.0,0.0,0.0,0.0,0.0,0.0,0.0,0.0,0.0,0.0,0.0,0.0,0.0
9.880,0.0001,0.6977,0.2094,0.0,0.0,0.0,0.0,0.0,0.0,0.0,0.0,0.0,0.0,0.0,0.0,0.0,0.0,0.0
9.930,0.0001,0.6977,0.2083,0.0,0.0,0.0,0.0,0.0,0.0,0.0,0.0,0.0,0.0,0.0,0.0,0.0,0.0,0.0
9.980,0.0001,0.6978,0.2059,0.0,0.0,0.0,0.0,0.0,0.0,0.0,0.0,0.0,0.0,0.0,0.0,0.0,0.0,0.0
10.030,0.0001,0.6979,0.2050,0.0,0.0,0.0,0.0,0.0,0.0,0.0,0.0,0.0,0.0,0.0,0.0,0.0,0.0,0.0
10.081,0.0001,0.6980,0.2030,0.0,0.0,0.0,0.0,0.0,0.0,0.0,0.0,0.0,0.0,0.0,0.0,0.0,0.0,0.0
10.130,0.0001,0.6981,0.2023,0.0,0.0,0.0,0.0,0.0,0.0,0.0,0.0,0.0,0.0,0.0,0.0,0.0,0.0,0.0
10.180,0.0001,0.6983,0.2010,0.0,0.0,0.0,0.0,0.0,0.0,0.0,0.0,0.0,0.0,0.0,0.0,0.0,0.0,0.0
10.230,0.0001,0.6983,0.2006,0.0,0.0,0.0,0.0,0.0,0.0,0.0,0.0,0.0,0.0,0.0,0.0,0.0,0.0,0.0
10.281,0.0001,0.6985,0.1999,0.0,0.0,0.0,0.0,0.0,0.0,0.0,0.0,0.0,0.0,0.0,0.0,0.0,0.0,0.0
10.330,0.0001,0.6985,0.1998,0.0,0.0,0.0,0.0,0.0,0.0,0.0,0.0,0.0,0.0,0.0,0.0,0.0,0.0,0.0
10.380,0.0001,0.6986,0.1999,0.0,0.0,0.0,0.0,0.0,0.0,0.0,0.0,0.0,0.0,0.0,0.0,0.0,0.0,0.0
10.431,0.0001,0.6987,0.2005,0.0,0.0,0.0,0.0,0.0,0.0,0.0,0.0,0.0,0.0,0.0,0.0,0.0,0.0,0.0
10.480,0.0001,0.6988,0.2008,0.0,0.0,0.0,0.0,0.0,0.0,0.0,0.0,0.0,0.0,0.0,0.0,0.0,0.0,0.0
10.531,0.0001,0.6988,0.2013,0.0,0.0,0.0,0.0,0.0,0.0,0.0,0.0,0.0,0.0,0.0,0.0,0.0,0.0,0.0
10.580,0.0001,0.6989,0.2026,0.0,0.0,0.0,0.0,0.0,0.0,0.0,0.0,0.0,0.0,0.0,0.0,0.0,0.0,0.0
10.630,0.0001,0.6989,0.2033,0.0,0.0,0.0,0.0,0.0,0.0,0.0,0.0,0.0,0.0,0.0,0.0,0.0,0.0,0.0
10.680,0.0001,0.6989,0.2050,0.0,0.0,0.0,0.0,0.0,0.0,0.0,0.0,0.0,0.0,0.0,0.0,0.0,0.0,0.0
10.730,0.0001,0.6989,0.2058,0.0,0.0,0.0,0.0,0.0,0.0,0.0,0.0,0.0,0.0,0.0,0.0,0.0,0.0,0.0
10.780,0.0001,0.6989,0.2077,0.0,0.0,0.0,0.0,0.0,0.0,0.0,0.0,0.0,0.0,0.0,0.0,0.0,0.0,0.0
10.830,0.0001,0.6989,0.2085,0.0,0.0,0.0,0.0,0.0,0.0,0.0,0.0,0.0,0.0,0.0,0.0,0.0,0.0,0.0
10.880,0.0001,0.6988,0.2103,0.0,0.0,0.0,0.0,0.0,0.0,0.0,0.0,0.0,0.0,0.0,0.0,0.0,0.0,0.0
10.931,0.0001,0.6988,0.2111,0.0,0.0,0.0,0.0,0.0,0.0,0.0,0.0,0.0,0.0,0.0,0.0,0.0,0.0,0.0
10.981,0.0001,0.6987,0.2128,0.0,0.0,0.0,0.0,0.0,0.0,0.0,0.0,0.0,0.0,0.0,0.0,0.0,0.0,0.0
11.030,0.0001,0.6987,0.2135,0.0,0.0,0.0,0.0,0.0,0.0,0.0,0.0,0.0,0.0,0.0,0.0,0.0,0.0,0.0
11.081,0.0001,0.6986,0.2148,0.0,0.0,0.0,0.0,0.0,0.0,0.0,0.0,0.0,0.0,0.0,0.0,0.0,0.0,0.0
11.130,0.0001,0.6986,0.2153,0.0,0.0,0.0,0.0,0.0,0.0,0.0,0.0,0.0,0.0,0.0,0.0,0.0,0.0,0.0
11.181,0.0001,0.6985,0.2163,0.0,0.0,0.0,0.0,0.0,0.0,0.0,0.0,0.0,0.0,0.0,0.0,0.0,0.0,0.0
11.230,0.0001,0.6984,0.2166,0.0,0.0,0.0,0.0,0.0,0.0,0.0,0.0,0.0,0.0,0.0,0.0,0.0,0.0,0.0
11.281,0.0001,0.6983,0.2170,0.0,0.0,0.0,0.0,0.0,0.0,0.0,0.0,0.0,0.0,0.0,0.0,0.0,0.0,0.0
11.331,0.0001,0.6982,0.2172,0.0,0.0,0.0,0.0,0.0,0.0,0.0,0.0,0.0,0.0,0.0,0.0,0.0,0.0,0.0
11.380,0.0001,0.6982,0.2171,0.0,0.0,0.0,0.0,0.0,0.0,0.0,0.0,0.0,0.0,0.0,0.0,0.0,0.0,0.0
11.430,0.0001,0.6982,0.2170,0.0,0.0,0.0,0.0,0.0,0.0,0.0,0.0,0.0,0.0,0.0,0.0,0.0,0.0,0.0
11.481,0.0001,0.6981,0.2166,0.0,0.0,0.0,0.0,0.0,0.0,0.0,0.0,0.0,0.0,0.0,0.0,0.0,0.0,0.0
11.531,0.0001,0.6981,0.2163,0.0,0.0,0.0,0.0,0.0,0.0,0.0,0.0,0.0,0.0,0.0,0.0,0.0,0.0,0.0
11.580,0.0001,0.6980,0.2155,0.0,0.0,0.0,0.0,0.0,0.0,0.0,0.0,0.0,0.0,0.0,0.0,0.0,0.0,0.0
11.630,0.0001,0.6980,0.2151,0.0,0.0,0.0,0.0,0.0,0.0,0.0,0.0,0.0,0.0,0.0,0.0,0.0,0.0,0.0
11.680,0.0001,0.6980,0.2140,0.0,0.0,0.0,0.0,0.0,0.0,0.0,0.0,0.0,0.0,0.0,0.0,0.0,0.0,0.0
11.730,0.0001,0.6980,0.2135,0.0,0.0,0.0,0.0,0.0,0.0,0.0,0.0,0.0,0.0,0.0,0.0,0.0,0.0,0.0
11.780,0.0001,0.6980,0.2122,0.0,0.0,0.0,0.0,0.0,0.0,0.0,0.0,0.0,0.0,0.0,0.0,0.0,0.0,0.0
11.830,0.0001,0.6980,0.2117,0.0,0.0,0.0,0.0,0.0,0.0,0.0,0.0,0.0,0.0,0.0,0.0,0.0,0.0,0.0
11.880,0.0001,0.6980,0.2104,0.0,0.0,0.0,0.0,0.0,0.0,0.0,0.0,0.0,0.0,0.0,0.0,0.0,0.0,0.0
11.930,0.0001,0.6980,0.2098,0.0,0.0,0.0,0.0,0.0,0.0,0.0,0.0,0.0,0.0,0.0,0.0,0.0,0.0,0.0
11.980,0.0001,0.6981,0.2086,0.0,0.0,0.0,0.0,0.0,0.0,0.0,0.0,0.0,0.0,0.0,0.0,0.0,0.0,0.0
12.030,0.0001,0.6981,0.2081,0.0,0.0,0.0,0.0,0.0,0.0,0.0,0.0,0.0,0.0,0.0,0.0,0.0,0.0,0.0
12.081,0.0001,0.6982,0.2070,0.0,0.0,0.0,0.0,0.0,0.0,0.0,0.0,0.0,0.0,0.0,0.0,0.0,0.0,0.0
12.130,0.0001,0.6982,0.2066,0.0,0.0,0.0,0.0,0.0,0.0,0.0,0.0,0.0,0.0,0.0,0.0,0.0,0.0,0.0
12.180,0.0001,0.6983,0.2058,0.0,0.0,0.0,0.0,0.0,0.0,0.0,0.0,0.0,0.0,0.0,0.0,0.0,0.0,0.0
12.231,0.0001,0.6983,0.2056,0.0,0.0,0.0,0.0,0.0,0.0,0.0,0.0,0.0,0.0,0.0,0.0,0.0,0.0,0.0
12.281,0.0001,0.6984,0.2051,0.0,0.0,0.0,0.0,0.0,0.0,0.0,0.0,0.0,0.0,0.0,0.0,0.0,0.0,0.0
12.330,0.0001,0.6984,0.2050,0.0,0.0,0.0,0.0,0.0,0.0,0.0,0.0,0.0,0.0,0.0,0.0,0.0,0.0,0.0
12.380,0.0001,0.6985,0.2049,0.0,0.0,0.0,0.0,0.0,0.0,0.0,0.0,0.0,0.0,0.0,0.0,0.0,0.0,0.0
12.431,0.0001,0.6985,0.2049,0.0,0.0,0.0,0.0,0.0,0.0,0.0,0.0,0.0,0.0,0.0,0.0,0.0,0.0,0.0
12.480,0.0001,0.6986,0.2051,0.0,0.0,0.0,0.0,0.0,0.0,0.0,0.0,0.0,0.0,0.0,0.0,0.0,0.0,0.0
12.530,0.0001,0.6986,0.2053,0.0,0.0,0.0,0.0,0.0,0.0,0.0,0.0,0.0,0.0,0.0,0.0,0.0,0.0,0.0
12.580,0.0001,0.6986,0.2058,0.0,0.0,0.0,0.0,0.0,0.0,0.0,0.0,0.0,0.0,0.0,0.0,0.0,0.0,0.0
12.630,0.0001,0.6986,0.2061,0.0,0.0,0.0,0.0,0.0,0.0,0.0,0.0,0.0,0.0,0.0,0.0,0.0,0.0,0.0
12.680,0.0001,0.6987,0.2069,0.0,0.0,0.0,0.0,0.0,0.0,0.0,0.0,0.0,0.0,0.0,0.0,0.0,0.0,0.0
12.730,0.0001,0.6987,0.2072,0.0,0.0,0.0,0.0,0.0,0.0,0.0,0.0,0.0,0.0,0.0,0.0,0.0,0.0,0.0
12.781,0.0001,0.6987,0.2081,0.0,0.0,0.0,0.0,0.0,0.0,0.0,0.0,0.0,0.0,0.0,0.0,0.0,0.0,0.0
12.830,0.0001,0.6987,0.2085,0.0,0.0,0.0,0.0,0.0,0.0,0.0,0.0,0.0,0.0,0.0,0.0,0.0,0.0,0.0
12.880,0.0001,0.6987,0.2094,0.0,0.0,0.0,0.0,0.0,0.0,0.0,0.0,0.0,0.0,0.0,0.0,0.0,0.0,0.0
12.930,0.0001,0.6987,0.2098,0.0,0.0,0.0,0.0,0.0,0.0,0.0,0.0,0.0,0.0,0.0,0.0,0.0,0.0,0.0
12.980,0.0001,0.6987,0.2107,0.0,0.0,0.0,0.0,0.0,0.0,0.0,0.0,0.0,0.0,0.0,0.0,0.0,0.0,0.0
13.030,0.0001,0.6986,0.2110,0.0,0.0,0.0,0.0,0.0,0.0,0.0,0.0,0.0,0.0,0.0,0.0,0.0,0.0,0.0
13.080,0.0001,0.6986,0.2117,0.0,0.0,0.0,0.0,0.0,0.0,0.0,0.0,0.0,0.0,0.0,0.0,0.0,0.0,0.0
13.131,0.0001,0.6986,0.2120,0.0,0.0,0.0,0.0,0.0,0.0,0.0,0.0,0.0,0.0,0.0,0.0,0.0,0.0,0.0
13.180,0.0001,0.6985,0.2126,0.0,0.0,0.0,0.0,0.0,0.0,0.0,0.0,0.0,0.0,0.0,0.0,0.0,0.0,0.0
13.231,0.0001,0.6985,0.2130,0.0,0.0,0.0,0.0,0.0,0.0,0.0,0.0,0.0,0.0,0.0,0.0,0.0,0.0,0.0
13.280,0.0001,0.6985,0.2131,0.0,0.0,0.0,0.0,0.0,0.0,0.0,0.0,0.0,0.0,0.0,0.0,0.0,0.0,0.0
13.330,0.0001,0.6985,0.2131,0.0,0.0,0.0,0.0,0.0,0.0,0.0,0.0,0.0,0.0,0.0,0.0,0.0,0.0,0.0
13.381,0.0001,0.6985,0.2131,0.0,0.0,0.0,0.0,0.0,0.0,0.0,0.0,0.0,0.0,0.0,0.0,0.0,0.0,0.0
13.430,0.0001,0.6985,0.2131,0.0,0.0,0.0,0.0,0.0,0.0,0.0,0.0,0.0,0.0,0.0,0.0,0.0,0.0,0.0
13.480,0.0001,0.6985,0.2131,0.0,0.0,0.0,0.0,0.0,0.0,0.0,0.0,0.0,0.0,0.0,0.0,0.0,0.0,0.0
13.530,0.0001,0.6985,0.2131,0.0,0.0,0.0,0.0,0.0,0.0,0.0,0.0,0.0,0.0,0.0,0.0,0.0,0.0,0.0
13.580,0.0001,0.6985,0.2131,0.0,0.0,0.0,0.0,0.0,0.0,0.0,0.0,0.0,0.0,0.0,0.0,0.0,0.0,0.0
13.630,0.0001,0.6985,0.2131,0.0,0.0,0.0,0.0,0.0,0.0,0.0,0.0,0.0,0.0,0.0,0.0,0.0,0.0,0.0
13.680,0.0001,0.6985,0.2131,0.0,0.0,0.0,0.0,0.0,0.0,0.0,0.0,0.0,0.0,0.0,0.0,0.0,0.0,0.0
13.731,0.0001,0.6985,0.2131,0.0,0.0,0.0,0.0,0.0,0.0,0.0,0.0,0.0,0.0,0.0,0.0,0.0,0.0,0.0
13.781,0.0001,0.6985,0.2131,0.0,0.0,0.0,0.0,0.0,0.0,0.0,0.0,0.0,0.0,0.0,0.0,0.0,0.0,0.0
13.831,0.0001,0.6985,0.2131,0.0,0.0,0.0,0.0,0.0,0.0,0.0,0.0,0.0,0.0,0.0,0.0,0.0,0.0,0.0
13.880,0.0001,0.6985,0.2131,0.0,0.0,0.0,0.0,0.0,0.0,0.0,0.0,0.0,0.0,0.0,0.0,0.0,0.0,0.0
13.930,0.0001,0.6983,0.2101,0.0,0.0,0.0,0.0,0.0,0.0,0.0,0.0,0.0,0.0,0.0,0.0,0.0,0.0,0.0
13.981,0.0001,0.6983,0.2095,0.0,0.0,0.0,0.0,0.0,0.0,0.0,0.0,0.0,0.0,0.0,0.0,0.0,0.0,0.0
14.031,0.0001,0.6983,0.2092,0.0,0.0,0.0,0.0,0.0,0.0,0.0,0.0,0.0,0.0,0.0,0.0,0.0,0.0,0.0
14.080,0.0001,0.6983,0.2087,0.0,0.0,0.0,0.0,0.0,0.0,0.0,0.0,0.0,0.0,0.0,0.0,0.0,0.0,0.0
14.130,0.0001,0.6983,0.2085,0.0,0.0,0.0,0.0,0.0,0.0,0.0,0.0,0.0,0.0,0.0,0.0,0.0,0.0,0.0
14.181,0.0001,0.6983,0.2080,0.0,0.0,0.0,0.0,0.0,0.0,0.0,0.0,0.0,0.0,0.0,0.0,0.0,0.0,0.0
14.231,0.0001,0.6984,0.2079,0.0,0.0,0.0,0.0,0.0,0.0,0.0,0.0,0.0,0.0,0.0,0.0,0.0,0.0,0.0
14.280,0.0001,0.6984,0.2076,0.0,0.0,0.0,0.0,0.0,0.0,0.0,0.0,0.0,0.0,0.0,0.0,0.0,0.0,0.0
14.330,0.0001,0.6984,0.2075,0.0,0.0,0.0,0.0,0.0,0.0,0.0,0.0,0.0,0.0,0.0,0.0,0.0,0.0,0.0
14.380,0.0001,0.6984,0.2074,0.0,0.0,0.0,0.0,0.0,0.0,0.0,0.0,0.0,0.0,0.0,0.0,0.0,0.0,0.0
14.431,0.0001,0.6985,0.2074,0.0,0.0,0.0,0.0,0.0,0.0,0.0,0.0,0.0,0.0,0.0,0.0,0.0,0.0,0.0
14.480,0.0001,0.6985,0.2075,0.0,0.0,0.0,0.0,0.0,0.0,0.0,0.0,0.0,0.0,0.0,0.0,0.0,0.0,0.0
14.531,0.0001,0.6985,0.2075,0.0,0.0,0.0,0.0,0.0,0.0,0.0,0.0,0.0,0.0,0.0,0.0,0.0,0.0,0.0
14.580,0.0001,0.6985,0.2077,0.0,0.0,0.0,0.0,0.0,0.0,0.0,0.0,0.0,0.0,0.0,0.0,0.0,0.0,0.0
14.631,0.0001,0.6985,0.2078,0.0,0.0,0.0,0.0,0.0,0.0,0.0,0.0,0.0,0.0,0.0,0.0,0.0,0.0,0.0
14.680,0.0001,0.6986,0.2082,0.0,0.0,0.0,0.0,0.0,0.0,0.0,0.0,0.0,0.0,0.0,0.0,0.0,0.0,0.0
14.731,0.0001,0.6986,0.2083,0.0,0.0,0.0,0.0,0.0,0.0,0.0,0.0,0.0,0.0,0.0,0.0,0.0,0.0,0.0
14.780,0.0001,0.6986,0.2087,0.0,0.0,0.0,0.0,0.0,0.0,0.0,0.0,0.0,0.0,0.0,0.0,0.0,0.0,0.0
14.831,0.0001,0.6986,0.2089,0.0,0.0,0.0,0.0,0.0,0.0,0.0,0.0,0.0,0.0,0.0,0.0,0.0,0.0,0.0
14.881,0.0001,0.6986,0.2094,0.0,0.0,0.0,0.0,0.0,0.0,0.0,0.0,0.0,0.0,0.0,0.0,0.0,0.0,0.0
14.931,0.0001,0.6986,0.2096,0.0,0.0,0.0,0.0,0.0,0.0,0.0,0.0,0.0,0.0,0.0,0.0,0.0,0.0,0.0
14.981,0.0001,0.6986,0.2100,0.0,0.0,0.0,0.0,0.0,0.0,0.0,0.0,0.0,0.0,0.0,0.0,0.0,0.0,0.0
15.031,0.0001,0.6986,0.2102,0.0,0.0,0.0,0.0,0.0,0.0,0.0,0.0,0.0,0.0,0.0,0.0,0.0,0.0,0.0
15.080,0.0001,0.6986,0.2106,0.0,0.0,0.0,0.0,0.0,0.0,0.0,0.0,0.0,0.0,0.0,0.0,0.0,0.0,0.0
15.131,0.0001,0.6985,0.2107,0.0,0.0,0.0,0.0,0.0,0.0,0.0,0.0,0.0,0.0,0.0,0.0,0.0,0.0,0.0
15.180,0.0001,0.6985,0.2110,0.0,0.0,0.0,0.0,0.0,0.0,0.0,0.0,0.0,0.0,0.0,0.0,0.0,0.0,0.0
15.230,0.0001,0.6985,0.2111,0.0,0.0,0.0,0.0,0.0,0.0,0.0,0.0,0.0,0.0,0.0,0.0,0.0,0.0,0.0
15.280,0.0001,0.6985,0.2113,0.0,0.0,0.0,0.0,0.0,0.0,0.0,0.0,0.0,0.0,0.0,0.0,0.0,0.0,0.0
15.330,0.0001,0.6985,0.2114,0.0,0.0,0.0,0.0,0.0,0.0,0.0,0.0,0.0,0.0,0.0,0.0,0.0,0.0,0.0
15.380,0.0001,0.6985,0.2115,0.0,0.0,0.0,0.0,0.0,0.0,0.0,0.0,0.0,0.0,0.0,0.0,0.0,0.0,0.0
15.430,0.0001,0.6985,0.2115,0.0,0.0,0.0,0.0,0.0,0.0,0.0,0.0,0.0,0.0,0.0,0.0,0.0,0.0,0.0
15.480,0.0001,0.6984,0.2115,0.0,0.0,0.0,0.0,0.0,0.0,0.0,0.0,0.0,0.0,0.0,0.0,0.0,0.0,0.0
15.530,0.0001,0.6984,0.2114,0.0,0.0,0.0,0.0,0.0,0.0,0.0,0.0,0.0,0.0,0.0,0.0,0.0,0.0,0.0
15.581,0.0001,0.6984,0.2113,2.0,22.0,1.399999976158142,0.0,0.0,0.0,0.0,0.0,0.0,0.0,0.0,0.0,0.0,0.0,0.0
15.630,0.0001,0.6985,0.2112,2.0,22.0,1.399999976158142,0.51765215,1.0,0.11414129,0.11414129,-0.66004086,-0.8576113,0.51765215,1.0,0.11414129,0.11414129,-0.66004086,-0.8576113
15.680,0.0009,0.7007,0.2111,2.0,22.0,1.399999976158142,0.56421846,1.0,0.12225594,0.12225594,-0.7071796,-0.85703886,0.56421846,1.0,0.12225594,0.12225594,-0.7071796,-0.85703886
15.730,0.0014,0.7023,0.2110,2.0,22.0,1.399999976158142,0.6141817,1.0,0.12618233,0.12618233,-0.7032873,-0.91089445,0.6141817,1.0,0.12618233,0.12618233,-0.7032873,-0.91089445
15.781,0.0030,0.7078,0.2109,2.0,22.0,1.399999976158142,0.61007565,1.0,0.12623234,0.12623234,-0.7033866,-0.90668905,0.61007565,1.0,0.12623234,0.12623234,-0.7033866,-0.90668905
15.830,0.0039,0.7108,0.2109,2.0,22.0,1.399999976158142,0.6967778,0.9969761,0.13278587,0.13278587,-0.69375384,-1.0,0.6967778,0.9969761,0.13278587,0.13278587,-0.69375384,-1.0
15.881,0.0061,0.7194,0.2108,2.0,22.0,1.399999976158142,0.66956383,1.0,0.13143565,0.13143565,-0.69773394,-0.97182983,0.66956383,1.0,0.13143565,0.13143565,-0.69773394,-0.97182983
15.930,0.0071,0.7238,0.2108,2.0,22.0,1.399999976158142,0.7168533,0.9021098,0.12771353,0.12771353,-0.6189631,-1.0,0.7168533,0.9021098,0.12771353,0.12771353,-0.6189631,-1.0
15.981,0.0094,0.7352,0.2107,2.0,22.0,1.399999976158142,0.70627487,0.9462983,0.13090092,0.13090092,-0.65257317,-1.0,0.70627487,0.9462983,0.13090092,0.13090092,-0.65257317,-1.0
16.030,0.0105,0.7407,0.2107,2.0,22.0,1.399999976158142,0.73437876,0.8140743,0.123394705,0.123394705,-0.54845303,-1.0,0.73437876,0.8140743,0.123394705,0.123394705,-0.54845303,-1.0
16.081,0.0128,0.7547,0.2107,2.0,22.0,1.399999976158142,0.7220587,0.86701053,0.12700742,0.12700742,-0.58906925,-1.0,0.7220587,0.86701053,0.12700742,0.12700742,-0.58906925,-1.0
16.130,0.0137,0.7612,0.2107,2.0,22.0,1.399999976158142,0.74910146,0.7350595,0.11993473,0.11993473,-0.48416093,-1.0,0.74910146,0.7350595,0.11993473,0.11993473,-0.48416093,-1.0
16.180,0.0157,0.7773,0.2107,2.0,22.0,1.399999976158142,0.7359292,0.7936624,0.12370449,0.12370449,-0.5295916,-1.0,0.7359292,0.7936624,0.12370449,0.12370449,-0.5295916,-1.0
16.230,0.0165,0.7846,0.2107,2.0,22.0,1.399999976158142,0.76056904,0.66863614,0.11745781,0.11745781,-0.4292052,-1.0,0.76056904,0.66863614,0.11745781,0.11745781,-0.4292052,-1.0
16.282,0.0180,0.8024,0.2106,2.0,22.0,1.399999976158142,0.7480886,0.7261427,0.12094891,0.12094891,-0.4742313,-1.0,0.7480886,0.7261427,0.12094891,0.12094891,-0.4742313,-1.0
16.330,0.0186,0.8105,0.2106,2.0,22.0,1.399999976158142,0.76904625,0.61515665,0.11585919,0.11585919,-0.38420287,-1.0,0.76904625,0.61515665,0.11585919,0.11585919,-0.38420287,-1.0
16.382,0.0196,0.8299,0.2106,2.0,22.0,1.399999976158142,0.75896543,0.6629522,0.11863054,0.11863054,-0.42191765,-1.0,0.75896543,0.6629522,0.11863054,0.11863054,-0.42191765,-1.0
16.430,0.0199,0.8385,0.2106,2.0,22.0,1.399999976158142,0.77724177,0.5619817,0.11440438,0.11440438,-0.33922344,-1.0,0.77724177,0.5619817,0.11440438,0.11440438,-0.33922344,-1.0
16.480,0.0204,0.8592,0.2106,2.0,22.0,1.399999976158142,0.7677622,0.6088277,0.11693033,0.11693033,-0.3765899,-1.0,0.7677622,0.6088277,0.11693033,0.11693033,-0.3765899,-1.0
16.531,0.0205,0.8683,0.2106,2.0,22.0,1.399999976158142,0.7843,0.5138284,0.11332559,0.11332559,-0.2981284,-1.0,0.7843,0.5138284,0.11332559,0.11332559,-0.2981284,-1.0
16.582,0.0204,0.8901,0.2105,2.0,22.0,1.399999976158142,0.7751233,0.561358,0.11569999,0.11569999,-0.33648127,-1.0,0.7751233,0.561358,0.11569999,0.11569999,-0.33648127,-1.0
16.630,0.0203,0.8997,0.2105,2.0,22.0,1.399999976158142,0.7339475,0.58333427,0.10449614,0.10449614,-0.3172818,-1.0,0.7339475,0.58333427,0.10449614,0.10449614,-0.3172818,-1.0
16.680,0.0199,0.9224,0.2105,2.0,22.0,1.399999976158142,0.7817389,0.51713717,0.10896061,0.10896061,-0.298876,-1.0,0.7817389,0.51713717,0.10896061,0.10896061,-0.298876,-1.0
16.731,0.0196,0.9323,0.2104,2.0,22.0,1.399999976158142,0.7949855,0.4346728,0.10659382,0.10659382,-0.22965829,-1.0,0.7949855,0.4346728,0.10659382,0.10659382,-0.22965829,-1.0
16.781,0.0186,0.9558,0.2103,2.0,22.0,1.399999976158142,0.78764826,0.47562692,0.10828536,0.10828536,-0.26327518,-1.0,0.78764826,0.47562692,0.10828536,0.10828536,-0.26327518,-1.0
16.831,0.0179,0.9636,0.2105,2.0,22.0,1.399999976158142,0.79899275,0.40201703,0.10649744,0.10649744,-0.20100977,-1.0,0.79899275,0.40201703,0.10649744,0.10649744,-0.20100977,-1.0
16.880,0.0156,0.9732,0.2117,2.0,22.0,1.399999976158142,0.7912399,0.44803658,0.108086154,0.108086154,-0.23927651,-1.0,0.7912399,0.44803658,0.108086154,0.108086154,-0.23927651,-1.0
16.931,0.0131,0.9825,0.2130,2.0,22.0,1.399999976158142,0.7968546,0.41136882,0.106949136,0.106949136,-0.20822343,-1.0,0.7968546,0.41136882,0.106949136,0.106949136,-0.20822343,-1.0
16.981,0.0119,0.9865,0.2136,2.0,22.0,1.399999976158142,0.7995393,0.3918764,0.10659801,0.10659801,-0.1914157,-1.0,0.7995393,0.3918764,0.10659801,0.10659801,-0.1914157,-1.0
17.030,0.0107,0.9906,0.2142,2.0,22.0,1.399999976158142,0.79612315,0.4121678,0.10758035,0.10758035,-0.20829093,-1.0,0.79612315,0.4121678,0.10758035,0.10758035,-0.20829093,-1.0
17.081,0.0079,1.0007,0.2153,2.0,22.0,1.399999976158142,0.7972551,0.4038234,0.107615136,0.107615136,-0.20107846,-1.0,0.7972551,0.4038234,0.107615136,0.107615136,-0.20107846,-1.0
17.131,0.0066,1.0051,0.2157,2.0,22.0,1.399999976158142,0.8049257,0.35145465,0.10639036,0.10639036,-0.15638036,-1.0,0.8049257,0.35145465,0.10639036,0.10639036,-0.15638036,-1.0
17.180,0.0035,1.0154,0.2162,2.0,22.0,1.399999976158142,0.8011401,0.37455902,0.10741805,0.10741805,-0.17569913,-1.0,0.8011401,0.37455902,0.10741805,0.10741805,-0.17569913,-1.0
17.230,0.0022,1.0201,0.2163,2.0,22.0,1.399999976158142,0.8089025,0.31999877,0.106433555,0.106433555,-0.12890127,-1.0,0.8089025,0.31999877,0.106433555,0.106433555,-0.12890127,-1.0
17.282,-0.0010,1.0308,0.2159,2.0,22.0,1.399999976158142,0.8048851,0.3451204,0.107391074,0.107391074,-0.15000549,-1.0,0.8048851,0.3451204,0.107391074,0.107391074,-0.15000549,-1.0
17.326,-0.0025,1.0354,0.2155,2.0,22.0,1.399999976158142,0.8123637,0.2907942,0.10679332,0.10679332,-0.10315791,-1.0,0.8123637,0.2907942,0.10679332,0.10679332,-0.10315791,-1.0
17.381,-0.0058,1.0467,0.2142,2.0,22.0,1.399999976158142,0.80865246,0.31451818,0.10758516,0.10758516,-0.123170644,-1.0,0.80865246,0.31451818,0.10758516,0.10758516,-0.123170644,-1.0
17.431,-0.0073,1.0516,0.2134,2.0,22.0,1.399999976158142,0.8159057,0.25987846,0.10732376,0.10732376,-0.07578415,-1.0,0.8159057,0.25987846,0.10732376,0.10732376,-0.07578415,-1.0
17.481,-0.0108,1.0632,0.2110,2.0,22.0,1.399999976158142,0.81197673,0.28592983,0.10800686,0.10800686,-0.09790657,-1.0,0.81197673,0.28592983,0.10800686,0.10800686,-0.09790657,-1.0
17.531,-0.0124,1.0683,0.2097,2.0,22.0,1.399999976158142,0.8190316,0.23088521,0.10813942,0.10813942,-0.04991681,-1.0,0.8190316,0.23088521,0.10813942,0.10813942,-0.04991681,-1.0
17.581,-0.0160,1.0809,0.2064,2.0,22.0,1.399999976158142,0.81527114,0.25658494,0.10864805,0.10864805,-0.07185609,-1.0,0.81527114,0.25658494,0.10864805,0.10864805,-0.07185609,-1.0
17.631,-0.0176,1.0864,0.2048,2.0,22.0,1.399999976158142,0.78143084,0.27735612,0.09812464,0.09812464,-0.058786944,-1.0,0.78143084,0.27735612,0.09812464,0.09812464,-0.058786944,-1.0
17.680,-0.0213,1.0996,0.2004,2.0,22.0,1.399999976158142,0.81804675,0.23024821,0.10399115,0.10399115,-0.048294984,-1.0,0.81804675,0.23024821,0.10399115,0.10399115,-0.048294984,-1.0
17.731,-0.0229,1.1053,0.1984,2.0,22.0,1.399999976158142,0.82417524,0.1785461,0.104913205,0.104913205,-0.0027213083,-1.0,0.82417524,0.1785461,0.104913205,0.104913205,-0.0027213083,-1.0
17.781,-0.0267,1.1190,0.1930,2.0,22.0,1.399999976158142,0.8207131,0.20395477,0.10504406,0.10504406,-0.024667887,-1.0,0.8207131,0.20395477,0.10504406,0.10504406,-0.024667887,-1.0
17.831,-0.0283,1.1250,0.1905,2.0,22.0,1.399999976158142,0.82625765,0.1552772,0.106387265,0.106387265,0.01846517,-1.0,0.82625765,0.1552772,0.106387265,0.106387265,0.01846517,-1.0
17.882,-0.0321,1.1389,0.1842,2.0,22.0,1.399999976158142,0.8230564,0.17964065,0.106313065,0.106313065,-0.00269705,-1.0,0.8230564,0.17964065,0.106313065,0.106313065,-0.00269705,-1.0
17.931,-0.0337,1.1449,0.1814,2.0,22.0,1.399999976158142,0.8278788,0.1355005,0.107930794,0.107930794,0.036620744,-1.0,0.8278788,0.1355005,0.107930794,0.107930794,0.036620744,-1.0
17.982,-0.0373,1.1590,0.1747,2.0,22.0,1.399999976158142,0.825287,0.15570222,0.10774523,0.10774523,0.019010823,-1.0,0.825287,0.15570222,0.10774523,0.10774523,0.019010823,-1.0
18.030,-0.0388,1.1650,0.1717,2.0,22.0,1.399999976158142,0.8297574,0.11325771,0.10959635,0.10959635,0.05698489,-1.0,0.8297574,0.11325771,0.10959635,0.10959635,0.05698489,-1.0
18.080,-0.0423,1.1791,0.1649,2.0,22.0,1.399999976158142,0.8270684,0.13518034,0.1091975,0.1091975,0.037751276,-1.0,0.8270684,0.13518034,0.1091975,0.1091975,0.037751276,-1.0
18.131,-0.0437,1.1826,0.1621,2.0,22.0,1.399999976158142,0.83114976,0.09502557,0.111197144,0.111197144,0.07382469,-1.0,0.83114976,0.09502557,0.111197144,0.111197144,0.07382469,-1.0
18.181,-0.0467,1.1889,0.1567,2.0,22.0,1.399999976158142,0.8295865,0.10809217,0.110616714,0.110616714,0.06232135,-1.0,0.8295865,0.10809217,0.110616714,0.110616714,0.06232135,-1.0
18.231,-0.0480,1.1912,0.1549,2.0,22.0,1.399999976158142,0.83535403,0.051595677,0.11219759,0.11219759,0.1130503,-1.0,0.83535403,0.051595677,0.11219759,0.11219759,0.1130503,-1.0
18.281,-0.0508,1.1958,0.1519,2.0,22.0,1.399999976158142,0.8323189,0.07693709,0.111706704,0.111706704,0.09074401,-1.0,0.8323189,0.07693709,0.111706704,0.111706704,0.09074401,-1.0
18.331,-0.0519,1.1975,0.1511,2.0,22.0,1.399999976158142,0.83798957,0.018743955,0.112954326,0.112954326,0.14326647,-1.0,0.83798957,0.018743955,0.112954326,0.112954326,0.14326647,-1.0
18.380,-0.0545,1.2006,0.1503,2.0,22.0,1.399999976158142,0.834867,0.0457748,0.112626344,0.112626344,0.119358204,-1.0,0.834867,0.0457748,0.112626344,0.112626344,0.119358204,-1.0
18.431,-0.0556,1.2017,0.1504,2.0,22.0,1.399999976158142,0.84036005,-0.01336463,0.11356074,0.11356074,0.1730046,-1.0,0.84036005,-0.01336463,0.11356074,0.11356074,0.1730046,-1.0
18.480,-0.0585,1.2036,0.1515,2.0,22.0,1.399999976158142,0.8371968,0.01522992,0.1133928,0.1133928,0.14757326,-1.0,0.8371968,0.01522992,0.1133928,0.1133928,0.14757326,-1.0
18.530,-0.0599,1.2043,0.1521,2.0,22.0,1.399999976158142,0.84199464,-0.03900183,0.11405418,0.11405418,0.19700716,-1.0,0.84199464,-0.03900183,0.11405418,0.11405418,0.19700716,-1.0
18.581,-0.0631,1.2055,0.1534,2.0,22.0,1.399999976158142,0.8389005,-0.009441297,0.11398877,0.11398877,0.17054081,-1.0,0.8389005,-0.009441297,0.11398877,0.11398877,0.17054081,-1.0
18.631,-0.0644,1.2060,0.1539,2.0,22.0,1.399999976158142,0.80923665,0.011860461,0.10328643,0.10328643,0.17890288,-1.0,0.80923665,0.011860461,0.10328643,0.10328643,0.17890288,-1.0
18.681,-0.0674,1.2068,0.1548,2.0,22.0,1.399999976158142,0.8407091,-0.035838407,0.109250225,0.109250225,0.19512929,-1.0,0.8407091,-0.035838407,0.109250225,0.109250225,0.19512929,-1.0
18.730,-0.0686,1.2070,0.1551,2.0,22.0,1.399999976158142,0.844987,-0.08870739,0.11031132,0.11031132,0.2437204,-1.0,0.844987,-0.08870739,0.11031132,0.11031132,0.2437204,-1.0
18.781,-0.0714,1.2074,0.1555,2.0,22.0,1.399999976158142,0.8425232,-0.06368719,0.110328734,0.110328734,0.22116397,-1.0,0.8425232,-0.06368719,0.110328734,0.110328734,0.22116397,-1.0
18.831,-0.0726,1.2075,0.1557,2.0,22.0,1.399999976158142,0.8467063,-0.11809811,0.1116758,0.1116758,0.27139187,-1.0,0.8467063,-0.11809811,0.1116758,0.1116758,0.27139187,-1.0
18.881,-0.0751,1.2074,0.1559,2.0,22.0,1.399999976158142,0.84427387,-0.092353806,0.11155356,0.11155356,0.24807994,-1.0,0.84427387,-0.092353806,0.11155356,0.11155356,0.24807994,-1.0
18.932,-0.0762,1.2073,0.1560,2.0,22.0,1.399999976158142,0.8484365,-0.1495279,0.11318369,0.11318369,0.30109143,-1.0,0.8484365,-0.1495279,0.11318369,0.11318369,0.30109143,-1.0
18.981,-0.0784,1.2068,0.1561,2.0,22.0,1.399999976158142,0.846042,-0.123114444,0.11293244,0.11293244,0.2770725,-1.0,0.846042,-0.123114444,0.11293244,0.11293244,0.2770725,-1.0
19.031,-0.0793,1.2066,0.1561,2.0,22.0,1.399999976158142,0.8501787,-0.183511,0.11485984,0.11485984,0.33333224,-1.0,0.8501787,-0.183511,0.11485984,0.11485984,0.33333224,-1.0
19.081,-0.0812,1.2057,0.1562,2.0,22.0,1.399999976158142,0.84776175,-0.15557049,0.11447449,0.11447449,0.30780873,-1.0,0.84776175,-0.15557049,0.11447449,0.11447449,0.30780873,-1.0
19.131,-0.0819,1.2053,0.1562,2.0,22.0,1.399999976158142,0.8519277,-0.2206016,0.11675926,0.11675926,0.36867392,-1.0,0.8519277,-0.2206016,0.11675926,0.11675926,0.36867392,-1.0
19.181,-0.0833,1.2042,0.1564,2.0,22.0,1.399999976158142,0.84948856,-0.1909549,0.116229825,0.116229825,0.34146637,-1.0,0.84948856,-0.1909549,0.116229825,0.116229825,0.34146637,-1.0
19.231,-0.0838,1.2036,0.1564,2.0,22.0,1.399999976158142,0.8536826,-0.26157188,0.1189404,0.1189404,0.4078893,-1.0,0.8536826,-0.26157188,0.1189404,0.1189404,0.4078893,-1.0
19.281,-0.0848,1.2023,0.1567,2.0,22.0,1.399999976158142,0.8511667,-0.22914207,0.118224405,0.118224405,0.3779753,-1.0,0.8511667,-0.22914207,0.118224405,0.118224405,0.3779753,-1.0
19.330,-0.0852,1.2018,0.1568,2.0,22.0,1.399999976158142,0.85541517,-0.30699593,0.12147182,0.12147182,0.4515808,-1.0,0.85541517,-0.30699593,0.12147182,0.12147182,0.4515808,-1.0
19.380,-0.0861,1.1999,0.1564,2.0,22.0,1.399999976158142,0.8528334,-0.27149984,0.12053487,0.12053487,0.41866642,-1.0,0.8528334,-0.27149984,0.12053487,0.12053487,0.41866642,-1.0
19.431,-0.0865,1.1991,0.1561,2.0,22.0,1.399999976158142,0.85612196,-0.3381828,0.1238611,0.1238611,0.48206082,-1.0,0.85612196,-0.3381828,0.1238611,0.1238611,0.48206082,-1.0
19.481,-0.0876,1.1978,0.1555,2.0,22.0,1.399999976158142,0.85332704,-0.29394767,0.122373685,0.122373685,0.4406206,-1.0,0.85332704,-0.29394767,0.122373685,0.122373685,0.4406206,-1.0
19.530,-0.0879,1.1974,0.1553,2.0,22.0,1.399999976158142,0.8551014,-0.3327558,0.124612644,0.124612644,0.4776544,-1.0,0.8551014,-0.3327558,0.124612644,0.124612644,0.4776544,-1.0
19.581,-0.0887,1.1968,0.1549,2.0,22.0,1.399999976158142,0.8534606,-0.3051424,0.12342505,0.12342505,0.45168176,-1.0,0.8534606,-0.3051424,0.12342505,0.12342505,0.45168176,-1.0
19.630,-0.0889,1.1966,0.1548,2.0,22.0,1.399999976158142,0.82656485,-0.281318,0.11175214,0.11175214,0.45475316,-1.0,0.82656485,-0.281318,0.11175214,0.11175214,0.45475316,-1.0
19.681,-0.0893,1.1965,0.1548,2.0,22.0,1.399999976158142,0.8535137,-0.31288317,0.11832256,0.11832256,0.45936942,-1.0,0.8535137,-0.31288317,0.11832256,0.11832256,0.45936942,-1.0
19.731,-0.0894,1.1965,0.1548,2.0,22.0,1.399999976158142,0.85423064,-0.32838246,0.119326085,0.119326085,0.47415182,-1.0,0.85423064,-0.32838246,0.119326085,0.119326085,0.47415182,-1.0
19.781,-0.0894,1.1969,0.1551,2.0,22.0,1.399999976158142,0.8536068,-0.31705618,0.11909624,0.11909624,0.46344936,-1.0,0.8536068,-0.31705618,0.11909624,0.11909624,0.46344936,-1.0
19.831,-0.0894,1.1972,0.1552,2.0,22.0,1.399999976158142,0.85390735,-0.32467917,0.11970615,0.11970615,0.47077185,-1.0,0.85390735,-0.32467917,0.11970615,0.11970615,0.47077185,-1.0
19.881,-0.0893,1.1980,0.1553,2.0,22.0,1.399999976158142,0.85354936,-0.31788316,0.119717136,0.119717136,0.4643338,-1.0,0.85354936,-0.31788316,0.119717136,0.119717136,0.4643338,-1.0
19.931,-0.0892,1.1984,0.1553,2.0,22.0,1.399999976158142,0.853681,-0.32151076,0.12020535,0.12020535,0.46782973,-1.0,0.853681,-0.32151076,0.12020535,0.12020535,0.46782973,-1.0
19.980,-0.0892,1.1989,0.1555,2.0,22.0,1.399999976158142,0.85361284,-0.32039255,0.12050936,0.12050936,0.4667797,-1.0,0.85361284,-0.32039255,0.12050936,0.12050936,0.4667797,-1.0
20.031,-0.0893,1.1990,0.1557,2.0,22.0,1.399999976158142,0.85471135,-0.34581557,0.12199779,0.12199779,0.49110422,-1.0,0.85471135,-0.34581557,0.12199779,0.12199779,0.49110422,-1.0
20.081,-0.0895,1.1996,0.1559,2.0,22.0,1.399999976158142,0.85446805,-0.34275517,0.122144826,0.122144826,0.4882871,-1.0,0.85446805,-0.34275517,0.122144826,0.122144826,0.4882871,-1.0
20.131,-0.0897,1.1999,0.1558,2.0,22.0,1.399999976158142,0.8556659,-0.37290087,0.12397629,0.12397629,0.5172349,-1.0,0.8556659,-0.37290087,0.12397629,0.12397629,0.5172349,-1.0
20.181,-0.0899,1.2010,0.1554,2.0,22.0,1.399999976158142,0.85480165,-0.35658127,0.12356282,0.12356282,0.5017796,-1.0,0.85480165,-0.35658127,0.12356282,0.12356282,0.5017796,-1.0
20.230,-0.0900,1.2015,0.1552,2.0,22.0,1.399999976158142,0.8557882,-0.3827512,0.12536779,0.12536779,0.526963,-1.0,0.8557882,-0.3827512,0.12536779,0.12536779,0.526963,-1.0
20.281,-0.0901,1.2027,0.1547,2.0,22.0,1.399999976158142,0.8551318,-0.37033185,0.12502916,0.12502916,0.5152001,-1.0,0.8551318,-0.37033185,0.12502916,0.12502916,0.5152001,-1.0
20.331,-0.0901,1.2033,0.1545,2.0,22.0,1.399999976158142,0.85627156,-0.40148112,0.12716292,0.12716292,0.5452096,-1.0,0.85627156,-0.40148112,0.12716292,0.12716292,0.5452096,-1.0
20.381,-0.0899,1.2046,0.1538,2.0,22.0,1.399999976158142,0.8555475,-0.38733146,0.1266951,0.1266951,0.531784,-1.0,0.8555475,-0.38733146,0.1266951,0.1266951,0.531784,-1.0
20.431,-0.0897,1.2052,0.1535,2.0,22.0,1.399999976158142,0.85663956,-0.41900936,0.12897666,0.12897666,0.5623698,-1.0,0.85663956,-0.41900936,0.12897666,0.12897666,0.5623698,-1.0
20.481,-0.0891,1.2067,0.1527,2.0,22.0,1.399999976158142,0.8558968,-0.40385985,0.12840432,0.12840432,0.5479631,-1.0,0.8558968,-0.40385985,0.12840432,0.12840432,0.5479631,-1.0
20.531,-0.0887,1.2074,0.1523,2.0,22.0,1.399999976158142,0.8569174,-0.435275,0.13076638,0.13076638,0.5783576,-1.0,0.8569174,-0.435275,0.13076638,0.13076638,0.5783576,-1.0
20.581,-0.0878,1.2089,0.1515,2.0,22.0,1.399999976158142,0.8561981,-0.4199546,0.12993573,0.12993573,0.5637566,-1.0,0.8561981,-0.4199546,0.12993573,0.12993573,0.5637566,-1.0
20.631,-0.0873,1.2096,0.1511,2.0,22.0,1.399999976158142,0.82984906,-0.39762807,0.117779106,0.117779106,0.567779,-1.0,0.82984906,-0.39762807,0.117779106,0.117779106,0.567779,-1.0
20.681,-0.0859,1.2110,0.1503,2.0,22.0,1.399999976158142,0.85634834,-0.43543378,0.12520733,0.12520733,0.5790854,-1.0,0.85634834,-0.43543378,0.12520733,0.12520733,0.5790854,-1.0
20.732,-0.0853,1.2116,0.1501,2.0,22.0,1.399999976158142,0.8571311,-0.46031174,0.1271706,0.1271706,0.6031806,-1.0,0.8571311,-0.46031174,0.1271706,0.1271706,0.6031806,-1.0
20.781,-0.0839,1.2128,0.1498,2.0,22.0,1.399999976158142,0.85651594,-0.444529,0.1264578,0.1264578,0.58801305,-1.0,0.85651594,-0.444529,0.1264578,0.1264578,0.58801305,-1.0
20.831,-0.0833,1.2132,0.1498,2.0,22.0,1.399999976158142,0.85708857,-0.4653353,0.12807156,0.12807156,0.60824674,-1.0,0.85708857,-0.4653353,0.12807156,0.12807156,0.60824674,-1.0
20.883,-0.0820,1.2141,0.1499,2.0,22.0,1.399999976158142,0.8566149,-0.4534835,0.12763545,0.12763545,0.59686863,-1.0,0.8566149,-0.4534835,0.12763545,0.12763545,0.59686863,-1.0
20.931,-0.0815,1.2144,0.1501,2.0,22.0,1.399999976158142,0.85698277,-0.46784517,0.12880398,0.12880398,0.61086243,-1.0,0.85698277,-0.46784517,0.12880398,0.12880398,0.61086243,-1.0
20.980,-0.0806,1.2150,0.1504,2.0,22.0,1.399999976158142,0.856655,-0.45942026,0.12860641,0.12860641,0.6027652,-1.0,0.856655,-0.45942026,0.12860641,0.12860641,0.6027652,-1.0
21.031,-0.0803,1.2152,0.1506,2.0,22.0,1.399999976158142,0.85687214,-0.46830788,0.12938032,0.12938032,0.6114357,-1.0,0.85687214,-0.46830788,0.12938032,0.12938032,0.6114357,-1.0
21.081,-0.0800,1.2156,0.1510,2.0,22.0,1.399999976158142,0.8566097,-0.46102667,0.12931396,0.12931396,0.604417,-1.0,0.8566097,-0.46102667,0.12931396,0.12931396,0.604417,-1.0
21.131,-0.0799,1.2158,0.1512,2.0,22.0,1.399999976158142,0.8566552,-0.46338373,0.12969354,0.12969354,0.60672855,-1.0,0.8566552,-0.46338373,0.12969354,0.12969354,0.60672855,-1.0
21.181,-0.0799,1.2161,0.1515,2.0,22.0,1.399999976158142,0.8565341,-0.45971444,0.12986483,0.12986483,0.60318035,-1.0,0.8565341,-0.45971444,0.12986483,0.12986483,0.60318035,-1.0
21.231,-0.0799,1.2162,0.1516,2.0,22.0,1.399999976158142,0.85655254,-0.4605511,0.13018759,0.13018759,0.6039986,-1.0,0.85655254,-0.4605511,0.13018759,0.13018759,0.6039986,-1.0
21.282,-0.0799,1.2164,0.1518,2.0,22.0,1.399999976158142,0.85653365,-0.4599946,0.13053417,0.13053417,0.60346097,-1.0,0.85653365,-0.4599946,0.13053417,0.13053417,0.60346097,-1.0
21.331,-0.0799,1.2165,0.1518,2.0,22.0,1.399999976158142,0.85654473,-0.46050638,0.13086364,0.13086364,0.60396165,-1.0,0.85654473,-0.46050638,0.13086364,0.13086364,0.60396165,-1.0
21.381,-0.0799,1.2165,0.1519,2.0,22.0,1.399999976158142,0.8565316,-0.46010605,0.1312075,0.1312075,0.6035744,-1.0,0.8565316,-0.46010605,0.1312075,0.1312075,0.6035744,-1.0
21.431,-0.0799,1.2166,0.1519,2.0,22.0,1.399999976158142,0.85653436,-0.4602524,0.13154371,0.13154371,0.60371804,-1.0,0.85653436,-0.4602524,0.13154371,0.13154371,0.60371804,-1.0
21.481,-0.0799,1.2165,0.1519,2.0,22.0,1.399999976158142,0.8565275,-0.4600275,0.13188513,0.13188513,0.6035,-1.0,0.8565275,-0.4600275,0.13188513,0.13188513,0.6035,-1.0
21.531,-0.0799,1.2165,0.1518,2.0,22.0,1.399999976158142,0.8565223,-0.4598239,0.13222596,0.13222596,0.60330164,-1.0,0.8565223,-0.4598239,0.13222596,0.13222596,0.60330164,-1.0
21.581,-0.0799,1.2163,0.1517,2.0,22.0,1.399999976158142,0.8565217,-0.45977536,0.13234414,0.13234414,0.60325366,-1.0,0.8565217,-0.45977536,0.13234414,0.13234414,0.60325366,-1.0
21.630,-0.0799,1.2162,0.1516,2.0,22.0,1.399999976158142,0.83075696,-0.44102493,0.12022774,0.12022774,0.61026794,-1.0,0.83075696,-0.44102493,0.12022774,0.12022774,0.61026794,-1.0
21.681,-0.0799,1.2160,0.1514,2.0,22.0,1.399999976158142,0.85642016,-0.4603389,0.12656897,0.12656897,0.6039187,-1.0,0.85642016,-0.4603389,0.12656897,0.12656897,0.6039187,-1.0
21.731,-0.0799,1.2159,0.1513,2.0,22.0,1.399999976158142,0.85645515,-0.45899835,0.12687725,0.12687725,0.60254323,-1.0,0.85645515,-0.45899835,0.12687725,0.12687725,0.60254323,-1.0
21.780,-0.0799,1.2156,0.1510,2.0,22.0,1.399999976158142,0.8565066,-0.4588468,0.12717327,0.12717327,0.6023402,-1.0,0.8565066,-0.4588468,0.12717327,0.12717327,0.6023402,-1.0
21.830,-0.0799,1.2154,0.1508,2.0,22.0,1.399999976158142,0.85648334,-0.45784396,0.12752916,0.12752916,0.6013606,-1.0,0.85648334,-0.45784396,0.12752916,0.12752916,0.6013606,-1.0
21.880,-0.0799,1.2151,0.1505,2.0,22.0,1.399999976158142,0.85649854,-0.45825055,0.12786213,0.12786213,0.601752,-1.0,0.85649854,-0.45825055,0.12786213,0.12786213,0.601752,-1.0
21.931,-0.0799,1.2149,0.1503,2.0,22.0,1.399999976158142,0.8564723,-0.45711437,0.12822144,0.12822144,0.600642,-1.0,0.8564723,-0.45711437,0.12822144,0.12822144,0.600642,-1.0
21.982,-0.0799,1.2145,0.1499,2.0,22.0,1.399999976158142,0.8564907,-0.45761526,0.12855309,0.12855309,0.6011246,-1.0,0.8564907,-0.45761526,0.12855309,0.12855309,0.6011246,-1.0
22.030,-0.0799,1.2143,0.1498,2.0,22.0,1.399999976158142,0.85646325,-0.4564229,0.12891324,0.12891324,0.5999597,-1.0,0.85646325,-0.4564229,0.12891324,0.12891324,0.5999597,-1.0
22.081,-0.0799,1.2139,0.1494,2.0,22.0,1.399999976158142,0.8564835,-0.4569856,0.12924352,0.12924352,0.6005021,-1.0,0.8564835,-0.4569856,0.12924352,0.12924352,0.6005021,-1.0
22.131,-0.0799,1.2138,0.1492,2.0,22.0,1.399999976158142,0.8564568,-0.45582092,0.12960416,0.12960416,0.5993641,-1.0,0.8564568,-0.45582092,0.12960416,0.12960416,0.5993641,-1.0
22.180,-0.0799,1.2134,0.1489,2.0,22.0,1.399999976158142,0.85647756,-0.45640227,0.1299337,0.1299337,0.5999247,-1.0,0.85647756,-0.45640227,0.1299337,0.1299337,0.5999247,-1.0
22.231,-0.0799,1.2133,0.1487,2.0,22.0,1.399999976158142,0.85645324,-0.45533833,0.13029325,0.13029325,0.59888506,-1.0,0.85645324,-0.45533833,0.13029325,0.13029325,0.59888506,-1.0
22.286,-0.0799,1.2130,0.1484,2.0,22.0,1.399999976158142,0.8564731,-0.45589972,0.13062206,0.13062206,0.5994266,-1.0,0.8564731,-0.45589972,0.13062206,0.13062206,0.5994266,-1.0
22.341,-0.0799,1.2128,0.1483,2.0,22.0,1.399999976158142,0.8564527,-0.45500252,0.1309796,0.1309796,0.5985498,-1.0,0.8564527,-0.45500252,0.1309796,0.1309796,0.5985498,-1.0
22.391,-0.0799,1.2126,0.1480,2.0,22.0,1.399999976158142,0.85647035,-0.45550758,0.13130824,0.13130824,0.59903723,-1.0,0.85647035,-0.45550758,0.13130824,0.13130824,0.59903723,-1.0
22.441,-0.0799,1.2125,0.1480,2.0,22.0,1.399999976158142,0.856455,-0.45482662,0.13166283,0.13166283,0.59837157,-1.0,0.856455,-0.45482662,0.13166283,0.13166283,0.59837157,-1.0
22.491,-0.0799,1.2123,0.1478,2.0,22.0,1.399999976158142,0.8564695,-0.45524684,0.13199262,0.13199262,0.59877735,-1.0,0.8564695,-0.45524684,0.13199262,0.13199262,0.59877735,-1.0
22.526,-0.0799,1.2123,0.1477,2.0,22.0,1.399999976158142,0.8564598,-0.45480788,0.13234052,0.13234052,0.5983481,-1.0,0.8564598,-0.45480788,0.13234052,0.13234052,0.5983481,-1.0
22.576,-0.0799,1.2122,0.1477,2.0,22.0,1.399999976158142,0.85647047,-0.45512757,0.13243969,0.13243969,0.5986571,-1.0,0.85647047,-0.45512757,0.13243969,0.13243969,0.5986571,-1.0
22.625,-0.0799,1.2122,0.1476,2.0,22.0,1.399999976158142,0.83058184,-0.43643805,0.12030568,0.12030568,0.60585624,-1.0,0.83058184,-0.43643805,0.12030568,0.12030568,0.60585624,-1.0
22.680,-0.0799,1.2122,0.1476,2.0,22.0,1.399999976158142,0.8563792,-0.45610932,0.1266656,0.1266656,0.59973013,-1.0,0.8563792,-0.45610932,0.1266656,0.1266656,0.59973013,-1.0
22.730,-0.0799,1.2122,0.1477,2.0,22.0,1.399999976158142,0.85643476,-0.45563158,0.12695538,0.12695538,0.59919685,-1.0,0.85643476,-0.45563158,0.12695538,0.12695538,0.59919685,-1.0
22.780,-0.0799,1.2123,0.1477,2.0,22.0,1.399999976158142,0.85647684,-0.45528936,0.12725724,0.12725724,0.5988125,-1.0,0.85647684,-0.45528936,0.12725724,0.12725724,0.5988125,-1.0
22.831,-0.0799,1.2124,0.1478,2.0,22.0,1.399999976158142,0.8564843,-0.45559415,0.12758859,0.12758859,0.5991099,-1.0,0.8564843,-0.45559415,0.12758859,0.12758859,0.5991099,-1.0
22.880,-0.0799,1.2125,0.1480,2.0,22.0,1.399999976158142,0.85648173,-0.4555446,0.12792799,0.12792799,0.59906286,-1.0,0.85648173,-0.4555446,0.12792799,0.12792799,0.59906286,-1.0
22.930,-0.0799,1.2126,0.1480,2.0,22.0,1.399999976158142,0.8564937,-0.4560504,0.12825505,0.12825505,0.5995566,-1.0,0.8564937,-0.4560504,0.12825505,0.12825505,0.5995566,-1.0
22.981,-0.0799,1.2128,0.1482,2.0,22.0,1.399999976158142,0.8564872,-0.4558874,0.12859711,0.12859711,0.59940016,-1.0,0.8564872,-0.4558874,0.12859711,0.12859711,0.59940016,-1.0
23.031,-0.0799,1.2129,0.1483,2.0,22.0,1.399999976158142,0.8565027,-0.45654932,0.12892099,0.12892099,0.6000466,-1.0,0.8565027,-0.45654932,0.12892099,0.12892099,0.6000466,-1.0
23.081,-0.0799,1.2131,0.1486,2.0,22.0,1.399999976158142,0.85649294,-0.45629045,0.12926474,0.12926474,0.59979755,-1.0,0.85649294,-0.45629045,0.12926474,0.12926474,0.59979755,-1.0
23.126,-0.0799,1.2132,0.1487,2.0,22.0,1.399999976158142,0.8565107,-0.4570547,0.12958689,0.12958689,0.60054404,-1.0,0.8565107,-0.4570547,0.12958689,0.12958689,0.60054404,-1.0
23.181,-0.0799,1.2135,0.1490,2.0,22.0,1.399999976158142,0.8564984,-0.456723,0.1299318,0.1299318,0.6002246,-1.0,0.8564984,-0.456723,0.1299318,0.1299318,0.6002246,-1.0
23.231,-0.0799,1.2136,0.1491,2.0,22.0,1.399999976158142,0.856517,-0.45752972,0.13025479,0.13025479,0.60101265,-1.0,0.856517,-0.45752972,0.13025479,0.13025479,0.60101265,-1.0
23.280,-0.0799,1.2139,0.1493,2.0,22.0,1.399999976158142,0.8565034,-0.4571566,0.13059849,0.13059849,0.6006532,-1.0,0.8565034,-0.4571566,0.13059849,0.13059849,0.6006532,-1.0
23.331,-0.0799,1.2140,0.1494,2.0,22.0,1.399999976158142,0.8565216,-0.4579496,0.13092287,0.13092287,0.601428,-1.0,0.8565216,-0.4579496,0.13092287,0.13092287,0.601428,-1.0
23.381,-0.0799,1.2143,0.1497,2.0,22.0,1.399999976158142,0.8565076,-0.4575584,0.1312674,0.1312674,0.6010508,-1.0,0.8565076,-0.4575584,0.1312674,0.1312674,0.6010508,-1.0
23.430,-0.0799,1.2144,0.1498,2.0,22.0,1.399999976158142,0.8565243,-0.45829263,0.13159272,0.13159272,0.6017683,-1.0,0.8565243,-0.45829263,0.13159272,0.13159272,0.6017683,-1.0
23.480,-0.0799,1.2146,0.1500,2.0,22.0,1.399999976158142,0.8565107,-0.45790884,0.13193597,0.13193597,0.6013981,-1.0,0.8565107,-0.45790884,0.13193597,0.13193597,0.6013981,-1.0
23.531,-0.0799,1.2147,0.1501,2.0,22.0,1.399999976158142,0.856525,-0.4585388,0.13226287,0.13226287,0.6020138,-1.0,0.856525,-0.4585388,0.13226287,0.13226287,0.6020138,-1.0
23.581,-0.0799,1.2148,0.1502,2.0,22.0,1.399999976158142,0.8565126,-0.45818418,0.13237542,0.13237542,0.6016716,-1.0,0.8565126,-0.45818418,0.13237542,0.13237542,0.6016716,-1.0
23.626,-0.0799,1.2149,0.1503,2.0,22.0,1.399999976158142,0.83053386,-0.43922296,0.12021514,0.12021514,0.6086891,-1.0,0.83053386,-0.43922296,0.12021514,0.12021514,0.6086891,-1.0
23.676,-0.0799,1.2150,0.1504,2.0,22.0,1.399999976158142,0.8564177,-0.45935363,0.12658335,0.12658335,0.6029359,-1.0,0.8564177,-0.45935363,0.12658335,0.12658335,0.6029359,-1.0
23.731,-0.0799,1.2150,0.1505,2.0,22.0,1.399999976158142,0.8564778,-0.45912188,0.12686905,0.12686905,0.6026441,-1.0,0.8564778,-0.45912188,0.12686905,0.12686905,0.6026441,-1.0
23.775,-0.0799,1.2151,0.1505,2.0,22.0,1.399999976158142,0.8565127,-0.45846486,0.12717435,0.12717435,0.60195214,-1.0,0.8565127,-0.45846486,0.12717435,0.12717435,0.60195214,-1.0
23.825,-0.0799,1.2151,0.1505,2.0,22.0,1.399999976158142,0.8565157,-0.45860663,0.12750886,0.12750886,0.60209095,-1.0,0.8565157,-0.45860663,0.12750886,0.12750886,0.60209095,-1.0
23.875,-0.0799,1.2151,0.1505,2.0,22.0,1.399999976158142,0.8565111,-0.4584629,0.12785068,0.12785068,0.6019518,-1.0,0.8565111,-0.4584629,0.12785068,0.12785068,0.6019518,-1.0
23.925,-0.0799,1.2151,0.1505,2.0,22.0,1.399999976158142,0.8565101,-0.45843035,0.128189,0.128189,0.60192025,-1.0,0.8565101,-0.45843035,0.128189,0.128189,0.60192025,-1.0
23.975,-0.0799,1.2151,0.1505,2.0,22.0,1.399999976158142,0.8565086,-0.45837307,0.12852803,0.12852803,0.60186446,-1.0,0.8565086,-0.45837307,0.12852803,0.12852803,0.60186446,-1.0
24.025,-0.0799,1.2150,0.1504,2.0,22.0,1.399999976158142,0.8565039,-0.45818034,0.1288706,0.1288706,0.6016764,-1.0,0.8565039,-0.45818034,0.1288706,0.1288706,0.6016764,-1.0
24.075,-0.0799,1.2149,0.1503,2.0,22.0,1.399999976158142,0.8565054,-0.45820644,0.12920785,0.12920785,0.601701,-1.0,0.8565054,-0.45820644,0.12920785,0.12920785,0.601701,-1.0
24.125,-0.0799,1.2149,0.1503,2.0,22.0,1.399999976158142,0.8564976,-0.4578761,0.12955287,0.12955287,0.6013785,-1.0,0.8564976,-0.4578761,0.12955287,0.12955287,0.6013785,-1.0
24.175,-0.0799,1.2147,0.1502,2.0,22.0,1.399999976158142,0.85650176,-0.45797867,0.12988901,0.12988901,0.6014769,-1.0,0.85650176,-0.45797867,0.12988901,0.12988901,0.6014769,-1.0
24.225,-0.0799,1.2147,0.1501,2.0,22.0,1.399999976158142,0.8564915,-0.45753995,0.13023582,0.13023582,0.6010484,-1.0,0.8564915,-0.45753995,0.13023582,0.13023582,0.6010484,-1.0
24.275,-0.0799,1.2145,0.1499,2.0,22.0,1.399999976158142,0.85649794,-0.45770836,0.13057157,0.13057157,0.6012104,-1.0,0.85649794,-0.45770836,0.13057157,0.13057157,0.6012104,-1.0
24.326,-0.0799,1.2144,0.1499,2.0,22.0,1.399999976158142,0.85648614,-0.4571978,0.13092095,0.13092095,0.60071164,-1.0,0.85648614,-0.4571978,0.13092095,0.13092095,0.60071164,-1.0
24.380,-0.0799,1.2143,0.1497,2.0,22.0,1.399999976158142,0.8564942,-0.45741564,0.13125718,0.13125718,0.60092145,-1.0,0.8564942,-0.45741564,0.13125718,0.13125718,0.60092145,-1.0
24.431,-0.0799,1.2142,0.1496,2.0,22.0,1.399999976158142,0.8564814,-0.45686042,0.131603,0.131603,0.60037905,-1.0,0.8564814,-0.45686042,0.131603,0.131603,0.60037905,-1.0
24.481,-0.0799,1.2140,0.1494,2.0,22.0,1.399999976158142,0.85649073,-0.45711997,0.13193929,0.13193929,0.60062927,-1.0,0.85649073,-0.45711997,0.13193929,0.13193929,0.60062927,-1.0
24.531,-0.0799,1.2139,0.1494,2.0,22.0,1.399999976158142,0.8564781,-0.4565704,0.13228764,0.13228764,0.60009223,-1.0,0.8564781,-0.4565704,0.13228764,0.13228764,0.60009223,-1.0
24.581,-0.0799,1.2138,0.1492,2.0,22.0,1.399999976158142,0.85648775,-0.45683908,0.13240075,0.13240075,0.60035133,-1.0,0.85648775,-0.45683908,0.13240075,0.13240075,0.60035133,-1.0
24.630,-0.0799,1.2137,0.1491,2.0,22.0,1.399999976158142,0.8306616,-0.4381586,0.120276995,0.120276995,0.60749704,-1.0,0.8306616,-0.4381586,0.120276995,0.120276995,0.60749704,-1.0
24.680,-0.0799,1.2135,0.1490,2.0,22.0,1.399999976158142,0.8563914,-0.45755482,0.12662959,0.12662959,0.60116345,-1.0,0.8563914,-0.45755482,0.12662959,0.12662959,0.60116345,-1.0
24.731,-0.0799,1.2135,0.1489,2.0,22.0,1.399999976158142,0.85643435,-0.4565518,0.1269309,0.1269309,0.60011744,-1.0,0.85643435,-0.4565518,0.1269309,0.1269309,0.60011744,-1.0
24.776,-0.0799,1.2133,0.1488,2.0,22.0,1.399999976158142,0.8564838,-0.4563856,0.12722856,0.12722856,0.5999018,-1.0,0.8564838,-0.4563856,0.12722856,0.12722856,0.5999018,-1.0
24.831,-0.0799,1.2133,0.1487,2.0,22.0,1.399999976158142,0.85647553,-0.45602116,0.12757497,0.12757497,0.5995456,-1.0,0.85647553,-0.45602116,0.12757497,0.12757497,0.5995456,-1.0
24.880,-0.0799,1.2132,0.1486,2.0,22.0,1.399999976158142,0.85648304,-0.45623776,0.1279095,0.1279095,0.59975475,-1.0,0.85648304,-0.45623776,0.1279095,0.1279095,0.59975475,-1.0
24.930,-0.0799,1.2132,0.1486,2.0,22.0,1.399999976158142,0.8564773,-0.45598215,0.12825325,0.12825325,0.5995048,-1.0,0.8564773,-0.45598215,0.12825325,0.12825325,0.5995048,-1.0
24.981,-0.0799,1.2131,0.1486,2.0,22.0,1.399999976158142,0.85648316,-0.45615366,0.12858869,0.12858869,0.5996705,-1.0,0.85648316,-0.45615366,0.12858869,0.12858869,0.5996705,-1.0
25.030,-0.0799,1.2131,0.1485,2.0,22.0,1.399999976158142,0.85648024,-0.45601913,0.12893122,0.12893122,0.5995389,-1.0,0.85648024,-0.45601913,0.12893122,0.12893122,0.5995389,-1.0
25.080,-0.0799,1.2131,0.1485,2.0,22.0,1.399999976158142,0.85648406,-0.45613533,0.12926616,0.12926616,0.59965134,-1.0,0.85648406,-0.45613533,0.12926616,0.12926616,0.59965134,-1.0
25.131,-0.0799,1.2131,0.1485,2.0,22.0,1.399999976158142,0.856484,-0.4561234,0.12960704,0.12960704,0.5996395,-1.0,0.856484,-0.4561234,0.12960704,0.12960704,0.5996395,-1.0
25.180,-0.0799,1.2131,0.1486,2.0,22.0,1.399999976158142,0.85648566,-0.4561812,0.12994231,0.12994231,0.59969556,-1.0,0.85648566,-0.4561812,0.12994231,0.12994231,0.59969556,-1.0
25.231,-0.0799,1.2131,0.1486,2.0,22.0,1.399999976158142,0.8564882,-0.45628548,0.13027869,0.13027869,0.59979725,-1.0,0.8564882,-0.45628548,0.13027869,0.13027869,0.59979725,-1.0
25.281,-0.0799,1.2132,0.1486,2.0,22.0,1.399999976158142,0.8564878,-0.45628384,0.13061695,0.13061695,0.59979606,-1.0,0.8564878,-0.45628384,0.13061695,0.13061695,0.59979606,-1.0
25.331,-0.0799,1.2132,0.1487,2.0,22.0,1.399999976158142,0.8564927,-0.4564895,0.13095477,0.13095477,0.5999968,-1.0,0.8564927,-0.4564895,0.13095477,0.13095477,0.5999968,-1.0
25.381,-0.0799,1.2133,0.1488,2.0,22.0,1.399999976158142,0.8564903,-0.4564342,0.1312925,0.1312925,0.5999439,-1.0,0.8564903,-0.4564342,0.1312925,0.1312925,0.5999439,-1.0
25.430,-0.0799,1.2134,0.1488,2.0,22.0,1.399999976158142,0.85649717,-0.4567256,0.13162498,0.13162498,0.6002284,-1.0,0.85649717,-0.4567256,0.13162498,0.13162498,0.6002284,-1.0
25.481,-0.0799,1.2135,0.1489,2.0,22.0,1.399999976158142,0.85649306,-0.4566179,0.13196577,0.13196577,0.60012484,-1.0,0.85649306,-0.4566179,0.13196577,0.13196577,0.60012484,-1.0
25.531,-0.0799,1.2135,0.1490,2.0,22.0,1.399999976158142,0.8565013,-0.45697084,0.13229677,0.13229677,0.6004696,-1.0,0.8565013,-0.45697084,0.13229677,0.13229677,0.6004696,-1.0
25.581,-0.0799,1.2136,0.1491,2.0,22.0,1.399999976158142,0.8564958,-0.45682338,0.13240306,0.13240306,0.6003276,-1.0,0.8564958,-0.45682338,0.13240306,0.13240306,0.6003276,-1.0
25.631,-0.0799,1.2137,0.1491,2.0,22.0,1.399999976158142,0.83063877,-0.43802541,0.12027481,0.12027481,0.60738665,-1.0,0.83063877,-0.43802541,0.12027481,0.12027481,0.60738665,-1.0
25.681,-0.0799,1.2138,0.1493,2.0,22.0,1.399999976158142,0.85640424,-0.45799512,0.12662102,0.12662102,0.6015909,-1.0,0.85640424,-0.45799512,0.12662102,0.12662102,0.6015909,-1.0
25.731,-0.0799,1.2139,0.1493,2.0,22.0,1.399999976158142,0.85646623,-0.4578242,0.126905,0.126905,0.60135794,-1.0,0.85646623,-0.4578242,0.126905,0.126905,0.60135794,-1.0
25.781,-0.0799,1.2140,0.1494,2.0,22.0,1.399999976158142,0.8565003,-0.4572269,0.12720908,0.12720908,0.6007266,-1.0,0.8565003,-0.4572269,0.12720908,0.12720908,0.6007266,-1.0
25.831,-0.0799,1.2140,0.1495,2.0,22.0,1.399999976158142,0.85650843,-0.45758194,0.12754108,0.12754108,0.60107356,-1.0,0.85650843,-0.45758194,0.12754108,0.12754108,0.60107356,-1.0
25.880,-0.0799,1.2142,0.1496,2.0,22.0,1.399999976158142,0.85650194,-0.45739922,0.12788245,0.12788245,0.6008973,-1.0,0.85650194,-0.45739922,0.12788245,0.12788245,0.6008973,-1.0
25.930,-0.0799,1.2142,0.1496,2.0,22.0,1.399999976158142,0.85650903,-0.45771256,0.1282143,0.1282143,0.6012035,-1.0,0.85650903,-0.45771256,0.1282143,0.1282143,0.6012035,-1.0
25.981,-0.0799,1.2143,0.1497,2.0,22.0,1.399999976158142,0.856503,-0.4575407,0.12855569,0.12855569,0.6010377,-1.0,0.856503,-0.4575407,0.12855569,0.12855569,0.6010377,-1.0
26.031,-0.0799,1.2143,0.1497,2.0,22.0,1.399999976158142,0.8565087,-0.4577927,0.12888946,0.12888946,0.601284,-1.0,0.8565087,-0.4577927,0.12888946,0.12888946,0.601284,-1.0
26.080,-0.0799,1.2144,0.1498,2.0,22.0,1.399999976158142,0.85650355,-0.45764378,0.12923089,0.12923089,0.60114026,-1.0,0.85650355,-0.45764378,0.12923089,0.12923089,0.60114026,-1.0
26.130,-0.0799,1.2144,0.1498,2.0,22.0,1.399999976158142,0.85650754,-0.45782366,0.12956524,0.12956524,0.6013161,-1.0,0.85650754,-0.45782366,0.12956524,0.12956524,0.6013161,-1.0
26.180,-0.0799,1.2144,0.1499,2.0,22.0,1.399999976158142,0.85650355,-0.4577049,0.12990531,0.12990531,0.60120136,-1.0,0.85650355,-0.4577049,0.12990531,0.12990531,0.60120136,-1.0
26.230,-0.0799,1.2145,0.1499,2.0,22.0,1.399999976158142,0.8565057,-0.45780465,0.13024175,0.13024175,0.601299,-1.0,0.8565057,-0.45780465,0.13024175,0.13024175,0.601299,-1.0
26.280,-0.0799,1.2145,0.1499,2.0,22.0,1.399999976158142,0.85650295,-0.45772222,0.13058212,0.13058212,0.60121924,-1.0,0.85650295,-0.45772222,0.13058212,0.13058212,0.60121924,-1.0
26.330,-0.0799,1.2145,0.1499,2.0,22.0,1.399999976158142,0.8565033,-0.45774153,0.13091958,0.13091958,0.60123825,-1.0,0.8565033,-0.45774153,0.13091958,0.13091958,0.60123825,-1.0
26.380,-0.0799,1.2145,0.1499,2.0,22.0,1.399999976158142,0.856502,-0.4576981,0.13125932,0.13125932,0.6011961,-1.0,0.856502,-0.4576981,0.13125932,0.13125932,0.6011961,-1.0
26.430,-0.0799,1.2144,0.1499,2.0,22.0,1.399999976158142,0.85650057,-0.45764086,0.13159911,0.13159911,0.6011403,-1.0,0.85650057,-0.45764086,0.13159911,0.13159911,0.6011403,-1.0
26.480,-0.0799,1.2144,0.1498,2.0,22.0,1.399999976158142,0.8565006,-0.45763654,0.13193695,0.13193695,0.6011359,-1.0,0.8565006,-0.45763654,0.13193695,0.13193695,0.6011359,-1.0
26.530,-0.0799,1.2144,0.1498,2.0,22.0,1.399999976158142,0.8564977,-0.45751172,0.13227768,0.13227768,0.6010141,-1.0,0.8564977,-0.45751172,0.13227768,0.13227768,0.6010141,-1.0
26.580,-0.0799,1.2143,0.1498,2.0,22.0,1.399999976158142,0.8564991,-0.45754433,0.13238697,0.13238697,0.60104525,-1.0,0.8564991,-0.45754433,0.13238697,0.13238697,0.60104525,-1.0
26.630,-0.0799,1.2143,0.1497,2.0,22.0,1.399999976158142,0.8306643,-0.4387923,0.12026052,0.12026052,0.608128,-1.0,0.8306643,-0.4387923,0.12026052,0.12026052,0.608128,-1.0
26.680,-0.0799,1.2142,0.1497,2.0,22.0,1.399999976158142,0.8564032,-0.45839027,0.12661123,0.12661123,0.60198706,-1.0,0.8564032,-0.45839027,0.12661123,0.12661123,0.60198706,-1.0
26.730,-0.0799,1.2142,0.1496,2.0,22.0,1.399999976158142,0.856451,-0.45760912,0.1269075,0.1269075,0.6011582,-1.0,0.856451,-0.45760912,0.1269075,0.1269075,0.6011582,-1.0
26.781,-0.0799,1.2141,0.1495,2.0,22.0,1.399999976158142,0.8564954,-0.45728734,0.12720694,0.12720694,0.600792,-1.0,0.8564954,-0.45728734,0.12720694,0.12720694,0.600792,-1.0
26.831,-0.0799,1.2141,0.1495,2.0,22.0,1.399999976158142,0.8564894,-0.45702964,0.12755191,0.12755191,0.6005402,-1.0,0.8564894,-0.45702964,0.12755191,0.12755191,0.6005402,-1.0
26.881,-0.0799,1.2140,0.1494,2.0,22.0,1.399999976158142,0.8564936,-0.45714387,0.12788735,0.12788735,0.60065025,-1.0,0.8564936,-0.45714387,0.12788735,0.12788735,0.60065025,-1.0
26.931,-0.0799,1.2140,0.1494,2.0,22.0,1.399999976158142,0.8564875,-0.45687717,0.12823115,0.12823115,0.60038966,-1.0,0.8564875,-0.45687717,0.12823115,0.12823115,0.60038966,-1.0
26.980,-0.0799,1.2139,0.1493,2.0,22.0,1.399999976158142,0.8564921,-0.45700455,0.12856723,0.12856723,0.60051244,-1.0,0.8564921,-0.45700455,0.12856723,0.12856723,0.60051244,-1.0
27.031,-0.0799,1.2138,0.1493,2.0,22.0,1.399999976158142,0.8564862,-0.45674846,0.12891127,0.12891127,0.6002622,-1.0,0.8564862,-0.45674846,0.12891127,0.12891127,0.6002622,-1.0
27.081,-0.0799,1.2138,0.1492,2.0,22.0,1.399999976158142,0.85649085,-0.4568788,0.12924962,0.12924962,0.60038793,-1.0,0.85649085,-0.4568788,0.12924962,0.12924962,0.60038793,-1.0
27.131,-0.0799,1.2137,0.1492,2.0,22.0,1.399999976158142,0.8564856,-0.45664755,0.12959132,0.12959132,0.60016197,-1.0,0.8564856,-0.45664755,0.12959132,0.12959132,0.60016197,-1.0
27.180,-0.0799,1.2137,0.1491,2.0,22.0,1.399999976158142,0.85648996,-0.45677283,0.12992916,0.12992916,0.60028285,-1.0,0.85648996,-0.45677283,0.12992916,0.12992916,0.60028285,-1.0
27.230,-0.0799,1.2136,0.1491,2.0,22.0,1.399999976158142,0.85648566,-0.45658246,0.13026918,0.13026918,0.60009676,-1.0,0.85648566,-0.45658246,0.13026918,0.13026918,0.60009676,-1.0
27.281,-0.0799,1.2136,0.1490,2.0,22.0,1.399999976158142,0.8564895,-0.45669365,0.13060649,0.13060649,0.6002041,-1.0,0.8564895,-0.45669365,0.13060649,0.13060649,0.6002041,-1.0
27.331,-0.0799,1.2136,0.1490,2.0,22.0,1.399999976158142,0.85648644,-0.45655608,0.13094723,0.13094723,0.60006964,-1.0,0.85648644,-0.45655608,0.13094723,0.13094723,0.60006964,-1.0
27.381,-0.0799,1.2135,0.1490,2.0,22.0,1.399999976158142,0.8564895,-0.45664522,0.13128442,0.13128442,0.6001558,-1.0,0.8564895,-0.45664522,0.13128442,0.13128442,0.6001558,-1.0
27.430,-0.0799,1.2135,0.1490,2.0,22.0,1.399999976158142,0.85648775,-0.45656583,0.13162425,0.13162425,0.6000781,-1.0,0.85648775,-0.45656583,0.13162425,0.13162425,0.6000781,-1.0
27.481,-0.0799,1.2135,0.1490,2.0,22.0,1.399999976158142,0.85648984,-0.45662913,0.13196075,0.13196075,0.6001393,-1.0,0.85648984,-0.45662913,0.13196075,0.13196075,0.6001393,-1.0
27.531,-0.0799,1.2135,0.1490,2.0,22.0,1.399999976158142,0.8564895,-0.4566102,0.13230105,0.13230105,0.6001207,-1.0,0.8564895,-0.4566102,0.13230105,0.13230105,0.6001207,-1.0
27.581,-0.0799,1.2135,0.1490,2.0,22.0,1.399999976158142,0.85649055,-0.45664492,0.1324063,0.1324063,0.6001544,-1.0,0.85649055,-0.45664492,0.1324063,0.1324063,0.6001544,-1.0
27.631,-0.0799,1.2135,0.1490,2.0,22.0,1.399999976158142,0.8306669,-0.43791702,0.12028528,0.12028528,0.6072501,-1.0,0.8306669,-0.43791702,0.12028528,0.12028528,0.6072501,-1.0
27.681,-0.0799,1.2135,0.1490,2.0,22.0,1.399999976158142,0.8563976,-0.45764858,0.12662956,0.12662956,0.60125095,-1.0,0.8563976,-0.45764858,0.12662956,0.12662956,0.60125095,-1.0
27.730,-0.0799,1.2136,0.1490,2.0,22.0,1.399999976158142,0.8564527,-0.45718014,0.12691864,0.12691864,0.60072744,-1.0,0.8564527,-0.45718014,0.12691864,0.12691864,0.60072744,-1.0
27.781,-0.0799,1.2136,0.1490,2.0,22.0,1.399999976158142,0.8564925,-0.45674717,0.12722148,0.12722148,0.60025465,-1.0,0.8564925,-0.45674717,0.12722148,0.12722148,0.60025465,-1.0
27.831,-0.0799,1.2136,0.1491,2.0,22.0,1.399999976158142,0.8564953,-0.4568667,0.12755737,0.12755737,0.60037136,-1.0,0.8564953,-0.4568667,0.12755737,0.12755737,0.60037136,-1.0
27.880,-0.0799,1.2137,0.1491,2.0,22.0,1.399999976158142,0.8564937,-0.4568256,0.1278956,0.1278956,0.6003319,-1.0,0.8564937,-0.4568256,0.1278956,0.1278956,0.6003319,-1.0
27.931,-0.0799,1.2137,0.1491,2.0,22.0,1.399999976158142,0.85649717,-0.45697528,0.12823139,0.12823139,0.6004781,-1.0,0.85649717,-0.45697528,0.12823139,0.12823139,0.6004781,-1.0
27.981,-0.0799,1.2137,0.1492,2.0,22.0,1.399999976158142,0.8564949,-0.45691493,0.12857166,0.12857166,0.60042,-1.0,0.8564949,-0.45691493,0.12857166,0.12857166,0.60042,-1.0
28.031,-0.0799,1.2138,0.1492,2.0,22.0,1.399999976158142,0.85649884,-0.45708483,0.12890631,0.12890631,0.600586,-1.0,0.85649884,-0.45708483,0.12890631,0.12890631,0.600586,-1.0
28.081,-0.0799,1.2138,0.1493,2.0,22.0,1.399999976158142,0.8564961,-0.45700994,0.12924653,0.12924653,0.6005138,-1.0,0.8564961,-0.45700994,0.12924653,0.12924653,0.6005138,-1.0
28.131,-0.0799,1.2138,0.1493,2.0,22.0,1.399999976158142,0.85650015,-0.4571864,0.12958324,0.12958324,0.60068625,-1.0,0.85650015,-0.4571864,0.12958324,0.12958324,0.60068625,-1.0
28.180,-0.0799,1.2139,0.1493,2.0,22.0,1.399999976158142,0.85649717,-0.45710453,0.12992102,0.12992102,0.60060734,-1.0,0.85649717,-0.45710453,0.12992102,0.12992102,0.60060734,-1.0
28.231,-0.0799,1.2139,0.1494,2.0,22.0,1.399999976158142,0.85650116,-0.45727798,0.13025558,0.13025558,0.6007768,-1.0,0.85650116,-0.45727798,0.13025558,0.13025558,0.6007768,-1.0
28.286,-0.0799,1.2140,0.1494,2.0,22.0,1.399999976158142,0.85649806,-0.45719105,0.13059628,0.13059628,0.600693,-1.0,0.85649806,-0.45719105,0.13059628,0.13059628,0.600693,-1.0
28.330,-0.0799,1.2140,0.1495,2.0,22.0,1.399999976158142,0.8565017,-0.45735097,0.13093118,0.13093118,0.6008492,-1.0,0.8565017,-0.45735097,0.13093118,0.13093118,0.6008492,-1.0
28.387,-0.0799,1.2141,0.1495,2.0,22.0,1.399999976158142,0.8565018,-0.45738924,0.13126941,0.13126941,0.6008874,-1.0,0.8565018,-0.45738924,0.13126941,0.13126941,0.6008874,-1.0
28.425,-0.0799,1.2141,0.1495,2.0,22.0,1.399999976158142,0.8564991,-0.4573105,0.13160877,0.13160877,0.6008114,-1.0,0.8564991,-0.4573105,0.13160877,0.13160877,0.6008114,-1.0
28.480,-0.0799,1.2141,0.1495,2.0,22.0,1.399999976158142,0.85649914,-0.4573264,0.13194744,0.13194744,0.6008273,-1.0,0.85649914,-0.4573264,0.13194744,0.13194744,0.6008273,-1.0
28.530,-0.0799,1.2141,0.1496,2.0,22.0,1.399999976158142,0.8565016,-0.45743284,0.13228285,0.13228285,0.6009313,-1.0,0.8565016,-0.45743284,0.13228285,0.13228285,0.6009313,-1.0
28.575,-0.0799,1.2141,0.1496,2.0,22.0,1.399999976158142,0.8564993,-0.45736793,0.13239121,0.13239121,0.60086864,-1.0,0.8564993,-0.45736793,0.13239121,0.13239121,0.60086864,-1.0
28.635,-0.0799,1.2142,0.1496,2.0,22.0,1.399999976158142,0.83069026,-0.43861738,0.12027212,0.12027212,0.6079271,-1.0,0.83069026,-0.43861738,0.12027212,0.12027212,0.6079271,-1.0
28.691,-0.0799,1.2142,0.1496,2.0,22.0,1.399999976158142,0.85640526,-0.45834458,0.12661393,0.12661393,0.6019393,-1.0,0.85640526,-0.45834458,0.12661393,0.12661393,0.6019393,-1.0
28.741,-0.0799,1.2142,0.1496,2.0,22.0,1.399999976158142,0.856459,-0.4578297,0.12690425,0.12690425,0.6013707,-1.0,0.856459,-0.4578297,0.12690425,0.12690425,0.6013707,-1.0
28.791,-0.0799,1.2142,0.1496,2.0,22.0,1.399999976158142,0.8564987,-0.45738235,0.12720792,0.12720792,0.60088366,-1.0,0.8564987,-0.45738235,0.12720792,0.12720792,0.60088366,-1.0
28.841,-0.0799,1.2142,0.1496,2.0,22.0,1.399999976158142,0.8564983,-0.45736632,0.12754686,0.12754686,0.60086805,-1.0,0.8564983,-0.45736632,0.12754686,0.12754686,0.60086805,-1.0
28.891,-0.0799,1.2142,0.1496,2.0,22.0,1.399999976158142,0.8564981,-0.45735735,0.12788503,0.12788503,0.6008592,-1.0,0.8564981,-0.45735735,0.12788503,0.12788503,0.6008592,-1.0
28.941,-0.0799,1.2141,0.1496,2.0,22.0,1.399999976158142,0.8564969,-0.45730495,0.1282243,0.1282243,0.6008081,-1.0,0.8564969,-0.45730495,0.1282243,0.1282243,0.6008081,-1.0
28.991,-0.0799,1.2141,0.1496,2.0,22.0,1.399999976158142,0.85649735,-0.4573154,0.12856254,0.12856254,0.60081804,-1.0,0.85649735,-0.4573154,0.12856254,0.12856254,0.60081804,-1.0
29.041,-0.0799,1.2141,0.1495,2.0,22.0,1.399999976158142,0.8564954,-0.45723286,0.12890233,0.12890233,0.60073745,-1.0,0.8564954,-0.45723286,0.12890233,0.12890233,0.60073745,-1.0
29.091,-0.0799,1.2141,0.1495,2.0,22.0,1.399999976158142,0.8564965,-0.4572609,0.12924266,0.12924266,0.6007644,-1.0,0.8564965,-0.4572609,0.12924266,0.12924266,0.6007644,-1.0
29.140,-0.0799,1.2141,0.1495,2.0,22.0,1.399999976158142,0.856494,-0.4571548,0.12958066,0.12958066,0.6006608,-1.0,0.856494,-0.4571548,0.12958066,0.12958066,0.6006608,-1.0
29.191,-0.0799,1.2140,0.1495,2.0,22.0,1.399999976158142,0.8564956,-0.4571977,0.12991937,0.12991937,0.6007021,-1.0,0.8564956,-0.4571977,0.12991937,0.12991937,0.6007021,-1.0
29.241,-0.0799,1.2140,0.1494,2.0,22.0,1.399999976158142,0.8564929,-0.4570785,0.1302593,0.1302593,0.60058564,-1.0,0.8564929,-0.4570785,0.1302593,0.1302593,0.60058564,-1.0
29.291,-0.0799,1.2140,0.1494,2.0,22.0,1.399999976158142,0.8564948,-0.45713115,0.13059704,0.13059704,0.60063636,-1.0,0.8564948,-0.45713115,0.13059704,0.13059704,0.60063636,-1.0
29.341,-0.0799,1.2139,0.1494,2.0,22.0,1.399999976158142,0.8564919,-0.45700786,0.13093844,0.13093844,0.6005159,-1.0,0.8564919,-0.45700786,0.13093844,0.13093844,0.6005159,-1.0
29.391,-0.0799,1.2139,0.1493,2.0,22.0,1.399999976158142,0.85649407,-0.45706597,0.13127525,0.13127525,0.60057193,-1.0,0.85649407,-0.45706597,0.13127525,0.13127525,0.60057193,-1.0
29.425,-0.0799,1.2139,0.1493,2.0,22.0,1.399999976158142,0.8564913,-0.4569465,0.13161552,0.13161552,0.60045516,-1.0,0.8564913,-0.4569465,0.13161552,0.13161552,0.60045516,-1.0
29.475,-0.0799,1.2138,0.1493,2.0,22.0,1.399999976158142,0.8564935,-0.45700702,0.13195382,0.13195382,0.6005136,-1.0,0.8564935,-0.45700702,0.13195382,0.13195382,0.6005136,-1.0
29.525,-0.0799,1.2138,0.1493,2.0,22.0,1.399999976158142,0.8564911,-0.4569019,0.13230063,0.13230063,0.6004108,-1.0,0.8564911,-0.4569019,0.13230063,0.13230063,0.6004108,-1.0
29.575,-0.0799,1.2138,0.1492,2.0,22.0,1.399999976158142,0.85649306,-0.45695624,0.13239951,0.13239951,0.6004632,-1.0,0.85649306,-0.45695624,0.13239951,0.13239951,0.6004632,-1.0
29.625,-0.0799,1.2138,0.1492,2.0,22.0,1.399999976158142,0.83071995,-0.43826908,0.12028944,0.12028944,0.60754913,-1.0,0.83071995,-0.43826908,0.12028944,0.12028944,0.60754913,-1.0
29.675,-0.0799,1.2138,0.1492,2.0,22.0,1.399999976158142,0.8563994,-0.4578745,0.12662682,0.12662682,0.6014751,-1.0,0.8563994,-0.4578745,0.12662682,0.12662682,0.6014751,-1.0
29.725,-0.0799,1.2138,0.1492,2.0,22.0,1.399999976158142,0.85645086,-0.45724934,0.12691954,0.12691954,0.6007985,-1.0,0.85645086,-0.45724934,0.12691954,0.12691954,0.6007985,-1.0
29.775,-0.0799,1.2137,0.1492,2.0,22.0,1.399999976158142,0.8564926,-0.45688578,0.12722118,0.12722118,0.60039324,-1.0,0.8564926,-0.45688578,0.12722118,0.12722118,0.60039324,-1.0
29.825,-0.0799,1.2137,0.1492,2.0,22.0,1.399999976158142,0.8564914,-0.4568323,0.12756044,0.12756044,0.6003409,-1.0,0.8564914,-0.4568323,0.12756044,0.12756044,0.6003409,-1.0
29.882,-0.0799,1.2137,0.1492,2.0,22.0,1.399999976158142,0.85649264,-0.45686862,0.12789775,0.12789775,0.600376,-1.0,0.85649264,-0.45686862,0.12789775,0.12789775,0.600376,-1.0
29.926,-0.0799,1.2137,0.1492,2.0,22.0,1.399999976158142,0.85649204,-0.45684204,0.12824407,0.12824407,0.60035,-1.0,0.85649204,-0.45684204,0.12824407,0.12824407,0.60035,-1.0
29.981,-0.0799,1.2137,0.1492,2.0,22.0,1.399999976158142,0.8564928,-0.45686564,0.1285757,0.1285757,0.6003728,-1.0,0.8564928,-0.45686564,0.1285757,0.1285757,0.6003728,-1.0
30.031,-0.0799,1.2137,0.1492,2.0,22.0,1.399999976158142,0.8564929,-0.45686543,0.12891391,0.12891391,0.60037255,-1.0,0.8564929,-0.45686543,0.12891391,0.12891391,0.60037255,-1.0
30.080,-0.0799,1.2137,0.1492,2.0,22.0,1.399999976158142,0.8564932,-0.45687708,0.1292541,0.1292541,0.6003839,-1.0,0.8564932,-0.45687708,0.1292541,0.1292541,0.6003839,-1.0
30.130,-0.0799,1.2137,0.1492,2.0,22.0,1.399999976158142,0.85649383,-0.4569028,0.12959029,0.12959029,0.600409,-1.0,0.85649383,-0.4569028,0.12959029,0.12959029,0.600409,-1.0
30.180,-0.0799,1.2137,0.1492,2.0,22.0,1.399999976158142,0.85649365,-0.4569012,0.12992981,0.12992981,0.6004075,-1.0,0.85649365,-0.4569012,0.12992981,0.12992981,0.6004075,-1.0
30.230,-0.0799,1.2137,0.1492,2.0,22.0,1.399999976158142,0.85649484,-0.4569504,0.13026516,0.13026516,0.6004555,-1.0,0.85649484,-0.4569504,0.13026516,0.13026516,0.6004555,-1.0
30.280,-0.0799,1.2138,0.1492,2.0,22.0,1.399999976158142,0.85649425,-0.45693597,0.13060519,0.13060519,0.60044175,-1.0,0.85649425,-0.45693597,0.13060519,0.13060519,0.60044175,-1.0
30.330,-0.0799,1.2138,0.1492,2.0,22.0,1.399999976158142,0.85649586,-0.45700422,0.13094173,0.13094173,0.6005084,-1.0,0.85649586,-0.45700422,0.13094173,0.13094173,0.6005084,-1.0
30.381,-0.0799,1.2138,0.1492,2.0,22.0,1.399999976158142,0.8564949,-0.45697883,0.13128264,0.13128264,0.60048395,-1.0,0.8564949,-0.45697883,0.13128264,0.13128264,0.60048395,-1.0
30.430,-0.0799,1.2138,0.1493,2.0,22.0,1.399999976158142,0.8564968,-0.4570619,0.131617,0.131617,0.6005651,-1.0,0.8564968,-0.4570619,0.131617,0.131617,0.6005651,-1.0
30.480,-0.0799,1.2138,0.1493,2.0,22.0,1.399999976158142,0.8564955,-0.45702708,0.1319563,0.1319563,0.6005315,-1.0,0.8564955,-0.45702708,0.1319563,0.1319563,0.6005315,-1.0
30.530,-0.0799,1.2139,0.1493,2.0,22.0,1.399999976158142,0.85649765,-0.45711777,0.13229339,0.13229339,0.60062015,-1.0,0.85649765,-0.45711777,0.13229339,0.13229339,0.60062015,-1.0
30.580,-0.0799,1.2139,0.1493,2.0,22.0,1.399999976158142,0.85649616,-0.4570769,0.13239744,0.13239744,0.60058075,-1.0,0.85649616,-0.4570769,0.13239744,0.13239744,0.60058075,-1.0
30.631,-0.0799,1.2139,0.1493,2.0,22.0,1.399999976158142,0.8304193,-0.43812624,0.12021517,0.12021517,0.6077069,-1.0,0.8304193,-0.43812624,0.12021517,0.12021517,0.6077069,-1.0
30.680,-0.0799,1.2139,0.1494,2.0,22.0,1.399999976158142,0.8564007,-0.45810553,0.12660871,0.12660871,0.60170484,-1.0,0.8564007,-0.45810553,0.12660871,0.12660871,0.60170484,-1.0
30.731,-0.0799,1.2139,0.1494,2.0,22.0,1.399999976158142,0.85645556,-0.4576354,0.12689799,0.12689799,0.6011798,-1.0,0.85645556,-0.4576354,0.12689799,0.12689799,0.6011798,-1.0
30.781,-0.0799,1.2140,0.1494,2.0,22.0,1.399999976158142,0.8564969,-0.4571586,0.12720037,0.12720037,0.6006617,-1.0,0.8564969,-0.4571586,0.12720037,0.12720037,0.6006617,-1.0
30.831,-0.0799,1.2140,0.1494,2.0,22.0,1.399999976158142,0.85649836,-0.45722345,0.12753992,0.12753992,0.6007251,-1.0,0.85649836,-0.45722345,0.12753992,0.12753992,0.6007251,-1.0
30.881,-0.0799,1.2140,0.1494,2.0,22.0,1.399999976158142,0.85649705,-0.45718738,0.1278763,0.1278763,0.6006903,-1.0,0.85649705,-0.45718738,0.1278763,0.1278763,0.6006903,-1.0
30.930,-0.0799,1.2140,0.1494,2.0,22.0,1.399999976158142,0.8564982,-0.45723748,0.1282129,0.1282129,0.6007393,-1.0,0.8564982,-0.45723748,0.1282129,0.1282129,0.6007393,-1.0
30.981,-0.0799,1.2140,0.1494,2.0,22.0,1.399999976158142,0.8564971,-0.45720652,0.12855251,0.12855251,0.6007094,-1.0,0.8564971,-0.45720652,0.12855251,0.12855251,0.6007094,-1.0
31.031,-0.0799,1.2140,0.1494,2.0,22.0,1.399999976158142,0.8564979,-0.45723987,0.12889108,0.12889108,0.600742,-1.0,0.8564979,-0.45723987,0.12889108,0.12889108,0.600742,-1.0
31.081,-0.0799,1.2140,0.1495,2.0,22.0,1.399999976158142,0.8564971,-0.45721665,0.12922898,0.12922898,0.6007196,-1.0,0.8564971,-0.45721665,0.12922898,0.12922898,0.6007196,-1.0
31.131,-0.0799,1.2140,0.1495,2.0,22.0,1.399999976158142,0.8564974,-0.45723265,0.1295668,0.1295668,0.6007352,-1.0,0.8564974,-0.45723265,0.1295668,0.1295668,0.6007352,-1.0
31.182,-0.0799,1.2140,0.1495,2.0,22.0,1.399999976158142,0.85649693,-0.4572175,0.1299058,0.1299058,0.6007206,-1.0,0.85649693,-0.4572175,0.1299058,0.1299058,0.6007206,-1.0
31.231,-0.0799,1.2140,0.1495,2.0,22.0,1.399999976158142,0.8564969,-0.4572166,0.13025464,0.13025464,0.6007197,-1.0,0.8564969,-0.4572166,0.13025464,0.13025464,0.6007197,-1.0
31.280,-0.0799,1.2140,0.1495,2.0,22.0,1.399999976158142,0.8564967,-0.45720997,0.1305825,0.1305825,0.60071325,-1.0,0.8564967,-0.45720997,0.1305825,0.1305825,0.60071325,-1.0
31.330,-0.0799,1.2140,0.1494,2.0,22.0,1.399999976158142,0.85649633,-0.45719397,0.13092151,0.13092151,0.60069764,-1.0,0.85649633,-0.45719397,0.13092151,0.13092151,0.60069764,-1.0
31.380,-0.0799,1.2140,0.1494,2.0,22.0,1.399999976158142,0.85649645,-0.45719546,0.13125941,0.13125941,0.600699,-1.0,0.85649645,-0.45719546,0.13125941,0.13125941,0.600699,-1.0
31.431,-0.0799,1.2140,0.1494,2.0,22.0,1.399999976158142,0.85649574,-0.45716673,0.13159934,0.13159934,0.600671,-1.0,0.85649574,-0.45716673,0.13159934,0.13159934,0.600671,-1.0
31.480,-0.0799,1.2140,0.1494,2.0,22.0,1.399999976158142,0.8564961,-0.45717546,0.13193735,0.13193735,0.60067934,-1.0,0.8564961,-0.45717546,0.13193735,0.13193735,0.60067934,-1.0
31.530,-0.0799,1.2140,0.1494,2.0,22.0,1.399999976158142,0.8564952,-0.4571371,0.13227637,0.13227637,0.6006419,-1.0,0.8564952,-0.4571371,0.13227637,0.13227637,0.6006419,-1.0
31.580,-0.0799,1.2140,0.1494,2.0,22.0,1.399999976158142,0.85649574,-0.45715195,0.13239565,0.13239565,0.60065615,-1.0,0.85649574,-0.45715195,0.13239565,0.13239565,0.60065615,-1.0
31.631,-0.0799,1.2140,0.1494,2.0,22.0,1.399999976158142,0.83069587,-0.43842983,0.12027888,0.12027888,0.60773396,-1.0,0.83069587,-0.43842983,0.12027888,0.12027888,0.60773396,-1.0
31.680,-0.0799,1.2139,0.1494,2.0,22.0,1.399999976158142,0.8564016,-0.45808506,0.12662016,0.12662016,0.60168344,-1.0,0.8564016,-0.45808506,0.12662016,0.12662016,0.60168344,-1.0
31.731,-0.0799,1.2139,0.1494,2.0,22.0,1.399999976158142,0.85645336,-0.45747817,0.1269123,0.1269123,0.6010248,-1.0,0.85645336,-0.45747817,0.1269123,0.1269123,0.6010248,-1.0
31.780,-0.0799,1.2139,0.1494,2.0,22.0,1.399999976158142,0.8564949,-0.4570903,0.12721471,0.12721471,0.60059536,-1.0,0.8564949,-0.4570903,0.12721471,0.12721471,0.60059536,-1.0
31.830,-0.0799,1.2139,0.1493,2.0,22.0,1.399999976158142,0.8564935,-0.45702842,0.12755336,0.12755336,0.6005349,-1.0,0.8564935,-0.45702842,0.12755336,0.12755336,0.6005349,-1.0
31.880,-0.0799,1.2139,0.1493,2.0,22.0,1.399999976158142,0.85649455,-0.45705807,0.12789246,0.12789246,0.6005635,-1.0,0.85649455,-0.45705807,0.12789246,0.12789246,0.6005635,-1.0
31.931,-0.0799,1.2139,0.1493,2.0,22.0,1.399999976158142,0.8564932,-0.45699847,0.12823156,0.12823156,0.6005053,-1.0,0.8564932,-0.45699847,0.12823156,0.12823156,0.6005053,-1.0
31.975,-0.0799,1.2139,0.1493,2.0,22.0,1.399999976158142,0.85649425,-0.45702872,0.12856938,0.12856938,0.60053444,-1.0,0.85649425,-0.45702872,0.12856938,0.12856938,0.60053444,-1.0
32.025,-0.0799,1.2139,0.1493,2.0,22.0,1.399999976158142,0.85649306,-0.456976,0.12890932,0.12890932,0.60048294,-1.0,0.85649306,-0.456976,0.12890932,0.12890932,0.60048294,-1.0
32.075,-0.0799,1.2138,0.1493,2.0,22.0,1.399999976158142,0.85649407,-0.4570046,0.12924744,0.12924744,0.60051054,-1.0,0.85649407,-0.4570046,0.12924744,0.12924744,0.60051054,-1.0
32.125,-0.0799,1.2138,0.1493,2.0,22.0,1.399999976158142,0.8564931,-0.456962,0.12958683,0.12958683,0.6004689,-1.0,0.8564931,-0.456962,0.12958683,0.12958683,0.6004689,-1.0
32.175,-0.0799,1.2138,0.1493,2.0,22.0,1.399999976158142,0.856494,-0.45698723,0.1299249,0.1299249,0.60049325,-1.0,0.856494,-0.45698723,0.1299249,0.1299249,0.60049325,-1.0
32.225,-0.0799,1.2138,0.1493,2.0,22.0,1.399999976158142,0.85649335,-0.45695746,0.13026327,0.13026327,0.6004641,-1.0,0.85649335,-0.45695746,0.13026327,0.13026327,0.6004641,-1.0
32.275,-0.0799,1.2138,0.1493,2.0,22.0,1.399999976158142,0.856494,-0.4569776,0.13060129,0.13060129,0.6004836,-1.0,0.856494,-0.4569776,0.13060129,0.13060129,0.6004836,-1.0
32.325,-0.0799,1.2138,0.1492,2.0,22.0,1.399999976158142,0.8564937,-0.45696262,0.13094085,0.13094085,0.60046893,-1.0,0.8564937,-0.45696262,0.13094085,0.13094085,0.60046893,-1.0
32.375,-0.0799,1.2138,0.1492,2.0,22.0,1.399999976158142,0.8564941,-0.4569762,0.13127893,0.13127893,0.60048205,-1.0,0.8564941,-0.4569762,0.13127893,0.13127893,0.60048205,-1.0
32.425,-0.0799,1.2138,0.1492,2.0,22.0,1.399999976158142,0.8564942,-0.45697644,0.13161685,0.13161685,0.6004823,-1.0,0.8564942,-0.45697644,0.13161685,0.13161685,0.6004823,-1.0
32.475,-0.0799,1.2138,0.1493,2.0,22.0,1.399999976158142,0.85649437,-0.45698288,0.13195582,0.13195582,0.60048854,-1.0,0.85649437,-0.45698288,0.13195582,0.13195582,0.60048854,-1.0
32.525,-0.0799,1.2138,0.1493,2.0,22.0,1.399999976158142,0.8564947,-0.4569981,0.13229363,0.13229363,0.6005034,-1.0,0.8564947,-0.4569981,0.13229363,0.13229363,0.6005034,-1.0
32.575,-0.0799,1.2138,0.1493,2.0,22.0,1.399999976158142,0.8564946,-0.45699704,0.13239914,0.13239914,0.60050243,-1.0,0.8564946,-0.45699704,0.13239914,0.13239914,0.60050243,-1.0
32.625,-0.0799,1.2138,0.1493,2.0,22.0,1.399999976158142,0.8306633,-0.43824926,0.12027544,0.12027544,0.60758597,-1.0,0.8306633,-0.43824926,0.12027544,0.12027544,0.60758597,-1.0
32.675,-0.0799,1.2138,0.1493,2.0,22.0,1.399999976158142,0.85640085,-0.45797816,0.12662137,0.12662137,0.6015773,-1.0,0.85640085,-0.45797816,0.12662137,0.12662137,0.6015773,-1.0
32.725,-0.0799,1.2138,0.1493,2.0,22.0,1.399999976158142,0.85645473,-0.4574564,0.1269124,0.1269124,0.6010016,-1.0,0.85645473,-0.4574564,0.1269124,0.1269124,0.6010016,-1.0
32.775,-0.0799,1.2138,0.1493,2.0,22.0,1.399999976158142,0.8564951,-0.45703086,0.12721452,0.12721452,0.60053575,-1.0,0.8564951,-0.45703086,0.12721452,0.12721452,0.60053575,-1.0
32.825,-0.0799,1.2139,0.1493,2.0,22.0,1.399999976158142,0.85649586,-0.457063,0.12755208,0.12755208,0.60056716,-1.0,0.85649586,-0.457063,0.12755208,0.12755208,0.60056716,-1.0
32.875,-0.0799,1.2139,0.1493,2.0,22.0,1.399999976158142,0.8564953,-0.4570494,0.127892,0.127892,0.60055405,-1.0,0.8564953,-0.4570494,0.127892,0.127892,0.60055405,-1.0
32.925,-0.0799,1.2139,0.1493,2.0,22.0,1.399999976158142,0.85649616,-0.4570845,0.12822856,0.12822856,0.6005884,-1.0,0.85649616,-0.4570845,0.12822856,0.12822856,0.6005884,-1.0
32.975,-0.0799,1.2139,0.1493,2.0,22.0,1.399999976158142,0.85649556,-0.45706865,0.12856686,0.12856686,0.60057306,-1.0,0.85649556,-0.45706865,0.12856686,0.12856686,0.60057306,-1.0
33.025,-0.0799,1.2139,0.1493,2.0,22.0,1.399999976158142,0.8564964,-0.45710453,0.12890548,0.12890548,0.60060817,-1.0,0.8564964,-0.45710453,0.12890548,0.12890548,0.60060817,-1.0
33.081,-0.0799,1.2139,0.1493,2.0,22.0,1.399999976158142,0.8564958,-0.45708758,0.12924396,0.12924396,0.6005918,-1.0,0.8564958,-0.45708758,0.12924396,0.12924396,0.6005918,-1.0
33.130,-0.0799,1.2139,0.1493,2.0,22.0,1.399999976158142,0.8564966,-0.4571228,0.1295818,0.1295818,0.60062623,-1.0,0.8564966,-0.4571228,0.1295818,0.1295818,0.60062623,-1.0
33.180,-0.0799,1.2139,0.1494,2.0,22.0,1.399999976158142,0.856496,-0.4571053,0.12992094,0.12992094,0.60060936,-1.0,0.856496,-0.4571053,0.12992094,0.12992094,0.60060936,-1.0
33.230,-0.0799,1.2139,0.1494,2.0,22.0,1.399999976158142,0.8564967,-0.45713812,0.13025866,0.13025866,0.6006414,-1.0,0.8564967,-0.45713812,0.13025866,0.13025866,0.6006414,-1.0
33.280,-0.0799,1.2139,0.1494,2.0,22.0,1.399999976158142,0.8564961,-0.45712113,0.13059747,0.13059747,0.60062504,-1.0,0.8564961,-0.45712113,0.13059747,0.13059747,0.60062504,-1.0
33.331,-0.0799,1.2139,0.1494,2.0,22.0,1.399999976158142,0.85649675,-0.45715013,0.13093455,0.13093455,0.6006534,-1.0,0.85649675,-0.45715013,0.13093455,0.13093455,0.6006534,-1.0
33.381,-0.0799,1.2139,0.1494,2.0,22.0,1.399999976158142,0.8564962,-0.4571343,0.13127513,0.13127513,0.6006381,-1.0,0.8564962,-0.4571343,0.13127513,0.13127513,0.6006381,-1.0
33.430,-0.0799,1.2139,0.1494,2.0,22.0,1.399999976158142,0.85649675,-0.45715848,0.13161202,0.13161202,0.6006617,-1.0,0.85649675,-0.45715848,0.13161202,0.13161202,0.6006617,-1.0
33.480,-0.0799,1.2140,0.1494,2.0,22.0,1.399999976158142,0.8564963,-0.45714468,0.13194965,0.13194965,0.6006484,-1.0,0.8564963,-0.45714468,0.13194965,0.13194965,0.6006484,-1.0
33.531,-0.0799,1.2140,0.1494,2.0,22.0,1.399999976158142,0.8564967,-0.45716298,0.13228825,0.13228825,0.6006663,-1.0,0.8564967,-0.45716298,0.13228825,0.13228825,0.6006663,-1.0
33.581,-0.0799,1.2140,0.1494,2.0,22.0,1.399999976158142,0.8564963,-0.4571517,0.13239592,0.13239592,0.60065544,-1.0,0.8564963,-0.4571517,0.13239592,0.13239592,0.60065544,-1.0
33.630,-0.0799,1.2140,0.1494,2.0,22.0,1.399999976158142,0.8306432,-0.43838197,0.12026662,0.12026662,0.6077388,-1.0,0.8306432,-0.43838197,0.12026662,0.12026662,0.6077388,-1.0
33.680,-0.0799,1.2140,0.1494,2.0,22.0,1.399999976158142,0.856402,-0.4581183,0.1266171,0.1266171,0.60171634,-1.0,0.856402,-0.4581183,0.1266171,0.1266171,0.60171634,-1.0
33.730,-0.0799,1.2140,0.1494,2.0,22.0,1.399999976158142,0.856455,-0.45756304,0.12690878,0.12690878,0.601108,-1.0,0.856455,-0.45756304,0.12690878,0.12690878,0.601108,-1.0
33.780,-0.0799,1.2140,0.1494,2.0,22.0,1.399999976158142,0.856496,-0.45714417,0.12721062,0.12721062,0.60064816,-1.0,0.856496,-0.45714417,0.12721062,0.12721062,0.60064816,-1.0
33.830,-0.0799,1.2140,0.1494,2.0,22.0,1.399999976158142,0.8564956,-0.45712847,0.12754892,0.12754892,0.60063285,-1.0,0.8564956,-0.45712847,0.12754892,0.12754892,0.60063285,-1.0
33.880,-0.0801,1.2136,0.1496,2.0,22.0,1.399999976158142,0.8564958,-0.45713246,0.12788828,0.12788828,0.60063666,-1.0,0.8564958,-0.45713246,0.12788828,0.12788828,0.60063666,-1.0
33.931,-0.0802,1.2132,0.1499,2.0,22.0,1.399999976158142,0.8561887,-0.44667587,0.1275022,0.1275022,0.5904871,-1.0,0.8561887,-0.44667587,0.1275022,0.1275022,0.5904871,-1.0
33.980,-0.0799,1.2127,0.1500,2.0,22.0,1.399999976158142,0.8560666,-0.44140002,0.1274613,0.1274613,0.5853334,-1.0,0.8560666,-0.44140002,0.1274613,0.1274613,0.5853334,-1.0
34.030,-0.0798,1.2126,0.1499,2.0,22.0,1.399999976158142,0.8561017,-0.441356,0.12785974,0.12785974,0.5852543,-1.0,0.8561017,-0.441356,0.12785974,0.12785974,0.5852543,-1.0
34.081,-0.0795,1.2124,0.1496,2.0,22.0,1.399999976158142,0.85632324,-0.4474717,0.12863585,0.12863585,0.59114844,-1.0,0.85632324,-0.4474717,0.12863585,0.12863585,0.59114844,-1.0
34.130,-0.0795,1.2124,0.1495,2.0,22.0,1.399999976158142,0.8562621,-0.4453787,0.12891555,0.12891555,0.5891166,-1.0,0.8562621,-0.4453787,0.12891555,0.12891555,0.5891166,-1.0
34.181,-0.0795,1.2122,0.1493,2.0,22.0,1.399999976158142,0.85632366,-0.44696543,0.12930883,0.12930883,0.5906418,-1.0,0.85632366,-0.44696543,0.12930883,0.12930883,0.5906418,-1.0
34.230,-0.0795,1.2121,0.1493,2.0,22.0,1.399999976158142,0.85632074,-0.4466686,0.12966572,0.12966572,0.5903479,-1.0,0.85632074,-0.4466686,0.12966572,0.12966572,0.5903479,-1.0
34.281,-0.0795,1.2120,0.1491,2.0,22.0,1.399999976158142,0.8563331,-0.44701004,0.12999827,0.12999827,0.59067696,-1.0,0.8563331,-0.44701004,0.12999827,0.12999827,0.59067696,-1.0
34.331,-0.0795,1.2119,0.1491,2.0,22.0,1.399999976158142,0.85632455,-0.44664493,0.13034265,0.13034265,0.59032035,-1.0,0.85632455,-0.44664493,0.13034265,0.13034265,0.59032035,-1.0
34.380,-0.0795,1.2119,0.1490,2.0,22.0,1.399999976158142,0.85633314,-0.44689053,0.13067734,0.13067734,0.5905574,-1.0,0.85633314,-0.44689053,0.13067734,0.13067734,0.5905574,-1.0
34.430,-0.0795,1.2118,0.1490,2.0,22.0,1.399999976158142,0.85632867,-0.44669288,0.13101634,0.13101634,0.5903642,-1.0,0.85632867,-0.44669288,0.13101634,0.13101634,0.5903642,-1.0
34.481,-0.0795,1.2118,0.1490,2.0,22.0,1.399999976158142,0.8563343,-0.44686204,0.13135055,0.13135055,0.5905277,-1.0,0.8563343,-0.44686204,0.13135055,0.13135055,0.5905277,-1.0
34.530,-0.0795,1.2118,0.1490,2.0,22.0,1.399999976158142,0.8563341,-0.44684,0.1316876,0.1316876,0.5905059,-1.0,0.8563341,-0.44684,0.1316876,0.1316876,0.5905059,-1.0
34.581,-0.0795,1.2119,0.1490,2.0,22.0,1.399999976158142,0.85633665,-0.44692415,0.13179451,0.13179451,0.5905875,-1.0,0.85633665,-0.44692415,0.13179451,0.13179451,0.5905875,-1.0
34.631,-0.0795,1.2119,0.1490,2.0,22.0,1.399999976158142,0.83048064,-0.42828625,0.119723365,0.119723365,0.5978056,-1.0,0.83048064,-0.42828625,0.119723365,0.119723365,0.5978056,-1.0
34.681,-0.0795,1.2120,0.1491,2.0,22.0,1.399999976158142,0.8562489,-0.44798177,0.12603894,0.12603894,0.59173286,-1.0,0.8562489,-0.44798177,0.12603894,0.12603894,0.59173286,-1.0
34.730,-0.0795,1.2120,0.1492,2.0,22.0,1.399999976158142,0.85631084,-0.44771224,0.12632245,0.12632245,0.5914014,-1.0,0.85631084,-0.44771224,0.12632245,0.12632245,0.5914014,-1.0
34.781,-0.0795,1.2121,0.1493,2.0,22.0,1.399999976158142,0.8563433,-0.44726726,0.12662846,0.12662846,0.59092396,-1.0,0.8563433,-0.44726726,0.12662846,0.12662846,0.59092396,-1.0
34.831,-0.0795,1.2122,0.1493,2.0,22.0,1.399999976158142,0.8563529,-0.44765964,0.12695767,0.12695767,0.59130675,-1.0,0.8563529,-0.44765964,0.12695767,0.12695767,0.59130675,-1.0
34.880,-0.0795,1.2123,0.1495,2.0,22.0,1.399999976158142,0.8563472,-0.4475155,0.1272989,0.1272989,0.5911683,-1.0,0.8563472,-0.4475155,0.1272989,0.1272989,0.5911683,-1.0
34.930,-0.0795,1.2124,0.1496,2.0,22.0,1.399999976158142,0.8563588,-0.44799575,0.12762383,0.12762383,0.5916369,-1.0,0.8563588,-0.44799575,0.12762383,0.12762383,0.5916369,-1.0
34.980,-0.0795,1.2126,0.1497,2.0,22.0,1.399999976158142,0.8563512,-0.4477944,0.12796453,0.12796453,0.59144324,-1.0,0.8563512,-0.4477944,0.12796453,0.12796453,0.59144324,-1.0
35.030,-0.0795,1.2126,0.1498,2.0,22.0,1.399999976158142,0.8563638,-0.44831824,0.12829085,0.12829085,0.59195447,-1.0,0.8563638,-0.44831824,0.12829085,0.12829085,0.59195447,-1.0
35.080,-0.0795,1.2128,0.1500,2.0,22.0,1.399999976158142,0.8563549,-0.4480818,0.12863198,0.12863198,0.5917269,-1.0,0.8563549,-0.4480818,0.12863198,0.12863198,0.5917269,-1.0
35.131,-0.0795,1.2129,0.1500,2.0,22.0,1.399999976158142,0.8563677,-0.44861686,0.12895842,0.12895842,0.59224916,-1.0,0.8563677,-0.44861686,0.12895842,0.12895842,0.59224916,-1.0
35.180,-0.0795,1.2131,0.1502,2.0,22.0,1.399999976158142,0.8563582,-0.44835994,0.1292994,0.1292994,0.59200174,-1.0,0.8563582,-0.44835994,0.1292994,0.1292994,0.59200174,-1.0
35.230,-0.0795,1.2131,0.1503,2.0,22.0,1.399999976158142,0.8563703,-0.4488692,0.12962802,0.12962802,0.5924989,-1.0,0.8563703,-0.4488692,0.12962802,0.12962802,0.5924989,-1.0
35.280,-0.0795,1.2133,0.1504,2.0,22.0,1.399999976158142,0.85636085,-0.4486117,0.12996848,0.12996848,0.5922508,-1.0,0.85636085,-0.4486117,0.12996848,0.12996848,0.5922508,-1.0
35.331,-0.0795,1.2133,0.1505,2.0,22.0,1.399999976158142,0.85637164,-0.44906825,0.13029759,0.13029759,0.5926966,-1.0,0.85637164,-0.44906825,0.13029759,0.13029759,0.5926966,-1.0
35.381,-0.0795,1.2135,0.1506,2.0,22.0,1.399999976158142,0.8563627,-0.4488212,0.13064028,0.13064028,0.5924585,-1.0,0.8563627,-0.4488212,0.13064028,0.13064028,0.5924585,-1.0
35.431,-0.0795,1.2135,0.1507,2.0,22.0,1.399999976158142,0.85637176,-0.4492048,0.13096766,0.13096766,0.59283304,-1.0,0.85637176,-0.4492048,0.13096766,0.13096766,0.59283304,-1.0
35.480,-0.0795,1.2136,0.1508,2.0,22.0,1.399999976158142,0.85636383,-0.44898215,0.13130887,0.13130887,0.5926183,-1.0,0.85636383,-0.44898215,0.13130887,0.13130887,0.5926183,-1.0
35.531,-0.0795,1.2137,0.1508,2.0,22.0,1.399999976158142,0.85637045,-0.44926512,0.13163961,0.13163961,0.5928947,-1.0,0.85637045,-0.44926512,0.13163961,0.13163961,0.5928947,-1.0
35.581,-0.0795,1.2137,0.1509,2.0,22.0,1.399999976158142,0.85636413,-0.4490852,0.1317512,0.1317512,0.59272105,-1.0,0.85636413,-0.4490852,0.1317512,0.1317512,0.59272105,-1.0
35.630,-0.0795,1.2137,0.1509,2.0,22.0,1.399999976158142,0.8304817,-0.43033245,0.11966876,0.11966876,0.5998508,-1.0,0.8304817,-0.43033245,0.11966876,0.11966876,0.5998508,-1.0
35.680,-0.0795,1.2138,0.1509,2.0,22.0,1.399999976158142,0.8562712,-0.45006424,0.12598576,0.12598576,0.59379303,-1.0,0.8562712,-0.45006424,0.12598576,0.12598576,0.59379303,-1.0
35.730,-0.0795,1.2138,0.1509,2.0,22.0,1.399999976158142,0.8563266,-0.4495538,0.12627453,0.12627453,0.5932272,-1.0,0.8563266,-0.4495538,0.12627453,0.12627453,0.5932272,-1.0
35.780,-0.0795,1.2138,0.1509,2.0,22.0,1.399999976158142,0.85636216,-0.4490983,0.12657957,0.12657957,0.5927361,-1.0,0.85636216,-0.4490983,0.12657957,0.12657957,0.5927361,-1.0
35.831,-0.0795,1.2137,0.1509,2.0,22.0,1.399999976158142,0.85636044,-0.44903296,0.12691773,0.12691773,0.5926725,-1.0,0.85636044,-0.44903296,0.12691773,0.12691773,0.5926725,-1.0
35.881,-0.0795,1.2137,0.1508,2.0,22.0,1.399999976158142,0.85636026,-0.44901758,0.12725513,0.12725513,0.5926573,-1.0,0.85636026,-0.44901758,0.12725513,0.12725513,0.5926573,-1.0
35.930,-0.0795,1.2137,0.1508,2.0,22.0,1.399999976158142,0.8563561,-0.44885117,0.12759532,0.12759532,0.592495,-1.0,0.8563561,-0.44885117,0.12759532,0.12759532,0.592495,-1.0
35.980,-0.0795,1.2136,0.1507,2.0,22.0,1.399999976158142,0.8563579,-0.4488893,0.12792996,0.12792996,0.59253144,-1.0,0.8563579,-0.4488893,0.12792996,0.12792996,0.59253144,-1.0
36.030,-0.0795,1.2136,0.1507,2.0,22.0,1.399999976158142,0.8563518,-0.44863957,0.12827201,0.12827201,0.5922878,-1.0,0.8563518,-0.44863957,0.12827201,0.12827201,0.5922878,-1.0
36.081,-0.0795,1.2135,0.1506,2.0,22.0,1.399999976158142,0.85635525,-0.44872594,0.12860732,0.12860732,0.5923707,-1.0,0.85635525,-0.44872594,0.12860732,0.12860732,0.5923707,-1.0
36.130,-0.0795,1.2134,0.1506,2.0,22.0,1.399999976158142,0.8563477,-0.44841272,0.12895012,0.12895012,0.59206504,-1.0,0.8563477,-0.44841272,0.12895012,0.12895012,0.59206504,-1.0
36.180,-0.0795,1.2133,0.1504,2.0,22.0,1.399999976158142,0.8563525,-0.448539,0.12928489,0.12928489,0.59218645,-1.0,0.8563525,-0.448539,0.12928489,0.12928489,0.59218645,-1.0
36.231,-0.0795,1.2133,0.1504,2.0,22.0,1.399999976158142,0.85634404,-0.4481856,0.1296274,0.1296274,0.5918416,-1.0,0.85634404,-0.4481856,0.1296274,0.1296274,0.5918416,-1.0
36.280,-0.0795,1.2131,0.1503,2.0,22.0,1.399999976158142,0.85634995,-0.44834283,0.12996311,0.12996311,0.5919929,-1.0,0.85634995,-0.44834283,0.12996311,0.12996311,0.5919929,-1.0
36.330,-0.0795,1.2131,0.1502,2.0,22.0,1.399999976158142,0.8563411,-0.44797394,0.13030541,0.13030541,0.59163284,-1.0,0.8563411,-0.44797394,0.13030541,0.13030541,0.59163284,-1.0
36.380,-0.0795,1.2130,0.1501,2.0,22.0,1.399999976158142,0.85634756,-0.44814843,0.13063927,0.13063927,0.59180087,-1.0,0.85634756,-0.44814843,0.13063927,0.13063927,0.59180087,-1.0
36.431,-0.0795,1.2129,0.1501,2.0,22.0,1.399999976158142,0.8563391,-0.44779214,0.13098261,0.13098261,0.591453,-1.0,0.8563391,-0.44779214,0.13098261,0.13098261,0.591453,-1.0
36.480,-0.0795,1.2128,0.1500,2.0,22.0,1.399999976158142,0.85634565,-0.44797096,0.1313174,0.1313174,0.59162533,-1.0,0.85634565,-0.44797096,0.1313174,0.1313174,0.59162533,-1.0
36.530,-0.0795,1.2128,0.1499,2.0,22.0,1.399999976158142,0.85633796,-0.4476462,0.13165957,0.13165957,0.59130824,-1.0,0.85633796,-0.4476462,0.13165957,0.13165957,0.59130824,-1.0
36.581,-0.0795,1.2127,0.1498,2.0,22.0,1.399999976158142,0.8563442,-0.44781902,0.13177502,0.13177502,0.59147483,-1.0,0.8563442,-0.44781902,0.13177502,0.13177502,0.59147483,-1.0
36.631,-0.0795,1.2126,0.1498,2.0,22.0,1.399999976158142,0.83031464,-0.42905045,0.11965936,0.11965936,0.5987358,-1.0,0.83031464,-0.42905045,0.11965936,0.11965936,0.5987358,-1.0
36.680,-0.0795,1.2126,0.1497,2.0,22.0,1.399999976158142,0.85625076,-0.4486397,0.12601466,0.12601466,0.5923889,-1.0,0.85625076,-0.4486397,0.12601466,0.12601466,0.5923889,-1.0
36.731,-0.0795,1.2125,0.1497,2.0,22.0,1.399999976158142,0.8563002,-0.44786364,0.12630832,0.12630832,0.5915634,-1.0,0.8563002,-0.44786364,0.12630832,0.12630832,0.5915634,-1.0
36.780,-0.0795,1.2125,0.1496,2.0,22.0,1.399999976158142,0.8563428,-0.44761348,0.1266121,0.1266121,0.5912707,-1.0,0.8563428,-0.44761348,0.1266121,0.1266121,0.5912707,-1.0
36.830,-0.0795,1.2125,0.1496,2.0,22.0,1.399999976158142,0.8563394,-0.44746557,0.12695028,0.12695028,0.5911262,-1.0,0.8563394,-0.44746557,0.12695028,0.12695028,0.5911262,-1.0
36.881,-0.0795,1.2124,0.1496,2.0,22.0,1.399999976158142,0.8563429,-0.44756857,0.12728435,0.12728435,0.5912256,-1.0,0.8563429,-0.44756857,0.12728435,0.12728435,0.5912256,-1.0
36.930,-0.0795,1.2124,0.1496,2.0,22.0,1.399999976158142,0.8563414,-0.4475003,0.12762259,0.12762259,0.59115887,-1.0,0.8563414,-0.4475003,0.12762259,0.12762259,0.59115887,-1.0
36.981,-0.0795,1.2124,0.1496,2.0,22.0,1.399999976158142,0.8563436,-0.44756675,0.12795822,0.12795822,0.5912231,-1.0,0.8563436,-0.44756675,0.12795822,0.12795822,0.5912231,-1.0
37.030,-0.0795,1.2124,0.1496,2.0,22.0,1.399999976158142,0.856344,-0.44757646,0.1282956,0.1282956,0.5912325,-1.0,0.856344,-0.44757646,0.1282956,0.1282956,0.5912325,-1.0
37.081,-0.0795,1.2125,0.1496,2.0,22.0,1.399999976158142,0.85634476,-0.4476048,0.1286315,0.1286315,0.59126,-1.0,0.85634476,-0.4476048,0.1286315,0.1286315,0.59126,-1.0
37.131,-0.0795,1.2125,0.1496,2.0,22.0,1.399999976158142,0.8563469,-0.4476878,0.12896682,0.12896682,0.59134096,-1.0,0.8563469,-0.4476878,0.12896682,0.12896682,0.59134096,-1.0
37.181,-0.0795,1.2125,0.1497,2.0,22.0,1.399999976158142,0.8563463,-0.44767824,0.12930414,0.12930414,0.59133196,-1.0,0.8563463,-0.44767824,0.12930414,0.12930414,0.59133196,-1.0
37.231,-0.0795,1.2125,0.1497,2.0,22.0,1.399999976158142,0.8563499,-0.4478256,0.12963782,0.12963782,0.59147567,-1.0,0.8563499,-0.4478256,0.12963782,0.12963782,0.59147567,-1.0
37.281,-0.0795,1.2126,0.1497,2.0,22.0,1.399999976158142,0.85634804,-0.44777974,0.12997948,0.12997948,0.59143174,-1.0,0.85634804,-0.44777974,0.12997948,0.12997948,0.59143174,-1.0
37.331,-0.0795,1.2126,0.1498,2.0,22.0,1.399999976158142,0.8563529,-0.4479813,0.13030927,0.13030927,0.5916284,-1.0,0.8563529,-0.4479813,0.13030927,0.13030927,0.5916284,-1.0
37.381,-0.0795,1.2127,0.1499,2.0,22.0,1.399999976158142,0.85634995,-0.44790402,0.13064699,0.13064699,0.5915541,-1.0,0.85634995,-0.44790402,0.13064699,0.13064699,0.5915541,-1.0
37.431,-0.0795,1.2127,0.1499,2.0,22.0,1.399999976158142,0.8563556,-0.44813916,0.13097881,0.13097881,0.5917836,-1.0,0.8563556,-0.44813916,0.13097881,0.13097881,0.5917836,-1.0
37.481,-0.0795,1.2128,0.1500,2.0,22.0,1.399999976158142,0.8563518,-0.44803897,0.13131773,0.13131773,0.59168714,-1.0,0.8563518,-0.44803897,0.13131773,0.13131773,0.59168714,-1.0
37.531,-0.0795,1.2128,0.1500,2.0,22.0,1.399999976158142,0.8563579,-0.44829285,0.1316506,0.1316506,0.591935,-1.0,0.8563579,-0.44829285,0.1316506,0.1316506,0.591935,-1.0
37.580,-0.0795,1.2129,0.1501,2.0,22.0,1.399999976158142,0.8563536,-0.44817743,0.13176897,0.13176897,0.5918239,-1.0,0.8563536,-0.44817743,0.13176897,0.13176897,0.5918239,-1.0
37.631,-0.0795,1.2130,0.1501,2.0,22.0,1.399999976158142,0.8303831,-0.42938444,0.11966815,0.11966815,0.5990013,-1.0,0.8303831,-0.42938444,0.11966815,0.11966815,0.5990013,-1.0
37.675,-0.0795,1.2130,0.1502,2.0,22.0,1.399999976158142,0.8562631,-0.44924134,0.12600519,0.12600519,0.59297824,-1.0,0.8562631,-0.44924134,0.12600519,0.12600519,0.59297824,-1.0
37.725,-0.0795,1.2131,0.1502,2.0,22.0,1.399999976158142,0.85632277,-0.44891796,0.12628838,0.12628838,0.59259516,-1.0,0.85632277,-0.44891796,0.12628838,0.12628838,0.59259516,-1.0
37.775,-0.0795,1.2131,0.1503,2.0,22.0,1.399999976158142,0.856356,-0.448415,0.12659624,0.12659624,0.59205896,-1.0,0.856356,-0.448415,0.12659624,0.12659624,0.59205896,-1.0
37.831,-0.0795,1.2132,0.1503,2.0,22.0,1.399999976158142,0.8563608,-0.44861585,0.12692696,0.12692696,0.59225506,-1.0,0.8563608,-0.44861585,0.12692696,0.12692696,0.59225506,-1.0
37.880,-0.0795,1.2132,0.1504,2.0,22.0,1.399999976158142,0.8563568,-0.44850385,0.12726673,0.12726673,0.59214705,-1.0,0.8563568,-0.44850385,0.12726673,0.12726673,0.59214705,-1.0
37.931,-0.0795,1.2132,0.1504,2.0,22.0,1.399999976158142,0.8563605,-0.44866163,0.12759985,0.12759985,0.59230113,-1.0,0.8563605,-0.44866163,0.12759985,0.12759985,0.59230113,-1.0
37.982,-0.0795,1.2133,0.1504,2.0,22.0,1.399999976158142,0.85635716,-0.448567,0.12793826,0.12793826,0.5922099,-1.0,0.85635716,-0.448567,0.12793826,0.12793826,0.5922099,-1.0
38.030,-0.0795,1.2133,0.1504,2.0,22.0,1.399999976158142,0.8563595,-0.44866982,0.12828867,0.12828867,0.59231037,-1.0,0.8563595,-0.44866982,0.12828867,0.12828867,0.59231037,-1.0
38.080,-0.0795,1.2133,0.1505,2.0,22.0,1.399999976158142,0.85635716,-0.44860426,0.12861186,0.12861186,0.5922471,-1.0,0.85635716,-0.44860426,0.12861186,0.12861186,0.5922471,-1.0
38.130,-0.0795,1.2133,0.1505,2.0,22.0,1.399999976158142,0.85635835,-0.44865933,0.12894656,0.12894656,0.59230095,-1.0,0.85635835,-0.44865933,0.12894656,0.12894656,0.59230095,-1.0
38.180,-0.0795,1.2133,0.1505,2.0,22.0,1.399999976158142,0.85635674,-0.44860947,0.12928452,0.12928452,0.5922528,-1.0,0.85635674,-0.44860947,0.12928452,0.12928452,0.5922528,-1.0
38.231,-0.0795,1.2133,0.1505,2.0,22.0,1.399999976158142,0.85635674,-0.44861478,0.12962078,0.12962078,0.59225804,-1.0,0.85635674,-0.44861478,0.12962078,0.12962078,0.59225804,-1.0
38.281,-0.0795,1.2133,0.1505,2.0,22.0,1.399999976158142,0.856356,-0.44859046,0.12995842,0.12995842,0.59223443,-1.0,0.856356,-0.44859046,0.12995842,0.12995842,0.59223443,-1.0
38.331,-0.0795,1.2133,0.1505,2.0,22.0,1.399999976158142,0.8563549,-0.44854736,0.13029568,0.13029568,0.5921925,-1.0,0.8563549,-0.44854736,0.13029568,0.13029568,0.5921925,-1.0
38.381,-0.0795,1.2133,0.1504,2.0,22.0,1.399999976158142,0.85635513,-0.44854817,0.13063292,0.13063292,0.59219307,-1.0,0.85635513,-0.44854817,0.13063292,0.13063292,0.59219307,-1.0
38.431,-0.0795,1.2133,0.1504,2.0,22.0,1.399999976158142,0.856353,-0.44846284,0.13097084,0.13097084,0.59210986,-1.0,0.856353,-0.44846284,0.13097084,0.13097084,0.59210986,-1.0
38.481,-0.0795,1.2132,0.1504,2.0,22.0,1.399999976158142,0.856354,-0.44848683,0.13130714,0.13130714,0.5921328,-1.0,0.856354,-0.44848683,0.13130714,0.13130714,0.5921328,-1.0
38.530,-0.0795,1.2132,0.1504,2.0,22.0,1.399999976158142,0.85635114,-0.44836795,0.13164593,0.13164593,0.5920168,-1.0,0.85635114,-0.44836795,0.13164593,0.13164593,0.5920168,-1.0
38.581,-0.0795,1.2132,0.1503,2.0,22.0,1.399999976158142,0.85635287,-0.4484119,0.13176359,0.13176359,0.5920591,-1.0,0.85635287,-0.4484119,0.13176359,0.13176359,0.5920591,-1.0
38.631,-0.0795,1.2131,0.1503,2.0,22.0,1.399999976158142,0.8305225,-0.4297605,0.11969421,0.11969421,0.59923804,-1.0,0.8305225,-0.4297605,0.11969421,0.11969421,0.59923804,-1.0
38.681,-0.0795,1.2131,0.1502,2.0,22.0,1.399999976158142,0.8562604,-0.44925353,0.12600818,0.12600818,0.59299314,-1.0,0.8562604,-0.44925353,0.12600818,0.12600818,0.59299314,-1.0
38.731,-0.0795,1.2131,0.1502,2.0,22.0,1.399999976158142,0.85631067,-0.44852936,0.12630002,0.12630002,0.5922187,-1.0,0.85631067,-0.44852936,0.12630002,0.12630002,0.5922187,-1.0
38.781,-0.0795,1.2130,0.1502,2.0,22.0,1.399999976158142,0.85635036,-0.4482325,0.12660508,0.12660508,0.59188217,-1.0,0.85635036,-0.4482325,0.12660508,0.12660508,0.59188217,-1.0
38.831,-0.0795,1.2130,0.1501,2.0,22.0,1.399999976158142,0.8563462,-0.44805858,0.12694573,0.12694573,0.59171236,-1.0,0.8563462,-0.44805858,0.12694573,0.12694573,0.59171236,-1.0
38.880,-0.0795,1.2129,0.1501,2.0,22.0,1.399999976158142,0.85634923,-0.44814086,0.12728031,0.12728031,0.59179157,-1.0,0.85634923,-0.44814086,0.12728031,0.12728031,0.59179157,-1.0
38.931,-0.0795,1.2129,0.1501,2.0,22.0,1.399999976158142,0.8563453,-0.44797346,0.12762007,0.12762007,0.5916282,-1.0,0.8563453,-0.44797346,0.12762007,0.12762007,0.5916282,-1.0
38.981,-0.0795,1.2129,0.1500,2.0,22.0,1.399999976158142,0.8563484,-0.44805837,0.12795599,0.12795599,0.59171,-1.0,0.8563484,-0.44805837,0.12795599,0.12795599,0.59171,-1.0
39.030,-0.0795,1.2128,0.1500,2.0,22.0,1.399999976158142,0.8563448,-0.44790733,0.12829454,0.12829454,0.5915625,-1.0,0.8563448,-0.44790733,0.12829454,0.12829454,0.5915625,-1.0
39.081,-0.0795,1.2128,0.1500,2.0,22.0,1.399999976158142,0.85634774,-0.4479888,0.12863055,0.12863055,0.59164107,-1.0,0.85634774,-0.4479888,0.12863055,0.12863055,0.59164107,-1.0
39.131,-0.0795,1.2128,0.1499,2.0,22.0,1.399999976158142,0.8563448,-0.44786435,0.12896936,0.12896936,0.59151953,-1.0,0.8563448,-0.44786435,0.12896936,0.12896936,0.59151953,-1.0
39.180,-0.0795,1.2128,0.1499,2.0,22.0,1.399999976158142,0.8563474,-0.44793668,0.12930682,0.12930682,0.5915893,-1.0,0.8563474,-0.44793668,0.12930682,0.12930682,0.5915893,-1.0
39.230,-0.0795,1.2127,0.1499,2.0,22.0,1.399999976158142,0.85634524,-0.44784477,0.12964386,0.12964386,0.59149957,-1.0,0.85634524,-0.44784477,0.12964386,0.12964386,0.59149957,-1.0
39.281,-0.0795,1.2127,0.1499,2.0,22.0,1.399999976158142,0.8563473,-0.4479038,0.12997922,0.12997922,0.5915565,-1.0,0.8563473,-0.4479038,0.12997922,0.12997922,0.5915565,-1.0
39.331,-0.0795,1.2127,0.1499,2.0,22.0,1.399999976158142,0.8563461,-0.4478506,0.13031921,0.13031921,0.5915045,-1.0,0.8563461,-0.4478506,0.13031921,0.13031921,0.5915045,-1.0
39.380,-0.0795,1.2127,0.1499,2.0,22.0,1.399999976158142,0.8563475,-0.44789234,0.13065541,0.13065541,0.5915448,-1.0,0.8563475,-0.44789234,0.13065541,0.13065541,0.5915448,-1.0
39.430,-0.0795,1.2127,0.1499,2.0,22.0,1.399999976158142,0.8563472,-0.4478777,0.1309909,0.1309909,0.59153044,-1.0,0.8563472,-0.4478777,0.1309909,0.1309909,0.59153044,-1.0
39.481,-0.0795,1.2127,0.1499,2.0,22.0,1.399999976158142,0.856348,-0.44790155,0.13132791,0.13132791,0.59155357,-1.0,0.856348,-0.44790155,0.13132791,0.13132791,0.59155357,-1.0
39.531,-0.0795,1.2127,0.1499,2.0,22.0,1.399999976158142,0.85634863,-0.44792536,0.13166402,0.13166402,0.59157676,-1.0,0.85634863,-0.44792536,0.13166402,0.13166402,0.59157676,-1.0
39.581,-0.0795,1.2127,0.1499,2.0,22.0,1.399999976158142,0.85634863,-0.4479299,0.13177364,0.13177364,0.5915812,-1.0,0.85634863,-0.4479299,0.13177364,0.13177364,0.5915812,-1.0
39.631,-0.0795,1.2127,0.1499,2.0,22.0,1.399999976158142,0.83052045,-0.42927933,0.11970655,0.11970655,0.5987589,-1.0,0.83052045,-0.42927933,0.11970655,0.11970655,0.5987589,-1.0
39.681,-0.0795,1.2128,0.1499,2.0,22.0,1.399999976158142,0.856259,-0.4488912,0.1260203,0.1260203,0.5926322,-1.0,0.856259,-0.4488912,0.1260203,0.1260203,0.5926322,-1.0
39.731,-0.0795,1.2128,0.1499,2.0,22.0,1.399999976158142,0.8563149,-0.44841245,0.12630567,0.12630567,0.5920976,-1.0,0.8563149,-0.44841245,0.12630567,0.12630567,0.5920976,-1.0
39.780,-0.0795,1.2128,0.1500,2.0,22.0,1.399999976158142,0.8563501,-0.44801852,0.12661126,0.12661126,0.5916684,-1.0,0.8563501,-0.44801852,0.12661126,0.12661126,0.5916684,-1.0
39.831,-0.0795,1.2128,0.1500,2.0,22.0,1.399999976158142,0.8563523,-0.4481106,0.12694712,0.12694712,0.59175825,-1.0,0.8563523,-0.4481106,0.12694712,0.12694712,0.59175825,-1.0
39.880,-0.0795,1.2128,0.1500,2.0,22.0,1.399999976158142,0.8563509,-0.44807386,0.12728523,0.12728523,0.5917229,-1.0,0.8563509,-0.44807386,0.12728523,0.12728523,0.5917229,-1.0
39.930,-0.0795,1.2129,0.1500,2.0,22.0,1.399999976158142,0.85635346,-0.44817972,0.12761737,0.12761737,0.59182626,-1.0,0.85635346,-0.44817972,0.12761737,0.12761737,0.59182626,-1.0
39.980,-0.0795,1.2129,0.1501,2.0,22.0,1.399999976158142,0.85635173,-0.44813287,0.12795563,0.12795563,0.59178114,-1.0,0.85635173,-0.44813287,0.12795563,0.12795563,0.59178114,-1.0
40.030,-0.0795,1.2129,0.1501,2.0,22.0,1.399999976158142,0.85635436,-0.44824335,0.12829088,0.12829088,0.591889,-1.0,0.85635436,-0.44824335,0.12829088,0.12829088,0.591889,-1.0
40.080,-0.0795,1.2130,0.1501,2.0,22.0,1.399999976158142,0.85635245,-0.44819194,0.12862876,0.12862876,0.5918395,-1.0,0.85635245,-0.44819194,0.12862876,0.12862876,0.5918395,-1.0
40.130,-0.0795,1.2130,0.1501,2.0,22.0,1.399999976158142,0.8563551,-0.44830173,0.12896289,0.12896289,0.59194666,-1.0,0.8563551,-0.44830173,0.12896289,0.12896289,0.59194666,-1.0
40.181,-0.0795,1.2130,0.1502,2.0,22.0,1.399999976158142,0.85635304,-0.44824752,0.12930092,0.12930092,0.59189445,-1.0,0.85635304,-0.44824752,0.12930092,0.12930092,0.59189445,-1.0
40.231,-0.0795,1.2130,0.1502,2.0,22.0,1.399999976158142,0.8563555,-0.44834965,0.12963587,0.12963587,0.59199417,-1.0,0.8563555,-0.44834965,0.12963587,0.12963587,0.59199417,-1.0
40.281,-0.0795,1.2130,0.1502,2.0,22.0,1.399999976158142,0.8563536,-0.4482967,0.12997349,0.12997349,0.59194314,-1.0,0.8563536,-0.4482967,0.12997349,0.12997349,0.59194314,-1.0
40.330,-0.0795,1.2131,0.1502,2.0,22.0,1.399999976158142,0.85635567,-0.44838533,0.13031054,0.13031054,0.5920297,-1.0,0.85635567,-0.44838533,0.13031054,0.13031054,0.5920297,-1.0
40.381,-0.0795,1.2131,0.1502,2.0,22.0,1.399999976158142,0.85635394,-0.44833708,0.1306468,0.1306468,0.59198314,-1.0,0.85635394,-0.44833708,0.1306468,0.1306468,0.59198314,-1.0
40.431,-0.0795,1.2131,0.1502,2.0,22.0,1.399999976158142,0.8563556,-0.44840887,0.1309822,0.1309822,0.59205323,-1.0,0.8563556,-0.44840887,0.1309822,0.1309822,0.59205323,-1.0
40.481,-0.0795,1.2131,0.1503,2.0,22.0,1.399999976158142,0.8563541,-0.44836646,0.13131967,0.13131967,0.59201235,-1.0,0.8563541,-0.44836646,0.13131967,0.13131967,0.59201235,-1.0
40.531,-0.0795,1.2131,0.1503,2.0,22.0,1.399999976158142,0.8563553,-0.4484183,0.13165504,0.13165504,0.592063,-1.0,0.8563553,-0.4484183,0.13165504,0.13165504,0.592063,-1.0
40.581,-0.0795,1.2131,0.1503,2.0,22.0,1.399999976158142,0.8563541,-0.44838446,0.13176459,0.13176459,0.59203035,-1.0,0.8563541,-0.44838446,0.13176459,0.13176459,0.59203035,-1.0
40.630,-0.0795,1.2131,0.1503,2.0,22.0,1.399999976158142,0.830448,-0.42965692,0.11967782,0.11967782,0.5992089,-1.0,0.830448,-0.42965692,0.11967782,0.11967782,0.5992089,-1.0
40.681,-0.0795,1.2131,0.1503,2.0,22.0,1.399999976158142,0.8562622,-0.44931984,0.12600468,0.12600468,0.59305763,-1.0,0.8562622,-0.44931984,0.12600468,0.12600468,0.59305763,-1.0
40.731,-0.0795,1.2131,0.1503,2.0,22.0,1.399999976158142,0.85631645,-0.44875854,0.12629373,0.12629373,0.59244204,-1.0,0.85631645,-0.44875854,0.12629373,0.12629373,0.59244204,-1.0
40.781,-0.0795,1.2131,0.1503,2.0,22.0,1.399999976158142,0.85635346,-0.44837323,0.12659867,0.12659867,0.59201974,-1.0,0.85635346,-0.44837323,0.12659867,0.12659867,0.59201974,-1.0
40.831,-0.0795,1.2131,0.1503,2.0,22.0,1.399999976158142,0.85635275,-0.44834417,0.12693535,0.12693535,0.5919914,-1.0,0.85635275,-0.44834417,0.12693535,0.12693535,0.5919914,-1.0
40.881,-0.0795,1.2131,0.1503,2.0,22.0,1.399999976158142,0.856353,-0.44834834,0.1272722,0.1272722,0.59199536,-1.0,0.856353,-0.44834834,0.1272722,0.1272722,0.59199536,-1.0
40.931,-0.0795,1.2131,0.1502,2.0,22.0,1.399999976158142,0.85635173,-0.44829884,0.12761004,0.12761004,0.5919471,-1.0,0.85635173,-0.44829884,0.12761004,0.12761004,0.5919471,-1.0
40.981,-0.0795,1.2131,0.1502,2.0,22.0,1.399999976158142,0.8563524,-0.44831458,0.12794782,0.12794782,0.59196216,-1.0,0.8563524,-0.44831458,0.12794782,0.12794782,0.59196216,-1.0
41.030,-0.0795,1.2131,0.1502,2.0,22.0,1.399999976158142,0.85635084,-0.4482493,0.12828512,0.12828512,0.5918985,-1.0,0.85635084,-0.4482493,0.12828512,0.12828512,0.5918985,-1.0
41.081,-0.0795,1.2130,0.1502,2.0,22.0,1.399999976158142,0.8563518,-0.4482747,0.12862098,0.12862098,0.5919229,-1.0,0.8563518,-0.4482747,0.12862098,0.12862098,0.5919229,-1.0
41.130,-0.0795,1.2130,0.1502,2.0,22.0,1.399999976158142,0.85635,-0.44820023,0.12896116,0.12896116,0.5918502,-1.0,0.85635,-0.44820023,0.12896116,0.12896116,0.5918502,-1.0
41.180,-0.0795,1.2130,0.1502,2.0,22.0,1.399999976158142,0.8563512,-0.44823217,0.12929617,0.12929617,0.5918809,-1.0,0.8563512,-0.44823217,0.12929617,0.12929617,0.5918809,-1.0
41.230,-0.0795,1.2130,0.1501,2.0,22.0,1.399999976158142,0.85634935,-0.44815323,0.12963416,0.12963416,0.5918039,-1.0,0.85634935,-0.44815323,0.12963416,0.12963416,0.5918039,-1.0
41.280,-0.0795,1.2130,0.1501,2.0,22.0,1.399999976158142,0.8563507,-0.44819027,0.12996998,0.12996998,0.59183955,-1.0,0.8563507,-0.44819027,0.12996998,0.12996998,0.59183955,-1.0
41.330,-0.0795,1.2130,0.1501,2.0,22.0,1.399999976158142,0.8563489,-0.44811323,0.13030873,0.13030873,0.59176433,-1.0,0.8563489,-0.44811323,0.13030873,0.13030873,0.59176433,-1.0
41.381,-0.0795,1.2129,0.1501,2.0,22.0,1.399999976158142,0.8563503,-0.44815174,0.13064553,0.13064553,0.59180146,-1.0,0.8563503,-0.44815174,0.13064553,0.13064553,0.59180146,-1.0
41.431,-0.0795,1.2129,0.1501,2.0,22.0,1.399999976158142,0.85634863,-0.44808143,0.13098308,0.13098308,0.5917328,-1.0,0.85634863,-0.44808143,0.13098308,0.13098308,0.5917328,-1.0
41.481,-0.0795,1.2129,0.1501,2.0,22.0,1.399999976158142,0.85634995,-0.44811884,0.13131833,0.13131833,0.59176886,-1.0,0.85634995,-0.44811884,0.13131833,0.13131833,0.59176886,-1.0
41.530,-0.0795,1.2129,0.1501,2.0,22.0,1.399999976158142,0.85634863,-0.44806063,0.13165672,0.13165672,0.591712,-1.0,0.85634863,-0.44806063,0.13165672,0.13165672,0.591712,-1.0
41.580,-0.0795,1.2129,0.1500,2.0,22.0,1.399999976158142,0.8563498,-0.4480941,0.13177024,0.13177024,0.5917443,-1.0,0.8563498,-0.4480941,0.13177024,0.13177024,0.5917443,-1.0
41.630,-0.0795,1.2129,0.1500,2.0,22.0,1.399999976158142,0.83049995,-0.42943037,0.119697295,0.119697295,0.5989304,-1.0,0.83049995,-0.42943037,0.119697295,0.119697295,0.5989304,-1.0
41.680,-0.0795,1.2129,0.1500,2.0,22.0,1.399999976158142,0.8562586,-0.4490024,0.12601437,0.12601437,0.5927438,-1.0,0.8562586,-0.4490024,0.12601437,0.12601437,0.5927438,-1.0
41.731,-0.0795,1.2129,0.1500,2.0,22.0,1.399999976158142,0.8563121,-0.4484069,0.12630402,0.12630402,0.5920948,-1.0,0.8563121,-0.4484069,0.12630402,0.12630402,0.5920948,-1.0
41.780,-0.0795,1.2128,0.1500,2.0,22.0,1.399999976158142,0.8563496,-0.44806075,0.12660997,0.12660997,0.59171116,-1.0,0.8563496,-0.44806075,0.12660997,0.12660997,0.59171116,-1.0
41.831,-0.0795,1.2128,0.1500,2.0,22.0,1.399999976158142,0.85634905,-0.44803685,0.12694688,0.12694688,0.5916878,-1.0,0.85634905,-0.44803685,0.12694688,0.12694688,0.5916878,-1.0
41.880,-0.0795,1.2128,0.1500,2.0,22.0,1.399999976158142,0.85634965,-0.4480549,0.1272839,0.1272839,0.59170526,-1.0,0.85634965,-0.4480549,0.1272839,0.1272839,0.59170526,-1.0
41.930,-0.0795,1.2128,0.1500,2.0,22.0,1.399999976158142,0.8563495,-0.44804692,0.12761876,0.12761876,0.5916974,-1.0,0.8563495,-0.44804692,0.12761876,0.12761876,0.5916974,-1.0
41.980,-0.0795,1.2128,0.1500,2.0,22.0,1.399999976158142,0.8563498,-0.44805768,0.12795645,0.12795645,0.5917078,-1.0,0.8563498,-0.44805768,0.12795645,0.12795645,0.5917078,-1.0
42.031,-0.0795,1.2128,0.1500,2.0,22.0,1.399999976158142,0.85635006,-0.44806582,0.12829208,0.12829208,0.59171575,-1.0,0.85635006,-0.44806582,0.12829208,0.12829208,0.59171575,-1.0
42.081,-0.0795,1.2129,0.1500,2.0,22.0,1.399999976158142,0.8563501,-0.44806868,0.12862982,0.12862982,0.59171855,-1.0,0.8563501,-0.44806868,0.12862982,0.12862982,0.59171855,-1.0
42.130,-0.0795,1.2129,0.1500,2.0,22.0,1.399999976158142,0.8563507,-0.44809195,0.12896603,0.12896603,0.59174126,-1.0,0.8563507,-0.44809195,0.12896603,0.12896603,0.59174126,-1.0
42.181,-0.0795,1.2129,0.1500,2.0,22.0,1.399999976158142,0.8563505,-0.4480871,0.129302,0.129302,0.5917366,-1.0,0.8563505,-0.4480871,0.129302,0.129302,0.5917366,-1.0
42.231,-0.0795,1.2129,0.1500,2.0,22.0,1.399999976158142,0.8563514,-0.4481235,0.12963875,0.12963875,0.59177214,-1.0,0.8563514,-0.4481235,0.12963875,0.12963875,0.59177214,-1.0
42.280,-0.0795,1.2129,0.1500,2.0,22.0,1.399999976158142,0.85635084,-0.4481114,0.12997599,0.12997599,0.5917605,-1.0,0.85635084,-0.4481114,0.12997599,0.12997599,0.5917605,-1.0
42.330,-0.0795,1.2129,0.1500,2.0,22.0,1.399999976158142,0.85635203,-0.4481587,0.13031131,0.13031131,0.5918067,-1.0,0.85635203,-0.4481587,0.13031131,0.13031131,0.5918067,-1.0
42.381,-0.0795,1.2129,0.1501,2.0,22.0,1.399999976158142,0.8563513,-0.4481401,0.13064857,0.13064857,0.5917888,-1.0,0.8563513,-0.4481401,0.13064857,0.13064857,0.5917888,-1.0
42.430,-0.0795,1.2129,0.1501,2.0,22.0,1.399999976158142,0.8563526,-0.44819504,0.13098414,0.13098414,0.5918424,-1.0,0.8563526,-0.44819504,0.13098414,0.13098414,0.5918424,-1.0
42.480,-0.0795,1.2129,0.1501,2.0,22.0,1.399999976158142,0.85635173,-0.4481714,0.13132241,0.13132241,0.5918197,-1.0,0.85635173,-0.4481714,0.13132241,0.13132241,0.5918197,-1.0
42.530,-0.0795,1.2129,0.1501,2.0,22.0,1.399999976158142,0.85635316,-0.4482307,0.13165793,0.13165793,0.5918776,-1.0,0.85635316,-0.4482307,0.13165793,0.13165793,0.5918776,-1.0
42.580,-0.0795,1.2130,0.1501,2.0,22.0,1.399999976158142,0.85635215,-0.44820368,0.13176833,0.13176833,0.59185153,-1.0,0.85635215,-0.44820368,0.13176833,0.13176833,0.59185153,-1.0
42.630,-0.0795,1.2130,0.1501,2.0,22.0,1.399999976158142,0.83051634,-0.42953548,0.11969878,0.11969878,0.59901917,-1.0,0.83051634,-0.42953548,0.11969878,0.11969878,0.59901917,-1.0
42.680,-0.0795,1.2130,0.1501,2.0,22.0,1.399999976158142,0.8562615,-0.44915605,0.12601227,0.12601227,0.59289455,-1.0,0.8562615,-0.44915605,0.12601227,0.12601227,0.59289455,-1.0
42.730,-0.0795,1.2130,0.1501,2.0,22.0,1.399999976158142,0.85631675,-0.44864646,0.12629904,0.12629904,0.5923297,-1.0,0.85631675,-0.44864646,0.12629904,0.12629904,0.5923297,-1.0
42.780,-0.0795,1.2130,0.1502,2.0,22.0,1.399999976158142,0.8563525,-0.44825056,0.12660415,0.12660415,0.591898,-1.0,0.8563525,-0.44825056,0.12660415,0.12660415,0.591898,-1.0
42.831,-0.0795,1.2130,0.1502,2.0,22.0,1.399999976158142,0.85635334,-0.44828564,0.12694113,0.12694113,0.5919323,-1.0,0.85635334,-0.44828564,0.12694113,0.12694113,0.5919323,-1.0
42.880,-0.0795,1.2130,0.1502,2.0,22.0,1.399999976158142,0.8563526,-0.44826484,0.12727731,0.12727731,0.5919122,-1.0,0.8563526,-0.44826484,0.12727731,0.12727731,0.5919122,-1.0
42.931,-0.0795,1.2130,0.1502,2.0,22.0,1.399999976158142,0.85635316,-0.4482893,0.12761489,0.12761489,0.5919361,-1.0,0.85635316,-0.4482893,0.12761489,0.12761489,0.5919361,-1.0
42.981,-0.0795,1.2130,0.1502,2.0,22.0,1.399999976158142,0.8563526,-0.4482731,0.1279515,0.1279515,0.5919205,-1.0,0.8563526,-0.4482731,0.1279515,0.1279515,0.5919205,-1.0
43.031,-0.0795,1.2130,0.1502,2.0,22.0,1.399999976158142,0.8563529,-0.4482869,0.12828878,0.12828878,0.59193397,-1.0,0.8563529,-0.4482869,0.12828878,0.12828878,0.59193397,-1.0
43.081,-0.0795,1.2130,0.1502,2.0,22.0,1.399999976158142,0.85635257,-0.44827566,0.12862656,0.12862656,0.5919231,-1.0,0.85635257,-0.44827566,0.12862656,0.12862656,0.5919231,-1.0
43.131,-0.0795,1.2130,0.1502,2.0,22.0,1.399999976158142,0.8563526,-0.44827908,0.1289622,0.1289622,0.59192646,-1.0,0.8563526,-0.44827908,0.1289622,0.1289622,0.59192646,-1.0
43.180,-0.0795,1.2130,0.1502,2.0,22.0,1.399999976158142,0.85635245,-0.4482731,0.12930074,0.12930074,0.5919207,-1.0,0.85635245,-0.4482731,0.12930074,0.12930074,0.5919207,-1.0
43.231,-0.0795,1.2130,0.1502,2.0,22.0,1.399999976158142,0.85635227,-0.44826698,0.12963559,0.12963559,0.5919147,-1.0,0.85635227,-0.44826698,0.12963559,0.12963559,0.5919147,-1.0
43.280,-0.0795,1.2130,0.1502,2.0,22.0,1.399999976158142,0.85635227,-0.44826603,0.12997115,0.12997115,0.59191376,-1.0,0.85635227,-0.44826603,0.12997115,0.12997115,0.59191376,-1.0
43.330,-0.0795,1.2130,0.1502,2.0,22.0,1.399999976158142,0.8563519,-0.448252,0.13030952,0.13030952,0.59190005,-1.0,0.8563519,-0.448252,0.13030952,0.13030952,0.59190005,-1.0
43.381,-0.0795,1.2130,0.1502,2.0,22.0,1.399999976158142,0.8563521,-0.44825557,0.13064784,0.13064784,0.5919035,-1.0,0.8563521,-0.44825557,0.13064784,0.13064784,0.5919035,-1.0
43.430,-0.0795,1.2130,0.1502,2.0,22.0,1.399999976158142,0.85635155,-0.4482353,0.13098411,0.13098411,0.5918837,-1.0,0.85635155,-0.4482353,0.13098411,0.13098411,0.5918837,-1.0
43.481,-0.0795,1.2130,0.1502,2.0,22.0,1.399999976158142,0.85635185,-0.44824272,0.13131997,0.13131997,0.5918909,-1.0,0.85635185,-0.44824272,0.13131997,0.13131997,0.5918909,-1.0
43.531,-0.0795,1.2130,0.1502,2.0,22.0,1.399999976158142,0.8563513,-0.4482188,0.13165769,0.13165769,0.5918675,-1.0,0.8563513,-0.4482188,0.13165769,0.13165769,0.5918675,-1.0
43.581,-0.0795,1.2130,0.1501,2.0,22.0,1.399999976158142,0.8563517,-0.44822896,0.1317677,0.1317677,0.5918773,-1.0,0.8563517,-0.44822896,0.1317677,0.1317677,0.5918773,-1.0
43.630,-0.0795,1.2130,0.1501,2.0,22.0,1.399999976158142,0.83027047,-0.4293771,0.11963956,0.11963956,0.5991066,-1.0,0.83027047,-0.4293771,0.11963956,0.11963956,0.5991066,-1.0
43.681,-0.0795,1.2130,0.1501,2.0,22.0,1.399999976158142,0.8562586,-0.44915688,0.12600234,0.12600234,0.5928983,-1.0,0.8562586,-0.44915688,0.12600234,0.12600234,0.5928983,-1.0
43.731,-0.0795,1.2130,0.1501,2.0,22.0,1.399999976158142,0.85631216,-0.44856116,0.12629247,0.12629247,0.592249,-1.0,0.85631216,-0.44856116,0.12629247,0.12629247,0.592249,-1.0
43.780,-0.0795,1.2130,0.1501,2.0,22.0,1.399999976158142,0.8563511,-0.44819054,0.12659465,0.12659465,0.59183943,-1.0,0.8563511,-0.44819054,0.12659465,0.12659465,0.59183943,-1.0
43.830,-0.0795,1.2130,0.1501,2.0,22.0,1.399999976158142,0.8563502,-0.44815144,0.12693131,0.12693131,0.5918013,-1.0,0.8563502,-0.44815144,0.12693131,0.12693131,0.5918013,-1.0
43.881,-0.0795,1.2129,0.1501,2.0,22.0,1.399999976158142,0.85635084,-0.44817033,0.12726782,0.12726782,0.59181947,-1.0,0.85635084,-0.44817033,0.12726782,0.12726782,0.59181947,-1.0
43.930,-0.0795,1.2129,0.1501,2.0,22.0,1.399999976158142,0.85635,-0.44813347,0.1276077,0.1276077,0.59178346,-1.0,0.85635,-0.44813347,0.1276077,0.1276077,0.59178346,-1.0
43.980,-0.0795,1.2129,0.1501,2.0,22.0,1.399999976158142,0.85635066,-0.44815215,0.12794198,0.12794198,0.59180146,-1.0,0.85635066,-0.44815215,0.12794198,0.12794198,0.59180146,-1.0
44.031,-0.0795,1.2129,0.1501,2.0,22.0,1.399999976158142,0.8563499,-0.44811988,0.12827912,0.12827912,0.59177,-1.0,0.8563499,-0.44811988,0.12827912,0.12827912,0.59177,-1.0
44.081,-0.0795,1.2129,0.1501,2.0,22.0,1.399999976158142,0.85635054,-0.44813788,0.12861656,0.12861656,0.59178734,-1.0,0.85635054,-0.44813788,0.12861656,0.12861656,0.59178734,-1.0
44.131,-0.0795,1.2129,0.1501,2.0,22.0,1.399999976158142,0.85634995,-0.44811255,0.12895328,0.12895328,0.5917626,-1.0,0.85634995,-0.44811255,0.12895328,0.12895328,0.5917626,-1.0
44.180,-0.0795,1.2129,0.1501,2.0,22.0,1.399999976158142,0.85635054,-0.44812804,0.12929057,0.12929057,0.59177756,-1.0,0.85635054,-0.44812804,0.12929057,0.12929057,0.59177756,-1.0
44.230,-0.0795,1.2129,0.1501,2.0,22.0,1.399999976158142,0.8563501,-0.4481116,0.12962696,0.12962696,0.59176147,-1.0,0.8563501,-0.4481116,0.12962696,0.12962696,0.59176147,-1.0
44.281,-0.0795,1.2129,0.1501,2.0,22.0,1.399999976158142,0.85635054,-0.44812346,0.129964,0.129964,0.5917729,-1.0,0.85635054,-0.44812346,0.129964,0.129964,0.5917729,-1.0
44.330,-0.0795,1.2129,0.1501,2.0,22.0,1.399999976158142,0.8563504,-0.44811687,0.1303002,0.1303002,0.5917665,-1.0,0.8563504,-0.44811687,0.1303002,0.1303002,0.5917665,-1.0
44.380,-0.0795,1.2129,0.1501,2.0,22.0,1.399999976158142,0.85635066,-0.44812435,0.13063726,0.13063726,0.5917737,-1.0,0.85635066,-0.44812435,0.13063726,0.13063726,0.5917737,-1.0
44.430,-0.0795,1.2129,0.1501,2.0,22.0,1.399999976158142,0.8563507,-0.44812799,0.13097405,0.13097405,0.5917772,-1.0,0.8563507,-0.44812799,0.13097405,0.13097405,0.5917772,-1.0
44.480,-0.0795,1.2129,0.1501,2.0,22.0,1.399999976158142,0.8563508,-0.4481306,0.13131066,0.13131066,0.5917798,-1.0,0.8563508,-0.4481306,0.13131066,0.13131066,0.5917798,-1.0
44.530,-0.0795,1.2129,0.1501,2.0,22.0,1.399999976158142,0.85635114,-0.44814426,0.13164726,0.13164726,0.5917931,-1.0,0.85635114,-0.44814426,0.13164726,0.13164726,0.5917931,-1.0
44.580,-0.0795,1.2129,0.1501,2.0,22.0,1.399999976158142,0.856351,-0.44814187,0.1317696,0.1317696,0.59179085,-1.0,0.856351,-0.44814187,0.1317696,0.1317696,0.59179085,-1.0
44.630,-0.0795,1.2129,0.1501,2.0,22.0,1.399999976158142,0.8305823,-0.42953265,0.119716,0.119716,0.5989503,-1.0,0.8305823,-0.42953265,0.119716,0.119716,0.5989503,-1.0
44.680,-0.0795,1.2129,0.1501,2.0,22.0,1.399999976158142,0.85626084,-0.449073,0.12601699,0.12601699,0.5928121,-1.0,0.85626084,-0.449073,0.12601699,0.12601699,0.5928121,-1.0
44.730,-0.0795,1.2129,0.1501,2.0,22.0,1.399999976158142,0.8563157,-0.44853428,0.12630515,0.12630515,0.59221864,-1.0,0.8563157,-0.44853428,0.12630515,0.12630515,0.59221864,-1.0
44.780,-0.0795,1.2129,0.1501,2.0,22.0,1.399999976158142,0.8563513,-0.44816366,0.12661055,0.12661055,0.5918123,-1.0,0.8563513,-0.44816366,0.12661055,0.12661055,0.5918123,-1.0
44.830,-0.0795,1.2129,0.1501,2.0,22.0,1.399999976158142,0.8563518,-0.44818285,0.12694767,0.12694767,0.5918311,-1.0,0.8563518,-0.44818285,0.12694767,0.12694767,0.5918311,-1.0
44.880,-0.0795,1.2129,0.1501,2.0,22.0,1.399999976158142,0.85635144,-0.44817448,0.12728402,0.12728402,0.59182304,-1.0,0.85635144,-0.44817448,0.12728402,0.12728402,0.59182304,-1.0
44.930,-0.0795,1.2129,0.1501,2.0,22.0,1.399999976158142,0.8563519,-0.44819477,0.12762056,0.12762056,0.59184283,-1.0,0.8563519,-0.44819477,0.12762056,0.12762056,0.59184283,-1.0
44.980,-0.0795,1.2129,0.1501,2.0,22.0,1.399999976158142,0.8563516,-0.4481854,0.12795791,0.12795791,0.59183383,-1.0,0.8563516,-0.4481854,0.12795791,0.12795791,0.59183383,-1.0
45.031,-0.0795,1.2130,0.1501,2.0,22.0,1.399999976158142,0.8563521,-0.44820598,0.12829518,0.12829518,0.5918539,-1.0,0.8563521,-0.44820598,0.12829518,0.12829518,0.5918539,-1.0
45.080,-0.0795,1.2130,0.1501,2.0,22.0,1.399999976158142,0.85635173,-0.44819614,0.12863377,0.12863377,0.59184444,-1.0,0.85635173,-0.44819614,0.12863377,0.12863377,0.59184444,-1.0
45.130,-0.0795,1.2130,0.1501,2.0,22.0,1.399999976158142,0.8563522,-0.44821653,0.12896754,0.12896754,0.5918643,-1.0,0.8563522,-0.44821653,0.12896754,0.12896754,0.5918643,-1.0
45.180,-0.0795,1.2130,0.1501,2.0,22.0,1.399999976158142,0.85635185,-0.44820634,0.12930545,0.12930545,0.5918545,-1.0,0.85635185,-0.44820634,0.12930545,0.12930545,0.5918545,-1.0
45.230,-0.0795,1.2130,0.1501,2.0,22.0,1.399999976158142,0.85635227,-0.44822538,0.12964159,0.12964159,0.5918731,-1.0,0.85635227,-0.44822538,0.12964159,0.12964159,0.5918731,-1.0
45.281,-0.0795,1.2130,0.1501,2.0,22.0,1.399999976158142,0.8563519,-0.44821566,0.12997885,0.12997885,0.59186375,-1.0,0.8563519,-0.44821566,0.12997885,0.12997885,0.59186375,-1.0
45.331,-0.0795,1.2130,0.1501,2.0,22.0,1.399999976158142,0.8563523,-0.44823295,0.13031536,0.13031536,0.5918806,-1.0,0.8563523,-0.44823295,0.13031536,0.13031536,0.5918806,-1.0
45.380,-0.0795,1.2130,0.1501,2.0,22.0,1.399999976158142,0.85635203,-0.44822386,0.13065225,0.13065225,0.59187186,-1.0,0.85635203,-0.44822386,0.13065225,0.13065225,0.59187186,-1.0
45.431,-0.0795,1.2130,0.1501,2.0,22.0,1.399999976158142,0.8563524,-0.4482389,0.130989,0.130989,0.5918865,-1.0,0.8563524,-0.4482389,0.130989,0.130989,0.5918865,-1.0
45.481,-0.0795,1.2130,0.1501,2.0,22.0,1.399999976158142,0.8563521,-0.4482307,0.13132603,0.13132603,0.59187865,-1.0,0.8563521,-0.4482307,0.13132603,0.13132603,0.59187865,-1.0
45.531,-0.0795,1.2130,0.1501,2.0,22.0,1.399999976158142,0.8563524,-0.44824338,0.13166234,0.13166234,0.59189105,-1.0,0.8563524,-0.44824338,0.13166234,0.13166234,0.59189105,-1.0
45.581,-0.0795,1.2130,0.1502,2.0,22.0,1.399999976158142,0.8563521,-0.44823626,0.13176775,0.13176775,0.59188414,-1.0,0.8563521,-0.44823626,0.13176775,0.13176775,0.59188414,-1.0
45.630,-0.0795,1.2130,0.1502,2.0,22.0,1.399999976158142,0.83047414,-0.4295391,0.119687945,0.119687945,0.59906495,-1.0,0.83047414,-0.4295391,0.119687945,0.119687945,0.59906495,-1.0
45.681,-0.0795,1.2130,0.1502,2.0,22.0,1.399999976158142,0.85626084,-0.44916502,0.12601054,0.12601054,0.5929042,-1.0,0.85626084,-0.44916502,0.12601054,0.12601054,0.5929042,-1.0
45.730,-0.0795,1.2130,0.1502,2.0,22.0,1.399999976158142,0.8563152,-0.44860184,0.12630014,0.12630014,0.59228665,-1.0,0.8563152,-0.44860184,0.12630014,0.12630014,0.59228665,-1.0
45.780,-0.0795,1.2130,0.1501,2.0,22.0,1.399999976158142,0.85635185,-0.4482308,0.1266045,0.1266045,0.59187895,-1.0,0.85635185,-0.4482308,0.1266045,0.1266045,0.59187895,-1.0
45.830,-0.0795,1.2130,0.1501,2.0,22.0,1.399999976158142,0.8563516,-0.44821924,0.12694,0.12694,0.5918676,-1.0,0.8563516,-0.44821924,0.12694,0.12694,0.5918676,-1.0
45.880,-0.0795,1.2130,0.1501,2.0,22.0,1.399999976158142,0.85635173,-0.44822252,0.12727799,0.12727799,0.5918708,-1.0,0.85635173,-0.44822252,0.12727799,0.12727799,0.5918708,-1.0
45.930,-0.0795,1.2130,0.1501,2.0,22.0,1.399999976158142,0.8563513,-0.44820637,0.12761511,0.12761511,0.59185505,-1.0,0.8563513,-0.44820637,0.12761511,0.12761511,0.59185505,-1.0
45.980,-0.0795,1.2130,0.1501,2.0,22.0,1.399999976158142,0.85635155,-0.44821241,0.12795128,0.12795128,0.59186083,-1.0,0.85635155,-0.44821241,0.12795128,0.12795128,0.59186083,-1.0
46.031,-0.0795,1.2130,0.1501,2.0,22.0,1.399999976158142,0.85635114,-0.44819367,0.12828855,0.12828855,0.59184253,-1.0,0.85635114,-0.44819367,0.12828855,0.12828855,0.59184253,-1.0
46.081,-0.0795,1.2130,0.1501,2.0,22.0,1.399999976158142,0.85635144,-0.44820186,0.1286269,0.1286269,0.5918504,-1.0,0.85635144,-0.44820186,0.1286269,0.1286269,0.5918504,-1.0
46.131,-0.0795,1.2130,0.1501,2.0,22.0,1.399999976158142,0.85635096,-0.44818226,0.1289629,0.1289629,0.59183127,-1.0,0.85635096,-0.44818226,0.1289629,0.1289629,0.59183127,-1.0
46.181,-0.0795,1.2130,0.1501,2.0,22.0,1.399999976158142,0.8563513,-0.4481916,0.12929945,0.12929945,0.5918403,-1.0,0.8563513,-0.4481916,0.12929945,0.12929945,0.5918403,-1.0
46.231,-0.0795,1.2130,0.1501,2.0,22.0,1.399999976158142,0.8563509,-0.44817317,0.12963694,0.12963694,0.59182227,-1.0,0.8563509,-0.44817317,0.12963694,0.12963694,0.59182227,-1.0
46.280,-0.0795,1.2129,0.1501,2.0,22.0,1.399999976158142,0.8563512,-0.4481827,0.12997395,0.12997395,0.5918315,-1.0,0.8563512,-0.4481827,0.12997395,0.12997395,0.5918315,-1.0
46.331,-0.0795,1.2129,0.1501,2.0,22.0,1.399999976158142,0.85635084,-0.44816694,0.13031024,0.13031024,0.59181607,-1.0,0.85635084,-0.44816694,0.13031024,0.13031024,0.59181607,-1.0
46.380,-0.0795,1.2129,0.1501,2.0,22.0,1.399999976158142,0.85635114,-0.44817594,0.1306486,0.1306486,0.59182477,-1.0,0.85635114,-0.44817594,0.1306486,0.1306486,0.59182477,-1.0
46.430,-0.0795,1.2129,0.1501,2.0,22.0,1.399999976158142,0.8563509,-0.44816422,0.13098393,0.13098393,0.5918133,-1.0,0.8563509,-0.44816422,0.13098393,0.13098393,0.5918133,-1.0
46.481,-0.0795,1.2129,0.1501,2.0,22.0,1.399999976158142,0.85635114,-0.44817182,0.13132097,0.13132097,0.59182066,-1.0,0.85635114,-0.44817182,0.13132097,0.13132097,0.59182066,-1.0
46.530,-0.0795,1.2129,0.1501,2.0,22.0,1.399999976158142,0.856351,-0.44816542,0.13165796,0.13165796,0.5918144,-1.0,0.856351,-0.44816542,0.13165796,0.13165796,0.5918144,-1.0
46.581,-0.0795,1.2129,0.1501,2.0,22.0,1.399999976158142,0.8563512,-0.4481708,0.13176908,0.13176908,0.59181964,-1.0,0.8563512,-0.4481708,0.13176908,0.13176908,0.59181964,-1.0
46.630,-0.0795,1.2129,0.1501,2.0,22.0,1.399999976158142,0.83047706,-0.42948055,0.11969031,0.11969031,0.5990035,-1.0,0.83047706,-0.42948055,0.11969031,0.11969031,0.5990035,-1.0
46.680,-0.0795,1.2129,0.1501,2.0,22.0,1.399999976158142,0.85626,-0.44909698,0.12601238,0.12601238,0.592837,-1.0,0.85626,-0.44909698,0.12601238,0.12601238,0.592837,-1.0
46.730,-0.0795,1.2129,0.1501,2.0,22.0,1.399999976158142,0.85631406,-0.44853497,0.12630032,0.12630032,0.5922209,-1.0,0.85631406,-0.44853497,0.12630032,0.12630032,0.5922209,-1.0
46.780,-0.0795,1.2129,0.1501,2.0,22.0,1.399999976158142,0.85635114,-0.44816598,0.12660462,0.12660462,0.5918149,-1.0,0.85635114,-0.44816598,0.12660462,0.12660462,0.5918149,-1.0
46.830,-0.0795,1.2129,0.1501,2.0,22.0,1.399999976158142,0.856351,-0.44816047,0.12694193,0.12694193,0.5918095,-1.0,0.856351,-0.44816047,0.12694193,0.12694193,0.5918095,-1.0
46.880,-0.0795,1.2129,0.1501,2.0,22.0,1.399999976158142,0.85635114,-0.4481642,0.12727849,0.12727849,0.5918131,-1.0,0.85635114,-0.4481642,0.12727849,0.12727849,0.5918131,-1.0
46.930,-0.0795,1.2129,0.1501,2.0,22.0,1.399999976158142,0.8563511,-0.44816136,0.12761524,0.12761524,0.5918103,-1.0,0.8563511,-0.44816136,0.12761524,0.12761524,0.5918103,-1.0
46.980,-0.0795,1.2129,0.1501,2.0,22.0,1.399999976158142,0.85635114,-0.448164,0.12795219,0.12795219,0.59181285,-1.0,0.85635114,-0.448164,0.12795219,0.12795219,0.59181285,-1.0
47.030,-0.0795,1.2129,0.1501,2.0,22.0,1.399999976158142,0.8563512,-0.4481645,0.1282887,0.1282887,0.5918133,-1.0,0.8563512,-0.4481645,0.1282887,0.1282887,0.5918133,-1.0
47.080,-0.0795,1.2129,0.1501,2.0,22.0,1.399999976158142,0.8563512,-0.44816577,0.12862557,0.12862557,0.5918146,-1.0,0.8563512,-0.44816577,0.12862557,0.12862557,0.5918146,-1.0
47.131,-0.0795,1.2129,0.1501,2.0,22.0,1.399999976158142,0.8563513,-0.44817,0.12896244,0.12896244,0.5918187,-1.0,0.8563513,-0.44817,0.12896244,0.12896244,0.5918187,-1.0
47.181,-0.0795,1.2129,0.1501,2.0,22.0,1.399999976158142,0.85635126,-0.44816962,0.12929972,0.12929972,0.59181833,-1.0,0.85635126,-0.44816962,0.12929972,0.12929972,0.59181833,-1.0
47.231,-0.0795,1.2129,0.1501,2.0,22.0,1.399999976158142,0.8563515,-0.44817764,0.12963685,0.12963685,0.5918262,-1.0,0.8563515,-0.44817764,0.12963685,0.12963685,0.5918262,-1.0
47.281,-0.0795,1.2129,0.1501,2.0,22.0,1.399999976158142,0.8563514,-0.4481754,0.12997353,0.12997353,0.59182405,-1.0,0.8563514,-0.4481754,0.12997353,0.12997353,0.59182405,-1.0
47.331,-0.0795,1.2129,0.1501,2.0,22.0,1.399999976158142,0.8563517,-0.4481868,0.13031706,0.13031706,0.59183514,-1.0,0.8563517,-0.4481868,0.13031706,0.13031706,0.59183514,-1.0
47.381,-0.0795,1.2129,0.1501,2.0,22.0,1.399999976158142,0.8563515,-0.4481831,0.13064697,0.13064697,0.59183156,-1.0,0.8563515,-0.4481831,0.13064697,0.13064697,0.59183156,-1.0
47.430,-0.0795,1.2129,0.1501,2.0,22.0,1.399999976158142,0.85635185,-0.44819778,0.13098364,0.13098364,0.5918459,-1.0,0.85635185,-0.44819778,0.13098364,0.13098364,0.5918459,-1.0
47.476,-0.0795,1.2130,0.1501,2.0,22.0,1.399999976158142,0.8563516,-0.44819197,0.13132028,0.13132028,0.5918403,-1.0,0.8563516,-0.44819197,0.13132028,0.13132028,0.5918403,-1.0
47.525,-0.0795,1.2130,0.1501,2.0,22.0,1.399999976158142,0.85635203,-0.44820815,0.1316803,0.1316803,0.5918561,-1.0,0.85635203,-0.44820815,0.1316803,0.1316803,0.5918561,-1.0
47.575,-0.0795,1.2130,0.1501,2.0,22.0,1.399999976158142,0.8563518,-0.44820267,0.13176854,0.13176854,0.5918509,-1.0,0.8563518,-0.44820267,0.13176854,0.13176854,0.5918509,-1.0
47.625,-0.0795,1.2130,0.1501,2.0,22.0,1.399999976158142,0.8304408,-0.4294797,0.11968102,0.11968102,0.59903884,-1.0,0.8304408,-0.4294797,0.11968102,0.11968102,0.59903884,-1.0
47.675,-0.0795,1.2130,0.1501,2.0,22.0,1.399999976158142,0.8562602,-0.44914144,0.12600915,0.12600915,0.59288126,-1.0,0.8562602,-0.44914144,0.12600915,0.12600915,0.59288126,-1.0
47.725,-0.0795,1.2130,0.1501,2.0,22.0,1.399999976158142,0.85631496,-0.44859052,0.12629865,0.12629865,0.59227556,-1.0,0.85631496,-0.44859052,0.12629865,0.12629865,0.59227556,-1.0
47.775,-0.0795,1.2130,0.1501,2.0,22.0,1.399999976158142,0.8563518,-0.44821113,0.1266019,0.1266019,0.59185934,-1.0,0.8563518,-0.44821113,0.1266019,0.1266019,0.59185934,-1.0
47.826,-0.0795,1.2130,0.1501,2.0,22.0,1.399999976158142,0.85635185,-0.4482149,0.1269388,0.1269388,0.59186304,-1.0,0.85635185,-0.4482149,0.1269388,0.1269388,0.59186304,-1.0
47.875,-0.0795,1.2130,0.1501,2.0,22.0,1.399999976158142,0.85635173,-0.44821173,0.12727623,0.12727623,0.59185994,-1.0,0.85635173,-0.44821173,0.12727623,0.12727623,0.59185994,-1.0
47.926,-0.0795,1.2130,0.1501,2.0,22.0,1.399999976158142,0.8563518,-0.44821241,0.12761338,0.12761338,0.59186065,-1.0,0.8563518,-0.44821241,0.12761338,0.12761338,0.59186065,-1.0
47.975,-0.0795,1.2130,0.1501,2.0,22.0,1.399999976158142,0.85635173,-0.4482109,0.1279519,0.1279519,0.59185916,-1.0,0.85635173,-0.4482109,0.1279519,0.1279519,0.59185916,-1.0
48.025,-0.0795,1.2130,0.1501,2.0,22.0,1.399999976158142,0.8563517,-0.4482091,0.12828568,0.12828568,0.59185743,-1.0,0.8563517,-0.4482091,0.12828568,0.12828568,0.59185743,-1.0
48.075,-0.0795,1.2130,0.1501,2.0,22.0,1.399999976158142,0.8563517,-0.44820905,0.12862298,0.12862298,0.5918574,-1.0,0.8563517,-0.44820905,0.12862298,0.12862298,0.5918574,-1.0
48.125,-0.0795,1.2130,0.1501,2.0,22.0,1.399999976158142,0.8563516,-0.44820562,0.12896036,0.12896036,0.59185404,-1.0,0.8563516,-0.44820562,0.12896036,0.12896036,0.59185404,-1.0
48.175,-0.0795,1.2130,0.1501,2.0,22.0,1.399999976158142,0.8563516,-0.44820666,0.12929696,0.12929696,0.59185505,-1.0,0.8563516,-0.44820666,0.12929696,0.12929696,0.59185505,-1.0
48.225,-0.0795,1.2130,0.1501,2.0,22.0,1.399999976158142,0.85635155,-0.4482025,0.1296334,0.1296334,0.59185094,-1.0,0.85635155,-0.4482025,0.1296334,0.1296334,0.59185094,-1.0
48.275,-0.0795,1.2130,0.1501,2.0,22.0,1.399999976158142,0.8563516,-0.4482043,0.12997085,0.12997085,0.5918527,-1.0,0.8563516,-0.4482043,0.12997085,0.12997085,0.5918527,-1.0
48.325,-0.0795,1.2130,0.1501,2.0,22.0,1.399999976158142,0.8563515,-0.44820026,0.1303075,0.1303075,0.59184873,-1.0,0.8563515,-0.44820026,0.1303075,0.1303075,0.59184873,-1.0
48.375,-0.0795,1.2130,0.1501,2.0,22.0,1.399999976158142,0.8563516,-0.4482024,0.1306505,0.1306505,0.5918508,-1.0,0.8563516,-0.4482024,0.1306505,0.1306505,0.5918508,-1.0
48.425,-0.0795,1.2130,0.1501,2.0,22.0,1.399999976158142,0.8563515,-0.44819918,0.13098238,0.13098238,0.59184766,-1.0,0.8563515,-0.44819918,0.13098238,0.13098238,0.59184766,-1.0
48.475,-0.0795,1.2130,0.1501,2.0,22.0,1.399999976158142,0.8563516,-0.44820124,0.13132001,0.13132001,0.5918497,-1.0,0.8563516,-0.44820124,0.13132001,0.13132001,0.5918497,-1.0
48.525,-0.0795,1.2130,0.1501,2.0,22.0,1.399999976158142,0.85635155,-0.4481997,0.13165475,0.13165475,0.59184813,-1.0,0.85635155,-0.4481997,0.13165475,0.13165475,0.59184813,-1.0
48.575,-0.0795,1.2130,0.1501,2.0,22.0,1.399999976158142,0.8563516,-0.4482012,0.13176858,0.13176858,0.5918496,-1.0,0.8563516,-0.4482012,0.13176858,0.13176858,0.5918496,-1.0
48.625,-0.0795,1.2130,0.1501,2.0,22.0,1.399999976158142,0.8304989,-0.4295263,0.119694814,0.119694814,0.59902745,-1.0,0.8304989,-0.4295263,0.119694814,0.119694814,0.59902745,-1.0
48.675,-0.0795,1.2130,0.1501,2.0,22.0,1.399999976158142,0.85626066,-0.44912407,0.12601313,0.12601313,0.59286344,-1.0,0.85626066,-0.44912407,0.12601313,0.12601313,0.59286344,-1.0
48.725,-0.0795,1.2130,0.1501,2.0,22.0,1.399999976158142,0.85631484,-0.4485576,0.12630233,0.12630233,0.5922427,-1.0,0.85631484,-0.4485576,0.12630233,0.12630233,0.5922427,-1.0
48.776,-0.0795,1.2130,0.1501,2.0,22.0,1.399999976158142,0.85635144,-0.4481929,0.1266066,0.1266066,0.59184146,-1.0,0.85635144,-0.4481929,0.1266066,0.1266066,0.59184146,-1.0
48.831,-0.0795,1.2130,0.1501,2.0,22.0,1.399999976158142,0.8563512,-0.44818243,0.12695411,0.12695411,0.59183127,-1.0,0.8563512,-0.44818243,0.12695411,0.12695411,0.59183127,-1.0
48.881,-0.0795,1.2129,0.1501,2.0,22.0,1.399999976158142,0.8563514,-0.44818687,0.1272794,0.1272794,0.5918355,-1.0,0.8563514,-0.44818687,0.1272794,0.1272794,0.5918355,-1.0
48.930,-0.0795,1.2129,0.1501,2.0,22.0,1.399999976158142,0.8563511,-0.44817632,0.12761723,0.12761723,0.59182525,-1.0,0.8563511,-0.44817632,0.12761723,0.12761723,0.59182525,-1.0
48.980,-0.0795,1.2129,0.1501,2.0,22.0,1.399999976158142,0.8563513,-0.44818172,0.12795383,0.12795383,0.59183043,-1.0,0.8563513,-0.44818172,0.12795383,0.12795383,0.59183043,-1.0
49.030,-0.0795,1.2129,0.1501,2.0,22.0,1.399999976158142,0.8563511,-0.4481724,0.12829086,0.12829086,0.5918213,-1.0,0.8563511,-0.4481724,0.12829086,0.12829086,0.5918213,-1.0
49.080,-0.0795,1.2129,0.1501,2.0,22.0,1.399999976158142,0.85635126,-0.44817764,0.12862736,0.12862736,0.5918264,-1.0,0.85635126,-0.44817764,0.12862736,0.12862736,0.5918264,-1.0
49.130,-0.0795,1.2129,0.1501,2.0,22.0,1.399999976158142,0.8563511,-0.44817084,0.12896429,0.12896429,0.5918197,-1.0,0.8563511,-0.44817084,0.12896429,0.12896429,0.5918197,-1.0
49.180,-0.0795,1.2129,0.1501,2.0,22.0,1.399999976158142,0.85635126,-0.4481753,0.12930141,0.12930141,0.59182405,-1.0,0.85635126,-0.4481753,0.12930141,0.12930141,0.59182405,-1.0
49.230,-0.0795,1.2129,0.1501,2.0,22.0,1.399999976158142,0.8563512,-0.44817182,0.12963845,0.12963845,0.59182066,-1.0,0.8563512,-0.44817182,0.12963845,0.12963845,0.59182066,-1.0
49.280,-0.0795,1.2129,0.1501,2.0,22.0,1.399999976158142,0.8563513,-0.448175,0.12997541,0.12997541,0.5918237,-1.0,0.8563513,-0.448175,0.12997541,0.12997541,0.5918237,-1.0
49.330,-0.0795,1.2129,0.1501,2.0,22.0,1.399999976158142,0.8563513,-0.44817537,0.13031174,0.13031174,0.59182405,-1.0,0.8563513,-0.44817537,0.13031174,0.13031174,0.59182405,-1.0
49.380,-0.0795,1.2129,0.1501,2.0,22.0,1.399999976158142,0.8563514,-0.44817692,0.13064998,0.13064998,0.5918256,-1.0,0.8563514,-0.44817692,0.13064998,0.13064998,0.5918256,-1.0
49.430,-0.0795,1.2129,0.1501,2.0,22.0,1.399999976158142,0.8563515,-0.44818163,0.13098514,0.13098514,0.5918302,-1.0,0.8563515,-0.44818163,0.13098514,0.13098514,0.5918302,-1.0
49.480,-0.0795,1.2129,0.1501,2.0,22.0,1.399999976158142,0.85635144,-0.44818124,0.13132228,0.13132228,0.5918298,-1.0,0.85635144,-0.44818124,0.13132228,0.13132228,0.5918298,-1.0
49.530,-0.0795,1.2129,0.1501,2.0,22.0,1.399999976158142,0.8563517,-0.44819018,0.13165857,0.13165857,0.59183854,-1.0,0.8563517,-0.44819018,0.13165857,0.13165857,0.59183854,-1.0
49.580,-0.0795,1.2129,0.1501,0.0,0.0,1.399999976158142,0.85635155,-0.44818768,0.13176893,0.13176893,0.5918361,-1.0,0.85635155,-0.44818768,0.13176893,0.13176893,0.5918361,-1.0
49.630,-0.0794,1.2128,0.1503,0.0,0.0,1.399999976158142,-1.0,0.9294119,0.90447915,0.90447915,0.35107052,-0.28048238,-1.0,0.9294119,0.90447915,0.90447915,0.35107052,-0.28048238
49.680,-0.0792,1.2100,0.1528,0.0,0.0,1.399999976158142,-0.94923884,0.8782618,1.0,1.0,0.25686803,-0.18589102,-0.94923884,0.8782618,1.0,1.0,0.25686803,-0.18589102
49.730,-0.0791,1.2082,0.1547,0.0,0.0,1.399999976158142,-0.89347625,0.8726996,1.0,1.0,0.19756077,-0.17678416,-0.89347625,0.8726996,1.0,1.0,0.19756077,-0.17678416
49.780,-0.0787,1.2025,0.1610,0.0,0.0,1.399999976158142,-0.90120465,0.87350583,1.0,1.0,0.20654336,-0.17884454,-0.90120465,0.87350583,1.0,1.0,0.20654336,-0.17884454
49.831,-0.0785,1.1996,0.1645,0.0,0.0,1.399999976158142,-0.82545847,0.86840147,1.0,1.0,0.12720467,-0.17014767,-0.82545847,0.86840147,1.0,1.0,0.12720467,-0.17014767
49.875,-0.0778,1.1918,0.1743,0.0,0.0,1.399999976158142,-0.8525922,0.8710294,1.0,1.0,0.15704873,-0.17548595,-0.8525922,0.8710294,1.0,1.0,0.15704873,-0.17548595
49.931,-0.0775,1.1882,0.1793,0.0,0.0,1.399999976158142,-0.7553575,0.86423296,1.0,1.0,0.05867164,-0.1675471,-0.7553575,0.86423296,1.0,1.0,0.05867164,-0.1675471
49.983,-0.0767,1.1784,0.1925,0.0,0.0,1.399999976158142,-0.79649186,0.8685278,1.0,1.0,0.1022672,-0.17430316,-0.79649186,0.8685278,1.0,1.0,0.1022672,-0.17430316
50.030,-0.0763,1.1740,0.1989,0.0,0.0,1.399999976158142,-0.71939063,0.86566454,1.0,1.0,0.027846284,-0.17412019,-0.71939063,0.86566454,1.0,1.0,0.027846284,-0.17412019
50.080,-0.0755,1.1636,0.2156,0.0,0.0,1.399999976158142,-0.76657856,0.87186784,1.0,1.0,0.07446153,-0.17975083,-0.76657856,0.87186784,1.0,1.0,0.07446153,-0.17975083
50.130,-0.0752,1.1590,0.2232,0.0,0.0,1.399999976158142,-0.70406884,0.87567216,1.0,1.0,0.011832679,-0.18343598,-0.70406884,0.87567216,1.0,1.0,0.011832679,-0.18343598
50.181,-0.0747,1.1483,0.2417,0.0,0.0,1.399999976158142,-0.74323803,0.8773992,1.0,1.0,0.0511544,-0.18531553,-0.74323803,0.8773992,1.0,1.0,0.0511544,-0.18531553
50.230,-0.0746,1.1439,0.2499,0.0,0.0,1.399999976158142,-0.6854243,0.88364357,1.0,1.0,-0.0067972094,-0.191422,-0.6854243,0.88364357,1.0,1.0,-0.0067972094,-0.191422
50.281,-0.0747,1.1334,0.2691,0.0,0.0,1.399999976158142,-0.71097314,0.8810651,1.0,1.0,0.019925104,-0.19001704,-0.71097314,0.8810651,1.0,1.0,0.019925104,-0.19001704
50.331,-0.0749,1.1289,0.2773,0.0,0.0,1.399999976158142,-0.64731294,0.8855683,1.0,1.0,-0.041269038,-0.19698633,-0.64731294,0.8855683,1.0,1.0,-0.041269038,-0.19698633
50.381,-0.0756,1.1183,0.2963,0.0,0.0,1.399999976158142,-0.6808951,0.88436997,1.0,1.0,-0.0071514067,-0.19632347,-0.6808951,0.88436997,1.0,1.0,-0.0071514067,-0.19632347
50.430,-0.0760,1.1137,0.3044,0.0,0.0,1.399999976158142,-0.61070335,0.8853722,1.0,1.0,-0.070578516,-0.20409034,-0.61070335,0.8853722,1.0,1.0,-0.070578516,-0.20409034
50.480,-0.0774,1.1035,0.3230,0.0,0.0,1.399999976158142,-0.64465827,0.8845352,1.0,1.0,-0.036742423,-0.20313449,-0.64465827,0.8845352,1.0,1.0,-0.036742423,-0.20313449
50.531,-0.0781,1.0993,0.3309,0.0,0.0,1.399999976158142,-0.555007,0.8774207,1.0,1.0,-0.11155463,-0.21085912,-0.555007,0.8774207,1.0,1.0,-0.11155463,-0.21085912
50.581,-0.0800,1.0901,0.3492,0.0,0.0,1.399999976158142,-0.5909272,0.87801635,1.0,1.0,-0.0773155,-0.20977364,-0.5909272,0.87801635,1.0,1.0,-0.0773155,-0.20977364
50.631,-0.0809,1.0862,0.3570,0.0,0.0,1.399999976158142,-0.70847714,1.0,0.9584205,0.9584205,0.02897891,-0.32050177,-0.70847714,1.0,0.9584205,0.9584205,0.02897891,-0.32050177
50.680,-0.0832,1.0774,0.3751,0.0,0.0,1.399999976158142,-0.55181485,0.90771455,1.0,1.0,-0.11494151,-0.24095817,-0.55181485,0.90771455,1.0,1.0,-0.11494151,-0.24095817
50.730,-0.0844,1.0736,0.3828,0.0,0.0,1.399999976158142,-0.40472585,0.87721324,1.0,1.0,-0.22385097,-0.2486364,-0.40472585,0.87721324,1.0,1.0,-0.22385097,-0.2486364
50.780,-0.0871,1.0650,0.4008,0.0,0.0,1.399999976158142,-0.47463462,0.8912797,1.0,1.0,-0.16740291,-0.24924217,-0.47463462,0.8912797,1.0,1.0,-0.16740291,-0.24924217
50.831,-0.0883,1.0613,0.4085,0.0,0.0,1.399999976158142,-0.32643506,0.8552411,1.0,1.0,-0.2704252,-0.25838083,-0.32643506,0.8552411,1.0,1.0,-0.2704252,-0.25838083
50.880,-0.0912,1.0529,0.4266,0.0,0.0,1.399999976158142,-0.4049984,0.8752714,1.0,1.0,-0.21126315,-0.25900987,-0.4049984,0.8752714,1.0,1.0,-0.21126315,-0.25900987
50.930,-0.0925,1.0493,0.4343,0.0,0.0,1.399999976158142,-0.258524,0.83494824,1.0,1.0,-0.30714554,-0.2692787,-0.258524,0.83494824,1.0,1.0,-0.30714554,-0.2692787
50.980,-0.0956,1.0407,0.4524,0.0,0.0,1.399999976158142,-0.33799177,0.8579379,1.0,1.0,-0.25066143,-0.2692847,-0.33799177,0.8579379,1.0,1.0,-0.25066143,-0.2692847
51.031,-0.0970,1.0370,0.4602,0.0,0.0,1.399999976158142,-0.1966496,0.81499827,1.0,1.0,-0.33799103,-0.28035763,-0.1966496,0.81499827,1.0,1.0,-0.33799103,-0.28035763
51.081,-0.1002,1.0283,0.4783,0.0,0.0,1.399999976158142,-0.27470556,0.8398543,1.0,1.0,-0.28547874,-0.27967003,-0.27470556,0.8398543,1.0,1.0,-0.28547874,-0.27967003
51.131,-0.1017,1.0245,0.4860,0.0,0.0,1.399999976158142,-0.13867755,0.7949242,1.0,1.0,-0.36504737,-0.2911993,-0.13867755,0.7949242,1.0,1.0,-0.36504737,-0.2911993
51.181,-0.1050,1.0154,0.5041,0.0,0.0,1.399999976158142,-0.21400672,0.82087284,1.0,1.0,-0.31692815,-0.28993794,-0.21400672,0.82087284,1.0,1.0,-0.31692815,-0.28993794
51.231,-0.1065,1.0114,0.5119,0.0,0.0,1.399999976158142,-0.08330803,0.77436584,1.0,1.0,-0.38951278,-0.30154505,-0.08330803,0.77436584,1.0,1.0,-0.38951278,-0.30154505
51.280,-0.1099,1.0021,0.5300,0.0,0.0,1.399999976158142,-0.15596445,0.8011792,1.0,1.0,-0.3453322,-0.29988247,-0.15596445,0.8011792,1.0,1.0,-0.3453322,-0.29988247
51.330,-0.1113,0.9980,0.5377,0.0,0.0,1.399999976158142,-0.03014078,0.7532693,1.0,1.0,-0.41192013,-0.31120837,-0.03014078,0.7532693,1.0,1.0,-0.41192013,-0.31120837
51.381,-0.1148,0.9883,0.5558,0.0,0.0,1.399999976158142,-0.10038416,0.7808789,1.0,1.0,-0.37114385,-0.3093509,-0.10038416,0.7808789,1.0,1.0,-0.37114385,-0.3093509
51.431,-0.1162,0.9841,0.5636,0.0,0.0,1.399999976158142,0.02233436,0.73118734,1.0,1.0,-0.4333743,-0.32014742,0.02233436,0.73118734,1.0,1.0,-0.4333743,-0.32014742
51.480,-0.1196,0.9741,0.5816,0.0,0.0,1.399999976158142,-0.045606133,0.759494,1.0,1.0,-0.39556423,-0.31832364,-0.045606133,0.759494,1.0,1.0,-0.39556423,-0.31832364
51.531,-0.1228,0.9640,0.5997,0.0,0.0,1.399999976158142,0.07307363,0.7088063,1.0,1.0,-0.45358795,-0.32829198,0.07307363,0.7088063,1.0,1.0,-0.45358795,-0.32829198
51.580,-0.1242,0.9597,0.6074,0.0,0.0,1.399999976158142,0.104896165,0.6946327,1.0,1.0,-0.46588352,-0.33364537,0.104896165,0.6946327,1.0,1.0,-0.46588352,-0.33364537
51.630,-0.1255,0.9553,0.6151,0.0,0.0,1.399999976158142,-0.049403064,0.84117836,1.0,1.0,-0.38757467,-0.40420064,-0.049403064,0.84117836,1.0,1.0,-0.38757467,-0.40420064
51.680,-0.1285,0.9450,0.6331,0.0,0.0,1.399999976158142,0.06115712,0.7386014,1.0,1.0,-0.44232902,-0.35742947,0.06115712,0.7386014,1.0,1.0,-0.44232902,-0.35742947
51.730,-0.1298,0.9405,0.6409,0.0,0.0,1.399999976158142,0.18817692,0.6792014,1.0,1.0,-0.50111675,-0.36626163,0.18817692,0.6792014,1.0,1.0,-0.50111675,-0.36626163
51.781,-0.1325,0.9301,0.6589,0.0,0.0,1.399999976158142,0.11970225,0.7115335,1.0,1.0,-0.46637967,-0.36485606,0.11970225,0.7115335,1.0,1.0,-0.46637967,-0.36485606
51.831,-0.1336,0.9257,0.6666,0.0,0.0,1.399999976158142,0.23873582,0.6556077,1.0,1.0,-0.5212262,-0.37311724,0.23873582,0.6556077,1.0,1.0,-0.5212262,-0.37311724
51.881,-0.1359,0.9153,0.6847,0.0,0.0,1.399999976158142,0.17098463,0.6890132,1.0,1.0,-0.48756695,-0.37243086,0.17098463,0.6890132,1.0,1.0,-0.48756695,-0.37243086
51.930,-0.1368,0.9109,0.6924,0.0,0.0,1.399999976158142,0.2821041,0.6375568,1.0,1.0,-0.53942597,-0.38023493,0.2821041,0.6375568,1.0,1.0,-0.53942597,-0.38023493
51.981,-0.1387,0.9007,0.7105,0.0,0.0,1.399999976158142,0.21749735,0.6696243,1.0,1.0,-0.50738955,-0.3797321,0.21749735,0.6696243,1.0,1.0,-0.50738955,-0.3797321
52.031,-0.1394,0.8963,0.7182,0.0,0.0,1.399999976158142,0.31948248,0.6246766,1.0,1.0,-0.55653644,-0.3876226,0.31948248,0.6246766,1.0,1.0,-0.55653644,-0.3876226
52.081,-0.1407,0.8861,0.7363,0.0,0.0,1.399999976158142,0.25950646,0.65386987,1.0,1.0,-0.52636915,-0.38700718,0.25950646,0.65386987,1.0,1.0,-0.52636915,-0.38700718
52.131,-0.1412,0.8818,0.7441,0.0,0.0,1.399999976158142,0.35193202,0.6169696,1.0,1.0,-0.5732986,-0.39560303,0.35193202,0.6169696,1.0,1.0,-0.5732986,-0.39560303
52.180,-0.1420,0.8718,0.7622,0.0,0.0,1.399999976158142,0.29665104,0.6424573,1.0,1.0,-0.54460704,-0.39450133,0.29665104,0.6424573,1.0,1.0,-0.54460704,-0.39450133
52.230,-0.1423,0.8675,0.7700,0.0,0.0,1.399999976158142,0.37952188,0.61473536,1.0,1.0,-0.58984476,-0.40441242,0.37952188,0.61473536,1.0,1.0,-0.58984476,-0.40441242
52.281,-0.1426,0.8576,0.7882,0.0,0.0,1.399999976158142,0.32952878,0.6354977,1.0,1.0,-0.5625753,-0.40245116,0.32952878,0.6354977,1.0,1.0,-0.5625753,-0.40245116
52.331,-0.1427,0.8533,0.7960,0.0,0.0,1.399999976158142,0.40310472,0.6175251,1.0,1.0,-0.60652024,-0.41410962,0.40310472,0.6175251,1.0,1.0,-0.60652024,-0.41410962
52.380,-0.1426,0.8435,0.8143,0.0,0.0,1.399999976158142,0.35901925,0.63266027,1.0,1.0,-0.5807143,-0.41096523,0.35901925,0.63266027,1.0,1.0,-0.5807143,-0.41096523
52.430,-0.1425,0.8392,0.8221,0.0,0.0,1.399999976158142,0.4261222,0.623385,1.0,1.0,-0.62483525,-0.42467195,0.4261222,0.623385,1.0,1.0,-0.62483525,-0.42467195
52.480,-0.1421,0.8294,0.8404,0.0,0.0,1.399999976158142,0.3857307,0.6338057,1.0,1.0,-0.5992834,-0.420253,0.3857307,0.6338057,1.0,1.0,-0.5992834,-0.420253
52.531,-0.1418,0.8251,0.8483,0.0,0.0,1.399999976158142,0.44596142,0.63387007,1.0,1.0,-0.64340496,-0.43642655,0.44596142,0.63387007,1.0,1.0,-0.64340496,-0.43642655
52.581,-0.1411,0.8152,0.8667,0.0,0.0,1.399999976158142,0.41002968,0.6389063,1.0,1.0,-0.61843354,-0.43050247,0.41002968,0.6389063,1.0,1.0,-0.61843354,-0.43050247
52.630,-0.1408,0.8109,0.8747,0.0,0.0,1.399999976158142,0.43095374,0.6937109,1.0,1.0,-0.6529374,-0.47172725,0.43095374,0.6937109,1.0,1.0,-0.6529374,-0.47172725
52.680,-0.1399,0.8008,0.8932,0.0,0.0,1.399999976158142,0.44884866,0.66277564,1.0,1.0,-0.6536747,-0.4579496,0.44884866,0.66277564,1.0,1.0,-0.6536747,-0.4579496
52.730,-0.1395,0.7964,0.9012,0.0,0.0,1.399999976158142,0.512942,0.67681605,1.0,1.0,-0.70786506,-0.48189303,0.512942,0.67681605,1.0,1.0,-0.70786506,-0.48189303
52.780,-0.1384,0.7860,0.9198,0.0,0.0,1.399999976158142,0.47664058,0.67297673,1.0,1.0,-0.6782075,-0.4714098,0.47664058,0.67297673,1.0,1.0,-0.6782075,-0.4714098
52.830,-0.1380,0.7815,0.9278,0.0,0.0,1.399999976158142,0.5303611,0.6926987,0.99166745,0.99166745,-0.7271559,-0.49590388,0.5303611,0.6926987,0.99166745,0.99166745,-0.7271559,-0.49590388
52.881,-0.1368,0.7706,0.9466,0.0,0.0,1.399999976158142,0.50073117,0.6897308,1.0,1.0,-0.7030153,-0.48744664,0.50073117,0.6897308,1.0,1.0,-0.7030153,-0.48744664
52.931,-0.1363,0.7659,0.9546,0.0,0.0,1.399999976158142,0.5216936,0.68013257,0.9380003,0.9380003,-0.7131559,-0.4886703,0.5216936,0.68013257,0.9380003,0.9380003,-0.7131559,-0.4886703
52.980,-0.1352,0.7547,0.9733,0.0,0.0,1.399999976158142,0.51995313,0.7043372,0.99146664,0.99146664,-0.7230713,-0.50121903,0.51995313,0.7043372,0.99146664,0.99146664,-0.7230713,-0.50121903
53.031,-0.1347,0.7499,0.9813,0.0,0.0,1.399999976158142,0.51221687,0.6673194,0.88451505,0.88451505,-0.69825137,-0.4812849,0.51221687,0.6673194,0.88451505,0.88451505,-0.69825137,-0.4812849
53.081,-0.1336,0.7383,0.9997,0.0,0.0,1.399999976158142,0.51442885,0.68882227,0.93820906,0.93820906,-0.7101636,-0.49308747,0.51442885,0.68882227,0.93820906,0.93820906,-0.7101636,-0.49308747
53.131,-0.1332,0.7333,1.0075,0.0,0.0,1.399999976158142,0.5023569,0.654627,0.83337504,0.83337504,-0.6828647,-0.47411916,0.5023569,0.654627,0.83337504,0.83337504,-0.6828647,-0.47411916
53.180,-0.1322,0.7216,1.0254,0.0,0.0,1.399999976158142,0.50745463,0.6740615,0.88631946,0.88631946,-0.6963268,-0.48518935,0.50745463,0.6740615,0.88631946,0.88631946,-0.6963268,-0.48518935
53.231,-0.1318,0.7165,1.0329,0.0,0.0,1.399999976158142,0.49240696,0.64196616,0.78522897,0.78522897,-0.6671584,-0.46721473,0.49240696,0.64196616,0.78522897,0.78522897,-0.6671584,-0.46721473
53.281,-0.1309,0.7046,1.0501,0.0,0.0,1.399999976158142,0.49957776,0.6598584,0.8366681,0.8366681,-0.6818373,-0.47759888,0.49957776,0.6598584,0.8366681,0.8366681,-0.6818373,-0.47759888
53.330,-0.1306,0.6994,1.0573,0.0,0.0,1.399999976158142,0.48247218,0.628841,0.7391804,0.7391804,-0.65097225,-0.46034095,0.48247218,0.628841,0.7391804,0.7391804,-0.65097225,-0.46034095
53.380,-0.1299,0.6874,1.0736,0.0,0.0,1.399999976158142,0.49108163,0.6459413,0.7894366,0.7894366,-0.6667576,-0.47026536,0.49108163,0.6459413,0.7894366,0.7894366,-0.6667576,-0.47026536
53.431,-0.1296,0.6822,1.0803,0.0,0.0,1.399999976158142,0.47265497,0.61594844,0.6974315,0.6974315,-0.6347724,-0.453831,0.47265497,0.61594844,0.6974315,0.6974315,-0.6347724,-0.453831
53.480,-0.1290,0.6701,1.0956,0.0,0.0,1.399999976158142,0.4822416,0.6322758,0.74530786,0.74530786,-0.65130055,-0.46321684,0.4822416,0.6322758,0.74530786,0.74530786,-0.65130055,-0.46321684
53.530,-0.1288,0.6649,1.1020,0.0,0.0,1.399999976158142,0.46293518,0.60267997,0.658583,0.658583,-0.6182739,-0.44734123,0.46293518,0.60267997,0.658583,0.658583,-0.6182739,-0.44734123
53.581,-0.1283,0.6527,1.1162,2.0,0.0,1.399999976158142,0.47320834,0.6185949,0.7040976,0.7040976,-0.63547313,-0.4563301,0.47320834,0.6185949,0.7040976,0.7040976,-0.63547313,-0.4563301
53.630,-0.1281,0.6475,1.1221,2.0,0.0,1.399999976158142,1.0,-0.15095748,0.24735785,0.24735785,0.14264548,-0.991688,1.0,-0.15095748,0.24735785,0.24735785,0.14264548,-0.991688
53.680,-0.1257,0.6355,1.1347,2.0,0.0,1.399999976158142,1.0,-0.15728886,0.24722208,0.24722208,0.15182085,-0.994532,1.0,-0.15728886,0.24722208,0.24722208,0.15182085,-0.994532
53.730,-0.1240,0.6303,1.1397,2.0,0.0,1.399999976158142,0.99725175,-0.15903069,0.22091343,0.22091343,0.16177893,-1.0,0.99725175,-0.15903069,0.22091343,0.22091343,0.16177893,-1.0
53.781,-0.1188,0.6182,1.1504,2.0,0.0,1.399999976158142,0.99877524,-0.15411624,0.2361144,0.2361144,0.15534101,-1.0,0.99877524,-0.15411624,0.2361144,0.2361144,0.15534101,-1.0
53.830,-0.1159,0.6130,1.1545,2.0,0.0,1.399999976158142,0.9865585,-0.1480114,0.21339096,0.21339096,0.16145292,-1.0,0.9865585,-0.1480114,0.21339096,0.21339096,0.16145292,-1.0
53.880,-0.1081,0.6008,1.1634,2.0,0.0,1.399999976158142,0.99163294,-0.14877729,0.22620927,0.22620927,0.15714432,-1.0,0.99163294,-0.14877729,0.22620927,0.22620927,0.15714432,-1.0
53.930,-0.1043,0.5956,1.1668,2.0,0.0,1.399999976158142,0.97748286,-0.13908575,0.20800078,0.20800078,0.16160291,-1.0,0.97748286,-0.13908575,0.20800078,0.20800078,0.16160291,-1.0
53.980,-0.0943,0.5834,1.1739,2.0,0.0,1.399999976158142,0.9845651,-0.14302388,0.21873426,0.21873426,0.1584588,-1.0,0.9845651,-0.14302388,0.21873426,0.21873426,0.1584588,-1.0
54.030,-0.0896,0.5782,1.1766,2.0,0.0,1.399999976158142,0.9698015,-0.131975,0.20475577,0.20475577,0.16217351,-1.0,0.9698015,-0.131975,0.20475577,0.20475577,0.16217351,-1.0
54.080,-0.0776,0.5662,1.1822,2.0,0.0,1.399999976158142,0.9777893,-0.13749295,0.21336855,0.21336855,0.15970369,-1.0,0.9777893,-0.13749295,0.21336855,0.21336855,0.15970369,-1.0
54.130,-0.0721,0.5610,1.1842,2.0,0.0,1.399999976158142,0.9636475,-0.12697037,0.20355552,0.20355552,0.16332291,-1.0,0.9636475,-0.12697037,0.20355552,0.20355552,0.16332291,-1.0
54.182,-0.0585,0.5490,1.1883,2.0,0.0,1.399999976158142,0.97175586,-0.13242051,0.21024555,0.21024555,0.16066463,-1.0,0.97175586,-0.13242051,0.21024555,0.21024555,0.16066463,-1.0
54.226,-0.0523,0.5438,1.1898,2.0,0.0,1.399999976158142,0.95919204,-0.12285433,0.20470268,0.20470268,0.1636623,-1.0,0.95919204,-0.12285433,0.20470268,0.20470268,0.1636623,-1.0
54.281,-0.0371,0.5319,1.1926,2.0,0.0,1.399999976158142,0.9663502,-0.12712401,0.20933783,0.20933783,0.16077384,-1.0,0.9663502,-0.12712401,0.20933783,0.20933783,0.16077384,-1.0
54.330,-0.0303,0.5268,1.1935,2.0,0.0,1.399999976158142,0.9548394,-0.119247094,0.20729114,0.20729114,0.16440767,-1.0,0.9548394,-0.119247094,0.20729114,0.20729114,0.16440767,-1.0
54.380,-0.0137,0.5149,1.1951,2.0,0.0,1.399999976158142,0.9619741,-0.12351558,0.21044345,0.21044345,0.16154148,-1.0,0.9619741,-0.12351558,0.21044345,0.21044345,0.16154148,-1.0
54.430,-0.0062,0.5099,1.1955,2.0,0.0,1.399999976158142,0.9520077,-0.11888145,0.21209578,0.21209578,0.16687374,-1.0,0.9520077,-0.11888145,0.21209578,0.21209578,0.16687374,-1.0
54.482,0.0117,0.4981,1.1959,2.0,0.0,1.399999976158142,0.9582761,-0.12256346,0.21358576,0.21358576,0.16428734,-1.0,0.9582761,-0.12256346,0.21358576,0.21358576,0.16428734,-1.0
54.531,0.0197,0.4931,1.1958,2.0,0.0,1.399999976158142,0.9504865,-0.12067261,0.2186555,0.2186555,0.17018613,-1.0,0.9504865,-0.12067261,0.2186555,0.2186555,0.17018613,-1.0
54.580,0.0388,0.4815,1.1951,2.0,0.0,1.399999976158142,0.9552972,-0.1229229,0.21864316,0.21864316,0.16762574,-1.0,0.9552972,-0.1229229,0.21864316,0.21864316,0.16762574,-1.0
54.630,0.0473,0.4766,1.1946,2.0,0.0,1.399999976158142,0.947798,-0.12239641,0.19366477,0.19366477,0.17459838,-1.0,0.947798,-0.12239641,0.19366477,0.19366477,0.17459838,-1.0
54.680,0.0676,0.4651,1.1929,2.0,0.0,1.399999976158142,0.95240545,-0.12804528,0.21841682,0.21841682,0.17563981,-1.0,0.95240545,-0.12804528,0.21841682,0.21841682,0.17563981,-1.0
54.731,0.0765,0.4603,1.1919,2.0,0.0,1.399999976158142,0.9480358,-0.13173112,0.23054694,0.23054694,0.18369532,-1.0,0.9480358,-0.13173112,0.23054694,0.23054694,0.18369532,-1.0
54.780,0.0977,0.4491,1.1892,2.0,0.0,1.399999976158142,0.9514577,-0.13128592,0.22634673,0.22634673,0.17982826,-1.0,0.9514577,-0.13128592,0.22634673,0.22634673,0.17982826,-1.0
54.830,0.1070,0.4444,1.1878,2.0,0.0,1.399999976158142,0.9490326,-0.13756268,0.24207333,0.24207333,0.1885301,-1.0,0.9490326,-0.13756268,0.24207333,0.24207333,0.1885301,-1.0
54.880,0.1292,0.4334,1.1841,2.0,0.0,1.399999976158142,0.9512749,-0.1356109,0.23608448,0.23608448,0.18433599,-1.0,0.9512749,-0.1356109,0.23608448,0.23608448,0.18433599,-1.0
54.930,0.1388,0.4288,1.1824,2.0,0.0,1.399999976158142,0.9505695,-0.14404744,0.25538796,0.25538796,0.1934779,-1.0,0.9505695,-0.14404744,0.25538796,0.25538796,0.1934779,-1.0
54.980,0.1617,0.4182,1.1779,2.0,0.0,1.399999976158142,0.9517312,-0.14074397,0.2475781,0.2475781,0.18901275,-1.0,0.9517312,-0.14074397,0.2475781,0.2475781,0.18901275,-1.0
55.030,0.1717,0.4138,1.1757,2.0,0.0,1.399999976158142,0.9524724,-0.15085612,0.27042332,0.27042332,0.19838376,-1.0,0.9524724,-0.15085612,0.27042332,0.27042332,0.19838376,-1.0
55.080,0.1952,0.4035,1.1704,2.0,0.0,1.399999976158142,0.95268285,-0.14646983,0.2608996,0.2608996,0.19378696,-1.0,0.95268285,-0.14646983,0.2608996,0.2608996,0.19378696,-1.0
55.130,0.2054,0.3992,1.1680,2.0,0.0,1.399999976158142,0.9545759,-0.15777537,0.28729257,0.28729257,0.20319948,-1.0,0.9545759,-0.15777537,0.28729257,0.28729257,0.20319948,-1.0
55.181,0.2295,0.3893,1.1619,2.0,0.0,1.399999976158142,0.9539895,-0.15250224,0.27593645,0.27593645,0.19851273,-1.0,0.9539895,-0.15250224,0.27593645,0.27593645,0.19851273,-1.0
55.231,0.2400,0.3851,1.1592,2.0,0.0,1.399999976158142,0.95672053,-0.16444086,0.3057976,0.3057976,0.2077203,-1.0,0.95672053,-0.16444086,0.3057976,0.3057976,0.2077203,-1.0
55.281,0.2646,0.3756,1.1525,2.0,0.0,1.399999976158142,0.95547324,-0.15768254,0.29301292,0.29301292,0.20220931,-1.0,0.95547324,-0.15768254,0.29301292,0.29301292,0.20220931,-1.0
55.331,0.2752,0.3716,1.1495,2.0,0.0,1.399999976158142,0.95875734,-0.16910793,0.32701328,0.32701328,0.21035059,-1.0,0.95875734,-0.16910793,0.32701328,0.32701328,0.21035059,-1.0
55.380,0.2993,0.3661,1.1422,2.0,0.0,1.399999976158142,0.95701826,-0.16193812,0.31225944,0.31225944,0.20491986,-1.0,0.95701826,-0.16193812,0.31225944,0.31225944,0.20491986,-1.0
55.431,0.3096,0.3642,1.1389,2.0,0.0,1.399999976158142,1.0,-0.241083,0.35417527,0.35417527,0.22074787,-0.97966486,1.0,-0.241083,0.35417527,0.35417527,0.22074787,-0.97966486
55.480,0.3338,0.3605,1.1314,2.0,0.0,1.399999976158142,0.99860567,-0.2150058,0.3405809,0.3405809,0.21640012,-1.0,0.99860567,-0.2150058,0.3405809,0.3405809,0.21640012,-1.0
55.531,0.3441,0.3605,1.1283,2.0,0.0,1.399999976158142,1.0,-0.2523144,0.37408364,0.37408364,0.21807864,-0.9657643,1.0,-0.2523144,0.37408364,0.37408364,0.21807864,-0.9657643
55.580,0.3682,0.3605,1.1211,2.0,22.0,1.399999976158142,0.99026555,-0.19994329,0.35821563,0.35821563,0.20967777,-1.0,0.99026555,-0.19994329,0.35821563,0.35821563,0.20967777,-1.0
55.630,0.3784,0.3607,1.1179,2.0,22.0,1.399999976158142,-0.36661008,-0.99881345,0.026366085,0.026366085,1.0,0.36542353,-0.36661008,-0.99881345,0.026366085,0.026366085,1.0,0.36542353
55.680,0.4012,0.3632,1.1107,2.0,22.0,1.399999976158142,-0.37158138,-0.9993914,0.029655935,0.029655935,1.0,0.37097278,-0.37158138,-0.9993914,0.029655935,0.029655935,1.0,0.37097278
55.730,0.4106,0.3651,1.1077,2.0,22.0,1.399999976158142,-0.37749833,-0.9997042,0.031607028,0.031607028,1.0,0.37720254,-0.37749833,-0.9997042,0.031607028,0.031607028,1.0,0.37720254
55.780,0.4318,0.3708,1.1008,2.0,22.0,1.399999976158142,-0.37244913,-0.9993104,0.030754574,0.030754574,1.0,0.37175953,-0.37244913,-0.9993104,0.030754574,0.030754574,1.0,0.37175953
55.830,0.4406,0.3739,1.0978,2.0,22.0,1.399999976158142,-0.3731549,-0.999071,0.03261179,0.03261179,1.0,0.3722259,-0.3731549,-0.999071,0.03261179,0.03261179,1.0,0.3722259
55.880,0.4605,0.3823,1.0911,2.0,22.0,1.399999976158142,-0.37068418,-0.9989706,0.031821776,0.031821776,1.0,0.3696548,-0.37068418,-0.9989706,0.031821776,0.031821776,1.0,0.3696548
55.930,0.4688,0.3864,1.0882,2.0,22.0,1.399999976158142,-0.36650896,-0.99824226,0.03358857,0.03358857,1.0,0.3647512,-0.36650896,-0.99824226,0.03358857,0.03358857,1.0,0.3647512
55.980,0.4876,0.3970,1.0816,2.0,22.0,1.399999976158142,-0.36648533,-0.998423,0.032850865,0.032850865,1.0,0.3649083,-0.36648533,-0.998423,0.032850865,0.032850865,1.0,0.3649083
56.031,0.4954,0.4020,1.0788,2.0,22.0,1.399999976158142,-0.35842413,-0.9973085,0.03454511,0.03454511,1.0,0.35573262,-0.35842413,-0.9973085,0.03454511,0.03454511,1.0,0.35573262
56.080,0.5130,0.4145,1.0723,2.0,22.0,1.399999976158142,-0.36085644,-0.99776965,0.033850975,0.033850975,1.0,0.35862607,-0.36085644,-0.99776965,0.033850975,0.033850975,1.0,0.35862607
56.130,0.5203,0.4201,1.0696,2.0,22.0,1.399999976158142,-0.35057205,-0.99643946,0.035508733,0.035508733,1.0,0.3470115,-0.35057205,-0.99643946,0.035508733,0.035508733,1.0,0.3470115
56.180,0.5369,0.4341,1.0632,2.0,22.0,1.399999976158142,-0.35477388,-0.997098,0.034849368,0.034849368,1.0,0.3518719,-0.35477388,-0.997098,0.034849368,0.034849368,1.0,0.3518719
56.230,0.5437,0.4404,1.0604,2.0,22.0,1.399999976158142,-0.34407678,-0.99574643,0.036468156,0.036468156,1.0,0.33982322,-0.34407678,-0.99574643,0.036468156,0.036468156,1.0,0.33982322
56.280,0.5592,0.4555,1.0541,2.0,22.0,1.399999976158142,-0.34905538,-0.9964829,0.035846226,0.035846226,1.0,0.3455383,-0.34905538,-0.9964829,0.035846226,0.035846226,1.0,0.3455383
56.330,0.5657,0.4623,1.0514,2.0,22.0,1.399999976158142,-0.3389839,-0.99521196,0.03746721,0.03746721,1.0,0.33419588,-0.3389839,-0.99521196,0.03746721,0.03746721,1.0,0.33419588
56.380,0.5801,0.4785,1.0451,2.0,22.0,1.399999976158142,-0.34410584,-0.99595475,0.03685147,0.03685147,1.0,0.3400606,-0.34410584,-0.99595475,0.03685147,0.03685147,1.0,0.3400606
56.430,0.5862,0.4856,1.0424,2.0,22.0,1.399999976158142,-0.33526042,-0.99482465,0.0384957,0.0384957,1.0,0.33008507,-0.33526042,-0.99482465,0.0384957,0.0384957,1.0,0.33008507
56.480,0.5997,0.5027,1.0361,2.0,22.0,1.399999976158142,-0.34000704,-0.99551284,0.037879515,0.037879515,1.0,0.3355199,-0.34000704,-0.99551284,0.037879515,0.037879515,1.0,0.3355199
56.531,0.6054,0.5102,1.0333,2.0,22.0,1.399999976158142,-0.33269924,-0.99455684,0.039549038,0.039549038,1.0,0.3272561,-0.33269924,-0.99455684,0.039549038,0.039549038,1.0,0.3272561
56.581,0.6182,0.5280,1.0270,2.0,22.0,1.399999976158142,-0.33676893,-0.99515533,0.03893043,0.03893043,1.0,0.33192426,-0.33676893,-0.99515533,0.03893043,0.03893043,1.0,0.33192426
56.630,0.6235,0.5358,1.0242,2.0,22.0,1.399999976158142,-0.33891237,-0.99444395,0.035029225,0.035029225,1.0,0.33335632,-0.33891237,-0.99444395,0.035029225,0.035029225,1.0,0.33335632
56.681,0.6356,0.5542,1.0177,2.0,22.0,1.399999976158142,-0.33445457,-0.99486566,0.03833684,0.03833684,1.0,0.32932025,-0.33445457,-0.99486566,0.03833684,0.03833684,1.0,0.32932025
56.730,0.6407,0.5622,1.0149,2.0,22.0,1.399999976158142,-0.32965446,-0.9942103,0.040106233,0.040106233,1.0,0.32386476,-0.32965446,-0.9942103,0.040106233,0.040106233,1.0,0.32386476
56.780,0.6522,0.5813,1.0083,2.0,22.0,1.399999976158142,-0.33231974,-0.99462867,0.03945106,0.03945106,1.0,0.32694843,-0.33231974,-0.99462867,0.03945106,0.03945106,1.0,0.32694843
56.831,0.6571,0.5896,1.0054,2.0,22.0,1.399999976158142,-0.3286981,-0.99408233,0.041284896,0.041284896,1.0,0.32278043,-0.3286981,-0.99408233,0.041284896,0.041284896,1.0,0.32278043
56.881,0.6682,0.6091,0.9986,2.0,22.0,1.399999976158142,-0.33077416,-0.9944258,0.040608395,0.040608395,1.0,0.3251999,-0.33077416,-0.9944258,0.040608395,0.040608395,1.0,0.3251999
56.930,0.6729,0.6176,0.9956,2.0,22.0,1.399999976158142,-0.32785663,-0.993959,0.042502314,0.042502314,1.0,0.32181567,-0.32785663,-0.993959,0.042502314,0.042502314,1.0,0.32181567
56.980,0.6836,0.6377,0.9886,2.0,22.0,1.399999976158142,-0.32947022,-0.9942428,0.041811418,0.041811418,1.0,0.32371303,-0.32947022,-0.9942428,0.041811418,0.041811418,1.0,0.32371303
57.031,0.6882,0.6464,0.9855,2.0,22.0,1.399999976158142,-0.32696933,-0.9938217,0.04379394,0.04379394,1.0,0.32079104,-0.32696933,-0.9938217,0.04379394,0.04379394,1.0,0.32079104
57.081,0.6987,0.6669,0.9782,2.0,22.0,1.399999976158142,-0.32830605,-0.9940712,0.043060023,0.043060023,1.0,0.32237723,-0.32830605,-0.9940712,0.043060023,0.043060023,1.0,0.32237723
57.130,0.7032,0.6757,0.9750,2.0,22.0,1.399999976158142,-0.32607323,-0.99368066,0.045125548,0.045125548,1.0,0.31975386,-0.32607323,-0.99368066,0.045125548,0.045125548,1.0,0.31975386
57.181,0.7135,0.6967,0.9673,2.0,22.0,1.399999976158142,-0.3272178,-0.9939048,0.0443662,0.0443662,1.0,0.3211226,-0.3272178,-0.9939048,0.0443662,0.0443662,1.0,0.3211226
57.231,0.7180,0.7057,0.9640,2.0,22.0,1.399999976158142,-0.32516786,-0.99353445,0.046529517,0.046529517,1.0,0.3187023,-0.32516786,-0.99353445,0.046529517,0.046529517,1.0,0.3187023
57.280,0.7282,0.7270,0.9559,2.0,22.0,1.399999976158142,-0.32621148,-0.99374574,0.045727815,0.045727815,1.0,0.31995723,-0.32621148,-0.99374574,0.045727815,0.045727815,1.0,0.31995723
57.331,0.7325,0.7362,0.9524,2.0,22.0,1.399999976158142,-0.3243395,-0.993394,0.04800378,0.04800378,1.0,0.31773353,-0.3243395,-0.993394,0.04800378,0.04800378,1.0,0.31773353
57.380,0.7427,0.7578,0.9440,2.0,22.0,1.399999976158142,-0.32530728,-0.99359554,0.04715746,0.04715746,1.0,0.31890285,-0.32530728,-0.99359554,0.04715746,0.04715746,1.0,0.31890285
57.430,0.7470,0.7672,0.9404,2.0,22.0,1.399999976158142,-0.3236632,-0.993268,0.049547292,0.049547292,1.0,0.31693122,-0.3236632,-0.993268,0.049547292,0.049547292,1.0,0.31693122
57.480,0.7571,0.7891,0.9316,2.0,22.0,1.399999976158142,-0.32454476,-0.99345857,0.048655324,0.048655324,1.0,0.3180033,-0.32454476,-0.99345857,0.048655324,0.048655324,1.0,0.3180033
57.530,0.7614,0.7985,0.9277,2.0,22.0,1.399999976158142,-0.32319793,-0.9931631,0.051156178,0.051156178,1.0,0.31636104,-0.32319793,-0.9931631,0.051156178,0.051156178,1.0,0.31636104
57.581,0.7715,0.8206,0.9185,2.0,22.0,1.399999976158142,-0.3239612,-0.99333805,0.050227873,0.050227873,1.0,0.31729925,-0.3239612,-0.99333805,0.050227873,0.050227873,1.0,0.31729925
57.630,0.7758,0.8302,0.9144,2.0,22.0,1.399999976158142,-0.32543704,-0.99209774,0.045493122,0.045493122,1.0,0.31753477,-0.32543704,-0.99209774,0.045493122,0.045493122,1.0,0.31753477
57.680,0.7858,0.8525,0.9048,2.0,22.0,1.399999976158142,-0.32377905,-0.9932364,0.049677726,0.049677726,1.0,0.3170155,-0.32377905,-0.9932364,0.049677726,0.049677726,1.0,0.3170155
57.731,0.7901,0.8621,0.9006,2.0,22.0,1.399999976158142,-0.32302555,-0.9930247,0.05241814,0.05241814,1.0,0.31605023,-0.32302555,-0.9930247,0.05241814,0.05241814,1.0,0.31605023
57.781,0.8001,0.8845,0.8905,2.0,22.0,1.399999976158142,-0.32345182,-0.9931586,0.051383365,0.051383365,1.0,0.31661043,-0.32345182,-0.9931586,0.051383365,0.051383365,1.0,0.31661043
57.831,0.8044,0.8942,0.8861,2.0,22.0,1.399999976158142,-0.32322022,-0.9929804,0.054260977,0.054260977,1.0,0.3162006,-0.32322022,-0.9929804,0.054260977,0.054260977,1.0,0.3162006
57.880,0.8144,0.9167,0.8756,2.0,22.0,1.399999976158142,-0.32347676,-0.9930951,0.05315086,0.05315086,1.0,0.31657183,-0.32347676,-0.9930951,0.05315086,0.05315086,1.0,0.31657183
57.930,0.8186,0.9264,0.8710,2.0,22.0,1.399999976158142,-0.323599,-0.99294746,0.056266006,0.056266006,1.0,0.31654644,-0.323599,-0.99294746,0.056266006,0.056266006,1.0,0.31654644
57.980,0.8286,0.9489,0.8602,2.0,22.0,1.399999976158142,-0.32368597,-0.99304545,0.055029765,0.055029765,1.0,0.31673145,-0.32368597,-0.99304545,0.055029765,0.055029765,1.0,0.31673145
58.030,0.8328,0.9586,0.8554,2.0,22.0,1.399999976158142,-0.32415575,-0.99294126,0.05816107,0.05816107,1.0,0.317097,-0.32415575,-0.99294126,0.05816107,0.05816107,1.0,0.317097
58.081,0.8427,0.9812,0.8442,2.0,22.0,1.399999976158142,-0.32407457,-0.9930137,0.056957237,0.056957237,1.0,0.31708822,-0.32407457,-0.9930137,0.056957237,0.056957237,1.0,0.31708822
58.131,0.8469,0.9908,0.8393,2.0,22.0,1.399999976158142,-0.3248745,-0.9929447,0.060206305,0.060206305,1.0,0.31781918,-0.3248745,-0.9929447,0.060206305,0.060206305,1.0,0.31781918
58.181,0.8568,1.0134,0.8278,2.0,22.0,1.399999976158142,-0.32462895,-0.99299675,0.058953743,0.058953743,1.0,0.3176257,-0.32462895,-0.99299675,0.058953743,0.058953743,1.0,0.3176257
58.231,0.8610,1.0230,0.8227,2.0,22.0,1.399999976158142,-0.3257325,-0.9929609,0.062304623,0.062304623,1.0,0.3186934,-0.3257325,-0.9929609,0.062304623,0.062304623,1.0,0.3186934
58.280,0.8707,1.0455,0.8109,2.0,22.0,1.399999976158142,-0.32533163,-0.9929937,0.061005555,0.061005555,1.0,0.3183253,-0.32533163,-0.9929937,0.061005555,0.061005555,1.0,0.3183253
58.330,0.8749,1.0551,0.8057,2.0,22.0,1.399999976158142,-0.32670766,-0.9929877,0.06445168,0.06445168,1.0,0.31969538,-0.32670766,-0.9929877,0.06445168,0.06445168,1.0,0.31969538
58.380,0.8846,1.0776,0.7936,2.0,22.0,1.399999976158142,-0.32616535,-0.99300253,0.06311554,0.06311554,1.0,0.3191679,-0.32616535,-0.99300253,0.06311554,0.06311554,1.0,0.3191679
58.430,0.8888,1.0871,0.7883,2.0,22.0,1.399999976158142,-0.32778108,-0.9930228,0.066655174,0.066655174,1.0,0.32080388,-0.32778108,-0.9930228,0.066655174,0.066655174,1.0,0.32080388
58.481,0.8984,1.1095,0.7759,2.0,22.0,1.399999976158142,-0.32711005,-0.99302155,0.065278605,0.065278605,1.0,0.3201316,-0.32711005,-0.99302155,0.065278605,0.065278605,1.0,0.3201316
58.530,0.9026,1.1190,0.7706,2.0,22.0,1.399999976158142,-0.32892358,-0.99306405,0.06889634,0.06889634,1.0,0.3219876,-0.32892358,-0.99306405,0.06889634,0.06889634,1.0,0.3219876
58.581,0.9121,1.1412,0.7580,2.0,22.0,1.399999976158142,-0.32814217,-0.99304867,0.067487195,0.067487195,1.0,0.32119083,-0.32814217,-0.99304867,0.067487195,0.067487195,1.0,0.32119083
58.631,0.9162,1.1507,0.7525,2.0,22.0,1.399999976158142,-0.3293036,-0.9916729,0.061541356,0.061541356,1.0,0.3209765,-0.3293036,-0.9916729,0.061541356,0.061541356,1.0,0.3209765
58.680,0.9257,1.1728,0.7398,2.0,22.0,1.399999976158142,-0.32946396,-0.99308145,0.06680684,0.06680684,1.0,0.32254538,-0.32946396,-0.99308145,0.06680684,0.06680684,1.0,0.32254538
58.730,0.9298,1.1823,0.7343,2.0,22.0,1.399999976158142,-0.33141753,-0.9931656,0.07054091,0.07054091,1.0,0.32458314,-0.33141753,-0.9931656,0.07054091,0.07054091,1.0,0.32458314
58.785,0.9392,1.2043,0.7213,2.0,22.0,1.399999976158142,-0.33044788,-0.9931258,0.06908651,0.06908651,1.0,0.32357368,-0.33044788,-0.9931258,0.06908651,0.06908651,1.0,0.32357368
58.825,0.9433,1.2137,0.7158,2.0,22.0,1.399999976158142,-0.33252072,-0.9932082,0.072664246,0.072664246,1.0,0.32572898,-0.33252072,-0.9932082,0.072664246,0.072664246,1.0,0.32572898
58.880,0.9526,1.2356,0.7027,2.0,22.0,1.399999976158142,-0.33172703,-0.9931715,0.07154542,0.07154542,1.0,0.3248985,-0.33172703,-0.9931715,0.07154542,0.07154542,1.0,0.3248985
58.930,0.9566,1.2450,0.6971,2.0,22.0,1.399999976158142,-0.33392066,-0.9932629,0.07528532,0.07528532,1.0,0.32718357,-0.33392066,-0.9932629,0.07528532,0.07528532,1.0,0.32718357
58.980,0.9659,1.2668,0.6839,2.0,22.0,1.399999976158142,-0.33285746,-0.99321145,0.07377339,0.07377339,1.0,0.32606888,-0.33285746,-0.99321145,0.07377339,0.07377339,1.0,0.32606888
59.031,0.9699,1.2761,0.6783,2.0,22.0,1.399999976158142,-0.33515063,-0.9933096,0.07767988,0.07767988,1.0,0.32846028,-0.33515063,-0.9933096,0.07767988,0.07767988,1.0,0.32846028
59.080,0.9791,1.2978,0.6650,2.0,22.0,1.399999976158142,-0.33407205,-0.9932555,0.076159514,0.076159514,1.0,0.32732752,-0.33407205,-0.9932555,0.076159514,0.076159514,1.0,0.32732752
59.130,0.9831,1.3071,0.6593,2.0,22.0,1.399999976158142,-0.33638403,-0.99335575,0.080123916,0.080123916,1.0,0.32973978,-0.33638403,-0.99335575,0.080123916,0.080123916,1.0,0.32973978
59.181,0.9923,1.3288,0.6460,2.0,22.0,1.399999976158142,-0.3352869,-0.99329954,0.07857749,0.07857749,1.0,0.32858643,-0.3352869,-0.99329954,0.07857749,0.07857749,1.0,0.32858643
59.230,0.9962,1.3380,0.6403,2.0,22.0,1.399999976158142,-0.33758268,-0.9933992,0.082563385,0.082563385,1.0,0.3309819,-0.33758268,-0.9933992,0.082563385,0.082563385,1.0,0.3309819
59.281,1.0054,1.3596,0.6269,2.0,22.0,1.399999976158142,-0.3364888,-0.99334264,0.08101578,0.08101578,1.0,0.32983145,-0.3364888,-0.99334264,0.08101578,0.08101578,1.0,0.32983145
59.331,1.0093,1.3688,0.6212,2.0,22.0,1.399999976158142,-0.33877516,-0.99344134,0.08504692,0.08504692,1.0,0.3322165,-0.33877516,-0.99344134,0.08504692,0.08504692,1.0,0.3322165
59.381,1.0184,1.3903,0.6078,2.0,22.0,1.399999976158142,-0.33767745,-0.9933846,0.08347796,0.08347796,1.0,0.33106205,-0.33767745,-0.9933846,0.08347796,0.08347796,1.0,0.33106205
59.430,1.0222,1.3995,0.6021,2.0,22.0,1.399999976158142,-0.33993956,-0.993481,0.08754038,0.08754038,1.0,0.33342057,-0.33993956,-0.993481,0.08754038,0.08754038,1.0,0.33342057
59.480,1.0313,1.4210,0.5886,2.0,22.0,1.399999976158142,-0.3388541,-0.9934253,0.085969284,0.085969284,1.0,0.33227944,-0.3388541,-0.9934253,0.085969284,0.085969284,1.0,0.33227944
59.530,1.0352,1.4302,0.5829,2.0,22.0,1.399999976158142,-0.3410849,-0.99351865,0.09005658,0.09005658,1.0,0.33460355,-0.3410849,-0.99351865,0.09005658,0.09005658,1.0,0.33460355
59.581,1.0442,1.4516,0.5694,2.0,22.0,1.399999976158142,-0.34000963,-0.9934643,0.088476144,0.088476144,1.0,0.33347395,-0.34000963,-0.9934643,0.088476144,0.088476144,1.0,0.33347395
59.631,1.0481,1.4607,0.5637,2.0,22.0,1.399999976158142,-0.34111643,-0.9921533,0.081027195,0.081027195,1.0,0.33326972,-0.34111643,-0.9921533,0.081027195,0.081027195,1.0,0.33326972
59.681,1.0571,1.4821,0.5502,2.0,22.0,1.399999976158142,-0.34144986,-0.9935011,0.08707158,0.08707158,1.0,0.33495098,-0.34144986,-0.9935011,0.08707158,0.08707158,1.0,0.33495098
59.731,1.0609,1.4912,0.5445,2.0,22.0,1.399999976158142,-0.34339127,-0.99359727,0.09115893,0.09115893,1.0,0.33698854,-0.34339127,-0.99359727,0.09115893,0.09115893,1.0,0.33698854
59.781,1.0699,1.5126,0.5310,2.0,22.0,1.399999976158142,-0.34232476,-0.9935433,0.08958629,0.08958629,1.0,0.33586806,-0.34232476,-0.9935433,0.08958629,0.08958629,1.0,0.33586806
59.831,1.0737,1.5217,0.5253,2.0,22.0,1.399999976158142,-0.34449592,-0.99363047,0.09373355,0.09373355,1.0,0.33812636,-0.34449592,-0.99363047,0.09373355,0.09373355,1.0,0.33812636
59.881,1.0827,1.5430,0.5118,2.0,22.0,1.399999976158142,-0.3434362,-0.9935782,0.09214005,0.09214005,1.0,0.33701444,-0.3434362,-0.9935782,0.09214005,0.09214005,1.0,0.33701444
59.930,1.0865,1.5521,0.5060,2.0,22.0,1.399999976158142,-0.34557107,-0.99366087,0.09632264,0.09632264,1.0,0.3392319,-0.34557107,-0.99366087,0.09632264,0.09632264,1.0,0.3392319
59.980,1.0955,1.5734,0.4926,2.0,22.0,1.399999976158142,-0.3445351,-0.99361163,0.09472461,0.09472461,1.0,0.33814678,-0.3445351,-0.99361163,0.09472461,0.09472461,1.0,0.33814678
60.031,1.0993,1.5826,0.4868,2.0,22.0,1.399999976158142,-0.3466228,-0.99368966,0.09891073,0.09891073,1.0,0.34031245,-0.3466228,-0.99368966,0.09891073,0.09891073,1.0,0.34031245
60.080,1.1082,1.6038,0.4734,2.0,22.0,1.399999976158142,-0.3456078,-0.99364316,0.0973126,0.0973126,1.0,0.33925092,-0.3456078,-0.99364316,0.0973126,0.0973126,1.0,0.33925092
60.131,1.1120,1.6130,0.4677,2.0,22.0,1.399999976158142,-0.34767216,-0.99371785,0.10153442,0.10153442,1.0,0.34139004,-0.34767216,-0.99371785,0.10153442,0.10153442,1.0,0.34139004
60.180,1.1210,1.6342,0.4542,2.0,22.0,1.399999976158142,-0.34667006,-0.9936734,0.09992636,0.09992636,1.0,0.34034345,-0.34667006,-0.9936734,0.09992636,0.09992636,1.0,0.34034345
60.231,1.1248,1.6434,0.4485,2.0,22.0,1.399999976158142,-0.3487098,-0.993745,0.10417258,0.10417258,1.0,0.34245485,-0.3487098,-0.993745,0.10417258,0.10417258,1.0,0.34245485
60.281,1.1337,1.6646,0.4351,2.0,22.0,1.399999976158142,-0.34772247,-0.9937026,0.1025625,0.1025625,1.0,0.34142503,-0.34772247,-0.9937026,0.1025625,0.1025625,1.0,0.34142503
60.331,1.1375,1.6738,0.4294,2.0,22.0,1.399999976158142,-0.34972352,-0.99377084,0.10679949,0.10679949,1.0,0.34349433,-0.34972352,-0.99377084,0.10679949,0.10679949,1.0,0.34349433
60.381,1.1464,1.6950,0.4160,2.0,22.0,1.399999976158142,-0.34876132,-0.99373055,0.10521271,0.10521271,1.0,0.34249187,-0.34876132,-0.99373055,0.10521271,0.10521271,1.0,0.34249187
60.431,1.1502,1.7042,0.4102,2.0,22.0,1.399999976158142,-0.3507462,-0.9937965,0.10947591,0.10947591,1.0,0.34454274,-0.3507462,-0.9937965,0.10947591,0.10947591,1.0,0.34454274
60.480,1.1591,1.7255,0.3969,2.0,22.0,1.399999976158142,-0.3497839,-0.9937573,0.107868426,0.107868426,1.0,0.3435412,-0.3497839,-0.9937573,0.107868426,0.107868426,1.0,0.3435412
60.531,1.1629,1.7346,0.3911,2.0,22.0,1.399999976158142,-0.35175753,-0.9938213,0.11216268,0.11216268,1.0,0.34557885,-0.35175753,-0.9938213,0.11216268,0.11216268,1.0,0.34557885
60.581,1.1718,1.7559,0.3778,2.0,22.0,1.399999976158142,-0.35081327,-0.9937838,0.110569365,0.110569365,1.0,0.34459704,-0.35081327,-0.9937838,0.110569365,0.110569365,1.0,0.34459704
60.631,1.1756,1.7650,0.3721,2.0,22.0,1.399999976158142,-0.35199016,-0.9924712,0.10128382,0.10128382,1.0,0.3444614,-0.35199016,-0.9924712,0.10128382,0.10128382,1.0,0.3444614
60.680,1.1844,1.7863,0.3587,2.0,22.0,1.399999976158142,-0.3523459,-0.9938072,0.10815605,0.10815605,1.0,0.3461531,-0.3523459,-0.9938072,0.10815605,0.10815605,1.0,0.3461531
60.730,1.1882,1.7954,0.3530,2.0,22.0,1.399999976158142,-0.35384068,-0.9938785,0.11241393,0.11241393,1.0,0.34771916,-0.35384068,-0.9938785,0.11241393,0.11241393,1.0,0.34771916
60.780,1.1971,1.8167,0.3397,2.0,22.0,1.399999976158142,-0.35288543,-0.9938397,0.11083056,0.11083056,1.0,0.34672514,-0.35288543,-0.9938397,0.11083056,0.11083056,1.0,0.34672514
60.831,1.2009,1.8259,0.3340,2.0,22.0,1.399999976158142,-0.35484836,-0.99390244,0.115148626,0.115148626,1.0,0.34875083,-0.35484836,-0.99390244,0.115148626,0.115148626,1.0,0.34875083
60.880,1.2097,1.8472,0.3207,2.0,22.0,1.399999976158142,-0.35389662,-0.99386466,0.113557175,0.113557175,1.0,0.34776127,-0.35389662,-0.99386466,0.113557175,0.113557175,1.0,0.34776127
60.930,1.2135,1.8563,0.3150,2.0,22.0,1.399999976158142,-0.3558344,-0.9939245,0.11789205,0.11789205,1.0,0.3497589,-0.3558344,-0.9939245,0.11789205,0.11789205,1.0,0.3497589
60.980,1.2224,1.8777,0.3017,2.0,22.0,1.399999976158142,-0.35490185,-0.99388885,0.116308786,0.116308786,1.0,0.3487907,-0.35490185,-0.99388885,0.116308786,0.116308786,1.0,0.3487907
61.031,1.2262,1.8868,0.2960,2.0,22.0,1.399999976158142,-0.35681528,-0.9939462,0.120650925,0.120650925,1.0,0.3507615,-0.35681528,-0.9939462,0.120650925,0.120650925,1.0,0.3507615
61.080,1.2350,1.9082,0.2827,2.0,22.0,1.399999976158142,-0.35589722,-0.9939122,0.11907507,0.11907507,1.0,0.3498094,-0.35589722,-0.9939122,0.11907507,0.11907507,1.0,0.3498094
61.130,1.2388,1.9174,0.2770,2.0,22.0,1.399999976158142,-0.35780445,-0.99396807,0.123450294,0.123450294,1.0,0.35177252,-0.35780445,-0.99396807,0.123450294,0.123450294,1.0,0.35177252
61.181,1.2476,1.9387,0.2637,2.0,22.0,1.399999976158142,-0.35690334,-0.99393666,0.12186337,0.12186337,1.0,0.35083997,-0.35690334,-0.99393666,0.12186337,0.12186337,1.0,0.35083997
61.230,1.2514,1.9479,0.2580,2.0,22.0,1.399999976158142,-0.3589447,-0.99400854,0.126241,0.126241,1.0,0.35295328,-0.3589447,-0.99400854,0.126241,0.126241,1.0,0.35295328
61.280,1.2603,1.9694,0.2448,2.0,22.0,1.399999976158142,-0.35806468,-0.99397784,0.12468194,0.12468194,1.0,0.35204253,-0.35806468,-0.99397784,0.12468194,0.12468194,1.0,0.35204253
61.330,1.2641,1.9787,0.2391,2.0,22.0,1.399999976158142,-0.36045235,-0.99408716,0.129114,0.129114,1.0,0.3545395,-0.36045235,-0.99408716,0.129114,0.129114,1.0,0.3545395
61.380,1.2730,2.0004,0.2260,2.0,22.0,1.399999976158142,-0.35961446,-0.99406046,0.12752637,0.12752637,1.0,0.3536749,-0.35961446,-0.99406046,0.12752637,0.12752637,1.0,0.3536749
61.430,1.2769,2.0098,0.2205,2.0,22.0,1.399999976158142,-0.36326733,-0.9943124,0.13197865,0.13197865,1.0,0.35757974,-0.36326733,-0.9943124,0.13197865,0.13197865,1.0,0.35757974
61.480,1.2860,2.0319,0.2079,2.0,22.0,1.399999976158142,-0.36212596,-0.9942431,0.1303889,0.1303889,1.0,0.35636908,-0.36212596,-0.9942431,0.1303889,0.1303889,1.0,0.35636908
61.530,1.2899,2.0415,0.2028,2.0,22.0,1.399999976158142,-0.3672204,-0.9946539,0.13477722,0.13477722,1.0,0.36187428,-0.3672204,-0.9946539,0.13477722,0.13477722,1.0,0.36187428
61.580,1.2991,2.0642,0.1915,2.0,22.0,1.399999976158142,-0.3653948,-0.9944979,0.13314272,0.13314272,1.0,0.3598927,-0.3653948,-0.9944979,0.13314272,0.13314272,1.0,0.3598927
61.630,1.3032,2.0740,0.1872,2.0,22.0,1.399999976158142,-0.36638942,-0.9933326,0.12246042,0.12246042,1.0,0.35972205,-0.36638942,-0.9933326,0.12246042,0.12246042,1.0,0.35972205
61.680,1.3126,2.0974,0.1782,2.0,22.0,1.399999976158142,-0.36938286,-0.9947724,0.12943947,0.12943947,1.0,0.3641552,-0.36938286,-0.9947724,0.12943947,0.12943947,1.0,0.3641552
61.730,1.3166,2.1076,0.1750,2.0,22.0,1.399999976158142,-0.37533602,-0.9953199,0.1327879,0.1327879,1.0,0.37065592,-0.37533602,-0.9953199,0.1327879,0.1327879,1.0,0.37065592
61.781,1.3262,2.1318,0.1692,2.0,22.0,1.399999976158142,-0.37221786,-0.995007,0.1313805,0.1313805,1.0,0.3672248,-0.37221786,-0.995007,0.1313805,0.1313805,1.0,0.3672248
61.830,1.3303,2.1423,0.1675,2.0,22.0,1.399999976158142,-0.37777784,-0.99545807,0.1338392,0.1338392,1.0,0.3732359,-0.37777784,-0.99545807,0.1338392,0.1338392,1.0,0.3732359
61.880,1.3399,2.1674,0.1655,2.0,22.0,1.399999976158142,-0.37462795,-0.9951473,0.1327588,0.1327588,1.0,0.36977527,-0.37462795,-0.9951473,0.1327588,0.1327588,1.0,0.36977527
61.930,1.3440,2.1783,0.1654,2.0,22.0,1.399999976158142,-0.37845486,-0.9954008,0.13409297,0.13409297,1.0,0.37385565,-0.37845486,-0.9954008,0.13409297,0.13409297,1.0,0.37385565
61.980,1.3537,2.2042,0.1671,2.0,22.0,1.399999976158142,-0.37582532,-0.9951611,0.13349332,0.13349332,1.0,0.37098643,-0.37582532,-0.9951611,0.13349332,0.13349332,1.0,0.37098643
62.030,1.3578,2.2154,0.1686,2.0,22.0,1.399999976158142,-0.3775067,-0.99517083,0.13367857,0.13367857,1.0,0.37267756,-0.3775067,-0.99517083,0.13367857,0.13367857,1.0,0.37267756
62.080,1.3674,2.2417,0.1737,2.0,22.0,1.399999976158142,-0.3757834,-0.99505097,0.13362978,0.13362978,1.0,0.37083438,-0.3757834,-0.99505097,0.13362978,0.13362978,1.0,0.37083438
62.130,1.3714,2.2531,0.1765,2.0,22.0,1.399999976158142,-0.37538397,-0.9948266,0.13279799,0.13279799,1.0,0.37021056,-0.37538397,-0.9948266,0.13279799,0.13279799,1.0,0.37021056
62.181,1.3809,2.2796,0.1842,2.0,22.0,1.399999976158142,-0.37477416,-0.9948506,0.13330793,0.13330793,1.0,0.36962476,-0.37477416,-0.9948506,0.13330793,0.13330793,1.0,0.36962476
62.231,1.3849,2.2909,0.1879,2.0,22.0,1.399999976158142,-0.372883,-0.9944591,0.13173963,0.13173963,1.0,0.36734205,-0.372883,-0.9944591,0.13173963,0.13173963,1.0,0.36734205
62.280,1.3943,2.3172,0.1970,2.0,22.0,1.399999976158142,-0.37323043,-0.9946049,0.13271813,0.13271813,1.0,0.36783528,-0.37323043,-0.9946049,0.13271813,0.13271813,1.0,0.36783528
62.331,1.3983,2.3285,0.2010,2.0,22.0,1.399999976158142,-0.37043428,-0.9941122,0.13076872,0.13076872,1.0,0.36454645,-0.37043428,-0.9941122,0.13076872,0.13076872,1.0,0.36454645
62.380,1.4076,2.3546,0.2104,2.0,22.0,1.399999976158142,-0.37148654,-0.994348,0.13208935,0.13208935,1.0,0.36583453,-0.37148654,-0.994348,0.13208935,0.13208935,1.0,0.36583453
62.431,1.4115,2.3657,0.2143,2.0,22.0,1.399999976158142,-0.36832368,-0.9938097,0.13006625,0.13006625,1.0,0.36213338,-0.36832368,-0.9938097,0.13006625,0.13006625,1.0,0.36213338
62.480,1.4209,2.3916,0.2230,2.0,22.0,1.399999976158142,-0.36970115,-0.99408823,0.13154685,0.13154685,1.0,0.3637894,-0.36970115,-0.99408823,0.13154685,0.13154685,1.0,0.3637894
62.530,1.4249,2.4027,0.2265,2.0,22.0,1.399999976158142,-0.36622754,-0.99351346,0.1297773,0.1297773,1.0,0.359741,-0.36622754,-0.99351346,0.1297773,0.1297773,1.0,0.359741
62.580,1.4344,2.4284,0.2338,2.0,22.0,1.399999976158142,-0.36768013,-0.9938017,0.13117966,0.13117966,1.0,0.36148185,-0.36768013,-0.9938017,0.13117966,0.13117966,1.0,0.36148185
62.625,1.4385,2.4394,0.2367,2.0,22.0,1.399999976158142,-0.36936834,-0.99271005,0.120494045,0.120494045,1.0,0.3620784,-0.36936834,-0.99271005,0.120494045,0.120494045,1.0,0.3620784
62.681,1.4480,2.4651,0.2425,2.0,22.0,1.399999976158142,-0.3656875,-0.9934682,0.12419935,0.12419935,1.0,0.3591557,-0.3656875,-0.9934682,0.12419935,0.12419935,1.0,0.3591557
62.730,1.4522,2.4761,0.2447,2.0,22.0,1.399999976158142,-0.36016575,-0.9927006,0.12312921,0.12312921,1.0,0.35286632,-0.36016575,-0.9927006,0.12312921,0.12312921,1.0,0.35286632
62.781,1.4619,2.5018,0.2491,2.0,22.0,1.399999976158142,-0.36208364,-0.9930585,0.124248564,0.124248564,1.0,0.35514215,-0.36208364,-0.9930585,0.124248564,0.124248564,1.0,0.35514215
62.826,1.4660,2.5128,0.2506,2.0,22.0,1.399999976158142,-0.35624403,-0.99219984,0.12360619,0.12360619,1.0,0.34844387,-0.35624403,-0.99219984,0.12360619,0.12360619,1.0,0.34844387
62.880,1.4758,2.5385,0.2536,2.0,22.0,1.399999976158142,-0.35879305,-0.9926401,0.12455364,0.12455364,1.0,0.35143313,-0.35879305,-0.9926401,0.12455364,0.12455364,1.0,0.35143313
62.931,1.4800,2.5496,0.2546,2.0,22.0,1.399999976158142,-0.35281444,-0.991759,0.12429368,0.12429368,1.0,0.34457344,-0.35281444,-0.991759,0.12429368,0.12429368,1.0,0.34457344
62.980,1.4899,2.5754,0.2561,2.0,22.0,1.399999976158142,-0.3557055,-0.9922473,0.1250755,0.1250755,1.0,0.34795278,-0.3557055,-0.9922473,0.1250755,0.1250755,1.0,0.34795278
63.031,1.4941,2.5865,0.2565,2.0,22.0,1.399999976158142,-0.34995657,-0.9913828,0.12520848,0.12520848,1.0,0.34133935,-0.34995657,-0.9913828,0.12520848,0.12520848,1.0,0.34133935
63.080,1.5040,2.6126,0.2568,2.0,22.0,1.399999976158142,-0.3529191,-0.99188304,0.1258019,0.1258019,1.0,0.34480214,-0.3529191,-0.99188304,0.1258019,0.1258019,1.0,0.34480214
63.130,1.5083,2.6237,0.2566,2.0,22.0,1.399999976158142,-0.34796676,-0.99111193,0.12635492,0.12635492,1.0,0.33907866,-0.34796676,-0.99111193,0.12635492,0.12635492,1.0,0.33907866
63.181,1.5183,2.6499,0.2556,2.0,22.0,1.399999976158142,-0.35058045,-0.9915649,0.126751,0.126751,1.0,0.34214538,-0.35058045,-0.9915649,0.126751,0.126751,1.0,0.34214538
63.230,1.5226,2.6612,0.2549,2.0,22.0,1.399999976158142,-0.3463086,-0.99086905,0.12769859,0.12769859,1.0,0.3371776,-0.3463086,-0.99086905,0.12769859,0.12769859,1.0,0.3371776
63.280,1.5326,2.6877,0.2527,2.0,22.0,1.399999976158142,-0.34859195,-0.99127984,0.12790617,0.12790617,1.0,0.3398718,-0.34859195,-0.99127984,0.12790617,0.12790617,1.0,0.3398718
63.330,1.5369,2.6990,0.2515,2.0,22.0,1.399999976158142,-0.34498295,-0.99065745,0.12922682,0.12922682,1.0,0.3356404,-0.34498295,-0.99065745,0.12922682,0.12922682,1.0,0.3356404
63.381,1.5470,2.7257,0.2482,2.0,22.0,1.399999976158142,-0.346951,-0.9910279,0.12925415,0.12925415,1.0,0.33797887,-0.346951,-0.9910279,0.12925415,0.12925415,1.0,0.33797887
63.431,1.5513,2.7372,0.2465,2.0,22.0,1.399999976158142,-0.3439614,-0.99047244,0.13092321,0.13092321,1.0,0.33443385,-0.3439614,-0.99047244,0.13092321,0.13092321,1.0,0.33443385
63.480,1.5614,2.7640,0.2422,2.0,22.0,1.399999976158142,-0.3456354,-0.9908068,0.13077217,0.13077217,1.0,0.33644223,-0.3456354,-0.9908068,0.13077217,0.13077217,1.0,0.33644223
63.530,1.5657,2.7756,0.2402,2.0,22.0,1.399999976158142,-0.343211,-0.99031293,0.13274649,0.13274649,1.0,0.33352396,-0.343211,-0.99031293,0.13274649,0.13274649,1.0,0.33352396
63.580,1.5758,2.8027,0.2352,2.0,22.0,1.399999976158142,-0.3446068,-0.9906115,0.13243863,0.13243863,1.0,0.33521828,-0.3446068,-0.9906115,0.13243863,0.13243863,1.0,0.33521828
63.630,1.5802,2.8143,0.2329,2.0,22.0,1.399999976158142,-0.34660065,-0.98890716,0.12157004,0.12157004,1.0,0.33550784,-0.34660065,-0.98890716,0.12157004,0.12157004,1.0,0.33550784
63.681,1.5903,2.8415,0.2273,2.0,22.0,1.399999976158142,-0.3447006,-0.990491,0.12759043,0.12759043,1.0,0.33519155,-0.3447006,-0.990491,0.12759043,0.12759043,1.0,0.33519155
63.730,1.5947,2.8532,0.2248,2.0,22.0,1.399999976158142,-0.3444774,-0.99030083,0.1300129,0.1300129,1.0,0.3347782,-0.3444774,-0.99030083,0.1300129,0.1300129,1.0,0.3347782
63.780,1.6048,2.8805,0.2189,2.0,22.0,1.399999976158142,-0.3451932,-0.990505,0.12945388,0.12945388,1.0,0.3356982,-0.3451932,-0.990505,0.12945388,0.12945388,1.0,0.3356982
63.831,1.6091,2.8922,0.2164,2.0,22.0,1.399999976158142,-0.34748504,-0.9905579,0.13209829,0.13209829,1.0,0.33804294,-0.34748504,-0.9905579,0.13209829,0.13209829,1.0,0.33804294
63.880,1.6193,2.9197,0.2105,2.0,22.0,1.399999976158142,-0.34733135,-0.9906448,0.13142069,0.13142069,1.0,0.3379762,-0.34733135,-0.9906448,0.13142069,0.13142069,1.0,0.3379762
63.931,1.6236,2.9315,0.2081,2.0,22.0,1.399999976158142,-0.35190943,-0.99096495,0.13416176,0.13416176,1.0,0.3428744,-0.35190943,-0.99096495,0.13416176,0.13416176,1.0,0.3428744
63.981,1.6337,2.9591,0.2028,2.0,22.0,1.399999976158142,-0.3506507,-0.99090314,0.13339873,0.13339873,1.0,0.3415538,-0.3506507,-0.99090314,0.13339873,0.13339873,1.0,0.3415538
64.031,1.6380,2.9710,0.2007,2.0,22.0,1.399999976158142,-0.35704783,-0.99143624,0.13609175,0.13609175,1.0,0.34848407,-0.35704783,-0.99143624,0.13609175,0.13609175,1.0,0.34848407
64.081,1.6481,2.9989,0.1963,2.0,22.0,1.399999976158142,-0.3546152,-0.99121904,0.1352847,0.1352847,1.0,0.34583423,-0.3546152,-0.99121904,0.1352847,0.1352847,1.0,0.34583423
64.131,1.6524,3.0108,0.1946,2.0,22.0,1.399999976158142,-0.36187488,-0.991853,0.13774891,0.13774891,1.0,0.35372788,-0.36187488,-0.991853,0.13774891,0.13774891,1.0,0.35372788
64.180,1.6623,3.0389,0.1916,2.0,22.0,1.399999976158142,-0.3586335,-0.99153,0.13697496,0.13697496,1.0,0.3501635,-0.3586335,-0.99153,0.13697496,0.13697496,1.0,0.3501635
64.231,1.6666,3.0510,0.1906,2.0,22.0,1.399999976158142,-0.3658768,-0.99216264,0.13904192,0.13904192,1.0,0.35803944,-0.3658768,-0.99216264,0.13904192,0.13904192,1.0,0.35803944
64.281,1.6764,3.0794,0.1893,2.0,22.0,1.399999976158142,-0.36230972,-0.99179804,0.13839474,0.13839474,1.0,0.35410777,-0.36230972,-0.99179804,0.13839474,0.13839474,1.0,0.35410777
64.330,1.6806,3.0915,0.1890,2.0,22.0,1.399999976158142,-0.3688851,-0.9923544,0.13994673,0.13994673,1.0,0.36123952,-0.3688851,-0.9923544,0.13994673,0.13994673,1.0,0.36123952
64.381,1.6903,3.1201,0.1894,2.0,22.0,1.399999976158142,-0.36543983,-0.9920058,0.13951166,0.13951166,1.0,0.35744566,-0.36543983,-0.9920058,0.13951166,0.13951166,1.0,0.35744566
64.431,1.6944,3.1324,0.1899,2.0,22.0,1.399999976158142,-0.37107208,-0.992453,0.14051788,0.14051788,1.0,0.3635251,-0.37107208,-0.992453,0.14051788,0.14051788,1.0,0.3635251
64.481,1.7040,3.1610,0.1919,2.0,22.0,1.399999976158142,-0.3679575,-0.99215,0.140333,0.140333,1.0,0.36010748,-0.3679575,-0.99215,0.140333,0.140333,1.0,0.36010748
64.531,1.7081,3.1733,0.1931,2.0,22.0,1.399999976158142,-0.37250936,-0.9924727,0.14082637,0.14082637,1.0,0.3649821,-0.37250936,-0.9924727,0.14082637,0.14082637,1.0,0.3649821
64.581,1.7176,3.2020,0.1964,2.0,22.0,1.399999976158142,-0.36989406,-0.9922356,0.1409098,0.1409098,1.0,0.36212966,-0.36989406,-0.9922356,0.1409098,0.1409098,1.0,0.36212966
64.631,1.7216,3.2143,0.1980,2.0,22.0,1.399999976158142,-0.37084147,-0.9906121,0.12937976,0.12937976,1.0,0.3614536,-0.37084147,-0.9906121,0.12937976,0.12937976,1.0,0.3614536
64.680,1.7310,3.2429,0.2022,2.0,22.0,1.399999976158142,-0.37183425,-0.99226326,0.13419722,0.13419722,1.0,0.3640975,-0.37183425,-0.99226326,0.13419722,0.13419722,1.0,0.3640975
64.730,1.7350,3.2551,0.2040,2.0,22.0,1.399999976158142,-0.37388816,-0.99236006,0.13390692,0.13390692,1.0,0.3662482,-0.37388816,-0.99236006,0.13390692,0.13390692,1.0,0.3662482
64.781,1.7444,3.2835,0.2085,2.0,22.0,1.399999976158142,-0.3722452,-0.9922551,0.13444667,0.13444667,1.0,0.36450025,-0.3722452,-0.9922551,0.13444667,0.13444667,1.0,0.36450025
64.831,1.7485,3.2957,0.2105,2.0,22.0,1.399999976158142,-0.37389597,-0.99223524,0.13409317,0.13409317,1.0,0.36613122,-0.37389597,-0.99223524,0.13409317,0.13409317,1.0,0.36613122
64.880,1.7579,3.3240,0.2148,2.0,22.0,1.399999976158142,-0.37272313,-0.9921929,0.13474716,0.13474716,1.0,0.36491606,-0.37272313,-0.9921929,0.13474716,0.13474716,1.0,0.36491606
64.931,1.7620,3.3361,0.2166,2.0,22.0,1.399999976158142,-0.37346786,-0.99206394,0.1344218,0.1344218,1.0,0.36553177,-0.37346786,-0.99206394,0.1344218,0.1344218,1.0,0.36553177
64.980,1.7716,3.3643,0.2204,2.0,22.0,1.399999976158142,-0.37272233,-0.99208075,0.1351192,0.1351192,1.0,0.36480308,-0.37272233,-0.99208075,0.1351192,0.1351192,1.0,0.36480308
65.031,1.7757,3.3763,0.2218,2.0,22.0,1.399999976158142,-0.37254736,-0.99183935,0.13493264,0.13493264,1.0,0.3643867,-0.37254736,-0.99183935,0.13493264,0.13493264,1.0,0.3643867
65.080,1.7854,3.4044,0.2248,2.0,22.0,1.399999976158142,-0.37223095,-0.9919155,0.13560313,0.13560313,1.0,0.36414647,-0.37223095,-0.9919155,0.13560313,0.13560313,1.0,0.36414647
65.131,1.7896,3.4165,0.2259,2.0,22.0,1.399999976158142,-0.37114736,-0.99155927,0.13561825,0.13561825,1.0,0.36270666,-0.37114736,-0.99155927,0.13561825,0.13561825,1.0,0.36270666
65.181,1.7993,3.4445,0.2279,2.0,22.0,1.399999976158142,-0.37129104,-0.9917039,0.13622516,0.13622516,1.0,0.36299494,-0.37129104,-0.9917039,0.13622516,0.13622516,1.0,0.36299494
65.230,1.8035,3.4566,0.2286,2.0,22.0,1.399999976158142,-0.3694297,-0.99125063,0.13649002,0.13649002,1.0,0.36068037,-0.3694297,-0.99125063,0.13649002,0.13649002,1.0,0.36068037
65.280,1.8134,3.4846,0.2296,2.0,22.0,1.399999976158142,-0.36818427,-0.9910345,0.13705204,0.13705204,1.0,0.35921875,-0.36818427,-0.9910345,0.13705204,0.13705204,1.0,0.35921875
65.330,1.8176,3.4967,0.2299,2.0,22.0,1.399999976158142,-0.3690256,-0.99127406,0.13746975,0.13746975,1.0,0.36029965,-0.3690256,-0.99127406,0.13746975,0.13746975,1.0,0.36029965
65.380,1.8276,3.5248,0.2300,2.0,22.0,1.399999976158142,-0.36861572,-0.9911994,0.13790068,0.13790068,1.0,0.3598151,-0.36861572,-0.9911994,0.13790068,0.13790068,1.0,0.3598151
65.431,1.8318,3.5369,0.2299,2.0,22.0,1.399999976158142,-0.36615646,-0.9906693,0.13870192,0.13870192,1.0,0.35682574,-0.36615646,-0.9906693,0.13870192,0.13870192,1.0,0.35682574
65.481,1.8417,3.5651,0.2291,2.0,22.0,1.399999976158142,-0.36734512,-0.99095947,0.13896495,0.13896495,1.0,0.3583046,-0.36734512,-0.99095947,0.13896495,0.13896495,1.0,0.3583046
65.531,1.8460,3.5772,0.2286,2.0,22.0,1.399999976158142,-0.36522177,-0.9904658,0.14005002,0.14005002,1.0,0.35568756,-0.36522177,-0.9904658,0.14005002,0.14005002,1.0,0.35568756
65.580,1.8560,3.6055,0.2271,2.0,22.0,1.399999976158142,-0.3664316,-0.9907597,0.14018156,0.14018156,1.0,0.35719126,-0.3664316,-0.9907597,0.14018156,0.14018156,1.0,0.35719126
65.630,1.8602,3.6177,0.2263,2.0,22.0,1.399999976158142,-0.36844438,-0.98906505,0.12864779,0.12864779,1.0,0.35750943,-0.36844438,-0.98906505,0.12864779,0.12864779,1.0,0.35750943
65.680,1.8702,3.6461,0.2241,2.0,22.0,1.399999976158142,-0.36665016,-0.99061656,0.13439591,0.13439591,1.0,0.35726672,-0.36665016,-0.99061656,0.13439591,0.13439591,1.0,0.35726672
65.730,1.8744,3.6584,0.2230,2.0,22.0,1.399999976158142,-0.3658224,-0.99035054,0.13594824,0.13594824,1.0,0.35617298,-0.3658224,-0.99035054,0.13594824,0.13594824,1.0,0.35617298
65.780,1.8844,3.6870,0.2202,2.0,22.0,1.399999976158142,-0.36642888,-0.99056095,0.13582252,0.13582252,1.0,0.35698986,-0.36642888,-0.99056095,0.13582252,0.13582252,1.0,0.35698986
65.831,1.8887,3.6993,0.2190,2.0,22.0,1.399999976158142,-0.36739495,-0.990436,0.13765799,0.13765799,1.0,0.35783097,-0.36739495,-0.990436,0.13765799,0.13765799,1.0,0.35783097
65.880,1.8986,3.7281,0.2159,2.0,22.0,1.399999976158142,-0.36746216,-0.9905706,0.13741134,0.13741134,1.0,0.3580328,-0.36746216,-0.9905706,0.13741134,0.13741134,1.0,0.3580328
65.931,1.9028,3.7404,0.2145,2.0,22.0,1.399999976158142,-0.3696844,-0.99059755,0.13941328,0.13941328,1.0,0.36028197,-0.3696844,-0.99059755,0.13941328,0.13941328,1.0,0.36028197
65.980,1.9127,3.7693,0.2114,2.0,22.0,1.399999976158142,-0.36913952,-0.99064714,0.13906206,0.13906206,1.0,0.35978663,-0.36913952,-0.99064714,0.13906206,0.13906206,1.0,0.35978663
66.031,1.9170,3.7817,0.2101,2.0,22.0,1.399999976158142,-0.3724807,-0.9908096,0.1411527,0.1411527,1.0,0.3632903,-0.3724807,-0.9908096,0.1411527,0.1411527,1.0,0.3632903
66.080,1.9268,3.8108,0.2071,2.0,22.0,1.399999976158142,-0.3713348,-0.9907763,0.14072411,0.14072411,1.0,0.36211106,-0.3713348,-0.9907763,0.14072411,0.14072411,1.0,0.36211106
66.130,1.9310,3.8233,0.2059,2.0,22.0,1.399999976158142,-0.3756223,-0.99105406,0.1428135,0.1428135,1.0,0.3666764,-0.3756223,-0.99105406,0.1428135,0.1428135,1.0,0.3666764
66.180,1.9408,3.8525,0.2034,2.0,22.0,1.399999976158142,-0.37395597,-0.9909473,0.14235285,0.14235285,1.0,0.36490327,-0.37395597,-0.9909473,0.14235285,0.14235285,1.0,0.36490327
66.231,1.9450,3.8650,0.2024,2.0,22.0,1.399999976158142,-0.37892765,-0.9913098,0.14433964,0.14433964,1.0,0.37023747,-0.37892765,-0.9913098,0.14433964,0.14433964,1.0,0.37023747
66.281,1.9547,3.8944,0.2006,2.0,22.0,1.399999976158142,-0.37681165,-0.9911407,0.14388753,0.14388753,1.0,0.3679524,-0.37681165,-0.9911407,0.14388753,0.14388753,1.0,0.3679524
66.330,1.9589,3.9070,0.2000,2.0,22.0,1.399999976158142,-0.3821728,-0.9915508,0.14569439,0.14569439,1.0,0.37372363,-0.3821728,-0.9915508,0.14569439,0.14569439,1.0,0.37372363
66.381,1.9686,3.9366,0.1990,2.0,22.0,1.399999976158142,-0.37973297,-0.9913373,0.14529486,0.14529486,1.0,0.37107027,-0.37973297,-0.9913373,0.14529486,0.14529486,1.0,0.37107027
66.430,1.9727,3.9493,0.1988,2.0,22.0,1.399999976158142,-0.38515532,-0.99175525,0.14685327,0.14685327,1.0,0.37691054,-0.38515532,-0.99175525,0.14685327,0.14685327,1.0,0.37691054
66.480,1.9823,3.9789,0.1987,2.0,22.0,1.399999976158142,-0.38254392,-0.991519,0.14654638,0.14654638,1.0,0.37406293,-0.38254392,-0.991519,0.14654638,0.14654638,1.0,0.37406293
66.531,1.9864,3.9917,0.1989,2.0,22.0,1.399999976158142,-0.38770497,-0.9919068,0.14781609,0.14781609,1.0,0.3796118,-0.38770497,-0.9919068,0.14781609,0.14781609,1.0,0.3796118
66.580,1.9959,4.0214,0.1998,2.0,22.0,1.399999976158142,-0.38511962,-0.9916733,0.14764056,0.14764056,1.0,0.3767929,-0.38511962,-0.9916733,0.14764056,0.14764056,1.0,0.3767929
66.630,2.0000,4.0341,0.2003,2.0,22.0,1.399999976158142,-0.3862185,-0.98992896,0.13553938,0.13553938,1.0,0.37614745,-0.3862185,-0.98992896,0.13553938,0.13553938,1.0,0.37614745
66.680,2.0095,4.0638,0.2019,2.0,22.0,1.399999976158142,-0.38808703,-0.99178827,0.14116885,0.14116885,1.0,0.37987527,-0.38808703,-0.99178827,0.14116885,0.14116885,1.0,0.37987527
66.730,2.0135,4.0765,0.2027,2.0,22.0,1.399999976158142,-0.3915635,-0.9920619,0.14179549,0.14179549,1.0,0.38362542,-0.3915635,-0.9920619,0.14179549,0.14179549,1.0,0.38362542
66.780,2.0229,4.1062,0.2048,2.0,22.0,1.399999976158142,-0.38928983,-0.9918734,0.1419164,0.1419164,1.0,0.38116324,-0.38928983,-0.9918734,0.1419164,0.1419164,1.0,0.38116324
66.831,2.0270,4.1188,0.2058,2.0,22.0,1.399999976158142,-0.39270088,-0.9920463,0.14242403,0.14242403,1.0,0.38474718,-0.39270088,-0.9920463,0.14242403,0.14242403,1.0,0.38474718
66.880,2.0364,4.1484,0.2082,2.0,22.0,1.399999976158142,-0.39075932,-0.991906,0.14266284,0.14266284,1.0,0.3826653,-0.39075932,-0.991906,0.14266284,0.14266284,1.0,0.3826653
66.931,2.0404,4.1610,0.2092,2.0,22.0,1.399999976158142,-0.3934729,-0.99199295,0.14306374,0.14306374,1.0,0.38546586,-0.3934729,-0.99199295,0.14306374,0.14306374,1.0,0.38546586
66.981,2.0499,4.1904,0.2116,2.0,22.0,1.399999976158142,-0.39189225,-0.99190336,0.1433893,0.1433893,1.0,0.38379562,-0.39189225,-0.99190336,0.1433893,0.1433893,1.0,0.38379562
67.031,2.0539,4.2030,0.2126,2.0,22.0,1.399999976158142,-0.3939893,-0.99191165,0.14376368,0.14376368,1.0,0.3859009,-0.3939893,-0.99191165,0.14376368,0.14376368,1.0,0.3859009
67.080,2.0633,4.2323,0.2148,2.0,22.0,1.399999976158142,-0.3927264,-0.99186873,0.1441344,0.1441344,1.0,0.38459513,-0.3927264,-0.99186873,0.1441344,0.1441344,1.0,0.38459513
67.130,2.0674,4.2448,0.2157,2.0,22.0,1.399999976158142,-0.39425823,-0.9918066,0.14455943,0.14455943,1.0,0.38606483,-0.39425823,-0.9918066,0.14455943,0.14455943,1.0,0.38606483
67.181,2.0769,4.2740,0.2175,2.0,22.0,1.399999976158142,-0.39330414,-0.991807,0.14493653,0.14493653,1.0,0.3851111,-0.39330414,-0.991807,0.14493653,0.14493653,1.0,0.3851111
67.230,2.0809,4.2865,0.2182,2.0,22.0,1.399999976158142,-0.3943787,-0.99168694,0.14547148,0.14547148,1.0,0.38606563,-0.3943787,-0.99168694,0.14547148,0.14547148,1.0,0.38606563
67.280,2.0904,4.3157,0.2195,2.0,22.0,1.399999976158142,-0.39369535,-0.99172527,0.1458202,0.1458202,1.0,0.38542062,-0.39369535,-0.99172527,0.1458202,0.1458202,1.0,0.38542062
67.331,2.0945,4.3282,0.2199,2.0,22.0,1.399999976158142,-0.39445823,-0.99156517,0.14650868,0.14650868,1.0,0.38602337,-0.39445823,-0.99156517,0.14650868,0.14650868,1.0,0.38602337
67.381,2.1040,4.3573,0.2206,2.0,22.0,1.399999976158142,-0.3939856,-0.9916349,0.14680456,0.14680456,1.0,0.3856205,-0.3939856,-0.9916349,0.14680456,0.14680456,1.0,0.3856205
67.430,2.1081,4.3698,0.2208,2.0,22.0,1.399999976158142,-0.394624,-0.99145645,0.14767742,0.14767742,1.0,0.38608047,-0.394624,-0.99145645,0.14767742,0.14767742,1.0,0.38608047
67.480,2.1177,4.3990,0.2209,2.0,22.0,1.399999976158142,-0.39429376,-0.9915468,0.1478981,0.1478981,1.0,0.38584054,-0.39429376,-0.9915468,0.1478981,0.1478981,1.0,0.38584054
67.530,2.1217,4.4115,0.2209,2.0,22.0,1.399999976158142,-0.39500198,-0.9913758,0.14896965,0.14896965,1.0,0.38637775,-0.39500198,-0.9913758,0.14896965,0.14896965,1.0,0.38637775
67.580,2.1313,4.4408,0.2204,2.0,22.0,1.399999976158142,-0.3947203,-0.9914741,0.14910299,0.14910299,1.0,0.38619438,-0.3947203,-0.9914741,0.14910299,0.14910299,1.0,0.38619438
67.631,2.1354,4.4533,0.2201,2.0,22.0,1.399999976158142,-0.3964607,-0.98983926,0.13687731,0.13687731,1.0,0.38629994,-0.3964607,-0.98983926,0.13687731,0.13687731,1.0,0.38629994
67.680,2.1449,4.4827,0.2192,2.0,22.0,1.399999976158142,-0.39615935,-0.9914217,0.14282855,0.14282855,1.0,0.38758102,-0.39615935,-0.9914217,0.14282855,0.14282855,1.0,0.38758102
67.731,2.1490,4.4953,0.2187,2.0,22.0,1.399999976158142,-0.39688358,-0.9913542,0.14418317,0.14418317,1.0,0.3882378,-0.39688358,-0.9913542,0.14418317,0.14418317,1.0,0.3882378
67.781,2.1585,4.5248,0.2173,2.0,22.0,1.399999976158142,-0.39638397,-0.99142057,0.14414516,0.14414516,1.0,0.38780454,-0.39638397,-0.99142057,0.14414516,0.14414516,1.0,0.38780454
67.830,2.1626,4.5374,0.2167,2.0,22.0,1.399999976158142,-0.3983591,-0.99140906,0.14573489,0.14573489,1.0,0.38976812,-0.3983591,-0.99140906,0.14573489,0.14573489,1.0,0.38976812
67.881,2.1721,4.5671,0.2150,2.0,22.0,1.399999976158142,-0.39768228,-0.99144256,0.14562927,0.14562927,1.0,0.38912487,-0.39768228,-0.99144256,0.14562927,0.14562927,1.0,0.38912487
67.931,2.1762,4.5798,0.2143,2.0,22.0,1.399999976158142,-0.4002023,-0.9915003,0.14733814,0.14733814,1.0,0.39170265,-0.4002023,-0.9915003,0.14733814,0.14733814,1.0,0.39170265
67.980,2.1856,4.6096,0.2125,2.0,22.0,1.399999976158142,-0.39926252,-0.9914987,0.14715141,0.14715141,1.0,0.39076123,-0.39926252,-0.9914987,0.14715141,0.14715141,1.0,0.39076123
68.030,2.1897,4.6223,0.2118,2.0,22.0,1.399999976158142,-0.40239102,-0.9916267,0.1489657,0.1489657,1.0,0.39401773,-0.40239102,-0.9916267,0.1489657,0.1489657,1.0,0.39401773
68.081,2.1991,4.6522,0.2100,2.0,22.0,1.399999976158142,-0.40111867,-0.99158365,0.14869532,0.14869532,1.0,0.39270234,-0.40111867,-0.99158365,0.14869532,0.14869532,1.0,0.39270234
68.131,2.2032,4.6651,0.2093,2.0,22.0,1.399999976158142,-0.40471047,-0.9917719,0.1505293,0.1505293,1.0,0.39648235,-0.40471047,-0.9917719,0.1505293,0.1505293,1.0,0.39648235
68.180,2.2126,4.6951,0.2078,2.0,22.0,1.399999976158142,-0.40318835,-0.9916912,0.15023695,0.15023695,1.0,0.3948795,-0.40318835,-0.9916912,0.15023695,0.15023695,1.0,0.3948795
68.230,2.2166,4.7080,0.2072,2.0,22.0,1.399999976158142,-0.40726247,-0.9919348,0.15206936,0.15206936,1.0,0.39919725,-0.40726247,-0.9919348,0.15206936,0.15206936,1.0,0.39919725
68.281,2.2260,4.7382,0.2059,2.0,22.0,1.399999976158142,-0.4054564,-0.9918179,0.15174599,0.15174599,1.0,0.3972743,-0.4054564,-0.9918179,0.15174599,0.15174599,1.0,0.3972743
68.331,2.2300,4.7511,0.2055,2.0,22.0,1.399999976158142,-0.40979475,-0.9920979,0.15348849,0.15348849,1.0,0.4018927,-0.40979475,-0.9920979,0.15348849,0.15348849,1.0,0.4018927
68.380,2.2393,4.7814,0.2047,2.0,22.0,1.399999976158142,-0.4078386,-0.99195606,0.15319693,0.15319693,1.0,0.39979467,-0.4078386,-0.99195606,0.15319693,0.15319693,1.0,0.39979467
68.431,2.2433,4.7944,0.2045,2.0,22.0,1.399999976158142,-0.4123363,-0.9922577,0.15481678,0.15481678,1.0,0.404594,-0.4123363,-0.9922577,0.15481678,0.15481678,1.0,0.404594
68.481,2.2526,4.8248,0.2042,2.0,22.0,1.399999976158142,-0.41024673,-0.99209625,0.15456964,0.15456964,1.0,0.40234298,-0.41024673,-0.99209625,0.15456964,0.15456964,1.0,0.40234298
68.531,2.2566,4.8378,0.2042,2.0,22.0,1.399999976158142,-0.41476768,-0.9924019,0.15604311,0.15604311,1.0,0.40716958,-0.41476768,-0.9924019,0.15604311,0.15604311,1.0,0.40716958
68.581,2.2658,4.8682,0.2043,2.0,22.0,1.399999976158142,-0.41261497,-0.9922303,0.15586019,0.15586019,1.0,0.4048453,-0.41261497,-0.9922303,0.15586019,0.15586019,1.0,0.4048453
68.630,2.2698,4.8812,0.2045,2.0,22.0,1.399999976158142,-0.41393983,-0.99062157,0.14311156,0.14311156,1.0,0.40456137,-0.41393983,-0.99062157,0.14311156,0.14311156,1.0,0.40456137
68.680,2.2790,4.9116,0.2052,2.0,22.0,1.399999976158142,-0.41579047,-0.9923461,0.14923066,0.14923066,1.0,0.40813658,-0.41579047,-0.9923461,0.14923066,0.14923066,1.0,0.40813658
68.730,2.2829,4.9246,0.2055,2.0,22.0,1.399999976158142,-0.4192861,-0.9926249,0.150277,0.150277,1.0,0.41191098,-0.4192861,-0.9926249,0.150277,0.150277,1.0,0.41191098
68.780,2.2920,4.9549,0.2065,2.0,22.0,1.399999976158142,-0.4169903,-0.99245584,0.15024857,0.15024857,1.0,0.40944615,-0.4169903,-0.99245584,0.15024857,0.15024857,1.0,0.40944615
68.831,2.2959,4.9679,0.2070,2.0,22.0,1.399999976158142,-0.4208842,-0.99268115,0.15125275,0.15125275,1.0,0.41356534,-0.4208842,-0.99268115,0.15125275,0.15125275,1.0,0.41356534
68.880,2.3051,4.9982,0.2082,2.0,22.0,1.399999976158142,-0.4188616,-0.9925318,0.15131019,0.15131019,1.0,0.41139337,-0.4188616,-0.9925318,0.15131019,0.15131019,1.0,0.41139337
68.931,2.3090,5.0111,0.2088,2.0,22.0,1.399999976158142,-0.4224082,-0.9927116,0.15223034,0.15223034,1.0,0.4151198,-0.4224082,-0.9927116,0.15223034,0.15223034,1.0,0.4151198
68.981,2.3180,5.0413,0.2101,2.0,22.0,1.399999976158142,-0.42055935,-0.99258816,0.15234514,0.15234514,1.0,0.41314754,-0.42055935,-0.99258816,0.15234514,0.15234514,1.0,0.41314754
69.030,2.3219,5.0542,0.2107,2.0,22.0,1.399999976158142,-0.42374736,-0.99272287,0.15322296,0.15322296,1.0,0.4164702,-0.42374736,-0.99272287,0.15322296,0.15322296,1.0,0.4164702
69.081,2.3310,5.0843,0.2120,2.0,22.0,1.399999976158142,-0.42208734,-0.992626,0.1533785,0.1533785,1.0,0.41471332,-0.42208734,-0.992626,0.1533785,0.1533785,1.0,0.41471332
69.130,2.3349,5.0972,0.2125,2.0,22.0,1.399999976158142,-0.42497402,-0.9927212,0.1542602,0.1542602,1.0,0.41769525,-0.42497402,-0.9927212,0.1542602,0.1542602,1.0,0.41769525
69.181,2.3439,5.1273,0.2137,2.0,22.0,1.399999976158142,-0.4234691,-0.9926483,0.1544329,0.1544329,1.0,0.4161174,-0.4234691,-0.9926483,0.1544329,0.1544329,1.0,0.4161174
69.230,2.3478,5.1401,0.2141,2.0,22.0,1.399999976158142,-0.4261024,-0.9927107,0.15536009,0.15536009,1.0,0.4188131,-0.4261024,-0.9927107,0.15536009,0.15536009,1.0,0.4188131
69.280,2.3568,5.1701,0.2151,2.0,22.0,1.399999976158142,-0.42474845,-0.99265945,0.15553036,0.15553036,1.0,0.4174079,-0.42474845,-0.99265945,0.15553036,0.15553036,1.0,0.4174079
69.330,2.3607,5.1830,0.2154,2.0,22.0,1.399999976158142,-0.42720413,-0.992698,0.15653753,0.15653753,1.0,0.41990215,-0.42720413,-0.992698,0.15653753,0.15653753,1.0,0.41990215
69.382,2.3697,5.2130,0.2160,2.0,22.0,1.399999976158142,-0.4259705,-0.9926647,0.15668476,0.15668476,1.0,0.41863516,-0.4259705,-0.9926647,0.15668476,0.15668476,1.0,0.41863516
69.430,2.3736,5.2258,0.2162,2.0,22.0,1.399999976158142,-0.428269,-0.99269027,0.15778883,0.15778883,1.0,0.4209593,-0.428269,-0.99269027,0.15778883,0.15778883,1.0,0.4209593
69.481,2.3826,5.2558,0.2165,2.0,22.0,1.399999976158142,-0.42721784,-0.9926703,0.15791598,0.15791598,1.0,0.4198881,-0.42721784,-0.9926703,0.15791598,0.15791598,1.0,0.4198881
69.531,2.3864,5.2687,0.2166,2.0,22.0,1.399999976158142,-0.42954332,-0.9926958,0.15913929,0.15913929,1.0,0.42223915,-0.42954332,-0.9926958,0.15913929,0.15913929,1.0,0.42223915
69.580,2.3954,5.2987,0.2166,2.0,22.0,1.399999976158142,-0.42843914,-0.9926801,0.15920088,0.15920088,1.0,0.42111918,-0.42843914,-0.9926801,0.15920088,0.15920088,1.0,0.42111918
69.630,2.3993,5.3116,0.2165,2.0,22.0,1.399999976158142,-0.43008178,-0.9912275,0.14617579,0.14617579,1.0,0.42130926,-0.43008178,-0.9912275,0.14617579,0.14617579,1.0,0.42130926
69.680,2.4083,5.3417,0.2161,2.0,22.0,1.399999976158142,-0.43081868,-0.99269575,0.15249628,0.15249628,1.0,0.42351446,-0.43081868,-0.99269575,0.15249628,0.15249628,1.0,0.42351446
69.730,2.4121,5.3546,0.2159,2.0,22.0,1.399999976158142,-0.4327796,-0.99277043,0.15387031,0.15387031,1.0,0.42555007,-0.4327796,-0.99277043,0.15387031,0.15387031,1.0,0.42555007
69.780,2.4211,5.3847,0.2153,2.0,22.0,1.399999976158142,-0.43129653,-0.9927434,0.15380105,0.15380105,1.0,0.42403987,-0.43129653,-0.9927434,0.15380105,0.15380105,1.0,0.42403987
69.830,2.4249,5.3977,0.2150,2.0,22.0,1.399999976158142,-0.43419972,-0.99283797,0.15536876,0.15536876,1.0,0.42703766,-0.43419972,-0.99283797,0.15536876,0.15536876,1.0,0.42703766
69.881,2.4338,5.4280,0.2141,2.0,22.0,1.399999976158142,-0.43291733,-0.9927965,0.15527274,0.15527274,1.0,0.4257138,-0.43291733,-0.9927965,0.15527274,0.15527274,1.0,0.4257138
69.930,2.4377,5.4410,0.2138,2.0,22.0,1.399999976158142,-0.43608195,-0.99292445,0.1569387,0.1569387,1.0,0.42900637,-0.43608195,-0.99292445,0.1569387,0.1569387,1.0,0.42900637
69.981,2.4466,5.4713,0.2128,2.0,22.0,1.399999976158142,-0.43469268,-0.99286723,0.1567886,0.1567886,1.0,0.42755988,-0.43469268,-0.99286723,0.1567886,0.1567886,1.0,0.42755988
70.030,2.4504,5.4844,0.2124,2.0,22.0,1.399999976158142,-0.43813616,-0.9930313,0.15852591,0.15852591,1.0,0.43116745,-0.43813616,-0.9930313,0.15852591,0.15852591,1.0,0.43116745
70.081,2.4593,5.5149,0.2114,2.0,22.0,1.399999976158142,-0.4366105,-0.99295455,0.1583305,0.1583305,1.0,0.429565,-0.4366105,-0.99295455,0.1583305,0.1583305,1.0,0.429565
70.130,2.4631,5.5280,0.2110,2.0,22.0,1.399999976158142,-0.4403159,-0.9931536,0.16010673,0.16010673,1.0,0.43346947,-0.4403159,-0.9931536,0.16010673,0.16010673,1.0,0.43346947
70.182,2.4719,5.5586,0.2101,2.0,22.0,1.399999976158142,-0.43866828,-0.99305725,0.15988603,0.15988603,1.0,0.4317255,-0.43866828,-0.99305725,0.15988603,0.15988603,1.0,0.4317255
70.230,2.4757,5.5717,0.2097,2.0,22.0,1.399999976158142,-0.44252405,-0.9932819,0.1616489,0.1616489,1.0,0.43580592,-0.44252405,-0.9932819,0.1616489,0.1616489,1.0,0.43580592
70.281,2.4845,5.6024,0.2089,2.0,22.0,1.399999976158142,-0.44087273,-0.9931741,0.16144753,0.16144753,1.0,0.43404678,-0.44087273,-0.9931741,0.16144753,0.16144753,1.0,0.43404678
70.330,2.4883,5.6156,0.2086,2.0,22.0,1.399999976158142,-0.4448854,-0.993421,0.16317795,0.16317795,1.0,0.4383064,-0.4448854,-0.993421,0.16317795,0.16317795,1.0,0.4383064
70.381,2.4971,5.6464,0.2081,2.0,22.0,1.399999976158142,-0.44310167,-0.9932956,0.16296846,0.16296846,1.0,0.4363973,-0.44310167,-0.9932956,0.16296846,0.16296846,1.0,0.4363973
70.431,2.5008,5.6596,0.2079,2.0,22.0,1.399999976158142,-0.44730693,-0.993563,0.16466838,0.16466838,1.0,0.4408699,-0.44730693,-0.993563,0.16466838,0.16466838,1.0,0.4408699
70.480,2.5095,5.6904,0.2076,2.0,22.0,1.399999976158142,-0.44532767,-0.9934176,0.16444558,0.16444558,1.0,0.4387453,-0.44532767,-0.9934176,0.16444558,0.16444558,1.0,0.4387453
70.530,2.5133,5.7037,0.2075,2.0,22.0,1.399999976158142,-0.44967043,-0.9937004,0.16609342,0.16609342,1.0,0.44337082,-0.44967043,-0.9937004,0.16609342,0.16609342,1.0,0.44337082
70.580,2.5220,5.7345,0.2074,2.0,22.0,1.399999976158142,-0.44762042,-0.9935456,0.16589448,0.16589448,1.0,0.44116598,-0.44762042,-0.9935456,0.16589448,0.16589448,1.0,0.44116598
70.630,2.5257,5.7478,0.2075,2.0,22.0,1.399999976158142,-0.44911176,-0.99219954,0.15235618,0.15235618,1.0,0.44131127,-0.44911176,-0.99219954,0.15235618,0.15235618,1.0,0.44131127
70.680,2.5343,5.7787,0.2077,2.0,22.0,1.399999976158142,-0.45107904,-0.9936641,0.1589685,0.1589685,1.0,0.4447431,-0.45107904,-0.9936641,0.1589685,0.1589685,1.0,0.4447431
70.730,2.5380,5.7919,0.2078,2.0,22.0,1.399999976158142,-0.4546992,-0.99395305,0.16032687,0.16032687,1.0,0.4486522,-0.4546992,-0.99395305,0.16032687,0.16032687,1.0,0.4486522
70.781,2.5466,5.8228,0.2083,2.0,22.0,1.399999976158142,-0.45213154,-0.99379075,0.16017978,0.16017978,1.0,0.44592232,-0.45213154,-0.99379075,0.16017978,0.16017978,1.0,0.44592232
70.831,2.5552,5.8537,0.2088,2.0,22.0,1.399999976158142,-0.45631084,-0.99405307,0.16154332,0.16154332,1.0,0.45036393,-0.45631084,-0.99405307,0.16154332,0.16154332,1.0,0.45036393
70.880,2.5588,5.8669,0.2091,2.0,22.0,1.399999976158142,-0.45768136,-0.99411243,0.16224773,0.16224773,1.0,0.4517938,-0.45768136,-0.99411243,0.16224773,0.16224773,1.0,0.4517938
70.930,2.5625,5.8801,0.2094,2.0,22.0,1.399999976158142,-0.4556826,-0.99396414,0.16222008,0.16222008,1.0,0.44964677,-0.4556826,-0.99396414,0.16222008,0.16222008,1.0,0.44964677
70.982,2.5710,5.9110,0.2101,2.0,22.0,1.399999976158142,-0.45627853,-0.9939914,0.16277549,0.16277549,1.0,0.4502699,-0.45627853,-0.9939914,0.16277549,0.16277549,1.0,0.4502699
71.030,2.5746,5.9242,0.2104,2.0,22.0,1.399999976158142,-0.45999816,-0.9942014,0.16403566,0.16403566,1.0,0.45419958,-0.45999816,-0.9942014,0.16403566,0.16403566,1.0,0.45419958
71.080,2.5831,5.9550,0.2111,2.0,22.0,1.399999976158142,-0.45826244,-0.99407893,0.1640689,0.1640689,1.0,0.4523414,-0.45826244,-0.99407893,0.1640689,0.1640689,1.0,0.4523414
71.130,2.5868,5.9682,0.2114,2.0,22.0,1.399999976158142,-0.46189415,-0.9942717,0.16532527,0.16532527,1.0,0.45616585,-0.46189415,-0.9942717,0.16532527,0.16532527,1.0,0.45616585
71.181,2.5952,5.9990,0.2121,2.0,22.0,1.399999976158142,-0.46006152,-0.9941509,0.16534705,0.16534705,1.0,0.45421237,-0.46006152,-0.9941509,0.16534705,0.16534705,1.0,0.45421237
71.231,2.5988,6.0122,0.2124,2.0,22.0,1.399999976158142,-0.46359715,-0.99432725,0.16663188,0.16663188,1.0,0.45792437,-0.46359715,-0.99432725,0.16663188,0.16663188,1.0,0.45792437
71.281,2.6072,6.0430,0.2130,2.0,22.0,1.399999976158142,-0.4618612,-0.9942196,0.16665953,0.16665953,1.0,0.45608082,-0.4618612,-0.9942196,0.16665953,0.16665953,1.0,0.45608082
71.331,2.6108,6.0562,0.2133,2.0,22.0,1.399999976158142,-0.46526435,-0.9943796,0.16798101,0.16798101,1.0,0.45964396,-0.46526435,-0.9943796,0.16798101,0.16798101,1.0,0.45964396
71.381,2.6192,6.0870,0.2137,2.0,22.0,1.399999976158142,-0.46359956,-0.9942826,0.16800365,0.16800365,1.0,0.4578822,-0.46359956,-0.9942826,0.16800365,0.16800365,1.0,0.4578822
71.431,2.6228,6.1002,0.2139,2.0,22.0,1.399999976158142,-0.46693665,-0.9944329,0.16938666,0.16938666,1.0,0.46136957,-0.46693665,-0.9944329,0.16938666,0.16938666,1.0,0.46136957
71.481,2.6312,6.1310,0.2142,2.0,22.0,1.399999976158142,-0.46532974,-0.99434435,0.16939113,0.16939113,1.0,0.4596741,-0.46532974,-0.99434435,0.16939113,0.16939113,1.0,0.4596741
71.531,2.6348,6.1442,0.2143,2.0,22.0,1.399999976158142,-0.4686568,-0.99449164,0.17085111,0.17085111,1.0,0.46314844,-0.4686568,-0.99449164,0.17085111,0.17085111,1.0,0.46314844
71.581,2.6431,6.1750,0.2144,2.0,22.0,1.399999976158142,-0.4670565,-0.9944068,0.17082189,0.17082189,1.0,0.4614633,-0.4670565,-0.9944068,0.17082189,0.17082189,1.0,0.4614633
71.630,2.6467,6.1883,0.2144,2.0,22.0,1.399999976158142,-0.4687254,-0.99326986,0.15694046,0.15694046,1.0,0.46199527,-0.4687254,-0.99326986,0.15694046,0.15694046,1.0,0.46199527
71.681,2.6550,6.2191,0.2144,2.0,22.0,1.399999976158142,-0.47016203,-0.9944697,0.1636959,0.1636959,1.0,0.46463177,-0.47016203,-0.9944697,0.1636959,0.1636959,1.0,0.46463177
71.730,2.6585,6.2324,0.2143,2.0,22.0,1.399999976158142,-0.47292185,-0.99464214,0.16519582,0.16519582,1.0,0.46756396,-0.47292185,-0.99464214,0.16519582,0.16519582,1.0,0.46756396
71.781,2.6668,6.2633,0.2140,2.0,22.0,1.399999976158142,-0.47070894,-0.994556,0.16505753,0.16505753,1.0,0.46526495,-0.47070894,-0.994556,0.16505753,0.16505753,1.0,0.46526495
71.831,2.6703,6.2766,0.2139,2.0,22.0,1.399999976158142,-0.47426903,-0.9947353,0.16672084,0.16672084,1.0,0.46900433,-0.47426903,-0.9947353,0.16672084,0.16672084,1.0,0.46900433
71.880,2.6786,6.3076,0.2135,2.0,22.0,1.399999976158142,-0.47261506,-0.99464047,0.1666065,0.1666065,1.0,0.46725553,-0.47261506,-0.99464047,0.1666065,0.1666065,1.0,0.46725553
71.930,2.6821,6.3209,0.2133,2.0,22.0,1.399999976158142,-0.47627547,-0.9948346,0.16834153,0.16834153,1.0,0.47111008,-0.47627547,-0.9948346,0.16834153,0.16834153,1.0,0.47111008
71.981,2.6903,6.3520,0.2128,2.0,22.0,1.399999976158142,-0.47459486,-0.9947338,0.16819598,0.16819598,1.0,0.46932864,-0.47459486,-0.9947338,0.16819598,0.16819598,1.0,0.46932864
72.030,2.6938,6.3653,0.2126,2.0,22.0,1.399999976158142,-0.47841567,-0.994949,0.16999686,0.16999686,1.0,0.47336462,-0.47841567,-0.994949,0.16999686,0.16999686,1.0,0.47336462
72.080,2.7020,6.3965,0.2121,2.0,22.0,1.399999976158142,-0.47666636,-0.9948383,0.16981445,0.16981445,1.0,0.47150466,-0.47666636,-0.9948383,0.16981445,0.16981445,1.0,0.47150466
72.130,2.7055,6.4099,0.2118,2.0,22.0,1.399999976158142,-0.48065752,-0.99507576,0.17166483,0.17166483,1.0,0.4757333,-0.48065752,-0.99507576,0.17166483,0.17166483,1.0,0.4757333
72.180,2.7137,6.4411,0.2113,2.0,22.0,1.399999976158142,-0.47881192,-0.994952,0.17144927,0.17144927,1.0,0.4737639,-0.47881192,-0.994952,0.17144927,0.17144927,1.0,0.4737639
72.231,2.7171,6.4545,0.2111,2.0,22.0,1.399999976158142,-0.48296642,-0.9952117,0.17332938,0.17332938,1.0,0.47817817,-0.48296642,-0.9952117,0.17332938,0.17332938,1.0,0.47817817
72.280,2.7252,6.4859,0.2106,2.0,22.0,1.399999976158142,-0.48103675,-0.9950752,0.17309421,0.17309421,1.0,0.47611198,-0.48103675,-0.9950752,0.17309421,0.17309421,1.0,0.47611198
72.330,2.7287,6.4993,0.2104,2.0,22.0,1.399999976158142,-0.48532915,-0.9953536,0.1749847,0.1749847,1.0,0.48068276,-0.48532915,-0.9953536,0.1749847,0.1749847,1.0,0.48068276
72.380,2.7368,6.5307,0.2100,2.0,22.0,1.399999976158142,-0.48332646,-0.9952055,0.1747392,0.1747392,1.0,0.47853196,-0.48332646,-0.9952055,0.1747392,0.1747392,1.0,0.47853196
72.431,2.7402,6.5442,0.2098,2.0,22.0,1.399999976158142,-0.48769802,-0.99549663,0.17661376,0.17661376,1.0,0.48319468,-0.48769802,-0.99549663,0.17661376,0.17661376,1.0,0.48319468
72.480,2.7482,6.5757,0.2096,2.0,22.0,1.399999976158142,-0.48564425,-0.99533945,0.1763731,0.1763731,1.0,0.48098373,-0.48564425,-0.99533945,0.1763731,0.1763731,1.0,0.48098373
72.530,2.7516,6.5892,0.2095,2.0,22.0,1.399999976158142,-0.49009874,-0.9956413,0.17822768,0.17822768,1.0,0.48574004,-0.49009874,-0.9956413,0.17822768,0.17822768,1.0,0.48574004
72.580,2.7596,6.6207,0.2094,2.0,22.0,1.399999976158142,-0.48798788,-0.9954761,0.17799094,0.17799094,1.0,0.48346397,-0.48798788,-0.9954761,0.17799094,0.17799094,1.0,0.48346397
72.630,2.7630,6.6342,0.2094,2.0,22.0,1.399999976158142,-0.48962077,-0.99450946,0.16353452,0.16353452,1.0,0.4841302,-0.48962077,-0.99450946,0.16353452,0.16353452,1.0,0.4841302
72.681,2.7709,6.6658,0.2094,2.0,22.0,1.399999976158142,-0.49184808,-0.9956081,0.17066438,0.17066438,1.0,0.48745617,-0.49184808,-0.9956081,0.17066438,0.17066438,1.0,0.48745617
72.730,2.7743,6.6793,0.2094,2.0,22.0,1.399999976158142,-0.4956958,-0.99592644,0.1723075,0.1723075,1.0,0.49162224,-0.4956958,-0.99592644,0.1723075,0.1723075,1.0,0.49162224
72.781,2.7822,6.7109,0.2096,2.0,22.0,1.399999976158142,-0.49281663,-0.9957533,0.17205606,0.17205606,1.0,0.4885699,-0.49281663,-0.9957533,0.17205606,0.17205606,1.0,0.4885699
72.831,2.7855,6.7245,0.2097,2.0,22.0,1.399999976158142,-0.49715483,-0.99605787,0.17372207,0.17372207,1.0,0.4932127,-0.49715483,-0.99605787,0.17372207,0.17372207,1.0,0.4932127
72.880,2.7933,6.7561,0.2100,2.0,22.0,1.399999976158142,-0.49500018,-0.99588394,0.17357546,0.17357546,1.0,0.49088416,-0.49500018,-0.99588394,0.17357546,0.17357546,1.0,0.49088416
72.930,2.7967,6.7696,0.2101,2.0,22.0,1.399999976158142,-0.49937868,-0.9961788,0.17522603,0.17522603,1.0,0.49555746,-0.49937868,-0.9961788,0.17522603,0.17522603,1.0,0.49555746
72.981,2.8045,6.8013,0.2105,2.0,22.0,1.399999976158142,-0.49725828,-0.99600977,0.17509924,0.17509924,1.0,0.49326804,-0.49725828,-0.99600977,0.17509924,0.17509924,1.0,0.49326804
73.030,2.8078,6.8148,0.2106,2.0,22.0,1.399999976158142,-0.50154436,-0.9962924,0.17672856,0.17672856,1.0,0.49783677,-0.50154436,-0.9962924,0.17672856,0.17672856,1.0,0.49783677
73.080,2.8155,6.8465,0.2110,2.0,22.0,1.399999976158142,-0.49946055,-0.9961293,0.17661783,0.17661783,1.0,0.49558982,-0.49946055,-0.9961293,0.17661783,0.17661783,1.0,0.49558982
73.131,2.8188,6.8600,0.2112,2.0,22.0,1.399999976158142,-0.50367284,-0.9964009,0.17824344,0.17824344,1.0,0.50007373,-0.50367284,-0.9964009,0.17824344,0.17824344,1.0,0.50007373
73.180,2.8265,6.8917,0.2116,2.0,22.0,1.399999976158142,-0.5016102,-0.9962429,0.17813958,0.17813958,1.0,0.4978531,-0.5016102,-0.9962429,0.17813958,0.17813958,1.0,0.4978531
73.230,2.8298,6.9053,0.2118,2.0,22.0,1.399999976158142,-0.5057359,-0.99650294,0.17977329,0.17977329,1.0,0.5022388,-0.5057359,-0.99650294,0.17977329,0.17977329,1.0,0.5022388
73.280,2.8374,6.9369,0.2122,2.0,22.0,1.399999976158142,-0.50372934,-0.9963527,0.17967698,0.17967698,1.0,0.500082,-0.50372934,-0.9963527,0.17967698,0.17967698,1.0,0.500082
73.331,2.8407,6.9505,0.2123,2.0,22.0,1.399999976158142,-0.5077694,-0.9966017,0.18133101,0.18133101,1.0,0.50437105,-0.5077694,-0.9966017,0.18133101,0.18133101,1.0,0.50437105
73.380,2.8483,6.9822,0.2127,2.0,22.0,1.399999976158142,-0.50581014,-0.9964584,0.1812345,0.1812345,1.0,0.50226855,-0.50581014,-0.9964584,0.1812345,0.1812345,1.0,0.50226855
73.430,2.8515,6.9958,0.2128,2.0,22.0,1.399999976158142,-0.50982594,-0.9967025,0.1829307,0.1829307,1.0,0.50652844,-0.50982594,-0.9967025,0.1829307,0.1829307,1.0,0.50652844
73.480,2.8591,7.0275,0.2131,2.0,22.0,1.399999976158142,-0.50787973,-0.99656296,0.18281828,0.18281828,1.0,0.50444263,-0.50787973,-0.99656296,0.18281828,0.18281828,1.0,0.50444263
73.531,2.8623,7.0411,0.2132,2.0,22.0,1.399999976158142,-0.5118337,-0.9968006,0.18455634,0.18455634,1.0,0.5086344,-0.5118337,-0.9968006,0.18455634,0.18455634,1.0,0.5086344
73.580,2.8699,7.0729,0.2133,2.0,22.0,1.399999976158142,-0.50993955,-0.99666697,0.18443611,0.18443611,1.0,0.5066065,-0.50993955,-0.99666697,0.18443611,0.18443611,1.0,0.5066065
73.631,2.8731,7.0865,0.2134,2.0,22.0,1.399999976158142,-0.51171184,-0.9959529,0.16952543,0.16952543,1.0,0.50766474,-0.51171184,-0.9959529,0.16952543,0.16952543,1.0,0.50766474
73.681,2.8806,7.1183,0.2134,2.0,22.0,1.399999976158142,-0.5137203,-0.99676985,0.17683502,0.17683502,1.0,0.5104901,-0.5137203,-0.99676985,0.17683502,0.17683502,1.0,0.5104901
73.731,2.8838,7.1319,0.2134,2.0,22.0,1.399999976158142,-0.51710063,-0.9970228,0.17855863,0.17855863,1.0,0.51412344,-0.51710063,-0.9970228,0.17855863,0.17855863,1.0,0.51412344
73.781,2.8912,7.1638,0.2133,2.0,22.0,1.399999976158142,-0.51446605,-0.99688685,0.17833409,0.17833409,1.0,0.51135284,-0.51446605,-0.99688685,0.17833409,0.17833409,1.0,0.51135284
73.831,2.8944,7.1774,0.2133,2.0,22.0,1.399999976158142,-0.51826495,-0.99714583,0.18017393,0.18017393,1.0,0.5154108,-0.51826495,-0.99714583,0.18017393,0.18017393,1.0,0.5154108
73.881,2.9018,7.2094,0.2131,2.0,22.0,1.399999976158142,-0.5162908,-0.99700373,0.17999212,0.17999212,1.0,0.5132946,-0.5162908,-0.99700373,0.17999212,0.17999212,1.0,0.5132946
73.931,2.9050,7.2231,0.2130,2.0,22.0,1.399999976158142,-0.52042526,-0.99726737,0.18192063,0.18192063,1.0,0.5176926,-0.52042526,-0.99726737,0.18192063,0.18192063,1.0,0.5176926
73.981,2.9123,7.2551,0.2128,2.0,22.0,1.399999976158142,-0.5184915,-0.99712616,0.18172613,0.18172613,1.0,0.51561767,-0.5184915,-0.99712616,0.18172613,0.18172613,1.0,0.51561767
74.030,2.9155,7.2688,0.2127,2.0,22.0,1.399999976158142,-0.5226875,-0.9974001,0.1837059,0.1837059,1.0,0.5200876,-0.5226875,-0.9974001,0.1837059,0.1837059,1.0,0.5200876
74.081,2.9228,7.3008,0.2124,2.0,22.0,1.399999976158142,-0.52071893,-0.99725354,0.18348388,0.18348388,1.0,0.51797247,-0.52071893,-0.99725354,0.18348388,0.18348388,1.0,0.51797247
74.131,2.9259,7.3146,0.2122,2.0,22.0,1.399999976158142,-0.5250221,-0.9975424,0.1855159,0.1855159,1.0,0.5225645,-0.5250221,-0.9975424,0.1855159,0.1855159,1.0,0.5225645
74.181,2.9332,7.3467,0.2119,2.0,22.0,1.399999976158142,-0.5229962,-0.9973876,0.18526602,0.18526602,1.0,0.5203837,-0.5229962,-0.9973876,0.18526602,0.18526602,1.0,0.5203837
74.231,2.9363,7.3605,0.2118,2.0,22.0,1.399999976158142,-0.52741134,-0.9976919,0.18734041,0.18734041,1.0,0.5251033,-0.52741134,-0.9976919,0.18734041,0.18734041,1.0,0.5251033
74.280,2.9435,7.3928,0.2115,2.0,22.0,1.399999976158142,-0.5253339,-0.9975289,0.18706787,0.18706787,1.0,0.5228628,-0.5253339,-0.9975289,0.18706787,0.18706787,1.0,0.5228628
74.331,2.9466,7.4066,0.2114,2.0,22.0,1.399999976158142,-0.5298057,-0.9978441,0.18915904,0.18915904,1.0,0.5276498,-0.5298057,-0.9978441,0.18915904,0.18915904,1.0,0.5276498
74.380,2.9537,7.4389,0.2111,2.0,22.0,1.399999976158142,-0.5277109,-0.9976756,0.18888167,0.18888167,1.0,0.5253865,-0.5277109,-0.9976756,0.18888167,0.18888167,1.0,0.5253865
74.430,2.9568,7.4527,0.2110,2.0,22.0,1.399999976158142,-0.5322742,-0.99800396,0.19098899,0.19098899,1.0,0.53027815,-0.5322742,-0.99800396,0.19098899,0.19098899,1.0,0.53027815
74.480,2.9639,7.4851,0.2108,2.0,22.0,1.399999976158142,-0.53012156,-0.99782705,0.19069825,0.19069825,1.0,0.5279486,-0.53012156,-0.99782705,0.19069825,0.19069825,1.0,0.5279486
74.531,2.9669,7.4990,0.2108,2.0,22.0,1.399999976158142,-0.53474367,-0.99816513,0.1928077,0.1928077,1.0,0.5329088,-0.53474367,-0.99816513,0.1928077,0.1928077,1.0,0.5329088
74.581,2.9740,7.5314,0.2106,2.0,22.0,1.399999976158142,-0.5325498,-0.9979811,0.19251542,0.19251542,1.0,0.53053087,-0.5325498,-0.9979811,0.19251542,0.19251542,1.0,0.53053087
74.631,2.9770,7.5453,0.2106,2.0,22.0,1.399999976158142,-0.53437483,-0.9975007,0.17694218,0.17694218,1.0,0.53187555,-0.53437483,-0.9975007,0.17694218,0.17694218,1.0,0.53187555
74.681,2.9840,7.5778,0.2106,2.0,22.0,1.399999976158142,-0.53694326,-0.998135,0.18470353,0.18470353,1.0,0.5350782,-0.53694326,-0.998135,0.18470353,0.18470353,1.0,0.5350782
74.731,2.9870,7.5917,0.2106,2.0,22.0,1.399999976158142,-0.54098326,-0.9984875,0.18664347,0.18664347,1.0,0.53947073,-0.54098326,-0.9984875,0.18664347,0.18664347,1.0,0.53947073
74.781,2.9940,7.6243,0.2106,2.0,22.0,1.399999976158142,-0.5380937,-0.9982972,0.18632166,0.18632166,1.0,0.5363909,-0.5380937,-0.9982972,0.18632166,0.18632166,1.0,0.5363909
74.831,2.9969,7.6382,0.2106,2.0,22.0,1.399999976158142,-0.5421628,-0.998649,0.18825512,0.18825512,1.0,0.54081184,-0.5421628,-0.998649,0.18825512,0.18825512,1.0,0.54081184
74.881,3.0038,7.6708,0.2107,2.0,22.0,1.399999976158142,-0.53991085,-0.9984536,0.18801583,0.18801583,1.0,0.53836447,-0.53991085,-0.9984536,0.18801583,0.18801583,1.0,0.53836447
74.930,3.0068,7.6848,0.2108,2.0,22.0,1.399999976158142,-0.544601,-0.9988039,0.19002385,0.19002385,1.0,0.54340494,-0.544601,-0.9988039,0.19002385,0.19002385,1.0,0.54340494
74.981,3.0136,7.7174,0.2110,2.0,22.0,1.399999976158142,-0.5423312,-0.99860716,0.18978399,0.18978399,1.0,0.5409384,-0.5423312,-0.99860716,0.18978399,0.18978399,1.0,0.5409384
75.031,3.0165,7.7314,0.2111,2.0,22.0,1.399999976158142,-0.5469375,-0.9989477,0.19177884,0.19177884,1.0,0.5458852,-0.5469375,-0.9989477,0.19177884,0.19177884,1.0,0.5458852
75.081,3.0233,7.7640,0.2113,2.0,22.0,1.399999976158142,-0.54470736,-0.9987555,0.19155364,0.19155364,1.0,0.5434629,-0.54470736,-0.9987555,0.19155364,0.19155364,1.0,0.5434629
75.131,3.0262,7.7781,0.2114,2.0,22.0,1.399999976158142,-0.54924583,-0.999088,0.19354492,0.19354492,1.0,0.5483338,-0.54924583,-0.999088,0.19354492,0.19354492,1.0,0.5483338
75.180,3.0329,7.8108,0.2116,2.0,22.0,1.399999976158142,-0.54706544,-0.9989018,0.19333206,0.19333206,1.0,0.5459672,-0.54706544,-0.9989018,0.19333206,0.19333206,1.0,0.5459672
75.231,3.0358,7.8248,0.2117,2.0,22.0,1.399999976158142,-0.55158186,-0.99922943,0.19533847,0.19533847,1.0,0.5508113,-0.55158186,-0.99922943,0.19533847,0.19533847,1.0,0.5508113
75.281,3.0425,7.8575,0.2120,2.0,22.0,1.399999976158142,-0.5493761,-0.9990433,0.19511388,0.19511388,1.0,0.54841936,-0.5493761,-0.9990433,0.19511388,0.19511388,1.0,0.54841936
75.331,3.0453,7.8716,0.2121,2.0,22.0,1.399999976158142,-0.5538504,-0.9993648,0.19714087,0.19714087,1.0,0.5532152,-0.5538504,-0.9993648,0.19714087,0.19714087,1.0,0.5532152
75.380,3.0520,7.9043,0.2123,2.0,22.0,1.399999976158142,-0.5516785,-0.9991833,0.19691588,0.19691588,1.0,0.5508618,-0.5516785,-0.9991833,0.19691588,0.19691588,1.0,0.5508618
75.431,3.0548,7.9184,0.2124,2.0,22.0,1.399999976158142,-0.55609566,-0.99949807,0.19896498,0.19896498,1.0,0.5555937,-0.55609566,-0.99949807,0.19896498,0.19896498,1.0,0.5555937
75.480,3.0614,7.9512,0.2126,2.0,22.0,1.399999976158142,-0.5539566,-0.9993213,0.19873679,0.19873679,1.0,0.5532779,-0.5539566,-0.9993213,0.19873679,0.19873679,1.0,0.5532779
75.531,3.0642,7.9653,0.2127,2.0,22.0,1.399999976158142,-0.55834955,-0.9996332,0.20082189,0.20082189,1.0,0.55798274,-0.55834955,-0.9996332,0.20082189,0.20082189,1.0,0.55798274
75.580,3.0707,7.9982,0.2128,2.0,22.0,1.399999976158142,-0.55623037,-0.99945915,0.20058368,0.20058368,1.0,0.5556895,-0.55623037,-0.99945915,0.20058368,0.20058368,1.0,0.5556895
75.630,3.0735,8.0123,0.2129,2.0,22.0,1.399999976158142,-0.5581999,-0.9992787,0.18441172,0.18441172,1.0,0.5574786,-0.5581999,-0.9992787,0.18441172,0.18441172,1.0,0.5574786
75.680,3.0800,8.0452,0.2130,2.0,22.0,1.399999976158142,-0.56068015,-0.99959654,0.19243929,0.19243929,1.0,0.56027675,-0.56068015,-0.99959654,0.19243929,0.19243929,1.0,0.56027675
75.730,3.0827,8.0593,0.2130,2.0,22.0,1.399999976158142,-0.56444347,-0.9999108,0.19445945,0.19445945,1.0,0.56435424,-0.56444347,-0.9999108,0.19445945,0.19445945,1.0,0.56435424
75.780,3.0891,8.0923,0.2130,2.0,22.0,1.399999976158142,-0.561713,-0.99974036,0.19415475,0.19415475,1.0,0.56145334,-0.561713,-0.99974036,0.19415475,0.19415475,1.0,0.56145334
75.830,3.0919,8.1065,0.2130,2.0,22.0,1.399999976158142,-0.5654376,-1.0,0.19621198,0.19621198,0.9999425,0.56549513,-0.5654376,-1.0,0.19621198,0.19621198,0.9999425,0.56549513
75.881,3.0982,8.1395,0.2130,2.0,22.0,1.399999976158142,-0.5631065,-0.9998847,0.19594309,0.19594309,1.0,0.5629912,-0.5631065,-0.9998847,0.19594309,0.19594309,1.0,0.5629912
75.930,3.1010,8.1537,0.2129,2.0,22.0,1.399999976158142,-0.5674278,-1.0,0.19811162,0.19811162,0.999792,0.56763583,-0.5674278,-1.0,0.19811162,0.19811162,0.999792,0.56763583
75.981,3.1073,8.1868,0.2128,2.0,22.0,1.399999976158142,-0.565418,-1.0,0.19787258,0.19787258,0.99996746,0.56545055,-0.565418,-1.0,0.19787258,0.19787258,0.99996746,0.56545055
76.031,3.1100,8.2011,0.2128,2.0,22.0,1.399999976158142,-0.56970763,-1.0,0.20006937,0.20006937,0.99963737,0.5700702,-0.56970763,-1.0,0.20006937,0.20006937,0.99963737,0.5700702
76.081,3.1162,8.2343,0.2126,2.0,22.0,1.399999976158142,-0.5676815,-1.0,0.19980657,0.19980657,0.99981624,0.56786525,-0.5676815,-1.0,0.19980657,0.19980657,0.99981624,0.56786525
76.131,3.1189,8.2485,0.2126,2.0,22.0,1.399999976158142,-0.57199883,-1.0,0.2020469,0.2020469,0.99947965,0.57251924,-0.57199883,-1.0,0.2020469,0.2020469,0.99947965,0.57251924
76.180,3.1251,8.2818,0.2124,2.0,22.0,1.399999976158142,-0.56996167,-1.0,0.20176634,0.20176634,0.99966156,0.57030016,-0.56996167,-1.0,0.20176634,0.20176634,0.99966156,0.57030016
76.230,3.1277,8.2961,0.2123,2.0,22.0,1.399999976158142,-0.57435846,-1.0,0.20405693,0.20405693,0.99931294,0.5750455,-0.57435846,-1.0,0.20405693,0.20405693,0.99931294,0.5750455
76.281,3.1338,8.3294,0.2121,2.0,22.0,1.399999976158142,-0.57228255,-1.0,0.20374875,0.20374875,0.99950105,0.5727815,-0.57228255,-1.0,0.20374875,0.20374875,0.99950105,0.5727815
76.331,3.1365,8.3437,0.2121,2.0,22.0,1.399999976158142,-0.5766872,-1.0,0.206059,0.206059,0.99914634,0.5775409,-0.5766872,-1.0,0.206059,0.206059,0.99914634,0.5775409
76.381,3.1425,8.3771,0.2119,2.0,22.0,1.399999976158142,-0.57464594,-1.0,0.2057522,0.2057522,0.99933374,0.57531226,-0.57464594,-1.0,0.2057522,0.2057522,0.99933374,0.57531226
76.430,3.1451,8.3915,0.2118,2.0,22.0,1.399999976158142,-0.5791092,-1.0,0.20808533,0.20808533,0.99896693,0.58014226,-0.5791092,-1.0,0.20808533,0.20808533,0.99896693,0.58014226
76.480,3.1511,8.4250,0.2117,2.0,22.0,1.399999976158142,-0.5770102,-1.0,0.20776112,0.20776112,0.999164,0.5778462,-0.5770102,-1.0,0.20776112,0.20776112,0.999164,0.5778462
76.531,3.1537,8.4394,0.2117,2.0,22.0,1.399999976158142,-0.5815529,-1.0,0.21012363,0.21012363,0.9987846,0.5827683,-0.5815529,-1.0,0.21012363,0.21012363,0.9987846,0.5827683
76.580,3.1597,8.4729,0.2116,2.0,22.0,1.399999976158142,-0.5794028,-1.0,0.20978309,0.20978309,0.99898976,0.58041304,-0.5794028,-1.0,0.20978309,0.20978309,0.99898976,0.58041304
76.631,3.1622,8.4873,0.2115,2.0,22.0,1.399999976158142,-0.5814318,-1.0,0.19296815,0.19296815,0.9988746,0.58255726,-0.5814318,-1.0,0.19296815,0.19296815,0.9988746,0.58255726
76.680,3.1681,8.5210,0.2115,2.0,22.0,1.399999976158142,-0.5842307,-1.0,0.20139982,0.20139982,0.9988097,0.585421,-0.5842307,-1.0,0.20139982,0.20139982,0.9988097,0.585421
76.730,3.1706,8.5354,0.2115,2.0,22.0,1.399999976158142,-0.58831817,-1.0,0.20364211,0.20364211,0.99840784,0.5899103,-0.58831817,-1.0,0.20364211,0.20364211,0.99840784,0.5899103
76.780,3.1764,8.5691,0.2114,2.0,22.0,1.399999976158142,-0.58547765,-1.0,0.20324649,0.20324649,0.9986255,0.58685213,-0.58547765,-1.0,0.20324649,0.20324649,0.9986255,0.58685213
76.831,3.1789,8.5836,0.2114,2.0,22.0,1.399999976158142,-0.58950573,-1.0,0.20547691,0.20547691,0.99822444,0.59128135,-0.58950573,-1.0,0.20547691,0.20547691,0.99822444,0.59128135
76.880,3.1847,8.6173,0.2115,2.0,22.0,1.399999976158142,-0.58668965,-1.0,0.20509453,0.20509453,0.9984468,0.5882428,-0.58668965,-1.0,0.20509453,0.20509453,0.9984468,0.5882428
76.931,3.1904,8.6511,0.2115,2.0,22.0,1.399999976158142,-0.591382,-1.0,0.20743306,0.20743306,0.99803925,0.5933428,-0.591382,-1.0,0.20743306,0.20743306,0.99803925,0.5933428
76.981,3.1928,8.6656,0.2116,2.0,22.0,1.399999976158142,-0.592972,-1.0,0.20859233,0.20859233,0.9979214,0.5950506,-0.592972,-1.0,0.20859233,0.20859233,0.9979214,0.5950506
77.031,3.1952,8.6801,0.2116,2.0,22.0,1.399999976158142,-0.59083396,-1.0,0.20830858,0.20830858,0.99813676,0.5926972,-0.59083396,-1.0,0.20830858,0.20830858,0.99813676,0.5926972
77.080,3.2008,8.7140,0.2117,2.0,22.0,1.399999976158142,-0.5915256,-1.0,0.20912462,0.20912462,0.99808604,0.5934396,-0.5915256,-1.0,0.20912462,0.20912462,0.99808604,0.5934396
77.131,3.2032,8.7285,0.2117,2.0,22.0,1.399999976158142,-0.5960679,-1.0,0.21145314,0.21145314,0.9976939,0.598374,-0.5960679,-1.0,0.21145314,0.21145314,0.9976939,0.598374
77.181,3.2088,8.7625,0.2119,2.0,22.0,1.399999976158142,-0.5939023,-1.0,0.211153,0.211153,0.99791056,0.59599173,-0.5939023,-1.0,0.211153,0.211153,0.99791056,0.59599173
77.230,3.2112,8.7770,0.2119,2.0,22.0,1.399999976158142,-0.5983791,-1.0,0.21348774,0.21348774,0.99752647,0.6008526,-0.5983791,-1.0,0.21348774,0.21348774,0.99752647,0.6008526
77.280,3.2167,8.8110,0.2121,2.0,22.0,1.399999976158142,-0.59624225,-1.0,0.21319023,0.21319023,0.99773896,0.5985033,-0.59624225,-1.0,0.21319023,0.21319023,0.99773896,0.5985033
77.330,3.2190,8.8256,0.2122,2.0,22.0,1.399999976158142,-0.6007006,-1.0,0.21555072,0.21555072,0.9973586,0.603342,-0.6007006,-1.0,0.21555072,0.21555072,0.9973586,0.603342
77.380,3.2244,8.8596,0.2123,2.0,22.0,1.399999976158142,-0.59855044,-1.0,0.21523844,0.21523844,0.997571,0.6009795,-0.59855044,-1.0,0.21523844,0.21523844,0.997571,0.6009795
77.430,3.2268,8.8742,0.2124,2.0,22.0,1.399999976158142,-0.6029489,-1.0,0.21761777,0.21761777,0.99719805,0.6057509,-0.6029489,-1.0,0.21761777,0.21761777,0.99719805,0.6057509
77.480,3.2321,8.9083,0.2126,2.0,22.0,1.399999976158142,-0.6008468,-1.0,0.2173093,0.2173093,0.9974043,0.60344255,-0.6008468,-1.0,0.2173093,0.2173093,0.9974043,0.60344255
77.531,3.2344,8.9229,0.2126,2.0,22.0,1.399999976158142,-0.6051904,-1.0,0.21971413,0.21971413,0.9970388,0.6081517,-0.6051904,-1.0,0.21971413,0.21971413,0.9970388,0.6081517
77.580,3.2397,8.9571,0.2128,2.0,22.0,1.399999976158142,-0.60311335,-1.0,0.21939816,0.21939816,0.9972407,0.60587263,-0.60311335,-1.0,0.21939816,0.21939816,0.9972407,0.60587263
77.630,3.2420,8.9717,0.2128,2.0,22.0,1.399999976158142,-0.6051011,-1.0,0.20171882,0.20171882,0.996771,0.6083302,-0.6051011,-1.0,0.20171882,0.20171882,0.996771,0.6083302
77.680,3.2472,9.0059,0.2129,2.0,22.0,1.399999976158142,-0.6081118,-1.0,0.21059838,0.21059838,0.99706805,0.61104375,-0.6081118,-1.0,0.21059838,0.21059838,0.99706805,0.61104375
77.731,3.2495,9.0206,0.2130,2.0,22.0,1.399999976158142,-0.61189276,-1.0,0.2129255,0.2129255,0.99670166,0.6151911,-0.61189276,-1.0,0.2129255,0.2129255,0.99670166,0.6151911
77.781,3.2546,9.0549,0.2130,2.0,22.0,1.399999976158142,-0.6092182,-1.0,0.21254541,0.21254541,0.9969041,0.6123141,-0.6092182,-1.0,0.21254541,0.21254541,0.9969041,0.6123141
77.831,3.2568,9.0696,0.2130,2.0,22.0,1.399999976158142,-0.6129519,-1.0,0.21491124,0.21491124,0.99653935,0.6164125,-0.6129519,-1.0,0.21491124,0.21491124,0.99653935,0.6164125
77.881,3.2619,9.1039,0.2130,2.0,22.0,1.399999976158142,-0.61033356,-1.0,0.21452579,0.21452579,0.9967384,0.6135952,-0.61033356,-1.0,0.21452579,0.21452579,0.9967384,0.6135952
77.930,3.2641,9.1186,0.2130,2.0,22.0,1.399999976158142,-0.6142455,-1.0,0.21696585,0.21696585,0.99637115,0.6178743,-0.6142455,-1.0,0.21696585,0.21696585,0.99637115,0.6178743
77.981,3.2691,9.1530,0.2130,2.0,22.0,1.399999976158142,-0.61218756,-1.0,0.21662787,0.21662787,0.996572,0.6156155,-0.61218756,-1.0,0.21662787,0.21662787,0.996572,0.6156155
78.031,3.2713,9.1678,0.2130,2.0,22.0,1.399999976158142,-0.61651105,-1.0,0.21917664,0.21917664,0.99620104,0.62031,-0.61651105,-1.0,0.21917664,0.21917664,0.99620104,0.62031
78.081,3.2763,9.2023,0.2129,2.0,22.0,1.399999976158142,-0.6144556,-1.0,0.21881737,0.21881737,0.9964024,0.6180532,-0.6144556,-1.0,0.21881737,0.21881737,0.9964024,0.6180532
78.130,3.2784,9.2171,0.2129,2.0,22.0,1.399999976158142,-0.6187877,-1.0,0.22141409,0.22141409,0.9960277,0.62276,-0.6187877,-1.0,0.22141409,0.22141409,0.9960277,0.62276
78.180,3.2833,9.2516,0.2128,2.0,22.0,1.399999976158142,-0.61674225,-1.0,0.2210358,0.2210358,0.9962284,0.62051386,-0.61674225,-1.0,0.2210358,0.2210358,0.9962284,0.62051386
78.230,3.2854,9.2664,0.2128,2.0,22.0,1.399999976158142,-0.6211224,-1.0,0.2236805,0.2236805,0.9958429,0.62527955,-0.6211224,-1.0,0.2236805,0.2236805,0.9958429,0.62527955
78.281,3.2902,9.3011,0.2127,2.0,22.0,1.399999976158142,-0.61904544,-1.0,0.2232799,0.2232799,0.9960503,0.62299514,-0.61904544,-1.0,0.2232799,0.2232799,0.9960503,0.62299514
78.330,3.2923,9.3159,0.2127,2.0,22.0,1.399999976158142,-0.6234526,-1.0,0.22596766,0.22596766,0.99565816,0.6277944,-0.6234526,-1.0,0.22596766,0.22596766,0.99565816,0.6277944
78.380,3.2970,9.3506,0.2126,2.0,22.0,1.399999976158142,-0.62137634,-1.0,0.22555172,0.22555172,0.99586755,0.6255088,-0.62137634,-1.0,0.22555172,0.22555172,0.99586755,0.6255088
78.430,3.2991,9.3655,0.2125,2.0,22.0,1.399999976158142,-0.6258044,-1.0,0.22827274,0.22827274,0.9954688,0.63033557,-0.6258044,-1.0,0.22827274,0.22827274,0.9954688,0.63033557
78.480,3.3038,9.4003,0.2124,2.0,22.0,1.399999976158142,-0.6237051,-1.0,0.22783896,0.22783896,0.9956832,0.6280219,-0.6237051,-1.0,0.22783896,0.22783896,0.9956832,0.6280219
78.530,3.3058,9.4152,0.2124,2.0,22.0,1.399999976158142,-0.6281699,-1.0,0.2305904,0.2305904,0.9952745,0.6328954,-0.6281699,-1.0,0.2305904,0.2305904,0.9952745,0.6328954
78.580,3.3104,9.4501,0.2123,2.0,22.0,1.399999976158142,-0.6260827,-1.0,0.23015304,0.23015304,0.9954903,0.6305924,-0.6260827,-1.0,0.23015304,0.23015304,0.9954903,0.6305924
78.631,3.3124,9.4650,0.2123,2.0,22.0,1.399999976158142,-0.62803006,-1.0,0.21166858,0.21166858,0.99468297,0.6333471,-0.62803006,-1.0,0.21166858,0.21166858,0.99468297,0.6333471
78.680,3.3169,9.5000,0.2123,2.0,22.0,1.399999976158142,-0.6314544,-1.0,0.22110452,0.22110452,0.99528915,0.63616526,-0.6314544,-1.0,0.22110452,0.22110452,0.99528915,0.63616526
78.730,3.3188,9.5150,0.2123,2.0,22.0,1.399999976158142,-0.6353979,-1.0,0.22373547,0.22373547,0.9948763,0.6405216,-0.6353979,-1.0,0.22373547,0.22373547,0.9948763,0.6405216
78.780,3.3233,9.5500,0.2122,2.0,22.0,1.399999976158142,-0.6327111,-1.0,0.22324903,0.22324903,0.99510133,0.6376098,-0.6327111,-1.0,0.22324903,0.22324903,0.99510133,0.6376098
78.830,3.3252,9.5650,0.2122,2.0,22.0,1.399999976158142,-0.63666993,-1.0,0.22590174,0.22590174,0.9946797,0.6419902,-0.63666993,-1.0,0.22590174,0.22590174,0.9946797,0.6419902
78.881,3.3296,9.6001,0.2122,2.0,22.0,1.399999976158142,-0.63397497,-1.0,0.22540508,0.22540508,0.9949092,0.6390657,-0.63397497,-1.0,0.22540508,0.22540508,0.9949092,0.6390657
78.931,3.3315,9.6151,0.2122,2.0,22.0,1.399999976158142,-0.6379382,-1.0,0.22808543,0.22808543,0.9944841,0.6434541,-0.6379382,-1.0,0.22808543,0.22808543,0.9944841,0.6434541
78.980,3.3358,9.6503,0.2122,2.0,22.0,1.399999976158142,-0.6355174,-1.0,0.22761554,0.22761554,0.9947171,0.64080036,-0.6355174,-1.0,0.22761554,0.22761554,0.9947171,0.64080036
79.031,3.3376,9.6654,0.2122,2.0,22.0,1.399999976158142,-0.63999003,-1.0,0.23038843,0.23038843,0.99429375,0.6456963,-0.63999003,-1.0,0.23038843,0.23038843,0.99429375,0.6456963
79.082,3.3419,9.7006,0.2123,2.0,22.0,1.399999976158142,-0.63785774,-1.0,0.2299528,0.2299528,0.99452424,0.6433335,-0.63785774,-1.0,0.2299528,0.2299528,0.99452424,0.6433335
79.131,3.3437,9.7157,0.2123,2.0,22.0,1.399999976158142,-0.64210844,-1.0,0.23267655,0.23267655,0.994124,0.64798445,-0.64210844,-1.0,0.23267655,0.23267655,0.994124,0.64798445
79.180,3.3479,9.7510,0.2124,2.0,22.0,1.399999976158142,-0.6402339,-1.0,0.23233783,0.23233783,0.9943284,0.6459055,-0.6402339,-1.0,0.23233783,0.23233783,0.9943284,0.6459055
79.231,3.3497,9.7661,0.2124,2.0,22.0,1.399999976158142,-0.6445322,-1.0,0.23510708,0.23510708,0.993925,0.6506072,-0.6445322,-1.0,0.23510708,0.23510708,0.993925,0.6506072
79.280,3.3538,9.8015,0.2125,2.0,22.0,1.399999976158142,-0.6424292,-1.0,0.23466173,0.23466173,0.9941508,0.64827836,-0.6424292,-1.0,0.23466173,0.23466173,0.9941508,0.64827836
79.331,3.3555,9.8167,0.2126,2.0,22.0,1.399999976158142,-0.64680564,-1.0,0.23750597,0.23750597,0.9937394,0.6530663,-0.64680564,-1.0,0.23750597,0.23750597,0.9937394,0.6530663
79.380,3.3595,9.8521,0.2127,2.0,22.0,1.399999976158142,-0.6446964,-1.0,0.23704219,0.23704219,0.9939651,0.6507313,-0.6446964,-1.0,0.23704219,0.23704219,0.9939651,0.6507313
79.431,3.3613,9.8673,0.2127,2.0,22.0,1.399999976158142,-0.6490193,-1.0,0.23990819,0.23990819,0.99356025,0.65545905,-0.6490193,-1.0,0.23990819,0.23990819,0.99356025,0.65545905
79.480,3.3652,9.9028,0.2128,2.0,22.0,1.399999976158142,-0.64693266,-1.0,0.2394411,0.2394411,0.9937831,0.65314955,-0.64693266,-1.0,0.2394411,0.2394411,0.9937831,0.65314955
79.530,3.3669,9.9180,0.2129,2.0,22.0,1.399999976158142,-0.65121317,-1.0,0.24233675,0.24233675,0.99338365,0.6578295,-0.65121317,-1.0,0.24233675,0.24233675,0.99338365,0.6578295
79.581,3.3708,9.9536,0.2130,2.0,22.0,1.399999976158142,-0.6491587,-1.0,0.24186373,0.24186373,0.993602,0.65555674,-0.6491587,-1.0,0.24186373,0.24186373,0.993602,0.65555674
79.631,3.3724,9.9688,0.2131,2.0,22.0,1.399999976158142,-0.6510865,-1.0,0.22244576,0.22244576,0.9924163,0.65867025,-0.6510865,-1.0,0.22244576,0.22244576,0.9924163,0.65867025
79.680,3.3763,10.0044,0.2132,2.0,22.0,1.399999976158142,-0.6546831,-1.0,0.23237471,0.23237471,0.99341106,0.66127205,-0.6546831,-1.0,0.23237471,0.23237471,0.99341106,0.66127205
79.730,3.3779,10.0197,0.2132,2.0,22.0,1.399999976158142,-0.6583123,-1.0,0.23515137,0.23515137,0.99303627,0.66527605,-0.6583123,-1.0,0.23515137,0.23515137,0.99303627,0.66527605
79.781,3.3816,10.0554,0.2133,2.0,22.0,1.399999976158142,-0.6557885,-1.0,0.2346456,0.2346456,0.99324435,0.66254413,-0.6557885,-1.0,0.2346456,0.2346456,0.99324435,0.66254413
79.830,3.3832,10.0707,0.2133,2.0,22.0,1.399999976158142,-0.65943253,-1.0,0.23747724,0.23747724,0.99286157,0.6665709,-0.65943253,-1.0,0.23747724,0.23747724,0.99286157,0.6665709
79.881,3.3868,10.1065,0.2134,2.0,22.0,1.399999976158142,-0.65692776,-1.0,0.23695381,0.23695381,0.9930703,0.6638575,-0.65692776,-1.0,0.23695381,0.23695381,0.9930703,0.6638575
79.931,3.3904,10.1423,0.2134,2.0,22.0,1.399999976158142,-0.6605346,-1.0,0.23983094,0.23983094,0.9926892,0.6678454,-0.6605346,-1.0,0.23983094,0.23983094,0.9926892,0.6678454
79.981,3.3920,10.1577,0.2134,2.0,22.0,1.399999976158142,-0.6614891,-1.0,0.24126601,0.24126601,0.9925702,0.6689189,-0.6614891,-1.0,0.24126601,0.24126601,0.9925702,0.6689189
80.030,3.3935,10.1731,0.2134,2.0,22.0,1.399999976158142,-0.65933156,-1.0,0.24076883,0.24076883,0.9927737,0.66655785,-0.65933156,-1.0,0.24076883,0.24076883,0.9927737,0.66655785
80.080,3.3970,10.2090,0.2134,2.0,22.0,1.399999976158142,-0.65996134,-1.0,0.24177094,0.24177094,0.992722,0.66723937,-0.65996134,-1.0,0.24177094,0.24177094,0.992722,0.66723937
80.130,3.3985,10.2244,0.2134,2.0,22.0,1.399999976158142,-0.6640522,-1.0,0.24482545,0.24482545,0.9923384,0.67171377,-0.6640522,-1.0,0.24482545,0.24482545,0.9923384,0.67171377
80.180,3.4019,10.2604,0.2134,2.0,22.0,1.399999976158142,-0.6621057,-1.0,0.24431716,0.24431716,0.9925439,0.6695618,-0.6621057,-1.0,0.24431716,0.24431716,0.9925439,0.6695618
80.231,3.4034,10.2758,0.2133,2.0,22.0,1.399999976158142,-0.66619414,-1.0,0.2474202,0.2474202,0.9921571,0.67403704,-0.66619414,-1.0,0.2474202,0.2474202,0.9921571,0.67403704
80.280,3.4067,10.3119,0.2133,2.0,22.0,1.399999976158142,-0.6642694,-1.0,0.2468994,0.2468994,0.9923609,0.6719085,-0.6642694,-1.0,0.2468994,0.2468994,0.9923609,0.6719085
80.331,3.4081,10.3274,0.2133,2.0,22.0,1.399999976158142,-0.66837674,-1.0,0.25005138,0.25005138,0.9919672,0.67640954,-0.66837674,-1.0,0.25005138,0.25005138,0.9919672,0.67640954
80.380,3.4114,10.3635,0.2133,2.0,22.0,1.399999976158142,-0.66642815,-1.0,0.24950695,0.24950695,0.9921766,0.6742516,-0.66642815,-1.0,0.24950695,0.24950695,0.9921766,0.6742516
80.431,3.4128,10.3791,0.2132,2.0,22.0,1.399999976158142,-0.6706024,-1.0,0.25273588,0.25273588,0.9917727,0.67882967,-0.6706024,-1.0,0.25273588,0.25273588,0.9917727,0.67882967
80.480,3.4160,10.4153,0.2132,2.0,22.0,1.399999976158142,-0.6685953,-1.0,0.2521388,0.2521388,0.9919899,0.6766054,-0.6685953,-1.0,0.2521388,0.2521388,0.9919899,0.6766054
80.531,3.4174,10.4308,0.2132,2.0,22.0,1.399999976158142,-0.6727366,-1.0,0.25538972,0.25538972,0.99158525,0.68115133,-0.6727366,-1.0,0.25538972,0.25538972,0.99158525,0.68115133
80.580,3.4205,10.4672,0.2132,2.0,22.0,1.399999976158142,-0.67076594,-1.0,0.25480264,0.25480264,0.99180096,0.678965,-0.67076594,-1.0,0.25480264,0.25480264,0.99180096,0.678965
80.631,3.4218,10.4827,0.2132,2.0,22.0,1.399999976158142,-0.6727207,-1.0,0.23436286,0.23436286,0.99025387,0.68246686,-0.6727207,-1.0,0.23436286,0.23436286,0.99025387,0.68246686
80.680,3.4249,10.5191,0.2131,2.0,22.0,1.399999976158142,-0.67662007,-1.0,0.2449638,0.2449638,0.99159133,0.68502873,-0.67662007,-1.0,0.2449638,0.2449638,0.99159133,0.68502873
80.730,3.4261,10.5347,0.2131,2.0,22.0,1.399999976158142,-0.6802308,-1.0,0.24810292,0.24810292,0.9911983,0.68903255,-0.6802308,-1.0,0.24810292,0.24810292,0.9911983,0.68903255
80.780,3.4291,10.5712,0.2131,2.0,22.0,1.399999976158142,-0.67777014,-1.0,0.24747421,0.24747421,0.9914132,0.68635696,-0.67777014,-1.0,0.24747421,0.24747421,0.9914132,0.68635696
80.830,3.4304,10.5869,0.2131,2.0,22.0,1.399999976158142,-0.6814673,-1.0,0.25067273,0.25067273,0.9909988,0.6904685,-0.6814673,-1.0,0.25067273,0.25067273,0.9909988,0.6904685
80.880,3.4332,10.6234,0.2131,2.0,22.0,1.399999976158142,-0.6789895,-1.0,0.25001374,0.25001374,0.99122053,0.687769,-0.6789895,-1.0,0.25001374,0.25001374,0.99122053,0.687769
80.931,3.4344,10.6391,0.2131,2.0,22.0,1.399999976158142,-0.6826683,-1.0,0.25324053,0.25324053,0.99080217,0.69186616,-0.6826683,-1.0,0.25324053,0.25324053,0.99080217,0.69186616
80.981,3.4372,10.6757,0.2130,2.0,22.0,1.399999976158142,-0.6801969,-1.0,0.25257415,0.25257415,0.9910285,0.6891684,-0.6801969,-1.0,0.25257415,0.25257415,0.9910285,0.6891684
81.031,3.4384,10.6914,0.2130,2.0,22.0,1.399999976158142,-0.6838041,-1.0,0.25580984,0.25580984,0.9906139,0.6931902,-0.6838041,-1.0,0.25580984,0.25580984,0.9906139,0.6931902
81.081,3.4411,10.7282,0.2131,2.0,22.0,1.399999976158142,-0.68158245,-1.0,0.25519112,0.25519112,0.9908367,0.6907458,-0.68158245,-1.0,0.25519112,0.25519112,0.9908367,0.6907458
81.131,3.4423,10.7439,0.2131,2.0,22.0,1.399999976158142,-0.68569654,-1.0,0.2585597,0.2585597,0.9904169,0.69527966,-0.68569654,-1.0,0.2585597,0.2585597,0.9904169,0.69527966
81.182,3.4449,10.7807,0.2131,2.0,22.0,1.399999976158142,-0.6837086,-1.0,0.25793007,0.25793007,0.99064463,0.693064,-0.6837086,-1.0,0.25793007,0.25793007,0.99064463,0.693064
81.231,3.4460,10.7965,0.2131,2.0,22.0,1.399999976158142,-0.6877849,-1.0,0.26132983,0.26132983,0.9902288,0.69755614,-0.6877849,-1.0,0.26132983,0.26132983,0.9902288,0.69755614
81.281,3.4486,10.8333,0.2132,2.0,22.0,1.399999976158142,-0.68582124,-1.0,0.26069665,0.26069665,0.9904537,0.6953675,-0.68582124,-1.0,0.26069665,0.26069665,0.9904537,0.6953675
81.332,3.4496,10.8492,0.2132,2.0,22.0,1.399999976158142,-0.6898529,-1.0,0.26412517,0.26412517,0.990043,0.6998099,-0.6898529,-1.0,0.26412517,0.26412517,0.990043,0.6998099
81.382,3.4521,10.8861,0.2133,2.0,22.0,1.399999976158142,-0.68791145,-1.0,0.26348656,0.26348656,0.9902652,0.6976463,-0.68791145,-1.0,0.26348656,0.26348656,0.9902652,0.6976463
81.432,3.4532,10.9019,0.2133,2.0,22.0,1.399999976158142,-0.69189054,-1.0,0.26694635,0.26694635,0.98986185,0.7020287,-0.69189054,-1.0,0.26694635,0.26694635,0.98986185,0.7020287
81.482,3.4556,10.9389,0.2134,2.0,22.0,1.399999976158142,-0.6899741,-1.0,0.2663001,0.2663001,0.9900804,0.6998938,-0.6899741,-1.0,0.2663001,0.2663001,0.9900804,0.6998938
81.532,3.4566,10.9548,0.2135,2.0,22.0,1.399999976158142,-0.6938929,-1.0,0.26978973,0.26978973,0.9896857,0.7042072,-0.6938929,-1.0,0.26978973,0.26978973,0.9896857,0.7042072
81.581,3.4589,10.9919,0.2136,2.0,22.0,1.399999976158142,-0.69199765,-1.0,0.26913196,0.26913196,0.9899003,0.7020973,-0.69199765,-1.0,0.26913196,0.26913196,0.9899003,0.7020973
81.632,3.4599,11.0078,0.2137,2.0,22.0,1.399999976158142,-0.69394636,-1.0,0.24748491,0.24748491,0.98795676,0.7059896,-0.69394636,-1.0,0.24748491,0.24748491,0.98795676,0.7059896
81.682,3.4621,11.0449,0.2138,2.0,22.0,1.399999976158142,-0.6980547,-1.0,0.2587815,0.2587815,0.98970115,0.7083535,-0.6980547,-1.0,0.2587815,0.2587815,0.98970115,0.7083535
81.732,3.4631,11.0608,0.2138,2.0,22.0,1.399999976158142,-0.70133924,-1.0,0.26215646,0.26215646,0.9893502,0.71198905,-0.70133924,-1.0,0.26215646,0.26215646,0.9893502,0.71198905
81.781,3.4652,11.0981,0.2139,2.0,22.0,1.399999976158142,-0.699041,-1.0,0.2614647,0.2614647,0.9895478,0.7094932,-0.699041,-1.0,0.2614647,0.2614647,0.9895478,0.7094932
81.832,3.4661,11.1140,0.2139,2.0,22.0,1.399999976158142,-0.7023491,-1.0,0.2649004,0.2649004,0.9891846,0.7131645,-0.7023491,-1.0,0.2649004,0.2649004,0.9891846,0.7131645
81.881,3.4682,11.1513,0.2140,2.0,22.0,1.399999976158142,-0.7000242,-1.0,0.264173,0.264173,0.98938555,0.71063864,-0.7000242,-1.0,0.264173,0.264173,0.98938555,0.71063864
81.932,3.4690,11.1673,0.2140,2.0,22.0,1.399999976158142,-0.70345056,-1.0,0.2677574,0.2677574,0.989009,0.71444154,-0.70345056,-1.0,0.2677574,0.2677574,0.989009,0.71444154
81.982,3.4710,11.2047,0.2141,2.0,22.0,1.399999976158142,-0.7010958,-1.0,0.2669484,0.2669484,0.98921657,0.71187925,-0.7010958,-1.0,0.2669484,0.2669484,0.98921657,0.71187925
82.031,3.4719,11.2207,0.2141,2.0,22.0,1.399999976158142,-0.70432776,-1.0,0.27049178,0.27049178,0.9888577,0.7154701,-0.70432776,-1.0,0.27049178,0.27049178,0.9888577,0.7154701
82.082,3.4738,11.2582,0.2141,2.0,22.0,1.399999976158142,-0.7020927,-1.0,0.26973864,0.26973864,0.989054,0.7130387,-0.7020927,-1.0,0.26973864,0.26973864,0.989054,0.7130387
82.131,3.4746,11.2742,0.2141,2.0,22.0,1.399999976158142,-0.7052959,-1.0,0.27334246,0.27334246,0.9886971,0.7165988,-0.7052959,-1.0,0.27334246,0.27334246,0.9886971,0.7165988
82.181,3.4764,11.3117,0.2141,2.0,22.0,1.399999976158142,-0.70353234,-1.0,0.27263933,0.27263933,0.9888879,0.71464443,-0.70353234,-1.0,0.27263933,0.27263933,0.9888879,0.71464443
82.232,3.4771,11.3278,0.2141,2.0,22.0,1.399999976158142,-0.70714337,-1.0,0.27635804,0.27635804,0.98853153,0.7186119,-0.70714337,-1.0,0.27635804,0.27635804,0.98853153,0.7186119
82.282,3.4789,11.3654,0.2141,2.0,22.0,1.399999976158142,-0.7054091,-1.0,0.27564263,0.27564263,0.9887208,0.71668833,-0.7054091,-1.0,0.27564263,0.27564263,0.9887208,0.71668833
82.332,3.4796,11.3816,0.2141,2.0,22.0,1.399999976158142,-0.7090078,-1.0,0.27942628,0.27942628,0.98836523,0.7206426,-0.7090078,-1.0,0.27942628,0.27942628,0.98836523,0.7206426
82.382,3.4813,11.4192,0.2142,2.0,22.0,1.399999976158142,-0.7072813,-1.0,0.27868274,0.27868274,0.988553,0.7187283,-0.7072813,-1.0,0.27868274,0.27868274,0.988553,0.7187283
82.432,3.4820,11.4354,0.2142,2.0,22.0,1.399999976158142,-0.71087486,-1.0,0.2825239,0.2825239,0.9881954,0.7226795,-0.71087486,-1.0,0.2825239,0.2825239,0.9881954,0.7226795
82.482,3.4836,11.4731,0.2142,2.0,22.0,1.399999976158142,-0.70915514,-1.0,0.2817573,0.2817573,0.98838276,0.7207723,-0.70915514,-1.0,0.2817573,0.2817573,0.98838276,0.7207723
82.532,3.4843,11.4893,0.2142,2.0,22.0,1.399999976158142,-0.7127443,-1.0,0.28565526,0.28565526,0.98802304,0.72472125,-0.7127443,-1.0,0.28565526,0.28565526,0.98802304,0.72472125
82.582,3.4858,11.5271,0.2142,2.0,22.0,1.399999976158142,-0.7110213,-1.0,0.28486568,0.28486568,0.9882125,0.72280884,-0.7110213,-1.0,0.28486568,0.28486568,0.9882125,0.72280884
82.632,3.4864,11.5434,0.2142,2.0,22.0,1.399999976158142,-0.7130674,-1.0,0.2620205,0.2620205,0.9859193,0.7271481,-0.7130674,-1.0,0.2620205,0.2620205,0.9859193,0.7271481
82.681,3.4879,11.5812,0.2142,2.0,22.0,1.399999976158142,-0.71733373,-1.0,0.27413917,0.27413917,0.9880085,0.7293252,-0.71733373,-1.0,0.27413917,0.27413917,0.9880085,0.7293252
82.731,3.4885,11.5975,0.2142,2.0,22.0,1.399999976158142,-0.72042644,-1.0,0.27790785,0.27790785,0.9876801,0.7327464,-0.72042644,-1.0,0.27790785,0.27790785,0.9876801,0.7327464
82.781,3.4898,11.6355,0.2142,2.0,22.0,1.399999976158142,-0.71828765,-1.0,0.27707428,0.27707428,0.9878615,0.73042613,-0.71828765,-1.0,0.27707428,0.27707428,0.9878615,0.73042613
82.831,3.4903,11.6517,0.2142,2.0,22.0,1.399999976158142,-0.72142017,-1.0,0.2809311,0.2809311,0.98750573,0.73391443,-0.72142017,-1.0,0.2809311,0.2809311,0.98750573,0.73391443
82.881,3.4916,11.6898,0.2142,2.0,22.0,1.399999976158142,-0.7192869,-1.0,0.2800848,0.2800848,0.98769224,0.7315947,-0.7192869,-1.0,0.2800848,0.2800848,0.98769224,0.7315947
82.931,3.4921,11.7061,0.2142,2.0,22.0,1.399999976158142,-0.72246116,-1.0,0.28403655,0.28403655,0.98732775,0.7351334,-0.72246116,-1.0,0.28403655,0.28403655,0.98732775,0.7351334
82.981,3.4933,11.7442,0.2142,2.0,22.0,1.399999976158142,-0.72030103,-1.0,0.28313637,0.28313637,0.9875231,0.73277795,-0.72030103,-1.0,0.28313637,0.28313637,0.9875231,0.73277795
83.031,3.4938,11.7606,0.2142,2.0,22.0,1.399999976158142,-0.7233837,-1.0,0.2870933,0.2870933,0.9871656,0.7362182,-0.7233837,-1.0,0.2870933,0.2870933,0.9871656,0.7362182
83.082,3.4948,11.7988,0.2142,2.0,22.0,1.399999976158142,-0.72126913,-1.0,0.28620687,0.28620687,0.98735833,0.7339108,-0.72126913,-1.0,0.28620687,0.28620687,0.98735833,0.7339108
83.132,3.4953,11.8152,0.2142,2.0,22.0,1.399999976158142,-0.7243336,-1.0,0.2902244,0.2902244,0.9870015,0.7373321,-0.7243336,-1.0,0.2902244,0.2902244,0.9870015,0.7373321
83.182,3.4963,11.8534,0.2142,2.0,22.0,1.399999976158142,-0.72223073,-1.0,0.28931257,0.28931257,0.98719466,0.7350361,-0.72223073,-1.0,0.28931257,0.28931257,0.98719466,0.7350361
83.232,3.4967,11.8699,0.2142,2.0,22.0,1.399999976158142,-0.7253838,-1.0,0.29338697,0.29338697,0.986844,0.7385398,-0.7253838,-1.0,0.29338697,0.29338697,0.986844,0.7385398
83.281,3.4976,11.9082,0.2143,2.0,22.0,1.399999976158142,-0.72374105,-1.0,0.29254326,0.29254326,0.9870297,0.7367114,-0.72374105,-1.0,0.29254326,0.29254326,0.9870297,0.7367114
83.331,3.4980,11.9246,0.2143,2.0,22.0,1.399999976158142,-0.72713995,-1.0,0.29672247,0.29672247,0.9866813,0.74045867,-0.72713995,-1.0,0.29672247,0.29672247,0.9866813,0.74045867
83.381,3.4989,11.9630,0.2144,2.0,22.0,1.399999976158142,-0.7254866,-1.0,0.29583824,0.29583824,0.9868671,0.7386195,-0.7254866,-1.0,0.29583824,0.29583824,0.9868671,0.7386195
83.432,3.4992,11.9795,0.2144,2.0,22.0,1.399999976158142,-0.7288525,-1.0,0.30006942,0.30006942,0.98652375,0.7423288,-0.7288525,-1.0,0.30006942,0.30006942,0.98652375,0.7423288
83.481,3.5000,12.0180,0.2145,2.0,22.0,1.399999976158142,-0.727215,-1.0,0.2991671,0.2991671,0.98670626,0.74050874,-0.727215,-1.0,0.2991671,0.2991671,0.98670626,0.74050874
83.532,3.5003,12.0345,0.2145,2.0,22.0,1.399999976158142,-0.7305611,-1.0,0.30344802,0.30344802,0.986364,0.7441971,-0.7305611,-1.0,0.30344802,0.30344802,0.986364,0.7441971
83.582,3.5010,12.0730,0.2146,2.0,22.0,1.399999976158142,-0.7289534,-1.0,0.30253682,0.30253682,0.9865418,0.7424116,-0.7289534,-1.0,0.30253682,0.30253682,0.9865418,0.7424116
83.632,3.5013,12.0895,0.2147,2.0,22.0,1.399999976158142,-0.73111355,-1.0,0.2783592,0.2783592,0.9839159,0.7471976,-0.73111355,-1.0,0.2783592,0.2783592,0.9839159,0.7471976
83.682,3.5019,12.1281,0.2148,2.0,22.0,1.399999976158142,-0.7355084,-1.0,0.29131156,0.29131156,0.9863408,0.74916756,-0.7355084,-1.0,0.29131156,0.29131156,0.9863408,0.74916756
83.732,3.5021,12.1447,0.2148,2.0,22.0,1.399999976158142,-0.7383247,-1.0,0.29538265,0.29538265,0.9860548,0.7522699,-0.7383247,-1.0,0.29538265,0.29538265,0.9860548,0.7522699
83.782,3.5027,12.1833,0.2149,2.0,22.0,1.399999976158142,-0.7363678,-1.0,0.29446048,0.29446048,0.98621553,0.7501523,-0.7363678,-1.0,0.29446048,0.29446048,0.98621553,0.7501523
83.832,3.5029,12.1999,0.2150,2.0,22.0,1.399999976158142,-0.7391628,-1.0,0.29867217,0.29867217,0.9859065,0.7532563,-0.7391628,-1.0,0.29867217,0.29867217,0.9859065,0.7532563
83.881,3.5033,12.2387,0.2150,2.0,22.0,1.399999976158142,-0.7372309,-1.0,0.29773405,0.29773405,0.986068,0.7511629,-0.7372309,-1.0,0.29773405,0.29773405,0.986068,0.7511629
83.932,3.5035,12.2553,0.2151,2.0,22.0,1.399999976158142,-0.7399837,-1.0,0.30200565,0.30200565,0.9857616,0.7542221,-0.7399837,-1.0,0.30200565,0.30200565,0.9857616,0.7542221
83.982,3.5038,12.2941,0.2151,2.0,22.0,1.399999976158142,-0.73805803,-1.0,0.30104122,0.30104122,0.9859255,0.7521325,-0.73805803,-1.0,0.30104122,0.30104122,0.9859255,0.7521325
84.032,3.5039,12.3107,0.2151,2.0,22.0,1.399999976158142,-0.74077976,-1.0,0.3053976,0.3053976,0.9856237,0.75515604,-0.74077976,-1.0,0.3053976,0.3053976,0.9856237,0.75515604
84.081,3.5042,12.3496,0.2152,2.0,22.0,1.399999976158142,-0.7388632,-1.0,0.30439124,0.30439124,0.985787,0.75307626,-0.7388632,-1.0,0.30439124,0.30439124,0.985787,0.75307626
84.132,3.5043,12.3663,0.2152,2.0,22.0,1.399999976158142,-0.74152845,-1.0,0.30881092,0.30881092,0.98549324,0.7560352,-0.74152845,-1.0,0.30881092,0.30881092,0.98549324,0.7560352
84.182,3.5045,12.4052,0.2153,2.0,22.0,1.399999976158142,-0.739643,-1.0,0.30777988,0.30777988,0.9856518,0.75399125,-0.739643,-1.0,0.30777988,0.30777988,0.9856518,0.75399125
84.232,3.5045,12.4219,0.2153,2.0,22.0,1.399999976158142,-0.7421457,-1.0,0.31215844,0.31215844,0.9853744,0.7567713,-0.7421457,-1.0,0.31215844,0.31215844,0.9853744,0.7567713
84.282,3.5046,12.4609,0.2154,2.0,22.0,1.399999976158142,-0.74046063,-1.0,0.31127372,0.31127372,0.98551285,0.7549478,-0.74046063,-1.0,0.31127372,0.31127372,0.98551285,0.7549478
84.332,3.5047,12.4776,0.2154,2.0,22.0,1.399999976158142,-0.74318725,-1.0,0.31580275,0.31580275,0.98523027,0.757957,-0.74318725,-1.0,0.31580275,0.31580275,0.98523027,0.757957
84.382,3.5047,12.5167,0.2155,2.0,22.0,1.399999976158142,-0.74174166,-1.0,0.31478435,0.31478435,0.98537815,0.7563635,-0.74174166,-1.0,0.31478435,0.31478435,0.98537815,0.7563635
84.431,3.5047,12.5334,0.2155,2.0,22.0,1.399999976158142,-0.7447389,-1.0,0.3194938,0.3194938,0.98508567,0.7596532,-0.7447389,-1.0,0.3194938,0.3194938,0.98508567,0.7596532
84.481,3.5047,12.5726,0.2155,2.0,22.0,1.399999976158142,-0.7432953,-1.0,0.31844643,0.31844643,0.9852344,0.75806093,-0.7432953,-1.0,0.31844643,0.31844643,0.9852344,0.75806093
84.532,3.5047,12.5893,0.2156,2.0,22.0,1.399999976158142,-0.7462717,-1.0,0.32320833,0.32320833,0.9849419,0.7613298,-0.7462717,-1.0,0.32320833,0.32320833,0.9849419,0.7613298
84.581,3.5046,12.6285,0.2157,2.0,22.0,1.399999976158142,-0.7448443,-1.0,0.32214752,0.32214752,0.985089,0.7597554,-0.7448443,-1.0,0.32214752,0.32214752,0.985089,0.7597554
84.632,3.5045,12.6453,0.2157,2.0,22.0,1.399999976158142,-0.7471696,-1.0,0.29632923,0.29632923,0.9821224,0.76504725,-0.7471696,-1.0,0.29632923,0.29632923,0.9821224,0.76504725
84.682,3.5043,12.6845,0.2157,2.0,22.0,1.399999976158142,-0.7516717,-1.0,0.31042728,0.31042728,0.98489046,0.7667812,-0.7516717,-1.0,0.31042728,0.31042728,0.98489046,0.7667812
84.732,3.5041,12.7238,0.2158,2.0,22.0,1.399999976158142,-0.75423914,-1.0,0.31492543,0.31492543,0.98465663,0.7695825,-0.75423914,-1.0,0.31492543,0.31492543,0.98465663,0.7695825
84.782,3.5039,12.7407,0.2158,2.0,22.0,1.399999976158142,-0.7549552,-1.0,0.31719476,0.31719476,0.9845526,0.77040255,-0.7549552,-1.0,0.31719476,0.31719476,0.9845526,0.77040255
84.832,3.5038,12.7575,0.2158,2.0,22.0,1.399999976158142,-0.75319284,-1.0,0.31609,0.31609,0.9846866,0.7685062,-0.75319284,-1.0,0.31609,0.31609,0.9846866,0.7685062
84.881,3.5034,12.7969,0.2158,2.0,22.0,1.399999976158142,-0.7532653,-1.0,0.31748232,0.31748232,0.9846469,0.7686184,-0.7532653,-1.0,0.31748232,0.31748232,0.9846469,0.7686184
84.931,3.5032,12.8138,0.2158,2.0,22.0,1.399999976158142,-0.75584877,-1.0,0.3223402,0.3223402,0.98435867,0.77149004,-0.75584877,-1.0,0.3223402,0.3223402,0.98435867,0.77149004
84.982,3.5028,12.8532,0.2159,2.0,22.0,1.399999976158142,-0.75405836,-1.0,0.32117295,0.32117295,0.9845052,0.7695532,-0.75405836,-1.0,0.32117295,0.32117295,0.9845052,0.7695532
85.032,3.5026,12.8701,0.2159,2.0,22.0,1.399999976158142,-0.75663424,-1.0,0.3260998,0.3260998,0.98421097,0.77242327,-0.75663424,-1.0,0.3260998,0.3260998,0.98421097,0.77242327
85.082,3.5020,12.9096,0.2159,2.0,22.0,1.399999976158142,-0.75484294,-1.0,0.32490206,0.32490206,0.98436177,0.77048117,-0.75484294,-1.0,0.32490206,0.32490206,0.98436177,0.77048117
85.132,3.5018,12.9265,0.2159,2.0,22.0,1.399999976158142,-0.75741595,-1.0,0.3299191,0.3299191,0.98406446,0.7733515,-0.75741595,-1.0,0.3299191,0.3299191,0.98406446,0.7733515
85.181,3.5012,12.9661,0.2159,2.0,22.0,1.399999976158142,-0.755627,-1.0,0.32868636,0.32868636,0.9842189,0.7714081,-0.755627,-1.0,0.32868636,0.32868636,0.9842189,0.7714081
85.232,3.5009,12.9831,0.2159,2.0,22.0,1.399999976158142,-0.7581843,-1.0,0.33377287,0.33377287,0.98392004,0.7742643,-0.7581843,-1.0,0.33377287,0.33377287,0.98392004,0.7742643
85.281,3.5002,13.0227,0.2160,2.0,22.0,1.399999976158142,-0.75640345,-1.0,0.33250764,0.33250764,0.9840756,0.7723278,-0.75640345,-1.0,0.33250764,0.33250764,0.9840756,0.7723278
85.332,3.4999,13.0397,0.2160,2.0,22.0,1.399999976158142,-0.7589479,-1.0,0.33767354,0.33767354,0.9837766,0.7751712,-0.7589479,-1.0,0.33767354,0.33767354,0.9837766,0.7751712
85.381,3.4991,13.0793,0.2161,2.0,22.0,1.399999976158142,-0.7571646,-1.0,0.33636644,0.33636644,0.98393446,0.77323014,-0.7571646,-1.0,0.33636644,0.33636644,0.98393446,0.77323014
85.432,3.4987,13.0963,0.2161,2.0,22.0,1.399999976158142,-0.7597173,-1.0,0.34160283,0.34160283,0.9836401,0.7760772,-0.7597173,-1.0,0.34160283,0.34160283,0.9836401,0.7760772
85.482,3.4979,13.1361,0.2162,2.0,22.0,1.399999976158142,-0.7583249,-1.0,0.34034947,0.34034947,0.9837914,0.7745335,-0.7583249,-1.0,0.34034947,0.34034947,0.9837914,0.7745335
85.532,3.4975,13.1531,0.2163,2.0,22.0,1.399999976158142,-0.76117426,-1.0,0.3457171,0.3457171,0.98349684,0.7776775,-0.76117426,-1.0,0.3457171,0.3457171,0.98349684,0.7776775
85.582,3.4966,13.1928,0.2164,2.0,22.0,1.399999976158142,-0.75979507,-1.0,0.3444376,0.3444376,0.98364544,0.7761496,-0.75979507,-1.0,0.3444376,0.3444376,0.98364544,0.7761496
85.632,3.4962,13.2099,0.2165,2.0,22.0,1.399999976158142,-0.7623624,-1.0,0.31708363,0.31708363,0.98041475,0.7819477,-0.7623624,-1.0,0.31708363,0.31708363,0.98041475,0.7819477
85.682,3.4952,13.2497,0.2166,2.0,22.0,1.399999976158142,-0.76702297,-1.0,0.33224323,0.33224323,0.98343706,0.7835859,-0.76702297,-1.0,0.33224323,0.33224323,0.98343706,0.7835859
85.731,3.4948,13.2668,0.2166,2.0,22.0,1.399999976158142,-0.7694527,-1.0,0.33723405,0.33723405,0.9832258,0.78622687,-0.7694527,-1.0,0.33723405,0.33723405,0.9832258,0.78622687
85.782,3.4937,13.3066,0.2167,2.0,22.0,1.399999976158142,-0.7677839,-1.0,0.33596712,0.33596712,0.9833485,0.7844354,-0.7677839,-1.0,0.33596712,0.33596712,0.9833485,0.7844354
85.832,3.4932,13.3237,0.2167,2.0,22.0,1.399999976158142,-0.7701775,-1.0,0.3413001,0.3413001,0.98308766,0.7870898,-0.7701775,-1.0,0.3413001,0.3413001,0.98308766,0.7870898
85.882,3.4921,13.3637,0.2168,2.0,22.0,1.399999976158142,-0.76850677,-1.0,0.3399851,0.3399851,0.9832146,0.78529215,-0.76850677,-1.0,0.3399851,0.3399851,0.9832146,0.78529215
85.931,3.4915,13.3808,0.2169,2.0,22.0,1.399999976158142,-0.7709224,-1.0,0.345441,0.345441,0.9829445,0.7879779,-0.7709224,-1.0,0.345441,0.345441,0.9829445,0.7879779
85.981,3.4903,13.4207,0.2170,2.0,22.0,1.399999976158142,-0.769213,-1.0,0.34405354,0.34405354,0.9830824,0.7861306,-0.769213,-1.0,0.34405354,0.34405354,0.9830824,0.7861306
86.032,3.4897,13.4379,0.2170,2.0,22.0,1.399999976158142,-0.7716631,-1.0,0.34968138,0.34968138,0.98280704,0.7888561,-0.7716631,-1.0,0.34968138,0.34968138,0.98280704,0.7888561
86.081,3.4884,13.4779,0.2171,2.0,22.0,1.399999976158142,-0.7699395,-1.0,0.34820238,0.34820238,0.98295027,0.7869893,-0.7699395,-1.0,0.34820238,0.34820238,0.98295027,0.7869893
86.132,3.4878,13.4951,0.2171,2.0,22.0,1.399999976158142,-0.77228147,-1.0,0.3538222,0.3538222,0.9826863,0.7895952,-0.77228147,-1.0,0.3538222,0.3538222,0.9826863,0.7895952
86.182,3.4864,13.5352,0.2172,2.0,22.0,1.399999976158142,-0.7706184,-1.0,0.35238424,0.35238424,0.98282367,0.78779477,-0.7706184,-1.0,0.35238424,0.35238424,0.98282367,0.78779477
86.232,3.4858,13.5524,0.2173,2.0,22.0,1.399999976158142,-0.772938,-1.0,0.35810283,0.35810283,0.9825616,0.7903764,-0.772938,-1.0,0.35810283,0.35810283,0.9825616,0.7903764
86.282,3.4843,13.5925,0.2174,2.0,22.0,1.399999976158142,-0.7712972,-1.0,0.35662726,0.35662726,0.98269564,0.7886016,-0.7712972,-1.0,0.35662726,0.35662726,0.98269564,0.7886016
86.331,3.4836,13.6097,0.2174,2.0,22.0,1.399999976158142,-0.773594,-1.0,0.362439,0.362439,0.9824357,0.7911584,-0.773594,-1.0,0.362439,0.362439,0.9824357,0.7911584
86.381,3.4820,13.6499,0.2175,2.0,22.0,1.399999976158142,-0.7719685,-1.0,0.36092868,0.36092868,0.98256946,0.789399,-0.7719685,-1.0,0.36092868,0.36092868,0.98256946,0.789399
86.431,3.4814,13.6671,0.2176,2.0,22.0,1.399999976158142,-0.7742261,-1.0,0.36681196,0.36681196,0.9823143,0.79191184,-0.7742261,-1.0,0.36681196,0.36681196,0.9823143,0.79191184
86.481,3.4797,13.7074,0.2177,2.0,22.0,1.399999976158142,-0.77261335,-1.0,0.36526456,0.36526456,0.9824457,0.7901676,-0.77261335,-1.0,0.36526456,0.36526456,0.9824457,0.7901676
86.532,3.4790,13.7246,0.2178,2.0,22.0,1.399999976158142,-0.7748807,-1.0,0.3712808,0.3712808,0.9821886,0.79269207,-0.7748807,-1.0,0.3712808,0.3712808,0.9821886,0.79269207
86.582,3.4773,13.7649,0.2179,2.0,22.0,1.399999976158142,-0.77341247,-1.0,0.36970407,0.36970407,0.98231757,0.7910949,-0.77341247,-1.0,0.36970407,0.36970407,0.98231757,0.7910949
86.631,3.4766,13.7821,0.2180,2.0,22.0,1.399999976158142,-0.7762896,-1.0,0.34043354,0.34043354,0.9788051,0.79748446,-0.7762896,-1.0,0.34043354,0.34043354,0.9788051,0.79748446
86.681,3.4748,13.8224,0.2181,2.0,22.0,1.399999976158142,-0.7810529,-1.0,0.356937,0.356937,0.98210764,0.79894525,-0.7810529,-1.0,0.356937,0.356937,0.98210764,0.79894525
86.732,3.4740,13.8397,0.2182,2.0,22.0,1.399999976158142,-0.7832933,-1.0,0.36254546,0.36254546,0.9819493,0.801344,-0.7832933,-1.0,0.36254546,0.36254546,0.9819493,0.801344
86.782,3.4722,13.8801,0.2183,2.0,22.0,1.399999976158142,-0.78175294,-1.0,0.36101106,0.36101106,0.9820447,0.79970825,-0.78175294,-1.0,0.36101106,0.36101106,0.9820447,0.79970825
86.831,3.4713,13.8974,0.2183,2.0,22.0,1.399999976158142,-0.7839808,-1.0,0.36714232,0.36714232,0.9818128,0.802168,-0.7839808,-1.0,0.36714232,0.36714232,0.9818128,0.802168
86.882,3.4694,13.9378,0.2184,2.0,22.0,1.399999976158142,-0.78243756,-1.0,0.36554304,0.36554304,0.9819156,0.8005219,-0.78243756,-1.0,0.36554304,0.36554304,0.9819156,0.8005219
86.932,3.4685,13.9551,0.2184,2.0,22.0,1.399999976158142,-0.78467727,-1.0,0.37176022,0.37176022,0.9816684,0.80300885,-0.78467727,-1.0,0.37176022,0.37176022,0.9816684,0.80300885
86.982,3.4665,13.9956,0.2185,2.0,22.0,1.399999976158142,-0.7831123,-1.0,0.37013206,0.37013206,0.9817864,0.8013259,-0.7831123,-1.0,0.37013206,0.37013206,0.9817864,0.8013259
87.032,3.4656,14.0129,0.2185,2.0,22.0,1.399999976158142,-0.7853399,-1.0,0.3764617,0.3764617,0.9815357,0.8038042,-0.7853399,-1.0,0.3764617,0.3764617,0.9815357,0.8038042
87.081,3.4635,14.0534,0.2186,2.0,22.0,1.399999976158142,-0.7837831,-1.0,0.37479907,0.37479907,0.9816581,0.802125,-0.7837831,-1.0,0.37479907,0.37479907,0.9816581,0.802125
87.132,3.4625,14.0708,0.2186,2.0,22.0,1.399999976158142,-0.7859978,-1.0,0.38124412,0.38124412,0.98140603,0.8045918,-0.7859978,-1.0,0.38124412,0.38124412,0.98140603,0.8045918
87.182,3.4603,14.1114,0.2187,2.0,22.0,1.399999976158142,-0.7844323,-1.0,0.37951025,0.37951025,0.9815317,0.8029006,-0.7844323,-1.0,0.37951025,0.37951025,0.9815317,0.8029006
87.232,3.4594,14.1288,0.2187,2.0,22.0,1.399999976158142,-0.78664446,-1.0,0.3860884,0.3860884,0.9812773,0.8053672,-0.78664446,-1.0,0.3860884,0.3860884,0.9812773,0.8053672
87.281,3.4571,14.1694,0.2188,2.0,22.0,1.399999976158142,-0.78508496,-1.0,0.38430375,0.38430375,0.9814046,0.80368036,-0.78508496,-1.0,0.38430375,0.38430375,0.9814046,0.80368036
87.331,3.4561,14.1868,0.2189,2.0,22.0,1.399999976158142,-0.78728247,-1.0,0.39099985,0.39099985,0.98115134,0.8061311,-0.78728247,-1.0,0.39099985,0.39099985,0.98115134,0.8061311
87.381,3.4538,14.2274,0.2190,2.0,22.0,1.399999976158142,-0.78573036,-1.0,0.3891521,0.3891521,0.9812777,0.80445266,-0.78573036,-1.0,0.3891521,0.3891521,0.9812777,0.80445266
87.432,3.4527,14.2448,0.2191,2.0,22.0,1.399999976158142,-0.78789985,-1.0,0.395939,0.395939,0.98102695,0.8068729,-0.78789985,-1.0,0.395939,0.395939,0.98102695,0.8068729
87.482,3.4503,14.2855,0.2192,2.0,22.0,1.399999976158142,-0.78636473,-1.0,0.39406526,0.39406526,0.9811528,0.80521196,-0.78636473,-1.0,0.39406526,0.39406526,0.9811528,0.80521196
87.532,3.4493,14.3030,0.2193,2.0,22.0,1.399999976158142,-0.78851515,-1.0,0.4009447,0.4009447,0.9809025,0.80761266,-0.78851515,-1.0,0.4009447,0.4009447,0.9809025,0.80761266
87.582,3.4468,14.3437,0.2194,2.0,22.0,1.399999976158142,-0.78699446,-1.0,0.3990359,0.3990359,0.9810268,0.8059676,-0.78699446,-1.0,0.3990359,0.3990359,0.9810268,0.8059676
87.632,3.4457,14.3611,0.2195,2.0,22.0,1.399999976158142,-0.7893124,-1.0,0.36739722,0.36739722,0.977251,0.8120614,-0.7893124,-1.0,0.36739722,0.36739722,0.977251,0.8120614
87.682,3.4431,14.4019,0.2197,2.0,22.0,1.399999976158142,-0.7942338,-1.0,0.38549215,0.38549215,0.98081374,0.81342006,-0.7942338,-1.0,0.38549215,0.38549215,0.98081374,0.81342006
87.731,3.4420,14.4193,0.2198,2.0,22.0,1.399999976158142,-0.7963107,-1.0,0.39171514,0.39171514,0.980695,0.8156157,-0.7963107,-1.0,0.39171514,0.39171514,0.980695,0.8156157
87.782,3.4394,14.4601,0.2199,2.0,22.0,1.399999976158142,-0.79497176,-1.0,0.39009523,0.39009523,0.98076886,0.8142029,-0.79497176,-1.0,0.39009523,0.39009523,0.98076886,0.8142029
87.832,3.4382,14.4776,0.2199,2.0,22.0,1.399999976158142,-0.79695296,-1.0,0.3969763,0.3969763,0.9805776,0.8163754,-0.79695296,-1.0,0.3969763,0.3969763,0.9805776,0.8163754
87.882,3.4355,14.5184,0.2201,2.0,22.0,1.399999976158142,-0.7955283,-1.0,0.39511102,0.39511102,0.9806611,0.81486726,-0.7955283,-1.0,0.39511102,0.39511102,0.9806611,0.81486726
87.931,3.4343,14.5359,0.2201,2.0,22.0,1.399999976158142,-0.7975889,-1.0,0.4022584,0.4022584,0.98045015,0.81713873,-0.7975889,-1.0,0.4022584,0.4022584,0.98045015,0.81713873
87.981,3.4315,14.5768,0.2203,2.0,22.0,1.399999976158142,-0.79613155,-1.0,0.4002865,0.4002865,0.9805458,0.8155857,-0.79613155,-1.0,0.4002865,0.4002865,0.9805458,0.8155857
88.031,3.4302,14.5943,0.2203,2.0,22.0,1.399999976158142,-0.79817694,-1.0,0.40756327,0.40756327,0.9803329,0.81784403,-0.79817694,-1.0,0.40756327,0.40756327,0.9803329,0.81784403
88.082,3.4273,14.6352,0.2204,2.0,22.0,1.399999976158142,-0.79671264,-1.0,0.40553257,0.40553257,0.9804349,0.8162778,-0.79671264,-1.0,0.40553257,0.40553257,0.9804349,0.8162778
88.131,3.4261,14.6528,0.2205,2.0,22.0,1.399999976158142,-0.7987422,-1.0,0.41295487,0.41295487,0.98022276,0.8185195,-0.7987422,-1.0,0.41295487,0.41295487,0.98022276,0.8185195
88.182,3.4231,14.6937,0.2206,2.0,22.0,1.399999976158142,-0.7972966,-1.0,0.41087675,0.41087675,0.98032373,0.81697285,-0.7972966,-1.0,0.41087675,0.41087675,0.98032373,0.81697285
88.232,3.4218,14.7113,0.2207,2.0,22.0,1.399999976158142,-0.79928184,-1.0,0.41839147,0.41839147,0.9801175,0.81916434,-0.79928184,-1.0,0.41839147,0.41839147,0.9801175,0.81916434
88.282,3.4188,14.7523,0.2209,2.0,22.0,1.399999976158142,-0.79785264,-1.0,0.41628122,0.41628122,0.9802177,0.81763494,-0.79785264,-1.0,0.41628122,0.41628122,0.9802177,0.81763494
88.332,3.4174,14.7699,0.2209,2.0,22.0,1.399999976158142,-0.7998153,-1.0,0.42394695,0.42394695,0.98001754,0.81979775,-0.7998153,-1.0,0.42394695,0.42394695,0.98001754,0.81979775
88.382,3.4143,14.8109,0.2211,2.0,22.0,1.399999976158142,-0.7983936,-1.0,0.42176136,0.42176136,0.9801155,0.81827813,-0.7983936,-1.0,0.42176136,0.42176136,0.9801155,0.81827813
88.431,3.4130,14.8285,0.2212,2.0,22.0,1.399999976158142,-0.8002568,-1.0,0.4293961,0.4293961,0.9799275,0.8203293,-0.8002568,-1.0,0.4293961,0.4293961,0.9799275,0.8203293
88.482,3.4098,14.8695,0.2214,2.0,22.0,1.399999976158142,-0.79896295,-1.0,0.42741627,0.42741627,0.9800115,0.8189515,-0.79896295,-1.0,0.42741627,0.42741627,0.9800115,0.8189515
88.532,3.4084,14.8871,0.2215,2.0,22.0,1.399999976158142,-0.80083233,-1.0,0.43521154,0.43521154,0.9798255,0.82100683,-0.80083233,-1.0,0.43521154,0.43521154,0.9798255,0.82100683
88.581,3.4051,14.9282,0.2218,2.0,22.0,1.399999976158142,-0.7994552,-1.0,0.43294454,0.43294454,0.9799136,0.81954163,-0.7994552,-1.0,0.43294454,0.43294454,0.9799136,0.81954163
88.631,3.4037,14.9458,0.2219,2.0,22.0,1.399999976158142,-0.80110705,-1.0,0.39842647,0.39842647,0.97586405,0.825243,-0.80110705,-1.0,0.39842647,0.39842647,0.97586405,0.825243
88.682,3.4004,14.9868,0.2221,2.0,22.0,1.399999976158142,-0.80612916,-1.0,0.41850793,0.41850793,0.97971416,0.826415,-0.80612916,-1.0,0.41850793,0.41850793,0.97971416,0.826415
88.731,3.3990,15.0045,0.2222,2.0,22.0,1.399999976158142,-0.80809367,-1.0,0.42567775,0.42567775,0.97967595,0.8284178,-0.80809367,-1.0,0.42567775,0.42567775,0.97967595,0.8284178
88.781,3.3956,15.0456,0.2224,2.0,22.0,1.399999976158142,-0.80680436,-1.0,0.4235101,0.4235101,0.9797139,0.82709044,-0.80680436,-1.0,0.4235101,0.4235101,0.9797139,0.82709044
88.832,3.3941,15.0632,0.2225,2.0,22.0,1.399999976158142,-0.80861807,-1.0,0.43155456,0.43155456,0.97957706,0.82904106,-0.80861807,-1.0,0.43155456,0.43155456,0.97957706,0.82904106
88.881,3.3906,15.1043,0.2227,2.0,22.0,1.399999976158142,-0.80732346,-1.0,0.42929298,0.42929298,0.97961986,0.8277036,-0.80732346,-1.0,0.42929298,0.42929298,0.97961986,0.8277036
88.931,3.3891,15.1220,0.2227,2.0,22.0,1.399999976158142,-0.80919075,-1.0,0.4375642,0.4375642,0.97946274,0.82972807,-0.80919075,-1.0,0.4375642,0.4375642,0.97946274,0.82972807
88.982,3.3855,15.1632,0.2229,2.0,22.0,1.399999976158142,-0.8078482,-1.0,0.43519193,0.43519193,0.97952574,0.8283225,-0.8078482,-1.0,0.43519193,0.43519193,0.97952574,0.8283225
89.032,3.3839,15.1808,0.2230,2.0,22.0,1.399999976158142,-0.8097115,-1.0,0.443657,0.443657,0.979367,0.83034444,-0.8097115,-1.0,0.443657,0.443657,0.979367,0.83034444
89.082,3.3803,15.2220,0.2231,2.0,22.0,1.399999976158142,-0.80836296,-1.0,0.44119665,0.44119665,0.9794353,0.82892764,-0.80836296,-1.0,0.44119665,0.44119665,0.9794353,0.82892764
89.132,3.3787,15.2397,0.2232,2.0,22.0,1.399999976158142,-0.81019825,-1.0,0.44980976,0.44980976,0.97928005,0.8309182,-0.81019825,-1.0,0.44980976,0.44980976,0.97928005,0.8309182
89.183,3.3750,15.2809,0.2234,2.0,22.0,1.399999976158142,-0.8088703,-1.0,0.44730562,0.44730562,0.97934663,0.8295237,-0.8088703,-1.0,0.44730562,0.44730562,0.97934663,0.8295237
89.233,3.3734,15.2986,0.2235,2.0,22.0,1.399999976158142,-0.81070244,-1.0,0.45608273,0.45608273,0.9791883,0.8315141,-0.81070244,-1.0,0.45608273,0.45608273,0.9791883,0.8315141
89.283,3.3696,15.3399,0.2237,2.0,22.0,1.399999976158142,-0.80937535,-1.0,0.4534968,0.4534968,0.9792558,0.83011955,-0.80937535,-1.0,0.4534968,0.4534968,0.9792558,0.83011955
89.333,3.3679,15.3576,0.2238,2.0,22.0,1.399999976158142,-0.81120634,-1.0,0.46246973,0.46246973,0.97909814,0.8321082,-0.81120634,-1.0,0.46246973,0.46246973,0.97909814,0.8321082
89.382,3.3640,15.3989,0.2240,2.0,22.0,1.399999976158142,-0.8098756,-1.0,0.45978773,0.45978773,0.97916675,0.83070886,-0.8098756,-1.0,0.45978773,0.45978773,0.97916675,0.83070886
89.432,3.3624,15.4166,0.2241,2.0,22.0,1.399999976158142,-0.8117033,-1.0,0.46893588,0.46893588,0.9790092,0.8326941,-0.8117033,-1.0,0.46893588,0.46893588,0.9790092,0.8326941
89.482,3.3584,15.4579,0.2244,2.0,22.0,1.399999976158142,-0.8103877,-1.0,0.46619496,0.46619496,0.9790761,0.8313116,-0.8103877,-1.0,0.46619496,0.46619496,0.9790761,0.8313116
89.533,3.3567,15.4756,0.2245,2.0,22.0,1.399999976158142,-0.81219125,-1.0,0.4754442,0.4754442,0.9789203,0.83327097,-0.81219125,-1.0,0.4754442,0.4754442,0.9789203,0.83327097
89.582,3.3527,15.5169,0.2248,2.0,22.0,1.399999976158142,-0.81088036,-1.0,0.472656,0.472656,0.97898734,0.8318931,-0.81088036,-1.0,0.472656,0.472656,0.97898734,0.8318931
89.632,3.3510,15.5346,0.2249,2.0,22.0,1.399999976158142,-0.8119074,-1.0,0.43486324,0.43486324,0.97470826,0.83719915,-0.8119074,-1.0,0.43486324,0.43486324,0.97470826,0.83719915
89.683,3.3469,15.5760,0.2252,2.0,22.0,1.399999976158142,-0.8170659,-1.0,0.45732206,0.45732206,0.9787932,0.83827263,-0.8170659,-1.0,0.45732206,0.45732206,0.9787932,0.83827263
89.733,3.3452,15.5937,0.2253,2.0,22.0,1.399999976158142,-0.8189172,-1.0,0.46578208,0.46578208,0.9788174,0.8400998,-0.8189172,-1.0,0.46578208,0.46578208,0.9788174,0.8400998
89.782,3.3410,15.6350,0.2256,2.0,22.0,1.399999976158142,-0.81776434,-1.0,0.46290573,0.46290573,0.97883075,0.8389336,-0.81776434,-1.0,0.46290573,0.46290573,0.97883075,0.8389336
89.832,3.3392,15.6528,0.2257,2.0,22.0,1.399999976158142,-0.81946325,-1.0,0.4723454,0.4723454,0.9787442,0.84071904,-0.81946325,-1.0,0.4723454,0.4723454,0.9787442,0.84071904
89.882,3.3350,15.6941,0.2259,2.0,22.0,1.399999976158142,-0.81823635,-1.0,0.46957996,0.46957996,0.9787582,0.8394781,-0.81823635,-1.0,0.46957996,0.46957996,0.9787582,0.8394781
89.933,3.3332,15.7119,0.2260,2.0,22.0,1.399999976158142,-0.81999606,-1.0,0.47937232,0.47937232,0.97865725,0.84133875,-0.81999606,-1.0,0.47937232,0.47937232,0.97865725,0.84133875
89.983,3.3289,15.7533,0.2262,2.0,22.0,1.399999976158142,-0.81873894,-1.0,0.47639573,0.47639573,0.9786784,0.8400605,-0.81873894,-1.0,0.47639573,0.47639573,0.9786784,0.8400605
90.032,3.3245,15.7947,0.2265,2.0,22.0,1.399999976158142,-0.82057077,-1.0,0.48636124,0.48636124,0.97853774,0.842033,-0.82057077,-1.0,0.48636124,0.48636124,0.97853774,0.842033
90.082,3.3226,15.8124,0.2266,2.0,22.0,1.399999976158142,-0.82102937,-1.0,0.49078125,0.49078125,0.9784703,0.8425591,-0.82102937,-1.0,0.49078125,0.49078125,0.9784703,0.8425591
90.133,3.3207,15.8302,0.2267,2.0,22.0,1.399999976158142,-0.81975424,-1.0,0.48783615,0.48783615,0.9785256,0.84122866,-0.81975424,-1.0,0.48783615,0.48783615,0.9785256,0.84122866
90.183,3.3162,15.8716,0.2270,2.0,22.0,1.399999976158142,-0.8197798,-1.0,0.49039233,0.49039233,0.9785054,0.84127444,-0.8197798,-1.0,0.49039233,0.49039233,0.9785054,0.84127444
90.233,3.3143,15.8894,0.2271,2.0,22.0,1.399999976158142,-0.82153755,-1.0,0.5007653,0.5007653,0.97839004,0.8431475,-0.82153755,-1.0,0.5007653,0.5007653,0.97839004,0.8431475
90.283,3.3098,15.9309,0.2274,2.0,22.0,1.399999976158142,-0.82024777,-1.0,0.49756545,0.49756545,0.9784391,0.8418087,-0.82024777,-1.0,0.49756545,0.49756545,0.9784391,0.8418087
90.333,3.3078,15.9486,0.2275,2.0,22.0,1.399999976158142,-0.82196087,-1.0,0.5081276,0.5081276,0.9783402,0.84362066,-0.82196087,-1.0,0.5081276,0.5081276,0.9783402,0.84362066
90.382,3.3032,15.9901,0.2279,2.0,22.0,1.399999976158142,-0.8207031,-1.0,0.50485754,0.50485754,0.9783774,0.8423257,-0.8207031,-1.0,0.50485754,0.50485754,0.9783774,0.8423257
90.433,3.3013,16.0079,0.2280,2.0,22.0,1.399999976158142,-0.8223898,-1.0,0.5155939,0.5155939,0.9782873,0.84410256,-0.8223898,-1.0,0.5155939,0.5155939,0.9782873,0.84410256
90.482,3.2966,16.0493,0.2284,2.0,22.0,1.399999976158142,-0.8211542,-1.0,0.51225394,0.51225394,0.978316,0.84283817,-0.8211542,-1.0,0.51225394,0.51225394,0.978316,0.84283817
90.532,3.2946,16.0671,0.2286,2.0,22.0,1.399999976158142,-0.82284606,-1.0,0.52321196,0.52321196,0.9782266,0.8446195,-0.82284606,-1.0,0.52321196,0.52321196,0.9782266,0.8446195
90.582,3.2899,16.1086,0.2290,2.0,22.0,1.399999976158142,-0.82161397,-1.0,0.51976633,0.51976633,0.978252,0.843362,-0.82161397,-1.0,0.51976633,0.51976633,0.978252,0.843362
90.632,3.2878,16.1264,0.2292,2.0,22.0,1.399999976158142,-0.82217187,-1.0,0.47864926,0.47864926,0.9738911,0.8482808,-0.82217187,-1.0,0.47864926,0.47864926,0.9738911,0.8482808
90.682,3.2830,16.1678,0.2296,2.0,22.0,1.399999976158142,-0.8273593,-1.0,0.50361735,0.50361735,0.9780765,0.8492828,-0.8273593,-1.0,0.50361735,0.50361735,0.9780765,0.8492828
90.733,3.2810,16.1856,0.2298,2.0,22.0,1.399999976158142,-0.8290316,-1.0,0.51355064,0.51355064,0.9782009,0.85083073,-0.8290316,-1.0,0.51355064,0.51355064,0.9782009,0.85083073
90.782,3.2761,16.2271,0.2301,2.0,22.0,1.399999976158142,-0.8280138,-1.0,0.5097831,0.5097831,0.9781747,0.8498391,-0.8280138,-1.0,0.5097831,0.5097831,0.9781747,0.8498391
90.833,3.2740,16.2449,0.2303,2.0,22.0,1.399999976158142,-0.8296029,-1.0,0.52104264,0.52104264,0.9781781,0.8514248,-0.8296029,-1.0,0.52104264,0.52104264,0.9781781,0.8514248
90.883,3.2690,16.2863,0.2306,2.0,22.0,1.399999976158142,-0.8284432,-1.0,0.5175462,0.5175462,0.97813576,0.8503074,-0.8284432,-1.0,0.5175462,0.5175462,0.97813576,0.8503074
90.932,3.2669,16.3041,0.2308,2.0,22.0,1.399999976158142,-0.83008057,-1.0,0.5291155,0.5291155,0.97811824,0.8519623,-0.83008057,-1.0,0.5291155,0.5291155,0.97811824,0.8519623
90.983,3.2619,16.3456,0.2311,2.0,22.0,1.399999976158142,-0.8288917,-1.0,0.5254969,0.5254969,0.97809416,0.85079753,-0.8288917,-1.0,0.5254969,0.5254969,0.97809416,0.85079753
91.032,3.2597,16.3634,0.2313,2.0,22.0,1.399999976158142,-0.830545,-1.0,0.53732747,0.53732747,0.9780669,0.8524781,-0.830545,-1.0,0.53732747,0.53732747,0.9780669,0.8524781
91.082,3.2546,16.4049,0.2317,2.0,22.0,1.399999976158142,-0.82934237,-1.0,0.5336002,0.5336002,0.9780532,0.8512891,-0.82934237,-1.0,0.5336002,0.5336002,0.9780532,0.8512891
91.132,3.2524,16.4227,0.2318,2.0,22.0,1.399999976158142,-0.83100694,-1.0,0.5456827,0.5456827,0.97801906,0.8529879,-0.83100694,-1.0,0.5456827,0.5456827,0.97801906,0.8529879
91.182,3.2473,16.4642,0.2322,2.0,22.0,1.399999976158142,-0.8298032,-1.0,0.5418511,0.5418511,0.9780081,0.85179514,-0.8298032,-1.0,0.5418511,0.5418511,0.9780081,0.85179514
91.232,3.2450,16.4820,0.2324,2.0,22.0,1.399999976158142,-0.831478,-1.0,0.5542243,0.5542243,0.9779732,0.8535048,-0.831478,-1.0,0.5542243,0.5542243,0.9779732,0.8535048
91.282,3.2398,16.5235,0.2328,2.0,22.0,1.399999976158142,-0.8302635,-1.0,0.55025333,0.55025333,0.9779658,0.8522977,-0.8302635,-1.0,0.55025333,0.55025333,0.9779658,0.8522977
91.332,3.2375,16.5413,0.2330,2.0,22.0,1.399999976158142,-0.8319182,-1.0,0.5628663,0.5628663,0.97794133,0.8539768,-0.8319182,-1.0,0.5628663,0.5628663,0.97794133,0.8539768
91.382,3.2322,16.5828,0.2335,2.0,22.0,1.399999976158142,-0.8307106,-1.0,0.55880773,0.55880773,0.97793186,0.85277873,-0.8307106,-1.0,0.55880773,0.55880773,0.97793186,0.85277873
91.432,3.2300,16.6006,0.2337,2.0,22.0,1.399999976158142,-0.83236486,-1.0,0.5716675,0.5716675,0.9779102,0.8544546,-0.83236486,-1.0,0.5716675,0.5716675,0.9779102,0.8544546
91.482,3.2246,16.6421,0.2342,2.0,22.0,1.399999976158142,-0.83117,-1.0,0.56750834,0.56750834,0.9778937,0.8532763,-0.83117,-1.0,0.56750834,0.56750834,0.9778937,0.8532763
91.533,3.2223,16.6599,0.2345,2.0,22.0,1.399999976158142,-0.8328376,-1.0,0.58065695,0.58065695,0.97787404,0.8549636,-0.8328376,-1.0,0.58065695,0.58065695,0.97787404,0.8549636
91.583,3.2169,16.7014,0.2351,2.0,22.0,1.399999976158142,-0.8316259,-1.0,0.57633966,0.57633966,0.9778597,0.8537662,-0.8316259,-1.0,0.57633966,0.57633966,0.9778597,0.8537662
91.633,3.2145,16.7191,0.2354,2.0,22.0,1.399999976158142,-0.8316938,-1.0,0.5305668,0.5305668,0.9733507,0.8583431,-0.8316938,-1.0,0.5305668,0.5305668,0.9733507,0.8583431
91.683,3.2091,16.7606,0.2359,2.0,22.0,1.399999976158142,-0.8369422,-1.0,0.55892146,0.55892146,0.9777123,0.8592299,-0.8369422,-1.0,0.55892146,0.55892146,0.9777123,0.8592299
91.733,3.2067,16.7784,0.2362,2.0,22.0,1.399999976158142,-0.83857554,-1.0,0.5712062,0.5712062,0.9779671,0.8606085,-0.83857554,-1.0,0.5712062,0.5712062,0.9779671,0.8606085
91.783,3.2011,16.8198,0.2367,2.0,22.0,1.399999976158142,-0.83768046,-1.0,0.56610817,0.56610817,0.97789186,0.8597886,-0.83768046,-1.0,0.56610817,0.56610817,0.97789186,0.8597886
91.833,3.1987,16.8376,0.2369,2.0,22.0,1.399999976158142,-0.8391894,-1.0,0.5795897,0.5795897,0.9780171,0.8611723,-0.8391894,-1.0,0.5795897,0.5795897,0.9780171,0.8611723
91.883,3.1931,16.8790,0.2374,2.0,22.0,1.399999976158142,-0.83808714,-1.0,0.57527333,0.57527333,0.97790205,0.8601851,-0.83808714,-1.0,0.57527333,0.57527333,0.97790205,0.8601851
91.932,3.1874,16.9205,0.2380,2.0,22.0,1.399999976158142,-0.83964926,-1.0,0.5891503,0.5891503,0.9780065,0.8616428,-0.83964926,-1.0,0.5891503,0.5891503,0.9780065,0.8616428
91.983,3.1850,16.9382,0.2382,2.0,22.0,1.399999976158142,-0.8400689,-1.0,0.5953823,0.5953823,0.9780042,0.86206466,-0.8400689,-1.0,0.5953823,0.5953823,0.9780042,0.86206466
92.032,3.1825,16.9560,0.2384,2.0,22.0,1.399999976158142,-0.8389219,-1.0,0.5907648,0.5907648,0.97791123,0.8610107,-0.8389219,-1.0,0.5907648,0.5907648,0.97791123,0.8610107
92.083,3.1767,16.9974,0.2390,2.0,22.0,1.399999976158142,-0.83895284,-1.0,0.59421164,0.59421164,0.97791356,0.86103934,-0.83895284,-1.0,0.59421164,0.59421164,0.97791356,0.86103934
92.132,3.1742,17.0152,0.2392,2.0,22.0,1.399999976158142,-0.8405512,-1.0,0.60883033,0.60883033,0.97801495,0.86253625,-0.8405512,-1.0,0.60883033,0.60883033,0.97801495,0.86253625
92.183,3.1684,17.0566,0.2398,2.0,22.0,1.399999976158142,-0.83938015,-1.0,0.6040227,0.6040227,0.97793406,0.8614461,-0.83938015,-1.0,0.6040227,0.6040227,0.97793406,0.8614461
92.233,3.1659,17.0744,0.2401,2.0,22.0,1.399999976158142,-0.84100133,-1.0,0.6190416,0.6190416,0.9780382,0.86296314,-0.84100133,-1.0,0.6190416,0.6190416,0.9780382,0.86296314
92.282,3.1600,17.1158,0.2407,2.0,22.0,1.399999976158142,-0.8398182,-1.0,0.61397624,0.61397624,0.97795,0.8618682,-0.8398182,-1.0,0.61397624,0.61397624,0.97795,0.8618682
92.332,3.1574,17.1336,0.2410,2.0,22.0,1.399999976158142,-0.84144217,-1.0,0.6293048,0.6293048,0.97806025,0.86338186,-0.84144217,-1.0,0.6293048,0.6293048,0.97806025,0.86338186
92.383,3.1514,17.1750,0.2417,2.0,22.0,1.399999976158142,-0.84025985,-1.0,0.62413937,0.62413937,0.9779715,0.86228836,-0.84025985,-1.0,0.62413937,0.62413937,0.9779715,0.86228836
92.433,3.1489,17.1927,0.2420,2.0,22.0,1.399999976158142,-0.8418705,-1.0,0.63967985,0.63967985,0.9780892,0.8637812,-0.8418705,-1.0,0.63967985,0.63967985,0.9780892,0.8637812
92.482,3.1428,17.2341,0.2428,2.0,22.0,1.399999976158142,-0.8407089,-1.0,0.63451797,0.63451797,0.97799724,0.86271167,-0.8407089,-1.0,0.63451797,0.63451797,0.97799724,0.86271167
92.533,3.1402,17.2518,0.2432,2.0,22.0,1.399999976158142,-0.8423381,-1.0,0.650473,0.650473,0.9781289,0.8642092,-0.8423381,-1.0,0.650473,0.650473,0.9781289,0.8642092
92.583,3.1342,17.2932,0.2441,2.0,22.0,1.399999976158142,-0.84114355,-1.0,0.64497185,0.64497185,0.97802854,0.863115,-0.84114355,-1.0,0.64497185,0.64497185,0.97802854,0.863115
92.632,3.1315,17.3109,0.2445,2.0,22.0,1.399999976158142,-0.8408496,-1.0,0.59392804,0.59392804,0.97349566,0.8673539,-0.8408496,-1.0,0.59392804,0.59392804,0.97349566,0.8673539
92.683,3.1254,17.3522,0.2453,2.0,22.0,1.399999976158142,-0.8460737,-1.0,0.6264772,0.6264772,0.977939,0.8681347,-0.8460737,-1.0,0.6264772,0.6264772,0.977939,0.8681347
92.733,3.1227,17.3699,0.2456,2.0,22.0,1.399999976158142,-0.84765923,-1.0,0.6414633,0.6414633,0.9784007,0.8692585,-0.84765923,-1.0,0.6414633,0.6414633,0.9784007,0.8692585
92.782,3.1165,17.4112,0.2465,2.0,22.0,1.399999976158142,-0.8468161,-1.0,0.63498974,0.63498974,0.97822106,0.868595,-0.8468161,-1.0,0.63498974,0.63498974,0.97822106,0.868595
92.833,3.1138,17.4289,0.2468,2.0,22.0,1.399999976158142,-0.848413,-1.0,0.6511383,0.6511383,0.9785463,0.8698666,-0.848413,-1.0,0.6511383,0.6511383,0.9785463,0.8698666
92.883,3.1076,17.4702,0.2476,2.0,22.0,1.399999976158142,-0.84731406,-1.0,0.6456375,0.6456375,0.97832155,0.8689925,-0.84731406,-1.0,0.6456375,0.6456375,0.97832155,0.8689925
92.933,3.1048,17.4878,0.2480,2.0,22.0,1.399999976158142,-0.84888643,-1.0,0.6625544,0.6625544,0.9786102,0.8702762,-0.84888643,-1.0,0.6625544,0.6625544,0.9786102,0.8702762
92.982,3.0985,17.5291,0.2488,2.0,22.0,1.399999976158142,-0.8477562,-1.0,0.6568891,0.6568891,0.97840756,0.86934865,-0.8477562,-1.0,0.6568891,0.6568891,0.97840756,0.86934865
93.033,3.0958,17.5467,0.2491,2.0,22.0,1.399999976158142,-0.8493825,-1.0,0.6743423,0.6743423,0.9786886,0.8706939,-0.8493825,-1.0,0.6743423,0.6743423,0.9786886,0.8706939
93.082,3.0893,17.5879,0.2500,2.0,22.0,1.399999976158142,-0.84820324,-1.0,0.6683194,0.6683194,0.97849387,0.8697094,-0.84820324,-1.0,0.6683194,0.6683194,0.97849387,0.8697094
93.133,3.0866,17.6056,0.2504,2.0,22.0,1.399999976158142,-0.8498803,-1.0,0.6863605,0.6863605,0.97877663,0.87110364,-0.8498803,-1.0,0.6863605,0.6863605,0.97877663,0.87110364
93.183,3.0801,17.6468,0.2513,2.0,22.0,1.399999976158142,-0.84867764,-1.0,0.6800736,0.6800736,0.9785836,0.87009406,-0.84867764,-1.0,0.6800736,0.6800736,0.9785836,0.87009406
93.233,3.0773,17.6644,0.2517,2.0,22.0,1.399999976158142,-0.8503773,-1.0,0.6984895,0.6984895,0.9788659,0.8715114,-0.8503773,-1.0,0.6984895,0.6984895,0.9788659,0.8715114
93.283,3.0707,17.7056,0.2528,2.0,22.0,1.399999976158142,-0.84916717,-1.0,0.6920743,0.6920743,0.97867566,0.8704915,-0.84916717,-1.0,0.6920743,0.6920743,0.97867566,0.8704915
93.332,3.0679,17.7232,0.2532,2.0,22.0,1.399999976158142,-0.8508885,-1.0,0.71092707,0.71092707,0.97896945,0.87191904,-0.8508885,-1.0,0.71092707,0.71092707,0.97896945,0.87191904
93.382,3.0613,17.7644,0.2543,2.0,22.0,1.399999976158142,-0.8496679,-1.0,0.70431006,0.70431006,0.9787741,0.87089384,-0.8496679,-1.0,0.70431006,0.70431006,0.9787741,0.87089384
93.432,3.0584,17.7820,0.2548,2.0,22.0,1.399999976158142,-0.85140944,-1.0,0.72352606,0.72352606,0.9790748,0.87233466,-0.85140944,-1.0,0.72352606,0.72352606,0.9790748,0.87233466
93.483,3.0518,17.8231,0.2560,2.0,22.0,1.399999976158142,-0.85018045,-1.0,0.7167595,0.7167595,0.97887564,0.8713048,-0.85018045,-1.0,0.7167595,0.7167595,0.97887564,0.8713048
93.532,3.0489,17.8407,0.2566,2.0,22.0,1.399999976158142,-0.8519539,-1.0,0.7363901,0.7363901,0.9791838,0.87277013,-0.8519539,-1.0,0.7363901,0.7363901,0.9791838,0.87277013
93.583,3.0421,17.8818,0.2580,2.0,22.0,1.399999976158142,-0.8507098,-1.0,0.72945,0.72945,0.97898245,0.87172735,-0.8507098,-1.0,0.72945,0.72945,0.97898245,0.87172735
93.633,3.0393,17.8994,0.2586,2.0,22.0,1.399999976158142,-0.85018605,-1.0,0.67195964,0.67195964,0.9745684,0.8756176,-0.85018605,-1.0,0.67195964,0.67195964,0.9745684,0.8756176
93.682,3.0325,17.9404,0.2599,2.0,22.0,1.399999976158142,-0.8553678,-1.0,0.70979506,0.70979506,0.9789625,0.87640536,-0.8553678,-1.0,0.70979506,0.70979506,0.9789625,0.87640536
93.732,3.0296,17.9579,0.2604,2.0,22.0,1.399999976158142,-0.8571057,-1.0,0.7284139,0.7284139,0.97968554,0.8774201,-0.8571057,-1.0,0.7284139,0.7284139,0.97968554,0.8774201
93.782,3.0227,17.9988,0.2617,2.0,22.0,1.399999976158142,-0.85615915,-1.0,0.7202709,0.7202709,0.9793757,0.87678343,-0.85615915,-1.0,0.7202709,0.7202709,0.9793757,0.87678343
93.833,3.0198,18.0164,0.2623,2.0,22.0,1.399999976158142,-0.858083,-1.0,0.7394987,0.7394987,0.97996914,0.8781138,-0.858083,-1.0,0.7394987,0.7394987,0.97996914,0.8781138
93.882,3.0128,18.0572,0.2636,2.0,22.0,1.399999976158142,-0.85689723,-1.0,0.73238504,0.73238504,0.97959644,0.87730086,-0.85689723,-1.0,0.73238504,0.73238504,0.97959644,0.87730086
93.932,3.0099,18.0747,0.2642,2.0,22.0,1.399999976158142,-0.858695,-1.0,0.753416,0.753416,0.98012394,0.87857103,-0.858695,-1.0,0.753416,0.753416,0.98012394,0.87857103
93.982,3.0029,18.1156,0.2655,2.0,22.0,1.399999976158142,-0.8574541,-1.0,0.74599487,0.74599487,0.97977865,0.8776755,-0.8574541,-1.0,0.74599487,0.74599487,0.97977865,0.8776755
94.032,2.9999,18.1331,0.2661,2.0,22.0,1.399999976158142,-0.8593172,-1.0,0.76758665,0.76758665,0.98028964,0.87902755,-0.8593172,-1.0,0.76758665,0.76758665,0.98028964,0.87902755
94.082,2.9928,18.1739,0.2676,2.0,22.0,1.399999976158142,-0.8580346,-1.0,0.75990623,0.75990623,0.9799631,0.8780715,-0.8580346,-1.0,0.75990623,0.75990623,0.9799631,0.8780715
94.133,2.9898,18.1914,0.2682,2.0,22.0,1.399999976158142,-0.859936,-1.0,0.78197116,0.78197116,0.98047286,0.87946314,-0.859936,-1.0,0.78197116,0.78197116,0.98047286,0.87946314
94.183,2.9827,18.2322,0.2698,2.0,22.0,1.399999976158142,-0.858639,-1.0,0.77417386,0.77417386,0.980157,0.878482,-0.858639,-1.0,0.77417386,0.77417386,0.980157,0.878482
94.232,2.9796,18.2496,0.2705,2.0,22.0,1.399999976158142,-0.8606223,-1.0,0.7970688,0.7970688,0.9806852,0.8799371,-0.8606223,-1.0,0.7970688,0.7970688,0.9806852,0.8799371
94.282,2.9724,18.2904,0.2722,2.0,22.0,1.399999976158142,-0.8592583,-1.0,0.78864056,0.78864056,0.98035496,0.87890327,-0.8592583,-1.0,0.78864056,0.78864056,0.98035496,0.87890327
94.333,2.9693,18.3078,0.2730,2.0,22.0,1.399999976158142,-0.86128074,-1.0,0.81208485,0.81208485,0.98090416,0.8803766,-0.86128074,-1.0,0.81208485,0.81208485,0.98090416,0.8803766
94.383,2.9621,18.3485,0.2748,2.0,22.0,1.399999976158142,-0.85991406,-1.0,0.8035331,0.8035331,0.9805685,0.8793456,-0.85991406,-1.0,0.8035331,0.8035331,0.9805685,0.8793456
94.433,2.9590,18.3659,0.2757,2.0,22.0,1.399999976158142,-0.8619577,-1.0,0.8273004,0.8273004,0.9811325,0.8808252,-0.8619577,-1.0,0.8273004,0.8273004,0.9811325,0.8808252
94.483,2.9517,18.4066,0.2777,2.0,22.0,1.399999976158142,-0.8605751,-1.0,0.8185796,0.8185796,0.9807883,0.8797868,-0.8605751,-1.0,0.8185796,0.8185796,0.9807883,0.8797868
94.532,2.9443,18.4472,0.2799,2.0,22.0,1.399999976158142,-0.8626666,-1.0,0.84289074,0.84289074,0.9813802,0.8812864,-0.8626666,-1.0,0.84289074,0.84289074,0.9813802,0.8812864
94.583,2.9412,18.4646,0.2809,2.0,22.0,1.399999976158142,-0.8632046,-1.0,0.8527797,0.8527797,0.9815671,0.8816375,-0.8632046,-1.0,0.8527797,0.8527797,0.9815671,0.8816375
94.633,2.9380,18.4820,0.2819,2.0,22.0,1.399999976158142,-0.860686,-1.0,0.7687144,0.7687144,0.97692394,0.8837621,-0.860686,-1.0,0.7687144,0.7687144,0.97692394,0.8837621
94.683,2.9306,18.5224,0.2842,2.0,22.0,1.399999976158142,-0.8657481,-1.0,0.8130124,0.8130124,0.9811183,0.8846298,-0.8657481,-1.0,0.8130124,0.8130124,0.9811183,0.8846298
94.733,2.9274,18.5397,0.2852,2.0,22.0,1.399999976158142,-0.8678314,-1.0,0.83597624,0.83597624,0.98224354,0.8855879,-0.8678314,-1.0,0.83597624,0.83597624,0.98224354,0.8855879
94.782,2.9200,18.5801,0.2875,2.0,22.0,1.399999976158142,-0.8666665,-1.0,0.82578045,0.82578045,0.98174775,0.8849187,-0.8666665,-1.0,0.82578045,0.82578045,0.98174775,0.8849187
94.832,2.9168,18.5974,0.2885,2.0,22.0,1.399999976158142,-0.86896,-1.0,0.84945637,0.84945637,0.982763,0.88619703,-0.86896,-1.0,0.84945637,0.84945637,0.982763,0.88619703
94.883,2.9092,18.6377,0.2910,2.0,22.0,1.399999976158142,-0.86772907,-1.0,0.8391884,0.8391884,0.9821747,0.8855544,-0.86772907,-1.0,0.8391884,0.8391884,0.9821747,0.8855544
94.933,2.9060,18.6550,0.2920,2.0,22.0,1.399999976158142,-0.86993086,-1.0,0.8651953,0.8651953,0.9831466,0.88678426,-0.86993086,-1.0,0.8651953,0.8651953,0.9831466,0.88678426
94.982,2.8984,18.6952,0.2946,2.0,22.0,1.399999976158142,-0.8684654,-1.0,0.85554916,0.85554916,0.98255587,0.8859096,-0.8684654,-1.0,0.85554916,0.85554916,0.98255587,0.8859096
95.032,2.8952,18.7124,0.2957,2.0,22.0,1.399999976158142,-0.8707319,-1.0,0.882037,0.882037,0.983521,0.8872109,-0.8707319,-1.0,0.882037,0.882037,0.983521,0.8872109
95.083,2.8875,18.7526,0.2984,2.0,22.0,1.399999976158142,-0.8692376,-1.0,0.87223554,0.87223554,0.9829454,0.8862923,-0.8692376,-1.0,0.87223554,0.87223554,0.9829454,0.8862923
95.133,2.8842,18.7698,0.2996,2.0,22.0,1.399999976158142,-0.8715646,-1.0,0.8992338,0.8992338,0.9839303,0.88763434,-0.8715646,-1.0,0.8992338,0.8992338,0.9839303,0.88763434
95.182,2.8765,18.8099,0.3026,2.0,22.0,1.399999976158142,-0.870039,-1.0,0.88923895,0.88923895,0.98335713,0.88668185,-0.870039,-1.0,0.88923895,0.88923895,0.98335713,0.88668185
95.233,2.8732,18.8271,0.3039,2.0,22.0,1.399999976158142,-0.87243915,-1.0,0.91688234,0.91688234,0.98439264,0.8880465,-0.87243915,-1.0,0.91688234,0.91688234,0.98439264,0.8880465
95.283,2.8654,18.8672,0.3071,2.0,22.0,1.399999976158142,-0.8708651,-1.0,0.9064949,0.9064949,0.9837961,0.887069,-0.8708651,-1.0,0.9064949,0.9064949,0.9837961,0.887069
95.332,2.8621,18.8843,0.3085,2.0,22.0,1.399999976158142,-0.873314,-1.0,0.9345599,0.9345599,0.9848909,0.88842314,-0.873314,-1.0,0.9345599,0.9345599,0.9848909,0.88842314
95.383,2.8543,18.9243,0.3120,2.0,22.0,1.399999976158142,-0.8717207,-1.0,0.92404693,0.92404693,0.98427284,0.8874478,-0.8717207,-1.0,0.92404693,0.92404693,0.98427284,0.8874478
95.433,2.8509,18.9414,0.3136,2.0,22.0,1.399999976158142,-0.87421715,-1.0,0.9524717,0.9524717,0.98544353,0.8887736,-0.87421715,-1.0,0.9524717,0.9524717,0.98544353,0.8887736
95.482,2.8430,18.9813,0.3174,2.0,22.0,1.399999976158142,-0.87259215,-1.0,0.9417509,0.9417509,0.98478836,0.8878038,-0.87259215,-1.0,0.9417509,0.9417509,0.98478836,0.8878038
95.532,2.8396,18.9984,0.3192,2.0,22.0,1.399999976158142,-0.8751945,-1.0,0.97084576,0.97084576,0.9860553,0.88913924,-0.8751945,-1.0,0.97084576,0.97084576,0.9860553,0.88913924
95.582,2.8317,19.0383,0.3234,2.0,22.0,1.399999976158142,-0.8735109,-1.0,0.95963204,0.95963204,0.9853308,0.8881801,-0.8735109,-1.0,0.95963204,0.95963204,0.9853308,0.8881801
95.633,2.8283,19.0553,0.3253,2.0,22.0,1.399999976158142,-0.87324685,-1.0,0.88534373,0.88534373,0.98191607,0.8913308,-0.87324685,-1.0,0.88534373,0.88534373,0.98191607,0.8913308
95.682,2.8204,19.0949,0.3296,2.0,22.0,1.399999976158142,-0.87790835,-1.0,0.93664235,0.93664235,0.9857282,0.89218014,-0.87790835,-1.0,0.93664235,0.93664235,0.9857282,0.89218014
95.733,2.8170,19.1119,0.3315,2.0,22.0,1.399999976158142,-0.88088524,-1.0,0.9640383,0.9640383,0.987416,0.8934693,-0.88088524,-1.0,0.9640383,0.9640383,0.987416,0.8934693
95.782,2.8090,19.1514,0.3360,2.0,22.0,1.399999976158142,-0.87935704,-1.0,0.95152986,0.95152986,0.98644835,0.8929087,-0.87935704,-1.0,0.95152986,0.95152986,0.98644835,0.8929087
95.833,2.8055,19.1683,0.3380,2.0,22.0,1.399999976158142,-0.8828521,-1.0,0.9793367,0.9793367,0.9875545,0.8952976,-0.8828521,-1.0,0.9793367,0.9793367,0.9875545,0.8952976
95.883,2.7974,19.2077,0.3428,2.0,22.0,1.399999976158142,-0.88118356,-1.0,0.96657723,0.96657723,0.9867428,0.8944407,-0.88118356,-1.0,0.96657723,0.96657723,0.9867428,0.8944407
95.933,2.7940,19.2246,0.3449,2.0,22.0,1.399999976158142,-0.8849942,-1.0,0.9951828,0.9951828,0.98748976,0.89750445,-0.8849942,-1.0,0.9951828,0.9951828,0.98748976,0.89750445
95.983,2.7858,19.2639,0.3499,2.0,22.0,1.399999976158142,-0.8829198,-1.0,0.9838869,0.9838869,0.98689985,0.89601994,-0.8829198,-1.0,0.9838869,0.9838869,0.98689985,0.89601994
96.033,2.7823,19.2808,0.3521,2.0,22.0,1.399999976158142,-0.8740503,-0.985571,1.0,1.0,0.97312355,0.88649774,-0.8740503,-0.985571,1.0,1.0,0.97312355,0.88649774
96.082,2.7741,19.3200,0.3575,2.0,22.0,1.399999976158142,-0.88198966,-0.99701613,1.0,1.0,0.98401713,0.8949886,-0.88198966,-0.99701613,1.0,1.0,0.98401713,0.8949886
96.133,2.7706,19.3368,0.3598,2.0,22.0,1.399999976158142,-0.8599792,-0.96778643,1.0,1.0,0.9553954,0.87237024,-0.8599792,-0.96778643,1.0,1.0,0.9553954,0.87237024
96.183,2.7624,19.3758,0.3655,2.0,22.0,1.399999976158142,-0.86678183,-0.977751,1.0,1.0,0.9649924,0.87954044,-0.86678183,-0.977751,1.0,1.0,0.9649924,0.87954044
96.232,2.7588,19.3925,0.3680,2.0,22.0,1.399999976158142,-0.8451835,-0.9488594,1.0,1.0,0.9365232,0.85751975,-0.8451835,-0.9488594,1.0,1.0,0.9365232,0.85751975
96.283,2.7506,19.4312,0.3740,2.0,22.0,1.399999976158142,-0.85270107,-0.95989364,1.0,1.0,0.9472705,0.8653242,-0.85270107,-0.95989364,1.0,1.0,0.9472705,0.8653242
96.332,2.7470,19.4477,0.3766,2.0,22.0,1.399999976158142,-0.8313532,-0.9311585,1.0,1.0,0.9187875,0.8437242,-0.8313532,-0.9311585,1.0,1.0,0.9187875,0.8437242
96.382,2.7388,19.4860,0.3829,2.0,22.0,1.399999976158142,-0.8387279,-0.9420601,1.0,1.0,0.9295173,0.8512707,-0.8387279,-0.9420601,1.0,1.0,0.9295173,0.8512707
96.433,2.7353,19.5023,0.3856,2.0,22.0,1.399999976158142,-0.8181943,-0.9143027,1.0,1.0,0.90186304,0.83063406,-0.8181943,-0.9143027,1.0,1.0,0.90186304,0.83063406
96.483,2.7270,19.5401,0.3922,2.0,22.0,1.399999976158142,-0.82527745,-0.9248393,1.0,1.0,0.91230947,0.8378073,-0.82527745,-0.9248393,1.0,1.0,0.91230947,0.8378073
96.532,2.7235,19.5562,0.3951,2.0,22.0,1.399999976158142,-0.805523,-0.8980236,1.0,1.0,0.8854599,0.81808674,-0.805523,-0.8980236,1.0,1.0,0.8854599,0.81808674
96.583,2.7153,19.5935,0.4020,2.0,22.0,1.399999976158142,-0.8123369,-0.90823215,1.0,1.0,0.8956679,0.8249012,-0.8123369,-0.90823215,1.0,1.0,0.8956679,0.8249012
96.633,2.7118,19.6093,0.4050,2.0,22.0,1.399999976158142,-0.8797178,-0.98419315,1.0,1.0,0.96769965,0.8962113,-0.8797178,-0.98419315,1.0,1.0,0.96769965,0.8962113
96.682,2.7036,19.6464,0.4121,2.0,22.0,1.399999976158142,-0.8365682,-0.92999226,1.0,1.0,0.91668165,0.8498787,-0.8365682,-0.92999226,1.0,1.0,0.91668165,0.8498787
96.733,2.7001,19.6622,0.4152,2.0,22.0,1.399999976158142,-0.8185275,-0.9050008,1.0,1.0,0.8920507,0.83147764,-0.8185275,-0.9050008,1.0,1.0,0.8920507,0.83147764
96.782,2.6919,19.6989,0.4224,2.0,22.0,1.399999976158142,-0.8265836,-0.91644776,1.0,1.0,0.9034281,0.8396033,-0.8265836,-0.91644776,1.0,1.0,0.9034281,0.8396033
96.832,2.6884,19.7145,0.4256,2.0,22.0,1.399999976158142,-0.8092763,-0.8923322,1.0,1.0,0.879395,0.8222135,-0.8092763,-0.8923322,1.0,1.0,0.879395,0.8222135
96.882,2.6802,19.7508,0.4331,2.0,22.0,1.399999976158142,-0.8171566,-0.90350163,1.0,1.0,0.89049095,0.83016723,-0.8171566,-0.90350163,1.0,1.0,0.89049095,0.83016723
96.932,2.6766,19.7662,0.4364,2.0,22.0,1.399999976158142,-0.80052215,-0.88025796,1.0,1.0,0.8672087,0.8135714,-0.80052215,-0.88025796,1.0,1.0,0.8672087,0.8135714
96.982,2.6684,19.8020,0.4442,2.0,22.0,1.399999976158142,-0.80790406,-0.890749,1.0,1.0,0.87770516,0.8209479,-0.80790406,-0.890749,1.0,1.0,0.87770516,0.8209479
97.032,2.6649,19.8173,0.4476,2.0,22.0,1.399999976158142,-0.79108346,-0.8675308,1.0,1.0,0.85435796,0.8042563,-0.79108346,-0.8675308,1.0,1.0,0.85435796,0.8042563
97.083,2.6567,19.8526,0.4557,2.0,22.0,1.399999976158142,-0.796889,-0.8764651,1.0,1.0,0.86336035,0.80999374,-0.796889,-0.8764651,1.0,1.0,0.86336035,0.80999374
97.132,2.6532,19.8677,0.4592,2.0,22.0,1.399999976158142,-0.7798784,-0.8532255,1.0,1.0,0.8399229,0.793181,-0.7798784,-0.8532255,1.0,1.0,0.8399229,0.793181
97.183,2.6450,19.9025,0.4676,2.0,22.0,1.399999976158142,-0.78542316,-0.86178076,1.0,1.0,0.8485913,0.7986126,-0.78542316,-0.86178076,1.0,1.0,0.8485913,0.7986126
97.233,2.6415,19.9174,0.4712,2.0,22.0,1.399999976158142,-0.76912475,-0.83948195,1.0,1.0,0.8260418,0.7825648,-0.76912475,-0.83948195,1.0,1.0,0.8260418,0.7825648
97.283,2.6334,19.9517,0.4799,2.0,22.0,1.399999976158142,-0.7744636,-0.84774935,1.0,1.0,0.8344616,0.7877513,-0.7744636,-0.84774935,1.0,1.0,0.8344616,0.7877513
97.333,2.6299,19.9663,0.4837,2.0,22.0,1.399999976158142,-0.7587991,-0.82627153,1.0,1.0,0.81269634,0.7723743,-0.7587991,-0.82627153,1.0,1.0,0.81269634,0.7723743
97.383,2.6218,20.0001,0.4927,2.0,22.0,1.399999976158142,-0.76393807,-0.834255,1.0,1.0,0.82085234,0.7773407,-0.76393807,-0.834255,1.0,1.0,0.82085234,0.7773407
97.433,2.6183,20.0145,0.4967,2.0,22.0,1.399999976158142,-0.749104,-0.8138639,1.0,1.0,0.80014485,0.7628231,-0.749104,-0.8138639,1.0,1.0,0.80014485,0.7628231
97.483,2.6103,20.0478,0.5060,2.0,22.0,1.399999976158142,-0.75391895,-0.8214024,1.0,1.0,0.807878,0.7674433,-0.75391895,-0.8214024,1.0,1.0,0.807878,0.7674433
97.533,2.6068,20.0619,0.5101,2.0,22.0,1.399999976158142,-0.73984134,-0.8019803,1.0,1.0,0.78812414,0.7536975,-0.73984134,-0.8019803,1.0,1.0,0.78812414,0.7536975
97.583,2.5988,20.0947,0.5198,2.0,22.0,1.399999976158142,-0.7443977,-0.8091735,1.0,1.0,0.7955256,0.7580456,-0.7443977,-0.8091735,1.0,1.0,0.7955256,0.7580456
97.632,2.5954,20.1086,0.5240,2.0,22.0,1.399999976158142,-0.8046313,-0.87659365,1.0,1.0,0.85870457,0.8225204,-0.8046313,-0.87659365,1.0,1.0,0.85870457,0.8225204
97.682,2.5873,20.1410,0.5340,2.0,22.0,1.399999976158142,-0.7669712,-0.82997096,1.0,1.0,0.8154346,0.78150755,-0.7669712,-0.82997096,1.0,1.0,0.8154346,0.78150755
97.732,2.5839,20.1548,0.5383,2.0,22.0,1.399999976158142,-0.75540084,-0.8131934,1.0,1.0,0.79889363,0.7697006,-0.75540084,-0.8131934,1.0,1.0,0.79889363,0.7697006
97.782,2.5759,20.1869,0.5486,2.0,22.0,1.399999976158142,-0.760806,-0.82127655,1.0,1.0,0.80701494,0.77506757,-0.760806,-0.82127655,1.0,1.0,0.80701494,0.77506757
97.833,2.5724,20.2005,0.5530,2.0,22.0,1.399999976158142,-0.7494619,-0.8046466,1.0,1.0,0.7904614,0.763647,-0.7494619,-0.8046466,1.0,1.0,0.7904614,0.763647
97.883,2.5644,20.2322,0.5636,2.0,22.0,1.399999976158142,-0.7549026,-0.8128011,1.0,1.0,0.7985745,0.76912916,-0.7549026,-0.8128011,1.0,1.0,0.7985745,0.76912916
97.932,2.5610,20.2457,0.5681,2.0,22.0,1.399999976158142,-0.74493325,-0.79803663,1.0,1.0,0.78382754,0.75914234,-0.74493325,-0.79803663,1.0,1.0,0.78382754,0.75914234
97.983,2.5529,20.2769,0.5790,2.0,22.0,1.399999976158142,-0.7496062,-0.8051275,1.0,1.0,0.7909101,0.7638236,-0.7496062,-0.8051275,1.0,1.0,0.7909101,0.7638236
98.033,2.5449,20.3079,0.5901,2.0,22.0,1.399999976158142,-0.74025005,-0.7910785,1.0,1.0,0.7768377,0.75449085,-0.74025005,-0.7910785,1.0,1.0,0.7768377,0.75449085
98.083,2.5415,20.3211,0.5949,2.0,22.0,1.399999976158142,-0.73766875,-0.7870906,1.0,1.0,0.77281106,0.7519483,-0.73766875,-0.7870906,1.0,1.0,0.77281106,0.7519483
98.133,2.5381,20.3342,0.5997,2.0,22.0,1.399999976158142,-0.7414035,-0.79307145,1.0,1.0,0.7788064,0.7556686,-0.7414035,-0.79307145,1.0,1.0,0.7788064,0.7556686
98.182,2.5301,20.3647,0.6112,2.0,22.0,1.399999976158142,-0.7384848,-0.7894916,1.0,1.0,0.7752295,0.7527469,-0.7384848,-0.7894916,1.0,1.0,0.7752295,0.7527469
98.233,2.5266,20.3776,0.6162,2.0,22.0,1.399999976158142,-0.7293395,-0.77607936,1.0,1.0,0.7617463,0.7436725,-0.7293395,-0.77607936,1.0,1.0,0.7617463,0.7436725
98.282,2.5186,20.4077,0.6280,2.0,22.0,1.399999976158142,-0.731582,-0.78047186,1.0,1.0,0.7661953,0.74585855,-0.731582,-0.78047186,1.0,1.0,0.7661953,0.74585855
98.333,2.5152,20.4205,0.6331,2.0,22.0,1.399999976158142,-0.72340024,-0.7683466,1.0,1.0,0.7539725,0.73777443,-0.72340024,-0.7683466,1.0,1.0,0.7539725,0.73777443
98.382,2.5073,20.4501,0.6452,2.0,22.0,1.399999976158142,-0.72506195,-0.77187383,1.0,1.0,0.75755566,0.7393801,-0.72506195,-0.77187383,1.0,1.0,0.75755566,0.7393801
98.432,2.5039,20.4627,0.6504,2.0,22.0,1.399999976158142,-0.71759146,-0.76054204,1.0,1.0,0.7461023,0.7320313,-0.71759146,-0.76054204,1.0,1.0,0.7461023,0.7320313
98.482,2.4959,20.4919,0.6628,2.0,22.0,1.399999976158142,-0.7192228,-0.76416975,1.0,1.0,0.74980295,0.7335896,-0.7192228,-0.76416975,1.0,1.0,0.74980295,0.7335896
98.533,2.4925,20.5043,0.6682,2.0,22.0,1.399999976158142,-0.71249354,-0.7536939,1.0,1.0,0.739188,0.7269994,-0.71249354,-0.7536939,1.0,1.0,0.739188,0.7269994
98.583,2.4846,20.5331,0.6809,2.0,22.0,1.399999976158142,-0.7137669,-0.7568785,1.0,1.0,0.74245554,0.7281898,-0.7137669,-0.7568785,1.0,1.0,0.74245554,0.7281898
98.633,2.4813,20.5453,0.6864,2.0,22.0,1.399999976158142,-0.770366,-0.8198858,1.0,1.0,0.80081296,0.78943884,-0.770366,-0.8198858,1.0,1.0,0.80081296,0.78943884
98.683,2.4733,20.5739,0.6993,2.0,22.0,1.399999976158142,-0.7367588,-0.778875,1.0,1.0,0.7635551,0.7520787,-0.7367588,-0.778875,1.0,1.0,0.7635551,0.7520787
98.732,2.4699,20.5861,0.7049,2.0,22.0,1.399999976158142,-0.73358804,-0.77190953,1.0,1.0,0.75716233,0.7483352,-0.73358804,-0.77190953,1.0,1.0,0.75716233,0.7483352
98.782,2.4620,20.6144,0.7180,2.0,22.0,1.399999976158142,-0.7349334,-0.7751929,1.0,1.0,0.7603092,0.7498171,-0.7349334,-0.7751929,1.0,1.0,0.7603092,0.7498171
98.833,2.4586,20.6265,0.7237,2.0,22.0,1.399999976158142,-0.73260903,-0.7692049,1.0,1.0,0.7547049,0.74710906,-0.73260903,-0.7692049,1.0,1.0,0.7547049,0.74710906
98.883,2.4506,20.6545,0.7371,2.0,22.0,1.399999976158142,-0.733652,-0.7721752,1.0,1.0,0.7574322,0.7483949,-0.733652,-0.7721752,1.0,1.0,0.7574322,0.7483949
98.933,2.4472,20.6665,0.7429,2.0,22.0,1.399999976158142,-0.73217815,-0.7671739,1.0,1.0,0.7527503,0.74660176,-0.73217815,-0.7671739,1.0,1.0,0.7527503,0.74660176
98.982,2.4392,20.6943,0.7565,2.0,22.0,1.399999976158142,-0.73282844,-0.7696791,1.0,1.0,0.75504714,0.7474604,-0.73282844,-0.7696791,1.0,1.0,0.75504714,0.7474604
99.032,2.4358,20.7062,0.7624,2.0,22.0,1.399999976158142,-0.7322322,-0.7656807,1.0,1.0,0.7513184,0.7465944,-0.7322322,-0.7656807,1.0,1.0,0.7513184,0.7465944
99.083,2.4278,20.7337,0.7763,2.0,22.0,1.399999976158142,-0.7324786,-0.7677076,1.0,1.0,0.7531725,0.7470137,-0.7324786,-0.7677076,1.0,1.0,0.7531725,0.7470137
99.132,2.4244,20.7455,0.7822,2.0,22.0,1.399999976158142,-0.7327936,-0.76470935,1.0,1.0,0.75041336,0.7470896,-0.7327936,-0.76470935,1.0,1.0,0.75041336,0.7470896
99.183,2.4163,20.7728,0.7963,2.0,22.0,1.399999976158142,-0.7326089,-0.76630473,1.0,1.0,0.75184464,0.747069,-0.7326089,-0.76630473,1.0,1.0,0.75184464,0.747069
99.233,2.4129,20.7845,0.8024,2.0,22.0,1.399999976158142,-0.73388577,-0.7643231,1.0,1.0,0.75007296,0.74813586,-0.73388577,-0.7643231,1.0,1.0,0.75007296,0.74813586
99.282,2.4049,20.8116,0.8167,2.0,22.0,1.399999976158142,-0.7332498,-0.7654367,1.0,1.0,0.7510436,0.7476429,-0.7332498,-0.7654367,1.0,1.0,0.7510436,0.7476429
99.332,2.4014,20.8232,0.8228,2.0,22.0,1.399999976158142,-0.7345147,-0.76357764,1.0,1.0,0.7493746,0.7487177,-0.7345147,-0.76357764,1.0,1.0,0.7493746,0.7487177
99.382,2.3934,20.8501,0.8373,2.0,22.0,1.399999976158142,-0.7320611,-0.7627968,1.0,1.0,0.7484638,0.7463941,-0.7320611,-0.7627968,1.0,1.0,0.7484638,0.7463941
99.433,2.3899,20.8615,0.8435,2.0,22.0,1.399999976158142,-0.73369116,-0.76142424,1.0,1.0,0.747264,0.7478514,-0.73369116,-0.76142424,1.0,1.0,0.747264,0.7478514
99.483,2.3818,20.8882,0.8582,2.0,22.0,1.399999976158142,-0.73087275,-0.7602208,1.0,1.0,0.7459357,0.74515796,-0.73087275,-0.7602208,1.0,1.0,0.7459357,0.74515796
99.532,2.3784,20.8996,0.8645,2.0,22.0,1.399999976158142,-0.73340815,-0.7598442,1.0,1.0,0.7457108,0.7475416,-0.73340815,-0.7598442,1.0,1.0,0.7457108,0.7475416
99.583,2.3703,20.9262,0.8793,2.0,22.0,1.399999976158142,-0.73019665,-0.7582047,1.0,1.0,0.74395365,0.7444477,-0.73019665,-0.7582047,1.0,1.0,0.74395365,0.7444477
99.633,2.3668,20.9375,0.8857,2.0,22.0,1.399999976158142,-0.78877926,-0.82267123,1.0,1.0,0.80349016,0.80796033,-0.78877926,-0.82267123,1.0,1.0,0.80349016,0.80796033
99.683,2.3586,20.9640,0.9006,2.0,22.0,1.399999976158142,-0.75533795,-0.78277117,1.0,1.0,0.7676666,0.77044255,-0.75533795,-0.78277117,1.0,1.0,0.7676666,0.77044255
99.733,2.3551,20.9754,0.9071,2.0,22.0,1.399999976158142,-0.763138,-0.7871925,1.0,1.0,0.7732961,0.77703446,-0.763138,-0.7871925,1.0,1.0,0.7732961,0.77703446
99.783,2.3468,21.0019,0.9221,2.0,22.0,1.399999976158142,-0.7591005,-0.78493106,1.0,1.0,0.77055997,0.77347165,-0.7591005,-0.78493106,1.0,1.0,0.77055997,0.77347165
99.833,2.3432,21.0132,0.9286,2.0,22.0,1.399999976158142,-0.7679979,-0.7906328,1.0,1.0,0.777111,0.7815197,-0.7679979,-0.7906328,1.0,1.0,0.777111,0.7815197
99.883,2.3349,21.0397,0.9438,2.0,22.0,1.399999976158142,-0.7635022,-0.7879554,1.0,1.0,0.7738238,0.7776338,-0.7635022,-0.7879554,1.0,1.0,0.7738238,0.7776338
99.933,2.3313,21.0511,0.9503,2.0,22.0,1.399999976158142,-0.74928457,-0.77008337,0.96903706,0.96903706,0.75699806,0.76236993,-0.74928457,-0.77008337,0.96903706,0.96903706,0.75699806,0.76236993
99.983,2.3229,21.0775,0.9656,2.0,22.0,1.399999976158142,-0.7685627,-0.7916695,1.0,1.0,0.77769935,0.7825328,-0.7685627,-0.7916695,1.0,1.0,0.77769935,0.7825328
100.033,2.3193,21.0888,0.9721,2.0,22.0,1.399999976158142,-0.7199268,-0.73850226,0.92339855,0.92339855,0.7260749,0.73235416,-0.7199268,-0.73850226,0.92339855,0.92339855,0.7260749,0.73235416
100.083,2.3109,21.1151,0.9873,2.0,22.0,1.399999976158142,-0.74882406,-0.7699672,0.9675306,0.9675306,0.7565425,0.76224875,-0.74882406,-0.7699672,0.9675306,0.9675306,0.7565425,0.76224875
100.132,2.3073,21.1263,0.9937,2.0,22.0,1.399999976158142,-0.6928985,-0.70960087,0.8816913,0.8816913,0.6976946,0.7048047,-0.6928985,-0.70960087,0.8816913,0.8816913,0.6976946,0.7048047
100.183,2.2989,21.1521,1.0086,2.0,22.0,1.399999976158142,-0.7214599,-0.7405323,0.925304,0.925304,0.7277366,0.7342557,-0.7214599,-0.7405323,0.925304,0.925304,0.7277366,0.7342557
100.232,2.2953,21.1632,1.0149,2.0,22.0,1.399999976158142,-0.66615844,-0.6811149,0.8410302,0.8410302,0.6696961,0.6775772,-0.66615844,-0.6811149,0.8410302,0.8410302,0.6696961,0.6775772
100.283,2.2870,21.1885,1.0294,2.0,22.0,1.399999976158142,-0.6947415,-0.71191716,0.8845132,0.8845132,0.69968253,0.7069761,-0.6947415,-0.71191716,0.8845132,0.8845132,0.69968253,0.7069761
100.332,2.2835,21.1993,1.0356,2.0,22.0,1.399999976158142,-0.6397364,-0.6530703,0.8017111,0.8017111,0.6420958,0.6507109,-0.6397364,-0.6530703,0.8017111,0.8017111,0.6420958,0.6507109
100.382,2.2754,21.2241,1.0495,2.0,22.0,1.399999976158142,-0.66814333,-0.6835435,0.84455335,0.84455335,0.6718254,0.6798614,-0.66814333,-0.6835435,0.84455335,0.84455335,0.6718254,0.6798614
100.432,2.2719,21.2346,1.0554,2.0,22.0,1.399999976158142,-0.61518097,-0.6271053,0.76616955,0.76616955,0.61650974,0.6257766,-0.61518097,-0.6271053,0.76616955,0.76616955,0.61650974,0.6257766
100.482,2.2639,21.2588,1.0688,2.0,22.0,1.399999976158142,-0.64221877,-0.6559893,0.80642474,0.80642474,0.6447394,0.65346867,-0.64221877,-0.6559893,0.80642474,0.80642474,0.6447394,0.65346867
100.532,2.2605,21.2690,1.0744,2.0,22.0,1.399999976158142,-0.59022707,-0.6007865,0.7311056,0.7311056,0.5905628,0.6004507,-0.59022707,-0.6007865,0.7311056,0.7311056,0.5905628,0.6004507
100.582,2.2527,21.2925,1.0871,2.0,22.0,1.399999976158142,-0.61725855,-0.62955004,0.77064896,0.77064896,0.6187203,0.62808824,-0.61725855,-0.62955004,0.77064896,0.77064896,0.6187203,0.62808824
100.632,2.2494,21.3025,1.0925,2.0,22.0,1.399999976158142,-0.87157077,-0.8929643,1.0,1.0,0.87361556,0.8909195,-0.87157077,-0.8929643,1.0,1.0,0.87361556,0.8909195
100.683,2.2414,21.3262,1.1050,2.0,22.0,1.399999976158142,-0.56422275,-0.57474405,0.685907,0.685907,0.5644235,0.5745433,-0.56422275,-0.57474405,0.685907,0.685907,0.5644235,0.5745433
100.732,2.2381,21.3363,1.1102,2.0,22.0,1.399999976158142,-0.51242024,-0.5191886,0.61438406,0.61438406,0.5114181,0.5201907,-0.51242024,-0.5191886,0.61438406,0.61438406,0.5114181,0.5201907
100.782,2.2304,21.3592,1.1219,2.0,22.0,1.399999976158142,-0.5385597,-0.5471534,0.6511246,0.6511246,0.5382846,0.5474285,-0.5385597,-0.5471534,0.6511246,0.6511246,0.5382846,0.5474285
100.833,2.2271,21.3688,1.1267,2.0,22.0,1.399999976158142,-0.48905694,-0.49461466,0.5856104,0.5856104,0.48734847,0.4963231,-0.48905694,-0.49461466,0.5856104,0.5856104,0.48734847,0.4963231
100.882,2.2197,21.3907,1.1374,2.0,22.0,1.399999976158142,-0.5149977,-0.52234495,0.62096655,0.62096655,0.51394665,0.523396,-0.5149977,-0.52234495,0.62096655,0.62096655,0.51394665,0.523396
100.932,2.2166,21.3999,1.1418,2.0,22.0,1.399999976158142,-0.46755964,-0.4723167,0.5610292,0.5610292,0.46505046,0.4748259,-0.46755964,-0.4723167,0.5610292,0.5610292,0.46505046,0.4748259
100.983,2.2096,21.4208,1.1515,2.0,22.0,1.399999976158142,-0.49224225,-0.49849877,0.593406,0.593406,0.49041802,0.500323,-0.49224225,-0.49849877,0.593406,0.593406,0.49041802,0.500323
101.033,2.2066,21.4295,1.1555,2.0,22.0,1.399999976158142,-0.44807172,-0.45216814,0.54054445,0.54054445,0.44485793,0.45538193,-0.44807172,-0.45216814,0.54054445,0.54054445,0.44485793,0.45538193
101.082,2.1998,21.4495,1.1644,2.0,22.0,1.399999976158142,-0.47049168,-0.4757863,0.5686935,0.5686935,0.4679305,0.47834748,-0.47049168,-0.4757863,0.5686935,0.5686935,0.4679305,0.47834748
101.133,2.1969,21.4579,1.1680,2.0,22.0,1.399999976158142,-0.42605528,-0.429384,0.5185775,0.5185775,0.42210516,0.4333341,-0.42605528,-0.429384,0.5185775,0.5185775,0.42210516,0.4333341
101.182,2.1904,21.4770,1.1759,2.0,22.0,1.399999976158142,-0.44960138,-0.4540447,0.54657775,0.54657775,0.44634655,0.45729953,-0.44960138,-0.4540447,0.54657775,0.54657775,0.44634655,0.45729953
101.233,2.1876,21.4851,1.1791,2.0,22.0,1.399999976158142,-0.40788674,-0.41066048,0.5026404,0.5026404,0.4033495,0.41519776,-0.40788674,-0.41066048,0.5026404,0.5026404,0.4033495,0.41519776
101.283,2.1813,21.5034,1.1862,2.0,22.0,1.399999976158142,-0.4296897,-0.43338722,0.52716863,0.52716863,0.42578837,0.43728855,-0.4296897,-0.43338722,0.52716863,0.52716863,0.42578837,0.43728855
101.332,2.1787,21.5111,1.1891,2.0,22.0,1.399999976158142,-0.38928142,-0.39152065,0.48771724,0.48771724,0.38416982,0.39663222,-0.38928142,-0.39152065,0.48771724,0.48771724,0.38416982,0.39663222
101.383,2.1727,21.5287,1.1954,2.0,22.0,1.399999976158142,-0.41036987,-0.413408,0.5099763,0.5099763,0.40585974,0.41791815,-0.41036987,-0.413408,0.5099763,0.5099763,0.40585974,0.41791815
101.433,2.1701,21.5361,1.1979,2.0,22.0,1.399999976158142,-0.37174466,-0.37352803,0.47536978,0.47536978,0.3661163,0.3791564,-0.37174466,-0.37352803,0.47536978,0.47536978,0.3661163,0.3791564
101.483,2.1643,21.5529,1.2035,2.0,22.0,1.399999976158142,-0.39187923,-0.3943391,0.49518275,0.49518275,0.38680807,0.39941028,-0.39187923,-0.3943391,0.49518275,0.49518275,0.38680807,0.39941028
101.532,2.1618,21.5600,1.2057,2.0,22.0,1.399999976158142,-0.35469103,-0.3560614,0.46493447,0.46493447,0.3485881,0.36216435,-0.35469103,-0.3560614,0.46493447,0.46493447,0.3485881,0.36216435
101.582,2.1562,21.5762,1.2105,2.0,22.0,1.399999976158142,-0.3738861,-0.3758323,0.48241442,0.48241442,0.36829317,0.38142523,-0.3738861,-0.3758323,0.48241442,0.48241442,0.36829317,0.38142523
101.633,2.1538,21.5831,1.2125,2.0,22.0,1.399999976158142,-0.8635699,-0.872269,1.0,1.0,0.85061234,0.88522655,-0.8635699,-0.872269,1.0,1.0,0.85061234,0.88522655
101.682,2.1479,21.6003,1.2177,2.0,22.0,1.399999976158142,-0.3382615,-0.33972508,0.44185448,0.44185448,0.3323123,0.34567428,-0.3382615,-0.33972508,0.44185448,0.44185448,0.3323123,0.34567428
101.733,2.1453,21.6077,1.2199,2.0,22.0,1.399999976158142,-0.29947332,-0.29854178,0.41052943,0.41052943,0.293276,0.3047391,-0.29947332,-0.29854178,0.41052943,0.41052943,0.293276,0.3047391
101.782,2.1395,21.6243,1.2246,2.0,22.0,1.399999976158142,-0.31857195,-0.31862414,0.42648548,0.42648548,0.31261438,0.3245817,-0.31857195,-0.31862414,0.42648548,0.42648548,0.31261438,0.3245817
101.833,2.1370,21.6313,1.2265,2.0,22.0,1.399999976158142,-0.2820578,-0.28053898,0.4011322,0.4011322,0.27564627,0.2869505,-0.2820578,-0.28053898,0.4011322,0.4011322,0.27564627,0.2869505
101.882,2.1315,21.6471,1.2304,2.0,22.0,1.399999976158142,-0.30089957,-0.30042428,0.41637173,0.41637173,0.29465255,0.30667126,-0.30089957,-0.30042428,0.41637173,0.41637173,0.29465255,0.30667126
101.933,2.1291,21.6537,1.2319,2.0,22.0,1.399999976158142,-0.2660059,-0.2644208,0.39558297,0.39558297,0.25925237,0.27117434,-0.2660059,-0.2644208,0.39558297,0.39558297,0.25925237,0.27117434
101.982,2.1238,21.6688,1.2350,2.0,22.0,1.399999976158142,-0.28417897,-0.2833514,0.40870163,0.40870163,0.27763504,0.28989533,-0.28417897,-0.2833514,0.40870163,0.40870163,0.27763504,0.28989533
102.033,2.1216,21.6751,1.2362,2.0,22.0,1.399999976158142,-0.25043035,-0.24885511,0.39206964,0.39206964,0.24336256,0.2559229,-0.25043035,-0.24885511,0.39206964,0.39206964,0.24336256,0.2559229
102.083,2.1166,21.6895,1.2386,2.0,22.0,1.399999976158142,-0.26789996,-0.26684076,0.40307313,0.40307313,0.2610631,0.27367765,-0.26789996,-0.26684076,0.40307313,0.40307313,0.2610631,0.27367765
102.133,2.1144,21.6955,1.2395,2.0,22.0,1.399999976158142,-0.23586355,-0.23437122,0.39077175,0.39077175,0.22852002,0.24171475,-0.23586355,-0.23437122,0.39077175,0.39077175,0.22852002,0.24171475
102.182,2.1096,21.7093,1.2413,2.0,22.0,1.399999976158142,-0.2523126,-0.2511349,0.39959,0.39959,0.24519813,0.2582494,-0.2523126,-0.2511349,0.39959,0.39959,0.24519813,0.2582494
102.233,2.1075,21.7150,1.2419,2.0,22.0,1.399999976158142,-0.22152999,-0.22017534,0.39121318,0.39121318,0.21393633,0.227769,-0.22152999,-0.22017534,0.39121318,0.39121318,0.21393633,0.227769
102.282,2.1028,21.7282,1.2430,2.0,22.0,1.399999976158142,-0.23740171,-0.23620181,0.3981365,0.3981365,0.23003025,0.24357326,-0.23740171,-0.23620181,0.3981365,0.3981365,0.23003025,0.24357326
102.332,2.1009,21.7338,1.2434,2.0,22.0,1.399999976158142,-0.2075201,-0.20636092,0.39340365,0.39340365,0.19970232,0.21417871,-0.2075201,-0.20636092,0.39340365,0.39340365,0.19970232,0.21417871
102.382,2.0964,21.7465,1.2439,2.0,22.0,1.399999976158142,-0.22282286,-0.22168478,0.39850828,0.39850828,0.21521349,0.22929415,-0.22282286,-0.22168478,0.39850828,0.39850828,0.21521349,0.22929415
102.432,2.0945,21.7518,1.2440,2.0,22.0,1.399999976158142,-0.19418813,-0.19328067,0.39731026,0.39731026,0.18617612,0.20129268,-0.19418813,-0.19328067,0.39731026,0.39731026,0.18617612,0.20129268
102.482,2.0901,21.7640,1.2439,2.0,22.0,1.399999976158142,-0.20920275,-0.20819823,0.40072104,0.40072104,0.20138371,0.21601728,-0.20920275,-0.20819823,0.40072104,0.40072104,0.20138371,0.21601728
102.532,2.0883,21.7692,1.2438,2.0,22.0,1.399999976158142,-0.18041216,-0.17982416,0.40274835,0.40274835,0.17221928,0.18801704,-0.18041216,-0.17982416,0.40274835,0.40274835,0.17221928,0.18801704
102.582,2.0841,21.7810,1.2432,2.0,22.0,1.399999976158142,-0.19508725,-0.19430014,0.40450406,0.40450406,0.18707004,0.20231736,-0.19508725,-0.19430014,0.40450406,0.40450406,0.18707004,0.20231736
102.633,2.0798,21.7929,1.2431,2.0,22.0,1.399999976158142,-0.54128706,-0.5434167,1.0,1.0,0.5189508,0.5657529,-0.54128706,-0.5434167,1.0,1.0,0.5189508,0.5657529
102.682,2.0779,21.7982,1.2435,2.0,22.0,1.399999976158142,-0.14794189,-0.14781886,0.38750148,0.38750148,0.13992691,0.15583384,-0.14794189,-0.14781886,0.38750148,0.38750148,0.13992691,0.15583384
102.733,2.0760,21.8033,1.2438,2.0,22.0,1.399999976158142,-0.16080591,-0.16027474,0.384662,0.384662,0.15296103,0.16811961,-0.16080591,-0.16027474,0.384662,0.384662,0.15296103,0.16811961
102.783,2.0718,21.8152,1.2442,2.0,22.0,1.399999976158142,-0.15696344,-0.1564645,0.38536844,0.38536844,0.14910445,0.1643235,-0.15696344,-0.1564645,0.38536844,0.38536844,0.14910445,0.1643235
102.833,2.0700,21.8202,1.2443,2.0,22.0,1.399999976158142,-0.12988058,-0.12967923,0.38457653,0.38457653,0.121999845,0.13755997,-0.12988058,-0.12967923,0.38457653,0.38457653,0.121999845,0.13755997
102.882,2.0658,21.8316,1.2441,2.0,22.0,1.399999976158142,-0.14356679,-0.14329495,0.38778678,0.38778678,0.13567682,0.15118492,-0.14356679,-0.14329495,0.38778678,0.38778678,0.13567682,0.15118492
102.933,2.0641,21.8364,1.2439,2.0,22.0,1.399999976158142,-0.11749219,-0.11777495,0.3904624,0.3904624,0.10958476,0.12568237,-0.11749219,-0.11777495,0.3904624,0.3904624,0.10958476,0.12568237
102.983,2.0602,21.8473,1.2432,2.0,22.0,1.399999976158142,-0.13069002,-0.13075869,0.39200443,0.39200443,0.12277304,0.13867567,-0.13069002,-0.13075869,0.39200443,0.39200443,0.12277304,0.13867567
103.032,2.0585,21.8519,1.2428,2.0,22.0,1.399999976158142,-0.10546014,-0.10631948,0.3978805,0.3978805,0.097537056,0.11424256,-0.10546014,-0.10631948,0.3978805,0.3978805,0.097537056,0.11424256
103.083,2.0546,21.8625,1.2415,2.0,22.0,1.399999976158142,-0.118146814,-0.11865854,0.39785835,0.39785835,0.11021098,0.12659438,-0.118146814,-0.11865854,0.39785835,0.39785835,0.11021098,0.12659438
103.133,2.0530,21.8670,1.2409,2.0,22.0,1.399999976158142,-0.09363838,-0.095172584,0.406706,0.406706,0.08571181,0.10309916,-0.09363838,-0.095172584,0.406706,0.406706,0.08571181,0.10309916
103.191,2.0493,21.8772,1.2392,2.0,22.0,1.399999976158142,-0.10589757,-0.10696002,0.40522692,0.40522692,0.09795244,0.11490515,-0.10589757,-0.10696002,0.40522692,0.40522692,0.09795244,0.11490515
103.226,2.0478,21.8814,1.2384,2.0,22.0,1.399999976158142,-0.082278065,-0.08459289,0.41671145,0.41671145,0.0743597,0.09251125,-0.082278065,-0.08459289,0.41671145,0.41671145,0.0743597,0.09251125
103.275,2.0442,21.8912,1.2363,2.0,22.0,1.399999976158142,-0.094101444,-0.09582191,0.41391715,0.41391715,0.08615729,0.10376606,-0.094101444,-0.09582191,0.41391715,0.41391715,0.08615729,0.10376606
103.325,2.0427,21.8953,1.2353,2.0,22.0,1.399999976158142,-0.07116361,-0.07438502,0.4278157,0.4278157,0.0632663,0.08228233,-0.07116361,-0.07438502,0.4278157,0.4278157,0.0632663,0.08228233
103.375,2.0393,21.9047,1.2328,2.0,22.0,1.399999976158142,-0.08272021,-0.08521245,0.42376372,0.42376372,0.074788354,0.093144305,-0.08272021,-0.08521245,0.42376372,0.42376372,0.074788354,0.093144305
103.425,2.0379,21.9086,1.2317,2.0,22.0,1.399999976158142,-0.06055384,-0.06480401,0.439738,0.439738,0.052690573,0.07266728,-0.06055384,-0.06480401,0.439738,0.439738,0.052690573,0.07266728
103.476,2.0347,21.9175,1.2289,2.0,22.0,1.399999976158142,-0.07176023,-0.0751448,0.43459243,0.43459243,0.06385276,0.08305227,-0.07176023,-0.0751448,0.43459243,0.43459243,0.06385276,0.08305227
103.526,2.0333,21.9212,1.2277,2.0,22.0,1.399999976158142,-0.05113521,-0.05647644,0.45179036,0.45179036,0.043315798,0.06429585,-0.05113521,-0.05647644,0.45179036,0.45179036,0.043315798,0.06429585
103.575,2.0302,21.9297,1.2247,2.0,22.0,1.399999976158142,-0.06094113,-0.06537608,0.44645,0.44645,0.053072404,0.0732448,-0.06094113,-0.06537608,0.44645,0.44645,0.053072404,0.0732448
103.630,2.0289,21.9332,1.2233,2.0,22.0,1.399999976158142,-0.14973205,-0.16699962,1.0,1.0,0.13005987,0.1866718,-0.14973205,-0.16699962,1.0,1.0,0.13005987,0.1866718
103.681,2.0259,21.9414,1.2213,2.0,22.0,1.399999976158142,-0.046306822,-0.052160043,0.43921417,0.43921417,0.03877879,0.05968808,-0.046306822,-0.052160043,0.43921417,0.43921417,0.03877879,0.05968808
103.726,2.0247,21.9448,1.2205,2.0,22.0,1.399999976158142,-0.026114639,-0.03509597,0.44898534,0.44898534,0.018759532,0.042451076,-0.026114639,-0.03509597,0.44898534,0.44898534,0.018759532,0.042451076
103.775,2.0218,21.9526,1.2185,2.0,22.0,1.399999976158142,-0.036391113,-0.04385163,0.44410872,0.44410872,0.028951645,0.0512911,-0.036391113,-0.04385163,0.44410872,0.44410872,0.028951645,0.0512911
103.825,2.0206,21.9559,1.2175,2.0,22.0,1.399999976158142,-0.016042396,-0.026846958,0.45816052,0.45816052,0.00881634,0.034073014,-0.016042396,-0.026846958,0.45816052,0.45816052,0.00881634,0.034073014
103.875,2.0179,21.9634,1.2152,2.0,22.0,1.399999976158142,-0.026442485,-0.035476107,0.4538126,0.4538126,0.019106893,0.0428117,-0.026442485,-0.035476107,0.4538126,0.4538126,0.019106893,0.0428117
103.925,2.0167,21.9665,1.2141,2.0,22.0,1.399999976158142,-0.0076731704,-0.0201342,0.4688978,0.4688978,0.0005750036,0.027232366,-0.0076731704,-0.0201342,0.4688978,0.4688978,0.0005750036,0.027232366
103.975,2.0141,21.9736,1.2116,2.0,22.0,1.399999976158142,-0.017127372,-0.027807092,0.46409953,0.46409953,0.009910258,0.035024207,-0.017127372,-0.027807092,0.46409953,0.46409953,0.009910258,0.035024207
104.025,2.0130,21.9766,1.2105,2.0,22.0,1.399999976158142,0.0009589116,-0.013389974,0.4803925,0.4803925,-0.007903725,0.020334788,0.0009589116,-0.013389974,0.4803925,0.4803925,-0.007903725,0.020334788
104.075,2.0105,21.9833,1.2078,2.0,22.0,1.399999976158142,-0.008026161,-0.020500902,0.47501343,0.47501343,0.000948578,0.027578486,-0.008026161,-0.020500902,0.47501343,0.47501343,0.000948578,0.027578486
104.130,2.0095,21.9861,1.2066,2.0,22.0,1.399999976158142,0.009230633,-0.0071122227,0.4920624,0.4920624,-0.01600261,0.0138842,0.009230633,-0.0071122227,0.4920624,0.4920624,-0.01600261,0.0138842
104.181,2.0071,21.9925,1.2038,2.0,22.0,1.399999976158142,0.00057378755,-0.013769714,0.48616856,0.48616856,-0.007494681,0.020690607,0.00057378755,-0.013769714,0.48616856,0.48616856,-0.007494681,0.020690607
104.231,2.0062,21.9952,1.2026,2.0,22.0,1.399999976158142,0.016959239,-0.0013928596,0.5036068,0.5036068,-0.02354199,0.007975611,0.016959239,-0.0013928596,0.5036068,0.5036068,-0.02354199,0.007975611
104.275,2.0039,22.0012,1.1997,2.0,22.0,1.399999976158142,0.008907268,-0.007392096,0.49760726,0.49760726,-0.015649706,0.014134534,0.008907268,-0.007392096,0.49760726,0.49760726,-0.015649706,0.014134534
104.325,2.0030,22.0037,1.1985,2.0,22.0,1.399999976158142,0.024845619,0.0043564676,0.5155285,0.5155285,-0.031208193,0.0020061072,0.024845619,0.0043564676,0.5155285,0.5155285,-0.031208193,0.0020061072
104.375,2.0009,22.0094,1.1957,2.0,22.0,1.399999976158142,0.016727267,-0.0014991944,0.50893354,0.50893354,-0.023275878,0.008047805,0.016727267,-0.0014991944,0.50893354,0.50893354,-0.023275878,0.008047805
104.425,2.0000,22.0118,1.1945,2.0,22.0,1.399999976158142,0.03193056,0.009496674,0.5268136,0.5268136,-0.0380669,-0.0033603285,0.03193056,0.009496674,0.5268136,0.5268136,-0.0380669,-0.0033603285
104.480,1.9980,22.0172,1.1917,2.0,22.0,1.399999976158142,0.024223818,0.0040898495,0.52020687,0.52020687,-0.030561795,0.00224813,0.024223818,0.0040898495,0.52020687,0.52020687,-0.030561795,0.00224813
104.531,1.9972,22.0194,1.1905,2.0,22.0,1.399999976158142,0.03868491,0.0143961,0.5377765,0.5377765,-0.044582516,-0.008498491,0.03868491,0.0143961,0.5377765,0.5377765,-0.044582516,-0.008498491
104.581,1.9953,22.0245,1.1878,2.0,22.0,1.399999976158142,0.03132115,0.009334859,0.53121865,0.53121865,-0.037435997,-0.0032200103,0.03132115,0.009334859,0.53121865,0.53121865,-0.037435997,-0.0032200103
104.630,1.9946,22.0266,1.1868,2.0,22.0,1.399999976158142,0.071174175,0.013578729,1.0,1.0,-0.083863,-0.0008899055,0.071174175,0.013578729,1.0,1.0,-0.083863,-0.0008899055
104.681,1.9928,22.0313,1.1855,2.0,22.0,1.399999976158142,0.03898627,0.014872965,0.5181746,0.5181746,-0.044602465,-0.00925677,0.03898627,0.014872965,0.5181746,0.5181746,-0.044602465,-0.00925677
104.730,1.9920,22.0333,1.1851,2.0,22.0,1.399999976158142,0.05252784,0.023483107,0.5234657,0.5234657,-0.057609685,-0.018401263,0.05252784,0.023483107,0.5234657,0.5234657,-0.057609685,-0.018401263
104.780,1.9903,22.0379,1.1841,2.0,22.0,1.399999976158142,0.0458661,0.019362075,0.52041316,0.52041316,-0.051197868,-0.0140303075,0.0458661,0.019362075,0.52041316,0.52041316,-0.051197868,-0.0140303075
104.830,1.9896,22.0399,1.1836,2.0,22.0,1.399999976158142,0.058485486,0.027786827,0.52778006,0.52778006,-0.06328864,-0.022983672,0.058485486,0.027786827,0.52778006,0.52778006,-0.06328864,-0.022983672
104.880,1.9879,22.0443,1.1826,2.0,22.0,1.399999976158142,0.0522177,0.023974262,0.52646667,0.52646667,-0.057280906,-0.018911054,0.0522177,0.023974262,0.52646667,0.52646667,-0.057280906,-0.018911054
104.931,1.9873,22.0461,1.1821,2.0,22.0,1.399999976158142,0.06422907,0.032226548,0.5341502,0.5341502,-0.068760015,-0.027695602,0.06422907,0.032226548,0.5341502,0.5341502,-0.068760015,-0.027695602
104.980,1.9857,22.0503,1.1810,2.0,22.0,1.399999976158142,0.058142107,0.028397145,0.53257006,0.53257006,-0.0629433,-0.023595955,0.058142107,0.028397145,0.53257006,0.53257006,-0.0629433,-0.023595955
105.030,1.9850,22.0520,1.1805,2.0,22.0,1.399999976158142,0.06960021,0.03650447,0.54042643,0.54042643,-0.07386941,-0.032235272,0.06960021,0.03650447,0.54042643,0.54042643,-0.07386941,-0.032235272
105.081,1.9836,22.0560,1.1794,2.0,22.0,1.399999976158142,0.06385535,0.032767147,0.5387105,0.5387105,-0.06839435,-0.028228156,0.06385535,0.032767147,0.5387105,0.5387105,-0.06839435,-0.028228156
105.132,1.9829,22.0577,1.1789,2.0,22.0,1.399999976158142,0.07443328,0.040493935,0.54640275,0.54640275,-0.07846195,-0.03646527,0.07443328,0.040493935,0.54640275,0.54640275,-0.07846195,-0.03646527
105.180,1.9815,22.0614,1.1779,2.0,22.0,1.399999976158142,0.069108434,0.036909886,0.5447145,0.5447145,-0.073399976,-0.03261834,0.069108434,0.036909886,0.5447145,0.5447145,-0.073399976,-0.03261834
105.231,1.9809,22.0630,1.1774,2.0,22.0,1.399999976158142,0.079389416,0.044652626,0.552372,0.552372,-0.08316861,-0.04087343,0.079389416,0.044652626,0.552372,0.552372,-0.08316861,-0.04087343
105.280,1.9796,22.0666,1.1764,2.0,22.0,1.399999976158142,0.07413561,0.040978704,0.5505629,0.5505629,-0.07818486,-0.036929455,0.07413561,0.040978704,0.5505629,0.5505629,-0.07818486,-0.036929455
105.331,1.9783,22.0700,1.1755,2.0,22.0,1.399999976158142,0.083588205,0.048345644,0.5577604,0.5577604,-0.08715453,-0.044779316,0.083588205,0.048345644,0.5577604,0.5577604,-0.08715453,-0.044779316
105.380,1.9778,22.0714,1.1751,2.0,22.0,1.399999976158142,0.08620993,0.050713412,0.56072825,0.56072825,-0.08963854,-0.0472848,0.08620993,0.050713412,0.56072825,0.56072825,-0.08963854,-0.0472848
105.430,1.9773,22.0728,1.1747,2.0,22.0,1.399999976158142,0.08197934,0.04760045,0.55940026,0.55940026,-0.08563958,-0.043940216,0.08197934,0.04760045,0.55940026,0.55940026,-0.08563958,-0.043940216
105.481,1.9761,22.0760,1.1739,2.0,22.0,1.399999976158142,0.08326278,0.04873964,0.5614582,0.5614582,-0.08686521,-0.045137208,0.08326278,0.04873964,0.5614582,0.5614582,-0.08686521,-0.045137208
105.530,1.9756,22.0773,1.1736,2.0,22.0,1.399999976158142,0.09129977,0.05545619,0.5674635,0.5674635,-0.09447725,-0.052278712,0.09129977,0.05545619,0.5674635,0.5674635,-0.09447725,-0.052278712
105.580,1.9744,22.0803,1.1729,2.0,22.0,1.399999976158142,0.08735607,0.052353647,0.5664058,0.5664058,-0.09075581,-0.048953906,0.08735607,0.052353647,0.5664058,0.5664058,-0.09075581,-0.048953906
105.630,1.9740,22.0815,1.1727,2.0,22.0,1.399999976158142,0.1781615,0.09306478,1.0,1.0,-0.18475406,-0.08647222,0.1781615,0.09306478,1.0,1.0,-0.18475406,-0.08647222
105.680,1.9729,22.0843,1.1734,2.0,22.0,1.399999976158142,0.08959407,0.05418181,0.5439046,0.5439046,-0.0926352,-0.051140685,0.08959407,0.05418181,0.5439046,0.5439046,-0.0926352,-0.051140685
105.732,1.9725,22.0855,1.1738,2.0,22.0,1.399999976158142,0.095680684,0.060932316,0.5382121,0.5382121,-0.09842864,-0.058184363,0.095680684,0.060932316,0.5382121,0.5382121,-0.09842864,-0.058184363
105.775,1.9715,22.0880,1.1746,2.0,22.0,1.399999976158142,0.09252225,0.057849325,0.54062176,0.54062176,-0.095451474,-0.0549201,0.09252225,0.057849325,0.54062176,0.54062176,-0.095451474,-0.0549201
105.825,1.9711,22.0891,1.1749,2.0,22.0,1.399999976158142,0.09845394,0.06442345,0.5369522,0.5369522,-0.101097986,-0.061779406,0.09845394,0.06442345,0.5369522,0.5369522,-0.101097986,-0.061779406
105.875,1.9702,22.0915,1.1757,2.0,22.0,1.399999976158142,0.095607385,0.061286643,0.5409279,0.5409279,-0.09840962,-0.0584844,0.095607385,0.061286643,0.5409279,0.5409279,-0.09840962,-0.0584844
105.925,1.9698,22.0925,1.1760,2.0,22.0,1.399999976158142,0.10088231,0.06735114,0.5380191,0.5380191,-0.10343701,-0.06479644,0.10088231,0.06735114,0.5380191,0.5380191,-0.10343701,-0.06479644
105.975,1.9690,22.0948,1.1766,2.0,22.0,1.399999976158142,0.09843526,0.06453616,0.5415579,0.5415579,-0.101126246,-0.06184518,0.09843526,0.06453616,0.5415579,0.5415579,-0.101126246,-0.06184518
106.030,1.9686,22.0957,1.1769,2.0,22.0,1.399999976158142,0.103224166,0.070256315,0.53919554,0.53919554,-0.105695955,-0.067784525,0.103224166,0.070256315,0.53919554,0.53919554,-0.105695955,-0.067784525
106.080,1.9678,22.0978,1.1775,2.0,22.0,1.399999976158142,0.10102539,0.06760495,0.5424564,0.5424564,-0.10361926,-0.06501108,0.10102539,0.06760495,0.5424564,0.5424564,-0.10361926,-0.06501108
106.130,1.9675,22.0987,1.1777,2.0,22.0,1.399999976158142,0.10542691,0.073075056,0.54049826,0.54049826,-0.107824035,-0.07067792,0.10542691,0.073075056,0.54049826,0.54049826,-0.107824035,-0.07067792
106.181,1.9668,22.1006,1.1782,2.0,22.0,1.399999976158142,0.103414014,0.07052255,0.54355323,0.54355323,-0.10592229,-0.06801427,0.103414014,0.07052255,0.54355323,0.54355323,-0.10592229,-0.06801427
106.231,1.9661,22.1024,1.1787,2.0,22.0,1.399999976158142,0.107408926,0.07569229,0.54197824,0.54197824,-0.10974258,-0.073358625,0.107408926,0.07569229,0.54197824,0.54197824,-0.10974258,-0.073358625
106.280,1.9658,22.1032,1.1789,2.0,22.0,1.399999976158142,0.108609974,0.07733643,0.5425649,0.5425649,-0.11090291,-0.07504349,0.108609974,0.07733643,0.5425649,0.5425649,-0.11090291,-0.07504349
106.330,1.9655,22.1039,1.1791,2.0,22.0,1.399999976158142,0.10700986,0.07511736,0.5452273,0.5452273,-0.10939177,-0.07273544,0.10700986,0.07511736,0.5452273,0.5452273,-0.10939177,-0.07273544
106.381,1.9649,22.1055,1.1795,2.0,22.0,1.399999976158142,0.10764691,0.0759344,0.5462031,0.5462031,-0.110012054,-0.07356926,0.10764691,0.0759344,0.5462031,0.5462031,-0.110012054,-0.07356926
106.430,1.9646,22.1062,1.1796,2.0,22.0,1.399999976158142,0.110854104,0.080443725,0.54523855,0.54523855,-0.11308261,-0.07821522,0.110854104,0.080443725,0.54523855,0.54523855,-0.11308261,-0.07821522
106.481,1.9641,22.1077,1.1800,2.0,22.0,1.399999976158142,0.10950229,0.0784118,0.5476902,0.5476902,-0.11180726,-0.07610684,0.10950229,0.0784118,0.5476902,0.5476902,-0.11180726,-0.07610684
106.530,1.9638,22.1083,1.1802,2.0,22.0,1.399999976158142,0.11240229,0.08266963,0.5468685,0.5468685,-0.114582255,-0.080489665,0.11240229,0.08266963,0.5468685,0.5468685,-0.114582255,-0.080489665
106.580,1.9633,22.1097,1.1805,2.0,22.0,1.399999976158142,0.11117421,0.08070743,0.54925305,0.54925305,-0.11342542,-0.07845622,0.11117421,0.08070743,0.54925305,0.54925305,-0.11342542,-0.07845622
106.631,1.9631,22.1102,1.1807,2.0,22.0,1.399999976158142,0.23124139,0.1537897,1.0,1.0,-0.235752,-0.14927909,0.23124139,0.1537897,1.0,1.0,-0.235752,-0.14927909
106.680,1.9627,22.1113,1.1823,2.0,22.0,1.399999976158142,0.10960924,0.0798153,0.52341354,0.52341354,-0.11172311,-0.07770143,0.10960924,0.0798153,0.52341354,0.52341354,-0.11172311,-0.07770143
106.731,1.9625,22.1118,1.1831,2.0,22.0,1.399999976158142,0.110375494,0.084162295,0.5122568,0.5122568,-0.1125549,-0.081982896,0.110375494,0.084162295,0.5122568,0.5122568,-0.1125549,-0.081982896
106.781,1.9621,22.1127,1.1847,2.0,22.0,1.399999976158142,0.10991823,0.08223958,0.51741326,0.51741326,-0.11211061,-0.0800472,0.10991823,0.08223958,0.51741326,0.51741326,-0.11211061,-0.0800472
106.831,1.9620,22.1130,1.1853,2.0,22.0,1.399999976158142,0.110783614,0.08591345,0.509712,0.509712,-0.112999335,-0.083697736,0.110783614,0.08591345,0.509712,0.509712,-0.112999335,-0.083697736
106.875,1.9616,22.1138,1.1867,2.0,22.0,1.399999976158142,0.11067775,0.08411197,0.51590484,0.51590484,-0.11288177,-0.08190796,0.11067775,0.08411197,0.51590484,0.51590484,-0.11288177,-0.08190796
106.930,1.9615,22.1141,1.1872,2.0,22.0,1.399999976158142,0.11140357,0.08729614,0.50985104,0.50985104,-0.11361604,-0.08508367,0.11140357,0.08729614,0.50985104,0.50985104,-0.11361604,-0.08508367
106.981,1.9613,22.1148,1.1882,2.0,22.0,1.399999976158142,0.11135627,0.08576799,0.5151841,0.5151841,-0.11356497,-0.0835593,0.11135627,0.08576799,0.5151841,0.5151841,-0.11356497,-0.0835593
107.031,1.9611,22.1151,1.1886,2.0,22.0,1.399999976158142,0.11194516,0.08851696,0.51059115,0.51059115,-0.114149295,-0.08631282,0.11194516,0.08851696,0.51059115,0.51059115,-0.114149295,-0.08631282
107.080,1.9609,22.1156,1.1895,2.0,22.0,1.399999976158142,0.11195434,0.08721894,0.5151816,0.5151816,-0.114161454,-0.085011825,0.11195434,0.08721894,0.5151816,0.5151816,-0.114161454,-0.085011825
107.130,1.9608,22.1158,1.1898,2.0,22.0,1.399999976158142,0.1124118,0.08955615,0.5119266,0.5119266,-0.114602104,-0.08736585,0.1124118,0.08955615,0.5119266,0.5119266,-0.114602104,-0.08736585
107.181,1.9606,22.1163,1.1904,2.0,22.0,1.399999976158142,0.1124786,0.08848009,0.5158217,0.5158217,-0.11467791,-0.08628078,0.1124786,0.08848009,0.5158217,0.5158217,-0.11467791,-0.08628078
107.231,1.9606,22.1164,1.1906,2.0,22.0,1.399999976158142,0.1128086,0.09045002,0.5137244,0.5137244,-0.11497974,-0.08827889,0.1128086,0.09045002,0.5137244,0.5137244,-0.11497974,-0.08827889
107.281,1.9604,22.1167,1.1910,2.0,22.0,1.399999976158142,0.112928934,0.08956843,0.51701957,0.51701957,-0.115115054,-0.0873823,0.112928934,0.08956843,0.51701957,0.51701957,-0.115115054,-0.0873823
107.330,1.9603,22.1169,1.1912,2.0,22.0,1.399999976158142,0.11313449,0.09119219,0.51597136,0.51597136,-0.11528266,-0.08904401,0.11313449,0.09119219,0.51597136,0.51597136,-0.11528266,-0.08904401
107.380,1.9602,22.1171,1.1915,2.0,22.0,1.399999976158142,0.1133092,0.0904998,0.5187122,0.5187122,-0.11547742,-0.08833159,0.1133092,0.0904998,0.5187122,0.5187122,-0.11547742,-0.08833159
107.430,1.9602,22.1172,1.1915,2.0,22.0,1.399999976158142,0.11339659,0.091805115,0.5185737,0.5185737,-0.11551772,-0.089683995,0.11339659,0.091805115,0.5185737,0.5185737,-0.11551772,-0.089683995
107.480,1.9601,22.1173,1.1917,2.0,22.0,1.399999976158142,0.113623664,0.091284685,0.5208269,0.5208269,-0.115769066,-0.08913928,0.113623664,0.091284685,0.5208269,0.5208269,-0.115769066,-0.08913928
107.531,1.9601,22.1174,1.1917,2.0,22.0,1.399999976158142,0.11360177,0.092290886,0.5214646,0.5214646,-0.11569073,-0.09020192,0.11360177,0.092290886,0.5214646,0.5214646,-0.11569073,-0.09020192
107.581,1.9600,22.1174,1.1917,2.0,22.0,1.399999976158142,0.113878384,0.091928594,0.52330726,0.52330726,-0.115995534,-0.08981145,0.113878384,0.091928594,0.52330726,0.52330726,-0.115995534,-0.08981145
107.630,1.9600,22.1174,1.1918,2.0,22.0,1.399999976158142,0.2469187,0.18786779,1.0,1.0,-0.25139108,-0.18339542,0.2469187,0.18786779,1.0,1.0,-0.25139108,-0.18339542
107.680,1.9600,22.1173,1.1931,2.0,22.0,1.399999976158142,0.1103839,0.088789575,0.49988607,0.49988607,-0.112394355,-0.086779125,0.1103839,0.088789575,0.49988607,0.49988607,-0.112394355,-0.086779125
107.731,1.9601,22.1172,1.1937,2.0,22.0,1.399999976158142,0.108783275,0.08963949,0.49069893,0.49069893,-0.11085272,-0.08757004,0.108783275,0.08963949,0.49069893,0.49069893,-0.11085272,-0.08757004
107.781,1.9601,22.1169,1.1949,2.0,22.0,1.399999976158142,0.109560385,0.089442566,0.4948758,0.4948758,-0.11163479,-0.08736816,0.109560385,0.089442566,0.4948758,0.4948758,-0.11163479,-0.08736816
107.831,1.9601,22.1168,1.1954,2.0,22.0,1.399999976158142,0.108265266,0.09000913,0.48936334,0.48936334,-0.1103613,-0.0879131,0.108265266,0.09000913,0.48936334,0.48936334,-0.1103613,-0.0879131
107.880,1.9602,22.1165,1.1963,2.0,22.0,1.399999976158142,0.10926724,0.0898451,0.49458244,0.49458244,-0.11135019,-0.08776215,0.10926724,0.0898451,0.49458244,0.49458244,-0.11135019,-0.08776215
107.930,1.9602,22.1164,1.1966,2.0,22.0,1.399999976158142,0.1080838,0.09017821,0.49103078,0.49103078,-0.11016709,-0.08809492,0.1080838,0.09017821,0.49103078,0.49103078,-0.11016709,-0.08809492
107.981,1.9603,22.1161,1.1972,2.0,22.0,1.399999976158142,0.10901309,0.09013778,0.49523667,0.49523667,-0.111092694,-0.088058166,0.10901309,0.09013778,0.49523667,0.49523667,-0.111092694,-0.088058166
108.031,1.9603,22.1160,1.1974,2.0,22.0,1.399999976158142,0.10792855,0.09024308,0.49341884,0.49341884,-0.10998578,-0.08818585,0.10792855,0.09024308,0.49341884,0.49341884,-0.10998578,-0.08818585
108.081,1.9604,22.1157,1.1977,2.0,22.0,1.399999976158142,0.108793594,0.09032229,0.4967267,0.4967267,-0.11085727,-0.08825862,0.108793594,0.09032229,0.4967267,0.4967267,-0.11085727,-0.08825862
108.131,1.9605,22.1155,1.1978,2.0,22.0,1.399999976158142,0.10777242,0.09020056,0.4963753,0.4963753,-0.10978968,-0.0881833,0.10777242,0.09020056,0.4963753,0.4963753,-0.10978968,-0.0881833
108.180,1.9606,22.1151,1.1979,2.0,22.0,1.399999976158142,0.10858892,0.09039756,0.49891672,0.49891672,-0.11062382,-0.08836266,0.10858892,0.09039756,0.49891672,0.49891672,-0.11062382,-0.08836266
108.230,1.9606,22.1150,1.1979,2.0,22.0,1.399999976158142,0.10760022,0.09005128,0.4998534,0.4998534,-0.10956557,-0.08808593,0.10760022,0.09005128,0.4998534,0.4998534,-0.10956557,-0.08808593
108.281,1.9607,22.1146,1.1978,2.0,22.0,1.399999976158142,0.10837258,0.09036197,0.5017125,0.5017125,-0.110366896,-0.08836764,0.10837258,0.09036197,0.5017125,0.5017125,-0.110366896,-0.08836764
108.330,1.9608,22.1144,1.1977,2.0,22.0,1.399999976158142,0.10738918,0.08979208,0.50377667,0.50377667,-0.1092924,-0.08788885,0.10738918,0.08979208,0.50377667,0.50377667,-0.1092924,-0.08788885
108.380,1.9609,22.1139,1.1974,2.0,22.0,1.399999976158142,0.10814181,0.09021744,0.505048,0.505048,-0.11008472,-0.08827453,0.10814181,0.09021744,0.505048,0.505048,-0.11008472,-0.08827453
108.430,1.9610,22.1137,1.1973,2.0,22.0,1.399999976158142,0.10716191,0.08944234,0.5080737,0.5080737,-0.10899462,-0.087609634,0.10716191,0.08944234,0.5080737,0.5080737,-0.10899462,-0.087609634
108.481,1.9611,22.1132,1.1969,2.0,22.0,1.399999976158142,0.10791161,0.08998379,0.5088296,0.5088296,-0.10979452,-0.08810088,0.10791161,0.08998379,0.5088296,0.5088296,-0.10979452,-0.08810088
108.530,1.9612,22.1130,1.1966,2.0,22.0,1.399999976158142,0.106945656,0.08902699,0.51264685,0.51264685,-0.10870231,-0.087270334,0.106945656,0.08902699,0.51264685,0.51264685,-0.10870231,-0.087270334
108.580,1.9613,22.1125,1.1961,2.0,22.0,1.399999976158142,0.107678175,0.089664094,0.51297265,0.51297265,-0.10949325,-0.08784902,0.107678175,0.089664094,0.51297265,0.51297265,-0.10949325,-0.08784902
108.630,1.9614,22.1122,1.1959,2.0,22.0,1.399999976158142,0.23728338,0.18819664,1.0,1.0,-0.2412023,-0.18427773,0.23728338,0.18819664,1.0,1.0,-0.2412023,-0.18427773
108.680,1.9616,22.1115,1.1965,2.0,22.0,1.399999976158142,0.103820734,0.08557177,0.49294537,0.49294537,-0.105487645,-0.08390486,0.103820734,0.08557177,0.49294537,0.49294537,-0.105487645,-0.08390486
108.730,1.9617,22.1112,1.1969,2.0,22.0,1.399999976158142,0.10189328,0.08428776,0.48724255,0.48724255,-0.10347545,-0.082705595,0.10189328,0.08428776,0.48724255,0.48724255,-0.10347545,-0.082705595
108.780,1.9619,22.1105,1.1977,2.0,22.0,1.399999976158142,0.10281342,0.08510476,0.4890165,0.4890165,-0.104456134,-0.08346205,0.10281342,0.08510476,0.4890165,0.4890165,-0.104456134,-0.08346205
108.831,1.9620,22.1101,1.1980,2.0,22.0,1.399999976158142,0.101139925,0.08377759,0.48604757,0.48604757,-0.10268168,-0.08223583,0.101139925,0.08377759,0.48604757,0.48604757,-0.10268168,-0.08223583
108.880,1.9623,22.1094,1.1984,2.0,22.0,1.399999976158142,0.102271475,0.084622696,0.4899531,0.4899531,-0.10386056,-0.083033614,0.102271475,0.084622696,0.4899531,0.4899531,-0.10386056,-0.083033614
108.930,1.9624,22.1091,1.1986,2.0,22.0,1.399999976158142,0.10072626,0.083224684,0.4887492,0.4887492,-0.10220315,-0.0817478,0.10072626,0.083224684,0.4887492,0.4887492,-0.10220315,-0.0817478
108.980,1.9626,22.1084,1.1988,2.0,22.0,1.399999976158142,0.101773284,0.08410095,0.49177647,0.49177647,-0.1033034,-0.08257083,0.101773284,0.08410095,0.49177647,0.49177647,-0.1033034,-0.08257083
109.030,1.9627,22.1081,1.1988,2.0,22.0,1.399999976158142,0.10030405,0.08260253,0.49209183,0.49209183,-0.10171179,-0.0811948,0.10030405,0.08260253,0.49209183,0.49209183,-0.10171179,-0.0811948
109.080,1.9629,22.1073,1.1988,2.0,22.0,1.399999976158142,0.10128526,0.08351627,0.49432772,0.49432772,-0.10275104,-0.082050495,0.10128526,0.08351627,0.49432772,0.49432772,-0.10275104,-0.082050495
109.130,1.9630,22.1070,1.1987,2.0,22.0,1.399999976158142,0.09986757,0.08190769,0.49600866,0.49600866,-0.10120233,-0.08057293,0.09986757,0.08190769,0.49600866,0.49600866,-0.10120233,-0.08057293
109.181,1.9633,22.1062,1.1985,2.0,22.0,1.399999976158142,0.100797266,0.082866296,0.49755117,0.49755117,-0.10219413,-0.08146943,0.100797266,0.082866296,0.49755117,0.49755117,-0.10219413,-0.08146943
109.230,1.9634,22.1059,1.1984,2.0,22.0,1.399999976158142,0.09938305,0.08112431,0.5004234,0.5004234,-0.10064056,-0.079866804,0.09938305,0.08112431,0.5004234,0.5004234,-0.10064056,-0.079866804
109.280,1.9636,22.1051,1.1980,2.0,22.0,1.399999976158142,0.10030757,0.08216039,0.5013376,0.5013376,-0.10163231,-0.08083564,0.10030757,0.08216039,0.5013376,0.5013376,-0.10163231,-0.08083564
109.330,1.9637,22.1048,1.1977,2.0,22.0,1.399999976158142,0.09894079,0.08033786,0.50522065,0.50522065,-0.10012171,-0.079156935,0.09894079,0.08033786,0.50522065,0.50522065,-0.10012171,-0.079156935
109.381,1.9640,22.1040,1.1972,2.0,22.0,1.399999976158142,0.099841416,0.081422135,0.50559694,0.50559694,-0.101092085,-0.080171466,0.099841416,0.081422135,0.50559694,0.50559694,-0.101092085,-0.080171466
109.430,1.9641,22.1037,1.1969,2.0,22.0,1.399999976158142,0.09852353,0.07952912,0.5103007,0.5103007,-0.099626765,-0.078425884,0.09852353,0.07952912,0.5103007,0.5103007,-0.099626765,-0.078425884
109.480,1.9643,22.1029,1.1962,2.0,22.0,1.399999976158142,0.0993925,0.08064972,0.51023096,0.51023096,-0.10056716,-0.07947507,0.0993925,0.08064972,0.51023096,0.51023096,-0.10056716,-0.07947507
109.530,1.9644,22.1026,1.1959,2.0,22.0,1.399999976158142,0.09812038,0.07869084,0.5155743,0.5155743,-0.09914445,-0.07766677,0.09812038,0.07869084,0.5155743,0.5155743,-0.09914445,-0.07766677
109.580,1.9647,22.1018,1.1951,2.0,22.0,1.399999976158142,0.098966256,0.079854146,0.51513296,0.51513296,-0.10006373,-0.07875668,0.098966256,0.079854146,0.51513296,0.51513296,-0.10006373,-0.07875668
109.631,1.9648,22.1015,1.1948,2.0,22.0,1.399999976158142,0.21747975,0.16637793,1.0,1.0,-0.21983744,-0.16402024,0.21747975,0.16637793,1.0,1.0,-0.21983744,-0.16402024
109.681,1.9651,22.1005,1.1952,2.0,22.0,1.399999976158142,0.0951784,0.07560461,0.4959085,0.4959085,-0.09614385,-0.07463916,0.0951784,0.07560461,0.4959085,0.4959085,-0.09614385,-0.07463916
109.731,1.9652,22.1001,1.1955,2.0,22.0,1.399999976158142,0.09311051,0.073345974,0.49144492,0.49144492,-0.093963005,-0.07249348,0.09311051,0.073345974,0.49144492,0.49144492,-0.093963005,-0.07249348
109.780,1.9655,22.0992,1.1961,2.0,22.0,1.399999976158142,0.09411268,0.074645944,0.4926338,0.4926338,-0.09503584,-0.07372278,0.09411268,0.074645944,0.4926338,0.4926338,-0.09503584,-0.07372278
109.830,1.9656,22.0988,1.1963,2.0,22.0,1.399999976158142,0.09230112,0.07248733,0.49070317,0.49070317,-0.093108684,-0.07167976,0.09230112,0.07248733,0.49070317,0.49070317,-0.093108684,-0.07167976
109.880,1.9659,22.0979,1.1966,2.0,22.0,1.399999976158142,0.09343908,0.07375689,0.49405858,0.49405858,-0.094302475,-0.0728935,0.09343908,0.07375689,0.49405858,0.49405858,-0.094302475,-0.0728935
109.930,1.9661,22.0975,1.1967,2.0,22.0,1.399999976158142,0.09173579,0.07159614,0.49371865,0.49371865,-0.09247984,-0.070852086,0.09173579,0.07159614,0.49371865,0.49371865,-0.09247984,-0.070852086
109.980,1.9664,22.0966,1.1968,2.0,22.0,1.399999976158142,0.092801176,0.07285693,0.49628815,0.49628815,-0.093602754,-0.072055355,0.092801176,0.07285693,0.49628815,0.49628815,-0.093602754,-0.072055355
110.031,1.9665,22.0962,1.1968,2.0,22.0,1.399999976158142,0.0911526,0.070647806,0.49731058,0.49731058,-0.09183048,-0.06996993,0.0911526,0.070647806,0.49731058,0.49731058,-0.09183048,-0.06996993
110.081,1.9668,22.0953,1.1967,2.0,22.0,1.399999976158142,0.09216926,0.07191924,0.49917838,0.49917838,-0.09290652,-0.07118198,0.09216926,0.07191924,0.49917838,0.49917838,-0.09290652,-0.07118198
110.130,1.9669,22.0949,1.1966,2.0,22.0,1.399999976158142,0.09054908,0.0696461,0.5014196,0.5014196,-0.09115878,-0.0690364,0.09054908,0.0696461,0.5014196,0.5014196,-0.09115878,-0.0690364
110.181,1.9672,22.0940,1.1963,2.0,22.0,1.399999976158142,0.09153234,0.070936576,0.50265676,0.50265676,-0.09220287,-0.070266046,0.09153234,0.070936576,0.50265676,0.50265676,-0.09220287,-0.070266046
110.231,1.9674,22.0936,1.1961,2.0,22.0,1.399999976158142,0.08996133,0.06862974,0.50594974,0.50594974,-0.090502016,-0.068089046,0.08996133,0.06862974,0.50594974,0.50594974,-0.090502016,-0.068089046
110.280,1.9677,22.0926,1.1956,2.0,22.0,1.399999976158142,0.09092167,0.06994424,0.50663525,0.50663525,-0.09152446,-0.06934145,0.09092167,0.06994424,0.50663525,0.50663525,-0.09152446,-0.06934145
110.330,1.9678,22.0923,1.1954,2.0,22.0,1.399999976158142,0.08939521,0.06759513,0.51081014,0.51081014,-0.089865275,-0.06712507,0.08939521,0.06759513,0.51081014,0.51081014,-0.089865275,-0.06712507
110.380,1.9681,22.0914,1.1948,2.0,22.0,1.399999976158142,0.09033941,0.06894409,0.51100653,0.51100653,-0.090873405,-0.06841009,0.09033941,0.06894409,0.51100653,0.51100653,-0.090873405,-0.06841009
110.430,1.9682,22.0910,1.1945,2.0,22.0,1.399999976158142,0.08887916,0.0665817,0.5158728,0.5158728,-0.089278795,-0.06618208,0.08887916,0.0665817,0.5158728,0.5158728,-0.089278795,-0.06618208
110.480,1.9685,22.0901,1.1938,2.0,22.0,1.399999976158142,0.08978501,0.06793497,0.51568747,0.51568747,-0.09024902,-0.06747096,0.08978501,0.06793497,0.51568747,0.51568747,-0.09024902,-0.06747096
110.530,1.9686,22.0897,1.1935,2.0,22.0,1.399999976158142,0.0883884,0.06555936,0.5210718,0.5210718,-0.08871651,-0.06523125,0.0883884,0.06555936,0.5210718,0.5210718,-0.08871651,-0.06523125
110.581,1.9689,22.0888,1.1928,2.0,22.0,1.399999976158142,0.08926039,0.06692402,0.5205855,0.5205855,-0.089653745,-0.06653067,0.08926039,0.06692402,0.5205855,0.5205855,-0.089653745,-0.06653067
110.626,1.9690,22.0884,1.1925,2.0,22.0,1.399999976158142,0.19512822,0.13655213,1.0,1.0,-0.19596416,-0.13571618,0.19512822,0.13655213,1.0,1.0,-0.19596416,-0.13571618
110.680,1.9694,22.0874,1.1931,2.0,22.0,1.399999976158142,0.08568115,0.06283902,0.5003608,0.5003608,-0.08597746,-0.06254271,0.08568115,0.06283902,0.5003608,0.5003608,-0.08597746,-0.06254271
110.730,1.9695,22.0870,1.1934,2.0,22.0,1.399999976158142,0.083635345,0.060302224,0.49522167,0.49522167,-0.083832026,-0.06010554,0.083635345,0.060302224,0.49522167,0.49522167,-0.083832026,-0.06010554
110.781,1.9698,22.0860,1.1940,2.0,22.0,1.399999976158142,0.08466119,0.061728872,0.49732545,0.49732545,-0.08491524,-0.061474822,0.08466119,0.061728872,0.49732545,0.49732545,-0.08491524,-0.061474822
110.830,1.9700,22.0856,1.1942,2.0,22.0,1.399999976158142,0.08289681,0.059317548,0.4955003,0.4955003,-0.0830464,-0.059167955,0.08289681,0.059317548,0.4955003,0.4955003,-0.0830464,-0.059167955
110.881,1.9703,22.0847,1.1945,2.0,22.0,1.399999976158142,0.08396539,0.060695168,0.49878746,0.49878746,-0.084164284,-0.060496278,0.08396539,0.060695168,0.49878746,0.49878746,-0.084164284,-0.060496278
110.931,1.9704,22.0842,1.1946,2.0,22.0,1.399999976158142,0.08230587,0.058316913,0.4983756,0.4983756,-0.08239906,-0.05822372,0.08230587,0.058316913,0.4983756,0.4983756,-0.08239906,-0.05822372
110.980,1.9707,22.0833,1.1947,2.0,22.0,1.399999976158142,0.083306566,0.059668694,0.5009495,0.5009495,-0.0834497,-0.05952556,0.083306566,0.059668694,0.5009495,0.5009495,-0.0834497,-0.05952556
111.031,1.9709,22.0829,1.1947,2.0,22.0,1.399999976158142,0.08169515,0.05725948,0.5017783,0.5017783,-0.08172999,-0.057224635,0.08169515,0.05725948,0.5017783,0.5017783,-0.08172999,-0.057224635
111.080,1.9712,22.0820,1.1947,2.0,22.0,1.399999976158142,0.082652204,0.05861103,0.5037047,0.5037047,-0.08273803,-0.058525205,0.082652204,0.05861103,0.5037047,0.5037047,-0.08273803,-0.058525205
111.131,1.9713,22.0816,1.1946,2.0,22.0,1.399999976158142,0.0810813,0.056175847,0.50565946,0.50565946,-0.081057526,-0.05619962,0.0810813,0.056175847,0.50565946,0.50565946,-0.081057526,-0.05619962
111.181,1.9716,22.0806,1.1943,2.0,22.0,1.399999976158142,0.08200586,0.05753338,0.50701046,0.50701046,-0.08203368,-0.057505555,0.08200586,0.05753338,0.50701046,0.50701046,-0.08203368,-0.057505555
111.231,1.9718,22.0803,1.1942,2.0,22.0,1.399999976158142,0.08047348,0.055069335,0.5099383,0.5099383,-0.08039057,-0.055152245,0.08047348,0.055069335,0.5099383,0.5099383,-0.08039057,-0.055152245
111.280,1.9721,22.0793,1.1938,2.0,22.0,1.399999976158142,0.0813786,0.056442987,0.5107782,0.5107782,-0.08134778,-0.056473814,0.0813786,0.056442987,0.5107782,0.5107782,-0.08134778,-0.056473814
111.331,1.9722,22.0789,1.1936,2.0,22.0,1.399999976158142,0.07989458,0.053956363,0.5145205,0.5145205,-0.079752,-0.05409894,0.07989458,0.053956363,0.5145205,0.5145205,-0.079752,-0.05409894
111.380,1.9725,22.0780,1.1931,2.0,22.0,1.399999976158142,0.08078142,0.055353552,0.5149121,0.5149121,-0.08069177,-0.055443197,0.08078142,0.055353552,0.5149121,0.5149121,-0.08069177,-0.055443197
111.430,1.9726,22.0776,1.1929,2.0,22.0,1.399999976158142,0.079359934,0.052859988,0.51930326,0.51930326,-0.07915795,-0.053061973,0.079359934,0.052859988,0.51930326,0.51930326,-0.07915795,-0.053061973
111.480,1.9729,22.0767,1.1923,2.0,22.0,1.399999976158142,0.080211386,0.054256476,0.51933235,0.51933235,-0.08006223,-0.05440563,0.080211386,0.054256476,0.51933235,0.51933235,-0.08006223,-0.05440563
111.530,1.9731,22.0764,1.1920,2.0,22.0,1.399999976158142,0.078865066,0.051774263,0.52419394,0.52419394,-0.078603625,-0.052035708,0.078865066,0.051774263,0.52419394,0.52419394,-0.078603625,-0.052035708
111.580,1.9734,22.0755,1.1913,2.0,22.0,1.399999976158142,0.07967519,0.05316314,0.5239505,0.5239505,-0.07946629,-0.05337204,0.07967519,0.05316314,0.5239505,0.5239505,-0.07946629,-0.05337204
111.631,1.9735,22.0751,1.1911,2.0,22.0,1.399999976158142,0.17427392,0.105721764,1.0,1.0,-0.17383416,-0.10616153,0.17427392,0.105721764,1.0,1.0,-0.17383416,-0.10616153
111.681,1.9738,22.0741,1.1918,2.0,22.0,1.399999976158142,0.07651352,0.04944975,0.5032581,0.5032581,-0.076243,-0.049720272,0.07651352,0.04944975,0.5032581,0.5032581,-0.076243,-0.049720272
111.730,1.9740,22.0737,1.1921,2.0,22.0,1.399999976158142,0.07462099,0.046832316,0.4976028,0.4976028,-0.074269585,-0.04718372,0.07462099,0.046832316,0.4976028,0.4976028,-0.074269585,-0.04718372
111.780,1.9743,22.0727,1.1928,2.0,22.0,1.399999976158142,0.07556272,0.048287995,0.49997503,0.49997503,-0.075257316,-0.048593406,0.07556272,0.048287995,0.49997503,0.49997503,-0.075257316,-0.048593406
111.830,1.9744,22.0723,1.1930,2.0,22.0,1.399999976158142,0.07393813,0.045820087,0.49759665,0.49759665,-0.07354943,-0.0462088,0.07393813,0.045820087,0.49759665,0.49759665,-0.07354943,-0.0462088
111.880,1.9747,22.0714,1.1935,2.0,22.0,1.399999976158142,0.07491096,0.04722054,0.5011541,0.5011541,-0.074561074,-0.047570433,0.07491096,0.04722054,0.5011541,0.5011541,-0.074561074,-0.047570433
111.930,1.9749,22.0710,1.1936,2.0,22.0,1.399999976158142,0.07339912,0.044811696,0.50017977,0.50017977,-0.07296634,-0.045244478,0.07339912,0.044811696,0.50017977,0.50017977,-0.07296634,-0.045244478
111.980,1.9752,22.0702,1.1938,2.0,22.0,1.399999976158142,0.07430321,0.046175964,0.5030271,0.5030271,-0.07390913,-0.046570037,0.07430321,0.046175964,0.5030271,0.5030271,-0.07390913,-0.046570037
112.030,1.9753,22.0698,1.1939,2.0,22.0,1.399999976158142,0.0728607,0.04377591,0.5032942,0.5032942,-0.0723834,-0.04425321,0.0728607,0.04377591,0.5032942,0.5032942,-0.0723834,-0.04425321
112.080,1.9756,22.0689,1.1939,2.0,22.0,1.399999976158142,0.07371287,0.0451209,0.5054928,0.5054928,-0.07327423,-0.04555954,0.07371287,0.0451209,0.5054928,0.5054928,-0.07327423,-0.04555954
112.131,1.9759,22.0680,1.1938,2.0,22.0,1.399999976158142,0.0723149,0.042706817,0.50687444,0.50687444,-0.071792655,-0.04322907,0.0723149,0.042706817,0.50687444,0.50687444,-0.071792655,-0.04322907
112.180,1.9760,22.0677,1.1937,2.0,22.0,1.399999976158142,0.071904205,0.041931115,0.5091309,0.5091309,-0.07135177,-0.042483557,0.071904205,0.041931115,0.5091309,0.5091309,-0.07135177,-0.042483557
112.231,1.9761,22.0673,1.1936,2.0,22.0,1.399999976158142,0.072671115,0.043218795,0.51038474,0.51038474,-0.072155505,-0.043734398,0.072671115,0.043218795,0.51038474,0.51038474,-0.072155505,-0.043734398
112.280,1.9764,22.0664,1.1933,2.0,22.0,1.399999976158142,0.07258497,0.0429351,0.5119649,0.5119649,-0.072055966,-0.043464106,0.07258497,0.0429351,0.5119649,0.5119649,-0.072055966,-0.043464106
112.330,1.9766,22.0661,1.1931,2.0,22.0,1.399999976158142,0.07158319,0.04021827,0.51518786,0.51518786,-0.07097042,-0.040831037,0.07158319,0.04021827,0.51518786,0.51518786,-0.07097042,-0.040831037
112.381,1.9768,22.0652,1.1927,2.0,22.0,1.399999976158142,0.07221391,0.041694235,0.5158325,0.5158325,-0.0716409,-0.042267244,0.07221391,0.041694235,0.5158325,0.5158325,-0.0716409,-0.042267244
112.430,1.9770,22.0649,1.1925,2.0,22.0,1.399999976158142,0.07113259,0.03913969,0.5197019,0.5197019,-0.07048086,-0.039791424,0.07113259,0.03913969,0.5197019,0.5197019,-0.07048086,-0.039791424
112.480,1.9772,22.0641,1.1920,2.0,22.0,1.399999976158142,0.07175428,0.04056266,0.5199884,0.5199884,-0.071139365,-0.041177575,0.07175428,0.04056266,0.5199884,0.5199884,-0.071139365,-0.041177575
112.530,1.9774,22.0637,1.1918,2.0,22.0,1.399999976158142,0.07070558,0.038049683,0.52435607,0.52435607,-0.07001418,-0.03874108,0.07070558,0.038049683,0.52435607,0.52435607,-0.07001418,-0.03874108
112.580,1.9776,22.0629,1.1912,2.0,22.0,1.399999976158142,0.07131577,0.039449796,0.524356,0.524356,-0.07065961,-0.040105958,0.07131577,0.039449796,0.524356,0.524356,-0.07065961,-0.040105958
112.630,1.9778,22.0625,1.1910,2.0,22.0,1.399999976158142,0.15763049,0.075631596,1.0,1.0,-0.15624854,-0.077013545,0.15763049,0.075631596,1.0,1.0,-0.15624854,-0.077013545
112.680,1.9781,22.0616,1.1917,2.0,22.0,1.399999976158142,0.068641886,0.036140475,0.50330377,0.50330377,-0.06796197,-0.03682039,0.068641886,0.036140475,0.50330377,0.50330377,-0.06796197,-0.03682039
112.731,1.9782,22.0612,1.1921,2.0,22.0,1.399999976158142,0.06706556,0.033581275,0.49725553,0.49725553,-0.06633927,-0.03430756,0.06706556,0.033581275,0.49725553,0.49725553,-0.06633927,-0.03430756
112.780,1.9785,22.0604,1.1928,2.0,22.0,1.399999976158142,0.06781653,0.034997612,0.49980536,0.49980536,-0.06711777,-0.03569637,0.06781653,0.034997612,0.49980536,0.49980536,-0.06711777,-0.03569637
112.830,1.9786,22.0600,1.1931,2.0,22.0,1.399999976158142,0.06646814,0.032591708,0.49704963,0.49704963,-0.065721065,-0.033338785,0.06646814,0.032591708,0.49704963,0.49704963,-0.065721065,-0.033338785
112.880,1.9789,22.0592,1.1936,2.0,22.0,1.399999976158142,0.06727011,0.033962652,0.5008131,0.5008131,-0.06654461,-0.034688152,0.06727011,0.033962652,0.5008131,0.5008131,-0.06654461,-0.034688152
112.930,1.9790,22.0588,1.1938,2.0,22.0,1.399999976158142,0.06602226,0.031637847,0.49949628,0.49949628,-0.0652493,-0.032410804,0.06602226,0.031637847,0.49949628,0.49949628,-0.0652493,-0.032410804
112.980,1.9793,22.0580,1.1940,2.0,22.0,1.399999976158142,0.066758625,0.03294869,0.502511,0.502511,-0.066006616,-0.033700697,0.066758625,0.03294869,0.502511,0.502511,-0.066006616,-0.033700697
113.030,1.9794,22.0577,1.1941,2.0,22.0,1.399999976158142,0.065584585,0.030672349,0.5024878,0.5024878,-0.06478578,-0.03147116,0.065584585,0.030672349,0.5024878,0.5024878,-0.06478578,-0.03147116
113.080,1.9797,22.0569,1.1942,2.0,22.0,1.399999976158142,0.06525706,0.029980429,0.5043964,0.5043964,-0.06444124,-0.030796241,0.06525706,0.029980429,0.5043964,0.5043964,-0.06444124,-0.030796241
113.130,1.9798,22.0566,1.1941,2.0,22.0,1.399999976158142,0.06588851,0.031181186,0.5062965,0.5062965,-0.065091945,-0.03197775,0.06588851,0.031181186,0.5062965,0.5062965,-0.065091945,-0.03197775
113.180,1.9801,22.0558,1.1940,2.0,22.0,1.399999976158142,0.06578586,0.030919999,0.50770766,0.50770766,-0.06498096,-0.0317249,0.06578586,0.030919999,0.50770766,0.50770766,-0.06498096,-0.0317249
113.231,1.9802,22.0555,1.1940,2.0,22.0,1.399999976158142,0.06468047,0.0286383,0.5098364,0.5098364,-0.06382905,-0.029489717,0.06468047,0.0286383,0.5098364,0.5098364,-0.06382905,-0.029489717
113.275,1.9805,22.0547,1.1937,2.0,22.0,1.399999976158142,0.065309525,0.029882988,0.511062,0.511062,-0.064477935,-0.030714575,0.065309525,0.029882988,0.511062,0.511062,-0.064477935,-0.030714575
113.325,1.9806,22.0544,1.1935,2.0,22.0,1.399999976158142,0.06424427,0.027587995,0.51404935,0.51404935,-0.063365705,-0.028466564,0.06424427,0.027587995,0.51404935,0.51404935,-0.063365705,-0.028466564
113.375,1.9808,22.0536,1.1932,2.0,22.0,1.399999976158142,0.06485533,0.02883911,0.5148164,0.5148164,-0.06399657,-0.029697869,0.06485533,0.02883911,0.5148164,0.5148164,-0.06399657,-0.029697869
113.425,1.9810,22.0533,1.1930,2.0,22.0,1.399999976158142,0.0638453,0.026545402,0.5185022,0.5185022,-0.06293892,-0.027451778,0.0638453,0.026545402,0.5185022,0.5185022,-0.06293892,-0.027451778
113.475,1.9812,22.0526,1.1925,2.0,22.0,1.399999976158142,0.06443284,0.02780251,0.5188825,0.5188825,-0.06354641,-0.02868893,0.06443284,0.02780251,0.5188825,0.5188825,-0.06354641,-0.02868893
113.525,1.9813,22.0523,1.1922,2.0,22.0,1.399999976158142,0.063491926,0.025525626,0.5231006,0.5231006,-0.06255703,-0.026460532,0.063491926,0.025525626,0.5231006,0.5231006,-0.06255703,-0.026460532
113.580,1.9816,22.0515,1.1917,2.0,22.0,1.399999976158142,0.06403971,0.026762536,0.52319014,0.52319014,-0.063124694,-0.027677545,0.06403971,0.026762536,0.52319014,0.52319014,-0.063124694,-0.027677545
113.631,1.9817,22.0512,1.1915,2.0,22.0,1.399999976158142,0.14404877,0.047698032,1.0,1.0,-0.14211652,-0.04963028,0.14404877,0.047698032,1.0,1.0,-0.14211652,-0.04963028
113.680,1.9820,22.0504,1.1923,2.0,22.0,1.399999976158142,0.061805025,0.023914553,0.5020817,0.5020817,-0.06089053,-0.02482905,0.061805025,0.023914553,0.5020817,0.5020817,-0.06089053,-0.02482905
113.731,1.9821,22.0500,1.1926,2.0,22.0,1.399999976158142,0.060450345,0.021506956,0.49591786,0.49591786,-0.05950611,-0.022451188,0.060450345,0.021506956,0.49591786,0.49591786,-0.05950611,-0.022451188
113.780,1.9824,22.0493,1.1934,2.0,22.0,1.399999976158142,0.06109482,0.022817157,0.49854234,0.49854234,-0.060167324,-0.023744654,0.06109482,0.022817157,0.49854234,0.49854234,-0.060167324,-0.023744654
113.831,1.9825,22.0489,1.1937,2.0,22.0,1.399999976158142,0.0599732,0.020569168,0.4957287,0.4957287,-0.059013754,-0.021528613,0.0599732,0.020569168,0.4957287,0.4957287,-0.059013754,-0.021528613
113.880,1.9827,22.0482,1.1942,2.0,22.0,1.399999976158142,0.060640745,0.021832274,0.49952272,0.49952272,-0.059693832,-0.022779185,0.060640745,0.021832274,0.49952272,0.49952272,-0.059693832,-0.022779185
113.930,1.9828,22.0479,1.1943,2.0,22.0,1.399999976158142,0.059636556,0.019671002,0.4982111,0.4982111,-0.058657546,-0.020650009,0.059636556,0.019671002,0.4982111,0.4982111,-0.058657546,-0.020650009
113.981,1.9831,22.0472,1.1946,2.0,22.0,1.399999976158142,0.060229998,0.020872384,0.5012291,0.5012291,-0.05926344,-0.021838939,0.060229998,0.020872384,0.5012291,0.5012291,-0.05926344,-0.021838939
114.031,1.9832,22.0469,1.1947,2.0,22.0,1.399999976158142,0.059307344,0.018749254,0.50123334,0.50123334,-0.05830818,-0.019748418,0.059307344,0.018749254,0.50123334,0.50123334,-0.05830818,-0.019748418
114.081,1.9834,22.0462,1.1947,2.0,22.0,1.399999976158142,0.059841335,0.0199081,0.5035586,0.5035586,-0.058854666,-0.020894771,0.059841335,0.0199081,0.5035586,0.5035586,-0.058854666,-0.020894771
114.130,1.9835,22.0459,1.1947,2.0,22.0,1.399999976158142,0.0589732,0.017797863,0.50473475,0.50473475,-0.057953376,-0.01881769,0.0589732,0.017797863,0.50473475,0.50473475,-0.057953376,-0.01881769
114.180,1.9838,22.0452,1.1946,2.0,22.0,1.399999976158142,0.059464224,0.018933346,0.50646216,0.50646216,-0.058456983,-0.019940585,0.059464224,0.018933346,0.50646216,0.50646216,-0.058456983,-0.019940585
114.230,1.9839,22.0449,1.1945,2.0,22.0,1.399999976158142,0.058624342,0.016789723,0.50865597,0.50865597,-0.057582837,-0.017831229,0.058624342,0.016789723,0.50865597,0.50865597,-0.057582837,-0.017831229
114.281,1.9841,22.0443,1.1942,2.0,22.0,1.399999976158142,0.0591029,0.017947773,0.5098596,0.5098596,-0.058074445,-0.018976228,0.0591029,0.017947773,0.5098596,0.5098596,-0.058074445,-0.018976228
114.331,1.9842,22.0440,1.1941,2.0,22.0,1.399999976158142,0.058304537,0.015767518,0.51293176,0.51293176,-0.057240102,-0.016831953,0.058304537,0.015767518,0.51293176,0.51293176,-0.057240102,-0.016831953
114.380,1.9844,22.0433,1.1937,2.0,22.0,1.399999976158142,0.05876486,0.016947865,0.5136579,0.5136579,-0.057714123,-0.017998604,0.05876486,0.016947865,0.5136579,0.5136579,-0.057714123,-0.017998604
114.430,1.9845,22.0430,1.1935,2.0,22.0,1.399999976158142,0.058034014,0.014778121,0.5174365,0.5174365,-0.056945715,-0.015866421,0.058034014,0.014778121,0.5174365,0.5174365,-0.056945715,-0.015866421
114.480,1.9847,22.0424,1.1929,2.0,22.0,1.399999976158142,0.058460835,0.01595244,0.517779,0.517779,-0.05738669,-0.017026588,0.058460835,0.01595244,0.517779,0.517779,-0.05738669,-0.017026588
114.530,1.9848,22.0421,1.1927,2.0,22.0,1.399999976158142,0.05779311,0.013768645,0.5221153,0.5221153,-0.05667913,-0.014882623,0.05779311,0.013768645,0.5221153,0.5221153,-0.05667913,-0.014882623
114.580,1.9851,22.0415,1.1921,2.0,22.0,1.399999976158142,0.058188204,0.014954875,0.5221296,0.5221296,-0.05708938,-0.016053695,0.058188204,0.014954875,0.5221296,0.5221296,-0.05708938,-0.016053695
114.630,1.9852,22.0412,1.1920,2.0,22.0,1.399999976158142,0.13330661,0.021422911,1.0,1.0,-0.1309821,-0.023747424,0.13330661,0.021422911,1.0,1.0,-0.1309821,-0.023747424
114.680,1.9854,22.0405,1.1927,2.0,22.0,1.399999976158142,0.056417372,0.012481398,0.501175,0.501175,-0.05532952,-0.013569251,0.056417372,0.012481398,0.501175,0.501175,-0.05532952,-0.013569251
114.731,1.9855,22.0402,1.1931,2.0,22.0,1.399999976158142,0.055446923,0.010130766,0.49511576,0.49511576,-0.05432753,-0.011250159,0.055446923,0.010130766,0.49511576,0.49511576,-0.05432753,-0.011250159
114.780,1.9857,22.0395,1.1938,2.0,22.0,1.399999976158142,0.055896852,0.011395174,0.49771452,0.49771452,-0.054792415,-0.012499611,0.055896852,0.011395174,0.49771452,0.49771452,-0.054792415,-0.012499611
114.830,1.9858,22.0392,1.1941,2.0,22.0,1.399999976158142,0.05510765,0.009173363,0.4949483,0.4949483,-0.053970516,-0.010310495,0.05510765,0.009173363,0.4949483,0.4949483,-0.053970516,-0.010310495
114.881,1.9861,22.0386,1.1945,2.0,22.0,1.399999976158142,0.05557902,0.010417619,0.49872825,0.49872825,-0.054454472,-0.011542168,0.05557902,0.010417619,0.49872825,0.49872825,-0.054454472,-0.011542168
114.930,1.9862,22.0383,1.1947,2.0,22.0,1.399999976158142,0.054903742,0.00831332,0.49754605,0.49754605,-0.053746868,-0.009470195,0.054903742,0.00831332,0.49754605,0.49754605,-0.053746868,-0.009470195
114.980,1.9864,22.0377,1.1949,2.0,22.0,1.399999976158142,0.05530387,0.009474821,0.500504,0.500504,-0.054159146,-0.010619551,0.05530387,0.009474821,0.500504,0.500504,-0.054159146,-0.010619551
115.030,1.9865,22.0374,1.1950,2.0,22.0,1.399999976158142,0.054700077,0.0074080513,0.5006517,0.5006517,-0.053522654,-0.008585475,0.054700077,0.0074080513,0.5006517,0.5006517,-0.053522654,-0.008585475
115.081,1.9867,22.0368,1.1950,2.0,22.0,1.399999976158142,0.05505223,0.008537908,0.50292736,0.50292736,-0.05388704,-0.009703098,0.05505223,0.008537908,0.50292736,0.50292736,-0.05388704,-0.009703098
115.130,1.9867,22.0366,1.1950,2.0,22.0,1.399999976158142,0.0544903,0.006468882,0.50424594,0.50424594,-0.05329178,-0.0076674046,0.0544903,0.006468882,0.50424594,0.50424594,-0.05329178,-0.0076674046
115.180,1.9870,22.0360,1.1948,2.0,22.0,1.399999976158142,0.05480366,0.007570793,0.5059048,0.5059048,-0.05361737,-0.008757083,0.05480366,0.007570793,0.5059048,0.5059048,-0.05361737,-0.008757083
115.231,1.9870,22.0357,1.1947,2.0,22.0,1.399999976158142,0.054271992,0.0054750773,0.5082483,0.5082483,-0.053051468,-0.006695601,0.054271992,0.0054750773,0.5082483,0.5082483,-0.053051468,-0.006695601
115.280,1.9872,22.0351,1.1944,2.0,22.0,1.399999976158142,0.05457896,0.0066188043,0.50938696,0.50938696,-0.05337131,-0.007826453,0.05457896,0.0066188043,0.50938696,0.50938696,-0.05337131,-0.007826453
115.331,1.9873,22.0349,1.1943,2.0,22.0,1.399999976158142,0.054081853,0.0044452697,0.5126274,0.5126274,-0.05283782,-0.0056893034,0.054081853,0.0044452697,0.5126274,0.5126274,-0.05283782,-0.0056893034
115.380,1.9875,22.0343,1.1938,2.0,22.0,1.399999976158142,0.054373667,0.0056328024,0.5132534,0.5132534,-0.053143423,-0.006863046,0.054373667,0.0056328024,0.5132534,0.5132534,-0.053143423,-0.006863046
115.431,1.9876,22.0340,1.1936,2.0,22.0,1.399999976158142,0.05394478,0.0034831604,0.517196,0.517196,-0.052676927,-0.004751016,0.05394478,0.0034831604,0.517196,0.517196,-0.052676927,-0.004751016
115.480,1.9878,22.0335,1.1931,2.0,22.0,1.399999976158142,0.054204274,0.0046677035,0.5174355,0.5174355,-0.052950688,-0.0059212903,0.054204274,0.0046677035,0.5174355,0.5174355,-0.052950688,-0.0059212903
115.530,1.9879,22.0332,1.1929,2.0,22.0,1.399999976158142,0.053833455,0.0024736866,0.5219617,0.5219617,-0.05253979,-0.0037673523,0.053833455,0.0024736866,0.5219617,0.5219617,-0.05253979,-0.0037673523
115.581,1.9881,22.0327,1.1923,2.0,22.0,1.399999976158142,0.05405911,0.0036683152,0.52184725,0.52184725,-0.052780624,-0.0049467995,0.05405911,0.0036683152,0.52184725,0.52184725,-0.052780624,-0.0049467995
115.631,1.9882,22.0324,1.1921,2.0,22.0,1.399999976158142,0.12625451,-0.00411596,1.0,1.0,-0.12354913,0.0014105756,0.12625451,-0.00411596,1.0,1.0,-0.12354913,0.0014105756
115.681,1.9884,22.0318,1.1928,2.0,22.0,1.399999976158142,0.052722044,0.0015156441,0.50098294,0.50098294,-0.051460814,-0.0027768745,0.052722044,0.0015156441,0.50098294,0.50098294,-0.051460814,-0.0027768745
115.732,1.9885,22.0315,1.1931,2.0,22.0,1.399999976158142,0.052136734,-0.0008990168,0.4949672,0.4949672,-0.05083678,-0.000400937,0.052136734,-0.0008990168,0.4949672,0.4949672,-0.05083678,-0.000400937
115.780,1.9887,22.0309,1.1939,2.0,22.0,1.399999976158142,0.052389547,0.00039885374,0.49762106,0.49762106,-0.05110638,-0.0016820234,0.052389547,0.00039885374,0.49762106,0.49762106,-0.05110638,-0.0016820234
115.831,1.9888,22.0307,1.1941,2.0,22.0,1.399999976158142,0.051942643,-0.0018892768,0.4948186,0.4948186,-0.05062167,0.00056830497,0.051942643,-0.0018892768,0.4948186,0.4948186,-0.05062167,0.00056830497
115.880,1.9889,22.0301,1.1946,2.0,22.0,1.399999976158142,0.052210763,-0.0006021797,0.4986334,0.4986334,-0.05090505,-0.00070353586,0.052210763,-0.0006021797,0.4986334,0.4986334,-0.05090505,-0.00070353586
115.930,1.9890,22.0299,1.1947,2.0,22.0,1.399999976158142,0.051866177,-0.0027057885,0.49755388,0.49755388,-0.050524887,0.0013644994,0.051866177,-0.0027057885,0.49755388,0.49755388,-0.050524887,0.0013644994
115.981,1.9892,22.0294,1.1949,2.0,22.0,1.399999976158142,0.052072,-0.001547561,0.5004702,0.5004702,-0.050744317,0.00021987803,0.052072,-0.001547561,0.5004702,0.5004702,-0.050744317,0.00021987803
116.031,1.9893,22.0291,1.1950,2.0,22.0,1.399999976158142,0.051785517,-0.0036083565,0.5007167,0.5007167,-0.05042275,0.002245591,0.051785517,-0.0036083565,0.5007167,0.5007167,-0.05042275,0.002245591
116.081,1.9895,22.0286,1.1950,2.0,22.0,1.399999976158142,0.05194988,-0.0024957727,0.50293696,0.50293696,-0.050600223,0.0011461134,0.05194988,-0.0024957727,0.50293696,0.50293696,-0.050600223,0.0011461134
116.131,1.9895,22.0284,1.1950,2.0,22.0,1.399999976158142,0.05169142,-0.004569876,0.50434214,0.50434214,-0.050306708,0.003185161,0.05169142,-0.004569876,0.50434214,0.50434214,-0.050306708,0.003185161
116.180,1.9897,22.0278,1.1948,2.0,22.0,1.399999976158142,0.05182979,-0.003460027,0.5059642,0.5059642,-0.050458156,0.0020883922,0.05182979,-0.003460027,0.5059642,0.5059642,-0.050458156,0.0020883922
116.230,1.9898,22.0276,1.1947,2.0,22.0,1.399999976158142,0.05159595,-0.005547806,0.5083964,0.5083964,-0.05018936,0.0041412185,0.05159595,-0.005547806,0.5083964,0.5083964,-0.05018936,0.0041412185
116.280,1.9900,22.0271,1.1944,2.0,22.0,1.399999976158142,0.051723283,-0.0044411235,0.50947934,0.50947934,-0.050329447,0.0030472882,0.051723283,-0.0044411235,0.50947934,0.50947934,-0.050329447,0.0030472882
116.330,1.9900,22.0269,1.1942,2.0,22.0,1.399999976158142,0.05153204,-0.0065276893,0.5127668,0.5127668,-0.050103057,0.005098706,0.05153204,-0.0065276893,0.5127668,0.5127668,-0.050103057,0.005098706
116.380,1.9902,22.0264,1.1938,2.0,22.0,1.399999976158142,0.051641468,-0.0054118913,0.51338893,0.51338893,-0.05022523,0.0039956532,0.051641468,-0.0054118913,0.51338893,0.51338893,-0.05022523,0.0039956532
116.430,1.9903,22.0262,1.1936,2.0,22.0,1.399999976158142,0.051497847,-0.0075119226,0.5173705,0.5173705,-0.050045736,0.006059812,0.051497847,-0.0075119226,0.5173705,0.5173705,-0.050045736,0.006059812
116.481,1.9905,22.0257,1.1930,2.0,22.0,1.399999976158142,0.051583696,-0.0063836323,0.51759815,0.51759815,-0.050144605,0.0049445424,0.051583696,-0.0063836323,0.51759815,0.51759815,-0.050144605,0.0049445424
116.531,1.9905,22.0254,1.1928,2.0,22.0,1.399999976158142,0.051492035,-0.008474396,0.52209187,0.52209187,-0.050016467,0.0069988277,0.051492035,-0.008474396,0.52209187,0.52209187,-0.050016467,0.0069988277
116.581,1.9907,22.0250,1.1922,2.0,22.0,1.399999976158142,0.05155001,-0.0073632556,0.52203286,0.52203286,-0.05008744,0.0059006875,0.05155001,-0.0073632556,0.52203286,0.52203286,-0.05008744,0.0059006875
116.631,1.9908,22.0247,1.1920,2.0,22.0,1.399999976158142,0.12295792,-0.029481918,1.0,1.0,-0.11986386,0.026387854,0.12295792,-0.029481918,1.0,1.0,-0.11986386,0.026387854
116.681,1.9909,22.0242,1.1927,2.0,22.0,1.399999976158142,0.050567444,-0.009251926,0.50115174,0.50115174,-0.049130794,0.007815274,0.050567444,-0.009251926,0.50115174,0.50115174,-0.049130794,0.007815274
116.730,1.9910,22.0239,1.1931,2.0,22.0,1.399999976158142,0.050214164,-0.01156092,0.4951973,0.4951973,-0.04874583,0.010092584,0.050214164,-0.01156092,0.4951973,0.4951973,-0.04874583,0.010092584
116.780,1.9912,22.0234,1.1938,2.0,22.0,1.399999976158142,0.050315138,-0.010347101,0.49772483,0.49772483,-0.048859958,0.008891917,0.050315138,-0.010347101,0.49772483,0.49772483,-0.048859958,0.008891917
116.830,1.9914,22.0229,1.1943,2.0,22.0,1.399999976158142,0.050090857,-0.012473721,0.49515292,0.49515292,-0.048605856,0.01098872,0.050090857,-0.012473721,0.49515292,0.49515292,-0.048605856,0.01098872
116.880,1.9914,22.0227,1.1945,2.0,22.0,1.399999976158142,0.050049998,-0.013085678,0.49642745,0.49642745,-0.048553906,0.011589583,0.050049998,-0.013085678,0.49642745,0.49642745,-0.048553906,0.011589583
116.930,1.9915,22.0225,1.1946,2.0,22.0,1.399999976158142,0.050148673,-0.011950891,0.49957836,0.49957836,-0.048662957,0.010465178,0.050148673,-0.011950891,0.49957836,0.49957836,-0.048662957,0.010465178
116.981,1.9917,22.0220,1.1948,2.0,22.0,1.399999976158142,0.050143465,-0.012210423,0.5007004,0.5007004,-0.048651285,0.010718243,0.050143465,-0.012210423,0.5007004,0.5007004,-0.048651285,0.010718243
117.030,1.9917,22.0218,1.1949,2.0,22.0,1.399999976158142,0.05002422,-0.014194024,0.5009652,0.5009652,-0.04850503,0.012674837,0.05002422,-0.014194024,0.5009652,0.5009652,-0.04850503,0.012674837
117.080,1.9919,22.0213,1.1949,2.0,22.0,1.399999976158142,0.050083738,-0.01312264,0.50317436,0.50317436,-0.048573732,0.011612635,0.050083738,-0.01312264,0.50317436,0.50317436,-0.048573732,0.011612635
117.131,1.9920,22.0211,1.1949,2.0,22.0,1.399999976158142,0.049979214,-0.015099095,0.5046015,0.5046015,-0.048443265,0.013563146,0.049979214,-0.015099095,0.5046015,0.5046015,-0.048443265,0.013563146
117.181,1.9921,22.0206,1.1947,2.0,22.0,1.399999976158142,0.050018802,-0.014052339,0.5062076,0.5062076,-0.048491463,0.012525001,0.050018802,-0.014052339,0.5062076,0.5062076,-0.048491463,0.012525001
117.230,1.9922,22.0204,1.1946,2.0,22.0,1.399999976158142,0.049925014,-0.016032392,0.5086499,0.5086499,-0.048372798,0.014480175,0.049925014,-0.016032392,0.5086499,0.5086499,-0.048372798,0.014480175
117.280,1.9924,22.0200,1.1943,2.0,22.0,1.399999976158142,0.04996227,-0.014983146,0.5097265,0.5097265,-0.04841807,0.013438949,0.04996227,-0.014983146,0.5097265,0.5097265,-0.04841807,0.013438949
117.330,1.9924,22.0198,1.1941,2.0,22.0,1.399999976158142,0.04989581,-0.016962124,0.51301825,0.51301825,-0.048327353,0.015393668,0.04989581,-0.016962124,0.51301825,0.51301825,-0.048327353,0.015393668
117.380,1.9926,22.0193,1.1937,2.0,22.0,1.399999976158142,0.0499223,-0.01590582,0.51363224,0.51363224,-0.048361443,0.014344965,0.0499223,-0.01590582,0.51363224,0.51363224,-0.048361443,0.014344965
117.430,1.9926,22.0191,1.1935,2.0,22.0,1.399999976158142,0.049889024,-0.017868364,0.51759523,0.51759523,-0.048304386,0.016283723,0.049889024,-0.017868364,0.51759523,0.51759523,-0.048304386,0.016283723
117.480,1.9928,22.0187,1.1929,2.0,22.0,1.399999976158142,0.049899302,-0.016826492,0.517841,0.517841,-0.04832184,0.015249031,0.049899302,-0.016826492,0.517841,0.517841,-0.04832184,0.015249031
117.530,1.9928,22.0185,1.1927,2.0,22.0,1.399999976158142,0.049901083,-0.01880336,0.52233,0.52233,-0.048299897,0.017202172,0.049901083,-0.01880336,0.52233,0.52233,-0.048299897,0.017202172
117.580,1.9930,22.0181,1.1921,2.0,22.0,1.399999976158142,0.049892493,-0.017749153,0.52224976,0.52224976,-0.048298456,0.016155118,0.049892493,-0.017749153,0.52224976,0.52224976,-0.048298456,0.016155118
117.630,1.9931,22.0179,1.1919,2.0,22.0,1.399999976158142,0.12156943,-0.05359771,1.0,1.0,-0.11819841,0.050226685,0.12156943,-0.05359771,1.0,1.0,-0.11819841,0.050226685
117.680,1.9932,22.0174,1.1926,2.0,22.0,1.399999976158142,0.049150832,-0.019334441,0.501344,0.501344,-0.047596492,0.0177801,0.049150832,-0.019334441,0.501344,0.501344,-0.047596492,0.0177801
117.731,1.9933,22.0172,1.1930,2.0,22.0,1.399999976158142,0.048752017,-0.021362713,0.49537024,0.49537024,-0.047188226,0.019798921,0.048752017,-0.021362713,0.49537024,0.49537024,-0.047188226,0.019798921
117.780,1.9935,22.0167,1.1937,2.0,22.0,1.399999976158142,0.048837498,-0.020277617,0.49791247,0.49791247,-0.047277533,0.018717648,0.048837498,-0.020277617,0.49791247,0.49791247,-0.047277533,0.018717648
117.830,1.9935,22.0165,1.1940,2.0,22.0,1.399999976158142,0.048585635,-0.022166468,0.49530283,0.49530283,-0.047015537,0.02059637,0.048585635,-0.022166468,0.49530283,0.49530283,-0.047015537,0.02059637
117.881,1.9937,22.0160,1.1944,2.0,22.0,1.399999976158142,0.048720025,-0.02112652,0.49901745,0.49901745,-0.047150735,0.01955723,0.048720025,-0.02112652,0.49901745,0.49901745,-0.047150735,0.01955723
117.932,1.9937,22.0158,1.1945,2.0,22.0,1.399999976158142,0.04853472,-0.022895195,0.49799183,0.49799183,-0.04695602,0.021316495,0.04853472,-0.022895195,0.49799183,0.49799183,-0.04695602,0.021316495
117.981,1.9939,22.0154,1.1948,2.0,22.0,1.399999976158142,0.048629817,-0.021936141,0.50089765,0.50089765,-0.047051445,0.02035777,0.048629817,-0.021936141,0.50089765,0.50089765,-0.047051445,0.02035777
118.031,1.9939,22.0152,1.1948,2.0,22.0,1.399999976158142,0.048480105,-0.023751091,0.50106287,0.50106287,-0.04689271,0.0221637,0.048480105,-0.023751091,0.50106287,0.50106287,-0.04689271,0.0221637
118.081,1.9941,22.0148,1.1948,2.0,22.0,1.399999976158142,0.048548106,-0.022763293,0.5033216,0.5033216,-0.046961054,0.02117624,0.048548106,-0.022763293,0.5033216,0.5033216,-0.046961054,0.02117624
118.131,1.9941,22.0146,1.1948,2.0,22.0,1.399999976158142,0.048419148,-0.02450276,0.5047265,0.5047265,-0.04682391,0.022907523,0.048419148,-0.02450276,0.5047265,0.5047265,-0.04682391,0.022907523
118.180,1.9943,22.0142,1.1946,2.0,22.0,1.399999976158142,0.048463665,-0.023593951,0.50634354,0.50634354,-0.04686831,0.021998595,0.048463665,-0.023593951,0.50634354,0.50634354,-0.04686831,0.021998595
118.230,1.9943,22.0140,1.1945,2.0,22.0,1.399999976158142,0.048343383,-0.025346637,0.50875795,0.50875795,-0.04674068,0.023743937,0.048343383,-0.025346637,0.50875795,0.50875795,-0.04674068,0.023743937
118.281,1.9945,22.0136,1.1942,2.0,22.0,1.399999976158142,0.04838625,-0.02442357,0.50984627,0.50984627,-0.046783004,0.022820326,0.04838625,-0.02442357,0.50984627,0.50984627,-0.046783004,0.022820326
118.330,1.9945,22.0134,1.1941,2.0,22.0,1.399999976158142,0.04829038,-0.026169445,0.51310724,0.51310724,-0.04668025,0.024559315,0.04829038,-0.026169445,0.51310724,0.51310724,-0.04668025,0.024559315
118.380,1.9947,22.0130,1.1936,2.0,22.0,1.399999976158142,0.048322994,-0.025253799,0.5137379,0.5137379,-0.046711955,0.023642763,0.048322994,-0.025253799,0.5137379,0.5137379,-0.046711955,0.023642763
118.431,1.9947,22.0129,1.1934,2.0,22.0,1.399999976158142,0.04825547,-0.026995353,0.51767087,0.51767087,-0.046637837,0.025377722,0.04825547,-0.026995353,0.51767087,0.51767087,-0.046637837,0.025377722
118.480,1.9949,22.0125,1.1929,2.0,22.0,1.399999976158142,0.048273962,-0.026075333,0.5179152,0.5179152,-0.04665525,0.024456622,0.048273962,-0.026075333,0.5179152,0.5179152,-0.04665525,0.024456622
118.530,1.9949,22.0123,1.1927,2.0,22.0,1.399999976158142,0.048235577,-0.0278092,0.5223519,0.5223519,-0.04661051,0.026184138,0.048235577,-0.0278092,0.5223519,0.5223519,-0.04661051,0.026184138
118.580,1.9951,22.0119,1.1921,2.0,22.0,1.399999976158142,0.048238166,-0.026896728,0.5223033,0.5223033,-0.046611857,0.025270421,0.048238166,-0.026896728,0.5223033,0.5223033,-0.046611857,0.025270421
118.631,1.9951,22.0117,1.1918,2.0,22.0,1.399999976158142,0.1200018,-0.07488145,1.0,1.0,-0.116562776,0.071442425,0.1200018,-0.07488145,1.0,1.0,-0.116562776,0.071442425
118.680,1.9953,22.0113,1.1924,2.0,22.0,1.399999976158142,0.047701187,-0.028170124,0.50207627,0.50207627,-0.0461255,0.026594436,0.047701187,-0.028170124,0.50207627,0.50207627,-0.0461255,0.026594436
118.730,1.9953,22.0111,1.1928,2.0,22.0,1.399999976158142,0.047132097,-0.029813733,0.49665132,0.49665132,-0.04557119,0.028252827,0.047132097,-0.029813733,0.49665132,0.49665132,-0.04557119,0.028252827
118.780,1.9955,22.0106,1.1935,2.0,22.0,1.399999976158142,0.04722951,-0.028905537,0.49831045,0.49831045,-0.04566345,0.027339479,0.04722951,-0.028905537,0.49831045,0.49831045,-0.04566345,0.027339479
118.830,1.9955,22.0105,1.1938,2.0,22.0,1.399999976158142,0.046813503,-0.030452082,0.4954143,0.4954143,-0.045259032,0.028897608,0.046813503,-0.030452082,0.4954143,0.4954143,-0.045259032,0.028897608
118.880,1.9957,22.0101,1.1943,2.0,22.0,1.399999976158142,0.047038976,-0.02961885,0.49925083,0.49925083,-0.045473963,0.028053837,0.047038976,-0.02961885,0.49925083,0.49925083,-0.045473963,0.028053837
118.930,1.9957,22.0099,1.1945,2.0,22.0,1.399999976158142,0.046706814,-0.031103086,0.49793255,0.49793255,-0.04515204,0.029548308,0.046706814,-0.031103086,0.49793255,0.49793255,-0.04515204,0.029548308
118.981,1.9959,22.0095,1.1947,2.0,22.0,1.399999976158142,0.046881936,-0.030312791,0.50096816,0.50096816,-0.04531747,0.028748328,0.046881936,-0.030312791,0.50096816,0.50096816,-0.04531747,0.028748328
119.030,1.9959,22.0093,1.1948,2.0,22.0,1.399999976158142,0.046612304,-0.03175281,0.5010158,0.5010158,-0.04505702,0.030197525,0.046612304,-0.03175281,0.5010158,0.5010158,-0.04505702,0.030197525
119.080,1.9961,22.0090,1.1948,2.0,22.0,1.399999976158142,0.046745107,-0.030997531,0.50334084,0.50334084,-0.045180842,0.029433265,0.046745107,-0.030997531,0.50334084,0.50334084,-0.045180842,0.029433265
119.131,1.9961,22.0088,1.1948,2.0,22.0,1.399999976158142,0.04650631,-0.032444216,0.5045522,0.5045522,-0.044950806,0.03088871,0.04650631,-0.032444216,0.5045522,0.5045522,-0.044950806,0.03088871
119.180,1.9962,22.0084,1.1947,2.0,22.0,1.399999976158142,0.046610285,-0.031696483,0.50626844,0.50626844,-0.045046188,0.030132389,0.046610285,-0.031696483,0.50626844,0.50626844,-0.045046188,0.030132389
119.230,1.9963,22.0083,1.1946,2.0,22.0,1.399999976158142,0.046387646,-0.033159114,0.5085119,0.5085119,-0.0448322,0.03160367,0.046387646,-0.033159114,0.5085119,0.5085119,-0.0448322,0.03160367
119.281,1.9964,22.0079,1.1943,2.0,22.0,1.399999976158142,0.04648166,-0.032408886,0.5096876,0.5096876,-0.044917792,0.030845016,0.04648166,-0.032408886,0.5096876,0.5096876,-0.044917792,0.030845016
119.330,1.9965,22.0077,1.1941,2.0,22.0,1.399999976158142,0.046288677,-0.03387545,0.51279527,0.51279527,-0.044733096,0.03231987,0.046288677,-0.03387545,0.51279527,0.51279527,-0.044733096,0.03231987
119.380,1.9966,22.0074,1.1937,2.0,22.0,1.399999976158142,0.0463693,-0.033119325,0.51349956,0.51349956,-0.044805404,0.031555425,0.0463693,-0.033119325,0.51349956,0.51349956,-0.044805404,0.031555425
119.430,1.9966,22.0072,1.1935,2.0,22.0,1.399999976158142,0.046208024,-0.034583643,0.5172956,0.5172956,-0.044652045,0.033027664,0.046208024,-0.034583643,0.5172956,0.5172956,-0.044652045,0.033027664
119.480,1.9968,22.0069,1.1930,2.0,22.0,1.399999976158142,0.046271916,-0.033824414,0.5176137,0.5176137,-0.044707824,0.03226032,0.046271916,-0.033824414,0.5176137,0.5176137,-0.044707824,0.03226032
119.530,1.9968,22.0067,1.1928,2.0,22.0,1.399999976158142,0.046141986,-0.03528333,0.52193516,0.52193516,-0.04458551,0.033726856,0.046141986,-0.03528333,0.52193516,0.52193516,-0.04458551,0.033726856
119.581,1.9969,22.0065,1.1925,2.0,22.0,1.399999976158142,0.046187893,-0.0345327,0.5219522,0.5219522,-0.04462352,0.032968327,0.046187893,-0.0345327,0.5219522,0.5219522,-0.04462352,0.032968327
119.630,1.9969,22.0065,1.1925,2.0,22.0,1.399999976158142,0.1174493,-0.0922098,1.0,1.0,-0.1141314,0.0888919,0.1174493,-0.0922098,1.0,1.0,-0.1141314,0.0888919
119.681,1.9969,22.0065,1.1925,2.0,22.0,1.399999976158142,0.04587664,-0.034351613,0.49890113,0.49890113,-0.0443616,0.03283657,0.04587664,-0.034351613,0.49890113,0.49890113,-0.0443616,0.03283657
119.730,1.9969,22.0065,1.1925,2.0,22.0,1.399999976158142,0.04588888,-0.034342222,0.500152,0.500152,-0.044370994,0.032824334,0.04588888,-0.034342222,0.500152,0.500152,-0.044370994,0.032824334
119.780,1.9969,22.0065,1.1925,2.0,22.0,1.399999976158142,0.045901008,-0.03433291,0.5013917,0.5013917,-0.044380303,0.032812208,0.045901008,-0.03433291,0.5013917,0.5013917,-0.044380303,0.032812208
119.830,1.9969,22.0065,1.1925,2.0,22.0,1.399999976158142,0.045913167,-0.034323577,0.5026345,0.5026345,-0.04438964,0.03280005,0.045913167,-0.034323577,0.5026345,0.5026345,-0.04438964,0.03280005
119.880,1.9969,22.0065,1.1925,2.0,22.0,1.399999976158142,0.045925368,-0.03431421,0.50388145,0.50388145,-0.044399,0.03278785,0.045925368,-0.03431421,0.50388145,0.50388145,-0.044399,0.03278785
119.930,1.9969,22.0065,1.1925,2.0,22.0,1.399999976158142,0.04593758,-0.03430484,0.50512964,0.50512964,-0.044408377,0.032775637,0.04593758,-0.03430484,0.50512964,0.50512964,-0.044408377,0.032775637
119.980,1.9969,22.0065,1.1925,2.0,22.0,1.399999976158142,0.04594973,-0.03429551,0.5063716,0.5063716,-0.044417705,0.032763485,0.04594973,-0.03429551,0.5063716,0.5063716,-0.044417705,0.032763485
120.031,1.9969,22.0065,1.1925,2.0,22.0,1.399999976158142,0.045961916,-0.034286153,0.5076174,0.5076174,-0.04442706,0.032751296,0.045961916,-0.034286153,0.5076174,0.5076174,-0.04442706,0.032751296
120.080,1.9977,22.0041,1.1952,2.0,22.0,1.399999976158142,0.04597409,-0.03427681,0.5088616,0.5088616,-0.044436403,0.032739125,0.04597409,-0.03427681,0.5088616,0.5088616,-0.044436403,0.032739125
120.130,1.9979,22.0036,1.1953,2.0,22.0,1.399999976158142,0.041537497,-0.04643662,0.48673132,0.48673132,-0.040237125,0.045136243,0.041537497,-0.04643662,0.48673132,0.48673132,-0.040237125,0.045136243
120.180,1.9980,22.0033,1.1952,2.0,22.0,1.399999976158142,0.044084463,-0.039717134,0.5045152,0.5045152,-0.04264408,0.038276754,0.044084463,-0.039717134,0.5045152,0.5045152,-0.04264408,0.038276754
120.231,1.9980,22.0031,1.1951,2.0,22.0,1.399999976158142,0.044072177,-0.03952075,0.5072985,0.5072985,-0.042628553,0.038077127,0.044072177,-0.03952075,0.5072985,0.5072985,-0.042628553,0.038077127
120.280,1.9982,22.0028,1.1948,2.0,22.0,1.399999976158142,0.04420509,-0.038911905,0.5085687,0.5085687,-0.0427486,0.037455417,0.04420509,-0.038911905,0.5085687,0.5085687,-0.0427486,0.037455417
120.330,1.9982,22.0027,1.1947,2.0,22.0,1.399999976158142,0.043915045,-0.040123515,0.51161695,0.51161695,-0.042477187,0.038685653,0.043915045,-0.040123515,0.51161695,0.51161695,-0.042477187,0.038685653
120.381,1.9983,22.0024,1.1943,2.0,22.0,1.399999976158142,0.04404515,-0.03951008,0.512343,0.512343,-0.042594086,0.038059015,0.04404515,-0.03951008,0.512343,0.512343,-0.042594086,0.038059015
120.431,1.9984,22.0022,1.1941,2.0,22.0,1.399999976158142,0.04379528,-0.040701345,0.516088,0.516088,-0.04236156,0.039267626,0.04379528,-0.040701345,0.516088,0.516088,-0.04236156,0.039267626
120.480,1.9985,22.0019,1.1936,2.0,22.0,1.399999976158142,0.04390223,-0.040103845,0.51644665,0.51644665,-0.042456113,0.038657732,0.04390223,-0.040103845,0.51644665,0.51644665,-0.042456113,0.038657732
120.530,1.9985,22.0018,1.1933,2.0,22.0,1.399999976158142,0.043682802,-0.04131705,0.52076316,0.52076316,-0.042253677,0.03988792,0.043682802,-0.04131705,0.52076316,0.52076316,-0.042253677,0.03988792
120.581,1.9986,22.0015,1.1928,2.0,22.0,1.399999976158142,0.043773383,-0.040701404,0.52076733,0.52076733,-0.042331968,0.03925999,0.043773383,-0.040701404,0.52076733,0.52076733,-0.042331968,0.03925999
120.630,1.9987,22.0013,1.1926,2.0,22.0,1.399999976158142,0.11393678,-0.107512295,1.0,1.0,-0.110875376,0.10445089,0.11393678,-0.107512295,1.0,1.0,-0.110875376,0.10445089
120.680,1.9988,22.0010,1.1933,2.0,22.0,1.399999976158142,0.043414067,-0.041404687,0.49967283,0.49967283,-0.042034157,0.040024776,0.043414067,-0.041404687,0.49967283,0.49967283,-0.042034157,0.040024776
120.731,1.9988,22.0008,1.1937,2.0,22.0,1.399999976158142,0.04236644,-0.042204317,0.4935507,0.4935507,-0.041032564,0.04087044,0.04236644,-0.042204317,0.4935507,0.4935507,-0.041032564,0.04087044
120.780,1.9990,22.0004,1.1944,2.0,22.0,1.399999976158142,0.042695418,-0.041703466,0.49617618,0.49617618,-0.041341607,0.040349655,0.042695418,-0.041703466,0.49617618,0.49617618,-0.041341607,0.040349655
120.831,1.9990,22.0003,1.1947,2.0,22.0,1.399999976158142,0.041950803,-0.042537976,0.4935341,0.4935341,-0.040633272,0.04122045,0.041950803,-0.042537976,0.4935341,0.4935341,-0.040633272,0.04122045
120.880,1.9991,22.0000,1.1951,2.0,22.0,1.399999976158142,0.042365458,-0.042136554,0.4972698,0.4972698,-0.041024964,0.040796064,0.042365458,-0.042136554,0.4972698,0.4972698,-0.041024964,0.040796064
120.931,1.9992,21.9998,1.1953,2.0,22.0,1.399999976158142,0.041742247,-0.042967536,0.4961738,0.4961738,-0.040433906,0.041659195,0.041742247,-0.042967536,0.4961738,0.4961738,-0.040433906,0.041659195
120.981,1.9993,21.9995,1.1955,2.0,22.0,1.399999976158142,0.04208291,-0.042566728,0.49911752,0.49911752,-0.0407539,0.041237716,0.04208291,-0.042566728,0.49911752,0.49911752,-0.0407539,0.041237716
121.030,1.9993,21.9994,1.1956,2.0,22.0,1.399999976158142,0.041558485,-0.0433982,0.49942127,0.49942127,-0.040257905,0.042097624,0.041558485,-0.0433982,0.49942127,0.49942127,-0.040257905,0.042097624
121.081,1.9994,21.9991,1.1956,2.0,22.0,1.399999976158142,0.04182801,-0.043010924,0.5016165,0.5016165,-0.04050931,0.041692223,0.04182801,-0.043010924,0.5016165,0.5016165,-0.04050931,0.041692223
121.130,1.9995,21.9990,1.1955,2.0,22.0,1.399999976158142,0.041354395,-0.043887217,0.50308555,0.50308555,-0.04006222,0.04259504,0.041354395,-0.043887217,0.50308555,0.50308555,-0.04006222,0.04259504
121.180,1.9996,21.9987,1.1953,2.0,22.0,1.399999976158142,0.041587584,-0.04347636,0.5046792,0.5046792,-0.040278297,0.042167075,0.041587584,-0.04347636,0.5046792,0.5046792,-0.040278297,0.042167075
121.234,1.9996,21.9986,1.1952,2.0,22.0,1.399999976158142,0.04115954,-0.044392187,0.50719094,0.50719094,-0.03987489,0.043107536,0.04115954,-0.044392187,0.50719094,0.50719094,-0.03987489,0.043107536
121.280,1.9997,21.9983,1.1949,2.0,22.0,1.399999976158142,0.041367266,-0.04395725,0.5082356,0.5082356,-0.04006648,0.042656463,0.041367266,-0.04395725,0.5082356,0.5082356,-0.04006648,0.042656463
121.331,1.9998,21.9980,1.1945,2.0,22.0,1.399999976158142,0.040991478,-0.04489522,0.5116071,0.5116071,-0.03971329,0.04361703,0.040991478,-0.04489522,0.5116071,0.5116071,-0.03971329,0.04361703
121.380,1.9999,21.9979,1.1943,2.0,22.0,1.399999976158142,0.040888477,-0.04524142,0.5143247,0.5143247,-0.039615225,0.043968167,0.040888477,-0.04524142,0.5143247,0.5143247,-0.039615225,0.043968167
121.431,1.9999,21.9978,1.1941,2.0,22.0,1.399999976158142,0.041043423,-0.044792827,0.51463395,0.51463395,-0.03975612,0.043505523,0.041043423,-0.044792827,0.51463395,0.51463395,-0.03975612,0.043505523
121.480,2.0000,21.9975,1.1935,2.0,22.0,1.399999976158142,0.04099214,-0.04494233,0.51641476,0.51641476,-0.039705846,0.043656033,0.04099214,-0.04494233,0.51641476,0.51641476,-0.039705846,0.043656033
121.530,2.0000,21.9974,1.1933,2.0,22.0,1.399999976158142,0.040709503,-0.045923516,0.5209738,0.5209738,-0.039442725,0.04465674,0.040709503,-0.045923516,0.5209738,0.5209738,-0.039442725,0.04465674
121.580,2.0001,21.9971,1.1926,2.0,22.0,1.399999976158142,0.040834356,-0.04545165,0.5208709,0.5208709,-0.03955428,0.04417157,0.040834356,-0.04545165,0.5208709,0.5208709,-0.03955428,0.04417157
121.631,2.0002,21.9970,1.1925,2.0,22.0,1.399999976158142,0.1078522,-0.11765111,1.0,1.0,-0.105137415,0.11493633,0.1078522,-0.11765111,1.0,1.0,-0.105137415,0.11493633
121.680,2.0003,21.9967,1.1931,2.0,22.0,1.399999976158142,0.04061905,-0.045897964,0.50013995,0.50013995,-0.039395355,0.04467427,0.04061905,-0.045897964,0.50013995,0.50013995,-0.039395355,0.04467427
121.730,2.0003,21.9965,1.1935,2.0,22.0,1.399999976158142,0.039476432,-0.04642719,0.49421662,0.49421662,-0.038298488,0.04524925,0.039476432,-0.04642719,0.49421662,0.49421662,-0.038298488,0.04524925
121.780,2.0004,21.9962,1.1942,2.0,22.0,1.399999976158142,0.039845888,-0.046067424,0.49674332,0.49674332,-0.038647905,0.04486944,0.039845888,-0.046067424,0.49674332,0.49674332,-0.038647905,0.04486944
121.830,2.0005,21.9961,1.1945,2.0,22.0,1.399999976158142,0.039024785,-0.04667165,0.49425066,0.49425066,-0.037862647,0.045509513,0.039024785,-0.04667165,0.49425066,0.49425066,-0.037862647,0.045509513
121.880,2.0006,21.9958,1.1949,2.0,22.0,1.399999976158142,0.039484404,-0.046408474,0.49791583,0.49791583,-0.038299646,0.045223717,0.039484404,-0.046408474,0.49791583,0.49791583,-0.038299646,0.045223717
121.931,2.0006,21.9957,1.1950,2.0,22.0,1.399999976158142,0.0388043,-0.04702231,0.49698696,0.49698696,-0.037650406,0.045868415,0.0388043,-0.04702231,0.49698696,0.49698696,-0.037650406,0.045868415
121.981,2.0007,21.9954,1.1952,2.0,22.0,1.399999976158142,0.039174646,-0.046754636,0.49983758,0.49983758,-0.038001053,0.045581046,0.039174646,-0.046754636,0.49983758,0.49983758,-0.038001053,0.045581046
122.030,2.0008,21.9953,1.1953,2.0,22.0,1.399999976158142,0.03859486,-0.04739537,0.50024056,0.50024056,-0.03744852,0.046249032,0.03859486,-0.04739537,0.50024056,0.50024056,-0.03744852,0.046249032
122.080,2.0008,21.9950,1.1952,2.0,22.0,1.399999976158142,0.03889781,-0.047117177,0.5023894,0.5023894,-0.03773396,0.04595333,0.03889781,-0.047117177,0.5023894,0.5023894,-0.03773396,0.04595333
122.130,2.0009,21.9949,1.1952,2.0,22.0,1.399999976158142,0.03838183,-0.047806956,0.5039553,0.5039553,-0.03724274,0.046667866,0.03838183,-0.047806956,0.5039553,0.5039553,-0.03724274,0.046667866
122.181,2.0010,21.9947,1.1950,2.0,22.0,1.399999976158142,0.038638625,-0.04750661,0.5055003,0.5055003,-0.037483525,0.04635151,0.038638625,-0.04750661,0.5055003,0.5055003,-0.037483525,0.04635151
122.231,2.0010,21.9946,1.1949,2.0,22.0,1.399999976158142,0.03818042,-0.048240017,0.50808465,0.50808465,-0.037047762,0.04710736,0.03818042,-0.048240017,0.50808465,0.50808465,-0.037047762,0.04710736
122.280,2.0011,21.9943,1.1946,2.0,22.0,1.399999976158142,0.03840272,-0.047915224,0.509088,0.509088,-0.037255403,0.046767905,0.03840272,-0.047915224,0.509088,0.509088,-0.037255403,0.046767905
122.331,2.0011,21.9942,1.1944,2.0,22.0,1.399999976158142,0.03800638,-0.048675284,0.51249564,0.51249564,-0.036879215,0.04754812,0.03800638,-0.048675284,0.51249564,0.51249564,-0.036879215,0.04754812
122.380,2.0012,21.9940,1.1939,2.0,22.0,1.399999976158142,0.038195364,-0.04833002,0.5130507,0.5130507,-0.037054706,0.047189362,0.038195364,-0.04833002,0.5130507,0.5130507,-0.037054706,0.047189362
122.434,2.0013,21.9939,1.1937,2.0,22.0,1.399999976158142,0.037850533,-0.049125023,0.517126,0.517126,-0.0367285,0.048002996,0.037850533,-0.049125023,0.517126,0.517126,-0.0367285,0.048002996
122.481,2.0013,21.9936,1.1932,2.0,22.0,1.399999976158142,0.038009718,-0.04875955,0.51729566,0.51729566,-0.03687508,0.047624912,0.038009718,-0.04875955,0.51729566,0.51729566,-0.03687508,0.047624912
122.531,2.0014,21.9935,1.1929,2.0,22.0,1.399999976158142,0.037713192,-0.04959112,0.521863,0.521863,-0.03659589,0.048473816,0.037713192,-0.04959112,0.521863,0.521863,-0.03659589,0.048473816
122.581,2.0015,21.9933,1.1923,2.0,22.0,1.399999976158142,0.037843846,-0.049206696,0.52173537,0.52173537,-0.03671467,0.04807752,0.037843846,-0.049206696,0.52173537,0.52173537,-0.03671467,0.04807752
122.630,2.0015,21.9932,1.1921,2.0,22.0,1.399999976158142,0.10156773,-0.12563512,1.0,1.0,-0.09917781,0.12324519,0.10156773,-0.12563512,1.0,1.0,-0.09917781,0.12324519
122.681,2.0016,21.9929,1.1928,2.0,22.0,1.399999976158142,0.03775239,-0.049464487,0.50089914,0.50089914,-0.036673207,0.0483853,0.03775239,-0.049464487,0.50089914,0.50089914,-0.036673207,0.0483853
122.731,2.0016,21.9927,1.1932,2.0,22.0,1.399999976158142,0.036578592,-0.04979677,0.49497372,0.49497372,-0.035540625,0.048758805,0.036578592,-0.04979677,0.49497372,0.49497372,-0.035540625,0.048758805
122.781,2.0017,21.9925,1.1939,2.0,22.0,1.399999976158142,0.036953103,-0.04954014,0.4974862,0.4974862,-0.035897356,0.048484396,0.036953103,-0.04954014,0.4974862,0.4974862,-0.035897356,0.048484396
122.831,2.0018,21.9923,1.1941,2.0,22.0,1.399999976158142,0.036112465,-0.049970876,0.49498233,0.49498233,-0.03508871,0.048947122,0.036112465,-0.049970876,0.49498233,0.49498233,-0.03508871,0.048947122
122.881,2.0019,21.9921,1.1946,2.0,22.0,1.399999976158142,0.036580667,-0.049812466,0.4986432,0.4986432,-0.035536733,0.04876853,0.036580667,-0.049812466,0.4986432,0.4986432,-0.035536733,0.04876853
122.930,2.0019,21.9920,1.1947,2.0,22.0,1.399999976158142,0.035883,-0.050267622,0.49767047,0.49767047,-0.034866534,0.049251158,0.035883,-0.050267622,0.49767047,0.49767047,-0.034866534,0.049251158
122.980,2.0020,21.9918,1.1949,2.0,22.0,1.399999976158142,0.03626298,-0.05009408,0.50054157,0.50054157,-0.035228875,0.049059972,0.03626298,-0.05009408,0.50054157,0.50054157,-0.035228875,0.049059972
123.031,2.0020,21.9917,1.1950,2.0,22.0,1.399999976158142,0.035672054,-0.050582927,0.5008949,0.5008949,-0.03466191,0.049572784,0.035672054,-0.050582927,0.5008949,0.5008949,-0.03466191,0.049572784
123.080,2.0021,21.9914,1.1949,2.0,22.0,1.399999976158142,0.03598227,-0.050392188,0.50307345,0.50307345,-0.034956504,0.049366422,0.03598227,-0.050392188,0.50307345,0.50307345,-0.034956504,0.049366422
123.131,2.0021,21.9913,1.1949,2.0,22.0,1.399999976158142,0.035460904,-0.050934058,0.5045794,0.5045794,-0.034456674,0.04992983,0.035460904,-0.050934058,0.5045794,0.5045794,-0.034456674,0.04992983
123.180,2.0022,21.9911,1.1947,2.0,22.0,1.399999976158142,0.03571969,-0.05071997,0.50615484,0.50615484,-0.034701373,0.049701653,0.03571969,-0.05071997,0.50615484,0.50615484,-0.034701373,0.049701653
123.230,2.0022,21.9910,1.1946,2.0,22.0,1.399999976158142,0.035255224,-0.0513157,0.50867593,0.50867593,-0.03425643,0.050316907,0.035255224,-0.0513157,0.50867593,0.50867593,-0.03425643,0.050316907
123.280,2.0023,21.9908,1.1943,2.0,22.0,1.399999976158142,0.03548217,-0.051066518,0.5097045,0.5097045,-0.034470312,0.050054662,0.03548217,-0.051066518,0.5097045,0.5097045,-0.034470312,0.050054662
123.330,2.0023,21.9907,1.1941,2.0,22.0,1.399999976158142,0.035082277,-0.05169629,0.51304924,0.51304924,-0.034087744,0.050701756,0.035082277,-0.05169629,0.51304924,0.51304924,-0.034087744,0.050701756
123.381,2.0024,21.9905,1.1937,2.0,22.0,1.399999976158142,0.035269506,-0.051430583,0.51362324,0.51362324,-0.0342633,0.050424375,0.035269506,-0.051430583,0.51362324,0.51362324,-0.0342633,0.050424375
123.431,2.0024,21.9904,1.1935,2.0,22.0,1.399999976158142,0.03493091,-0.05208812,0.51758385,0.51758385,-0.033940107,0.051097315,0.03493091,-0.05208812,0.51758385,0.51758385,-0.033940107,0.051097315
123.481,2.0025,21.9902,1.1929,2.0,22.0,1.399999976158142,0.035082277,-0.051808134,0.5178212,0.5178212,-0.034080915,0.050806772,0.035082277,-0.051808134,0.5178212,0.5178212,-0.034080915,0.050806772
123.531,2.0026,21.9901,1.1927,2.0,22.0,1.399999976158142,0.034790162,-0.052513156,0.5222765,0.5222765,-0.033803176,0.05152617,0.034790162,-0.052513156,0.5222765,0.5222765,-0.033803176,0.05152617
123.580,2.0026,21.9899,1.1921,2.0,22.0,1.399999976158142,0.03491488,-0.052205585,0.5222081,0.5222081,-0.03391787,0.051208574,0.03491488,-0.052205585,0.5222081,0.5222081,-0.03391787,0.051208574
123.630,2.0027,21.9898,1.1919,2.0,22.0,1.399999976158142,0.09537125,-0.13195471,1.0,1.0,-0.09326305,0.12984651,0.09537125,-0.13195471,1.0,1.0,-0.09326305,0.12984651
123.680,2.0027,21.9895,1.1926,2.0,22.0,1.399999976158142,0.03493762,-0.0523033,0.501266,0.501266,-0.033984344,0.051350024,0.03493762,-0.0523033,0.501266,0.501266,-0.033984344,0.051350024
123.730,2.0028,21.9894,1.1930,2.0,22.0,1.399999976158142,0.03374891,-0.052489817,0.4952319,0.4952319,-0.03283177,0.051572677,0.03374891,-0.052489817,0.4952319,0.4952319,-0.03283177,0.051572677
123.781,2.0029,21.9892,1.1937,2.0,22.0,1.399999976158142,0.03412709,-0.0523087,0.4978118,0.4978118,-0.033194352,0.051375963,0.03412709,-0.0523087,0.4978118,0.4978118,-0.033194352,0.051375963
123.830,2.0029,21.9891,1.1940,2.0,22.0,1.399999976158142,0.03328102,-0.052608695,0.49523193,0.49523193,-0.03237588,0.05170355,0.03328102,-0.052608695,0.49523193,0.49523193,-0.03237588,0.05170355
123.881,2.0030,21.9888,1.1944,2.0,22.0,1.399999976158142,0.033747695,-0.052529514,0.49892068,0.49892068,-0.032825053,0.051606867,0.033747695,-0.052529514,0.49892068,0.49892068,-0.032825053,0.051606867
123.930,2.0030,21.9888,1.1946,2.0,22.0,1.399999976158142,0.033043865,-0.052863453,0.49785736,0.49785736,-0.032144744,0.05196433,0.033043865,-0.052863453,0.49785736,0.49785736,-0.032144744,0.05196433
123.981,2.0031,21.9886,1.1948,2.0,22.0,1.399999976158142,0.033426438,-0.052762378,0.50077724,0.50077724,-0.032511942,0.05184788,0.033426438,-0.052762378,0.50077724,0.50077724,-0.032511942,0.05184788
124.030,2.0031,21.9885,1.1948,2.0,22.0,1.399999976158142,0.032833792,-0.053134955,0.5010501,0.5010501,-0.03193943,0.05224059,0.032833792,-0.053134955,0.5010501,0.5010501,-0.03193943,0.05224059
124.080,2.0032,21.9883,1.1949,2.0,22.0,1.399999976158142,0.0331431,-0.05301319,0.5032656,0.5032656,-0.032235328,0.05210542,0.0331431,-0.05301319,0.5032656,0.5032656,-0.032235328,0.05210542
124.132,2.0032,21.9882,1.1948,2.0,22.0,1.399999976158142,0.032627627,-0.053437836,0.5046998,0.5046998,-0.03173744,0.05254765,0.032627627,-0.053437836,0.5046998,0.5046998,-0.03173744,0.05254765
124.180,2.0033,21.9880,1.1947,2.0,22.0,1.399999976158142,0.032884862,-0.053289544,0.50633097,0.50633097,-0.03198264,0.052387323,0.032884862,-0.053289544,0.50633097,0.50633097,-0.03198264,0.052387323
124.231,2.0033,21.9879,1.1946,2.0,22.0,1.399999976158142,0.032412007,-0.05378504,0.5087775,0.5087775,-0.031526044,0.052899078,0.032412007,-0.05378504,0.5087775,0.5087775,-0.031526044,0.052899078
124.280,2.0034,21.9877,1.1942,2.0,22.0,1.399999976158142,0.0326419,-0.05359483,0.50982106,0.50982106,-0.03174474,0.052697673,0.0326419,-0.05359483,0.50982106,0.50982106,-0.03174474,0.052697673
124.331,2.0034,21.9876,1.1941,2.0,22.0,1.399999976158142,0.0322479,-0.05411702,0.51308787,0.51308787,-0.03136434,0.05323346,0.0322479,-0.05411702,0.51308787,0.51308787,-0.03136434,0.05323346
124.380,2.0035,21.9874,1.1936,2.0,22.0,1.399999976158142,0.03243041,-0.05391308,0.5136988,0.5136988,-0.031537198,0.05301987,0.03243041,-0.05391308,0.5136988,0.5136988,-0.031537198,0.05301987
124.431,2.0035,21.9874,1.1934,2.0,22.0,1.399999976158142,0.03209274,-0.054477774,0.5176081,0.5176081,-0.0312116,0.053596634,0.03209274,-0.054477774,0.5176081,0.5176081,-0.0312116,0.053596634
124.481,2.0036,21.9872,1.1929,2.0,22.0,1.399999976158142,0.032241456,-0.05425167,0.5178569,0.5178569,-0.031351615,0.05336183,0.032241456,-0.05425167,0.5178569,0.5178569,-0.031351615,0.05336183
124.530,2.0036,21.9871,1.1927,2.0,22.0,1.399999976158142,0.031952064,-0.054866593,0.5222621,0.5222621,-0.031073295,0.053987823,0.031952064,-0.054866593,0.5222621,0.5222621,-0.031073295,0.053987823
124.581,2.0037,21.9869,1.1921,2.0,22.0,1.399999976158142,0.03207243,-0.054612957,0.52220666,0.52220666,-0.031185549,0.053726077,0.03207243,-0.054612957,0.52220666,0.52220666,-0.031185549,0.053726077
124.630,2.0037,21.9868,1.1919,2.0,22.0,1.399999976158142,0.08929221,-0.13697805,1.0,1.0,-0.087417014,0.13510285,0.08929221,-0.13697805,1.0,1.0,-0.087417014,0.13510285
124.680,2.0038,21.9866,1.1926,2.0,22.0,1.399999976158142,0.032196514,-0.054576173,0.5012339,0.5012339,-0.031347487,0.053727146,0.032196514,-0.054576173,0.5012339,0.5012339,-0.031347487,0.053727146
124.730,2.0038,21.9865,1.1930,2.0,22.0,1.399999976158142,0.031011537,-0.05465305,0.49515918,0.49515918,-0.030192792,0.053834304,0.031011537,-0.05465305,0.49515918,0.49515918,-0.030192792,0.053834304
124.780,2.0039,21.9862,1.1938,2.0,22.0,1.399999976158142,0.031381376,-0.05453181,0.49774957,0.49774957,-0.030549726,0.05370016,0.031381376,-0.05453181,0.49774957,0.49774957,-0.030549726,0.05370016
124.830,2.0039,21.9862,1.1940,2.0,22.0,1.399999976158142,0.030532701,-0.054735035,0.49509838,0.49509838,-0.029724136,0.053926468,0.030532701,-0.054735035,0.49509838,0.49509838,-0.029724136,0.053926468
124.881,2.0040,21.9860,1.1945,2.0,22.0,1.399999976158142,0.030999511,-0.054714005,0.49883077,0.49883077,-0.030176057,0.05389055,0.030999511,-0.054714005,0.49883077,0.49883077,-0.030176057,0.05389055
124.931,2.0040,21.9859,1.1946,2.0,22.0,1.399999976158142,0.03029744,-0.05495564,0.49772972,0.49772972,-0.029493384,0.054151583,0.03029744,-0.05495564,0.49772972,0.49772972,-0.029493384,0.054151583
124.980,2.0041,21.9857,1.1948,2.0,22.0,1.399999976158142,0.030676141,-0.054910876,0.5006707,0.5006707,-0.029859142,0.05409388,0.030676141,-0.054910876,0.5006707,0.5006707,-0.029859142,0.05409388
125.031,2.0041,21.9856,1.1949,2.0,22.0,1.399999976158142,0.030087885,-0.055194627,0.5009213,0.5009213,-0.029287219,0.054393962,0.030087885,-0.055194627,0.5009213,0.5009213,-0.029287219,0.054393962
125.080,2.0042,21.9854,1.1949,2.0,22.0,1.399999976158142,0.030391984,-0.055126183,0.5031549,0.5031549,-0.029580114,0.054314315,0.030391984,-0.055126183,0.5031549,0.5031549,-0.029580114,0.054314315
125.130,2.0042,21.9854,1.1949,2.0,22.0,1.399999976158142,0.029879648,-0.055465214,0.5045629,0.5045629,-0.029081898,0.054667465,0.029879648,-0.055465214,0.5045629,0.5045629,-0.029081898,0.054667465
125.180,2.0043,21.9852,1.1947,2.0,22.0,1.399999976158142,0.03012837,-0.055371646,0.50617886,0.50617886,-0.029320803,0.05456408,0.03012837,-0.055371646,0.50617886,0.50617886,-0.029320803,0.05456408
125.231,2.0043,21.9851,1.1946,2.0,22.0,1.399999976158142,0.029679244,-0.0557666,0.5085979,0.5085979,-0.028883826,0.05497118,0.029679244,-0.0557666,0.5085979,0.5085979,-0.028883826,0.05497118
125.281,2.0043,21.9849,1.1943,2.0,22.0,1.399999976158142,0.029890852,-0.055638786,0.5096761,0.5096761,-0.02908664,0.054834574,0.029890852,-0.055638786,0.5096761,0.5096761,-0.02908664,0.054834574
125.330,2.0044,21.9849,1.1941,2.0,22.0,1.399999976158142,0.029505767,-0.056077734,0.5129169,0.5129169,-0.028711826,0.055283796,0.029505767,-0.056077734,0.5129169,0.5129169,-0.028711826,0.055283796
125.380,2.0044,21.9847,1.1937,2.0,22.0,1.399999976158142,0.029678933,-0.0559254,0.51354605,0.51354605,-0.028877279,0.055123746,0.029678933,-0.0559254,0.51354605,0.51354605,-0.028877279,0.055123746
125.430,2.0044,21.9846,1.1935,2.0,22.0,1.399999976158142,0.029349132,-0.056410585,0.5174305,0.5174305,-0.028556392,0.055617847,0.029349132,-0.056410585,0.5174305,0.5174305,-0.028556392,0.055617847
125.481,2.0045,21.9845,1.1930,2.0,22.0,1.399999976158142,0.02948963,-0.056233544,0.51769495,0.51769495,-0.02869002,0.055433933,0.02948963,-0.056233544,0.51769495,0.51769495,-0.02869002,0.055433933
125.530,2.0045,21.9844,1.1928,2.0,22.0,1.399999976158142,0.029208684,-0.056769703,0.5220695,0.5220695,-0.028417094,0.055978112,0.029208684,-0.056769703,0.5220695,0.5220695,-0.028417094,0.055978112
125.581,2.0046,21.9842,1.1922,2.0,22.0,1.399999976158142,0.029319864,-0.056566585,0.52204454,0.52204454,-0.028521989,0.05576871,0.029319864,-0.056566585,0.52204454,0.52204454,-0.028521989,0.05576871
125.630,2.0046,21.9841,1.1920,2.0,22.0,1.399999976158142,0.08327311,-0.14091666,1.0,1.0,-0.08158595,0.1392295,0.08327311,-0.14091666,1.0,1.0,-0.08158595,0.1392295
125.680,2.0047,21.9839,1.1927,2.0,22.0,1.399999976158142,0.02953469,-0.05641594,0.5010815,0.5010815,-0.028769832,0.05565108,0.02953469,-0.05641594,0.5010815,0.5010815,-0.028769832,0.05565108
125.730,2.0047,21.9838,1.1931,2.0,22.0,1.399999976158142,0.028360805,-0.056415588,0.49497315,0.49497315,-0.027621055,0.05567584,0.028360805,-0.056415588,0.49497315,0.49497315,-0.027621055,0.05567584
125.780,2.0048,21.9836,1.1938,2.0,22.0,1.399999976158142,0.02872471,-0.056337945,0.4975761,0.4975761,-0.02797425,0.055587485,0.02872471,-0.056337945,0.4975761,0.4975761,-0.02797425,0.055587485
125.831,2.0048,21.9835,1.1941,2.0,22.0,1.399999976158142,0.027886175,-0.056471158,0.49491015,0.49491015,-0.02715466,0.05573964,0.027886175,-0.056471158,0.49491015,0.49491015,-0.02715466,0.05573964
125.880,2.0049,21.9834,1.1946,2.0,22.0,1.399999976158142,0.028344218,-0.056492895,0.49866012,0.49866012,-0.027600238,0.055748917,0.028344218,-0.056492895,0.49866012,0.49866012,-0.027600238,0.055748917
125.930,2.0049,21.9833,1.1947,2.0,22.0,1.399999976158142,0.027646469,-0.056667887,0.4975336,0.4975336,-0.026918413,0.05593983,0.027646469,-0.056667887,0.4975336,0.4975336,-0.026918413,0.05593983
125.981,2.0050,21.9831,1.1949,2.0,22.0,1.399999976158142,0.028019322,-0.056663975,0.50048983,0.50048983,-0.027280385,0.055925038,0.028019322,-0.056663975,0.50048983,0.50048983,-0.027280385,0.055925038
126.031,2.0050,21.9830,1.1950,2.0,22.0,1.399999976158142,0.027438695,-0.056883767,0.5007311,0.5007311,-0.026712902,0.056157973,0.027438695,-0.056883767,0.5007311,0.5007311,-0.026712902,0.056157973
126.081,2.0051,21.9829,1.1950,2.0,22.0,1.399999976158142,0.02773469,-0.05685506,0.50296175,0.50296175,-0.026999582,0.056119956,0.02773469,-0.05685506,0.50296175,0.50296175,-0.026999582,0.056119956
126.130,2.0051,21.9828,1.1950,2.0,22.0,1.399999976158142,0.027235994,-0.05712849,0.504375,0.504375,-0.026511882,0.05640438,0.027235994,-0.05712849,0.504375,0.504375,-0.026511882,0.05640438
126.180,2.0051,21.9827,1.1948,2.0,22.0,1.399999976158142,0.02747306,-0.057074998,0.50599134,0.50599134,-0.026740946,0.056342885,0.02747306,-0.057074998,0.50599134,0.50599134,-0.026740946,0.056342885
126.230,2.0052,21.9826,1.1947,2.0,22.0,1.399999976158142,0.027034778,-0.05740605,0.5084094,0.5084094,-0.026311945,0.056683213,0.027034778,-0.05740605,0.5084094,0.5084094,-0.026311945,0.056683213
126.280,2.0052,21.9824,1.1944,2.0,22.0,1.399999976158142,0.027237294,-0.057316925,0.50948846,0.50948846,-0.026507296,0.05658693,0.027237294,-0.057316925,0.50948846,0.50948846,-0.026507296,0.05658693
126.330,2.0052,21.9824,1.1942,2.0,22.0,1.399999976158142,0.026860656,-0.05769537,0.51273227,0.51273227,-0.026138235,0.056972947,0.026860656,-0.05769537,0.51273227,0.51273227,-0.026138235,0.056972947
126.380,2.0053,21.9822,1.1938,2.0,22.0,1.399999976158142,0.027026534,-0.057578895,0.5133555,0.5133555,-0.026297888,0.056850247,0.027026534,-0.057578895,0.5133555,0.5133555,-0.026297888,0.056850247
126.431,2.0053,21.9822,1.1936,2.0,22.0,1.399999976158142,0.026704667,-0.058005415,0.5172478,0.5172478,-0.025982294,0.05728304,0.026704667,-0.058005415,0.5172478,0.5172478,-0.025982294,0.05728304
126.480,2.0053,21.9820,1.1931,2.0,22.0,1.399999976158142,0.026837306,-0.05786537,0.5175095,0.5175095,-0.026109481,0.057137545,0.026837306,-0.05786537,0.5175095,0.5175095,-0.026109481,0.057137545
126.530,2.0054,21.9820,1.1928,2.0,22.0,1.399999976158142,0.02656602,-0.058346916,0.52189344,0.52189344,-0.0258433,0.0576242,0.02656602,-0.058346916,0.52189344,0.52189344,-0.0258433,0.0576242
126.580,2.0054,21.9818,1.1923,2.0,22.0,1.399999976158142,0.026669912,-0.05817798,0.5218603,0.5218603,-0.02594234,0.05745041,0.026669912,-0.05817798,0.5218603,0.5218603,-0.02594234,0.05745041
126.630,2.0054,21.9817,1.1920,2.0,22.0,1.399999976158142,0.07760198,-0.14432006,1.0,1.0,-0.07606221,0.14278029,0.07760198,-0.14432006,1.0,1.0,-0.07606221,0.14278029
126.681,2.0055,21.9815,1.1926,2.0,22.0,1.399999976158142,0.02703762,-0.05797258,0.501608,0.501608,-0.026337586,0.057272546,0.02703762,-0.05797258,0.501608,0.501608,-0.026337586,0.057272546
126.730,2.0055,21.9814,1.1930,2.0,22.0,1.399999976158142,0.025925543,-0.0579481,0.4961547,0.4961547,-0.025245264,0.057267822,0.025925543,-0.0579481,0.4961547,0.4961547,-0.025245264,0.057267822
126.780,2.0056,21.9812,1.1937,2.0,22.0,1.399999976158142,0.026183104,-0.0578485,0.4977917,0.4977917,-0.025495816,0.05716121,0.026183104,-0.0578485,0.4977917,0.4977917,-0.025495816,0.05716121
126.830,2.0056,21.9812,1.1940,2.0,22.0,1.399999976158142,0.025333922,-0.057921376,0.49489933,0.49489933,-0.024662538,0.05724999,0.025333922,-0.057921376,0.49489933,0.49489933,-0.024662538,0.05724999
126.880,2.0057,21.9810,1.1945,2.0,22.0,1.399999976158142,0.025793513,-0.057980575,0.49873593,0.49873593,-0.025111664,0.057298724,0.025793513,-0.057980575,0.49873593,0.49873593,-0.025111664,0.057298724
126.930,2.0057,21.9809,1.1947,2.0,22.0,1.399999976158142,0.025088562,-0.058098808,0.49743533,0.49743533,-0.024420347,0.05743059,0.025088562,-0.058098808,0.49743533,0.49743533,-0.024420347,0.05743059
126.981,2.0058,21.9808,1.1949,2.0,22.0,1.399999976158142,0.025463643,-0.058130585,0.5004836,0.5004836,-0.024786087,0.057453033,0.025463643,-0.058130585,0.5004836,0.5004836,-0.024786087,0.057453033
127.030,2.0058,21.9807,1.1950,2.0,22.0,1.399999976158142,0.024879381,-0.058295712,0.5005675,0.5005675,-0.024213282,0.057629615,0.024879381,-0.058295712,0.5005675,0.5005675,-0.024213282,0.057629615
127.081,2.0059,21.9806,1.1950,2.0,22.0,1.399999976158142,0.025176244,-0.05830085,0.5028813,0.5028813,-0.024501996,0.0576266,0.025176244,-0.05830085,0.5028813,0.5028813,-0.024501996,0.0576266
127.130,2.0059,21.9805,1.1950,2.0,22.0,1.399999976158142,0.024679452,-0.058518402,0.50415415,0.50415415,-0.024014857,0.057853807,0.024679452,-0.058518402,0.50415415,0.50415415,-0.024014857,0.057853807
127.180,2.0059,21.9804,1.1949,2.0,22.0,1.399999976158142,0.024913909,-0.05849838,0.50584096,0.50584096,-0.02424226,0.057826728,0.024913909,-0.05849838,0.50584096,0.50584096,-0.02424226,0.057826728
127.231,2.0059,21.9803,1.1948,2.0,22.0,1.399999976158142,0.02447927,-0.058774415,0.50813466,0.50813466,-0.023815835,0.058110982,0.02447927,-0.058774415,0.50813466,0.50813466,-0.023815835,0.058110982
127.281,2.0060,21.9802,1.1945,2.0,22.0,1.399999976158142,0.02467684,-0.058719236,0.5092803,0.5092803,-0.024007007,0.058049403,0.02467684,-0.058719236,0.5092803,0.5092803,-0.024007007,0.058049403
127.330,2.0060,21.9801,1.1943,2.0,22.0,1.399999976158142,0.024303475,-0.059043802,0.51241755,0.51241755,-0.023640307,0.058380634,0.024303475,-0.059043802,0.51241755,0.51241755,-0.023640307,0.058380634
127.380,2.0061,21.9800,1.1939,2.0,22.0,1.399999976158142,0.024464004,-0.058960292,0.513097,0.513097,-0.023795255,0.058291543,0.024464004,-0.058960292,0.513097,0.513097,-0.023795255,0.058291543
127.430,2.0061,21.9799,1.1937,2.0,22.0,1.399999976158142,0.024144184,-0.05933324,0.51690114,0.51690114,-0.023480916,0.05866997,0.024144184,-0.05933324,0.51690114,0.51690114,-0.023480916,0.05866997
127.480,2.0061,21.9798,1.1932,2.0,22.0,1.399999976158142,0.024272375,-0.059224453,0.517206,0.517206,-0.023604235,0.05855631,0.024272375,-0.059224453,0.517206,0.517206,-0.023604235,0.05855631
127.530,2.0061,21.9797,1.1930,2.0,22.0,1.399999976158142,0.024000887,-0.059652034,0.5215224,0.5215224,-0.02333724,0.058988385,0.024000887,-0.059652034,0.5215224,0.5215224,-0.02333724,0.058988385
127.580,2.0062,21.9796,1.1924,2.0,22.0,1.399999976158142,0.024100257,-0.05951627,0.5215275,0.5215275,-0.023432286,0.058848295,0.024100257,-0.05951627,0.5215275,0.5215275,-0.023432286,0.058848295
127.630,2.0062,21.9795,1.1921,2.0,22.0,1.399999976158142,0.07191756,-0.14695634,1.0,1.0,-0.07050286,0.14554162,0.07191756,-0.14695634,1.0,1.0,-0.07050286,0.14554162
127.680,2.0063,21.9793,1.1927,2.0,22.0,1.399999976158142,0.02453997,-0.05921811,0.50126445,0.50126445,-0.023896808,0.05857495,0.02453997,-0.05921811,0.50126445,0.50126445,-0.023896808,0.05857495
127.730,2.0063,21.9792,1.1931,2.0,22.0,1.399999976158142,0.023441631,-0.059147324,0.49573773,0.49573773,-0.022814736,0.058520425,0.023441631,-0.059147324,0.49573773,0.49573773,-0.022814736,0.058520425
127.781,2.0064,21.9791,1.1939,2.0,22.0,1.399999976158142,0.023698617,-0.059077997,0.49744174,0.49744174,-0.023065792,0.058445174,0.023698617,-0.059077997,0.49744174,0.49744174,-0.023065792,0.058445174
127.830,2.0064,21.9790,1.1942,2.0,22.0,1.399999976158142,0.022859493,-0.059105188,0.49449465,0.49449465,-0.022239964,0.05848566,0.022859493,-0.059105188,0.49449465,0.49449465,-0.022239964,0.05848566
127.880,2.0064,21.9788,1.1947,2.0,22.0,1.399999976158142,0.023308227,-0.05919296,0.49835497,0.49835497,-0.02267987,0.058564603,0.023308227,-0.05919296,0.49835497,0.49835497,-0.02267987,0.058564603
127.931,2.0065,21.9788,1.1948,2.0,22.0,1.399999976158142,0.022613173,-0.05926707,0.49702156,0.49702156,-0.021996275,0.058650173,0.022613173,-0.05926707,0.49702156,0.49702156,-0.021996275,0.058650173
127.981,2.0065,21.9786,1.1951,2.0,22.0,1.399999976158142,0.022979543,-0.059326813,0.5000916,0.5000916,-0.022354659,0.05870193,0.022979543,-0.059326813,0.5000916,0.5000916,-0.022354659,0.05870193
128.031,2.0065,21.9786,1.1952,2.0,22.0,1.399999976158142,0.022403933,-0.05944939,0.5001561,0.5001561,-0.021788672,0.058834128,0.022403933,-0.05944939,0.5001561,0.5001561,-0.021788672,0.058834128
128.080,2.0066,21.9784,1.1952,2.0,22.0,1.399999976158142,0.022693314,-0.05948135,0.502484,0.502484,-0.022071019,0.058859054,0.022693314,-0.05948135,0.502484,0.502484,-0.022071019,0.058859054
128.130,2.0066,21.9784,1.1952,2.0,22.0,1.399999976158142,0.022205615,-0.05965731,0.5037502,0.5037502,-0.021591317,0.059043013,0.022205615,-0.05965731,0.5037502,0.5037502,-0.021591317,0.059043013
128.180,2.0067,21.9783,1.1950,2.0,22.0,1.399999976158142,0.022432622,-0.0596629,0.50544214,0.50544214,-0.021812242,0.05904252,0.022432622,-0.0596629,0.50544214,0.50544214,-0.021812242,0.05904252
128.230,2.0067,21.9782,1.1949,2.0,22.0,1.399999976158142,0.022008564,-0.059896883,0.50774,0.50774,-0.021394795,0.05928311,0.022008564,-0.059896883,0.50774,0.50774,-0.021394795,0.05928311
128.281,2.0067,21.9781,1.1946,2.0,22.0,1.399999976158142,0.022196498,-0.059868224,0.50888497,0.50888497,-0.021577261,0.059248988,0.022196498,-0.059868224,0.50888497,0.50888497,-0.021577261,0.059248988
128.330,2.0067,21.9780,1.1945,2.0,22.0,1.399999976158142,0.02183167,-0.0601505,0.51203084,0.51203084,-0.021217551,0.05953638,0.02183167,-0.0601505,0.51203084,0.51203084,-0.021217551,0.05953638
128.380,2.0068,21.9779,1.1941,2.0,22.0,1.399999976158142,0.02198278,-0.060092982,0.51270795,0.51270795,-0.02136404,0.059474245,0.02198278,-0.060092982,0.51270795,0.51270795,-0.02136404,0.059474245
128.430,2.0068,21.9778,1.1939,2.0,22.0,1.399999976158142,0.021668863,-0.060423333,0.5165247,0.5165247,-0.021054221,0.05980869,0.021668863,-0.060423333,0.5165247,0.5165247,-0.021054221,0.05980869
128.481,2.0068,21.9777,1.1934,2.0,22.0,1.399999976158142,0.021788985,-0.06034181,0.5168293,0.5168293,-0.021170322,0.059723146,0.021788985,-0.06034181,0.5168293,0.5168293,-0.021170322,0.059723146
128.531,2.0069,21.9776,1.1928,2.0,22.0,1.399999976158142,0.021521065,-0.060726732,0.5211605,0.5211605,-0.020905618,0.060111284,0.021521065,-0.060726732,0.5211605,0.5211605,-0.020905618,0.060111284
128.581,2.0069,21.9775,1.1926,2.0,22.0,1.399999976158142,0.021439986,-0.060943324,0.5239706,0.5239706,-0.02082428,0.06032762,0.021439986,-0.060943324,0.5239706,0.5239706,-0.02082428,0.06032762
128.630,2.0069,21.9775,1.1924,2.0,22.0,1.399999976158142,0.06640229,-0.14911257,1.0,1.0,-0.06509024,0.14780052,0.06640229,-0.14911257,1.0,1.0,-0.06509024,0.14780052
128.681,2.0070,21.9773,1.1931,2.0,22.0,1.399999976158142,0.022053761,-0.06019455,0.50020653,0.50020653,-0.021458058,0.059598844,0.022053761,-0.06019455,0.50020653,0.50020653,-0.021458058,0.059598844
128.730,2.0070,21.9772,1.1935,2.0,22.0,1.399999976158142,0.020928143,-0.060059316,0.494097,0.494097,-0.020346077,0.05947725,0.020928143,-0.060059316,0.494097,0.494097,-0.020346077,0.05947725
128.781,2.0071,21.9770,1.1942,2.0,22.0,1.399999976158142,0.0212625,-0.06006865,0.49670628,0.49670628,-0.02067463,0.05948078,0.0212625,-0.06006865,0.49670628,0.49670628,-0.02067463,0.05948078
128.831,2.0071,21.9770,1.1945,2.0,22.0,1.399999976158142,0.020459093,-0.060070924,0.49405843,0.49405843,-0.01988166,0.059493493,0.020459093,-0.060070924,0.49405843,0.49405843,-0.01988166,0.059493493
128.881,2.0071,21.9768,1.1949,2.0,22.0,1.399999976158142,0.020887297,-0.060176447,0.4978169,0.4978169,-0.020302596,0.059591744,0.020887297,-0.060176447,0.4978169,0.4978169,-0.020302596,0.059591744
128.930,2.0072,21.9768,1.1951,2.0,22.0,1.399999976158142,0.020213963,-0.060225125,0.49669373,0.49669373,-0.019638244,0.059649404,0.020213963,-0.060225125,0.49669373,0.49669373,-0.019638244,0.059649404
128.980,2.0072,21.9766,1.1953,2.0,22.0,1.399999976158142,0.020562608,-0.060302205,0.499653,0.499653,-0.01998032,0.05971992,0.020562608,-0.060302205,0.499653,0.499653,-0.01998032,0.05971992
129.031,2.0072,21.9766,1.1953,2.0,22.0,1.399999976158142,0.020008827,-0.060401697,0.49993974,0.49993974,-0.019433798,0.05982667,0.020008827,-0.060401697,0.49993974,0.49993974,-0.019433798,0.05982667
129.080,2.0073,21.9765,1.1953,2.0,22.0,1.399999976158142,0.020280862,-0.06045013,0.50215733,0.50215733,-0.019700117,0.059869383,0.020280862,-0.06045013,0.50215733,0.50215733,-0.019700117,0.059869383
129.130,2.0073,21.9764,1.1953,2.0,22.0,1.399999976158142,0.019808527,-0.060605437,0.5036304,0.5036304,-0.019233594,0.060030505,0.019808527,-0.060605437,0.5036304,0.5036304,-0.019233594,0.060030505
129.181,2.0073,21.9763,1.1951,2.0,22.0,1.399999976158142,0.020021118,-0.06062601,0.5052183,0.5052183,-0.01944131,0.0600462,0.020021118,-0.06062601,0.5052183,0.5052183,-0.01944131,0.0600462
129.231,2.0073,21.9762,1.1950,2.0,22.0,1.399999976158142,0.019613745,-0.060836602,0.5077043,0.5077043,-0.019038318,0.060261175,0.019613745,-0.060836602,0.5077043,0.5077043,-0.019038318,0.060261175
129.280,2.0074,21.9761,1.1947,2.0,22.0,1.399999976158142,0.019790571,-0.06082268,0.50876635,0.50876635,-0.019210784,0.060242895,0.019790571,-0.06082268,0.50876635,0.50876635,-0.019210784,0.060242895
129.331,2.0074,21.9761,1.1945,2.0,22.0,1.399999976158142,0.019425817,-0.061085485,0.51211196,0.51211196,-0.018849356,0.060509026,0.019425817,-0.061085485,0.51211196,0.51211196,-0.018849356,0.060509026
129.380,2.0074,21.9760,1.1941,2.0,22.0,1.399999976158142,0.01957447,-0.061039794,0.51266104,0.51266104,-0.018994406,0.06045973,0.01957447,-0.061039794,0.51266104,0.51266104,-0.018994406,0.06045973
129.430,2.0075,21.9759,1.1939,2.0,22.0,1.399999976158142,0.019267805,-0.061347377,0.51663435,0.51663435,-0.01869001,0.06076958,0.019267805,-0.061347377,0.51663435,0.51663435,-0.01869001,0.06076958
129.480,2.0075,21.9758,1.1933,2.0,22.0,1.399999976158142,0.019379295,-0.061282236,0.5168596,0.5168596,-0.018798523,0.06070146,0.019379295,-0.061282236,0.5168596,0.5168596,-0.018798523,0.06070146
129.530,2.0075,21.9757,1.1928,2.0,22.0,1.399999976158142,0.019117454,-0.06164432,0.5213245,0.5213245,-0.018538222,0.061065085,0.019117454,-0.06164432,0.5213245,0.5213245,-0.018538222,0.061065085
129.582,2.0076,21.9756,1.1925,2.0,20.0,1.399999976158142,0.019036386,-0.061854772,0.52415085,0.52415085,-0.018456474,0.06127486,0.019036386,-0.061854772,0.52415085,0.52415085,-0.018456474,0.06127486
129.631,2.0076,21.9756,1.1922,2.0,20.0,1.399999976158142,0.51639014,0.95323133,0.22276245,0.22276245,-1.0,-0.46962148,0.51639014,0.95323133,0.22276245,0.22276245,-1.0,-0.46962148
129.681,2.0071,21.9734,1.1913,2.0,20.0,1.399999976158142,0.51457065,0.9606738,0.24538486,0.24538486,-1.0,-0.4752445,0.51457065,0.9606738,0.24538486,0.24538486,-1.0,-0.4752445
129.730,2.0067,21.9717,1.1907,2.0,20.0,1.399999976158142,0.51746225,0.9591179,0.24985035,0.24985035,-1.0,-0.47658014,0.51746225,0.9591179,0.24985035,0.24985035,-1.0,-0.47658014
129.781,2.0055,21.9662,1.1889,2.0,20.0,1.399999976158142,0.516757,0.95988053,0.24952511,0.24952511,-1.0,-0.4766376,0.516757,0.95988053,0.24952511,0.24952511,-1.0,-0.4766376
129.831,2.0048,21.9632,1.1880,2.0,20.0,1.399999976158142,0.51957744,0.9593328,0.25774902,0.25774902,-1.0,-0.47891024,0.51957744,0.9593328,0.25774902,0.25774902,-1.0,-0.47891024
129.881,2.0028,21.9549,1.1854,2.0,20.0,1.399999976158142,0.5183905,0.9599568,0.2555984,0.2555984,-1.0,-0.4783473,0.5183905,0.9599568,0.2555984,0.2555984,-1.0,-0.4783473
129.931,2.0018,21.9507,1.1842,2.0,20.0,1.399999976158142,0.5215643,0.9599682,0.26727143,0.26727143,-1.0,-0.4815325,0.5215643,0.9599682,0.26727143,0.26727143,-1.0,-0.4815325
129.981,1.9993,21.9400,1.1809,2.0,20.0,1.399999976158142,0.52015674,0.96028453,0.26337293,0.26337293,-1.0,-0.48044127,0.52015674,0.96028453,0.26337293,0.26337293,-1.0,-0.48044127
130.030,1.9980,21.9349,1.1794,2.0,20.0,1.399999976158142,0.52366567,0.96075755,0.27811646,0.27811646,-1.0,-0.48442325,0.52366567,0.96075755,0.27811646,0.27811646,-1.0,-0.48442325
130.080,1.9950,21.9219,1.1755,2.0,20.0,1.399999976158142,0.5221699,0.9607603,0.27282664,0.27282664,-1.0,-0.48293018,0.5221699,0.9607603,0.27282664,0.27282664,-1.0,-0.48293018
130.130,1.9935,21.9160,1.1737,2.0,20.0,1.399999976158142,0.52613884,0.96154386,0.2908388,0.2908388,-1.0,-0.4876827,0.52613884,0.96154386,0.2908388,0.2908388,-1.0,-0.4876827
130.180,1.9900,21.9012,1.1692,2.0,20.0,1.399999976158142,0.5237173,0.9612337,0.2840522,0.2840522,-1.0,-0.48495096,0.5237173,0.9612337,0.2840522,0.2840522,-1.0,-0.48495096
130.230,1.9884,21.8945,1.1671,2.0,20.0,1.399999976158142,0.5277218,0.9621742,0.30551562,0.30551562,-1.0,-0.489896,0.5277218,0.9621742,0.30551562,0.30551562,-1.0,-0.489896
130.280,1.9845,21.8781,1.1621,2.0,20.0,1.399999976158142,0.52504665,0.96170306,0.29721427,0.29721427,-1.0,-0.48674974,0.52504665,0.96170306,0.29721427,0.29721427,-1.0,-0.48674974
130.330,1.9827,21.8707,1.1599,2.0,20.0,1.399999976158142,0.5296513,0.9628182,0.32160696,0.32160696,-1.0,-0.4924695,0.5296513,0.9628182,0.32160696,0.32160696,-1.0,-0.4924695
130.380,1.9784,21.8529,1.1544,2.0,20.0,1.399999976158142,0.5266723,0.9622436,0.31183589,0.31183589,-1.0,-0.48891592,0.5266723,0.9622436,0.31183589,0.31183589,-1.0,-0.48891592
130.430,1.9765,21.8450,1.1520,2.0,20.0,1.399999976158142,0.53179485,0.9636087,0.33910322,0.33910322,-1.0,-0.4954035,0.53179485,0.9636087,0.33910322,0.33910322,-1.0,-0.4954035
130.481,1.9719,21.8258,1.1462,2.0,20.0,1.399999976158142,0.52850884,0.9629308,0.3278822,0.3278822,-1.0,-0.49143967,0.52850884,0.9629308,0.3278822,0.3278822,-1.0,-0.49143967
130.531,1.9671,21.8059,1.1402,2.0,20.0,1.399999976158142,0.5339707,0.9646878,0.35788238,0.35788238,-1.0,-0.49865857,0.5339707,0.9646878,0.35788238,0.35788238,-1.0,-0.49865857
130.581,1.9650,21.7971,1.1376,2.0,20.0,1.399999976158142,0.53572404,0.96568,0.3715526,0.3715526,-1.0,-0.50140405,0.53572404,0.96568,0.3715526,0.3715526,-1.0,-0.50140405
130.630,1.9629,21.7882,1.1349,2.0,20.0,1.399999976158142,0.53848726,0.9554817,0.31166148,0.31166148,-1.0,-0.49396896,0.53848726,0.9554817,0.31166148,0.31166148,-1.0,-0.49396896
130.680,1.9577,21.7669,1.1285,2.0,20.0,1.399999976158142,0.54103893,0.96423435,0.35805488,0.35805488,-1.0,-0.50527334,0.54103893,0.96423435,0.35805488,0.35805488,-1.0,-0.50527334
130.730,1.9555,21.7575,1.1257,2.0,20.0,1.399999976158142,0.54691124,0.9682361,0.39388776,0.39388776,-1.0,-0.5151473,0.54691124,0.9682361,0.39388776,0.39388776,-1.0,-0.5151473
130.781,1.9502,21.7353,1.1191,2.0,20.0,1.399999976158142,0.5437647,0.9665847,0.37763715,0.37763715,-1.0,-0.5103494,0.5437647,0.9665847,0.37763715,0.37763715,-1.0,-0.5103494
130.830,1.9479,21.7255,1.1162,2.0,20.0,1.399999976158142,0.5500888,0.97116363,0.41671067,0.41671067,-1.0,-0.5212524,0.5500888,0.97116363,0.41671067,0.41671067,-1.0,-0.5212524
130.881,1.9424,21.7024,1.1093,2.0,20.0,1.399999976158142,0.5470479,0.968918,0.398931,0.398931,-1.0,-0.51596594,0.5470479,0.968918,0.398931,0.398931,-1.0,-0.51596594
130.930,1.9400,21.6923,1.1064,2.0,20.0,1.399999976158142,0.5536624,0.9741837,0.4409219,0.4409219,-1.0,-0.5278461,0.5536624,0.9741837,0.4409219,0.4409219,-1.0,-0.5278461
130.980,1.9343,21.6683,1.0994,2.0,20.0,1.399999976158142,0.5505233,0.97151595,0.4216622,0.4216622,-1.0,-0.52203923,0.5505233,0.97151595,0.4216622,0.4216622,-1.0,-0.52203923
131.030,1.9319,21.6578,1.0964,2.0,20.0,1.399999976158142,0.55758965,0.97739947,0.46670672,0.46670672,-1.0,-0.5349891,0.55758965,0.97739947,0.46670672,0.46670672,-1.0,-0.5349891
131.080,1.9261,21.6330,1.0893,2.0,20.0,1.399999976158142,0.5543,0.9743317,0.4459461,0.4459461,-1.0,-0.5286316,0.5543,0.9743317,0.4459461,0.4459461,-1.0,-0.5286316
131.130,1.9236,21.6222,1.0863,2.0,20.0,1.399999976158142,0.5620917,0.98074716,0.49449596,0.49449596,-1.0,-0.54283893,0.5620917,0.98074716,0.49449596,0.49449596,-1.0,-0.54283893
131.180,1.9177,21.5966,1.0792,2.0,20.0,1.399999976158142,0.55851257,0.97728527,0.4718647,0.4718647,-1.0,-0.5357979,0.55851257,0.97728527,0.4718647,0.4718647,-1.0,-0.5357979
131.230,1.9151,21.5855,1.0761,2.0,20.0,1.399999976158142,0.5668236,0.98399633,0.5242883,0.5242883,-1.0,-0.55081993,0.5668236,0.98399633,0.5242883,0.5242883,-1.0,-0.55081993
131.281,1.9091,21.5591,1.0690,2.0,20.0,1.399999976158142,0.5622396,0.98022807,0.50062937,0.50062937,-1.0,-0.54246765,0.5622396,0.98022807,0.50062937,0.50062937,-1.0,-0.54246765
131.330,1.9065,21.5477,1.0659,2.0,20.0,1.399999976158142,0.57154775,0.98708403,0.5571514,0.5571514,-1.0,-0.5586317,0.57154775,0.98708403,0.5571514,0.5571514,-1.0,-0.5586317
131.380,1.9005,21.5206,1.0588,2.0,20.0,1.399999976158142,0.56649953,0.98316413,0.5317933,0.5317933,-1.0,-0.54966366,0.56649953,0.98316413,0.5317933,0.5317933,-1.0,-0.54966366
131.430,1.8978,21.5088,1.0558,2.0,20.0,1.399999976158142,0.57723475,0.98994315,0.5920511,0.5920511,-1.0,-0.5671779,0.57723475,0.98994315,0.5920511,0.5920511,-1.0,-0.5671779
131.480,1.8917,21.4810,1.0487,2.0,20.0,1.399999976158142,0.57153875,0.98604584,0.5650186,0.5650186,-1.0,-0.5575846,0.57153875,0.98604584,0.5650186,0.5650186,-1.0,-0.5575846
131.530,1.8891,21.4689,1.0458,2.0,20.0,1.399999976158142,0.5840614,0.9927476,0.63006896,0.63006896,-1.0,-0.576809,0.5840614,0.9927476,0.63006896,0.63006896,-1.0,-0.576809
131.581,1.8829,21.4403,1.0390,2.0,20.0,1.399999976158142,0.57755154,0.98867375,0.6001948,0.6001948,-1.0,-0.5662253,0.57755154,0.98867375,0.6001948,0.6001948,-1.0,-0.5662253
131.631,1.8803,21.4279,1.0361,2.0,20.0,1.399999976158142,0.5833859,0.98423976,0.5506341,0.5506341,-1.0,-0.5676256,0.5833859,0.98423976,0.5506341,0.5506341,-1.0,-0.5676256
131.680,1.8742,21.3987,1.0293,2.0,20.0,1.399999976158142,0.59271693,0.99098176,0.629791,0.629791,-1.0,-0.5836987,0.59271693,0.99098176,0.629791,0.629791,-1.0,-0.5836987
131.731,1.8716,21.3860,1.0265,2.0,20.0,1.399999976158142,0.6096115,0.99867237,0.70564854,0.70564854,-1.0,-0.6082839,0.6096115,0.99867237,0.70564854,0.70564854,-1.0,-0.6082839
131.780,1.8655,21.3561,1.0201,2.0,20.0,1.399999976158142,0.6015864,0.99423474,0.66895026,0.66895026,-1.0,-0.5958212,0.6015864,0.99423474,0.66895026,0.66895026,-1.0,-0.5958212
131.831,1.8629,21.3431,1.0175,2.0,20.0,1.399999976158142,0.62179124,1.0,0.74934465,0.74934465,-0.99960786,-0.6221833,0.62179124,1.0,0.74934465,0.74934465,-0.99960786,-0.6221833
131.881,1.8569,21.3125,1.0117,2.0,20.0,1.399999976158142,0.61263984,0.99627656,0.71013236,0.71013236,-1.0,-0.60891634,0.61263984,0.99627656,0.71013236,0.71013236,-1.0,-0.60891634
131.930,1.8544,21.2992,1.0093,2.0,20.0,1.399999976158142,0.6353314,1.0,0.7941828,0.7941828,-0.998672,-0.6366594,0.6353314,1.0,0.7941828,0.7941828,-0.998672,-0.6366594
131.981,1.8486,21.2680,1.0041,2.0,20.0,1.399999976158142,0.6251238,0.9978997,0.7533165,0.7533165,-1.0,-0.62302357,0.6251238,0.9978997,0.7533165,0.7533165,-1.0,-0.62302357
132.031,1.8462,21.2545,1.0021,2.0,20.0,1.399999976158142,0.65022266,1.0,0.840064,0.840064,-0.99811333,-0.6521093,0.65022266,1.0,0.840064,0.840064,-0.99811333,-0.6521093
132.080,1.8406,21.2228,0.9978,2.0,20.0,1.399999976158142,0.63889647,0.9991053,0.7978505,0.7978505,-1.0,-0.6380018,0.63889647,0.9991053,0.7978505,0.7978505,-1.0,-0.6380018
132.130,1.8382,21.2091,0.9961,2.0,20.0,1.399999976158142,0.6670742,1.0,0.88863736,0.88863736,-0.9978724,-0.6692018,0.6670742,1.0,0.88863736,0.88863736,-0.9978724,-0.6692018
132.181,1.8329,21.1769,0.9928,2.0,20.0,1.399999976158142,0.65406525,0.9998953,0.84375995,0.84375995,-1.0,-0.6539605,0.65406525,0.9998953,0.84375995,0.84375995,-1.0,-0.6539605
132.231,1.8306,21.1630,0.9916,2.0,20.0,1.399999976158142,0.68541867,1.0,0.9374674,0.9374674,-0.99812853,-0.6872902,0.68541867,1.0,0.9374674,0.9374674,-0.99812853,-0.6872902
132.281,1.8256,21.1303,0.9895,2.0,20.0,1.399999976158142,0.67047936,1.0,0.89053124,0.89053124,-0.9997273,-0.67075205,0.67047936,1.0,0.89053124,0.89053124,-0.9997273,-0.67075205
132.333,1.8235,21.1163,0.9888,2.0,20.0,1.399999976158142,0.7055467,1.0,0.98746467,0.98746467,-0.99869365,-0.70685303,0.7055467,1.0,0.98746467,0.98746467,-0.99869365,-0.70685303
132.376,1.8188,21.0832,0.9881,2.0,20.0,1.399999976158142,0.6876439,1.0,0.9360361,0.9360361,-0.99971753,-0.68792635,0.6876439,1.0,0.9360361,0.9360361,-0.99971753,-0.68792635
132.425,1.8169,21.0690,0.9880,2.0,20.0,1.399999976158142,0.69111276,0.9474648,0.9912096,0.9912096,-0.94691175,-0.69166577,0.69111276,0.9474648,0.9912096,0.9912096,-0.94691175,-0.69166577
132.480,1.8126,21.0358,0.9886,2.0,20.0,1.399999976158142,0.7065328,1.0,0.9883608,0.9883608,-0.9998597,-0.70667315,0.7065328,1.0,0.9883608,0.9883608,-0.9998597,-0.70667315
132.530,1.8108,21.0215,0.9891,2.0,20.0,1.399999976158142,0.6739081,0.90034676,0.9858785,0.9858785,-0.8997306,-0.6745242,0.6739081,0.90034676,0.9858785,0.9858785,-0.8997306,-0.6745242
132.580,1.8069,20.9884,0.9911,2.0,20.0,1.399999976158142,0.68900865,0.94900215,0.9875591,0.9875591,-0.94873554,-0.68927526,0.68900865,0.94900215,0.9875591,0.9875591,-0.94873554,-0.68927526
132.631,1.8054,20.9742,0.9921,2.0,20.0,1.399999976158142,0.7272425,1.0,0.96333754,0.96333754,-0.9994857,-0.72775686,0.7272425,1.0,0.96333754,0.96333754,-0.9994857,-0.72775686
132.681,1.8019,20.9411,0.9951,2.0,20.0,1.399999976158142,0.65155554,0.86390644,0.9349503,0.9349503,-0.86305296,-0.652409,0.65155554,0.86390644,0.9349503,0.9349503,-0.86305296,-0.652409
132.731,1.8004,20.9271,0.9966,2.0,20.0,1.399999976158142,0.6190302,0.76950186,0.9187315,0.9187315,-0.76819104,-0.620341,0.6190302,0.76950186,0.9187315,0.9187315,-0.76819104,-0.620341
132.780,1.7974,20.8950,1.0004,2.0,20.0,1.399999976158142,0.6355946,0.81762165,0.9275787,0.9275787,-0.8160577,-0.6371585,0.6355946,0.81762165,0.9275787,0.9275787,-0.8160577,-0.6371585
132.831,1.7962,20.8815,1.0022,2.0,20.0,1.399999976158142,0.60123074,0.7295338,0.90639955,0.90639955,-0.72469157,-0.60607296,0.60123074,0.7295338,0.90639955,0.90639955,-0.72469157,-0.60607296
132.880,1.7935,20.8505,1.0069,2.0,20.0,1.399999976158142,0.6188428,0.77510744,0.9176138,0.9176138,-0.77135944,-0.62259084,0.6188428,0.77510744,0.9176138,0.9176138,-0.77135944,-0.62259084
132.930,1.7925,20.8374,1.0090,2.0,20.0,1.399999976158142,0.58428574,0.69061035,0.8919006,0.8919006,-0.68307215,-0.59182394,0.58428574,0.69061035,0.8919006,0.8919006,-0.68307215,-0.59182394
132.980,1.7903,20.8075,1.0143,2.0,20.0,1.399999976158142,0.6026391,0.73430693,0.90550256,0.90550256,-0.72876495,-0.60818106,0.6026391,0.73430693,0.90550256,0.90550256,-0.72876495,-0.60818106
133.030,1.7894,20.7949,1.0167,2.0,20.0,1.399999976158142,0.5686601,0.65299475,0.8758537,0.8758537,-0.6439672,-0.5776876,0.5686601,0.65299475,0.8758537,0.8758537,-0.6439672,-0.5776876
133.080,1.7876,20.7662,1.0226,2.0,20.0,1.399999976158142,0.5868595,0.69475263,0.8914087,0.8914087,-0.6878323,-0.59377986,0.5868595,0.69475263,0.8914087,0.8914087,-0.6878323,-0.59377986
133.130,1.7870,20.7542,1.0252,2.0,20.0,1.399999976158142,0.5537795,0.6167711,0.85849327,0.85849327,-0.6069118,-0.56363887,0.5537795,0.6167711,0.85849327,0.85849327,-0.6069118,-0.56363887
133.180,1.7856,20.7266,1.0316,2.0,20.0,1.399999976158142,0.5715646,0.65680164,0.87572575,0.87572575,-0.6488465,-0.57951975,0.5715646,0.65680164,0.87572575,0.87572575,-0.6488465,-0.57951975
133.231,1.7850,20.7150,1.0344,2.0,20.0,1.399999976158142,0.53938764,0.5819349,0.84003603,0.84003603,-0.5716686,-0.5496539,0.53938764,0.5819349,0.84003603,0.84003603,-0.5716686,-0.5496539
133.280,1.7840,20.6886,1.0412,2.0,20.0,1.399999976158142,0.55680835,0.62050086,0.8587809,0.8587809,-0.6118844,-0.5654248,0.55680835,0.62050086,0.8587809,0.8587809,-0.6118844,-0.5654248
133.330,1.7837,20.6776,1.0441,2.0,20.0,1.399999976158142,0.5255667,0.5486002,0.82080024,0.82080024,-0.5383868,-0.5357801,0.5255667,0.5486002,0.82080024,0.82080024,-0.5383868,-0.5357801
133.380,1.7830,20.6524,1.0512,2.0,20.0,1.399999976158142,0.5424029,0.5856925,0.84074306,0.84074306,-0.57666266,-0.5514328,0.5424029,0.5856925,0.84074306,0.84074306,-0.57666266,-0.5514328
133.430,1.7828,20.6418,1.0542,2.0,20.0,1.399999976158142,0.51194423,0.5168727,0.80097103,0.80097103,-0.5067658,-0.52205116,0.51194423,0.5168727,0.80097103,0.80097103,-0.5067658,-0.52205116
133.480,1.7825,20.6177,1.0615,2.0,20.0,1.399999976158142,0.5283394,0.55246216,0.8218812,0.8218812,-0.5432264,-0.5375752,0.5283394,0.55246216,0.8218812,0.8218812,-0.5432264,-0.5375752
133.530,1.7824,20.6076,1.0647,2.0,20.0,1.399999976158142,0.4988942,0.48734862,0.78117484,0.78117484,-0.47748378,-0.508759,0.4988942,0.48734862,0.78117484,0.78117484,-0.47748378,-0.508759
133.581,1.7825,20.5847,1.0721,2.0,20.0,1.399999976158142,0.5146233,0.52093697,0.8025105,0.8025105,-0.5116322,-0.52392805,0.5146233,0.52093697,0.8025105,0.8025105,-0.5116322,-0.52392805
133.631,1.7826,20.5750,1.0753,2.0,20.0,1.399999976158142,0.69361615,0.7047143,1.0,1.0,-0.689312,-0.70901847,0.69361615,0.7047143,1.0,1.0,-0.689312,-0.70901847
133.680,1.7831,20.5525,1.0833,2.0,20.0,1.399999976158142,0.47910208,0.46420136,0.73729056,0.73729056,-0.4551188,-0.48818463,0.47910208,0.46420136,0.73729056,0.73729056,-0.4551188,-0.48818463
133.731,1.7834,20.5431,1.0867,2.0,20.0,1.399999976158142,0.4512527,0.40132034,0.6916359,0.6916359,-0.39527094,-0.45730206,0.4512527,0.40132034,0.6916359,0.6916359,-0.39527094,-0.45730206
133.781,1.7842,20.5218,1.0944,2.0,20.0,1.399999976158142,0.46585786,0.43342063,0.7150668,0.7150668,-0.42609477,-0.47318372,0.46585786,0.43342063,0.7150668,0.7150668,-0.42609477,-0.47318372
133.831,1.7846,20.5129,1.0977,2.0,20.0,1.399999976158142,0.43751958,0.37653086,0.67165995,0.67165995,-0.3695537,-0.44449672,0.43751958,0.37653086,0.67165995,0.67165995,-0.3695537,-0.44449672
133.880,1.7856,20.4929,1.1052,2.0,20.0,1.399999976158142,0.45218542,0.40669903,0.69505686,0.69505686,-0.39887053,-0.46001393,0.45218542,0.40669903,0.69505686,0.69505686,-0.39887053,-0.46001393
133.931,1.7861,20.4846,1.1084,2.0,20.0,1.399999976158142,0.42423475,0.3542254,0.653405,0.653405,-0.34579062,-0.4326695,0.42423475,0.3542254,0.653405,0.653405,-0.34579062,-0.4326695
133.980,1.7873,20.4657,1.1155,2.0,20.0,1.399999976158142,0.43902636,0.38210958,0.676148,0.676148,-0.37366158,-0.4474744,0.43902636,0.38210958,0.676148,0.676148,-0.37366158,-0.4474744
134.031,1.7879,20.4579,1.1185,2.0,20.0,1.399999976158142,0.41182873,0.3335161,0.6364586,0.6364586,-0.3240564,-0.42128846,0.41182873,0.3335161,0.6364586,0.6364586,-0.3240564,-0.42128846
134.081,1.7893,20.4402,1.1254,2.0,20.0,1.399999976158142,0.4262136,0.3589748,0.658044,0.658044,-0.34993377,-0.43525463,0.4262136,0.3589748,0.658044,0.658044,-0.34993377,-0.43525463
134.131,1.7900,20.4328,1.1282,2.0,20.0,1.399999976158142,0.3997231,0.31347665,0.6201257,0.6201257,-0.30333227,-0.4098675,0.3997231,0.31347665,0.6201257,0.6201257,-0.30333227,-0.4098675
134.180,1.7916,20.4161,1.1347,2.0,20.0,1.399999976158142,0.41386205,0.33733937,0.6409472,0.6409472,-0.32779318,-0.42340824,0.41386205,0.33733937,0.6409472,0.6409472,-0.32779318,-0.42340824
134.230,1.7923,20.4091,1.1374,2.0,20.0,1.399999976158142,0.38819337,0.2947178,0.6050002,0.6050002,-0.2841467,-0.39876443,0.38819337,0.2947178,0.6050002,0.6050002,-0.2841467,-0.39876443
134.281,1.7940,20.3934,1.1435,2.0,20.0,1.399999976158142,0.40188107,0.31694666,0.6247911,0.6247911,-0.30700532,-0.41182244,0.40188107,0.31694666,0.6247911,0.6247911,-0.30700532,-0.41182244
134.330,1.7948,20.3868,1.1461,2.0,20.0,1.399999976158142,0.37720722,0.2771557,0.5910476,0.5910476,-0.2664038,-0.3879591,0.37720722,0.2771557,0.5910476,0.5910476,-0.2664038,-0.3879591
134.380,1.7968,20.3719,1.1519,2.0,20.0,1.399999976158142,0.3904197,0.29794988,0.60984015,0.60984015,-0.28774083,-0.40062875,0.3904197,0.29794988,0.60984015,0.60984015,-0.28774083,-0.40062875
134.430,1.7976,20.3657,1.1543,2.0,20.0,1.399999976158142,0.36619452,0.25998688,0.57768524,0.57768524,-0.24918164,-0.37699974,0.36619452,0.25998688,0.57768524,0.57768524,-0.24918164,-0.37699974
134.480,1.7997,20.3516,1.1597,2.0,20.0,1.399999976158142,0.37924883,0.27994418,0.59582925,0.59582925,-0.269585,-0.389608,0.37924883,0.27994418,0.59582925,0.59582925,-0.269585,-0.389608
134.530,1.8006,20.3457,1.1619,2.0,20.0,1.399999976158142,0.35603085,0.24453638,0.56609946,0.56609946,-0.23383032,-0.36673692,0.35603085,0.24453638,0.56609946,0.56609946,-0.23383032,-0.36673692
134.580,1.8027,20.3324,1.1669,2.0,20.0,1.399999976158142,0.36840338,0.262942,0.582872,0.582872,-0.2525424,-0.37880296,0.36840338,0.262942,0.582872,0.582872,-0.2525424,-0.37880296
134.631,1.8037,20.3268,1.1691,2.0,20.0,1.399999976158142,0.6941445,0.49876773,1.0,1.0,-0.47462052,-0.7182917,0.6941445,0.49876773,1.0,1.0,-0.47462052,-0.7182917
134.680,1.8065,20.3134,1.1748,2.0,20.0,1.399999976158142,0.3416434,0.23296818,0.53694844,0.53694844,-0.22281483,-0.35179675,0.3416434,0.23296818,0.53694844,0.53694844,-0.22281483,-0.35179675
134.731,1.8078,20.3078,1.1773,2.0,20.0,1.399999976158142,0.31797612,0.19761589,0.50248665,0.50248665,-0.19029881,-0.32529318,0.31797612,0.19761589,0.50248665,0.50248665,-0.19029881,-0.32529318
134.780,1.8107,20.2951,1.1826,2.0,20.0,1.399999976158142,0.32999954,0.21528102,0.51975316,0.51975316,-0.20699173,-0.3382888,0.32999954,0.21528102,0.51975316,0.51975316,-0.20699173,-0.3382888
134.831,1.8119,20.2898,1.1848,2.0,20.0,1.399999976158142,0.30727202,0.18355525,0.49058425,0.49058425,-0.17676182,-0.31406543,0.30727202,0.18355525,0.49058425,0.49058425,-0.17676182,-0.31406543
134.880,1.8148,20.2779,1.1895,2.0,20.0,1.399999976158142,0.3192108,0.20042072,0.50759715,0.50759715,-0.19250366,-0.32712784,0.3192108,0.20042072,0.50759715,0.50759715,-0.19250366,-0.32712784
134.930,1.8161,20.2729,1.1914,2.0,20.0,1.399999976158142,0.29710892,0.17104667,0.4819485,0.4819485,-0.16411398,-0.30404162,0.29710892,0.17104667,0.4819485,0.4819485,-0.16411398,-0.30404162
134.981,1.8190,20.2617,1.1955,2.0,20.0,1.399999976158142,0.3087776,0.18660888,0.49723685,0.49723685,-0.17893445,-0.31645203,0.3087776,0.18660888,0.49723685,0.49723685,-0.17893445,-0.31645203
135.030,1.8218,20.2509,1.1992,2.0,20.0,1.399999976158142,0.28739223,0.15935393,0.47505727,0.47505727,-0.15234326,-0.2944029,0.28739223,0.15935393,0.47505727,0.47505727,-0.15234326,-0.2944029
135.081,1.8231,20.2465,1.2007,2.0,20.0,1.399999976158142,0.2805763,0.15142828,0.47067675,0.47067675,-0.14441186,-0.2875927,0.2805763,0.15142828,0.47067675,0.47067675,-0.14441186,-0.2875927
135.130,1.8243,20.2420,1.2021,2.0,20.0,1.399999976158142,0.29150814,0.16492197,0.48301005,0.48301005,-0.1575157,-0.2989144,0.29150814,0.16492197,0.48301005,0.48301005,-0.1575157,-0.2989144
135.181,1.8272,20.2320,1.2051,2.0,20.0,1.399999976158142,0.2888629,0.16152622,0.48161498,0.48161498,-0.15415645,-0.29623267,0.2888629,0.16152622,0.48161498,0.48161498,-0.15415645,-0.29623267
135.230,1.8284,20.2278,1.2063,2.0,20.0,1.399999976158142,0.26879773,0.13762763,0.46583813,0.46583813,-0.13067496,-0.2757504,0.26879773,0.13762763,0.46583813,0.46583813,-0.13067496,-0.2757504
135.280,1.8313,20.2183,1.2088,2.0,20.0,1.399999976158142,0.2793597,0.15002988,0.47612026,0.47612026,-0.14284457,-0.286545,0.2793597,0.15002988,0.47612026,0.47612026,-0.14284457,-0.286545
135.330,1.8325,20.2143,1.2098,2.0,20.0,1.399999976158142,0.25988266,0.1274515,0.46327668,0.46327668,-0.12069548,-0.26663867,0.25988266,0.1274515,0.46327668,0.46327668,-0.12069548,-0.26663867
135.381,1.8354,20.2052,1.2118,2.0,20.0,1.399999976158142,0.27014628,0.13914488,0.47213998,0.47213998,-0.13217169,-0.27711946,0.27014628,0.13914488,0.47213998,0.47213998,-0.13217169,-0.27711946
135.430,1.8367,20.2014,1.2126,2.0,20.0,1.399999976158142,0.25122893,0.11772505,0.46205842,0.46205842,-0.111253284,-0.2577007,0.25122893,0.11772505,0.46205842,0.46205842,-0.111253284,-0.2577007
135.480,1.8396,20.1927,1.2142,2.0,20.0,1.399999976158142,0.2610987,0.12868077,0.46949363,0.46949363,-0.12197625,-0.26780322,0.2610987,0.12868077,0.46949363,0.46949363,-0.12197625,-0.26780322
135.530,1.8408,20.1890,1.2147,2.0,20.0,1.399999976158142,0.24267039,0.10824555,0.46199602,0.46199602,-0.10215037,-0.24876556,0.24267039,0.10824555,0.46199602,0.46199602,-0.10215037,-0.24876556
135.580,1.8438,20.1806,1.2159,2.0,20.0,1.399999976158142,0.25231507,0.11871257,0.46817875,0.46817875,-0.11233782,-0.25868982,0.25231507,0.11871257,0.46817875,0.46817875,-0.11233782,-0.25868982
135.630,1.8450,20.1771,1.2164,2.0,20.0,1.399999976158142,0.5991285,0.28445566,1.0,1.0,-0.2653422,-0.61824197,0.5991285,0.28445566,1.0,1.0,-0.2653422,-0.61824197
135.680,1.8485,20.1685,1.2186,2.0,20.0,1.399999976158142,0.23212786,0.1023382,0.44283435,0.44283435,-0.09643598,-0.23803009,0.23212786,0.1023382,0.44283435,0.44283435,-0.09643598,-0.23803009
135.731,1.8500,20.1649,1.2195,2.0,20.0,1.399999976158142,0.21210103,0.08179946,0.42834553,0.42834553,-0.0778645,-0.21603599,0.21210103,0.08179946,0.42834553,0.42834553,-0.0778645,-0.21603599
135.780,1.8535,20.1566,1.2214,2.0,20.0,1.399999976158142,0.22190489,0.09193049,0.43521863,0.43521863,-0.08720976,-0.22662562,0.22190489,0.09193049,0.43521863,0.43521863,-0.08720976,-0.22662562
135.831,1.8550,20.1532,1.2221,2.0,20.0,1.399999976158142,0.20304726,0.07294468,0.42589656,0.42589656,-0.069865145,-0.2061268,0.20304726,0.07294468,0.42589656,0.42589656,-0.069865145,-0.2061268
135.880,1.8584,20.1453,1.2235,2.0,20.0,1.399999976158142,0.21284533,0.0827289,0.43320176,0.43320176,-0.078708395,-0.21686582,0.21284533,0.0827289,0.43320176,0.43320176,-0.078708395,-0.21686582
135.930,1.8598,20.1421,1.2239,2.0,20.0,1.399999976158142,0.19468752,0.064795606,0.42712313,0.42712313,-0.062340915,-0.1971422,0.19468752,0.064795606,0.42712313,0.42712313,-0.062340915,-0.1971422
135.980,1.8631,20.1346,1.2248,2.0,20.0,1.399999976158142,0.2041466,0.07403588,0.4328425,0.4328425,-0.07069593,-0.20748654,0.2041466,0.07403588,0.4328425,0.4328425,-0.07069593,-0.20748654
136.030,1.8645,20.1315,1.2250,2.0,20.0,1.399999976158142,0.18660474,0.05699451,0.4297849,0.4297849,-0.055189833,-0.18840942,0.18660474,0.05699451,0.4297849,0.4297849,-0.055189833,-0.18840942
136.080,1.8678,20.1244,1.2253,2.0,20.0,1.399999976158142,0.19571136,0.065720364,0.43399233,0.43399233,-0.063066274,-0.19836545,0.19571136,0.065720364,0.43399233,0.43399233,-0.063066274,-0.19836545
136.131,1.8692,20.1214,1.2254,2.0,20.0,1.399999976158142,0.17874819,0.049467724,0.43374914,0.43374914,-0.04835213,-0.17986378,0.17874819,0.049467724,0.43374914,0.43374914,-0.04835213,-0.17986378
136.181,1.8723,20.1145,1.2253,2.0,20.0,1.399999976158142,0.18750736,0.057726566,0.43655053,0.43655053,-0.05577593,-0.189458,0.18750736,0.057726566,0.43655053,0.43655053,-0.05577593,-0.189458
136.231,1.8737,20.1117,1.2251,2.0,20.0,1.399999976158142,0.17103273,0.04212654,0.4388967,0.4388967,-0.041749764,-0.1714095,0.17103273,0.04212654,0.4388967,0.4388967,-0.041749764,-0.1714095
136.280,1.8768,20.1051,1.2246,2.0,20.0,1.399999976158142,0.17950648,0.050004516,0.44040272,0.44040272,-0.04878761,-0.18072338,0.17950648,0.050004516,0.44040272,0.44040272,-0.04878761,-0.18072338
136.330,1.8782,20.1023,1.2243,2.0,20.0,1.399999976158142,0.16355345,0.035020735,0.44510436,0.44510436,-0.035442542,-0.16313164,0.16355345,0.035020735,0.44510436,0.44510436,-0.035442542,-0.16313164
136.380,1.8813,20.0959,1.2234,2.0,20.0,1.399999976158142,0.17170615,0.04250489,0.44543755,0.44543755,-0.04208378,-0.17212726,0.17170615,0.04250489,0.44543755,0.44543755,-0.04208378,-0.17212726
136.431,1.8826,20.0932,1.2229,2.0,20.0,1.399999976158142,0.1561973,0.027931644,0.4522727,0.4522727,-0.029331323,-0.15479761,0.1561973,0.027931644,0.4522727,0.4522727,-0.029331323,-0.15479761
136.481,1.8856,20.0870,1.2217,2.0,20.0,1.399999976158142,0.16419768,0.035233885,0.4515144,0.4515144,-0.03572733,-0.16370423,0.16419768,0.035233885,0.4515144,0.4515144,-0.03572733,-0.16370423
136.531,1.8869,20.0844,1.2211,2.0,20.0,1.399999976158142,0.14906421,0.020924313,0.46028665,0.46028665,-0.023497794,-0.14649072,0.14906421,0.020924313,0.46028665,0.46028665,-0.023497794,-0.14649072
136.581,1.8899,20.0785,1.2196,2.0,20.0,1.399999976158142,0.156899,0.028104842,0.4585151,0.4585151,-0.029647637,-0.15535621,0.156899,0.028104842,0.4585151,0.4585151,-0.029647637,-0.15535621
136.630,1.8912,20.0760,1.2190,2.0,20.0,1.399999976158142,0.38112742,0.068221934,1.0,1.0,-0.071771376,-0.37757796,0.38112742,0.068221934,1.0,1.0,-0.071771376,-0.37757796
136.680,1.8943,20.0700,1.2187,2.0,20.0,1.399999976158142,0.14233655,0.018563554,0.4442058,0.4442058,-0.021295078,-0.13960503,0.14233655,0.018563554,0.4442058,0.4442058,-0.021295078,-0.13960503
136.730,1.8957,20.0675,1.2186,2.0,20.0,1.399999976158142,0.12703153,0.004436266,0.44372562,0.44372562,-0.009995191,-0.12147261,0.12703153,0.004436266,0.44372562,0.44372562,-0.009995191,-0.12147261
136.781,1.8988,20.0617,1.2183,2.0,20.0,1.399999976158142,0.13450806,0.011354494,0.44355932,0.44355932,-0.015481946,-0.1303806,0.13450806,0.011354494,0.44355932,0.44355932,-0.015481946,-0.1303806
136.830,1.9002,20.0593,1.2181,2.0,20.0,1.399999976158142,0.12009621,-0.001979278,0.44716954,0.44716954,-0.004923084,-0.11319385,0.12009621,-0.001979278,0.44716954,0.44716954,-0.004923084,-0.11319385
136.880,1.9032,20.0537,1.2174,2.0,20.0,1.399999976158142,0.12743048,0.004679005,0.44806692,0.44806692,-0.010110886,-0.12199859,0.12743048,0.004679005,0.44806692,0.44806692,-0.010110886,-0.12199859
136.931,1.9045,20.0514,1.2170,2.0,20.0,1.399999976158142,0.11364919,-0.008171804,0.45382094,0.45382094,-0.00016287384,-0.10531451,0.11364919,-0.008171804,0.45382094,0.45382094,-0.00016287384,-0.10531451
136.980,1.9074,20.0461,1.2159,2.0,20.0,1.399999976158142,0.12065719,-0.001795162,0.4536517,0.4536517,-0.005034811,-0.11382721,0.12065719,-0.001795162,0.4536517,0.4536517,-0.005034811,-0.11382721
137.030,1.9087,20.0439,1.2154,2.0,20.0,1.399999976158142,0.107432164,-0.014282423,0.46134388,0.46134388,0.0043607806,-0.097510524,0.107432164,-0.014282423,0.46134388,0.46134388,0.0043607806,-0.097510524
137.080,1.9115,20.0388,1.2141,2.0,20.0,1.399999976158142,0.11420899,-0.008045012,0.4601571,0.4601571,-0.00026556512,-0.10589841,0.11420899,-0.008045012,0.4601571,0.4601571,-0.00026556512,-0.10589841
137.131,1.9127,20.0367,1.2135,2.0,20.0,1.399999976158142,0.10165789,-0.02007281,0.4694737,0.4694737,0.008506771,-0.09009185,0.10165789,-0.02007281,0.4694737,0.4694737,0.008506771,-0.09009185
137.180,1.9154,20.0318,1.2119,2.0,20.0,1.399999976158142,0.10809194,-0.014060663,0.46743217,0.46743217,0.0041989014,-0.09823018,0.10809194,-0.014060663,0.46743217,0.46743217,0.0041989014,-0.09823018
137.230,1.9166,20.0298,1.2112,2.0,20.0,1.399999976158142,0.096204616,-0.025636202,0.47810283,0.47810283,0.012361502,-0.08292991,0.096204616,-0.025636202,0.47810283,0.47810283,0.012361502,-0.08292991
137.280,1.9192,20.0253,1.2094,2.0,20.0,1.399999976158142,0.10230032,-0.019840501,0.47533104,0.47533104,0.008364968,-0.09082479,0.10230032,-0.019840501,0.47533104,0.47533104,0.008364968,-0.09082479
137.331,1.9203,20.0233,1.2086,2.0,20.0,1.399999976158142,0.09107043,-0.030940985,0.48706946,0.48706946,0.015932579,-0.07606202,0.09107043,-0.030940985,0.48706946,0.48706946,0.015932579,-0.07606202
137.380,1.9228,20.0190,1.2067,2.0,20.0,1.399999976158142,0.09683243,-0.02536424,0.48369616,0.48369616,0.0122406045,-0.08370879,0.09683243,-0.02536424,0.48369616,0.48369616,0.0122406045,-0.08370879
137.430,1.9238,20.0172,1.2059,2.0,20.0,1.399999976158142,0.0862478,-0.035973087,0.49621698,0.49621698,0.019233562,-0.06950828,0.0862478,-0.035973087,0.49621698,0.49621698,0.019233562,-0.06950828
137.481,1.9262,20.0131,1.2039,2.0,20.0,1.399999976158142,0.09166829,-0.030641107,0.49239048,0.49239048,0.015844893,-0.07687208,0.09166829,-0.030641107,0.49239048,0.49239048,0.015844893,-0.07687208
137.530,1.9272,20.0114,1.2030,2.0,20.0,1.399999976158142,0.081741445,-0.040723044,0.5053874,0.5053874,0.02226822,-0.063286625,0.081741445,-0.040723044,0.5053874,0.5053874,0.02226822,-0.063286625
137.581,1.9295,20.0075,1.2009,2.0,20.0,1.399999976158142,0.086788714,-0.035683267,0.50128657,0.50128657,0.019195551,-0.070301,0.086788714,-0.035683267,0.50128657,0.50128657,0.019195551,-0.070301
137.631,1.9305,20.0059,1.2001,2.0,20.0,1.399999976158142,0.19484259,-0.08219742,1.0,1.0,0.039094634,-0.1517398,0.19484259,-0.08219742,1.0,1.0,0.039094634,-0.1517398
137.681,1.9328,20.0021,1.1995,2.0,20.0,1.399999976158142,0.078033045,-0.040408883,0.48699898,0.48699898,0.02225289,-0.059877057,0.078033045,-0.040408883,0.48699898,0.48699898,0.02225289,-0.059877057
137.730,1.9350,19.9984,1.1989,2.0,20.0,1.399999976158142,0.068435654,-0.050317973,0.48905542,0.48905542,0.02814537,-0.04626305,0.068435654,-0.050317973,0.48905542,0.48905542,0.02814537,-0.04626305
137.780,1.9360,19.9968,1.1987,2.0,20.0,1.399999976158142,0.065318815,-0.053404294,0.49033934,0.49033934,0.030082852,-0.041997377,0.065318815,-0.053404294,0.49033934,0.49033934,0.030082852,-0.041997377
137.831,1.9369,19.9953,1.1984,2.0,20.0,1.399999976158142,0.069888145,-0.0486923,0.4905072,0.4905072,0.027519032,-0.048714876,0.069888145,-0.0486923,0.4905072,0.4905072,0.027519032,-0.048714876
137.880,1.9390,19.9918,1.1976,2.0,20.0,1.399999976158142,0.068695925,-0.049986597,0.49251243,0.49251243,0.028356388,-0.04706572,0.068695925,-0.049986597,0.49251243,0.49251243,0.028356388,-0.04706572
137.930,1.9399,19.9904,1.1972,2.0,20.0,1.399999976158142,0.05992662,-0.058977578,0.4986731,0.4986731,0.033538308,-0.034487348,0.05992662,-0.058977578,0.4986731,0.4986731,0.033538308,-0.034487348
137.980,1.9420,19.9871,1.1963,2.0,20.0,1.399999976158142,0.06436727,-0.054430988,0.49800107,0.49800107,0.03112159,-0.04105787,0.06436727,-0.054430988,0.49800107,0.49800107,0.03112159,-0.04105787
138.030,1.9428,19.9857,1.1958,2.0,20.0,1.399999976158142,0.056251436,-0.06276784,0.5049922,0.5049922,0.035811342,-0.029294938,0.056251436,-0.06276784,0.5049922,0.5049922,0.035811342,-0.029294938
138.080,1.9448,19.9826,1.1948,2.0,20.0,1.399999976158142,0.06033514,-0.05858535,0.5038811,0.5038811,0.0336574,-0.03540719,0.06033514,-0.05858535,0.5038811,0.5038811,0.0336574,-0.03540719
138.130,1.9456,19.9813,1.1943,2.0,20.0,1.399999976158142,0.052674554,-0.06649352,0.5115855,0.5115855,0.03796908,-0.024150116,0.052674554,-0.06649352,0.5115855,0.5115855,0.03796908,-0.024150116
138.180,1.9475,19.9784,1.1931,2.0,20.0,1.399999976158142,0.056515805,-0.06254624,0.51007485,0.51007485,0.036010347,-0.029979913,0.056515805,-0.06254624,0.51007485,0.51007485,0.036010347,-0.029979913
138.230,1.9483,19.9772,1.1926,2.0,20.0,1.399999976158142,0.049370274,-0.06997468,0.51823723,0.51823723,0.039917722,-0.019313313,0.049370274,-0.06997468,0.51823723,0.51823723,0.039917722,-0.019313313
138.280,1.9500,19.9744,1.1914,2.0,20.0,1.399999976158142,0.052940957,-0.066284776,0.5164585,0.5164585,0.038167752,-0.024823936,0.052940957,-0.066284776,0.5164585,0.5164585,0.038167752,-0.024823936
138.330,1.9508,19.9733,1.1909,2.0,20.0,1.399999976158142,0.046217065,-0.07333462,0.5249432,0.5249432,0.041725762,-0.014608207,0.046217065,-0.07333462,0.5249432,0.5249432,0.041725762,-0.014608207
138.381,1.9525,19.9707,1.1896,2.0,20.0,1.399999976158142,0.04959721,-0.0698117,0.5229245,0.5229245,0.040141195,-0.019926706,0.04959721,-0.0698117,0.5229245,0.5229245,0.040141195,-0.019926706
138.430,1.9532,19.9696,1.1891,2.0,20.0,1.399999976158142,0.043294746,-0.07647562,0.5315323,0.5315323,0.043359358,-0.010178485,0.043294746,-0.07647562,0.5315323,0.5315323,0.043359358,-0.010178485
138.480,1.9548,19.9672,1.1878,2.0,20.0,1.399999976158142,0.046425,-0.073182814,0.52942145,0.52942145,0.041964334,-0.015206521,0.046425,-0.073182814,0.52942145,0.52942145,0.041964334,-0.015206521
138.531,1.9554,19.9662,1.1873,2.0,20.0,1.399999976158142,0.040550794,-0.07944724,0.53794724,0.53794724,0.04484831,-0.0059518684,0.040550794,-0.07944724,0.53794724,0.53794724,0.04484831,-0.0059518684
138.581,1.9570,19.9640,1.1861,2.0,20.0,1.399999976158142,0.04348233,-0.07633573,0.53579885,0.53579885,0.04361475,-0.010761355,0.04348233,-0.07633573,0.53579885,0.53579885,0.04361475,-0.010761355
138.630,1.9585,19.9618,1.1857,2.0,20.0,1.399999976158142,0.096498474,-0.16425723,1.0,1.0,0.08263541,-0.014876652,0.096498474,-0.16425723,1.0,1.0,0.08263541,-0.014876652
138.681,1.9591,19.9609,1.1859,2.0,20.0,1.399999976158142,0.034080535,-0.082530126,0.5167576,0.5167576,0.045606583,0.0028430074,0.034080535,-0.082530126,0.5167576,0.5167576,0.045606583,0.0028430074
138.730,1.9598,19.9599,1.1862,2.0,20.0,1.399999976158142,0.03654118,-0.07977962,0.512952,0.512952,0.044713337,-0.0014748995,0.03654118,-0.07977962,0.512952,0.512952,0.044713337,-0.0014748995
138.780,1.9612,19.9579,1.1867,2.0,20.0,1.399999976158142,0.035715252,-0.080636404,0.5138269,0.5138269,0.045212626,-0.0002914768,0.035715252,-0.080636404,0.5138269,0.5138269,0.045212626,-0.0002914768
138.830,1.9619,19.9570,1.1868,2.0,20.0,1.399999976158142,0.030360576,-0.085877344,0.512461,0.512461,0.047615305,0.0079014655,0.030360576,-0.085877344,0.512461,0.512461,0.047615305,0.0079014655
138.881,1.9633,19.9551,1.1871,2.0,20.0,1.399999976158142,0.032997414,-0.08327024,0.5154343,0.5154343,0.046641327,0.0036314975,0.032997414,-0.08327024,0.5154343,0.5154343,0.046641327,0.0036314975
138.931,1.9638,19.9543,1.1872,2.0,20.0,1.399999976158142,0.027930435,-0.088117056,0.5151529,0.5151529,0.048821915,0.01136471,0.027930435,-0.088117056,0.5151529,0.5151529,0.048821915,0.01136471
138.980,1.9652,19.9525,1.1874,2.0,20.0,1.399999976158142,0.030388588,-0.08574863,0.51757014,0.51757014,0.047972728,0.0073873107,0.030388588,-0.08574863,0.51757014,0.51757014,0.047972728,0.0073873107
139.030,1.9657,19.9518,1.1874,2.0,20.0,1.399999976158142,0.025552198,-0.09027966,0.5181906,0.5181906,0.049961478,0.014765984,0.025552198,-0.09027966,0.5181906,0.5181906,0.049961478,0.014765984
139.080,1.9670,19.9501,1.1874,2.0,20.0,1.399999976158142,0.02792148,-0.088055015,0.52014416,0.52014416,0.04919853,0.010935005,0.02792148,-0.088055015,0.52014416,0.52014416,0.04919853,0.010935005
139.130,1.9676,19.9494,1.1874,2.0,20.0,1.399999976158142,0.023323039,-0.092275545,0.52155936,0.52155936,0.05100585,0.017946657,0.023323039,-0.092275545,0.52155936,0.52155936,0.05100585,0.017946657
139.181,1.9688,19.9478,1.1873,2.0,20.0,1.399999976158142,0.025530111,-0.090253726,0.52308106,0.52308106,0.05034991,0.014373709,0.025530111,-0.090253726,0.52308106,0.52308106,0.05034991,0.014373709
139.230,1.9693,19.9471,1.1872,2.0,20.0,1.399999976158142,0.021155283,-0.094184354,0.5251564,0.5251564,0.05199229,0.02103678,0.021155283,-0.094184354,0.5251564,0.5251564,0.05199229,0.02103678
139.281,1.9705,19.9457,1.1870,2.0,20.0,1.399999976158142,0.023233337,-0.09232786,0.5263189,0.5263189,0.051424015,0.01767051,0.023233337,-0.09232786,0.5263189,0.5263189,0.051424015,0.01767051
139.330,1.9710,19.9450,1.1869,2.0,20.0,1.399999976158142,0.01906008,-0.09599719,0.5289192,0.5289192,0.052913196,0.024023915,0.01906008,-0.09599719,0.5289192,0.5289192,0.052913196,0.024023915
139.380,1.9721,19.9436,1.1866,2.0,20.0,1.399999976158142,0.021046076,-0.094268486,0.5297883,0.5297883,0.05241648,0.020805933,0.021046076,-0.094268486,0.5297883,0.5297883,0.05241648,0.020805933
139.430,1.9726,19.9431,1.1865,2.0,20.0,1.399999976158142,0.017065417,-0.097690456,0.5327867,0.5327867,0.053759687,0.026865354,0.017065417,-0.097690456,0.5327867,0.5327867,0.053759687,0.026865354
139.481,1.9737,19.9418,1.1862,2.0,20.0,1.399999976158142,0.018959612,-0.09608553,0.53342533,0.53342533,0.05333371,0.023792207,0.018959612,-0.09608553,0.53342533,0.53342533,0.05333371,0.023792207
139.530,1.9742,19.9412,1.1860,2.0,20.0,1.399999976158142,0.015138664,-0.09928758,0.53670335,0.53670335,0.054546278,0.029602638,0.015138664,-0.09928758,0.53670335,0.53670335,0.054546278,0.029602638
139.580,1.9753,19.9400,1.1857,2.0,20.0,1.399999976158142,0.016946528,-0.09779758,0.53715706,0.53715706,0.05418615,0.026664905,0.016946528,-0.09779758,0.53715706,0.53715706,0.05418615,0.026664905
139.630,1.9757,19.9395,1.1856,2.0,20.0,1.399999976158142,0.04489853,-0.21095276,1.0,1.0,0.10115256,0.06490167,0.04489853,-0.21095276,1.0,1.0,0.10115256,0.06490167
139.680,1.9768,19.9383,1.1865,2.0,20.0,1.399999976158142,0.014595269,-0.09686973,0.51464355,0.51464355,0.052530885,0.02974358,0.014595269,-0.09686973,0.51464355,0.51464355,0.052530885,0.02974358
139.731,1.9772,19.9378,1.1870,2.0,20.0,1.399999976158142,0.010380381,-0.09915701,0.507353,0.507353,0.05405634,0.034720287,0.010380381,-0.09915701,0.507353,0.507353,0.05405634,0.034720287
139.781,1.9782,19.9368,1.1880,2.0,20.0,1.399999976158142,0.012289267,-0.09799819,0.5105809,0.5105809,0.053618327,0.032090597,0.012289267,-0.09799819,0.5105809,0.5105809,0.053618327,0.032090597
139.830,1.9786,19.9364,1.1883,2.0,20.0,1.399999976158142,0.008561442,-0.10002946,0.5065005,0.5065005,0.054801594,0.036666427,0.008561442,-0.10002946,0.5065005,0.5065005,0.054801594,0.036666427
139.881,1.9796,19.9355,1.1890,2.0,20.0,1.399999976158142,0.010418063,-0.099115185,0.51088816,0.51088816,0.054383468,0.034313656,0.010418063,-0.099115185,0.51088816,0.51088816,0.054383468,0.034313656
139.931,1.9800,19.9351,1.1893,2.0,20.0,1.399999976158142,0.006991482,-0.10086427,0.50821316,0.50821316,0.055374995,0.03849779,0.006991482,-0.10086427,0.50821316,0.50821316,0.055374995,0.03849779
139.981,1.9808,19.9343,1.1898,2.0,20.0,1.399999976158142,0.008669295,-0.10010539,0.51186305,0.51186305,0.055068716,0.03636738,0.008669295,-0.10010539,0.51186305,0.51186305,0.055068716,0.03636738
140.030,1.9812,19.9339,1.1900,2.0,20.0,1.399999976158142,0.005486624,-0.101608336,0.5104261,0.5104261,0.05591053,0.040211182,0.005486624,-0.101608336,0.5104261,0.5104261,0.05591053,0.040211182
140.080,1.9820,19.9332,1.1903,2.0,20.0,1.399999976158142,0.0070263604,-0.1009862,0.5134299,0.5134299,0.05568845,0.038271386,0.0070263604,-0.1009862,0.5134299,0.5134299,0.05568845,0.038271386
140.130,1.9824,19.9329,1.1904,2.0,20.0,1.399999976158142,0.0040278514,-0.10228792,0.513054,0.513054,0.056412574,0.041847493,0.0040278514,-0.10228792,0.513054,0.513054,0.056412574,0.041847493
140.180,1.9832,19.9322,1.1906,2.0,20.0,1.399999976158142,0.005465945,-0.10177758,0.5155006,0.5155006,0.056255665,0.040055968,0.005465945,-0.10177758,0.5155006,0.5155006,0.056255665,0.040055968
140.230,1.9835,19.9319,1.1906,2.0,20.0,1.399999976158142,0.0026238079,-0.10290468,0.5160528,0.5160528,0.05688646,0.04339441,0.0026238079,-0.10290468,0.5160528,0.5160528,0.05688646,0.04339441
140.280,1.9843,19.9313,1.1906,2.0,20.0,1.399999976158142,0.0039719664,-0.10249507,0.5180104,0.5180104,0.056782134,0.04174097,0.0039719664,-0.10249507,0.5180104,0.5180104,0.056782134,0.04174097
140.331,1.9846,19.9311,1.1906,2.0,20.0,1.399999976158142,0.0012340444,-0.10348381,0.5193437,0.5193437,0.057341054,0.044908714,0.0012340444,-0.10348381,0.5193437,0.5193437,0.057341054,0.044908714
140.380,1.9853,19.9305,1.1905,2.0,20.0,1.399999976158142,0.0025203333,-0.10315357,0.5208797,0.5208797,0.05727691,0.043356333,0.0025203333,-0.10315357,0.5208797,0.5208797,0.05727691,0.043356333
140.430,1.9856,19.9303,1.1904,2.0,20.0,1.399999976158142,-0.00012043404,-0.10401428,0.5228779,0.5228779,0.057777494,0.04635722,-0.00012043404,-0.10401428,0.5228779,0.5228779,0.057777494,0.04635722
140.481,1.9863,19.9298,1.1902,2.0,20.0,1.399999976158142,0.0011128632,-0.10375254,0.52405196,0.52405196,0.057742834,0.04489684,0.0011128632,-0.10375254,0.52405196,0.52405196,0.057742834,0.04489684
140.530,1.9866,19.9296,1.1901,2.0,20.0,1.399999976158142,-0.0014107947,-0.104484946,0.5265872,0.5265872,0.058184523,0.047711216,-0.0014107947,-0.104484946,0.5265872,0.5265872,0.058184523,0.047711216
140.581,1.9873,19.9291,1.1899,2.0,20.0,1.399999976158142,-0.00023628789,-0.10428784,0.5274571,0.5274571,0.058178734,0.046345394,-0.00023628789,-0.10428784,0.5274571,0.5274571,0.058178734,0.046345394
140.631,1.9876,19.9289,1.1898,2.0,20.0,1.399999976158142,0.010841188,-0.22970353,1.0,1.0,0.11044295,0.10841939,0.010841188,-0.22970353,1.0,1.0,0.11044295,0.10841939
140.681,1.9883,19.9285,1.1908,2.0,20.0,1.399999976158142,-0.0010696455,-0.10184251,0.50503343,0.50503343,0.0557874,0.04712476,-0.0010696455,-0.10184251,0.50503343,0.50503343,0.0557874,0.04712476
140.730,1.9886,19.9283,1.1913,2.0,20.0,1.399999976158142,-0.004365586,-0.101504974,0.4973366,0.4973366,0.056969885,0.04890067,-0.004365586,-0.101504974,0.4973366,0.4973366,0.056969885,0.04890067
140.781,1.9892,19.9279,1.1923,2.0,20.0,1.399999976158142,-0.0029488085,-0.10168697,0.50079244,0.50079244,0.0567152,0.047920577,-0.0029488085,-0.10168697,0.50079244,0.50079244,0.0567152,0.047920577
140.831,1.9895,19.9278,1.1927,2.0,20.0,1.399999976158142,-0.0057078344,-0.10143546,0.49665248,0.49665248,0.057498094,0.0496452,-0.0057078344,-0.10143546,0.49665248,0.49665248,0.057498094,0.0496452
140.880,1.9901,19.9275,1.1934,2.0,20.0,1.399999976158142,-0.00428237,-0.10179238,0.50116634,0.50116634,0.057209972,0.04886478,-0.00428237,-0.10179238,0.50116634,0.50116634,0.057209972,0.04886478
140.930,1.9903,19.9274,1.1936,2.0,20.0,1.399999976158142,-0.006743883,-0.10149028,0.4987234,0.4987234,0.05781046,0.0504237,-0.006743883,-0.10149028,0.4987234,0.4987234,0.05781046,0.0504237
140.981,1.9909,19.9271,1.1941,2.0,20.0,1.399999976158142,-0.0054930924,-0.1018676,0.5023556,0.5023556,0.05763513,0.049725562,-0.0054930924,-0.1018676,0.5023556,0.5023556,0.05763513,0.049725562
141.031,1.9911,19.9270,1.1942,2.0,20.0,1.399999976158142,-0.007696377,-0.101538375,0.50139403,0.50139403,0.058077782,0.05115697,-0.007696377,-0.101538375,0.50139403,0.50139403,0.058077782,0.05115697
141.080,1.9916,19.9268,1.1944,2.0,20.0,1.399999976158142,-0.0065974323,-0.10193258,0.5042325,0.5042325,0.057991233,0.05053878,-0.0065974323,-0.10193258,0.5042325,0.5042325,0.057991233,0.05053878
141.131,1.9918,19.9268,1.1944,2.0,20.0,1.399999976158142,-0.008590846,-0.1015931,0.50453115,0.50453115,0.058299966,0.05188398,-0.008590846,-0.1015931,0.50453115,0.50453115,0.058299966,0.05188398
141.180,1.9923,19.9266,1.1945,2.0,20.0,1.399999976158142,-0.007610982,-0.101993956,0.5067072,0.5067072,0.058293838,0.051311098,-0.007610982,-0.101993956,0.5067072,0.5067072,0.058293838,0.051311098
141.230,1.9925,19.9265,1.1944,2.0,20.0,1.399999976158142,-0.009452119,-0.10164522,0.5080843,0.5080843,0.058507144,0.05259019,-0.009452119,-0.10164522,0.5080843,0.5080843,0.058507144,0.05259019
141.280,1.9930,19.9264,1.1943,2.0,20.0,1.399999976158142,-0.008583825,-0.10204164,0.5096794,0.5096794,0.058566514,0.05205895,-0.008583825,-0.10204164,0.5096794,0.5096794,0.058566514,0.05205895
141.330,1.9932,19.9264,1.1942,2.0,20.0,1.399999976158142,-0.010315063,-0.101667546,0.5119661,0.5119661,0.05872297,0.05325964,-0.010315063,-0.101667546,0.5119661,0.5119661,0.05872297,0.05325964
141.380,1.9936,19.9262,1.1939,2.0,20.0,1.399999976158142,-0.0095090205,-0.10206698,0.5130689,0.5130689,0.05882685,0.052749146,-0.0095090205,-0.10206698,0.5130689,0.5130689,0.05882685,0.052749146
141.430,1.9938,19.9262,1.1938,2.0,20.0,1.399999976158142,-0.011143559,-0.10165228,0.5160825,0.5160825,0.058956493,0.05383935,-0.011143559,-0.10165228,0.5160825,0.5160825,0.058956493,0.05383935
141.480,1.9942,19.9261,1.1934,2.0,20.0,1.399999976158142,-0.010391195,-0.10206696,0.5167753,0.5167753,0.059082888,0.053375266,-0.010391195,-0.10206696,0.5167753,0.5167753,0.059082888,0.053375266
141.530,1.9943,19.9261,1.1932,2.0,20.0,1.399999976158142,-0.0119260885,-0.10161925,0.5203393,0.5203393,0.05920319,0.05434215,-0.0119260885,-0.10161925,0.5203393,0.5203393,0.05920319,0.05434215
141.580,1.9947,19.9260,1.1928,2.0,20.0,1.399999976158142,-0.011232181,-0.10204981,0.5207189,0.5207189,0.059338924,0.05394307,-0.011232181,-0.10204981,0.5207189,0.5207189,0.059338924,0.05394307
141.631,1.9949,19.9260,1.1927,2.0,20.0,1.399999976158142,-0.0129469065,-0.22750981,1.0,1.0,0.11503253,0.12542418,-0.0129469065,-0.22750981,1.0,1.0,0.11503253,0.12542418
141.680,1.9953,19.9259,1.1935,2.0,20.0,1.399999976158142,-0.0110726375,-0.09902771,0.49926606,0.49926606,0.05671422,0.053386126,-0.0110726375,-0.09902771,0.49926606,0.49926606,0.05671422,0.053386126
141.730,1.9955,19.9259,1.1939,2.0,20.0,1.399999976158142,-0.013458168,-0.09768442,0.49247852,0.49247852,0.057659972,0.05348262,-0.013458168,-0.09768442,0.49247852,0.49247852,0.057659972,0.05348262
141.780,1.9958,19.9259,1.1947,2.0,20.0,1.399999976158142,-0.012484264,-0.098429605,0.49547362,0.49547362,0.057491183,0.053422686,-0.012484264,-0.098429605,0.49547362,0.49547362,0.057491183,0.053422686
141.831,1.9960,19.9259,1.1950,2.0,20.0,1.399999976158142,-0.01433696,-0.097379036,0.49236643,0.49236643,0.058014665,0.05370133,-0.01433696,-0.097379036,0.49236643,0.49236643,0.058014665,0.05370133
141.881,1.9963,19.9259,1.1955,2.0,20.0,1.399999976158142,-0.01335667,-0.09820718,0.49638784,0.49638784,0.057819553,0.053744297,-0.01335667,-0.09820718,0.49638784,0.49638784,0.057819553,0.053744297
141.930,1.9965,19.9259,1.1957,2.0,20.0,1.399999976158142,-0.014943809,-0.09726765,0.49498412,0.49498412,0.058151267,0.05406019,-0.014943809,-0.09726765,0.49498412,0.49498412,0.058151267,0.05406019
141.981,1.9968,19.9259,1.1960,2.0,20.0,1.399999976158142,-0.014128546,-0.098020285,0.49811435,0.49811435,0.058083083,0.054065753,-0.014128546,-0.098020285,0.49811435,0.49811435,0.058083083,0.054065753
142.031,1.9969,19.9259,1.1960,2.0,20.0,1.399999976158142,-0.015497633,-0.09717892,0.4982038,0.4982038,0.05827572,0.05440084,-0.015497633,-0.09717892,0.4982038,0.4982038,0.05827572,0.05440084
142.080,1.9972,19.9259,1.1961,2.0,20.0,1.399999976158142,-0.014821156,-0.097865805,0.5005435,0.5005435,0.058304492,0.05438247,-0.014821156,-0.097865805,0.5005435,0.5005435,0.058304492,0.05438247
142.130,1.9973,19.9259,1.1960,2.0,20.0,1.399999976158142,-0.016053116,-0.09708009,0.50187796,0.50187796,0.058414645,0.054718558,-0.016053116,-0.09708009,0.50187796,0.50187796,0.058414645,0.054718558
142.180,1.9976,19.9260,1.1959,2.0,20.0,1.399999976158142,-0.015480918,-0.0977164,0.50355154,0.50355154,0.058514647,0.054682672,-0.015480918,-0.0977164,0.50355154,0.50355154,0.058514647,0.054682672
142.230,1.9977,19.9260,1.1958,2.0,20.0,1.399999976158142,-0.016637601,-0.09694958,0.50593525,0.50593525,0.058595873,0.05499131,-0.016637601,-0.09694958,0.50593525,0.50593525,0.058595873,0.05499131
142.280,1.9980,19.9261,1.1955,2.0,20.0,1.399999976158142,-0.016119406,-0.09756599,0.5070338,0.5070338,0.058726825,0.05495858,-0.016119406,-0.09756599,0.5070338,0.5070338,0.058726825,0.05495858
142.331,1.9981,19.9261,1.1953,2.0,20.0,1.399999976158142,-0.017182665,-0.09685233,0.5102577,0.5102577,0.05877965,0.055255346,-0.017182665,-0.09685233,0.5102577,0.5102577,0.05877965,0.055255346
142.380,1.9983,19.9261,1.1949,2.0,20.0,1.399999976158142,-0.016698774,-0.09746491,0.5108941,0.5108941,0.058923576,0.055240106,-0.016698774,-0.09746491,0.5108941,0.5108941,0.058923576,0.055240106
142.431,1.9985,19.9262,1.1947,2.0,20.0,1.399999976158142,-0.01768938,-0.09680353,0.5148225,0.5148225,0.058930125,0.055562787,-0.01768938,-0.09680353,0.5148225,0.5148225,0.058930125,0.055562787
142.481,1.9987,19.9262,1.1941,2.0,20.0,1.399999976158142,-0.017242787,-0.097394526,0.5150393,0.5150393,0.059097003,0.05554031,-0.017242787,-0.097394526,0.5150393,0.5150393,0.059097003,0.05554031
142.530,1.9988,19.9262,1.1939,2.0,20.0,1.399999976158142,-0.018151347,-0.09680746,0.5194809,0.5194809,0.059062243,0.055896558,-0.018151347,-0.09680746,0.5194809,0.5194809,0.059062243,0.055896558
142.581,1.9990,19.9263,1.1933,2.0,20.0,1.399999976158142,-0.017760057,-0.097348265,0.5193925,0.5193925,0.059250474,0.05585785,-0.017760057,-0.097348265,0.5193925,0.5193925,0.059250474,0.05585785
142.631,1.9991,19.9263,1.1931,2.0,20.0,1.399999976158142,-0.028007025,-0.21696578,1.0,1.0,0.11628929,0.12868352,-0.028007025,-0.21696578,1.0,1.0,0.11628929,0.12868352
142.681,1.9993,19.9263,1.1939,2.0,20.0,1.399999976158142,-0.017032465,-0.094425365,0.49853382,0.49853382,0.0565714,0.054886427,-0.017032465,-0.094425365,0.49853382,0.49853382,0.0565714,0.054886427
142.730,1.9995,19.9263,1.1942,2.0,20.0,1.399999976158142,-0.018627105,-0.09329436,0.49242124,0.49242124,0.0571948,0.054726664,-0.018627105,-0.09329436,0.49242124,0.49242124,0.0571948,0.054726664
142.780,1.9997,19.9264,1.1949,2.0,20.0,1.399999976158142,-0.018039418,-0.09396675,0.4950757,0.4950757,0.05717135,0.054834824,-0.018039418,-0.09396675,0.4950757,0.4950757,0.05717135,0.054834824
142.831,1.9998,19.9264,1.1952,2.0,20.0,1.399999976158142,-0.019232681,-0.09308725,0.49258253,0.49258253,0.057473723,0.054846205,-0.019232681,-0.09308725,0.49258253,0.49258253,0.057473723,0.054846205
142.880,2.0000,19.9265,1.1956,2.0,20.0,1.399999976158142,-0.018629137,-0.09380687,0.4962802,0.4962802,0.05741825,0.05501776,-0.018629137,-0.09380687,0.4962802,0.4962802,0.05741825,0.05501776
142.930,2.0001,19.9265,1.1957,2.0,20.0,1.399999976158142,-0.019636212,-0.0930332,0.4954284,0.4954284,0.057581972,0.05508744,-0.019636212,-0.0930332,0.4954284,0.4954284,0.057581972,0.05508744
142.980,2.0003,19.9266,1.1959,2.0,20.0,1.399999976158142,-0.01915061,-0.093685344,0.49827743,0.49827743,0.05762145,0.055214506,-0.01915061,-0.093685344,0.49827743,0.49827743,0.05762145,0.055214506
143.030,2.0004,19.9266,1.1959,2.0,20.0,1.399999976158142,-0.020024316,-0.092991196,0.49883556,0.49883556,0.05769622,0.055319294,-0.020024316,-0.092991196,0.49883556,0.49883556,0.05769622,0.055319294
143.080,2.0006,19.9267,1.1959,2.0,20.0,1.399999976158142,-0.019632548,-0.09358632,0.5009362,0.5009362,0.05780823,0.055410635,-0.019632548,-0.09358632,0.5009362,0.5009362,0.05780823,0.055410635
143.131,2.0006,19.9267,1.1958,2.0,20.0,1.399999976158142,-0.020430846,-0.09293751,0.50268847,0.50268847,0.057839245,0.05552911,-0.020430846,-0.09293751,0.50268847,0.50268847,0.057839245,0.05552911
143.181,2.0008,19.9268,1.1956,2.0,20.0,1.399999976158142,-0.020088533,-0.09350697,0.50414324,0.50414324,0.057978332,0.05561717,-0.020088533,-0.09350697,0.50414324,0.50414324,0.057978332,0.05561717
143.230,2.0009,19.9268,1.1955,2.0,20.0,1.399999976158142,-0.020776676,-0.092960805,0.5068826,0.5068826,0.05793377,0.055803712,-0.020776676,-0.092960805,0.5068826,0.5068826,0.05793377,0.055803712
143.280,2.0011,19.9269,1.1951,2.0,20.0,1.399999976158142,-0.020487932,-0.09348818,0.50779235,0.50779235,0.058108605,0.055867504,-0.020487932,-0.09348818,0.50779235,0.50779235,0.058108605,0.055867504
143.330,2.0011,19.9269,1.1949,2.0,20.0,1.399999976158142,-0.02107871,-0.09304814,0.5113166,0.5113166,0.057999406,0.056127444,-0.02107871,-0.09304814,0.5113166,0.5113166,0.057999406,0.056127444
143.381,2.0013,19.9270,1.1945,2.0,20.0,1.399999976158142,-0.020850848,-0.09351649,0.51179916,0.51179916,0.0582146,0.05615274,-0.020850848,-0.09351649,0.51179916,0.51179916,0.0582146,0.05615274
143.430,2.0014,19.9270,1.1942,2.0,20.0,1.399999976158142,-0.0213702,-0.093163766,0.515955,0.515955,0.058049604,0.05648436,-0.0213702,-0.093163766,0.515955,0.515955,0.058049604,0.05648436
143.481,2.0015,19.9271,1.1937,2.0,20.0,1.399999976158142,-0.021188885,-0.09358126,0.51607245,0.51607245,0.058300197,0.05646995,-0.021188885,-0.09358126,0.51607245,0.51607245,0.058300197,0.05646995
143.531,2.0016,19.9271,1.1934,2.0,20.0,1.399999976158142,-0.021648321,-0.093312226,0.52068496,0.52068496,0.0580888,0.056871742,-0.021648321,-0.093312226,0.52068496,0.52068496,0.0580888,0.056871742
143.581,2.0017,19.9271,1.1928,2.0,20.0,1.399999976158142,-0.021505993,-0.09368209,0.52052826,0.52052826,0.058369905,0.056818176,-0.021505993,-0.09368209,0.52052826,0.52052826,0.058369905,0.056818176
143.630,2.0018,19.9272,1.1926,2.0,20.0,1.399999976158142,-0.03672145,-0.20776959,1.0,1.0,0.11495473,0.1295363,-0.03672145,-0.20776959,1.0,1.0,0.11495473,0.1295363
143.681,2.0020,19.9272,1.1933,2.0,20.0,1.399999976158142,-0.020480772,-0.09098811,0.49977845,0.49977845,0.055677276,0.055791605,-0.020480772,-0.09098811,0.49977845,0.49977845,0.055677276,0.055791605
143.731,2.0021,19.9272,1.1937,2.0,20.0,1.399999976158142,-0.021551924,-0.09031474,0.49388415,0.49388415,0.05600162,0.055865042,-0.021551924,-0.09031474,0.49388415,0.49388415,0.05600162,0.055865042
143.781,2.0023,19.9272,1.1944,2.0,20.0,1.399999976158142,-0.021242477,-0.09075657,0.49640653,0.49640653,0.056127932,0.055871118,-0.021242477,-0.09075657,0.49640653,0.49640653,0.056127932,0.055871118
143.831,2.0023,19.9273,1.1946,2.0,20.0,1.399999976158142,-0.022031937,-0.09023379,0.49399716,0.49399716,0.05620155,0.05606417,-0.022031937,-0.09023379,0.49399716,0.49399716,0.05620155,0.05606417
143.880,2.0025,19.9273,1.1950,2.0,20.0,1.399999976158142,-0.021674449,-0.090737835,0.49764222,0.49764222,0.056287944,0.056124344,-0.021674449,-0.090737835,0.49764222,0.49764222,0.056287944,0.056124344
143.930,2.0026,19.9274,1.1951,2.0,20.0,1.399999976158142,-0.02233483,-0.09027719,0.4968081,0.4968081,0.05625104,0.056360975,-0.02233483,-0.09027719,0.4968081,0.4968081,0.05625104,0.056360975
143.980,2.0027,19.9274,1.1953,2.0,20.0,1.399999976158142,-0.022056142,-0.09074455,0.49964756,0.49964756,0.056410655,0.056390036,-0.022056142,-0.09074455,0.49964756,0.49964756,0.056410655,0.056390036
144.031,2.0028,19.9274,1.1953,2.0,20.0,1.399999976158142,-0.0226182,-0.09033848,0.5001933,0.5001933,0.056297056,0.056659628,-0.0226182,-0.09033848,0.5001933,0.5001933,0.056297056,0.056659628
144.080,2.0030,19.9275,1.1953,2.0,20.0,1.399999976158142,-0.022408234,-0.090767115,0.5022918,0.5022918,0.056515496,0.056659855,-0.022408234,-0.090767115,0.5022918,0.5022918,0.056515496,0.056659855
144.130,2.0030,19.9275,1.1952,2.0,20.0,1.399999976158142,-0.02290797,-0.09040242,0.50401974,0.50401974,0.056363594,0.056946795,-0.02290797,-0.09040242,0.50401974,0.50401974,0.056363594,0.056946795
144.180,2.0032,19.9276,1.1950,2.0,20.0,1.399999976158142,-0.022739178,-0.090807416,0.5054759,0.5054759,0.05660349,0.056943104,-0.022739178,-0.090807416,0.5054759,0.5054759,0.05660349,0.056943104
144.230,2.0032,19.9276,1.1949,2.0,20.0,1.399999976158142,-0.02315579,-0.0905244,0.5081655,0.5081655,0.05639348,0.057286706,-0.02315579,-0.0905244,0.5081655,0.5081655,0.05639348,0.057286706
144.281,2.0034,19.9277,1.1946,2.0,20.0,1.399999976158142,-0.023029225,-0.09089641,0.5090964,0.5090964,0.056665592,0.057260044,-0.023029225,-0.09089641,0.5090964,0.5090964,0.056665592,0.057260044
144.330,2.0034,19.9277,1.1944,2.0,20.0,1.399999976158142,-0.023381088,-0.09068984,0.51255345,0.51255345,0.056409143,0.057661787,-0.023381088,-0.09068984,0.51255345,0.51255345,0.056409143,0.057661787
144.380,2.0036,19.9278,1.1939,2.0,20.0,1.399999976158142,-0.023297438,-0.09101703,0.51305854,0.51305854,0.056709185,0.057605285,-0.023297438,-0.09101703,0.51305854,0.51305854,0.056709185,0.057605285
144.430,2.0036,19.9278,1.1937,2.0,20.0,1.399999976158142,-0.023598304,-0.09088123,0.5171094,0.5171094,0.056415226,0.058064308,-0.023598304,-0.09088123,0.5171094,0.5171094,0.056415226,0.058064308
144.481,2.0038,19.9279,1.1932,2.0,20.0,1.399999976158142,-0.02354827,-0.09116891,0.51727444,0.51727444,0.05674097,0.057976212,-0.02354827,-0.09116891,0.51727444,0.51727444,0.05674097,0.057976212
144.530,2.0038,19.9279,1.1929,2.0,20.0,1.399999976158142,-0.023809215,-0.091098875,0.5217669,0.5217669,0.05641699,0.0584911,-0.023809215,-0.091098875,0.5217669,0.5217669,0.05641699,0.0584911
144.580,2.0040,19.9279,1.1923,2.0,20.0,1.399999976158142,-0.023786392,-0.09134947,0.5216732,0.5216732,0.056763083,0.058372773,-0.023786392,-0.09134947,0.5216732,0.5216732,0.056763083,0.058372773
144.631,2.0040,19.9280,1.1921,2.0,20.0,1.399999976158142,-0.041724235,-0.20210749,1.0,1.0,0.11155584,0.13227588,-0.041724235,-0.20210749,1.0,1.0,0.11155584,0.13227588
144.681,2.0042,19.9280,1.1929,2.0,20.0,1.399999976158142,-0.022607626,-0.08880923,0.5007751,0.5007751,0.054101635,0.057315215,-0.022607626,-0.08880923,0.5007751,0.5007751,0.054101635,0.057315215
144.730,2.0043,19.9280,1.1932,2.0,20.0,1.399999976158142,-0.02346382,-0.088361144,0.49477032,0.49477032,0.054299153,0.05752581,-0.02346382,-0.088361144,0.49477032,0.49477032,0.054299153,0.05752581
144.780,2.0044,19.9280,1.1939,2.0,20.0,1.399999976158142,-0.023271937,-0.088681646,0.49733332,0.49733332,0.05449092,0.05746266,-0.023271937,-0.088681646,0.49733332,0.49733332,0.05449092,0.05746266
144.830,2.0045,19.9280,1.1942,2.0,20.0,1.399999976158142,-0.023879157,-0.08834884,0.4947997,0.4947997,0.054469824,0.05775818,-0.023879157,-0.08834884,0.4947997,0.4947997,0.054469824,0.05775818
144.880,2.0046,19.9281,1.1946,2.0,20.0,1.399999976158142,-0.023633013,-0.08873712,0.4985087,0.4985087,0.054616753,0.05775338,-0.023633013,-0.08873712,0.4985087,0.4985087,0.054616753,0.05775338
144.930,2.0047,19.9281,1.1948,2.0,20.0,1.399999976158142,-0.024132203,-0.08844513,0.4975426,0.4975426,0.054506037,0.05807129,-0.024132203,-0.08844513,0.4975426,0.4975426,0.054506037,0.05807129
144.981,2.0048,19.9282,1.1949,2.0,20.0,1.399999976158142,-0.02395413,-0.08880755,0.50043863,0.50043863,0.05471267,0.058049012,-0.02395413,-0.08880755,0.50043863,0.50043863,0.05471267,0.058049012
145.030,2.0049,19.9282,1.1950,2.0,20.0,1.399999976158142,-0.024368098,-0.088557735,0.5008639,0.5008639,0.054542787,0.05838304,-0.024368098,-0.088557735,0.5008639,0.5008639,0.054542787,0.05838304
145.080,2.0050,19.9283,1.1950,2.0,20.0,1.399999976158142,-0.024249164,-0.08889074,0.5030164,0.5030164,0.05479425,0.058345657,-0.024249164,-0.08889074,0.5030164,0.5030164,0.05479425,0.058345657
145.130,2.0051,19.9283,1.1949,2.0,20.0,1.399999976158142,-0.024613528,-0.08866716,0.5046064,0.5046064,0.054595627,0.058685064,-0.024613528,-0.08866716,0.5046064,0.5046064,0.054595627,0.058685064
145.181,2.0052,19.9283,1.1947,2.0,20.0,1.399999976158142,-0.02452704,-0.08898686,0.50613153,0.50613153,0.054867186,0.058646712,-0.02452704,-0.08898686,0.50613153,0.50613153,0.054867186,0.058646712
145.230,2.0053,19.9284,1.1946,2.0,20.0,1.399999976158142,-0.02482717,-0.08882552,0.508683,0.508683,0.05462872,0.059023965,-0.02482717,-0.08882552,0.508683,0.508683,0.05462872,0.059023965
145.280,2.0054,19.9284,1.1943,2.0,20.0,1.399999976158142,-0.024774548,-0.089119956,0.5096861,0.5096861,0.05492066,0.058973845,-0.024774548,-0.089119956,0.5096861,0.5096861,0.05492066,0.058973845
145.330,2.0054,19.9284,1.1941,2.0,20.0,1.399999976158142,-0.025026385,-0.0890158,0.51301646,0.51301646,0.05464822,0.05939396,-0.025026385,-0.0890158,0.51301646,0.51301646,0.05464822,0.05939396
145.380,2.0056,19.9285,1.1937,2.0,20.0,1.399999976158142,-0.025004901,-0.0892799,0.51358086,0.51358086,0.054963473,0.05932132,-0.025004901,-0.0892799,0.51358086,0.51358086,0.054963473,0.05932132
145.430,2.0056,19.9285,1.1935,2.0,20.0,1.399999976158142,-0.02521873,-0.08923357,0.5175135,0.5175135,0.05466591,0.059786394,-0.02521873,-0.08923357,0.5175135,0.5175135,0.05466591,0.059786394
145.480,2.0057,19.9286,1.1930,2.0,20.0,1.399999976158142,-0.025223395,-0.08946444,0.5177411,0.5177411,0.054995593,0.059692245,-0.025223395,-0.08946444,0.5177411,0.5177411,0.054995593,0.059692245
145.530,2.0058,19.9286,1.1927,2.0,20.0,1.399999976158142,-0.025407337,-0.089472875,0.522121,0.522121,0.054676175,0.06020404,-0.025407337,-0.089472875,0.522121,0.522121,0.054676175,0.06020404
145.580,2.0059,19.9286,1.1922,2.0,20.0,1.399999976158142,-0.025432201,-0.08967501,0.5220763,0.5220763,0.055023074,0.06008413,-0.025432201,-0.08967501,0.5220763,0.5220763,0.055023074,0.06008413
145.630,2.0059,19.9286,1.1920,2.0,20.0,1.399999976158142,-0.04517759,-0.1984001,1.0,1.0,0.10778794,0.13578975,-0.04517759,-0.1984001,1.0,1.0,0.10778794,0.13578975
145.680,2.0061,19.9287,1.1927,2.0,20.0,1.399999976158142,-0.02416123,-0.08723046,0.5010916,0.5010916,0.052434914,0.058956772,-0.02416123,-0.08723046,0.5010916,0.5010916,0.052434914,0.058956772
145.731,2.0062,19.9287,1.1931,2.0,20.0,1.399999976158142,-0.024942162,-0.08686426,0.4949859,0.4949859,0.05264509,0.059161335,-0.024942162,-0.08686426,0.4949859,0.4949859,0.05264509,0.059161335
145.780,2.0063,19.9287,1.1938,2.0,20.0,1.399999976158142,-0.02479333,-0.08714026,0.4976133,0.4976133,0.052831717,0.05910188,-0.02479333,-0.08714026,0.4976133,0.4976133,0.052831717,0.05910188
145.830,2.0064,19.9287,1.1941,2.0,20.0,1.399999976158142,-0.02534335,-0.08687207,0.49495304,0.49495304,0.052832745,0.059382673,-0.02534335,-0.08687207,0.49495304,0.49495304,0.052832745,0.059382673
145.881,2.0065,19.9287,1.1945,2.0,20.0,1.399999976158142,-0.025135186,-0.087219,0.49872473,0.49872473,0.052969426,0.059384756,-0.025135186,-0.087219,0.49872473,0.49872473,0.052969426,0.059384756
145.930,2.0065,19.9288,1.1947,2.0,20.0,1.399999976158142,-0.025581528,-0.086989984,0.49769744,0.49769744,0.052889057,0.05968246,-0.025581528,-0.086989984,0.49769744,0.49769744,0.052889057,0.05968246
145.980,2.0067,19.9288,1.1949,2.0,20.0,1.399999976158142,-0.025441958,-0.0873083,0.5005918,0.5005918,0.05307665,0.05967361,-0.025441958,-0.0873083,0.5005918,0.5005918,0.05307665,0.05967361
146.030,2.0067,19.9288,1.1949,2.0,20.0,1.399999976158142,-0.025813252,-0.08710907,0.50092244,0.50092244,0.052934323,0.059987996,-0.025813252,-0.08710907,0.50092244,0.50092244,0.052934323,0.059987996
146.076,2.0068,19.9289,1.1949,2.0,20.0,1.399999976158142,-0.0257202,-0.08741253,0.50312877,0.50312877,0.053169742,0.05996298,-0.0257202,-0.08741253,0.50312877,0.50312877,0.053169742,0.05996298
146.131,2.0069,19.9289,1.1949,2.0,20.0,1.399999976158142,-0.026024204,-0.0872872,0.5047691,0.5047691,0.053043567,0.06026784,-0.026024204,-0.0872872,0.5047691,0.5047691,0.053043567,0.06026784
146.180,2.0070,19.9290,1.1947,2.0,20.0,1.399999976158142,-0.025996912,-0.087511756,0.50623643,0.50623643,0.05323453,0.060274143,-0.025996912,-0.087511756,0.50623643,0.50623643,0.05323453,0.060274143
146.231,2.0070,19.9290,1.1946,2.0,20.0,1.399999976158142,-0.026250362,-0.08740702,0.5086785,0.5086785,0.053036068,0.060621314,-0.026250362,-0.08740702,0.5086785,0.5086785,0.053036068,0.060621314
146.280,2.0071,19.9290,1.1943,2.0,20.0,1.399999976158142,-0.026219873,-0.08767691,0.5097166,0.5097166,0.05331644,0.060580347,-0.026219873,-0.08767691,0.5097166,0.5097166,0.05331644,0.060580347
146.331,2.0072,19.9291,1.1941,2.0,20.0,1.399999976158142,-0.026442913,-0.087608,0.51297754,0.51297754,0.053065814,0.0609851,-0.026442913,-0.087608,0.51297754,0.51297754,0.053065814,0.0609851
146.380,2.0073,19.9291,1.1937,2.0,20.0,1.399999976158142,-0.026441272,-0.08784878,0.5135702,0.5135702,0.053367756,0.060922302,-0.026441272,-0.08784878,0.5135702,0.5135702,0.053367756,0.060922302
146.431,2.0073,19.9291,1.1935,2.0,20.0,1.399999976158142,-0.026629495,-0.087834954,0.5174417,0.5174417,0.053093623,0.061370827,-0.026629495,-0.087834954,0.5174417,0.5174417,0.053093623,0.061370827
146.480,2.0074,19.9292,1.1930,2.0,20.0,1.399999976158142,-0.02665206,-0.08804623,0.5176955,0.5176955,0.0534117,0.061286595,-0.02665206,-0.08804623,0.5176955,0.5176955,0.0534117,0.061286595
146.530,2.0075,19.9292,1.1928,2.0,20.0,1.399999976158142,-0.02681325,-0.08808398,0.52203846,0.52203846,0.05311309,0.06178414,-0.02681325,-0.08808398,0.52203846,0.52203846,0.05311309,0.06178414
146.581,2.0076,19.9292,1.1922,2.0,20.0,1.399999976158142,-0.026854115,-0.08826676,0.5220106,0.5220106,0.053446382,0.06167449,-0.026854115,-0.08826676,0.5220106,0.5220106,0.053446382,0.06167449
146.630,2.0076,19.9292,1.1920,2.0,20.0,1.399999976158142,-0.048143014,-0.1955641,1.0,1.0,0.10443237,0.13927475,-0.048143014,-0.1955641,1.0,1.0,0.10443237,0.13927475
146.680,2.0078,19.9292,1.1927,2.0,20.0,1.399999976158142,-0.025518553,-0.08588879,0.50098264,0.50098264,0.050923463,0.06048388,-0.025518553,-0.08588879,0.50098264,0.50098264,0.050923463,0.06048388
146.730,2.0078,19.9292,1.1931,2.0,20.0,1.399999976158142,-0.026279718,-0.08555337,0.49482673,0.49482673,0.051165942,0.06066715,-0.026279718,-0.08555337,0.49482673,0.49482673,0.051165942,0.06066715
146.781,2.0080,19.9293,1.1939,2.0,20.0,1.399999976158142,-0.026144747,-0.08581079,0.49747837,0.49747837,0.05133521,0.06062032,-0.026144747,-0.08581079,0.49747837,0.49747837,0.05133521,0.06062032
146.830,2.0080,19.9293,1.1941,2.0,20.0,1.399999976158142,-0.02667451,-0.08557374,0.4948059,0.4948059,0.051368564,0.06087969,-0.02667451,-0.08557374,0.4948059,0.4948059,0.051368564,0.06087969
146.880,2.0081,19.9293,1.1946,2.0,20.0,1.399999976158142,-0.026482165,-0.085899994,0.49857154,0.49857154,0.051485557,0.060896598,-0.026482165,-0.085899994,0.49857154,0.49857154,0.051485557,0.060896598
146.931,2.0083,19.9293,1.1949,2.0,20.0,1.399999976158142,-0.026914652,-0.08569338,0.49747524,0.49747524,0.051433206,0.06117483,-0.026914652,-0.08569338,0.49747524,0.49747524,0.051433206,0.06117483
146.981,2.0083,19.9294,1.1949,2.0,20.0,1.399999976158142,-0.027038576,-0.08573667,0.49921733,0.49921733,0.05142494,0.061350312,-0.027038576,-0.08573667,0.49921733,0.49921733,0.05142494,0.061350312
147.030,2.0083,19.9294,1.1950,2.0,20.0,1.399999976158142,-0.026944859,-0.08602786,0.5016508,0.5016508,0.05162839,0.061344333,-0.026944859,-0.08602786,0.5016508,0.5016508,0.05162839,0.061344333
147.080,2.0085,19.9294,1.1950,2.0,20.0,1.399999976158142,-0.02705865,-0.08611138,0.50295585,0.50295585,0.05170824,0.061461788,-0.02705865,-0.08611138,0.50295585,0.50295585,0.05170824,0.061461788
147.130,2.0085,19.9294,1.1949,2.0,20.0,1.399999976158142,-0.027365435,-0.08596339,0.50444824,0.50444824,0.051565066,0.061763756,-0.027365435,-0.08596339,0.50444824,0.50444824,0.051565066,0.061763756
147.180,2.0086,19.9295,1.1948,2.0,20.0,1.399999976158142,-0.027316473,-0.08623726,0.50602365,0.50602365,0.05180304,0.061750688,-0.027316473,-0.08623726,0.50602365,0.50602365,0.05180304,0.061750688
147.230,2.0086,19.9295,1.1947,2.0,20.0,1.399999976158142,-0.027567863,-0.08614052,0.5084892,0.5084892,0.05161777,0.062090613,-0.027567863,-0.08614052,0.5084892,0.5084892,0.05161777,0.062090613
147.280,2.0087,19.9296,1.1944,2.0,20.0,1.399999976158142,-0.027549053,-0.086394,0.5095329,0.5095329,0.05187894,0.06206411,-0.027549053,-0.086394,0.5095329,0.5095329,0.05187894,0.06206411
147.331,2.0088,19.9296,1.1942,2.0,20.0,1.399999976158142,-0.027757756,-0.086349085,0.5127873,0.5127873,0.051661856,0.06244498,-0.027757756,-0.086349085,0.5127873,0.5127873,0.051661856,0.06244498
147.380,2.0089,19.9296,1.1938,2.0,20.0,1.399999976158142,-0.02776735,-0.08657441,0.513392,0.513392,0.05194377,0.062397998,-0.02776735,-0.08657441,0.513392,0.513392,0.05194377,0.062397998
147.430,2.0089,19.9296,1.1936,2.0,20.0,1.399999976158142,-0.027942538,-0.08658125,0.5172708,0.5172708,0.05170032,0.062823474,-0.027942538,-0.08658125,0.5172708,0.5172708,0.05170032,0.062823474
147.481,2.0090,19.9297,1.1931,2.0,20.0,1.399999976158142,-0.027974732,-0.086778365,0.5175208,0.5175208,0.051999226,0.06275387,-0.027974732,-0.086778365,0.5175208,0.5175208,0.051999226,0.06275387
147.530,2.0091,19.9297,1.1928,2.0,20.0,1.399999976158142,-0.028123176,-0.08683795,0.52185667,0.52185667,0.051737323,0.0632238,-0.028123176,-0.08683795,0.52185667,0.52185667,0.051737323,0.0632238
147.580,2.0092,19.9297,1.1922,2.0,20.0,1.399999976158142,-0.02817387,-0.08700665,0.52184796,0.52184796,0.05204776,0.06313276,-0.02817387,-0.08700665,0.52184796,0.52184796,0.05204776,0.06313276
147.630,2.0092,19.9297,1.1921,2.0,20.0,1.399999976158142,-0.050927434,-0.19289804,1.0,1.0,0.101462655,0.1423628,-0.050927434,-0.19289804,1.0,1.0,0.101462655,0.1423628
147.682,2.0093,19.9297,1.1928,2.0,20.0,1.399999976158142,-0.026784258,-0.084690884,0.50086844,0.50086844,0.049593277,0.06188186,-0.026784258,-0.084690884,0.50086844,0.50086844,0.049593277,0.06188186
147.730,2.0094,19.9297,1.1932,2.0,20.0,1.399999976158142,-0.027512817,-0.0843991,0.49491578,0.49491578,0.049877524,0.062034395,-0.027512817,-0.0843991,0.49491578,0.49491578,0.049877524,0.062034395
147.780,2.0095,19.9297,1.1939,2.0,20.0,1.399999976158142,-0.027411098,-0.08462167,0.49730438,0.49730438,0.05002355,0.06200922,-0.027411098,-0.08462167,0.49730438,0.49730438,0.05002355,0.06200922
147.831,2.0096,19.9298,1.1945,2.0,20.0,1.399999976158142,-0.027918749,-0.08441431,0.4947093,0.4947093,0.050094098,0.062238965,-0.027918749,-0.08441431,0.4947093,0.4947093,0.050094098,0.062238965
147.880,2.0096,19.9298,1.1946,2.0,20.0,1.399999976158142,-0.028050628,-0.084456235,0.49605396,0.49605396,0.050103594,0.06240327,-0.028050628,-0.084456235,0.49605396,0.49605396,0.050103594,0.06240327
147.930,2.0097,19.9298,1.1948,2.0,20.0,1.399999976158142,-0.027917145,-0.08474637,0.49919456,0.49919456,0.050235637,0.062427875,-0.027917145,-0.08474637,0.49919456,0.49919456,0.050235637,0.062427875
147.980,2.0098,19.9298,1.1950,2.0,20.0,1.399999976158142,-0.028034013,-0.08483268,0.5003438,0.5003438,0.050325,0.06254169,-0.028034013,-0.08483268,0.5003438,0.5003438,0.050325,0.06254169
148.030,2.0098,19.9298,1.1950,2.0,20.0,1.399999976158142,-0.028377436,-0.08467989,0.5006528,0.5006528,0.050248183,0.06280914,-0.028377436,-0.08467989,0.5006528,0.5006528,0.050248183,0.06280914
148.080,2.0099,19.9299,1.1950,2.0,20.0,1.399999976158142,-0.028305039,-0.0849534,0.50285894,0.50285894,0.050441705,0.06281673,-0.028305039,-0.0849534,0.50285894,0.50285894,0.050441705,0.06281673
148.130,2.0100,19.9299,1.1950,2.0,20.0,1.399999976158142,-0.028597279,-0.08482869,0.50436175,0.50436175,0.05033178,0.06309419,-0.028597279,-0.08482869,0.50436175,0.50436175,0.05033178,0.06309419
148.180,2.0101,19.9299,1.1948,2.0,20.0,1.399999976158142,-0.028558856,-0.08508786,0.50593495,0.50593495,0.05054889,0.06309783,-0.028558856,-0.08508786,0.50593495,0.50593495,0.05054889,0.06309783
148.230,2.0101,19.9300,1.1947,2.0,20.0,1.399999976158142,-0.02879673,-0.08501206,0.5084083,0.5084083,0.050395783,0.06341302,-0.02879673,-0.08501206,0.5084083,0.5084083,0.050395783,0.06341302
148.280,2.0102,19.9300,1.1944,2.0,20.0,1.399999976158142,-0.028787972,-0.08525145,0.5094482,0.5094482,0.05063721,0.063402206,-0.028787972,-0.08525145,0.5094482,0.5094482,0.05063721,0.063402206
148.330,2.0102,19.9300,1.1942,2.0,20.0,1.399999976158142,-0.028984003,-0.08522602,0.5127112,0.5127112,0.050451953,0.06375807,-0.028984003,-0.08522602,0.5127112,0.5127112,0.050451953,0.06375807
148.381,2.0103,19.9301,1.1938,2.0,20.0,1.399999976158142,-0.02900311,-0.08543808,0.5133152,0.5133152,0.050713815,0.06372738,-0.02900311,-0.08543808,0.5133152,0.5133152,0.050713815,0.06372738
148.430,2.0103,19.9301,1.1936,2.0,20.0,1.399999976158142,-0.029166184,-0.08546398,0.5171972,0.5171972,0.05050327,0.06412689,-0.029166184,-0.08546398,0.5171972,0.5171972,0.05050327,0.06412689
148.480,2.0104,19.9301,1.1931,2.0,20.0,1.399999976158142,-0.029207675,-0.085648544,0.5174585,0.5174585,0.05078113,0.06407509,-0.029207675,-0.085648544,0.5174585,0.5174585,0.05078113,0.06407509
148.530,2.0105,19.9301,1.1929,2.0,20.0,1.399999976158142,-0.029344143,-0.08572421,0.5218166,0.5218166,0.050545767,0.06452259,-0.029344143,-0.08572421,0.5218166,0.5218166,0.050545767,0.06452259
148.580,2.0106,19.9301,1.1923,2.0,20.0,1.399999976158142,-0.029403338,-0.085882545,0.5217894,0.5217894,0.050840717,0.06444516,-0.029403338,-0.085882545,0.5217894,0.5217894,0.050840717,0.06444516
148.630,2.0106,19.9301,1.1921,2.0,20.0,1.399999976158142,-0.053507563,-0.19060355,1.0,1.0,0.098896176,0.14521493,-0.053507563,-0.19060355,1.0,1.0,0.098896176,0.14521493
148.681,2.0107,19.9301,1.1928,2.0,20.0,1.399999976158142,-0.027960304,-0.08361542,0.50080484,0.50080484,0.048438676,0.063137054,-0.027960304,-0.08361542,0.50080484,0.50080484,0.048438676,0.063137054
148.731,2.0108,19.9301,1.1932,2.0,20.0,1.399999976158142,-0.028686134,-0.08333187,0.49471024,0.49471024,0.048749674,0.063268326,-0.028686134,-0.08333187,0.49471024,0.49471024,0.048749674,0.063268326
148.780,2.0109,19.9301,1.1939,2.0,20.0,1.399999976158142,-0.028575053,-0.08355983,0.4973126,0.4973126,0.048881683,0.0632532,-0.028575053,-0.08355983,0.4973126,0.4973126,0.048881683,0.0632532
148.830,2.0109,19.9302,1.1942,2.0,20.0,1.399999976158142,-0.02907464,-0.08336867,0.4946919,0.4946919,0.04898258,0.06346072,-0.02907464,-0.08336867,0.4946919,0.4946919,0.04898258,0.06346072
148.880,2.0110,19.9302,1.1947,2.0,20.0,1.399999976158142,-0.028904878,-0.08366543,0.4984209,0.4984209,0.0490601,0.06351021,-0.028904878,-0.08366543,0.4984209,0.4984209,0.0490601,0.06351021
148.931,2.0110,19.9302,1.1948,2.0,20.0,1.399999976158142,-0.029309973,-0.08350134,0.49736443,0.49736443,0.049074255,0.06373705,-0.029309973,-0.08350134,0.49736443,0.49736443,0.049074255,0.06373705
148.980,2.0111,19.9302,1.1950,2.0,20.0,1.399999976158142,-0.029198071,-0.083781846,0.5003004,0.5003004,0.049207073,0.06377285,-0.029198071,-0.083781846,0.5003004,0.5003004,0.049207073,0.06377285
149.031,2.0112,19.9302,1.1951,2.0,20.0,1.399999976158142,-0.029529596,-0.08364508,0.5006128,0.5006128,0.049154997,0.06401968,-0.029529596,-0.08364508,0.5006128,0.5006128,0.049154997,0.06401968
149.081,2.0113,19.9303,1.1951,2.0,20.0,1.399999976158142,-0.029464638,-0.08391075,0.5028381,0.5028381,0.049334716,0.06404067,-0.029464638,-0.08391075,0.5028381,0.5028381,0.049334716,0.06404067
149.131,2.0113,19.9303,1.1950,2.0,20.0,1.399999976158142,-0.029745322,-0.083800115,0.5043388,0.5043388,0.04924406,0.06430137,-0.029745322,-0.083800115,0.5043388,0.5043388,0.04924406,0.06430137
149.180,2.0114,19.9303,1.1948,2.0,20.0,1.399999976158142,-0.029714148,-0.08405066,0.5059079,0.5059079,0.049448658,0.06431615,-0.029714148,-0.08405066,0.5059079,0.5059079,0.049448658,0.06431615
149.231,2.0114,19.9303,1.1947,2.0,20.0,1.399999976158142,-0.029938564,-0.0839932,0.5083926,0.5083926,0.04931867,0.06461309,-0.029938564,-0.0839932,0.5083926,0.5083926,0.04931867,0.06461309
149.280,2.0115,19.9304,1.1944,2.0,20.0,1.399999976158142,-0.029939638,-0.08421937,0.5094267,0.5094267,0.049543995,0.06461501,-0.029939638,-0.08421937,0.5094267,0.5094267,0.049543995,0.06461501
149.331,2.0115,19.9304,1.1942,2.0,20.0,1.399999976158142,-0.030122273,-0.08421074,0.5126994,0.5126994,0.049379926,0.06495309,-0.030122273,-0.08421074,0.5126994,0.5126994,0.049379926,0.06495309
149.380,2.0116,19.9304,1.1938,2.0,20.0,1.399999976158142,-0.03015063,-0.084412746,0.51329464,0.51329464,0.049629893,0.06493349,-0.03015063,-0.084412746,0.51329464,0.51329464,0.049629893,0.06493349
149.430,2.0116,19.9304,1.1936,2.0,20.0,1.399999976158142,-0.030300742,-0.08445345,0.5172039,0.5172039,0.049436335,0.065317854,-0.030300742,-0.08445345,0.5172039,0.5172039,0.049436335,0.065317854
149.481,2.0117,19.9305,1.1931,2.0,20.0,1.399999976158142,-0.030351225,-0.08462889,0.51744086,0.51744086,0.049705055,0.065275066,-0.030351225,-0.08462889,0.51744086,0.51744086,0.049705055,0.065275066
149.530,2.0118,19.9305,1.1929,2.0,20.0,1.399999976158142,-0.030474592,-0.08472063,0.52182287,0.52182287,0.049488608,0.06570661,-0.030474592,-0.08472063,0.52182287,0.52182287,0.049488608,0.06570661
149.576,2.0118,19.9305,1.1923,2.0,20.0,1.399999976158142,-0.030542804,-0.08486832,0.5217862,0.5217862,0.04977072,0.0656404,-0.030542804,-0.08486832,0.5217862,0.5217862,0.04977072,0.0656404
149.631,2.0119,19.9305,1.1921,2.0,20.0,1.399999976158142,-0.05595797,-0.18792889,1.0,1.0,0.0965874,0.14729945,-0.05595797,-0.18792889,1.0,1.0,0.0965874,0.14729945
149.680,2.0120,19.9305,1.1928,2.0,20.0,1.399999976158142,-0.029053666,-0.08264925,0.5009188,0.5009188,0.047402665,0.064300254,-0.029053666,-0.08264925,0.5009188,0.5009188,0.047402665,0.064300254
149.730,2.0120,19.9305,1.1932,2.0,20.0,1.399999976158142,-0.029747784,-0.082400925,0.49471408,0.49471408,0.047736976,0.06441174,-0.029747784,-0.082400925,0.49471408,0.49471408,0.047736976,0.06441174
149.780,2.0121,19.9305,1.1939,2.0,20.0,1.399999976158142,-0.029649496,-0.08261375,0.4973319,0.4973319,0.047860444,0.064402804,-0.029649496,-0.08261375,0.4973319,0.4973319,0.047860444,0.064402804
149.831,2.0122,19.9305,1.1942,2.0,20.0,1.399999976158142,-0.030126734,-0.08245062,0.4947,0.4947,0.047975965,0.06460139,-0.030126734,-0.08245062,0.4947,0.4947,0.047975965,0.06460139
149.881,2.0123,19.9305,1.1947,2.0,20.0,1.399999976158142,-0.029971872,-0.08273004,0.4984414,0.4984414,0.048045713,0.0646562,-0.029971872,-0.08273004,0.4984414,0.4984414,0.048045713,0.0646562
149.930,2.0123,19.9305,1.1948,2.0,20.0,1.399999976158142,-0.030356824,-0.082591325,0.4973789,0.4973789,0.04807622,0.06487193,-0.030356824,-0.082591325,0.4973789,0.4973789,0.04807622,0.06487193
149.981,2.0124,19.9306,1.1950,2.0,20.0,1.399999976158142,-0.030258896,-0.08285481,0.50031143,0.50031143,0.048199173,0.064914525,-0.030258896,-0.08285481,0.50031143,0.50031143,0.048199173,0.064914525
150.030,2.0124,19.9306,1.1950,2.0,20.0,1.399999976158142,-0.030569902,-0.08274444,0.5006435,0.5006435,0.04816614,0.065148205,-0.030569902,-0.08274444,0.5006435,0.5006435,0.04816614,0.065148205
150.080,2.0125,19.9306,1.1950,2.0,20.0,1.399999976158142,-0.030519553,-0.08299131,0.5028457,0.5028457,0.048332535,0.06517833,-0.030519553,-0.08299131,0.5028457,0.5028457,0.048332535,0.06517833
150.130,2.0125,19.9306,1.1950,2.0,20.0,1.399999976158142,-0.03077956,-0.0829079,0.5043624,0.5043624,0.048262306,0.06542516,-0.03077956,-0.0829079,0.5043624,0.5043624,0.048262306,0.06542516
150.180,2.0126,19.9307,1.1948,2.0,20.0,1.399999976158142,-0.030762611,-0.08314173,0.5059283,0.5059283,0.048454594,0.065449744,-0.030762611,-0.08314173,0.5059283,0.5059283,0.048454594,0.065449744
150.230,2.0126,19.9307,1.1947,2.0,20.0,1.399999976158142,-0.030970678,-0.08310376,0.50841546,0.50841546,0.04834141,0.06573304,-0.030970678,-0.08310376,0.50841546,0.50841546,0.04834141,0.06573304
150.281,2.0127,19.9307,1.1944,2.0,20.0,1.399999976158142,-0.030983098,-0.083318144,0.5094472,0.5094472,0.048558295,0.06574295,-0.030983098,-0.083318144,0.5094472,0.5094472,0.048558295,0.06574295
150.330,2.0127,19.9307,1.1942,2.0,20.0,1.399999976158142,-0.031151127,-0.08332766,0.5127272,0.5127272,0.04841251,0.06606628,-0.031151127,-0.08332766,0.5127272,0.5127272,0.04841251,0.06606628
150.380,2.0128,19.9307,1.1938,2.0,20.0,1.399999976158142,-0.031190196,-0.0835172,0.51332295,0.51332295,0.04865075,0.06605665,-0.031190196,-0.0835172,0.51332295,0.51332295,0.04865075,0.06605665
150.431,2.0128,19.9308,1.1936,2.0,20.0,1.399999976158142,-0.03132646,-0.08357508,0.5172342,0.5172342,0.04847705,0.06642449,-0.03132646,-0.08357508,0.5172342,0.5172342,0.04847705,0.06642449
150.481,2.0129,19.9308,1.1931,2.0,20.0,1.399999976158142,-0.03138668,-0.08373885,0.5174742,0.5174742,0.048732836,0.06639269,-0.03138668,-0.08373885,0.5174742,0.5174742,0.048732836,0.06639269
150.531,2.0129,19.9308,1.1928,2.0,20.0,1.399999976158142,-0.03149693,-0.08384652,0.52185637,0.52185637,0.04853656,0.06680688,-0.03149693,-0.08384652,0.52185637,0.52185637,0.04853656,0.06680688
150.580,2.0130,19.9308,1.1923,2.0,20.0,1.399999976158142,-0.03157466,-0.08398429,0.5218204,0.5218204,0.04880742,0.06675153,-0.03157466,-0.08398429,0.5218204,0.5218204,0.04880742,0.06675153
150.631,2.0130,19.9308,1.1921,2.0,20.0,1.399999976158142,-0.058067493,-0.1865854,1.0,1.0,0.09454776,0.15010512,-0.058067493,-0.1865854,1.0,1.0,0.09454776,0.15010512
150.681,2.0131,19.9308,1.1928,2.0,20.0,1.399999976158142,-0.030039188,-0.08180557,0.50086015,0.50086015,0.046496578,0.065348186,-0.030039188,-0.08180557,0.50086015,0.50086015,0.046496578,0.065348186
150.731,2.0132,19.9308,1.1932,2.0,20.0,1.399999976158142,-0.030732019,-0.08156326,0.4947788,0.4947788,0.046852406,0.065442875,-0.030732019,-0.08156326,0.4947788,0.4947788,0.046852406,0.065442875
150.780,2.0133,19.9308,1.1939,2.0,20.0,1.399999976158142,-0.030640818,-0.08176887,0.4973805,0.4973805,0.04695984,0.06544985,-0.030640818,-0.08176887,0.4973805,0.4973805,0.04695984,0.06544985
150.830,2.0133,19.9308,1.1942,2.0,20.0,1.399999976158142,-0.031113347,-0.0816127,0.4947486,0.4947486,0.047106244,0.0656198,-0.031113347,-0.0816127,0.4947486,0.4947486,0.047106244,0.0656198
150.880,2.0134,19.9308,1.1946,2.0,20.0,1.399999976158142,-0.030962467,-0.08188688,0.4984804,0.4984804,0.04715686,0.06569249,-0.030962467,-0.08188688,0.4984804,0.4984804,0.04715686,0.06569249
150.931,2.0134,19.9308,1.1948,2.0,20.0,1.399999976158142,-0.031340662,-0.08175778,0.49742422,0.49742422,0.047216486,0.06588195,-0.031340662,-0.08175778,0.49742422,0.49742422,0.047216486,0.06588195
150.980,2.0135,19.9308,1.1950,2.0,20.0,1.399999976158142,-0.031247778,-0.082015425,0.500347,0.500347,0.047321435,0.065941766,-0.031247778,-0.082015425,0.500347,0.500347,0.047321435,0.065941766
151.031,2.0135,19.9309,1.1950,2.0,20.0,1.399999976158142,-0.03155217,-0.08191449,0.50066674,0.50066674,0.047314905,0.06615176,-0.03155217,-0.08191449,0.50066674,0.50066674,0.047314905,0.06615176
151.081,2.0136,19.9309,1.1950,2.0,20.0,1.399999976158142,-0.031506613,-0.08215624,0.50287914,0.50287914,0.0474652,0.066197656,-0.031506613,-0.08215624,0.50287914,0.50287914,0.0474652,0.066197656
151.131,2.0136,19.9309,1.1950,2.0,20.0,1.399999976158142,-0.031759057,-0.08208275,0.50438195,0.50438195,0.047418214,0.066423595,-0.031759057,-0.08208275,0.50438195,0.50438195,0.047418214,0.066423595
151.180,2.0137,19.9309,1.1948,2.0,20.0,1.399999976158142,-0.031747382,-0.082309544,0.5059502,0.5059502,0.047594804,0.06646212,-0.031747382,-0.082309544,0.5059502,0.5059502,0.047594804,0.06646212
151.230,2.0137,19.9310,1.1947,2.0,20.0,1.399999976158142,-0.03194674,-0.082282804,0.5084251,0.5084251,0.047504503,0.06672504,-0.03194674,-0.082282804,0.5084251,0.5084251,0.047504503,0.06672504
151.280,2.0138,19.9310,1.1944,2.0,20.0,1.399999976158142,-0.031965524,-0.082490675,0.5094664,0.5094664,0.047707815,0.06674839,-0.031965524,-0.082490675,0.5094664,0.5094664,0.047707815,0.06674839
151.330,2.0138,19.9310,1.1942,2.0,20.0,1.399999976158142,-0.03212484,-0.08251074,0.51273876,0.51273876,0.047582537,0.06705304,-0.03212484,-0.08251074,0.51273876,0.51273876,0.047582537,0.06705304
151.380,2.0139,19.9310,1.1938,2.0,20.0,1.399999976158142,-0.032170147,-0.08269308,0.5133413,0.5133413,0.047807112,0.06705611,-0.032170147,-0.08269308,0.5133413,0.5133413,0.047807112,0.06705611
151.430,2.0139,19.9310,1.1936,2.0,20.0,1.399999976158142,-0.032296885,-0.082761705,0.5172453,0.5172453,0.04765266,0.067405924,-0.032296885,-0.082761705,0.5172453,0.5172453,0.04765266,0.067405924
151.481,2.0140,19.9311,1.1931,2.0,20.0,1.399999976158142,-0.032363724,-0.08291874,0.5174876,0.5174876,0.047896687,0.06738578,-0.032363724,-0.08291874,0.5174876,0.5174876,0.047896687,0.06738578
151.531,2.0140,19.9311,1.1928,2.0,20.0,1.399999976158142,-0.03246451,-0.08303831,0.5218538,0.5218538,0.047721453,0.06778137,-0.03246451,-0.08303831,0.5218538,0.5218538,0.047721453,0.06778137
151.581,2.0141,19.9311,1.1923,2.0,20.0,1.399999976158142,-0.032548495,-0.083168276,0.5218441,0.5218441,0.04797674,0.06774003,-0.032548495,-0.083168276,0.5218441,0.5218441,0.04797674,0.06774003
151.631,2.0141,19.9311,1.1921,2.0,20.0,1.399999976158142,-0.06012933,-0.18476893,1.0,1.0,0.09277997,0.1521183,-0.06012933,-0.18476893,1.0,1.0,0.09277997,0.1521183
151.681,2.0142,19.9311,1.1928,2.0,20.0,1.399999976158142,-0.030972892,-0.08102705,0.5008853,0.5008853,0.04570569,0.06629425,-0.030972892,-0.08102705,0.5008853,0.5008853,0.04570569,0.06629425
151.731,2.0142,19.9311,1.1932,2.0,20.0,1.399999976158142,-0.03164856,-0.080804124,0.4947946,0.4947946,0.046077732,0.06637496,-0.03164856,-0.080804124,0.4947946,0.4947946,0.046077732,0.06637496
151.780,2.0143,19.9311,1.1939,2.0,20.0,1.399999976158142,-0.03156614,-0.08100089,0.49741405,0.49741405,0.04617545,0.06639158,-0.03156614,-0.08100089,0.49741405,0.49741405,0.04617545,0.06639158
151.830,2.0143,19.9311,1.1942,2.0,20.0,1.399999976158142,-0.03202512,-0.08086071,0.49476144,0.49476144,0.04633919,0.06654664,-0.03202512,-0.08086071,0.49476144,0.49476144,0.04633919,0.06654664
151.881,2.0144,19.9311,1.1946,2.0,20.0,1.399999976158142,-0.031883974,-0.08112405,0.49849436,0.49849436,0.046379488,0.06662854,-0.031883974,-0.08112405,0.49849436,0.49849436,0.046379488,0.06662854
151.931,2.0144,19.9311,1.1948,2.0,20.0,1.399999976158142,-0.03224857,-0.08101045,0.49742803,0.49742803,0.046456132,0.0668029,-0.03224857,-0.08101045,0.49742803,0.49742803,0.046456132,0.0668029
151.981,2.0145,19.9311,1.1950,2.0,20.0,1.399999976158142,-0.032164413,-0.081259236,0.5003656,0.5003656,0.04655127,0.06687238,-0.032164413,-0.081259236,0.5003656,0.5003656,0.04655127,0.06687238
152.031,2.0145,19.9311,1.1950,2.0,20.0,1.399999976158142,-0.032456234,-0.081172965,0.50067,0.50067,0.04656126,0.06706794,-0.032456234,-0.081172965,0.50067,0.50067,0.04656126,0.06706794
152.083,2.0146,19.9311,1.1950,2.0,20.0,1.399999976158142,-0.032419447,-0.08140506,0.5028839,0.5028839,0.046700954,0.067123555,-0.032419447,-0.08140506,0.5028839,0.5028839,0.046700954,0.067123555
152.131,2.0146,19.9311,1.1950,2.0,20.0,1.399999976158142,-0.032655135,-0.08136031,0.5044331,0.5044331,0.046680897,0.06733455,-0.032655135,-0.08136031,0.5044331,0.5044331,0.046680897,0.06733455
152.181,2.0147,19.9312,1.1948,2.0,20.0,1.399999976158142,-0.03265878,-0.08156237,0.50597465,0.50597465,0.046834897,0.067386255,-0.03265878,-0.08156237,0.50597465,0.50597465,0.046834897,0.067386255
152.231,2.0147,19.9312,1.1947,2.0,20.0,1.399999976158142,-0.032843973,-0.081550024,0.50843805,0.50843805,0.046760667,0.06763333,-0.032843973,-0.081550024,0.50843805,0.50843805,0.046760667,0.06763333
152.281,2.0148,19.9312,1.1944,2.0,20.0,1.399999976158142,-0.032870248,-0.08174968,0.5094716,0.5094716,0.046955146,0.06766478,-0.032870248,-0.08174968,0.5094716,0.5094716,0.046955146,0.06766478
152.332,2.0148,19.9312,1.1942,2.0,20.0,1.399999976158142,-0.03301773,-0.08178354,0.51273876,0.51273876,0.046846446,0.06795482,-0.03301773,-0.08178354,0.51273876,0.51273876,0.046846446,0.06795482
152.380,2.0148,19.9313,1.1938,2.0,20.0,1.399999976158142,-0.0330728,-0.081960216,0.51335317,0.51335317,0.04706542,0.06796759,-0.0330728,-0.081960216,0.51335317,0.51335317,0.04706542,0.06796759
152.431,2.0149,19.9313,1.1936,2.0,20.0,1.399999976158142,-0.033186883,-0.08203723,0.5173131,0.5173131,0.046914738,0.068309374,-0.033186883,-0.08203723,0.5173131,0.5173131,0.046914738,0.068309374
152.480,2.0149,19.9313,1.1931,2.0,20.0,1.399999976158142,-0.03326103,-0.082187176,0.51749426,0.51749426,0.04715567,0.068292536,-0.03326103,-0.082187176,0.51749426,0.51749426,0.04715567,0.068292536
152.530,2.0150,19.9313,1.1928,2.0,20.0,1.399999976158142,-0.03334995,-0.082318656,0.52186954,0.52186954,0.04699332,0.06867528,-0.03334995,-0.082318656,0.52186954,0.52186954,0.04699332,0.06867528
152.581,2.0150,19.9313,1.1923,2.0,20.0,1.399999976158142,-0.033442203,-0.082441434,0.5218455,0.5218455,0.04724228,0.06864136,-0.033442203,-0.082441434,0.5218455,0.5218455,0.04724228,0.06864136
152.630,2.0150,19.9313,1.1921,2.0,20.0,1.399999976158142,-0.062012497,-0.1832821,1.0,1.0,0.09122101,0.1540736,-0.062012497,-0.1832821,1.0,1.0,0.09122101,0.1540736
152.681,2.0151,19.9313,1.1928,2.0,20.0,1.399999976158142,-0.03182653,-0.08033065,0.50087124,0.50087124,0.045001175,0.067156,-0.03182653,-0.08033065,0.50087124,0.50087124,0.045001175,0.067156
152.731,2.0152,19.9313,1.1932,2.0,20.0,1.399999976158142,-0.032484304,-0.08012706,0.49484202,0.49484202,0.045389988,0.06722138,-0.032484304,-0.08012706,0.49484202,0.49484202,0.045389988,0.06722138
152.780,2.0152,19.9313,1.1939,2.0,20.0,1.399999976158142,-0.03241692,-0.08030923,0.497364,0.497364,0.045479294,0.067246854,-0.03241692,-0.08030923,0.497364,0.497364,0.045479294,0.067246854
152.831,2.0153,19.9313,1.1942,2.0,20.0,1.399999976158142,-0.032860402,-0.080185086,0.49474642,0.49474642,0.04565902,0.06738647,-0.032860402,-0.080185086,0.49474642,0.49474642,0.04565902,0.06738647
152.881,2.0153,19.9313,1.1946,2.0,20.0,1.399999976158142,-0.032727625,-0.08044105,0.49849615,0.49849615,0.04569016,0.06747851,-0.032727625,-0.08044105,0.49849615,0.49849615,0.04569016,0.06747851
152.930,2.0154,19.9313,1.1948,2.0,20.0,1.399999976158142,-0.033082485,-0.08033859,0.4974133,0.4974133,0.045783743,0.06763733,-0.033082485,-0.08033859,0.4974133,0.4974133,0.045783743,0.06763733
152.980,2.0154,19.9313,1.1950,2.0,20.0,1.399999976158142,-0.03300558,-0.08057973,0.50035876,0.50035876,0.045868803,0.06771651,-0.03300558,-0.08057973,0.50035876,0.50035876,0.045868803,0.06771651
153.031,2.0155,19.9313,1.1950,2.0,20.0,1.399999976158142,-0.033286773,-0.08050516,0.50066364,0.50066364,0.045895003,0.06789694,-0.033286773,-0.08050516,0.50066364,0.50066364,0.045895003,0.06789694
153.080,2.0155,19.9313,1.1950,2.0,20.0,1.399999976158142,-0.033257104,-0.08073113,0.5028851,0.5028851,0.046025496,0.06796274,-0.033257104,-0.08073113,0.5028851,0.5028851,0.046025496,0.06796274
153.131,2.0155,19.9314,1.1950,2.0,20.0,1.399999976158142,-0.033485785,-0.08068302,0.5043694,0.5043694,0.0460067,0.068162106,-0.033485785,-0.08068302,0.5043694,0.5043694,0.0460067,0.068162106
153.180,2.0156,19.9314,1.1948,2.0,20.0,1.399999976158142,-0.03348917,-0.08089493,0.5059453,0.5059453,0.04616596,0.06821814,-0.03348917,-0.08089493,0.5059453,0.5059453,0.04616596,0.06821814
153.230,2.0156,19.9314,1.1947,2.0,20.0,1.399999976158142,-0.03366555,-0.08089366,0.50841516,0.50841516,0.046104852,0.06845435,-0.03366555,-0.08089366,0.50841516,0.50841516,0.046104852,0.06845435
153.280,2.0157,19.9314,1.1944,2.0,20.0,1.399999976158142,-0.03370035,-0.08108464,0.50945914,0.50945914,0.04628964,0.06849535,-0.03370035,-0.08108464,0.50945914,0.50945914,0.04628964,0.06849535
153.330,2.0157,19.9314,1.1942,2.0,20.0,1.399999976158142,-0.03383691,-0.08112892,0.5127311,0.5127311,0.046192393,0.06877343,-0.03383691,-0.08112892,0.5127311,0.5127311,0.046192393,0.06877343
153.380,2.0157,19.9315,1.1938,2.0,20.0,1.399999976158142,-0.033897564,-0.08129565,0.51333106,0.51333106,0.046399623,0.06879359,-0.033897564,-0.08129565,0.51333106,0.51333106,0.046399623,0.06879359
153.430,2.0158,19.9315,1.1936,2.0,20.0,1.399999976158142,-0.034002133,-0.08138856,0.5172336,0.5172336,0.04627428,0.06911641,-0.034002133,-0.08138856,0.5172336,0.5172336,0.04627428,0.06911641
153.480,2.0158,19.9315,1.1931,2.0,20.0,1.399999976158142,-0.034084387,-0.08153043,0.51748306,0.51748306,0.046500437,0.06911438,-0.034084387,-0.08153043,0.51748306,0.51748306,0.046500437,0.06911438
153.530,2.0158,19.9315,1.1928,2.0,20.0,1.399999976158142,-0.03416213,-0.0816726,0.52187425,0.52187425,0.046348963,0.06948577,-0.03416213,-0.0816726,0.52187425,0.52187425,0.046348963,0.06948577
153.580,2.0159,19.9315,1.1923,2.0,20.0,1.399999976158142,-0.034261808,-0.08178845,0.52183443,0.52183443,0.04659156,0.0694587,-0.034261808,-0.08178845,0.52183443,0.52183443,0.04659156,0.0694587
153.630,2.0159,19.9315,1.1921,2.0,20.0,1.399999976158142,-0.063742734,-0.18198656,1.0,1.0,0.089847624,0.15588166,-0.063742734,-0.18198656,1.0,1.0,0.089847624,0.15588166
153.680,2.0160,19.9315,1.1929,2.0,20.0,1.399999976158142,-0.03261127,-0.079707034,0.5008612,0.5008612,0.044380788,0.067937516,-0.03261127,-0.079707034,0.5008612,0.5008612,0.044380788,0.067937516
153.731,2.0160,19.9315,1.1934,2.0,20.0,1.399999976158142,-0.033301845,-0.07949046,0.49382415,0.49382415,0.044823214,0.06796909,-0.033301845,-0.07949046,0.49382415,0.49382415,0.044823214,0.06796909
153.780,2.0161,19.9315,1.1943,2.0,20.0,1.399999976158142,-0.033238154,-0.07966781,0.4963566,0.4963566,0.044905797,0.06800017,-0.033238154,-0.07966781,0.4963566,0.4963566,0.044905797,0.06800017
153.831,2.0161,19.9315,1.1947,2.0,20.0,1.399999976158142,-0.033723436,-0.079517886,0.4924283,0.4924283,0.045148835,0.06809249,-0.033723436,-0.079517886,0.4924283,0.4924283,0.045148835,0.06809249
153.881,2.0162,19.9315,1.1953,2.0,20.0,1.399999976158142,-0.033566512,-0.07978493,0.49682206,0.49682206,0.045140788,0.068210654,-0.033566512,-0.07978493,0.49682206,0.49682206,0.045140788,0.068210654
153.930,2.0162,19.9315,1.1955,2.0,20.0,1.399999976158142,-0.033945054,-0.07966117,0.49474058,0.49474058,0.045285445,0.06832077,-0.033945054,-0.07966117,0.49474058,0.49474058,0.045285445,0.06832077
153.980,2.0163,19.9315,1.1959,2.0,20.0,1.399999976158142,-0.033856645,-0.07990712,0.49814293,0.49814293,0.045337506,0.06842626,-0.033856645,-0.07990712,0.49814293,0.49814293,0.045337506,0.06842626
154.031,2.0163,19.9315,1.1960,2.0,20.0,1.399999976158142,-0.03415778,-0.07980085,0.49752736,0.49752736,0.04540564,0.068552986,-0.03415778,-0.07980085,0.49752736,0.49752736,0.04540564,0.068552986
154.081,2.0163,19.9315,1.1962,2.0,20.0,1.399999976158142,-0.03411455,-0.08004016,0.50023055,0.50023055,0.04550741,0.0686473,-0.03411455,-0.08004016,0.50023055,0.50023055,0.04550741,0.0686473
154.132,2.0164,19.9315,1.1962,2.0,20.0,1.399999976158142,-0.0343597,-0.07995746,0.50095737,0.50095737,0.045527592,0.06878957,-0.0343597,-0.07995746,0.50095737,0.50095737,0.045527592,0.06878957
154.181,2.0164,19.9316,1.1961,2.0,20.0,1.399999976158142,-0.034355987,-0.080187015,0.5029688,0.5029688,0.045667276,0.06887572,-0.034355987,-0.080187015,0.5029688,0.5029688,0.045667276,0.06887572
154.233,2.0164,19.9316,1.1960,2.0,20.0,1.399999976158142,-0.034549914,-0.080134556,0.50480276,0.50480276,0.045635648,0.06904882,-0.034549914,-0.080134556,0.50480276,0.50480276,0.045635648,0.06904882
154.280,2.0165,19.9316,1.1958,2.0,20.0,1.399999976158142,-0.034574326,-0.08035795,0.5062114,0.5062114,0.045807265,0.06912501,-0.034574326,-0.08035795,0.5062114,0.5062114,0.045807265,0.06912501
154.330,2.0165,19.9316,1.1957,2.0,20.0,1.399999976158142,-0.03472249,-0.08034709,0.509027,0.509027,0.045726396,0.06934319,-0.03472249,-0.08034709,0.509027,0.509027,0.045726396,0.06934319
154.380,2.0165,19.9317,1.1953,2.0,20.0,1.399999976158142,-0.034772646,-0.08054142,0.509834,0.509834,0.04592079,0.06939327,-0.034772646,-0.08054142,0.509834,0.509834,0.04592079,0.06939327
154.431,2.0166,19.9317,1.1951,2.0,20.0,1.399999976158142,-0.034884583,-0.08059538,0.51337683,0.51337683,0.045824338,0.06965563,-0.034884583,-0.08059538,0.51337683,0.51337683,0.045824338,0.06965563
154.480,2.0166,19.9317,1.1947,2.0,20.0,1.399999976158142,-0.03496136,-0.08075759,0.51383275,0.51383275,0.046030965,0.069687985,-0.03496136,-0.08075759,0.51383275,0.51383275,0.046030965,0.069687985
154.530,2.0166,19.9317,1.1944,2.0,20.0,1.399999976158142,-0.03504429,-0.08086333,0.5179798,0.5179798,0.045906253,0.070001364,-0.03504429,-0.08086333,0.5179798,0.5179798,0.045906253,0.070001364
154.580,2.0167,19.9317,1.1939,2.0,20.0,1.399999976158142,-0.035140246,-0.08099819,0.5180857,0.5180857,0.046131216,0.07000722,-0.035140246,-0.08099819,0.5180857,0.5180857,0.046131216,0.07000722
154.631,2.0167,19.9317,1.1937,2.0,20.0,1.399999976158142,-0.066181816,-0.18165356,1.0,1.0,0.089633726,0.15820165,-0.066181816,-0.18165356,1.0,1.0,0.089633726,0.15820165
154.681,2.0168,19.9317,1.1945,2.0,20.0,1.399999976158142,-0.033465285,-0.07892475,0.49719346,0.49719346,0.04395563,0.06843441,-0.033465285,-0.07892475,0.49719346,0.49719346,0.04395563,0.06843441
154.730,2.0168,19.9317,1.1948,2.0,20.0,1.399999976158142,-0.03412169,-0.078694485,0.49102917,0.49102917,0.04439194,0.06842423,-0.03412169,-0.078694485,0.49102917,0.49102917,0.04439194,0.06842423
154.780,2.0169,19.9317,1.1956,2.0,20.0,1.399999976158142,-0.034055952,-0.078888215,0.49362576,0.49362576,0.044454344,0.06848982,-0.034055952,-0.078888215,0.49362576,0.49362576,0.044454344,0.06848982
154.830,2.0169,19.9317,1.1958,2.0,20.0,1.399999976158142,-0.034495726,-0.07874447,0.4909984,0.4909984,0.04467986,0.06856033,-0.034495726,-0.07874447,0.4909984,0.4909984,0.04467986,0.06856033
154.881,2.0169,19.9318,1.1962,2.0,20.0,1.399999976158142,-0.034366652,-0.07901001,0.49476415,0.49476415,0.04468264,0.068694025,-0.034366652,-0.07901001,0.49476415,0.49476415,0.04468264,0.068694025
154.930,2.0170,19.9319,1.1963,2.0,20.0,1.399999976158142,-0.0322132,-0.08109053,0.49425662,0.49425662,0.041952696,0.07135104,-0.0322132,-0.08109053,0.49425662,0.49425662,0.041952696,0.07135104
154.981,2.0171,19.9321,1.1963,2.0,20.0,1.399999976158142,-0.029862648,-0.083323754,0.497653,0.497653,0.039373506,0.0738129,-0.029862648,-0.083323754,0.497653,0.497653,0.039373506,0.0738129
155.030,2.0171,19.9322,1.1963,2.0,20.0,1.399999976158142,-0.02370634,-0.08882675,0.49880996,0.49880996,0.031876046,0.08065705,-0.02370634,-0.08882675,0.49880996,0.49880996,0.031876046,0.08065705
155.080,2.0172,19.9325,1.1961,2.0,20.0,1.399999976158142,-0.02763375,-0.085516624,0.5004772,0.5004772,0.036466476,0.0766839,-0.02763375,-0.085516624,0.5004772,0.5004772,0.036466476,0.0766839
155.130,2.0173,19.9326,1.1960,2.0,20.0,1.399999976158142,-0.023049684,-0.08950809,0.50285447,0.50285447,0.030696603,0.08186117,-0.023049684,-0.08950809,0.50285447,0.50285447,0.030696603,0.08186117
155.181,2.0174,19.9328,1.1957,2.0,20.0,1.399999976158142,-0.026283829,-0.0868892,0.50397956,0.50397956,0.03456376,0.078609265,-0.026283829,-0.0868892,0.50397956,0.50397956,0.03456376,0.078609265
155.230,2.0174,19.9329,1.1955,2.0,20.0,1.399999976158142,-0.022762625,-0.08989228,0.5072647,0.5072647,0.0299546,0.08270031,-0.022762625,-0.08989228,0.5072647,0.5072647,0.0299546,0.08270031
155.280,2.0176,19.9331,1.1951,2.0,20.0,1.399999976158142,-0.025304018,-0.08793608,0.5078949,0.5078949,0.033073768,0.080166325,-0.025304018,-0.08793608,0.5078949,0.5078949,0.033073768,0.080166325
155.331,2.0176,19.9332,1.1949,2.0,20.0,1.399999976158142,-0.02265007,-0.090154834,0.51190764,0.51190764,0.029417058,0.083387844,-0.02265007,-0.090154834,0.51190764,0.51190764,0.029417058,0.083387844
155.380,2.0177,19.9334,1.1943,2.0,20.0,1.399999976158142,-0.024649546,-0.088705964,0.5121227,0.5121227,0.031951863,0.08140365,-0.024649546,-0.088705964,0.5121227,0.5121227,0.031951863,0.08140365
155.430,2.0178,19.9334,1.1941,2.0,20.0,1.399999976158142,-0.022712594,-0.09029309,0.5166967,0.5166967,0.029087137,0.08391855,-0.022712594,-0.09029309,0.5166967,0.5166967,0.029087137,0.08391855
155.481,2.0179,19.9336,1.1935,2.0,20.0,1.399999976158142,-0.024246922,-0.08926654,0.5165891,0.5165891,0.03111387,0.082399584,-0.024246922,-0.08926654,0.5165891,0.5165891,0.03111387,0.082399584
155.531,2.0180,19.9337,1.1932,2.0,20.0,1.399999976158142,-0.022917595,-0.09033633,0.5215353,0.5215353,0.028932983,0.08432094,-0.022917595,-0.09033633,0.5215353,0.5215353,0.028932983,0.08432094
155.576,2.0181,19.9338,1.1925,2.0,20.0,1.399999976158142,-0.024051052,-0.08966183,0.5212265,0.5212265,0.030510666,0.08320221,-0.024051052,-0.08966183,0.5212265,0.5212265,0.030510666,0.08320221
155.630,2.0182,19.9339,1.1923,2.0,20.0,1.399999976158142,-0.037243303,-0.20330852,1.0,1.0,0.050912593,0.18963924,-0.037243303,-0.20330852,1.0,1.0,0.050912593,0.18963924
155.680,2.0183,19.9340,1.1929,2.0,20.0,1.399999976158142,-0.022171589,-0.08760796,0.5007524,0.5007524,0.027889054,0.08189049,-0.022171589,-0.08760796,0.5007524,0.5007524,0.027889054,0.08189049
155.730,2.0184,19.9340,1.1933,2.0,20.0,1.399999976158142,-0.023110364,-0.08669782,0.49500647,0.49500647,0.02811788,0.0816903,-0.023110364,-0.08669782,0.49500647,0.49500647,0.02811788,0.0816903
155.780,2.0185,19.9341,1.1939,2.0,20.0,1.399999976158142,-0.023258451,-0.08687049,0.49738702,0.49738702,0.028653836,0.08147511,-0.023258451,-0.08687049,0.49738702,0.49738702,0.028653836,0.08147511
155.830,2.0186,19.9342,1.1942,2.0,20.0,1.399999976158142,-0.024005478,-0.0860424,0.49518374,0.49518374,0.028696463,0.081351414,-0.024005478,-0.0860424,0.49518374,0.49518374,0.028696463,0.081351414
155.880,2.0187,19.9343,1.1945,2.0,20.0,1.399999976158142,-0.023802454,-0.086564876,0.49871397,0.49871397,0.028860006,0.081507325,-0.023802454,-0.086564876,0.49871397,0.49871397,0.028860006,0.081507325
155.931,2.0188,19.9343,1.1947,2.0,20.0,1.399999976158142,-0.024617923,-0.085631154,0.4980605,0.4980605,0.029018087,0.08123099,-0.024617923,-0.085631154,0.4980605,0.4980605,0.029018087,0.08123099
155.981,2.0189,19.9345,1.1948,2.0,20.0,1.399999976158142,-0.024369318,-0.086224176,0.5007926,0.5007926,0.029115967,0.08147752,-0.024369318,-0.086224176,0.5007926,0.5007926,0.029115967,0.08147752
156.030,2.0189,19.9345,1.1948,2.0,20.0,1.399999976158142,-0.025248373,-0.08520956,0.5014835,0.5014835,0.029391734,0.0810662,-0.025248373,-0.08520956,0.5014835,0.5014835,0.029391734,0.0810662
156.080,2.0190,19.9346,1.1948,2.0,20.0,1.399999976158142,-0.02495995,-0.08585943,0.50350094,0.50350094,0.02942536,0.08139402,-0.02495995,-0.08585943,0.50350094,0.50350094,0.02942536,0.08139402
156.130,2.0191,19.9347,1.1947,2.0,20.0,1.399999976158142,-0.025879188,-0.0848025,0.50532097,0.50532097,0.029786406,0.08089528,-0.025879188,-0.0848025,0.50532097,0.50532097,0.029786406,0.08089528
156.180,2.0192,19.9348,1.1945,2.0,20.0,1.399999976158142,-0.025544733,-0.08550651,0.50672996,0.50672996,0.029749658,0.081301585,-0.025544733,-0.08550651,0.50672996,0.50672996,0.029749658,0.081301585
156.232,2.0192,19.9349,1.1944,2.0,20.0,1.399999976158142,-0.026454136,-0.08448171,0.5094786,0.5094786,0.030153377,0.080782466,-0.026454136,-0.08448171,0.5094786,0.5094786,0.030153377,0.080782466
156.280,2.0193,19.9350,1.1940,2.0,20.0,1.399999976158142,-0.026107702,-0.085201986,0.5103877,0.5103877,0.030084306,0.08122538,-0.026107702,-0.085201986,0.5103877,0.5103877,0.030084306,0.08122538
156.330,2.0194,19.9350,1.1938,2.0,20.0,1.399999976158142,-0.027032498,-0.08417543,0.5139268,0.5139268,0.030529793,0.080678135,-0.027032498,-0.08417543,0.5139268,0.5139268,0.030529793,0.080678135
156.381,2.0195,19.9351,1.1934,2.0,20.0,1.399999976158142,-0.026667245,-0.08490587,0.5143403,0.5143403,0.030428877,0.081144236,-0.026667245,-0.08490587,0.5143403,0.5143403,0.030428877,0.081144236
156.431,2.0195,19.9351,1.1932,2.0,20.0,1.399999976158142,-0.027537119,-0.08399313,0.5184068,0.5184068,0.03088471,0.08064554,-0.027537119,-0.08399313,0.5184068,0.5184068,0.03088471,0.08064554
156.480,2.0196,19.9352,1.1926,2.0,20.0,1.399999976158142,-0.027212398,-0.084655724,0.51856035,0.51856035,0.03078498,0.08108314,-0.027212398,-0.084655724,0.51856035,0.51856035,0.03078498,0.08108314
156.530,2.0196,19.9352,1.1924,2.0,20.0,1.399999976158142,-0.028064514,-0.08380464,0.5230513,0.5230513,0.031264815,0.08060434,-0.028064514,-0.08380464,0.5230513,0.5230513,0.031264815,0.08060434
156.581,2.0197,19.9353,1.1918,2.0,20.0,1.399999976158142,-0.027750604,-0.08443645,0.5229504,0.5229504,0.0311546,0.08103245,-0.027750604,-0.08443645,0.5229504,0.5229504,0.0311546,0.08103245
156.630,2.0197,19.9353,1.1916,2.0,20.0,1.399999976158142,-0.044893008,-0.19209148,1.0,1.0,0.05207303,0.18491146,-0.044893008,-0.19209148,1.0,1.0,0.05207303,0.18491146
156.680,2.0198,19.9354,1.1923,2.0,20.0,1.399999976158142,-0.026406702,-0.0820482,0.5019617,0.5019617,0.029490724,0.078964174,-0.026406702,-0.0820482,0.5019617,0.5019617,0.029490724,0.078964174
156.730,2.0199,19.9354,1.1931,2.0,20.0,1.399999976158142,-0.028420104,-0.080266714,0.49592564,0.49592564,0.031247767,0.077439055,-0.028420104,-0.080266714,0.49592564,0.49592564,0.031247767,0.077439055
156.781,2.0199,19.9354,1.1934,2.0,20.0,1.399999976158142,-0.02909776,-0.07974648,0.49474922,0.49474922,0.031869564,0.076974675,-0.02909776,-0.07974648,0.49474922,0.49474922,0.031869564,0.076974675
156.830,2.0199,19.9354,1.1937,2.0,20.0,1.399999976158142,-0.028263453,-0.08078268,0.49873152,0.49873152,0.031169917,0.07787622,-0.028263453,-0.08078268,0.49873152,0.49873152,0.031169917,0.07787622
156.880,2.0200,19.9355,1.1941,2.0,20.0,1.399999976158142,-0.028534107,-0.08068956,0.4996512,0.4996512,0.031414185,0.077809475,-0.028534107,-0.08068956,0.4996512,0.4996512,0.031414185,0.077809475
156.931,2.0200,19.9355,1.1943,2.0,20.0,1.399999976158142,-0.02996531,-0.079324655,0.498614,0.498614,0.032646008,0.07664395,-0.02996531,-0.079324655,0.498614,0.498614,0.032646008,0.07664395
156.981,2.0201,19.9356,1.1945,2.0,20.0,1.399999976158142,-0.029273713,-0.08026545,0.50151885,0.50151885,0.032070447,0.07746871,-0.029273713,-0.08026545,0.50151885,0.50151885,0.032070447,0.07746871
157.031,2.0201,19.9356,1.1945,2.0,20.0,1.399999976158142,-0.030557677,-0.0790211,0.50183517,0.50183517,0.033186734,0.07639205,-0.030557677,-0.0790211,0.50183517,0.50183517,0.033186734,0.07639205
157.081,2.0201,19.9356,1.1945,2.0,20.0,1.399999976158142,-0.02993855,-0.0799119,0.5040353,0.5040353,0.03266839,0.07718206,-0.02993855,-0.0799119,0.5040353,0.5040353,0.03266839,0.07718206
157.131,2.0202,19.9357,1.1945,2.0,20.0,1.399999976158142,-0.031056296,-0.07882691,0.50550544,0.50550544,0.033646863,0.076236345,-0.031056296,-0.07882691,0.50550544,0.50550544,0.033646863,0.076236345
157.180,2.0202,19.9357,1.1943,2.0,20.0,1.399999976158142,-0.030524032,-0.07964016,0.5070872,0.5070872,0.033198345,0.07696584,-0.030524032,-0.07964016,0.5070872,0.5070872,0.033198345,0.07696584
157.230,2.0202,19.9357,1.1942,2.0,20.0,1.399999976158142,-0.031492453,-0.07871136,0.5095135,0.5095135,0.034046814,0.076156996,-0.031492453,-0.07871136,0.5095135,0.5095135,0.034046814,0.076156996
157.281,2.0202,19.9358,1.1939,2.0,20.0,1.399999976158142,-0.031052917,-0.07943577,0.5105749,0.5105749,0.033678725,0.076809965,-0.031052917,-0.07943577,0.5105749,0.5105749,0.033678725,0.076809965
157.330,2.0202,19.9358,1.1937,2.0,20.0,1.399999976158142,-0.031904057,-0.0786462,0.5137838,0.5137838,0.034423016,0.07612724,-0.031904057,-0.0786462,0.5137838,0.5137838,0.034423016,0.07612724
157.381,2.0203,19.9358,1.1933,2.0,20.0,1.399999976158142,-0.031541217,-0.07928831,0.5144142,0.5144142,0.034122914,0.07670661,-0.031541217,-0.07928831,0.5144142,0.5144142,0.034122914,0.07670661
157.431,2.0203,19.9358,1.1931,2.0,20.0,1.399999976158142,-0.03229918,-0.078623034,0.51824224,0.51824224,0.03478308,0.07613914,-0.03229918,-0.078623034,0.51824224,0.51824224,0.03478308,0.07613914
157.481,2.0203,19.9359,1.1926,2.0,20.0,1.399999976158142,-0.0319991,-0.079190254,0.51852673,0.51852673,0.034539405,0.07664995,-0.0319991,-0.079190254,0.51852673,0.51852673,0.034539405,0.07664995
157.531,2.0203,19.9359,1.1924,2.0,20.0,1.399999976158142,-0.032682806,-0.078635484,0.5228217,0.5228217,0.0351308,0.07618749,-0.032682806,-0.078635484,0.5228217,0.5228217,0.0351308,0.07618749
157.580,2.0203,19.9359,1.1918,2.0,20.0,1.399999976158142,-0.032428775,-0.07914402,0.5228282,0.5228282,0.034929734,0.076643065,-0.032428775,-0.07914402,0.5228282,0.5228282,0.034929734,0.076643065
157.630,2.0204,19.9359,1.1917,2.0,20.0,1.399999976158142,-0.057114106,-0.17857477,1.0,1.0,0.062390044,0.17329882,-0.057114106,-0.17857477,1.0,1.0,0.062390044,0.17329882
157.680,2.0204,19.9359,1.1924,2.0,20.0,1.399999976158142,-0.030929506,-0.07701415,0.50177675,0.50177675,0.033288356,0.074655294,-0.030929506,-0.07701415,0.50177675,0.50177675,0.033288356,0.074655294
157.730,2.0204,19.9359,1.1928,2.0,20.0,1.399999976158142,-0.03234828,-0.07598308,0.49561524,0.49561524,0.034642328,0.07368903,-0.03234828,-0.07598308,0.49561524,0.49561524,0.034642328,0.07368903
157.780,2.0205,19.9359,1.1935,2.0,20.0,1.399999976158142,-0.03189723,-0.07657371,0.49825662,0.49825662,0.03423335,0.074237585,-0.03189723,-0.07657371,0.49825662,0.49825662,0.03423335,0.074237585
157.830,2.0205,19.9359,1.1938,2.0,20.0,1.399999976158142,-0.032986615,-0.075749874,0.4954913,0.4954913,0.035249807,0.07348668,-0.032986615,-0.075749874,0.4954913,0.4954913,0.035249807,0.07348668
157.880,2.0205,19.9359,1.1943,2.0,20.0,1.399999976158142,-0.032468982,-0.07640944,0.49928918,0.49928918,0.034771577,0.07410684,-0.032468982,-0.07640944,0.49928918,0.49928918,0.034771577,0.07410684
157.930,2.0205,19.9359,1.1944,2.0,20.0,1.399999976158142,-0.033401452,-0.07568601,0.49808362,0.49808362,0.03562785,0.07345961,-0.033401452,-0.07568601,0.49808362,0.49808362,0.03562785,0.07345961
157.981,2.0205,19.9359,1.1947,2.0,20.0,1.399999976158142,-0.032982465,-0.07628248,0.50108033,0.50108033,0.035250258,0.07401469,-0.032982465,-0.07628248,0.50108033,0.50108033,0.035250258,0.07401469
158.030,2.0206,19.9359,1.1947,2.0,20.0,1.399999976158142,-0.033787183,-0.07564988,0.50124687,0.50124687,0.035977777,0.07345928,-0.033787183,-0.07564988,0.50124687,0.50124687,0.035977777,0.07345928
158.080,2.0206,19.9359,1.1947,2.0,20.0,1.399999976158142,-0.033448916,-0.07619093,0.5035174,0.5035174,0.035682093,0.073957756,-0.033448916,-0.07619093,0.5035174,0.5035174,0.035682093,0.073957756
158.130,2.0206,19.9359,1.1947,2.0,20.0,1.399999976158142,-0.03413089,-0.0756622,0.504858,0.504858,0.036288165,0.073504925,-0.03413089,-0.0756622,0.504858,0.504858,0.036288165,0.073504925
158.181,2.0206,19.9360,1.1946,2.0,20.0,1.399999976158142,-0.03385196,-0.07616096,0.50651014,0.50651014,0.036051698,0.07396122,-0.03385196,-0.07616096,0.50651014,0.50651014,0.036051698,0.07396122
158.230,2.0206,19.9360,1.1945,2.0,20.0,1.399999976158142,-0.03441525,-0.07574837,0.50883657,0.50883657,0.036537975,0.07362565,-0.03441525,-0.07574837,0.50883657,0.50883657,0.036537975,0.07362565
158.280,2.0206,19.9360,1.1942,2.0,20.0,1.399999976158142,-0.034211632,-0.0761798,0.5099507,0.5099507,0.03637657,0.074014865,-0.034211632,-0.0761798,0.5099507,0.5099507,0.03637657,0.074014865
158.330,2.0207,19.9360,1.1940,2.0,20.0,1.399999976158142,-0.03468149,-0.075873844,0.5130884,0.5130884,0.03676844,0.0737869,-0.03468149,-0.075873844,0.5130884,0.5130884,0.03676844,0.0737869
158.381,2.0207,19.9360,1.1936,2.0,20.0,1.399999976158142,-0.034540337,-0.07624128,0.51376027,0.51376027,0.03666961,0.074112006,-0.034540337,-0.07624128,0.51376027,0.51376027,0.03666961,0.074112006
158.431,2.0207,19.9360,1.1934,2.0,20.0,1.399999976158142,-0.034935627,-0.07603209,0.51754045,0.51754045,0.036986433,0.073981285,-0.034935627,-0.07603209,0.51754045,0.51754045,0.036986433,0.073981285
158.480,2.0207,19.9360,1.1929,2.0,20.0,1.399999976158142,-0.03484328,-0.0763442,0.5178539,0.5178539,0.03693685,0.07425064,-0.03484328,-0.0763442,0.5178539,0.5178539,0.03693685,0.07425064
158.531,2.0207,19.9360,1.1927,2.0,20.0,1.399999976158142,-0.035179116,-0.0762221,0.52213323,0.52213323,0.037193984,0.07420723,-0.035179116,-0.0762221,0.52213323,0.52213323,0.037193984,0.07420723
158.581,2.0207,19.9360,1.1921,2.0,20.0,1.399999976158142,-0.035125215,-0.076484226,0.5221513,0.5221513,0.037183248,0.0744262,-0.035125215,-0.076484226,0.5221513,0.5221513,0.037183248,0.0744262
158.630,2.0208,19.9360,1.1920,2.0,20.0,1.399999976158142,-0.06431958,-0.17181635,1.0,1.0,0.06867462,0.1674613,-0.06431958,-0.17181635,1.0,1.0,0.06867462,0.1674613
158.680,2.0208,19.9360,1.1927,2.0,20.0,1.399999976158142,-0.033458885,-0.07456866,0.5011017,0.5011017,0.035400607,0.07262694,-0.033458885,-0.07456866,0.5011017,0.5011017,0.035400607,0.07262694
158.731,2.0208,19.9360,1.1931,2.0,20.0,1.399999976158142,-0.034374766,-0.0741229,0.49493736,0.49493736,0.036257833,0.07223984,-0.034374766,-0.0741229,0.49493736,0.49493736,0.036257833,0.07223984
158.780,2.0208,19.9359,1.1935,2.0,20.0,1.399999976158142,-0.03468828,-0.0740495,0.4937255,0.4937255,0.03655583,0.07218195,-0.03468828,-0.0740495,0.4937255,0.4937255,0.03655583,0.07218195
158.830,2.0208,19.9359,1.1935,2.0,20.0,1.399999976158142,-0.034045897,-0.07469388,0.500277,0.500277,0.035987288,0.0727525,-0.034045897,-0.07469388,0.500277,0.500277,0.035987288,0.0727525
158.880,2.0208,19.9359,1.1935,2.0,20.0,1.399999976158142,-0.03414523,-0.074796826,0.5015172,0.5015172,0.03609023,0.07285183,-0.03414523,-0.074796826,0.5015172,0.5015172,0.03609023,0.07285183
158.930,2.0208,19.9359,1.1935,2.0,20.0,1.399999976158142,-0.034244586,-0.07489979,0.50275767,0.50275767,0.0361932,0.07295118,-0.034244586,-0.07489979,0.50275767,0.50275767,0.0361932,0.07295118
158.980,2.0208,19.9359,1.1935,2.0,20.0,1.399999976158142,-0.034343753,-0.075002566,0.5039958,0.5039958,0.03629597,0.07305035,-0.034343753,-0.075002566,0.5039958,0.5039958,0.03629597,0.07305035
159.030,2.0208,19.9359,1.1935,2.0,20.0,1.399999976158142,-0.03444312,-0.07510555,0.5052365,0.5052365,0.03639895,0.07314972,-0.03444312,-0.07510555,0.5052365,0.5052365,0.03639895,0.07314972
159.081,2.0208,19.9359,1.1935,2.0,20.0,1.399999976158142,-0.03454235,-0.07520838,0.5064754,0.5064754,0.036501784,0.073248945,-0.03454235,-0.07520838,0.5064754,0.5064754,0.036501784,0.073248945
159.130,2.0209,19.9359,1.1951,2.0,20.0,1.399999976158142,-0.03464149,-0.075311124,0.5077132,0.5077132,0.036604527,0.07334808,-0.03464149,-0.075311124,0.5077132,0.5077132,0.036604527,0.07334808
159.180,2.0210,19.9359,1.1950,2.0,20.0,1.399999976158142,-0.037733786,-0.07283472,0.49570894,0.49570894,0.0392649,0.071303606,-0.037733786,-0.07283472,0.49570894,0.49570894,0.0392649,0.071303606
159.230,2.0210,19.9359,1.1949,2.0,20.0,1.399999976158142,-0.035801843,-0.07465792,0.5078157,0.5078157,0.037594058,0.0728657,-0.035801843,-0.07465792,0.5078157,0.5078157,0.037594058,0.0728657
159.281,2.0210,19.9359,1.1946,2.0,20.0,1.399999976158142,-0.035759766,-0.07489963,0.5090678,0.5090678,0.03757858,0.073080815,-0.035759766,-0.07489963,0.5090678,0.5090678,0.03757858,0.073080815
159.332,2.0210,19.9359,1.1944,2.0,20.0,1.399999976158142,-0.035975054,-0.074887305,0.5121637,0.5121637,0.037755307,0.07310706,-0.035975054,-0.074887305,0.5121637,0.5121637,0.037755307,0.07310706
159.380,2.0210,19.9359,1.1940,2.0,20.0,1.399999976158142,-0.035988238,-0.07508531,0.5128786,0.5128786,0.037793625,0.073279925,-0.035988238,-0.07508531,0.5128786,0.5128786,0.037793625,0.073279925
159.431,2.0210,19.9359,1.1938,2.0,20.0,1.399999976158142,-0.03615695,-0.0751294,0.51671606,0.51671606,0.037924632,0.07336172,-0.03615695,-0.0751294,0.51671606,0.51671606,0.037924632,0.07336172
159.481,2.0210,19.9359,1.1933,2.0,20.0,1.399999976158142,-0.03619743,-0.075291626,0.5169641,0.5169641,0.03798944,0.07349961,-0.03619743,-0.075291626,0.5169641,0.5169641,0.03798944,0.07349961
159.530,2.0210,19.9359,1.1931,2.0,20.0,1.399999976158142,-0.036324423,-0.07540631,0.5212562,0.5212562,0.03808284,0.0736479,-0.036324423,-0.07540631,0.5212562,0.5212562,0.03808284,0.0736479
159.581,2.0210,19.9359,1.1925,2.0,20.0,1.399999976158142,-0.03639341,-0.07553141,0.52128446,0.52128446,0.038173314,0.0737515,-0.03639341,-0.07553141,0.52128446,0.52128446,0.038173314,0.0737515
159.630,2.0210,19.9359,1.1923,2.0,20.0,1.399999976158142,-0.067734584,-0.1694309,1.0,1.0,0.07150334,0.16566214,-0.067734584,-0.1694309,1.0,1.0,0.07150334,0.16566214
159.680,2.0211,19.9358,1.1932,2.0,20.0,1.399999976158142,-0.03463228,-0.073717974,0.500286,0.500286,0.036331754,0.072018504,-0.03463228,-0.073717974,0.500286,0.500286,0.036331754,0.072018504
159.730,2.0211,19.9358,1.1937,2.0,20.0,1.399999976158142,-0.035344955,-0.07352066,0.49320132,0.49320132,0.03703049,0.07183513,-0.035344955,-0.07352066,0.49320132,0.49320132,0.03703049,0.07183513
159.781,2.0211,19.9359,1.1945,2.0,20.0,1.399999976158142,-0.035268314,-0.07368596,0.4957228,0.4957228,0.0369694,0.07198487,-0.035268314,-0.07368596,0.4957228,0.4957228,0.0369694,0.07198487
159.831,2.0210,19.9360,1.1947,2.0,20.0,1.399999976158142,-0.035381515,-0.07328949,0.4927291,0.4927291,0.037035912,0.07163509,-0.035381515,-0.07328949,0.4927291,0.4927291,0.037035912,0.07163509
159.881,2.0209,19.9364,1.1950,2.0,20.0,1.399999976158142,-0.034924496,-0.07319243,0.49805745,0.49805745,0.036582485,0.07153445,-0.034924496,-0.07319243,0.49805745,0.49805745,0.036582485,0.07153445
159.930,2.0209,19.9366,1.1951,2.0,20.0,1.399999976158142,-0.034515772,-0.072064705,0.4973271,0.4973271,0.03615278,0.0704277,-0.034515772,-0.072064705,0.4973271,0.4973271,0.03615278,0.0704277
159.980,2.0207,19.9369,1.1952,2.0,20.0,1.399999976158142,-0.034835167,-0.07280815,0.49987093,0.49987093,0.03649574,0.071147576,-0.034835167,-0.07280815,0.49987093,0.49987093,0.03649574,0.071147576
160.031,2.0207,19.9371,1.1952,2.0,20.0,1.399999976158142,-0.034374155,-0.07194139,0.5006334,0.5006334,0.03600367,0.070311874,-0.034374155,-0.07194139,0.5006334,0.5006334,0.03600367,0.070311874
160.080,2.0206,19.9374,1.1952,2.0,20.0,1.399999976158142,-0.034704413,-0.07258308,0.5025843,0.5025843,0.036353763,0.07093373,-0.034704413,-0.07258308,0.5025843,0.5025843,0.036353763,0.07093373
160.131,2.0206,19.9375,1.1951,2.0,20.0,1.399999976158142,-0.034194518,-0.07184152,0.5044311,0.5044311,0.035813153,0.070222884,-0.034194518,-0.07184152,0.5044311,0.5044311,0.035813153,0.070222884
160.180,2.0205,19.9378,1.1949,2.0,20.0,1.399999976158142,-0.034556866,-0.072410725,0.505812,0.505812,0.03619499,0.0707726,-0.034556866,-0.072410725,0.505812,0.505812,0.03619499,0.0707726
160.230,2.0204,19.9379,1.1948,2.0,20.0,1.399999976158142,-0.034039967,-0.07182276,0.5086119,0.5086119,0.03564879,0.07021394,-0.034039967,-0.07182276,0.5086119,0.5086119,0.03564879,0.07021394
160.280,2.0203,19.9382,1.1944,2.0,20.0,1.399999976158142,-0.03441866,-0.07231227,0.5094969,0.5094969,0.036046103,0.07068483,-0.03441866,-0.07231227,0.5094969,0.5094969,0.036046103,0.07068483
160.330,2.0203,19.9383,1.1942,2.0,20.0,1.399999976158142,-0.033901066,-0.07186396,0.5130778,0.5130778,0.03549967,0.070265345,-0.033901066,-0.07186396,0.5130778,0.5130778,0.03549967,0.070265345
160.381,2.0202,19.9385,1.1937,2.0,20.0,1.399999976158142,-0.034293734,-0.07228307,0.5135238,0.5135238,0.03591069,0.07066611,-0.034293734,-0.07228307,0.5135238,0.5135238,0.03591069,0.07066611
160.430,2.0202,19.9386,1.1935,2.0,20.0,1.399999976158142,-0.033790447,-0.0719729,0.5177115,0.5177115,0.03537884,0.07038451,-0.033790447,-0.0719729,0.5177115,0.5177115,0.03537884,0.07038451
160.481,2.0201,19.9388,1.1929,2.0,20.0,1.399999976158142,-0.034181178,-0.072315454,0.5178205,0.5178205,0.035787422,0.070709206,-0.034181178,-0.072315454,0.5178205,0.5178205,0.035787422,0.070709206
160.530,2.0201,19.9389,1.1927,2.0,20.0,1.399999976158142,-0.033689715,-0.07212859,0.5224678,0.5224678,0.035266887,0.07055141,-0.033689715,-0.07212859,0.5224678,0.5224678,0.035266887,0.07055141
160.580,2.0201,19.9391,1.1921,2.0,20.0,1.399999976158142,-0.034080286,-0.07240378,0.52229583,0.52229583,0.035675365,0.0708087,-0.034080286,-0.07240378,0.52229583,0.52229583,0.035675365,0.0708087
160.630,2.0200,19.9392,1.1922,2.0,20.0,1.399999976158142,-0.062916644,-0.16223946,1.0,1.0,0.0662889,0.15886721,-0.062916644,-0.16223946,1.0,1.0,0.0662889,0.15886721
160.681,2.0200,19.9392,1.1927,2.0,20.0,1.399999976158142,-0.031868488,-0.070272475,0.49888954,0.49888954,0.03336835,0.068772614,-0.031868488,-0.070272475,0.49888954,0.49888954,0.03336835,0.068772614
160.730,2.0200,19.9393,1.1931,2.0,20.0,1.399999976158142,-0.032310616,-0.07039273,0.49658102,0.49658102,0.03382961,0.06887373,-0.032310616,-0.07039273,0.49658102,0.49658102,0.03382961,0.06887373
160.780,2.0200,19.9394,1.1940,2.0,20.0,1.399999976158142,-0.032379046,-0.0704425,0.49708465,0.49708465,0.033896632,0.06892491,-0.032379046,-0.0704425,0.49708465,0.49708465,0.033896632,0.06892491
160.831,2.0200,19.9394,1.1944,2.0,20.0,1.399999976158142,-0.032313835,-0.070216745,0.4933136,0.4933136,0.03380602,0.06872456,-0.032313835,-0.070216745,0.4933136,0.4933136,0.03380602,0.06872456
160.881,2.0199,19.9395,1.1950,2.0,20.0,1.399999976158142,-0.032445565,-0.07049215,0.4976019,0.4976019,0.03395255,0.068985164,-0.032445565,-0.07049215,0.4976019,0.4976019,0.03395255,0.068985164
160.931,2.0199,19.9396,1.1952,2.0,20.0,1.399999976158142,-0.032315586,-0.07030828,0.49557003,0.49557003,0.033793986,0.06882988,-0.032315586,-0.07030828,0.49557003,0.49557003,0.033793986,0.06882988
160.980,2.0199,19.9397,1.1956,2.0,20.0,1.399999976158142,-0.032487124,-0.07055914,0.49898905,0.49898905,0.033981793,0.06906447,-0.032487124,-0.07055914,0.49898905,0.49898905,0.033981793,0.06906447
161.030,2.0199,19.9397,1.1957,2.0,20.0,1.399999976158142,-0.032301906,-0.07041962,0.49843755,0.49843755,0.03376464,0.06895688,-0.032301906,-0.07041962,0.49843755,0.49843755,0.03376464,0.06895688
161.081,2.0198,19.9399,1.1958,2.0,20.0,1.399999976158142,-0.032508004,-0.070648216,0.5010961,0.5010961,0.033988602,0.06916762,-0.032508004,-0.070648216,0.5010961,0.5010961,0.033988602,0.06916762
161.130,2.0198,19.9399,1.1958,2.0,20.0,1.399999976158142,-0.032282304,-0.07055855,0.5018652,0.5018652,0.033727795,0.06911305,-0.032282304,-0.07055855,0.5018652,0.5018652,0.033727795,0.06911305
161.180,2.0198,19.9400,1.1957,2.0,20.0,1.399999976158142,-0.032514784,-0.070758104,0.50382507,0.50382507,0.033979516,0.06929337,-0.032514784,-0.070758104,0.50382507,0.50382507,0.033979516,0.06929337
161.230,2.0198,19.9401,1.1957,2.0,20.0,1.399999976158142,-0.03224943,-0.07070904,0.505709,0.505709,0.03367552,0.06928295,-0.03224943,-0.07070904,0.505709,0.505709,0.03367552,0.06928295
161.281,2.0198,19.9402,1.1954,2.0,20.0,1.399999976158142,-0.032507334,-0.07088601,0.50707775,0.50707775,0.033954434,0.069438905,-0.032507334,-0.07088601,0.50707775,0.50707775,0.033954434,0.069438905
161.330,2.0197,19.9402,1.1953,2.0,20.0,1.399999976158142,-0.032223966,-0.07089191,0.5099056,0.5099056,0.033630226,0.06948565,-0.032223966,-0.07089191,0.5099056,0.5099056,0.033630226,0.06948565
161.380,2.0197,19.9403,1.1949,2.0,20.0,1.399999976158142,-0.032500632,-0.07104441,0.5107604,0.5107604,0.033929385,0.069615655,-0.032500632,-0.07104441,0.5107604,0.5107604,0.033929385,0.069615655
161.431,2.0197,19.9403,1.1947,2.0,20.0,1.399999976158142,-0.032210942,-0.07111269,0.51434696,0.51434696,0.033597518,0.069726124,-0.032210942,-0.07111269,0.51434696,0.51434696,0.033597518,0.069726124
161.480,2.0197,19.9404,1.1943,2.0,20.0,1.399999976158142,-0.03249574,-0.07123519,0.5147839,0.5147839,0.033905555,0.069825366,-0.03249574,-0.07123519,0.5147839,0.5147839,0.033905555,0.069825366
161.531,2.0197,19.9405,1.1940,2.0,20.0,1.399999976158142,-0.032204892,-0.071369395,0.5189571,0.5189571,0.033571653,0.07000264,-0.032204892,-0.071369395,0.5189571,0.5189571,0.033571653,0.07000264
161.581,2.0197,19.9405,1.1937,2.0,20.0,1.399999976158142,-0.03249346,-0.07145919,0.5190643,0.5190643,0.03388391,0.07006873,-0.03249346,-0.07145919,0.5190643,0.5190643,0.03388391,0.07006873
161.631,2.0197,19.9405,1.1937,2.0,20.0,1.399999976158142,-0.06000444,-0.1616322,1.0,1.0,0.06298486,0.15865177,-0.06000444,-0.1616322,1.0,1.0,0.06298486,0.15865177
161.680,2.0197,19.9405,1.1937,2.0,20.0,1.399999976158142,-0.03092201,-0.069694035,0.49612752,0.49612752,0.032275025,0.06834102,-0.03092201,-0.069694035,0.49612752,0.49612752,0.032275025,0.06834102
161.730,2.0197,19.9405,1.1937,2.0,20.0,1.399999976158142,-0.031014642,-0.06978919,0.4973638,0.4973638,0.032370184,0.06843365,-0.031014642,-0.06978919,0.4973638,0.4973638,0.032370184,0.06843365
161.780,2.0197,19.9405,1.1937,2.0,20.0,1.399999976158142,-0.031107416,-0.069884494,0.49860203,0.49860203,0.032465488,0.068526424,-0.031107416,-0.069884494,0.49860203,0.49860203,0.032465488,0.068526424
161.831,2.0197,19.9405,1.1937,2.0,20.0,1.399999976158142,-0.031200036,-0.06997964,0.49983817,0.49983817,0.03256063,0.06861904,-0.031200036,-0.06997964,0.49983817,0.49983817,0.03256063,0.06861904
161.880,2.0197,19.9405,1.1937,2.0,20.0,1.399999976158142,-0.03129295,-0.07007509,0.50107825,0.50107825,0.032656077,0.06871196,-0.03129295,-0.07007509,0.50107825,0.50107825,0.032656077,0.06871196
161.930,2.0197,19.9405,1.1937,2.0,20.0,1.399999976158142,-0.0313856,-0.07017027,0.5023148,0.5023148,0.03275126,0.06880461,-0.0313856,-0.07017027,0.5023148,0.5023148,0.03275126,0.06880461
161.981,2.0197,19.9405,1.1937,2.0,20.0,1.399999976158142,-0.031478353,-0.07026555,0.50355273,0.50355273,0.032846536,0.06889736,-0.031478353,-0.07026555,0.50355273,0.50355273,0.032846536,0.06889736
162.030,2.0197,19.9405,1.1937,2.0,20.0,1.399999976158142,-0.031571217,-0.070360936,0.5047921,0.5047921,0.032941934,0.06899022,-0.031571217,-0.070360936,0.5047921,0.5047921,0.032941934,0.06899022
162.080,2.0197,19.9405,1.1937,2.0,20.0,1.399999976158142,-0.0316637,-0.070455946,0.50602645,0.50602645,0.033036936,0.06908271,-0.0316637,-0.070455946,0.50602645,0.50602645,0.033036936,0.06908271
162.130,2.0197,19.9407,1.1943,2.0,20.0,1.399999976158142,-0.031756483,-0.070551254,0.50726473,0.50726473,0.033132248,0.06917549,-0.031756483,-0.070551254,0.50726473,0.50726473,0.033132248,0.06917549
162.181,2.0197,19.9408,1.1940,2.0,20.0,1.399999976158142,-0.030004269,-0.070975736,0.5032583,0.5032583,0.030896494,0.07008351,-0.030004269,-0.070975736,0.5032583,0.5032583,0.030896494,0.07008351
162.230,2.0197,19.9408,1.1938,2.0,20.0,1.399999976158142,-0.031227715,-0.070954084,0.51125365,0.51125365,0.032430224,0.069751576,-0.031227715,-0.070954084,0.51125365,0.51125365,0.032430224,0.069751576
162.280,2.0197,19.9408,1.1934,2.0,20.0,1.399999976158142,-0.03143017,-0.07098685,0.5118578,0.5118578,0.03265376,0.06976326,-0.03143017,-0.07098685,0.5118578,0.5118578,0.03265376,0.06976326
162.330,2.0197,19.9408,1.1931,2.0,20.0,1.399999976158142,-0.031314448,-0.07124768,0.5159498,0.5159498,0.032504063,0.07005807,-0.031314448,-0.07124768,0.5159498,0.5159498,0.032504063,0.07005807
162.381,2.0197,19.9408,1.1926,2.0,20.0,1.399999976158142,-0.03151597,-0.07127022,0.5161254,0.5161254,0.03272562,0.07006057,-0.03151597,-0.07127022,0.5161254,0.5161254,0.03272562,0.07006057
162.431,2.0197,19.9408,1.1923,2.0,20.0,1.399999976158142,-0.031389333,-0.07158325,0.5207362,0.5207362,0.032565963,0.070406616,-0.031389333,-0.07158325,0.5207362,0.5207362,0.032565963,0.070406616
162.481,2.0197,19.9408,1.1917,2.0,20.0,1.399999976158142,-0.031598702,-0.07158036,0.5206069,0.5206069,0.03279482,0.07038424,-0.031598702,-0.07158036,0.5206069,0.5206069,0.03279482,0.07038424
162.531,2.0197,19.9408,1.1914,2.0,20.0,1.399999976158142,-0.03146293,-0.07194788,0.52557474,0.52557474,0.032627,0.07078381,-0.03146293,-0.07194788,0.52557474,0.52557474,0.032627,0.07078381
162.581,2.0197,19.9408,1.1908,2.0,20.0,1.399999976158142,-0.031676307,-0.07191916,0.52523583,0.52523583,0.032859027,0.07073644,-0.031676307,-0.07191916,0.52523583,0.52523583,0.032859027,0.07073644
162.630,2.0197,19.9407,1.1906,2.0,20.0,1.399999976158142,-0.0569565,-0.16083314,1.0,1.0,0.05944024,0.1583494,-0.0569565,-0.16083314,1.0,1.0,0.05944024,0.1583494
162.681,2.0197,19.9407,1.1912,2.0,20.0,1.399999976158142,-0.029936636,-0.07036417,0.5044137,0.5044137,0.031059273,0.06924153,-0.029936636,-0.07036417,0.5044137,0.5044137,0.031059273,0.06924153
162.730,2.0197,19.9407,1.1916,2.0,20.0,1.399999976158142,-0.030343905,-0.070501186,0.49873677,0.49873677,0.03144609,0.069399,-0.030343905,-0.070501186,0.49873677,0.49873677,0.03144609,0.069399
162.781,2.0197,19.9406,1.1923,2.0,20.0,1.399999976158142,-0.030401709,-0.07049749,0.50113076,0.50113076,0.03151895,0.069380246,-0.030401709,-0.07049749,0.50113076,0.50113076,0.03151895,0.069380246
162.831,2.0198,19.9406,1.1925,2.0,20.0,1.399999976158142,-0.030638924,-0.07067158,0.4987468,0.4987468,0.031732738,0.06957777,-0.030638924,-0.07067158,0.4987468,0.4987468,0.031732738,0.06957777
162.881,2.0198,19.9406,1.1929,2.0,20.0,1.399999976158142,-0.030629046,-0.07073145,0.5023286,0.5023286,0.03173638,0.06962412,-0.030629046,-0.07073145,0.5023286,0.5023286,0.03173638,0.06962412
162.930,2.0198,19.9405,1.1931,2.0,20.0,1.399999976158142,-0.03080158,-0.0709074,0.5013776,0.5013776,0.031883914,0.06982507,-0.03080158,-0.0709074,0.5013776,0.5013776,0.031883914,0.06982507
162.980,2.0198,19.9405,1.1933,2.0,20.0,1.399999976158142,-0.030830454,-0.070966095,0.50422055,0.50422055,0.03192705,0.069869496,-0.030830454,-0.070966095,0.50422055,0.50422055,0.03192705,0.069869496
163.030,2.0198,19.9405,1.1933,2.0,20.0,1.399999976158142,-0.030950155,-0.07115098,0.5045537,0.5045537,0.032020465,0.070080675,-0.030950155,-0.07115098,0.5045537,0.5045537,0.032020465,0.070080675
163.080,2.0198,19.9405,1.1933,2.0,20.0,1.399999976158142,-0.031011537,-0.0712063,0.5067167,0.5067167,0.03209659,0.07012125,-0.031011537,-0.0712063,0.5067167,0.5067167,0.03209659,0.07012125
163.130,2.0198,19.9405,1.1933,2.0,20.0,1.399999976158142,-0.031089187,-0.07140656,0.5081326,0.5081326,0.03214657,0.07034917,-0.031089187,-0.07140656,0.5081326,0.5081326,0.03214657,0.07034917
163.180,2.0198,19.9405,1.1932,2.0,20.0,1.399999976158142,-0.031177577,-0.071455486,0.50972766,0.50972766,0.032250464,0.070382595,-0.031177577,-0.071455486,0.50972766,0.50972766,0.032250464,0.070382595
163.231,2.0198,19.9405,1.1931,2.0,20.0,1.399999976158142,-0.031218838,-0.0716825,0.5120582,0.5120582,0.032262567,0.07063877,-0.031218838,-0.0716825,0.5120582,0.5120582,0.032262567,0.07063877
163.280,2.0198,19.9404,1.1928,2.0,20.0,1.399999976158142,-0.03132806,-0.07172074,0.5131551,0.5131551,0.03238798,0.07066082,-0.03132806,-0.07172074,0.5131551,0.5131551,0.03238798,0.07066082
163.330,2.0198,19.9404,1.1926,2.0,20.0,1.399999976158142,-0.031341292,-0.07197866,0.5162328,0.5162328,0.032371454,0.070948504,-0.031341292,-0.07197866,0.5162328,0.5162328,0.032371454,0.070948504
163.380,2.0199,19.9404,1.1922,2.0,20.0,1.399999976158142,-0.031469427,-0.072002575,0.51693,0.51693,0.0325161,0.0709559,-0.031469427,-0.072002575,0.51693,0.51693,0.0325161,0.0709559
163.431,2.0199,19.9404,1.1920,2.0,20.0,1.399999976158142,-0.031457655,-0.072297916,0.5206126,0.5206126,0.032473613,0.07128196,-0.031457655,-0.072297916,0.5206126,0.5206126,0.032473613,0.07128196
163.480,2.0199,19.9404,1.1916,2.0,20.0,1.399999976158142,-0.031602323,-0.07230339,0.52095616,0.52095616,0.032635443,0.07127027,-0.031602323,-0.07230339,0.52095616,0.52095616,0.032635443,0.07127027
163.530,2.0199,19.9404,1.1914,2.0,20.0,1.399999976158142,-0.03157068,-0.072640195,0.5250768,0.5250768,0.03257268,0.0716382,-0.03157068,-0.072640195,0.5250768,0.5250768,0.03257268,0.0716382
163.581,2.0199,19.9403,1.1908,2.0,20.0,1.399999976158142,-0.031728003,-0.072626516,0.5251704,0.5251704,0.0327473,0.071607225,-0.031728003,-0.072626516,0.5251704,0.5251704,0.0327473,0.071607225
163.630,2.0199,19.9403,1.1907,2.0,20.0,1.399999976158142,-0.05684591,-0.16259354,1.0,1.0,0.058989562,0.16044989,-0.05684591,-0.16259354,1.0,1.0,0.058989562,0.16044989
163.680,2.0199,19.9403,1.1914,2.0,20.0,1.399999976158142,-0.03002493,-0.071047515,0.50385946,0.50385946,0.030990807,0.07008164,-0.03002493,-0.071047515,0.50385946,0.50385946,0.030990807,0.07008164
163.731,2.0199,19.9402,1.1918,2.0,20.0,1.399999976158142,-0.030556045,-0.07109056,0.49749413,0.49749413,0.031502128,0.070144475,-0.030556045,-0.07109056,0.49749413,0.49749413,0.031502128,0.070144475
163.781,2.0200,19.9402,1.1926,2.0,20.0,1.399999976158142,-0.0305526,-0.071127385,0.50023484,0.50023484,0.03151326,0.07016672,-0.0305526,-0.071127385,0.50023484,0.50023484,0.03151326,0.07016672
163.830,2.0200,19.9402,1.1929,2.0,20.0,1.399999976158142,-0.030892588,-0.0712183,0.49727145,0.49727145,0.031830356,0.07028053,-0.030892588,-0.0712183,0.49727145,0.49727145,0.031830356,0.07028053
163.880,2.0200,19.9401,1.1934,2.0,20.0,1.399999976158142,-0.030822966,-0.07132661,0.5011602,0.5011602,0.0317737,0.070375875,-0.030822966,-0.07132661,0.5011602,0.5011602,0.0317737,0.070375875
163.930,2.0200,19.9401,1.1936,2.0,20.0,1.399999976158142,-0.03108763,-0.07142249,0.49972343,0.49972343,0.03201453,0.07049559,-0.03108763,-0.07142249,0.49972343,0.49972343,0.03201453,0.07049559
163.981,2.0200,19.9401,1.1939,2.0,20.0,1.399999976158142,-0.03106412,-0.07152772,0.5028094,0.5028094,0.032004487,0.07058735,-0.03106412,-0.07152772,0.5028094,0.5028094,0.032004487,0.07058735
164.031,2.0200,19.9401,1.1940,2.0,20.0,1.399999976158142,-0.03126727,-0.07163573,0.50271726,0.50271726,0.03218329,0.07071971,-0.03126727,-0.07163573,0.50271726,0.50271726,0.03218329,0.07071971
164.081,2.0200,19.9401,1.1940,2.0,20.0,1.399999976158142,-0.03128119,-0.07173559,0.50510824,0.50510824,0.032211125,0.070805654,-0.03128119,-0.07173559,0.50510824,0.50510824,0.032211125,0.070805654
164.130,2.0201,19.9400,1.1940,2.0,20.0,1.399999976158142,-0.031436127,-0.07186279,0.5061802,0.5061802,0.032341674,0.070957236,-0.031436127,-0.07186279,0.5061802,0.5061802,0.032341674,0.070957236
164.181,2.0201,19.9400,1.1939,2.0,20.0,1.399999976158142,-0.031481273,-0.07195435,0.5079572,0.5079572,0.032401018,0.0710346,-0.031481273,-0.07195435,0.5079572,0.5079572,0.032401018,0.0710346
164.231,2.0201,19.9400,1.1938,2.0,20.0,1.399999976158142,-0.031600215,-0.07210985,0.5100171,0.5100171,0.03249629,0.071213774,-0.031600215,-0.07210985,0.5100171,0.5100171,0.03249629,0.071213774
164.280,2.0201,19.9400,1.1936,2.0,20.0,1.399999976158142,-0.031668756,-0.07218918,0.51126593,0.51126593,0.032578725,0.07127921,-0.031668756,-0.07218918,0.51126593,0.51126593,0.032578725,0.07127921
164.331,2.0201,19.9400,1.1935,2.0,20.0,1.399999976158142,-0.031757202,-0.072378874,0.51413965,0.51413965,0.032644056,0.07149202,-0.031757202,-0.072378874,0.51413965,0.51413965,0.032644056,0.07149202
164.381,2.0201,19.9400,1.1931,2.0,20.0,1.399999976158142,-0.03184505,-0.07244224,0.5149434,0.5149434,0.032745525,0.07154177,-0.03184505,-0.07244224,0.5149434,0.5149434,0.032745525,0.07154177
164.431,2.0201,19.9400,1.1929,2.0,20.0,1.399999976158142,-0.03190868,-0.07267131,0.5184688,0.5184688,0.032786652,0.07179334,-0.03190868,-0.07267131,0.5184688,0.5184688,0.032786652,0.07179334
164.481,2.0201,19.9399,1.1925,2.0,20.0,1.399999976158142,-0.03201273,-0.07271586,0.5189092,0.5189092,0.032904018,0.07182457,-0.03201273,-0.07271586,0.5189092,0.5189092,0.032904018,0.07182457
164.530,2.0201,19.9399,1.1923,2.0,20.0,1.399999976158142,-0.032054916,-0.07298868,0.5229364,0.5229364,0.03292433,0.072119266,-0.032054916,-0.07298868,0.5229364,0.5229364,0.03292433,0.072119266
164.580,2.0201,19.9399,1.1917,2.0,20.0,1.399999976158142,-0.03217321,-0.073011674,0.52308106,0.52308106,0.03305571,0.07212917,-0.03217321,-0.073011674,0.52308106,0.52308106,0.03305571,0.07212917
164.631,2.0201,19.9399,1.1916,2.0,20.0,1.399999976158142,-0.057965938,-0.164214,1.0,1.0,0.059829947,0.16235,-0.057965938,-0.164214,1.0,1.0,0.059829947,0.16235
164.680,2.0202,19.9398,1.1924,2.0,20.0,1.399999976158142,-0.030490458,-0.07139234,0.50183165,0.50183165,0.03133101,0.07055179,-0.030490458,-0.07139234,0.50183165,0.50183165,0.03133101,0.07055179
164.730,2.0202,19.9398,1.1928,2.0,20.0,1.399999976158142,-0.031117875,-0.07135089,0.49544367,0.49544367,0.031952772,0.07051599,-0.031117875,-0.07135089,0.49544367,0.49544367,0.031952772,0.07051599
164.781,2.0202,19.9397,1.1935,2.0,20.0,1.399999976158142,-0.031066556,-0.07143303,0.49819735,0.49819735,0.031909786,0.0705898,-0.031066556,-0.07143303,0.49819735,0.49819735,0.031909786,0.0705898
164.831,2.0202,19.9397,1.1938,2.0,20.0,1.399999976158142,-0.031487364,-0.07145586,0.49528933,0.49528933,0.032321583,0.07062164,-0.031487364,-0.07145586,0.49528933,0.49528933,0.032321583,0.07062164
164.881,2.0202,19.9397,1.1943,2.0,20.0,1.399999976158142,-0.03137315,-0.07160657,0.49911547,0.49911547,0.032213308,0.070766404,-0.03137315,-0.07160657,0.49911547,0.49911547,0.032213308,0.070766404
164.931,2.0202,19.9396,1.1945,2.0,20.0,1.399999976158142,-0.03171114,-0.07164273,0.49774808,0.49774808,0.032541126,0.07081274,-0.03171114,-0.07164273,0.49774808,0.49774808,0.032541126,0.07081274
164.982,2.0203,19.9396,1.1948,2.0,20.0,1.399999976158142,-0.0316448,-0.071786866,0.50082415,0.50082415,0.032481447,0.07095022,-0.0316448,-0.071786866,0.50082415,0.50082415,0.032481447,0.07095022
165.033,2.0203,19.9396,1.1948,2.0,20.0,1.399999976158142,-0.0319165,-0.07184207,0.5008046,0.5008046,0.032741893,0.07101667,-0.0319165,-0.07184207,0.5008046,0.5008046,0.032741893,0.07101667
165.083,2.0203,19.9396,1.1949,2.0,20.0,1.399999976158142,-0.031890918,-0.07197655,0.5031748,0.5031748,0.032723565,0.071143895,-0.031890918,-0.07197655,0.5031748,0.5031748,0.032723565,0.071143895
165.133,2.0203,19.9396,1.1949,2.0,20.0,1.399999976158142,-0.032108147,-0.07205778,0.5043576,0.5043576,0.032928832,0.071237095,-0.032108147,-0.07205778,0.5043576,0.5043576,0.032928832,0.071237095
165.183,2.0203,19.9396,1.1947,2.0,20.0,1.399999976158142,-0.0321182,-0.07217954,0.5060908,0.5060908,0.032946695,0.071351044,-0.0321182,-0.07217954,0.5060908,0.5060908,0.032946695,0.071351044
165.233,2.0203,19.9395,1.1947,2.0,20.0,1.399999976158142,-0.03229216,-0.07229577,0.5082959,0.5082959,0.033108495,0.07147943,-0.03229216,-0.07229577,0.5082959,0.5082959,0.033108495,0.07147943
165.282,2.0203,19.9395,1.1944,2.0,20.0,1.399999976158142,-0.03232908,-0.072401345,0.50948167,0.50948167,0.033153232,0.07157719,-0.03232908,-0.072401345,0.50948167,0.50948167,0.033153232,0.07157719
165.333,2.0203,19.9395,1.1942,2.0,20.0,1.399999976158142,-0.032466307,-0.07255709,0.5125287,0.5125287,0.03327781,0.07174559,-0.032466307,-0.07255709,0.5125287,0.5125287,0.03327781,0.07174559
165.382,2.0203,19.9395,1.1938,2.0,20.0,1.399999976158142,-0.032526426,-0.07264312,0.5132525,0.5132525,0.03334596,0.07182358,-0.032526426,-0.07264312,0.5132525,0.5132525,0.03334596,0.07182358
165.433,2.0203,19.9395,1.1936,2.0,20.0,1.399999976158142,-0.032633048,-0.07284291,0.5169768,0.5169768,0.033439465,0.0720365,-0.032633048,-0.07284291,0.5169768,0.5169768,0.033439465,0.0720365
165.482,2.0203,19.9395,1.1931,2.0,20.0,1.399999976158142,-0.032712784,-0.07290709,0.5173204,0.5173204,0.03352746,0.07209241,-0.032712784,-0.07290709,0.5173204,0.5173204,0.03352746,0.07209241
165.532,2.0204,19.9394,1.1929,2.0,20.0,1.399999976158142,-0.032793514,-0.07315447,0.5215527,0.5215527,0.033594742,0.072353244,-0.032793514,-0.07315447,0.5215527,0.5215527,0.033594742,0.072353244
165.582,2.0204,19.9394,1.1924,2.0,20.0,1.399999976158142,-0.032889843,-0.0731957,0.5216145,0.5216145,0.03369941,0.07238614,-0.032889843,-0.0731957,0.5216145,0.5216145,0.03369941,0.07238614
165.632,2.0204,19.9394,1.1922,2.0,20.0,1.399999976158142,-0.0597627,-0.16491565,1.0,1.0,0.061477315,0.16320103,-0.0597627,-0.16491565,1.0,1.0,0.061477315,0.16320103
165.682,2.0204,19.9393,1.1929,2.0,20.0,1.399999976158142,-0.031205067,-0.07155733,0.50059646,0.50059646,0.031979606,0.07078279,-0.031205067,-0.07155733,0.50059646,0.50059646,0.031979606,0.07078279
165.732,2.0204,19.9393,1.1933,2.0,20.0,1.399999976158142,-0.031864107,-0.071496546,0.49441463,0.49441463,0.03263955,0.07072111,-0.031864107,-0.071496546,0.49441463,0.49441463,0.03263955,0.07072111
165.782,2.0204,19.9392,1.1941,2.0,20.0,1.399999976158142,-0.031795595,-0.071592316,0.49705893,0.49705893,0.0325757,0.07081222,-0.031795595,-0.071592316,0.49705893,0.49705893,0.0325757,0.07081222
165.833,2.0205,19.9392,1.1943,2.0,20.0,1.399999976158142,-0.03224266,-0.07159954,0.4943313,0.4943313,0.033019077,0.070823126,-0.03224266,-0.07159954,0.4943313,0.4943313,0.033019077,0.070823126
165.883,2.0205,19.9392,1.1948,2.0,20.0,1.399999976158142,-0.032110896,-0.07176382,0.49811408,0.49811408,0.032890208,0.070984505,-0.032110896,-0.07176382,0.49811408,0.49811408,0.032890208,0.070984505
165.932,2.0205,19.9392,1.1948,2.0,20.0,1.399999976158142,-0.03247062,-0.07178796,0.49692255,0.49692255,0.03324411,0.07101447,-0.03247062,-0.07178796,0.49692255,0.49692255,0.03324411,0.07101447
165.982,2.0205,19.9392,1.1948,2.0,20.0,1.399999976158142,-0.03223459,-0.07198629,0.5011973,0.5011973,0.033017006,0.07120387,-0.03223459,-0.07198629,0.5011973,0.5011973,0.033017006,0.07120387
166.033,2.0205,19.9392,1.1948,2.0,20.0,1.399999976158142,-0.032329895,-0.07208303,0.5024251,0.5024251,0.03311375,0.07129917,-0.032329895,-0.07208303,0.5024251,0.5024251,0.03311375,0.07129917
166.082,2.0205,19.9391,1.1953,2.0,20.0,1.399999976158142,-0.032425717,-0.0721803,0.5036596,0.5036596,0.033211023,0.071394995,-0.032425717,-0.0721803,0.5036596,0.5036596,0.033211023,0.071394995
166.133,2.0205,19.9391,1.1952,2.0,20.0,1.399999976158142,-0.03331543,-0.07208039,0.5009282,0.5009282,0.034063708,0.07133211,-0.03331543,-0.07208039,0.5009282,0.5009282,0.034063708,0.07133211
166.182,2.0205,19.9390,1.1951,2.0,20.0,1.399999976158142,-0.03287126,-0.07233812,0.50534844,0.50534844,0.033643153,0.07156623,-0.03287126,-0.07233812,0.50534844,0.50534844,0.033643153,0.07156623
166.232,2.0205,19.9390,1.1950,2.0,20.0,1.399999976158142,-0.033048715,-0.072452925,0.50774616,0.50774616,0.033810794,0.07169084,-0.033048715,-0.072452925,0.50774616,0.50774616,0.033810794,0.07169084
166.283,2.0206,19.9392,1.1944,2.0,20.0,1.399999976158142,-0.032374624,-0.07317873,0.5089681,0.5089681,0.03304242,0.072510935,-0.032374624,-0.07317873,0.5089681,0.5089681,0.03304242,0.072510935
166.333,2.0206,19.9393,1.1942,2.0,20.0,1.399999976158142,-0.023558246,-0.08111933,0.5138292,0.5138292,0.022911476,0.0817661,-0.023558246,-0.08111933,0.5138292,0.5138292,0.022911476,0.0817661
166.383,2.0207,19.9396,1.1937,2.0,20.0,1.399999976158142,-0.026719619,-0.07844808,0.51378214,0.51378214,0.026416652,0.07875104,-0.026719619,-0.07844808,0.51378214,0.51378214,0.026416652,0.07875104
166.432,2.0207,19.9396,1.1934,2.0,20.0,1.399999976158142,-0.021189744,-0.08344158,0.5184295,0.5184295,0.019853305,0.08477802,-0.021189744,-0.08344158,0.5184295,0.5184295,0.019853305,0.08477802
166.482,2.0208,19.9398,1.1928,2.0,20.0,1.399999976158142,-0.024991896,-0.08022518,0.51827514,0.51827514,0.024185918,0.08103115,-0.024991896,-0.08022518,0.51827514,0.51827514,0.024185918,0.08103115
166.533,2.0208,19.9399,1.1925,2.0,20.0,1.399999976158142,-0.020695386,-0.08410147,0.5232824,0.5232824,0.018953642,0.08584321,-0.020695386,-0.08410147,0.5232824,0.5232824,0.018953642,0.08584321
166.583,2.0209,19.9400,1.1918,2.0,20.0,1.399999976158142,-0.023723153,-0.081602946,0.5229176,0.5229176,0.022459595,0.082866505,-0.023723153,-0.081602946,0.5229176,0.5229176,0.022459595,0.082866505
166.633,2.0210,19.9401,1.1916,2.0,20.0,1.399999976158142,-0.037854154,-0.18477264,1.0,1.0,0.035290357,0.18733644,-0.037854154,-0.18477264,1.0,1.0,0.035290357,0.18733644
166.682,2.0211,19.9402,1.1922,2.0,20.0,1.399999976158142,-0.020956952,-0.08069585,0.50217885,0.50217885,0.019253151,0.08239966,-0.020956952,-0.08069585,0.50217885,0.50217885,0.019253151,0.08239966
166.732,2.0211,19.9403,1.1926,2.0,20.0,1.399999976158142,-0.019595327,-0.08201287,0.49654952,0.49654952,0.017118288,0.084489904,-0.019595327,-0.08201287,0.49654952,0.49654952,0.017118288,0.084489904
166.782,2.0212,19.9404,1.1932,2.0,20.0,1.399999976158142,-0.02110341,-0.080850996,0.4989065,0.4989065,0.019017417,0.08293699,-0.02110341,-0.080850996,0.4989065,0.4989065,0.019017417,0.08293699
166.833,2.0213,19.9404,1.1935,2.0,20.0,1.399999976158142,-0.019997269,-0.081834346,0.49667,0.49667,0.01718883,0.08464279,-0.019997269,-0.081834346,0.49667,0.49667,0.01718883,0.08464279
166.882,2.0214,19.9405,1.1939,2.0,20.0,1.399999976158142,-0.020967603,-0.08118898,0.5002009,0.5002009,0.018517116,0.083639465,-0.020967603,-0.08118898,0.5002009,0.5002009,0.018517116,0.083639465
166.932,2.0214,19.9406,1.1940,2.0,20.0,1.399999976158142,-0.02024247,-0.08176857,0.49945283,0.49945283,0.017115876,0.084895164,-0.02024247,-0.08176857,0.49945283,0.49945283,0.017115876,0.084895164
166.982,2.0215,19.9407,1.1942,2.0,20.0,1.399999976158142,-0.020969154,-0.081382684,0.50221515,0.50221515,0.018176252,0.08417559,-0.020969154,-0.081382684,0.50221515,0.50221515,0.018176252,0.08417559
167.033,2.0216,19.9408,1.1942,2.0,20.0,1.399999976158142,-0.020567182,-0.08163165,0.5027783,0.5027783,0.01714501,0.085053824,-0.020567182,-0.08163165,0.5027783,0.5027783,0.01714501,0.085053824
167.083,2.0217,19.9409,1.1942,2.0,20.0,1.399999976158142,-0.021090167,-0.081459925,0.50485283,0.50485283,0.017979475,0.08457062,-0.021090167,-0.081459925,0.50485283,0.50485283,0.017979475,0.08457062
167.132,2.0217,19.9409,1.1941,2.0,20.0,1.399999976158142,-0.020965455,-0.081434675,0.50653315,0.50653315,0.017266009,0.08513412,-0.020965455,-0.081434675,0.50653315,0.50653315,0.017266009,0.08513412
167.183,2.0218,19.9410,1.1939,2.0,20.0,1.399999976158142,-0.021313889,-0.08143925,0.508004,0.508004,0.017902987,0.084850155,-0.021313889,-0.08143925,0.508004,0.508004,0.017902987,0.084850155
167.232,2.0218,19.9411,1.1938,2.0,20.0,1.399999976158142,-0.021409405,-0.081220254,0.5106015,0.5106015,0.01746105,0.08516861,-0.021409405,-0.081220254,0.5106015,0.5106015,0.01746105,0.08516861
167.283,2.0219,19.9412,1.1935,2.0,20.0,1.399999976158142,-0.021610586,-0.08136841,0.51156884,0.51156884,0.017928854,0.085050136,-0.021610586,-0.08136841,0.51156884,0.51156884,0.017928854,0.085050136
167.333,2.0220,19.9412,1.1933,2.0,20.0,1.399999976158142,-0.021876892,-0.08101228,0.5148988,0.5148988,0.017702702,0.08518647,-0.021876892,-0.08101228,0.5148988,0.5148988,0.017702702,0.08518647
167.383,2.0221,19.9413,1.1929,2.0,20.0,1.399999976158142,-0.02196343,-0.08126105,0.5154534,0.5154534,0.018031873,0.08519261,-0.02196343,-0.08126105,0.5154534,0.5154534,0.018031873,0.08519261
167.433,2.0221,19.9413,1.1927,2.0,20.0,1.399999976158142,-0.022362681,-0.080814935,0.5193433,0.5193433,0.017984435,0.08519318,-0.022362681,-0.080814935,0.5193433,0.5193433,0.017984435,0.08519318
167.482,2.0222,19.9414,1.1922,2.0,20.0,1.399999976158142,-0.022361957,-0.081133194,0.5195854,0.5195854,0.018202571,0.08529258,-0.022361957,-0.081133194,0.5195854,0.5195854,0.018202571,0.08529258
167.532,2.0222,19.9414,1.1919,2.0,20.0,1.399999976158142,-0.022871332,-0.08061713,0.5239139,0.5239139,0.018302074,0.085186385,-0.022871332,-0.08061713,0.5239139,0.5239139,0.018302074,0.085186385
167.583,2.0223,19.9415,1.1914,2.0,20.0,1.399999976158142,-0.022797352,-0.08099068,0.52387905,0.52387905,0.01843034,0.085357696,-0.022797352,-0.08099068,0.52387905,0.52387905,0.01843034,0.085357696
167.633,2.0223,19.9415,1.1912,2.0,20.0,1.399999976158142,-0.032245632,-0.18659316,1.0,1.0,0.023028892,0.1958099,-0.032245632,-0.18659316,1.0,1.0,0.023028892,0.1958099
167.683,2.0224,19.9416,1.1919,2.0,20.0,1.399999976158142,-0.021410909,-0.078928225,0.5027502,0.5027502,0.01696653,0.08337261,-0.021410909,-0.078928225,0.5027502,0.5027502,0.01696653,0.08337261
167.733,2.0224,19.9416,1.1923,2.0,20.0,1.399999976158142,-0.023361675,-0.07721588,0.49671885,0.49671885,0.018651351,0.081926204,-0.023361675,-0.07721588,0.49671885,0.49671885,0.018651351,0.081926204
167.782,2.0225,19.9416,1.1931,2.0,20.0,1.399999976158142,-0.022821816,-0.07793524,0.49917194,0.49917194,0.01824543,0.082511626,-0.022821816,-0.07793524,0.49917194,0.49917194,0.01824543,0.082511626
167.833,2.0225,19.9416,1.1934,2.0,20.0,1.399999976158142,-0.024409525,-0.0764625,0.49645138,0.49645138,0.019587154,0.08128487,-0.024409525,-0.0764625,0.49645138,0.49645138,0.019587154,0.08128487
167.883,2.0226,19.9417,1.1938,2.0,20.0,1.399999976158142,-0.023623426,-0.07744167,0.50026345,0.50026345,0.018922562,0.08214253,-0.023623426,-0.07744167,0.50026345,0.50026345,0.018922562,0.08214253
167.932,2.0226,19.9417,1.1940,2.0,20.0,1.399999976158142,-0.025099237,-0.076030366,0.4990539,0.4990539,0.020189734,0.080939874,-0.025099237,-0.076030366,0.4990539,0.4990539,0.020189734,0.080939874
167.982,2.0227,19.9417,1.1942,2.0,20.0,1.399999976158142,-0.024398562,-0.07695809,0.50204617,0.50204617,0.01959213,0.08176452,-0.024398562,-0.07695809,0.50204617,0.50204617,0.01959213,0.08176452
168.033,2.0227,19.9418,1.1943,2.0,20.0,1.399999976158142,-0.025759235,-0.07563623,0.5022042,0.5022042,0.020787012,0.08060846,-0.025759235,-0.07563623,0.5022042,0.5022042,0.020787012,0.08060846
168.082,2.0227,19.9418,1.1943,2.0,20.0,1.399999976158142,-0.025113495,-0.07653276,0.5044871,0.5044871,0.02022552,0.08142073,-0.025113495,-0.07653276,0.5044871,0.5044871,0.02022552,0.08142073
168.132,2.0227,19.9418,1.1943,2.0,20.0,1.399999976158142,-0.026349613,-0.075330004,0.5057974,0.5057974,0.021336716,0.080342904,-0.026349613,-0.075330004,0.5057974,0.5057974,0.021336716,0.080342904
168.183,2.0227,19.9419,1.1941,2.0,20.0,1.399999976158142,-0.025763795,-0.07617516,0.5074557,0.5074557,0.020812795,0.08112616,-0.025763795,-0.07617516,0.5074557,0.5074557,0.020812795,0.08112616
168.233,2.0228,19.9419,1.1941,2.0,20.0,1.399999976158142,-0.02686575,-0.0751147,0.5097337,0.5097337,0.021822276,0.080158174,-0.02686575,-0.0751147,0.5097337,0.5097337,0.021822276,0.080158174
168.283,2.0228,19.9419,1.1938,2.0,20.0,1.399999976158142,-0.026359538,-0.075883254,0.5108672,0.5108672,0.02135953,0.080883265,-0.026359538,-0.075883254,0.5108672,0.5108672,0.02135953,0.080883265
168.333,2.0228,19.9420,1.1936,2.0,20.0,1.399999976158142,-0.027356235,-0.07495336,0.5139372,0.5139372,0.022289779,0.080019824,-0.027356235,-0.07495336,0.5139372,0.5139372,0.022289779,0.080019824
168.383,2.0228,19.9420,1.1932,2.0,20.0,1.399999976158142,-0.026918344,-0.075646915,0.5146381,0.5146381,0.021880211,0.08068505,-0.026918344,-0.075646915,0.5146381,0.5146381,0.021880211,0.08068505
168.433,2.0228,19.9420,1.1930,2.0,20.0,1.399999976158142,-0.027834557,-0.07483063,0.51834023,0.51834023,0.022750987,0.0799142,-0.027834557,-0.07483063,0.51834023,0.51834023,0.022750987,0.0799142
168.482,2.0228,19.9420,1.1926,2.0,20.0,1.399999976158142,-0.027449617,-0.07545863,0.51868474,0.51868474,0.022382526,0.08052572,-0.027449617,-0.07545863,0.51868474,0.51868474,0.022382526,0.08052572
168.532,2.0228,19.9420,1.1923,2.0,20.0,1.399999976158142,-0.028300965,-0.074746534,0.5228657,0.5228657,0.02320573,0.07984177,-0.028300965,-0.074746534,0.5228657,0.5228657,0.02320573,0.07984177
168.583,2.0228,19.9420,1.1918,2.0,20.0,1.399999976158142,-0.027958874,-0.07531544,0.52293235,0.52293235,0.022870298,0.08040401,-0.027958874,-0.07531544,0.52293235,0.52293235,0.022870298,0.08040401
168.633,2.0228,19.9420,1.1916,2.0,20.0,1.399999976158142,-0.04549695,-0.17264444,1.0,1.0,0.034739777,0.1834016,-0.04549695,-0.17264444,1.0,1.0,0.034739777,0.1834016
168.683,2.0229,19.9420,1.1924,2.0,20.0,1.399999976158142,-0.026560903,-0.07337388,0.5017973,0.5017973,0.021635927,0.07829885,-0.026560903,-0.07337388,0.5017973,0.5017973,0.021635927,0.07829885
168.733,2.0229,19.9420,1.1932,2.0,20.0,1.399999976158142,-0.028301463,-0.072045796,0.49552968,0.49552968,0.023424966,0.0769223,-0.028301463,-0.072045796,0.49552968,0.49552968,0.023424966,0.0769223
168.783,2.0229,19.9420,1.1935,2.0,20.0,1.399999976158142,-0.028861314,-0.071705,0.4942604,0.4942604,0.024004916,0.0765614,-0.028861314,-0.071705,0.4942604,0.4942604,0.024004916,0.0765614
168.832,2.0229,19.9420,1.1938,2.0,20.0,1.399999976158142,-0.028148076,-0.07251447,0.4983552,0.4983552,0.023259088,0.07740345,-0.028148076,-0.07251447,0.4983552,0.4983552,0.023259088,0.07740345
168.883,2.0229,19.9419,1.1943,2.0,20.0,1.399999976158142,-0.028384514,-0.07246979,0.4992394,0.4992394,0.023494521,0.07735978,-0.028384514,-0.07246979,0.4992394,0.4992394,0.023494521,0.07735978
168.932,2.0229,19.9419,1.1945,2.0,20.0,1.399999976158142,-0.02957954,-0.07151036,0.49795872,0.49795872,0.024732232,0.07635767,-0.02957954,-0.07151036,0.49795872,0.49795872,0.024732232,0.07635767
168.983,2.0229,19.9419,1.1947,2.0,20.0,1.399999976158142,-0.029009042,-0.0722247,0.50097847,0.50097847,0.024128893,0.077104844,-0.029009042,-0.0722247,0.50097847,0.50097847,0.024128893,0.077104844
169.032,2.0229,19.9419,1.1948,2.0,20.0,1.399999976158142,-0.030059084,-0.07137506,0.5010743,0.5010743,0.02522317,0.07621097,-0.030059084,-0.07137506,0.5010743,0.5010743,0.02522317,0.07621097
169.082,2.0229,19.9419,1.1948,2.0,20.0,1.399999976158142,-0.029573591,-0.072029226,0.5033818,0.5033818,0.024704209,0.07689861,-0.029573591,-0.072029226,0.5033818,0.5033818,0.024704209,0.07689861
169.132,2.0229,19.9419,1.1948,2.0,20.0,1.399999976158142,-0.030481115,-0.071304485,0.50465524,0.50465524,0.02565739,0.076128215,-0.030481115,-0.071304485,0.50465524,0.50465524,0.02565739,0.076128215
169.182,2.0229,19.9419,1.1946,2.0,20.0,1.399999976158142,-0.030067017,-0.07190208,0.5063375,0.5063375,0.025208365,0.07676073,-0.030067017,-0.07190208,0.5063375,0.5063375,0.025208365,0.07676073
169.232,2.0229,19.9419,1.1945,2.0,20.0,1.399999976158142,-0.03083274,-0.07131878,0.5086101,0.5086101,0.026017638,0.076133884,-0.03083274,-0.07131878,0.5086101,0.5086101,0.026017638,0.076133884
169.282,2.0229,19.9419,1.1943,2.0,20.0,1.399999976158142,-0.030510096,-0.071832426,0.5097567,0.5097567,0.025660533,0.076681994,-0.030510096,-0.071832426,0.5097567,0.5097567,0.025660533,0.076681994
169.333,2.0229,19.9419,1.1941,2.0,20.0,1.399999976158142,-0.031177241,-0.07136082,0.51284933,0.51284933,0.02636881,0.07616925,-0.031177241,-0.07136082,0.51284933,0.51284933,0.02636881,0.07616925
169.383,2.0229,19.9419,1.1937,2.0,20.0,1.399999976158142,-0.030919667,-0.07180893,0.513548,0.513548,0.026077513,0.07665108,-0.030919667,-0.07180893,0.513548,0.513548,0.026077513,0.07665108
169.433,2.0229,19.9419,1.1935,2.0,20.0,1.399999976158142,-0.031509433,-0.07143719,0.51730627,0.51730627,0.026706109,0.07624051,-0.031509433,-0.07143719,0.51730627,0.51730627,0.026706109,0.07624051
169.482,2.0229,19.9419,1.1930,2.0,20.0,1.399999976158142,-0.031303544,-0.07182597,0.5176309,0.5176309,0.026467849,0.07666166,-0.031303544,-0.07182597,0.5176309,0.5176309,0.026467849,0.07666166
169.533,2.0229,19.9419,1.1928,2.0,20.0,1.399999976158142,-0.031825863,-0.0715517,0.5218887,0.5218887,0.027026838,0.076350726,-0.031825863,-0.0715517,0.5218887,0.5218887,0.027026838,0.076350726
169.582,2.0229,19.9419,1.1922,2.0,20.0,1.399999976158142,-0.031663585,-0.071885906,0.52192557,0.52192557,0.026833454,0.076716036,-0.031663585,-0.071885906,0.52192557,0.52192557,0.026833454,0.076716036
169.632,2.0229,19.9419,1.1920,2.0,20.0,1.399999976158142,-0.032131992,-0.07169957,0.52654994,0.52654994,0.027337423,0.076494135,-0.032131992,-0.07169957,0.52654994,0.52654994,0.027337423,0.076494135
169.683,2.0229,19.9419,1.1914,2.0,20.0,1.399999976158142,-0.03200509,-0.071983315,0.52636224,0.52636224,0.027180428,0.076807976,-0.03200509,-0.071983315,0.52636224,0.52636224,0.027180428,0.076807976
169.733,2.0229,19.9418,1.1911,2.0,20.0,1.399999976158142,-0.032425925,-0.071880706,0.53120387,0.53120387,0.027636666,0.07666996,-0.032425925,-0.071880706,0.53120387,0.53120387,0.027636666,0.07666996
169.783,2.0229,19.9418,1.1905,2.0,20.0,1.399999976158142,-0.032329906,-0.07211718,0.5308687,0.5308687,0.027511263,0.07693583,-0.032329906,-0.07211718,0.5308687,0.5308687,0.027511263,0.07693583
169.833,2.0229,19.9418,1.1902,2.0,20.0,1.399999976158142,-0.032710202,-0.07209135,0.53581524,0.53581524,0.027928483,0.07687307,-0.032710202,-0.07209135,0.53581524,0.53581524,0.027928483,0.07687307
169.883,2.0230,19.9417,1.1896,2.0,20.0,1.399999976158142,-0.032639574,-0.07228553,0.53538835,0.53538835,0.027828561,0.077096544,-0.032639574,-0.07228553,0.53538835,0.53538835,0.027828561,0.077096544
169.933,2.0230,19.9417,1.1893,2.0,20.0,1.399999976158142,-0.03297924,-0.07233536,0.5403008,0.5403008,0.028207906,0.0771067,-0.03297924,-0.07233536,0.5403008,0.5403008,0.028207906,0.0771067
169.983,2.0230,19.9417,1.1887,2.0,20.0,1.399999976158142,-0.03293214,-0.072489224,0.5398498,0.5398498,0.028130565,0.0772908,-0.03293214,-0.072489224,0.5398498,0.5398498,0.028130565,0.0772908
170.033,2.0230,19.9417,1.1885,2.0,20.0,1.399999976158142,-0.033230226,-0.07261309,0.54463893,0.54463893,0.028471192,0.07737213,-0.033230226,-0.07261309,0.54463893,0.54463893,0.028471192,0.07737213
170.091,2.0230,19.9416,1.1879,2.0,20.0,1.399999976158142,-0.033205543,-0.07272773,0.54420334,0.54420334,0.028414736,0.077518545,-0.033205543,-0.07272773,0.54420334,0.54420334,0.028414736,0.077518545
170.134,2.0230,19.9416,1.1876,2.0,20.0,1.399999976158142,-0.03345812,-0.072925285,0.54877484,0.54877484,0.028712586,0.07767082,-0.03345812,-0.072925285,0.54877484,0.54877484,0.028712586,0.07767082
170.184,2.0230,19.9415,1.1871,2.0,20.0,1.399999976158142,-0.03345734,-0.07300046,0.548406,0.548406,0.028678624,0.077779174,-0.03345734,-0.07300046,0.548406,0.548406,0.028678624,0.077779174
170.235,2.0230,19.9415,1.1869,2.0,20.0,1.399999976158142,-0.033660255,-0.07326459,0.5525902,0.5525902,0.028925827,0.077999026,-0.033660255,-0.07326459,0.5525902,0.5525902,0.028925827,0.077999026
170.284,2.0230,19.9414,1.1865,2.0,20.0,1.399999976158142,-0.033689745,-0.073307246,0.5524844,0.5524844,0.028925199,0.07807179,-0.033689745,-0.073307246,0.5524844,0.5524844,0.028925199,0.07807179
170.334,2.0230,19.9414,1.1863,2.0,20.0,1.399999976158142,-0.03384494,-0.073630236,0.5563084,0.5563084,0.029127209,0.078347966,-0.03384494,-0.073630236,0.5563084,0.5563084,0.029127209,0.078347966
170.385,2.0230,19.9413,1.1859,2.0,20.0,1.399999976158142,-0.033898514,-0.07363025,0.5562258,0.5562258,0.029146457,0.078382306,-0.033898514,-0.07363025,0.5562258,0.5562258,0.029146457,0.078382306
170.435,2.0230,19.9413,1.1857,2.0,20.0,1.399999976158142,-0.034012347,-0.07400636,0.5596857,0.5596857,0.029309308,0.078709394,-0.034012347,-0.07400636,0.5596857,0.5596857,0.029309308,0.078709394
170.484,2.0230,19.9412,1.1854,2.0,20.0,1.399999976158142,-0.034091808,-0.073974386,0.55977666,0.55977666,0.029353602,0.07871259,-0.034091808,-0.073974386,0.55977666,0.55977666,0.029353602,0.07871259
170.534,2.0230,19.9412,1.1853,2.0,20.0,1.399999976158142,-0.0341678,-0.07438823,0.56277955,0.56277955,0.029479282,0.079076745,-0.0341678,-0.07438823,0.56277955,0.56277955,0.029479282,0.079076745
170.584,2.0230,19.9411,1.1851,2.0,20.0,1.399999976158142,-0.034270555,-0.07433273,0.56308174,0.56308174,0.029546889,0.0790564,-0.034270555,-0.07433273,0.56308174,0.56308174,0.029546889,0.0790564
170.634,2.0230,19.9411,1.1850,2.0,20.0,1.399999976158142,-0.034314856,-0.074772485,0.56559557,0.56559557,0.029641055,0.079446286,-0.034314856,-0.074772485,0.56559557,0.56559557,0.029641055,0.079446286
170.685,2.0230,19.9410,1.1848,2.0,20.0,1.399999976158142,-0.034436017,-0.074701995,0.5661167,0.5661167,0.029727723,0.079410285,-0.034436017,-0.074701995,0.5661167,0.5661167,0.029727723,0.079410285
170.734,2.0231,19.9409,1.1848,2.0,20.0,1.399999976158142,-0.034455303,-0.07515899,0.56812334,0.56812334,0.02979717,0.07981712,-0.034455303,-0.07515899,0.56812334,0.56812334,0.02979717,0.07981712
170.784,2.0231,19.9409,1.1848,2.0,20.0,1.399999976158142,-0.034506653,-0.07540805,0.56920093,0.56920093,0.029865751,0.08004895,-0.034506653,-0.07540805,0.56920093,0.56920093,0.029865751,0.08004895
170.834,2.0231,19.9409,1.1847,2.0,20.0,1.399999976158142,-0.034659844,-0.07530281,0.57009125,0.57009125,0.02998191,0.079980746,-0.034659844,-0.07530281,0.57009125,0.57009125,0.02998191,0.079980746
170.885,2.0231,19.9408,1.1848,2.0,20.0,1.399999976158142,-0.03474597,-0.075451665,0.5713205,0.5713205,0.03006956,0.080128066,-0.03474597,-0.075451665,0.5713205,0.5713205,0.03006956,0.080128066
170.934,2.0231,19.9408,1.1848,2.0,20.0,1.399999976158142,-0.03472558,-0.07595167,0.5722622,0.5722622,0.030104527,0.080572724,-0.03472558,-0.07595167,0.5722622,0.5722622,0.030104527,0.080572724
170.984,2.0231,19.9407,1.1849,2.0,20.0,1.399999976158142,-0.034890752,-0.0758373,0.57349086,0.57349086,0.030231971,0.08049608,-0.034890752,-0.0758373,0.57349086,0.57349086,0.030231971,0.08049608
171.035,2.0231,19.9407,1.1850,2.0,20.0,1.399999976158142,-0.034855,-0.076339714,0.5738895,0.5738895,0.030252403,0.08094231,-0.034855,-0.076339714,0.5738895,0.5738895,0.030252403,0.08094231
171.084,2.0231,19.9406,1.1852,2.0,20.0,1.399999976158142,-0.035028353,-0.076218426,0.57536536,0.57536536,0.030387593,0.08085919,-0.035028353,-0.076218426,0.57536536,0.57536536,0.030387593,0.08085919
171.134,2.0231,19.9406,1.1854,2.0,20.0,1.399999976158142,-0.0349786,-0.07671297,0.5752361,0.5752361,0.030394495,0.08129708,-0.0349786,-0.07671297,0.5752361,0.5752361,0.030394495,0.08129708
171.185,2.0231,19.9405,1.1857,2.0,20.0,1.399999976158142,-0.035160337,-0.07659273,0.5769638,0.5769638,0.030537914,0.08121515,-0.035160337,-0.07659273,0.5769638,0.5769638,0.030537914,0.08121515
171.235,2.0231,19.9405,1.1858,2.0,20.0,1.399999976158142,-0.035098065,-0.077077754,0.5763147,0.5763147,0.030533204,0.08164261,-0.035098065,-0.077077754,0.5763147,0.5763147,0.030533204,0.08164261
171.284,2.0231,19.9405,1.1862,2.0,20.0,1.399999976158142,-0.035285965,-0.076962195,0.5782761,0.5782761,0.030682715,0.08156545,-0.035285965,-0.076962195,0.5782761,0.5782761,0.030682715,0.08156545
171.335,2.0231,19.9404,1.1864,2.0,20.0,1.399999976158142,-0.035211805,-0.07743792,0.5771144,0.5771144,0.03066721,0.081982516,-0.035211805,-0.07743792,0.5771144,0.5771144,0.03066721,0.081982516
171.384,2.0231,19.9404,1.1869,2.0,20.0,1.399999976158142,-0.035406746,-0.077325724,0.5793254,0.5793254,0.030823074,0.081909396,-0.035406746,-0.077325724,0.5793254,0.5793254,0.030823074,0.081909396
171.435,2.0231,19.9404,1.1871,2.0,20.0,1.399999976158142,-0.035322506,-0.07779256,0.57768476,0.57768476,0.030798193,0.082316875,-0.035322506,-0.07779256,0.57768476,0.57768476,0.030798193,0.082316875
171.484,2.0230,19.9403,1.1877,2.0,20.0,1.399999976158142,-0.0355218,-0.07768637,0.5801098,0.5801098,0.030958299,0.08224987,-0.0355218,-0.07768637,0.5801098,0.5801098,0.030958299,0.08224987
171.534,2.0230,19.9403,1.1879,2.0,20.0,1.399999976158142,-0.035428703,-0.078144446,0.57802045,0.57802045,0.03092472,0.08264843,-0.035428703,-0.078144446,0.57802045,0.57802045,0.03092472,0.08264843
