time,x,y,z,tx,ty,tz,p1,p2,p3,p4,p5,p6,m1,m2,m3,m4,m5,m6
0.047,0.0000,0.0000,0.0000,0.0,0.0,0.0,0.0,0.0,0.0,0.0,0.0,0.0,0.0,0.0,0.0,0.0,0.0,0.0
0.095,0.0000,0.0000,0.0000,0.0,0.0,0.0,0.0,0.0,0.0,0.0,0.0,0.0,0.0,0.0,0.0,0.0,0.0,0.0
0.138,0.0000,0.0000,0.0000,0.0,0.0,0.0,0.0,0.0,0.0,0.0,0.0,0.0,0.0,0.0,0.0,0.0,0.0,0.0
0.190,0.0000,0.0000,0.0000,0.0,0.0,0.0,0.0,0.0,0.0,0.0,0.0,0.0,0.0,0.0,0.0,0.0,0.0,0.0
0.243,0.0000,0.0000,0.0000,0.0,0.0,0.0,0.0,0.0,0.0,0.0,0.0,0.0,0.0,0.0,0.0,0.0,0.0,0.0
0.296,0.0000,0.0000,0.0000,0.0,0.0,0.0,0.0,0.0,0.0,0.0,0.0,0.0,0.0,0.0,0.0,0.0,0.0,0.0
0.339,0.0000,0.0000,0.0000,0.0,0.0,0.0,0.0,0.0,0.0,0.0,0.0,0.0,0.0,0.0,0.0,0.0,0.0,0.0
0.392,0.0000,0.0000,0.0000,0.0,0.0,0.0,0.0,0.0,0.0,0.0,0.0,0.0,0.0,0.0,0.0,0.0,0.0,0.0
0.444,0.0000,0.0000,0.0000,0.0,0.0,0.0,0.0,0.0,0.0,0.0,0.0,0.0,0.0,0.0,0.0,0.0,0.0,0.0
0.497,0.0000,0.0000,0.0000,0.0,0.0,0.0,0.0,0.0,0.0,0.0,0.0,0.0,0.0,0.0,0.0,0.0,0.0,0.0
0.539,0.0000,0.0000,0.0000,0.0,0.0,0.0,0.0,0.0,0.0,0.0,0.0,0.0,0.0,0.0,0.0,0.0,0.0,0.0
0.591,0.0000,0.0000,0.0000,0.0,0.0,0.0,0.0,0.0,0.0,0.0,0.0,0.0,0.0,0.0,0.0,0.0,0.0,0.0
0.644,0.0000,0.0000,0.0000,0.0,0.0,0.0,0.0,0.0,0.0,0.0,0.0,0.0,0.0,0.0,0.0,0.0,0.0,0.0
0.696,0.0000,0.0000,0.0000,0.0,0.0,0.0,0.0,0.0,0.0,0.0,0.0,0.0,0.0,0.0,0.0,0.0,0.0,0.0
0.739,0.0000,0.0000,0.0000,0.0,0.0,0.0,0.0,0.0,0.0,0.0,0.0,0.0,0.0,0.0,0.0,0.0,0.0,0.0
0.792,0.0000,0.0000,0.0000,0.0,0.0,0.0,0.0,0.0,0.0,0.0,0.0,0.0,0.0,0.0,0.0,0.0,0.0,0.0
0.845,0.0000,0.0000,0.0000,0.0,0.0,0.0,0.0,0.0,0.0,0.0,0.0,0.0,0.0,0.0,0.0,0.0,0.0,0.0
0.888,0.0000,0.0000,0.0000,0.0,0.0,0.0,0.0,0.0,0.0,0.0,0.0,0.0,0.0,0.0,0.0,0.0,0.0,0.0
0.941,0.0000,0.0000,0.0000,0.0,0.0,0.0,0.0,0.0,0.0,0.0,0.0,0.0,0.0,0.0,0.0,0.0,0.0,0.0
0.993,0.0000,0.0000,0.0000,0.0,0.0,0.0,0.0,0.0,0.0,0.0,0.0,0.0,0.0,0.0,0.0,0.0,0.0,0.0
1.047,0.0000,0.0000,0.0000,0.0,0.0,0.0,0.0,0.0,0.0,0.0,0.0,0.0,0.0,0.0,0.0,0.0,0.0,0.0
1.090,0.0000,0.0000,0.0000,0.0,0.0,0.0,0.0,0.0,0.0,0.0,0.0,0.0,0.0,0.0,0.0,0.0,0.0,0.0
1.142,0.0000,0.0000,0.0000,0.0,0.0,0.0,0.0,0.0,0.0,0.0,0.0,0.0,0.0,0.0,0.0,0.0,0.0,0.0
1.195,0.0000,0.0000,0.0000,0.0,0.0,0.0,0.0,0.0,0.0,0.0,0.0,0.0,0.0,0.0,0.0,0.0,0.0,0.0
1.247,0.0000,0.0000,0.0000,0.0,0.0,0.0,0.0,0.0,0.0,0.0,0.0,0.0,0.0,0.0,0.0,0.0,0.0,0.0
1.300,0.0000,0.0000,0.0000,0.0,0.0,0.0,0.0,0.0,0.0,0.0,0.0,0.0,0.0,0.0,0.0,0.0,0.0,0.0
1.342,0.0000,0.0000,0.0000,0.0,0.0,0.0,0.0,0.0,0.0,0.0,0.0,0.0,0.0,0.0,0.0,0.0,0.0,0.0
1.394,0.0000,0.0000,0.0000,0.0,0.0,0.0,0.0,0.0,0.0,0.0,0.0,0.0,0.0,0.0,0.0,0.0,0.0,0.0
1.473,0.0000,0.0000,0.0000,0.0,0.0,0.0,0.0,0.0,0.0,0.0,0.0,0.0,0.0,0.0,0.0,0.0,0.0,0.0
1.514,0.0000,0.0000,0.0000,0.0,0.0,0.0,0.0,0.0,0.0,0.0,0.0,0.0,0.0,0.0,0.0,0.0,0.0,0.0
1.542,0.0000,0.0000,0.0000,0.0,0.0,0.0,0.0,0.0,0.0,0.0,0.0,0.0,0.0,0.0,0.0,0.0,0.0,0.0
1.585,0.0000,0.0000,0.0000,0.0,0.0,0.0,0.0,0.0,0.0,0.0,0.0,0.0,0.0,0.0,0.0,0.0,0.0,0.0
1.639,0.0000,0.0000,0.0000,0.0,0.0,0.0,0.0,0.0,0.0,0.0,0.0,0.0,0.0,0.0,0.0,0.0,0.0,0.0
1.689,0.0000,0.0000,0.0000,0.0,0.0,0.0,0.0,0.0,0.0,0.0,0.0,0.0,0.0,0.0,0.0,0.0,0.0,0.0
1.737,0.0000,0.0000,0.0000,0.0,0.0,0.0,0.0,0.0,0.0,0.0,0.0,0.0,0.0,0.0,0.0,0.0,0.0,0.0
1.822,0.0000,0.0000,0.0000,0.0,0.0,0.0,0.0,0.0,0.0,0.0,0.0,0.0,0.0,0.0,0.0,0.0,0.0,0.0
1.838,0.0000,0.0000,0.0000,0.0,0.0,0.0,0.0,0.0,0.0,0.0,0.0,0.0,0.0,0.0,0.0,0.0,0.0,0.0
1.887,0.0000,0.0000,0.0000,0.0,0.0,0.0,0.0,0.0,0.0,0.0,0.0,0.0,0.0,0.0,0.0,0.0,0.0,0.0
1.938,0.0000,0.0000,0.0000,0.0,0.0,0.0,0.0,0.0,0.0,0.0,0.0,0.0,0.0,0.0,0.0,0.0,0.0,0.0
1.987,0.0000,0.0000,0.0000,0.0,0.0,0.0,0.0,0.0,0.0,0.0,0.0,0.0,0.0,0.0,0.0,0.0,0.0,0.0
2.037,0.0000,0.0000,0.0000,0.0,0.0,0.0,0.0,0.0,0.0,0.0,0.0,0.0,0.0,0.0,0.0,0.0,0.0,0.0
2.087,0.0000,0.0000,0.0000,0.0,0.0,0.0,0.0,0.0,0.0,0.0,0.0,0.0,0.0,0.0,0.0,0.0,0.0,0.0
2.137,0.0000,0.0000,0.0000,0.0,0.0,0.0,0.0,0.0,0.0,0.0,0.0,0.0,0.0,0.0,0.0,0.0,0.0,0.0
2.187,0.0000,0.0000,0.0000,0.0,0.0,0.0,0.0,0.0,0.0,0.0,0.0,0.0,0.0,0.0,0.0,0.0,0.0,0.0
2.237,0.0000,0.0000,0.0000,0.0,0.0,0.0,0.0,0.0,0.0,0.0,0.0,0.0,0.0,0.0,0.0,0.0,0.0,0.0
2.287,0.0000,0.0000,0.0000,0.0,0.0,0.0,0.0,0.0,0.0,0.0,0.0,0.0,0.0,0.0,0.0,0.0,0.0,0.0
2.337,0.0000,0.0000,0.0000,0.0,0.0,0.0,0.0,0.0,0.0,0.0,0.0,0.0,0.0,0.0,0.0,0.0,0.0,0.0
2.387,0.0000,0.0000,0.0000,0.0,0.0,0.0,0.0,0.0,0.0,0.0,0.0,0.0,0.0,0.0,0.0,0.0,0.0,0.0
2.437,0.0000,0.0000,0.0000,0.0,0.0,0.0,0.0,0.0,0.0,0.0,0.0,0.0,0.0,0.0,0.0,0.0,0.0,0.0
2.487,0.0000,0.0000,0.0000,0.0,0.0,0.0,0.0,0.0,0.0,0.0,0.0,0.0,0.0,0.0,0.0,0.0,0.0,0.0
2.537,0.0000,0.0000,0.0000,0.0,0.0,0.0,0.0,0.0,0.0,0.0,0.0,0.0,0.0,0.0,0.0,0.0,0.0,0.0
2.587,0.0000,0.0000,0.0000,0.0,0.0,0.0,0.0,0.0,0.0,0.0,0.0,0.0,0.0,0.0,0.0,0.0,0.0,0.0
2.637,0.0000,0.0000,0.0000,0.0,0.0,0.0,0.0,0.0,0.0,0.0,0.0,0.0,0.0,0.0,0.0,0.0,0.0,0.0
2.687,0.0000,0.0000,0.0000,0.0,0.0,0.0,0.0,0.0,0.0,0.0,0.0,0.0,0.0,0.0,0.0,0.0,0.0,0.0
2.737,0.0000,0.0000,0.0000,0.0,0.0,0.0,0.0,0.0,0.0,0.0,0.0,0.0,0.0,0.0,0.0,0.0,0.0,0.0
2.787,0.0000,0.0000,0.0000,0.0,0.0,0.0,0.0,0.0,0.0,0.0,0.0,0.0,0.0,0.0,0.0,0.0,0.0,0.0
2.837,0.0000,0.0000,0.0000,0.0,0.0,0.0,0.0,0.0,0.0,0.0,0.0,0.0,0.0,0.0,0.0,0.0,0.0,0.0
2.887,0.0000,0.0000,0.0000,0.0,0.0,0.0,0.0,0.0,0.0,0.0,0.0,0.0,0.0,0.0,0.0,0.0,0.0,0.0
2.937,0.0000,0.0000,0.0000,0.0,0.0,0.0,0.0,0.0,0.0,0.0,0.0,0.0,0.0,0.0,0.0,0.0,0.0,0.0
2.987,0.0000,0.0000,0.0000,0.0,0.0,0.0,0.0,0.0,0.0,0.0,0.0,0.0,0.0,0.0,0.0,0.0,0.0,0.0
3.037,0.0000,0.0000,0.0000,0.0,0.0,0.0,0.0,0.0,0.0,0.0,0.0,0.0,0.0,0.0,0.0,0.0,0.0,0.0
3.087,0.0000,0.0000,0.0000,0.0,0.0,0.0,0.0,0.0,0.0,0.0,0.0,0.0,0.0,0.0,0.0,0.0,0.0,0.0
3.137,0.0000,0.0000,0.0000,0.0,0.0,0.0,0.0,0.0,0.0,0.0,0.0,0.0,0.0,0.0,0.0,0.0,0.0,0.0
3.187,0.0000,0.0000,0.0000,0.0,0.0,0.0,0.0,0.0,0.0,0.0,0.0,0.0,0.0,0.0,0.0,0.0,0.0,0.0
3.237,0.0000,0.0000,0.0000,0.0,0.0,0.0,0.0,0.0,0.0,0.0,0.0,0.0,0.0,0.0,0.0,0.0,0.0,0.0
3.287,0.0000,0.0000,0.0000,0.0,0.0,0.0,0.0,0.0,0.0,0.0,0.0,0.0,0.0,0.0,0.0,0.0,0.0,0.0
3.337,0.0000,0.0000,0.0000,0.0,0.0,0.0,0.0,0.0,0.0,0.0,0.0,0.0,0.0,0.0,0.0,0.0,0.0,0.0
3.388,-0.0000,0.7000,0.4998,0.0,0.0,0.0,0.0,0.0,0.0,0.0,0.0,0.0,0.0,0.0,0.0,0.0,0.0,0.0
3.439,-0.0000,0.7000,0.4995,0.0,0.0,0.0,0.0,0.0,0.0,0.0,0.0,0.0,0.0,0.0,0.0,0.0,0.0,0.0
3.487,-0.0000,0.6999,0.4983,0.0,0.0,0.0,0.0,0.0,0.0,0.0,0.0,0.0,0.0,0.0,0.0,0.0,0.0,0.0
3.537,-0.0000,0.6999,0.4975,0.0,0.0,0.0,0.0,0.0,0.0,0.0,0.0,0.0,0.0,0.0,0.0,0.0,0.0,0.0
3.588,-0.0000,0.6998,0.4952,0.0,0.0,0.0,0.0,0.0,0.0,0.0,0.0,0.0,0.0,0.0,0.0,0.0,0.0,0.0
3.638,-0.0000,0.6998,0.4939,0.0,0.0,0.0,0.0,0.0,0.0,0.0,0.0,0.0,0.0,0.0,0.0,0.0,0.0,0.0
3.687,-0.0000,0.6997,0.4906,0.0,0.0,0.0,0.0,0.0,0.0,0.0,0.0,0.0,0.0,0.0,0.0,0.0,0.0,0.0
3.737,-0.0000,0.6997,0.4890,0.0,0.0,0.0,0.0,0.0,0.0,0.0,0.0,0.0,0.0,0.0,0.0,0.0,0.0,0.0
3.787,-0.0000,0.6996,0.4849,0.0,0.0,0.0,0.0,0.0,0.0,0.0,0.0,0.0,0.0,0.0,0.0,0.0,0.0,0.0
3.837,-0.0000,0.6996,0.4829,0.0,0.0,0.0,0.0,0.0,0.0,0.0,0.0,0.0,0.0,0.0,0.0,0.0,0.0,0.0
3.887,-0.0000,0.6996,0.4779,0.0,0.0,0.0,0.0,0.0,0.0,0.0,0.0,0.0,0.0,0.0,0.0,0.0,0.0,0.0
3.938,-0.0000,0.6996,0.4756,0.0,0.0,0.0,0.0,0.0,0.0,0.0,0.0,0.0,0.0,0.0,0.0,0.0,0.0,0.0
3.987,-0.0000,0.6996,0.4698,0.0,0.0,0.0,0.0,0.0,0.0,0.0,0.0,0.0,0.0,0.0,0.0,0.0,0.0,0.0
4.037,-0.0000,0.6996,0.4672,0.0,0.0,0.0,0.0,0.0,0.0,0.0,0.0,0.0,0.0,0.0,0.0,0.0,0.0,0.0
4.088,-0.0000,0.6996,0.4608,0.0,0.0,0.0,0.0,0.0,0.0,0.0,0.0,0.0,0.0,0.0,0.0,0.0,0.0,0.0
4.137,-0.0000,0.6996,0.4579,0.0,0.0,0.0,0.0,0.0,0.0,0.0,0.0,0.0,0.0,0.0,0.0,0.0,0.0,0.0
4.187,-0.0000,0.6996,0.4549,0.0,0.0,0.0,0.0,0.0,0.0,0.0,0.0,0.0,0.0,0.0,0.0,0.0,0.0,0.0
4.237,-0.0000,0.6997,0.4477,0.0,0.0,0.0,0.0,0.0,0.0,0.0,0.0,0.0,0.0,0.0,0.0,0.0,0.0,0.0
4.287,-0.0000,0.6997,0.4401,0.0,0.0,0.0,0.0,0.0,0.0,0.0,0.0,0.0,0.0,0.0,0.0,0.0,0.0,0.0
4.337,-0.0000,0.6998,0.4367,0.0,0.0,0.0,0.0,0.0,0.0,0.0,0.0,0.0,0.0,0.0,0.0,0.0,0.0,0.0
4.387,-0.0000,0.6998,0.4285,0.0,0.0,0.0,0.0,0.0,0.0,0.0,0.0,0.0,0.0,0.0,0.0,0.0,0.0,0.0
4.437,-0.0000,0.6999,0.4249,0.0,0.0,0.0,0.0,0.0,0.0,0.0,0.0,0.0,0.0,0.0,0.0,0.0,0.0,0.0
4.487,-0.0000,0.7000,0.4163,0.0,0.0,0.0,0.0,0.0,0.0,0.0,0.0,0.0,0.0,0.0,0.0,0.0,0.0,0.0
4.537,-0.0000,0.7000,0.4125,0.0,0.0,0.0,0.0,0.0,0.0,0.0,0.0,0.0,0.0,0.0,0.0,0.0,0.0,0.0
4.587,-0.0000,0.7001,0.4034,0.0,0.0,0.0,0.0,0.0,0.0,0.0,0.0,0.0,0.0,0.0,0.0,0.0,0.0,0.0
4.637,-0.0000,0.7001,0.3994,0.0,0.0,0.0,0.0,0.0,0.0,0.0,0.0,0.0,0.0,0.0,0.0,0.0,0.0,0.0
4.687,-0.0000,0.7002,0.3900,0.0,0.0,0.0,0.0,0.0,0.0,0.0,0.0,0.0,0.0,0.0,0.0,0.0,0.0,0.0
4.737,-0.0000,0.7003,0.3858,0.0,0.0,0.0,0.0,0.0,0.0,0.0,0.0,0.0,0.0,0.0,0.0,0.0,0.0,0.0
4.787,0.0000,0.7004,0.3760,0.0,0.0,0.0,0.0,0.0,0.0,0.0,0.0,0.0,0.0,0.0,0.0,0.0,0.0,0.0
4.837,0.0000,0.7004,0.3717,0.0,0.0,0.0,0.0,0.0,0.0,0.0,0.0,0.0,0.0,0.0,0.0,0.0,0.0,0.0
4.887,0.0000,0.7005,0.3615,0.0,0.0,0.0,0.0,0.0,0.0,0.0,0.0,0.0,0.0,0.0,0.0,0.0,0.0,0.0
4.937,0.0000,0.7005,0.3571,0.0,0.0,0.0,0.0,0.0,0.0,0.0,0.0,0.0,0.0,0.0,0.0,0.0,0.0,0.0
4.987,0.0000,0.7006,0.3466,0.0,0.0,0.0,0.0,0.0,0.0,0.0,0.0,0.0,0.0,0.0,0.0,0.0,0.0,0.0
5.037,0.0000,0.7006,0.3420,0.0,0.0,0.0,0.0,0.0,0.0,0.0,0.0,0.0,0.0,0.0,0.0,0.0,0.0,0.0
5.087,0.0000,0.7006,0.3374,0.0,0.0,0.0,0.0,0.0,0.0,0.0,0.0,0.0,0.0,0.0,0.0,0.0,0.0,0.0
5.138,0.0000,0.7006,0.3266,0.0,0.0,0.0,0.0,0.0,0.0,0.0,0.0,0.0,0.0,0.0,0.0,0.0,0.0,0.0
5.187,0.0000,0.7006,0.3155,0.0,0.0,0.0,0.0,0.0,0.0,0.0,0.0,0.0,0.0,0.0,0.0,0.0,0.0,0.0
5.237,0.0000,0.7006,0.3108,0.0,0.0,0.0,0.0,0.0,0.0,0.0,0.0,0.0,0.0,0.0,0.0,0.0,0.0,0.0
5.287,0.0000,0.7006,0.2995,0.0,0.0,0.0,0.0,0.0,0.0,0.0,0.0,0.0,0.0,0.0,0.0,0.0,0.0,0.0
5.337,0.0000,0.7006,0.2946,0.0,0.0,0.0,0.0,0.0,0.0,0.0,0.0,0.0,0.0,0.0,0.0,0.0,0.0,0.0
5.387,0.0000,0.7006,0.2831,0.0,0.0,0.0,0.0,0.0,0.0,0.0,0.0,0.0,0.0,0.0,0.0,0.0,0.0,0.0
5.437,0.0000,0.7005,0.2781,0.0,0.0,0.0,0.0,0.0,0.0,0.0,0.0,0.0,0.0,0.0,0.0,0.0,0.0,0.0
5.488,0.0000,0.7004,0.2664,0.0,0.0,0.0,0.0,0.0,0.0,0.0,0.0,0.0,0.0,0.0,0.0,0.0,0.0,0.0
5.537,0.0000,0.7004,0.2613,0.0,0.0,0.0,0.0,0.0,0.0,0.0,0.0,0.0,0.0,0.0,0.0,0.0,0.0,0.0
5.587,0.0000,0.7003,0.2494,0.0,0.0,0.0,0.0,0.0,0.0,0.0,0.0,0.0,0.0,0.0,0.0,0.0,0.0,0.0
5.637,0.0000,0.7002,0.2442,0.0,0.0,0.0,0.0,0.0,0.0,0.0,0.0,0.0,0.0,0.0,0.0,0.0,0.0,0.0
5.687,0.0000,0.7001,0.2321,0.0,0.0,0.0,0.0,0.0,0.0,0.0,0.0,0.0,0.0,0.0,0.0,0.0,0.0,0.0
5.737,0.0000,0.7000,0.2269,0.0,0.0,0.0,0.0,0.0,0.0,0.0,0.0,0.0,0.0,0.0,0.0,0.0,0.0,0.0
5.787,0.0000,0.6999,0.2147,0.0,0.0,0.0,0.0,0.0,0.0,0.0,0.0,0.0,0.0,0.0,0.0,0.0,0.0,0.0
5.837,0.0000,0.6998,0.2096,0.0,0.0,0.0,0.0,0.0,0.0,0.0,0.0,0.0,0.0,0.0,0.0,0.0,0.0,0.0
5.887,0.0000,0.6997,0.1981,0.0,0.0,0.0,0.0,0.0,0.0,0.0,0.0,0.0,0.0,0.0,0.0,0.0,0.0,0.0
5.937,0.0000,0.6997,0.1935,0.0,0.0,0.0,0.0,0.0,0.0,0.0,0.0,0.0,0.0,0.0,0.0,0.0,0.0,0.0
5.987,0.0000,0.6996,0.1837,0.0,0.0,0.0,0.0,0.0,0.0,0.0,0.0,0.0,0.0,0.0,0.0,0.0,0.0,0.0
6.037,0.0000,0.6996,0.1801,0.0,0.0,0.0,0.0,0.0,0.0,0.0,0.0,0.0,0.0,0.0,0.0,0.0,0.0,0.0
6.088,0.0000,0.6995,0.1768,0.0,0.0,0.0,0.0,0.0,0.0,0.0,0.0,0.0,0.0,0.0,0.0,0.0,0.0,0.0
6.138,0.0000,0.6995,0.1706,0.0,0.0,0.0,0.0,0.0,0.0,0.0,0.0,0.0,0.0,0.0,0.0,0.0,0.0,0.0
6.187,0.0000,0.6995,0.1669,0.0,0.0,0.0,0.0,0.0,0.0,0.0,0.0,0.0,0.0,0.0,0.0,0.0,0.0,0.0
6.237,0.0000,0.6995,0.1661,0.0,0.0,0.0,0.0,0.0,0.0,0.0,0.0,0.0,0.0,0.0,0.0,0.0,0.0,0.0
6.287,0.0000,0.6994,0.1660,0.0,0.0,0.0,0.0,0.0,0.0,0.0,0.0,0.0,0.0,0.0,0.0,0.0,0.0,0.0
6.337,0.0000,0.6994,0.1668,0.0,0.0,0.0,0.0,0.0,0.0,0.0,0.0,0.0,0.0,0.0,0.0,0.0,0.0,0.0
6.387,0.0000,0.6994,0.1703,0.0,0.0,0.0,0.0,0.0,0.0,0.0,0.0,0.0,0.0,0.0,0.0,0.0,0.0,0.0
6.437,0.0001,0.6994,0.1724,0.0,0.0,0.0,0.0,0.0,0.0,0.0,0.0,0.0,0.0,0.0,0.0,0.0,0.0,0.0
6.487,0.0001,0.6993,0.1788,0.0,0.0,0.0,0.0,0.0,0.0,0.0,0.0,0.0,0.0,0.0,0.0,0.0,0.0,0.0
6.537,0.0001,0.6993,0.1820,0.0,0.0,0.0,0.0,0.0,0.0,0.0,0.0,0.0,0.0,0.0,0.0,0.0,0.0,0.0
6.587,0.0001,0.6992,0.1903,0.0,0.0,0.0,0.0,0.0,0.0,0.0,0.0,0.0,0.0,0.0,0.0,0.0,0.0,0.0
6.638,0.0001,0.6991,0.1941,0.0,0.0,0.0,0.0,0.0,0.0,0.0,0.0,0.0,0.0,0.0,0.0,0.0,0.0,0.0
6.688,0.0001,0.6990,0.2032,0.0,0.0,0.0,0.0,0.0,0.0,0.0,0.0,0.0,0.0,0.0,0.0,0.0,0.0,0.0
6.737,0.0001,0.6989,0.2071,0.0,0.0,0.0,0.0,0.0,0.0,0.0,0.0,0.0,0.0,0.0,0.0,0.0,0.0,0.0
6.787,0.0001,0.6987,0.2160,0.0,0.0,0.0,0.0,0.0,0.0,0.0,0.0,0.0,0.0,0.0,0.0,0.0,0.0,0.0
6.837,0.0001,0.6986,0.2196,0.0,0.0,0.0,0.0,0.0,0.0,0.0,0.0,0.0,0.0,0.0,0.0,0.0,0.0,0.0
6.887,0.0001,0.6984,0.2230,0.0,0.0,0.0,0.0,0.0,0.0,0.0,0.0,0.0,0.0,0.0,0.0,0.0,0.0,0.0
6.937,0.0000,0.6982,0.2303,0.0,0.0,0.0,0.0,0.0,0.0,0.0,0.0,0.0,0.0,0.0,0.0,0.0,0.0,0.0
6.987,0.0000,0.6980,0.2331,0.0,0.0,0.0,0.0,0.0,0.0,0.0,0.0,0.0,0.0,0.0,0.0,0.0,0.0,0.0
7.037,0.0000,0.6977,0.2389,0.0,0.0,0.0,0.0,0.0,0.0,0.0,0.0,0.0,0.0,0.0,0.0,0.0,0.0,0.0
7.087,0.0000,0.6974,0.2435,0.0,0.0,0.0,0.0,0.0,0.0,0.0,0.0,0.0,0.0,0.0,0.0,0.0,0.0,0.0
7.137,0.0000,0.6973,0.2451,0.0,0.0,0.0,0.0,0.0,0.0,0.0,0.0,0.0,0.0,0.0,0.0,0.0,0.0,0.0
7.187,0.0000,0.6971,0.2483,0.0,0.0,0.0,0.0,0.0,0.0,0.0,0.0,0.0,0.0,0.0,0.0,0.0,0.0,0.0
7.241,0.0000,0.6970,0.2494,0.0,0.0,0.0,0.0,0.0,0.0,0.0,0.0,0.0,0.0,0.0,0.0,0.0,0.0,0.0
7.287,0.0000,0.6968,0.2512,0.0,0.0,0.0,0.0,0.0,0.0,0.0,0.0,0.0,0.0,0.0,0.0,0.0,0.0,0.0
7.338,0.0000,0.6968,0.2518,0.0,0.0,0.0,0.0,0.0,0.0,0.0,0.0,0.0,0.0,0.0,0.0,0.0,0.0,0.0
7.387,0.0000,0.6967,0.2524,0.0,0.0,0.0,0.0,0.0,0.0,0.0,0.0,0.0,0.0,0.0,0.0,0.0,0.0,0.0
7.437,0.0000,0.6966,0.2524,0.0,0.0,0.0,0.0,0.0,0.0,0.0,0.0,0.0,0.0,0.0,0.0,0.0,0.0,0.0
7.498,0.0000,0.6966,0.2520,0.0,0.0,0.0,0.0,0.0,0.0,0.0,0.0,0.0,0.0,0.0,0.0,0.0,0.0,0.0
7.537,0.0000,0.6966,0.2515,0.0,0.0,0.0,0.0,0.0,0.0,0.0,0.0,0.0,0.0,0.0,0.0,0.0,0.0,0.0
7.587,0.0000,0.6965,0.2500,0.0,0.0,0.0,0.0,0.0,0.0,0.0,0.0,0.0,0.0,0.0,0.0,0.0,0.0,0.0
7.637,0.0000,0.6966,0.2492,0.0,0.0,0.0,0.0,0.0,0.0,0.0,0.0,0.0,0.0,0.0,0.0,0.0,0.0,0.0
7.687,0.0000,0.6966,0.2467,0.0,0.0,0.0,0.0,0.0,0.0,0.0,0.0,0.0,0.0,0.0,0.0,0.0,0.0,0.0
7.737,0.0000,0.6966,0.2467,0.0,0.0,0.0,0.0,0.0,0.0,0.0,0.0,0.0,0.0,0.0,0.0,0.0,0.0,0.0
7.787,0.0000,0.6966,0.2467,0.0,0.0,0.0,0.0,0.0,0.0,0.0,0.0,0.0,0.0,0.0,0.0,0.0,0.0,0.0
7.835,0.0000,0.6966,0.2467,0.0,0.0,0.0,0.0,0.0,0.0,0.0,0.0,0.0,0.0,0.0,0.0,0.0,0.0,0.0
7.887,0.0000,0.6966,0.2467,0.0,0.0,0.0,0.0,0.0,0.0,0.0,0.0,0.0,0.0,0.0,0.0,0.0,0.0,0.0
7.936,0.0000,0.6966,0.2467,0.0,0.0,0.0,0.0,0.0,0.0,0.0,0.0,0.0,0.0,0.0,0.0,0.0,0.0,0.0
7.986,0.0000,0.6966,0.2467,0.0,0.0,0.0,0.0,0.0,0.0,0.0,0.0,0.0,0.0,0.0,0.0,0.0,0.0,0.0
8.036,0.0000,0.6966,0.2467,0.0,0.0,0.0,0.0,0.0,0.0,0.0,0.0,0.0,0.0,0.0,0.0,0.0,0.0,0.0
8.086,0.0000,0.6966,0.2467,0.0,0.0,0.0,0.0,0.0,0.0,0.0,0.0,0.0,0.0,0.0,0.0,0.0,0.0,0.0
8.136,0.0000,0.6966,0.2467,0.0,0.0,0.0,0.0,0.0,0.0,0.0,0.0,0.0,0.0,0.0,0.0,0.0,0.0,0.0
8.185,0.0000,0.6966,0.2467,0.0,0.0,0.0,0.0,0.0,0.0,0.0,0.0,0.0,0.0,0.0,0.0,0.0,0.0,0.0
8.236,0.0000,0.6966,0.2467,0.0,0.0,0.0,0.0,0.0,0.0,0.0,0.0,0.0,0.0,0.0,0.0,0.0,0.0,0.0
8.287,0.0000,0.6966,0.2467,0.0,0.0,0.0,0.0,0.0,0.0,0.0,0.0,0.0,0.0,0.0,0.0,0.0,0.0,0.0
8.337,0.0000,0.6966,0.2467,0.0,0.0,0.0,0.0,0.0,0.0,0.0,0.0,0.0,0.0,0.0,0.0,0.0,0.0,0.0
8.387,0.0000,0.6966,0.2467,0.0,0.0,0.0,0.0,0.0,0.0,0.0,0.0,0.0,0.0,0.0,0.0,0.0,0.0,0.0
8.436,0.0000,0.6966,0.2467,0.0,0.0,0.0,0.0,0.0,0.0,0.0,0.0,0.0,0.0,0.0,0.0,0.0,0.0,0.0
8.486,0.0001,0.6982,0.1975,0.0,0.0,0.0,0.0,0.0,0.0,0.0,0.0,0.0,0.0,0.0,0.0,0.0,0.0,0.0
8.536,0.0001,0.6985,0.1940,0.0,0.0,0.0,0.0,0.0,0.0,0.0,0.0,0.0,0.0,0.0,0.0,0.0,0.0,0.0
8.586,0.0001,0.6986,0.1927,0.0,0.0,0.0,0.0,0.0,0.0,0.0,0.0,0.0,0.0,0.0,0.0,0.0,0.0,0.0
8.637,0.0001,0.6988,0.1906,0.0,0.0,0.0,0.0,0.0,0.0,0.0,0.0,0.0,0.0,0.0,0.0,0.0,0.0,0.0
8.687,0.0001,0.6989,0.1900,0.0,0.0,0.0,0.0,0.0,0.0,0.0,0.0,0.0,0.0,0.0,0.0,0.0,0.0,0.0
8.737,0.0001,0.6991,0.1894,0.0,0.0,0.0,0.0,0.0,0.0,0.0,0.0,0.0,0.0,0.0,0.0,0.0,0.0,0.0
8.786,0.0001,0.6991,0.1895,0.0,0.0,0.0,0.0,0.0,0.0,0.0,0.0,0.0,0.0,0.0,0.0,0.0,0.0,0.0
8.837,0.0001,0.6992,0.1897,0.0,0.0,0.0,0.0,0.0,0.0,0.0,0.0,0.0,0.0,0.0,0.0,0.0,0.0,0.0
8.885,0.0001,0.6993,0.1911,0.0,0.0,0.0,0.0,0.0,0.0,0.0,0.0,0.0,0.0,0.0,0.0,0.0,0.0,0.0
8.936,0.0001,0.6994,0.1920,0.0,0.0,0.0,0.0,0.0,0.0,0.0,0.0,0.0,0.0,0.0,0.0,0.0,0.0,0.0
8.987,0.0001,0.6994,0.1946,0.0,0.0,0.0,0.0,0.0,0.0,0.0,0.0,0.0,0.0,0.0,0.0,0.0,0.0,0.0
9.036,0.0001,0.6994,0.1979,0.0,0.0,0.0,0.0,0.0,0.0,0.0,0.0,0.0,0.0,0.0,0.0,0.0,0.0,0.0
9.086,0.0001,0.6994,0.1994,0.0,0.0,0.0,0.0,0.0,0.0,0.0,0.0,0.0,0.0,0.0,0.0,0.0,0.0,0.0
9.137,0.0001,0.6994,0.2033,0.0,0.0,0.0,0.0,0.0,0.0,0.0,0.0,0.0,0.0,0.0,0.0,0.0,0.0,0.0
9.187,0.0001,0.6993,0.2050,0.0,0.0,0.0,0.0,0.0,0.0,0.0,0.0,0.0,0.0,0.0,0.0,0.0,0.0,0.0
9.238,0.0001,0.6991,0.2106,0.0,0.0,0.0,0.0,0.0,0.0,0.0,0.0,0.0,0.0,0.0,0.0,0.0,0.0,0.0
9.287,0.0001,0.6990,0.2144,0.0,0.0,0.0,0.0,0.0,0.0,0.0,0.0,0.0,0.0,0.0,0.0,0.0,0.0,0.0
9.337,0.0001,0.6989,0.2159,0.0,0.0,0.0,0.0,0.0,0.0,0.0,0.0,0.0,0.0,0.0,0.0,0.0,0.0,0.0
9.388,0.0001,0.6987,0.2190,0.0,0.0,0.0,0.0,0.0,0.0,0.0,0.0,0.0,0.0,0.0,0.0,0.0,0.0,0.0
9.437,0.0001,0.6986,0.2202,0.0,0.0,0.0,0.0,0.0,0.0,0.0,0.0,0.0,0.0,0.0,0.0,0.0,0.0,0.0
9.487,0.0001,0.6984,0.2225,0.0,0.0,0.0,0.0,0.0,0.0,0.0,0.0,0.0,0.0,0.0,0.0,0.0,0.0,0.0
9.537,0.0001,0.6983,0.2233,0.0,0.0,0.0,0.0,0.0,0.0,0.0,0.0,0.0,0.0,0.0,0.0,0.0,0.0,0.0
9.587,0.0001,0.6981,0.2247,0.0,0.0,0.0,0.0,0.0,0.0,0.0,0.0,0.0,0.0,0.0,0.0,0.0,0.0,0.0
9.637,0.0001,0.6980,0.2251,0.0,0.0,0.0,0.0,0.0,0.0,0.0,0.0,0.0,0.0,0.0,0.0,0.0,0.0,0.0
9.687,0.0001,0.6979,0.2254,0.0,0.0,0.0,0.0,0.0,0.0,0.0,0.0,0.0,0.0,0.0,0.0,0.0,0.0,0.0
9.737,0.0001,0.6978,0.2257,0.0,0.0,0.0,0.0,0.0,0.0,0.0,0.0,0.0,0.0,0.0,0.0,0.0,0.0,0.0
9.787,0.0001,0.6976,0.2253,0.0,0.0,0.0,0.0,0.0,0.0,0.0,0.0,0.0,0.0,0.0,0.0,0.0,0.0,0.0
9.837,0.0001,0.6976,0.2250,0.0,0.0,0.0,0.0,0.0,0.0,0.0,0.0,0.0,0.0,0.0,0.0,0.0,0.0,0.0
9.887,0.0001,0.6975,0.2238,0.0,0.0,0.0,0.0,0.0,0.0,0.0,0.0,0.0,0.0,0.0,0.0,0.0,0.0,0.0
9.938,0.0001,0.6975,0.2232,0.0,0.0,0.0,0.0,0.0,0.0,0.0,0.0,0.0,0.0,0.0,0.0,0.0,0.0,0.0
9.987,0.0001,0.6974,0.2213,0.0,0.0,0.0,0.0,0.0,0.0,0.0,0.0,0.0,0.0,0.0,0.0,0.0,0.0,0.0
10.037,0.0001,0.6974,0.2204,0.0,0.0,0.0,0.0,0.0,0.0,0.0,0.0,0.0,0.0,0.0,0.0,0.0,0.0,0.0
10.087,0.0001,0.6974,0.2181,0.0,0.0,0.0,0.0,0.0,0.0,0.0,0.0,0.0,0.0,0.0,0.0,0.0,0.0,0.0
10.137,0.0001,0.6975,0.2170,0.0,0.0,0.0,0.0,0.0,0.0,0.0,0.0,0.0,0.0,0.0,0.0,0.0,0.0,0.0
10.187,0.0001,0.6975,0.2144,0.0,0.0,0.0,0.0,0.0,0.0,0.0,0.0,0.0,0.0,0.0,0.0,0.0,0.0,0.0
10.237,0.0001,0.6975,0.2132,0.0,0.0,0.0,0.0,0.0,0.0,0.0,0.0,0.0,0.0,0.0,0.0,0.0,0.0,0.0
10.287,0.0001,0.6976,0.2106,0.0,0.0,0.0,0.0,0.0,0.0,0.0,0.0,0.0,0.0,0.0,0.0,0.0,0.0,0.0
10.338,0.0001,0.6977,0.2094,0.0,0.0,0.0,0.0,0.0,0.0,0.0,0.0,0.0,0.0,0.0,0.0,0.0,0.0,0.0
10.387,0.0001,0.6978,0.2069,0.0,0.0,0.0,0.0,0.0,0.0,0.0,0.0,0.0,0.0,0.0,0.0,0.0,0.0,0.0
10.438,0.0001,0.6978,0.2059,0.0,0.0,0.0,0.0,0.0,0.0,0.0,0.0,0.0,0.0,0.0,0.0,0.0,0.0,0.0
10.487,0.0001,0.6980,0.2038,0.0,0.0,0.0,0.0,0.0,0.0,0.0,0.0,0.0,0.0,0.0,0.0,0.0,0.0,0.0
10.537,0.0001,0.6980,0.2030,0.0,0.0,0.0,0.0,0.0,0.0,0.0,0.0,0.0,0.0,0.0,0.0,0.0,0.0,0.0
10.588,0.0001,0.6981,0.2023,0.0,0.0,0.0,0.0,0.0,0.0,0.0,0.0,0.0,0.0,0.0,0.0,0.0,0.0,0.0
10.638,0.0001,0.6983,0.2010,0.0,0.0,0.0,0.0,0.0,0.0,0.0,0.0,0.0,0.0,0.0,0.0,0.0,0.0,0.0
10.687,0.0001,0.6984,0.2001,0.0,0.0,0.0,0.0,0.0,0.0,0.0,0.0,0.0,0.0,0.0,0.0,0.0,0.0,0.0
10.737,0.0001,0.6985,0.1999,0.0,0.0,0.0,0.0,0.0,0.0,0.0,0.0,0.0,0.0,0.0,0.0,0.0,0.0,0.0
10.787,0.0001,0.6986,0.1998,0.0,0.0,0.0,0.0,0.0,0.0,0.0,0.0,0.0,0.0,0.0,0.0,0.0,0.0,0.0
10.837,0.0001,0.6986,0.1999,0.0,0.0,0.0,0.0,0.0,0.0,0.0,0.0,0.0,0.0,0.0,0.0,0.0,0.0,0.0
10.887,0.0001,0.6987,0.2005,0.0,0.0,0.0,0.0,0.0,0.0,0.0,0.0,0.0,0.0,0.0,0.0,0.0,0.0,0.0
10.937,0.0001,0.6988,0.2008,0.0,0.0,0.0,0.0,0.0,0.0,0.0,0.0,0.0,0.0,0.0,0.0,0.0,0.0,0.0
10.988,0.0001,0.6989,0.2020,0.0,0.0,0.0,0.0,0.0,0.0,0.0,0.0,0.0,0.0,0.0,0.0,0.0,0.0,0.0
11.039,0.0001,0.6989,0.2026,0.0,0.0,0.0,0.0,0.0,0.0,0.0,0.0,0.0,0.0,0.0,0.0,0.0,0.0,0.0
11.087,0.0001,0.6989,0.2042,0.0,0.0,0.0,0.0,0.0,0.0,0.0,0.0,0.0,0.0,0.0,0.0,0.0,0.0,0.0
11.137,0.0001,0.6989,0.2050,0.0,0.0,0.0,0.0,0.0,0.0,0.0,0.0,0.0,0.0,0.0,0.0,0.0,0.0,0.0
11.187,0.0001,0.6989,0.2068,0.0,0.0,0.0,0.0,0.0,0.0,0.0,0.0,0.0,0.0,0.0,0.0,0.0,0.0,0.0
11.237,0.0001,0.6989,0.2077,0.0,0.0,0.0,0.0,0.0,0.0,0.0,0.0,0.0,0.0,0.0,0.0,0.0,0.0,0.0
11.287,0.0001,0.6989,0.2095,0.0,0.0,0.0,0.0,0.0,0.0,0.0,0.0,0.0,0.0,0.0,0.0,0.0,0.0,0.0
11.337,0.0001,0.6988,0.2103,0.0,0.0,0.0,0.0,0.0,0.0,0.0,0.0,0.0,0.0,0.0,0.0,0.0,0.0,0.0
11.388,0.0001,0.6988,0.2121,0.0,0.0,0.0,0.0,0.0,0.0,0.0,0.0,0.0,0.0,0.0,0.0,0.0,0.0,0.0
11.437,0.0001,0.6987,0.2128,0.0,0.0,0.0,0.0,0.0,0.0,0.0,0.0,0.0,0.0,0.0,0.0,0.0,0.0,0.0
11.488,0.0001,0.6987,0.2135,0.0,0.0,0.0,0.0,0.0,0.0,0.0,0.0,0.0,0.0,0.0,0.0,0.0,0.0,0.0
11.538,0.0001,0.6986,0.2148,0.0,0.0,0.0,0.0,0.0,0.0,0.0,0.0,0.0,0.0,0.0,0.0,0.0,0.0,0.0
11.588,0.0001,0.6985,0.2159,0.0,0.0,0.0,0.0,0.0,0.0,0.0,0.0,0.0,0.0,0.0,0.0,0.0,0.0,0.0
11.637,0.0001,0.6985,0.2163,0.0,0.0,0.0,0.0,0.0,0.0,0.0,0.0,0.0,0.0,0.0,0.0,0.0,0.0,0.0
11.687,0.0001,0.6984,0.2169,0.0,0.0,0.0,0.0,0.0,0.0,0.0,0.0,0.0,0.0,0.0,0.0,0.0,0.0,0.0
11.737,0.0001,0.6983,0.2170,0.0,0.0,0.0,0.0,0.0,0.0,0.0,0.0,0.0,0.0,0.0,0.0,0.0,0.0,0.0
11.787,0.0001,0.6982,0.2172,0.0,0.0,0.0,0.0,0.0,0.0,0.0,0.0,0.0,0.0,0.0,0.0,0.0,0.0,0.0
11.837,0.0001,0.6982,0.2171,0.0,0.0,0.0,0.0,0.0,0.0,0.0,0.0,0.0,0.0,0.0,0.0,0.0,0.0,0.0
11.887,0.0001,0.6981,0.2168,0.0,0.0,0.0,0.0,0.0,0.0,0.0,0.0,0.0,0.0,0.0,0.0,0.0,0.0,0.0
11.938,0.0001,0.6981,0.2166,0.0,0.0,0.0,0.0,0.0,0.0,0.0,0.0,0.0,0.0,0.0,0.0,0.0,0.0,0.0
11.985,0.0001,0.6981,0.2166,0.0,0.0,0.0,0.0,0.0,0.0,0.0,0.0,0.0,0.0,0.0,0.0,0.0,0.0,0.0
12.036,0.0001,0.6980,0.2159,0.0,0.0,0.0,0.0,0.0,0.0,0.0,0.0,0.0,0.0,0.0,0.0,0.0,0.0,0.0
12.086,0.0001,0.6980,0.2155,0.0,0.0,0.0,0.0,0.0,0.0,0.0,0.0,0.0,0.0,0.0,0.0,0.0,0.0,0.0
12.136,0.0001,0.6980,0.2145,0.0,0.0,0.0,0.0,0.0,0.0,0.0,0.0,0.0,0.0,0.0,0.0,0.0,0.0,0.0
12.185,0.0001,0.6980,0.2140,0.0,0.0,0.0,0.0,0.0,0.0,0.0,0.0,0.0,0.0,0.0,0.0,0.0,0.0,0.0
12.236,0.0001,0.6980,0.2128,0.0,0.0,0.0,0.0,0.0,0.0,0.0,0.0,0.0,0.0,0.0,0.0,0.0,0.0,0.0
12.286,0.0001,0.6980,0.2122,0.0,0.0,0.0,0.0,0.0,0.0,0.0,0.0,0.0,0.0,0.0,0.0,0.0,0.0,0.0
12.336,0.0001,0.6980,0.2117,0.0,0.0,0.0,0.0,0.0,0.0,0.0,0.0,0.0,0.0,0.0,0.0,0.0,0.0,0.0
12.385,0.0001,0.6980,0.2104,0.0,0.0,0.0,0.0,0.0,0.0,0.0,0.0,0.0,0.0,0.0,0.0,0.0,0.0,0.0
12.436,0.0001,0.6981,0.2091,0.0,0.0,0.0,0.0,0.0,0.0,0.0,0.0,0.0,0.0,0.0,0.0,0.0,0.0,0.0
12.486,0.0001,0.6981,0.2086,0.0,0.0,0.0,0.0,0.0,0.0,0.0,0.0,0.0,0.0,0.0,0.0,0.0,0.0,0.0
12.535,0.0001,0.6981,0.2075,0.0,0.0,0.0,0.0,0.0,0.0,0.0,0.0,0.0,0.0,0.0,0.0,0.0,0.0,0.0
12.586,0.0001,0.6982,0.2070,0.0,0.0,0.0,0.0,0.0,0.0,0.0,0.0,0.0,0.0,0.0,0.0,0.0,0.0,0.0
12.637,0.0001,0.6982,0.2062,0.0,0.0,0.0,0.0,0.0,0.0,0.0,0.0,0.0,0.0,0.0,0.0,0.0,0.0,0.0
12.686,0.0001,0.6983,0.2058,0.0,0.0,0.0,0.0,0.0,0.0,0.0,0.0,0.0,0.0,0.0,0.0,0.0,0.0,0.0
12.736,0.0001,0.6983,0.2053,0.0,0.0,0.0,0.0,0.0,0.0,0.0,0.0,0.0,0.0,0.0,0.0,0.0,0.0,0.0
12.786,0.0001,0.6984,0.2051,0.0,0.0,0.0,0.0,0.0,0.0,0.0,0.0,0.0,0.0,0.0,0.0,0.0,0.0,0.0
12.836,0.0001,0.6984,0.2049,0.0,0.0,0.0,0.0,0.0,0.0,0.0,0.0,0.0,0.0,0.0,0.0,0.0,0.0,0.0
12.886,0.0001,0.6985,0.2049,0.0,0.0,0.0,0.0,0.0,0.0,0.0,0.0,0.0,0.0,0.0,0.0,0.0,0.0,0.0
12.936,0.0001,0.6985,0.2050,0.0,0.0,0.0,0.0,0.0,0.0,0.0,0.0,0.0,0.0,0.0,0.0,0.0,0.0,0.0
12.987,0.0001,0.6986,0.2051,0.0,0.0,0.0,0.0,0.0,0.0,0.0,0.0,0.0,0.0,0.0,0.0,0.0,0.0,0.0
13.035,0.0001,0.6986,0.2056,0.0,0.0,0.0,0.0,0.0,0.0,0.0,0.0,0.0,0.0,0.0,0.0,0.0,0.0,0.0
13.086,0.0001,0.6986,0.2058,0.0,0.0,0.0,0.0,0.0,0.0,0.0,0.0,0.0,0.0,0.0,0.0,0.0,0.0,0.0
13.137,0.0001,0.6987,0.2065,0.0,0.0,0.0,0.0,0.0,0.0,0.0,0.0,0.0,0.0,0.0,0.0,0.0,0.0,0.0
13.186,0.0001,0.6987,0.2069,0.0,0.0,0.0,0.0,0.0,0.0,0.0,0.0,0.0,0.0,0.0,0.0,0.0,0.0,0.0
13.236,0.0001,0.6987,0.2072,0.0,0.0,0.0,0.0,0.0,0.0,0.0,0.0,0.0,0.0,0.0,0.0,0.0,0.0,0.0
13.287,0.0001,0.6987,0.2081,0.0,0.0,0.0,0.0,0.0,0.0,0.0,0.0,0.0,0.0,0.0,0.0,0.0,0.0,0.0
13.337,0.0001,0.6987,0.2085,0.0,0.0,0.0,0.0,0.0,0.0,0.0,0.0,0.0,0.0,0.0,0.0,0.0,0.0,0.0
13.387,0.0001,0.6987,0.2094,0.0,0.0,0.0,0.0,0.0,0.0,0.0,0.0,0.0,0.0,0.0,0.0,0.0,0.0,0.0
13.437,0.0001,0.6987,0.2103,0.0,0.0,0.0,0.0,0.0,0.0,0.0,0.0,0.0,0.0,0.0,0.0,0.0,0.0,0.0
13.486,0.0001,0.6987,0.2107,0.0,0.0,0.0,0.0,0.0,0.0,0.0,0.0,0.0,0.0,0.0,0.0,0.0,0.0,0.0
13.536,0.0001,0.6986,0.2114,0.0,0.0,0.0,0.0,0.0,0.0,0.0,0.0,0.0,0.0,0.0,0.0,0.0,0.0,0.0
13.585,0.0001,0.6986,0.2117,0.0,0.0,0.0,0.0,0.0,0.0,0.0,0.0,0.0,0.0,0.0,0.0,0.0,0.0,0.0
13.637,0.0001,0.6986,0.2124,0.0,0.0,0.0,0.0,0.0,0.0,0.0,0.0,0.0,0.0,0.0,0.0,0.0,0.0,0.0
13.687,0.0001,0.6985,0.2126,0.0,0.0,0.0,0.0,0.0,0.0,0.0,0.0,0.0,0.0,0.0,0.0,0.0,0.0,0.0
13.737,0.0001,0.6985,0.2130,0.0,0.0,0.0,0.0,0.0,0.0,0.0,0.0,0.0,0.0,0.0,0.0,0.0,0.0,0.0
13.787,0.0001,0.6985,0.2131,0.0,0.0,0.0,0.0,0.0,0.0,0.0,0.0,0.0,0.0,0.0,0.0,0.0,0.0,0.0
13.836,0.0001,0.6984,0.2133,0.0,0.0,0.0,0.0,0.0,0.0,0.0,0.0,0.0,0.0,0.0,0.0,0.0,0.0,0.0
13.886,0.0001,0.6984,0.2133,0.0,0.0,0.0,0.0,0.0,0.0,0.0,0.0,0.0,0.0,0.0,0.0,0.0,0.0,0.0
13.937,0.0001,0.6984,0.2133,0.0,0.0,0.0,0.0,0.0,0.0,0.0,0.0,0.0,0.0,0.0,0.0,0.0,0.0,0.0
13.986,0.0001,0.6983,0.2132,0.0,0.0,0.0,0.0,0.0,0.0,0.0,0.0,0.0,0.0,0.0,0.0,0.0,0.0,0.0
14.037,0.0001,0.6983,0.2129,0.0,0.0,0.0,0.0,0.0,0.0,0.0,0.0,0.0,0.0,0.0,0.0,0.0,0.0,0.0
14.086,0.0001,0.6983,0.2128,0.0,0.0,0.0,0.0,0.0,0.0,0.0,0.0,0.0,0.0,0.0,0.0,0.0,0.0,0.0
14.137,0.0001,0.6983,0.2123,0.0,0.0,0.0,0.0,0.0,0.0,0.0,0.0,0.0,0.0,0.0,0.0,0.0,0.0,0.0
14.187,0.0001,0.6983,0.2119,0.0,0.0,0.0,0.0,0.0,0.0,0.0,0.0,0.0,0.0,0.0,0.0,0.0,0.0,0.0
14.237,0.0001,0.6983,0.2119,0.0,0.0,0.0,0.0,0.0,0.0,0.0,0.0,0.0,0.0,0.0,0.0,0.0,0.0,0.0
14.287,0.0001,0.6983,0.2113,0.0,0.0,0.0,0.0,0.0,0.0,0.0,0.0,0.0,0.0,0.0,0.0,0.0,0.0,0.0
14.337,0.0001,0.6982,0.2106,0.0,0.0,0.0,0.0,0.0,0.0,0.0,0.0,0.0,0.0,0.0,0.0,0.0,0.0,0.0
14.387,0.0001,0.6983,0.2104,0.0,0.0,0.0,0.0,0.0,0.0,0.0,0.0,0.0,0.0,0.0,0.0,0.0,0.0,0.0
14.437,0.0001,0.6983,0.2095,0.0,0.0,0.0,0.0,0.0,0.0,0.0,0.0,0.0,0.0,0.0,0.0,0.0,0.0,0.0
14.487,0.0001,0.6983,0.2095,0.0,0.0,0.0,0.0,0.0,0.0,0.0,0.0,0.0,0.0,0.0,0.0,0.0,0.0,0.0
14.538,0.0001,0.6983,0.2087,0.0,0.0,0.0,0.0,0.0,0.0,0.0,0.0,0.0,0.0,0.0,0.0,0.0,0.0,0.0
14.587,0.0001,0.6983,0.2082,0.0,0.0,0.0,0.0,0.0,0.0,0.0,0.0,0.0,0.0,0.0,0.0,0.0,0.0,0.0
14.637,0.0001,0.6983,0.2080,0.0,0.0,0.0,0.0,0.0,0.0,0.0,0.0,0.0,0.0,0.0,0.0,0.0,0.0,0.0
14.687,0.0001,0.6984,0.2077,0.0,0.0,0.0,0.0,0.0,0.0,0.0,0.0,0.0,0.0,0.0,0.0,0.0,0.0,0.0
14.737,0.0001,0.6984,0.2076,0.0,0.0,0.0,0.0,0.0,0.0,0.0,0.0,0.0,0.0,0.0,0.0,0.0,0.0,0.0
14.787,0.0001,0.6984,0.2075,0.0,0.0,0.0,0.0,0.0,0.0,0.0,0.0,0.0,0.0,0.0,0.0,0.0,0.0,0.0
14.837,0.0001,0.6984,0.2074,0.0,0.0,0.0,0.0,0.0,0.0,0.0,0.0,0.0,0.0,0.0,0.0,0.0,0.0,0.0
14.887,0.0001,0.6985,0.2074,0.0,0.0,0.0,0.0,0.0,0.0,0.0,0.0,0.0,0.0,0.0,0.0,0.0,0.0,0.0
14.937,0.0001,0.6985,0.2075,0.0,0.0,0.0,0.0,0.0,0.0,0.0,0.0,0.0,0.0,0.0,0.0,0.0,0.0,0.0
14.987,0.0001,0.6985,0.2076,0.0,0.0,0.0,0.0,0.0,0.0,0.0,0.0,0.0,0.0,0.0,0.0,0.0,0.0,0.0
15.038,0.0001,0.6985,0.2077,0.0,0.0,0.0,0.0,0.0,0.0,0.0,0.0,0.0,0.0,0.0,0.0,0.0,0.0,0.0
15.088,0.0001,0.6985,0.2080,0.0,0.0,0.0,0.0,0.0,0.0,0.0,0.0,0.0,0.0,0.0,0.0,0.0,0.0,0.0
15.137,0.0001,0.6986,0.2082,0.0,0.0,0.0,0.0,0.0,0.0,0.0,0.0,0.0,0.0,0.0,0.0,0.0,0.0,0.0
15.187,0.0001,0.6986,0.2083,0.0,0.0,0.0,0.0,0.0,0.0,0.0,0.0,0.0,0.0,0.0,0.0,0.0,0.0,0.0
15.237,0.0001,0.6986,0.2087,0.0,0.0,0.0,0.0,0.0,0.0,0.0,0.0,0.0,0.0,0.0,0.0,0.0,0.0,0.0
15.287,0.0001,0.6986,0.2092,0.0,0.0,0.0,0.0,0.0,0.0,0.0,0.0,0.0,0.0,0.0,0.0,0.0,0.0,0.0
15.337,0.0001,0.6986,0.2094,0.0,0.0,0.0,0.0,0.0,0.0,0.0,0.0,0.0,0.0,0.0,0.0,0.0,0.0,0.0
15.387,0.0001,0.6986,0.2098,0.0,0.0,0.0,0.0,0.0,0.0,0.0,0.0,0.0,0.0,0.0,0.0,0.0,0.0,0.0
15.437,0.0001,0.6986,0.2100,0.0,0.0,0.0,0.0,0.0,0.0,0.0,0.0,0.0,0.0,0.0,0.0,0.0,0.0,0.0
15.487,0.0001,0.6986,0.2104,0.0,0.0,0.0,0.0,0.0,0.0,0.0,0.0,0.0,0.0,0.0,0.0,0.0,0.0,0.0
15.537,0.0001,0.6986,0.2106,0.0,0.0,0.0,0.0,0.0,0.0,0.0,0.0,0.0,0.0,0.0,0.0,0.0,0.0,0.0
15.588,0.0001,0.6985,0.2109,0.0,0.0,0.0,0.0,0.0,0.0,0.0,0.0,0.0,0.0,0.0,0.0,0.0,0.0,0.0
15.636,0.0001,0.6985,0.2109,0.0,0.0,0.0,0.0,0.0,0.0,0.0,0.0,0.0,0.0,0.0,0.0,0.0,0.0,0.0
15.686,0.0001,0.6985,0.2110,0.0,0.0,0.0,0.0,0.0,0.0,0.0,0.0,0.0,0.0,0.0,0.0,0.0,0.0,0.0
15.736,0.0001,0.6985,0.2112,0.0,0.0,0.0,0.0,0.0,0.0,0.0,0.0,0.0,0.0,0.0,0.0,0.0,0.0,0.0
15.787,0.0001,0.6985,0.2113,0.0,0.0,0.0,0.0,0.0,0.0,0.0,0.0,0.0,0.0,0.0,0.0,0.0,0.0,0.0
15.836,0.0001,0.6985,0.2115,0.0,0.0,0.0,0.0,0.0,0.0,0.0,0.0,0.0,0.0,0.0,0.0,0.0,0.0,0.0
15.887,0.0001,0.6985,0.2115,0.0,0.0,0.0,0.0,0.0,0.0,0.0,0.0,0.0,0.0,0.0,0.0,0.0,0.0,0.0
15.936,0.0001,0.6984,0.2115,0.0,0.0,0.0,0.0,0.0,0.0,0.0,0.0,0.0,0.0,0.0,0.0,0.0,0.0,0.0
15.987,0.0001,0.6984,0.2115,0.0,0.0,0.0,0.0,0.0,0.0,0.0,0.0,0.0,0.0,0.0,0.0,0.0,0.0,0.0
16.037,0.0001,0.6984,0.2114,0.0,0.0,0.0,0.0,0.0,0.0,0.0,0.0,0.0,0.0,0.0,0.0,0.0,0.0,0.0
16.087,0.0001,0.6984,0.2113,0.0,0.0,0.0,0.0,0.0,0.0,0.0,0.0,0.0,0.0,0.0,0.0,0.0,0.0,0.0
16.136,0.0001,0.6984,0.2112,0.0,0.0,0.0,0.0,0.0,0.0,0.0,0.0,0.0,0.0,0.0,0.0,0.0,0.0,0.0
16.186,0.0001,0.6984,0.2110,0.0,0.0,0.0,0.0,0.0,0.0,0.0,0.0,0.0,0.0,0.0,0.0,0.0,0.0,0.0
16.236,0.0001,0.6984,0.2108,0.0,0.0,0.0,0.0,0.0,0.0,0.0,0.0,0.0,0.0,0.0,0.0,0.0,0.0,0.0
16.287,0.0001,0.6984,0.2106,0.0,0.0,0.0,0.0,0.0,0.0,0.0,0.0,0.0,0.0,0.0,0.0,0.0,0.0,0.0
16.336,0.0001,0.6984,0.2103,0.0,0.0,0.0,0.0,0.0,0.0,0.0,0.0,0.0,0.0,0.0,0.0,0.0,0.0,0.0
16.386,0.0001,0.6984,0.2102,0.0,0.0,0.0,0.0,0.0,0.0,0.0,0.0,0.0,0.0,0.0,0.0,0.0,0.0,0.0
16.437,0.0001,0.6984,0.2099,0.0,0.0,0.0,0.0,0.0,0.0,0.0,0.0,0.0,0.0,0.0,0.0,0.0,0.0,0.0
16.486,0.0001,0.6984,0.2098,0.0,0.0,0.0,0.0,0.0,0.0,0.0,0.0,0.0,0.0,0.0,0.0,0.0,0.0,0.0
16.536,0.0001,0.6984,0.2095,0.0,0.0,0.0,0.0,0.0,0.0,0.0,0.0,0.0,0.0,0.0,0.0,0.0,0.0,0.0
16.586,0.0001,0.6984,0.2094,0.0,0.0,0.0,0.0,0.0,0.0,0.0,0.0,0.0,0.0,0.0,0.0,0.0,0.0,0.0
16.637,0.0001,0.6984,0.2091,0.0,0.0,0.0,0.0,0.0,0.0,0.0,0.0,0.0,0.0,0.0,0.0,0.0,0.0,0.0
16.686,0.0001,0.6984,0.2090,0.0,0.0,0.0,0.0,0.0,0.0,0.0,0.0,0.0,0.0,0.0,0.0,0.0,0.0,0.0
16.737,0.0001,0.6984,0.2089,0.0,0.0,0.0,0.0,0.0,0.0,0.0,0.0,0.0,0.0,0.0,0.0,0.0,0.0,0.0
16.786,0.0001,0.6984,0.2088,0.0,0.0,0.0,0.0,0.0,0.0,0.0,0.0,0.0,0.0,0.0,0.0,0.0,0.0,0.0
16.837,0.0001,0.6984,0.2087,0.0,0.0,0.0,0.0,0.0,0.0,0.0,0.0,0.0,0.0,0.0,0.0,0.0,0.0,0.0
16.888,0.0001,0.6985,0.2086,0.0,0.0,0.0,0.0,0.0,0.0,0.0,0.0,0.0,0.0,0.0,0.0,0.0,0.0,0.0
16.937,0.0001,0.6985,0.2087,0.0,0.0,0.0,0.0,0.0,0.0,0.0,0.0,0.0,0.0,0.0,0.0,0.0,0.0,0.0
16.987,0.0001,0.6985,0.2087,0.0,0.0,0.0,0.0,0.0,0.0,0.0,0.0,0.0,0.0,0.0,0.0,0.0,0.0,0.0
17.038,0.0001,0.6985,0.2087,0.0,0.0,0.0,0.0,0.0,0.0,0.0,0.0,0.0,0.0,0.0,0.0,0.0,0.0,0.0
17.087,0.0001,0.6985,0.2088,0.0,0.0,0.0,0.0,0.0,0.0,0.0,0.0,0.0,0.0,0.0,0.0,0.0,0.0,0.0
17.137,0.0001,0.6985,0.2089,0.0,0.0,0.0,0.0,0.0,0.0,0.0,0.0,0.0,0.0,0.0,0.0,0.0,0.0,0.0
17.187,0.0001,0.6985,0.2091,0.0,0.0,0.0,0.0,0.0,0.0,0.0,0.0,0.0,0.0,0.0,0.0,0.0,0.0,0.0
17.237,0.0001,0.6985,0.2092,0.0,0.0,0.0,0.0,0.0,0.0,0.0,0.0,0.0,0.0,0.0,0.0,0.0,0.0,0.0
17.287,0.0001,0.6985,0.2094,0.0,0.0,0.0,0.0,0.0,0.0,0.0,0.0,0.0,0.0,0.0,0.0,0.0,0.0,0.0
17.337,0.0001,0.6985,0.2095,0.0,0.0,0.0,0.0,0.0,0.0,0.0,0.0,0.0,0.0,0.0,0.0,0.0,0.0,0.0
17.387,0.0001,0.6985,0.2097,0.0,0.0,0.0,0.0,0.0,0.0,0.0,0.0,0.0,0.0,0.0,0.0,0.0,0.0,0.0
17.437,0.0001,0.6985,0.2098,0.0,0.0,0.0,0.0,0.0,0.0,0.0,0.0,0.0,0.0,0.0,0.0,0.0,0.0,0.0
17.487,0.0001,0.6985,0.2100,0.0,0.0,0.0,0.0,0.0,0.0,0.0,0.0,0.0,0.0,0.0,0.0,0.0,0.0,0.0
17.537,0.0001,0.6985,0.2101,0.0,0.0,0.0,0.0,0.0,0.0,0.0,0.0,0.0,0.0,0.0,0.0,0.0,0.0,0.0
17.587,0.0001,0.6985,0.2103,0.0,0.0,0.0,0.0,0.0,0.0,0.0,0.0,0.0,0.0,0.0,0.0,0.0,0.0,0.0
17.637,0.0001,0.6985,0.2103,0.0,0.0,0.0,0.0,0.0,0.0,0.0,0.0,0.0,0.0,0.0,0.0,0.0,0.0,0.0
17.688,0.0001,0.6985,0.2105,0.0,0.0,0.0,0.0,0.0,0.0,0.0,0.0,0.0,0.0,0.0,0.0,0.0,0.0,0.0
17.737,0.0001,0.6985,0.2105,0.0,0.0,0.0,0.0,0.0,0.0,0.0,0.0,0.0,0.0,0.0,0.0,0.0,0.0,0.0
17.787,0.0001,0.6985,0.2106,0.0,0.0,0.0,0.0,0.0,0.0,0.0,0.0,0.0,0.0,0.0,0.0,0.0,0.0,0.0
17.837,0.0001,0.6985,0.2106,0.0,0.0,0.0,0.0,0.0,0.0,0.0,0.0,0.0,0.0,0.0,0.0,0.0,0.0,0.0
17.887,0.0001,0.6985,0.2106,0.0,0.0,0.0,0.0,0.0,0.0,0.0,0.0,0.0,0.0,0.0,0.0,0.0,0.0,0.0
17.937,0.0001,0.6985,0.2106,0.0,0.0,0.0,0.0,0.0,0.0,0.0,0.0,0.0,0.0,0.0,0.0,0.0,0.0,0.0
17.987,0.0001,0.6984,0.2106,0.0,0.0,0.0,0.0,0.0,0.0,0.0,0.0,0.0,0.0,0.0,0.0,0.0,0.0,0.0
18.037,0.0001,0.6984,0.2106,0.0,0.0,0.0,0.0,0.0,0.0,0.0,0.0,0.0,0.0,0.0,0.0,0.0,0.0,0.0
18.088,0.0001,0.6984,0.2105,0.0,0.0,0.0,0.0,0.0,0.0,0.0,0.0,0.0,0.0,0.0,0.0,0.0,0.0,0.0
18.138,0.0001,0.6984,0.2104,0.0,0.0,0.0,0.0,0.0,0.0,0.0,0.0,0.0,0.0,0.0,0.0,0.0,0.0,0.0
18.187,0.0001,0.6984,0.2103,0.0,0.0,0.0,0.0,0.0,0.0,0.0,0.0,0.0,0.0,0.0,0.0,0.0,0.0,0.0
18.243,0.0001,0.6984,0.2103,0.0,0.0,0.0,0.0,0.0,0.0,0.0,0.0,0.0,0.0,0.0,0.0,0.0,0.0,0.0
18.288,0.0001,0.6984,0.2101,0.0,0.0,0.0,0.0,0.0,0.0,0.0,0.0,0.0,0.0,0.0,0.0,0.0,0.0,0.0
18.337,0.0001,0.6984,0.2101,0.0,0.0,0.0,0.0,0.0,0.0,0.0,0.0,0.0,0.0,0.0,0.0,0.0,0.0,0.0
18.387,0.0001,0.6984,0.2099,0.0,0.0,0.0,0.0,0.0,0.0,0.0,0.0,0.0,0.0,0.0,0.0,0.0,0.0,0.0
18.438,0.0001,0.6984,0.2099,0.0,0.0,0.0,0.0,0.0,0.0,0.0,0.0,0.0,0.0,0.0,0.0,0.0,0.0,0.0
18.487,0.0001,0.6984,0.2097,0.0,0.0,0.0,0.0,0.0,0.0,0.0,0.0,0.0,0.0,0.0,0.0,0.0,0.0,0.0
18.538,0.0001,0.6984,0.2097,0.0,0.0,0.0,0.0,0.0,0.0,0.0,0.0,0.0,0.0,0.0,0.0,0.0,0.0,0.0
18.587,0.0001,0.6984,0.2095,0.0,0.0,0.0,0.0,0.0,0.0,0.0,0.0,0.0,0.0,0.0,0.0,0.0,0.0,0.0
18.637,0.0001,0.6984,0.2095,0.0,0.0,0.0,0.0,0.0,0.0,0.0,0.0,0.0,0.0,0.0,0.0,0.0,0.0,0.0
18.687,0.0001,0.6984,0.2094,0.0,0.0,0.0,0.0,0.0,0.0,0.0,0.0,0.0,0.0,0.0,0.0,0.0,0.0,0.0
18.738,0.0001,0.6984,0.2093,0.0,0.0,0.0,0.0,0.0,0.0,0.0,0.0,0.0,0.0,0.0,0.0,0.0,0.0,0.0
18.788,0.0001,0.6984,0.2093,0.0,0.0,0.0,0.0,0.0,0.0,0.0,0.0,0.0,0.0,0.0,0.0,0.0,0.0,0.0
18.836,0.0001,0.6984,0.2093,0.0,0.0,0.0,0.0,0.0,0.0,0.0,0.0,0.0,0.0,0.0,0.0,0.0,0.0,0.0
18.886,0.0001,0.6984,0.2093,0.0,0.0,0.0,0.0,0.0,0.0,0.0,0.0,0.0,0.0,0.0,0.0,0.0,0.0,0.0
18.937,0.0001,0.6985,0.2092,0.0,0.0,0.0,0.0,0.0,0.0,0.0,0.0,0.0,0.0,0.0,0.0,0.0,0.0,0.0
18.987,0.0001,0.6985,0.2092,0.0,0.0,0.0,0.0,0.0,0.0,0.0,0.0,0.0,0.0,0.0,0.0,0.0,0.0,0.0
19.037,0.0001,0.6985,0.2093,0.0,0.0,0.0,0.0,0.0,0.0,0.0,0.0,0.0,0.0,0.0,0.0,0.0,0.0,0.0
19.086,0.0001,0.6985,0.2093,0.0,0.0,0.0,0.0,0.0,0.0,0.0,0.0,0.0,0.0,0.0,0.0,0.0,0.0,0.0
19.137,0.0001,0.6985,0.2093,0.0,0.0,0.0,0.0,0.0,0.0,0.0,0.0,0.0,0.0,0.0,0.0,0.0,0.0,0.0
19.187,0.0001,0.6985,0.2094,0.0,0.0,0.0,0.0,0.0,0.0,0.0,0.0,0.0,0.0,0.0,0.0,0.0,0.0,0.0
19.237,0.0001,0.6985,0.2094,0.0,0.0,0.0,0.0,0.0,0.0,0.0,0.0,0.0,0.0,0.0,0.0,0.0,0.0,0.0
19.287,0.0001,0.6985,0.2095,0.0,0.0,0.0,0.0,0.0,0.0,0.0,0.0,0.0,0.0,0.0,0.0,0.0,0.0,0.0
19.336,0.0001,0.6985,0.2096,0.0,0.0,0.0,0.0,0.0,0.0,0.0,0.0,0.0,0.0,0.0,0.0,0.0,0.0,0.0
19.386,0.0001,0.6985,0.2096,0.0,0.0,0.0,0.0,0.0,0.0,0.0,0.0,0.0,0.0,0.0,0.0,0.0,0.0,0.0
19.436,0.0001,0.6985,0.2097,0.0,0.0,0.0,0.0,0.0,0.0,0.0,0.0,0.0,0.0,0.0,0.0,0.0,0.0,0.0
19.486,0.0001,0.6985,0.2098,0.0,0.0,0.0,0.0,0.0,0.0,0.0,0.0,0.0,0.0,0.0,0.0,0.0,0.0,0.0
19.538,0.0001,0.6985,0.2099,0.0,0.0,0.0,0.0,0.0,0.0,0.0,0.0,0.0,0.0,0.0,0.0,0.0,0.0,0.0
19.586,0.0001,0.6985,0.2099,0.0,0.0,0.0,0.0,0.0,0.0,0.0,0.0,0.0,0.0,0.0,0.0,0.0,0.0,0.0
19.637,0.0001,0.6985,0.2100,0.0,0.0,0.0,0.0,0.0,0.0,0.0,0.0,0.0,0.0,0.0,0.0,0.0,0.0,0.0
19.687,0.0001,0.6985,0.2101,0.0,0.0,0.0,0.0,0.0,0.0,0.0,0.0,0.0,0.0,0.0,0.0,0.0,0.0,0.0
19.737,0.0001,0.6985,0.2101,0.0,0.0,0.0,0.0,0.0,0.0,0.0,0.0,0.0,0.0,0.0,0.0,0.0,0.0,0.0
19.788,0.0001,0.6985,0.2102,0.0,0.0,0.0,0.0,0.0,0.0,0.0,0.0,0.0,0.0,0.0,0.0,0.0,0.0,0.0
19.837,0.0001,0.6985,0.2102,0.0,0.0,0.0,0.0,0.0,0.0,0.0,0.0,0.0,0.0,0.0,0.0,0.0,0.0,0.0
19.887,0.0001,0.6985,0.2102,0.0,0.0,0.0,0.0,0.0,0.0,0.0,0.0,0.0,0.0,0.0,0.0,0.0,0.0,0.0
19.937,0.0001,0.6985,0.2102,0.0,0.0,0.0,0.0,0.0,0.0,0.0,0.0,0.0,0.0,0.0,0.0,0.0,0.0,0.0
19.987,0.0001,0.6985,0.2102,0.0,0.0,0.0,0.0,0.0,0.0,0.0,0.0,0.0,0.0,0.0,0.0,0.0,0.0,0.0
20.038,0.0001,0.6985,0.2102,0.0,0.0,0.0,0.0,0.0,0.0,0.0,0.0,0.0,0.0,0.0,0.0,0.0,0.0,0.0
20.087,0.0001,0.6985,0.2102,0.0,0.0,0.0,0.0,0.0,0.0,0.0,0.0,0.0,0.0,0.0,0.0,0.0,0.0,0.0
20.137,0.0001,0.6985,0.2101,0.0,0.0,0.0,0.0,0.0,0.0,0.0,0.0,0.0,0.0,0.0,0.0,0.0,0.0,0.0
20.187,0.0001,0.6984,0.2101,0.0,0.0,0.0,0.0,0.0,0.0,0.0,0.0,0.0,0.0,0.0,0.0,0.0,0.0,0.0
20.238,0.0001,0.6984,0.2101,0.0,0.0,0.0,0.0,0.0,0.0,0.0,0.0,0.0,0.0,0.0,0.0,0.0,0.0,0.0
20.287,0.0001,0.6984,0.2100,0.0,0.0,0.0,0.0,0.0,0.0,0.0,0.0,0.0,0.0,0.0,0.0,0.0,0.0,0.0
20.338,0.0001,0.6984,0.2100,0.0,0.0,0.0,0.0,0.0,0.0,0.0,0.0,0.0,0.0,0.0,0.0,0.0,0.0,0.0
20.388,0.0001,0.6984,0.2099,0.0,0.0,0.0,0.0,0.0,0.0,0.0,0.0,0.0,0.0,0.0,0.0,0.0,0.0,0.0
20.437,0.0001,0.6984,0.2099,0.0,0.0,0.0,0.0,0.0,0.0,0.0,0.0,0.0,0.0,0.0,0.0,0.0,0.0,0.0
20.487,0.0001,0.6984,0.2098,0.0,0.0,0.0,0.0,0.0,0.0,0.0,0.0,0.0,0.0,0.0,0.0,0.0,0.0,0.0
20.537,0.0001,0.6984,0.2098,0.0,0.0,0.0,0.0,0.0,0.0,0.0,0.0,0.0,0.0,0.0,0.0,0.0,0.0,0.0
20.587,0.0001,0.6984,0.2097,0.0,0.0,0.0,0.0,0.0,0.0,0.0,0.0,0.0,0.0,0.0,0.0,0.0,0.0,0.0
20.638,0.0001,0.6984,0.2097,0.0,0.0,0.0,0.0,0.0,0.0,0.0,0.0,0.0,0.0,0.0,0.0,0.0,0.0,0.0
20.687,0.0001,0.6984,0.2096,0.0,0.0,0.0,0.0,0.0,0.0,0.0,0.0,0.0,0.0,0.0,0.0,0.0,0.0,0.0
20.737,0.0001,0.6985,0.2096,0.0,0.0,0.0,0.0,0.0,0.0,0.0,0.0,0.0,0.0,0.0,0.0,0.0,0.0,0.0
20.787,0.0001,0.6985,0.2096,0.0,0.0,0.0,0.0,0.0,0.0,0.0,0.0,0.0,0.0,0.0,0.0,0.0,0.0,0.0
20.838,0.0001,0.6985,0.2096,0.0,0.0,0.0,0.0,0.0,0.0,0.0,0.0,0.0,0.0,0.0,0.0,0.0,0.0,0.0
20.887,0.0001,0.6985,0.2095,0.0,0.0,0.0,0.0,0.0,0.0,0.0,0.0,0.0,0.0,0.0,0.0,0.0,0.0,0.0
20.937,0.0001,0.6985,0.2095,0.0,0.0,0.0,0.0,0.0,0.0,0.0,0.0,0.0,0.0,0.0,0.0,0.0,0.0,0.0
20.987,0.0001,0.6985,0.2095,0.0,0.0,0.0,0.0,0.0,0.0,0.0,0.0,0.0,0.0,0.0,0.0,0.0,0.0,0.0
21.037,0.0001,0.6985,0.2095,0.0,0.0,0.0,0.0,0.0,0.0,0.0,0.0,0.0,0.0,0.0,0.0,0.0,0.0,0.0
21.088,0.0001,0.6985,0.2096,0.0,0.0,0.0,0.0,0.0,0.0,0.0,0.0,0.0,0.0,0.0,0.0,0.0,0.0,0.0
21.137,0.0001,0.6985,0.2096,0.0,0.0,0.0,0.0,0.0,0.0,0.0,0.0,0.0,0.0,0.0,0.0,0.0,0.0,0.0
21.187,0.0001,0.6985,0.2096,0.0,0.0,0.0,0.0,0.0,0.0,0.0,0.0,0.0,0.0,0.0,0.0,0.0,0.0,0.0
21.238,0.0001,0.6985,0.2096,0.0,0.0,0.0,0.0,0.0,0.0,0.0,0.0,0.0,0.0,0.0,0.0,0.0,0.0,0.0
21.287,0.0001,0.6985,0.2097,0.0,0.0,0.0,0.0,0.0,0.0,0.0,0.0,0.0,0.0,0.0,0.0,0.0,0.0,0.0
21.337,0.0001,0.6985,0.2097,0.0,0.0,0.0,0.0,0.0,0.0,0.0,0.0,0.0,0.0,0.0,0.0,0.0,0.0,0.0
21.387,0.0001,0.6985,0.2097,0.0,0.0,0.0,0.0,0.0,0.0,0.0,0.0,0.0,0.0,0.0,0.0,0.0,0.0,0.0
21.438,0.0001,0.6985,0.2098,0.0,0.0,0.0,0.0,0.0,0.0,0.0,0.0,0.0,0.0,0.0,0.0,0.0,0.0,0.0
21.487,0.0001,0.6985,0.2098,0.0,0.0,0.0,0.0,0.0,0.0,0.0,0.0,0.0,0.0,0.0,0.0,0.0,0.0,0.0
21.537,0.0001,0.6985,0.2098,0.0,0.0,0.0,0.0,0.0,0.0,0.0,0.0,0.0,0.0,0.0,0.0,0.0,0.0,0.0
21.587,0.0001,0.6985,0.2099,0.0,0.0,0.0,0.0,0.0,0.0,0.0,0.0,0.0,0.0,0.0,0.0,0.0,0.0,0.0
21.638,0.0001,0.6985,0.2099,0.0,0.0,0.0,0.0,0.0,0.0,0.0,0.0,0.0,0.0,0.0,0.0,0.0,0.0,0.0
21.687,0.0001,0.6985,0.2099,0.0,0.0,0.0,0.0,0.0,0.0,0.0,0.0,0.0,0.0,0.0,0.0,0.0,0.0,0.0
21.738,0.0001,0.6985,0.2100,0.0,0.0,0.0,0.0,0.0,0.0,0.0,0.0,0.0,0.0,0.0,0.0,0.0,0.0,0.0
21.787,0.0001,0.6985,0.2100,0.0,0.0,0.0,0.0,0.0,0.0,0.0,0.0,0.0,0.0,0.0,0.0,0.0,0.0,0.0
21.837,0.0001,0.6985,0.2100,0.0,0.0,0.0,0.0,0.0,0.0,0.0,0.0,0.0,0.0,0.0,0.0,0.0,0.0,0.0
21.887,0.0001,0.6985,0.2100,0.0,0.0,0.0,0.0,0.0,0.0,0.0,0.0,0.0,0.0,0.0,0.0,0.0,0.0,0.0
21.938,0.0001,0.6985,0.2100,0.0,0.0,0.0,0.0,0.0,0.0,0.0,0.0,0.0,0.0,0.0,0.0,0.0,0.0,0.0
21.987,0.0001,0.6985,0.2100,0.0,0.0,0.0,0.0,0.0,0.0,0.0,0.0,0.0,0.0,0.0,0.0,0.0,0.0,0.0
22.037,0.0001,0.6985,0.2100,0.0,0.0,0.0,0.0,0.0,0.0,0.0,0.0,0.0,0.0,0.0,0.0,0.0,0.0,0.0
22.087,0.0001,0.6985,0.2100,0.0,0.0,0.0,0.0,0.0,0.0,0.0,0.0,0.0,0.0,0.0,0.0,0.0,0.0,0.0
22.137,0.0001,0.6985,0.2100,0.0,0.0,0.0,0.0,0.0,0.0,0.0,0.0,0.0,0.0,0.0,0.0,0.0,0.0,0.0
22.187,0.0001,0.6985,0.2100,0.0,0.0,0.0,0.0,0.0,0.0,0.0,0.0,0.0,0.0,0.0,0.0,0.0,0.0,0.0
22.237,0.0001,0.6985,0.2099,0.0,0.0,0.0,0.0,0.0,0.0,0.0,0.0,0.0,0.0,0.0,0.0,0.0,0.0,0.0
22.287,0.0001,0.6985,0.2099,0.0,0.0,0.0,0.0,0.0,0.0,0.0,0.0,0.0,0.0,0.0,0.0,0.0,0.0,0.0
22.337,0.0001,0.6985,0.2099,0.0,0.0,0.0,0.0,0.0,0.0,0.0,0.0,0.0,0.0,0.0,0.0,0.0,0.0,0.0
22.387,0.0001,0.6985,0.2099,0.0,0.0,0.0,0.0,0.0,0.0,0.0,0.0,0.0,0.0,0.0,0.0,0.0,0.0,0.0
22.437,0.0001,0.6985,0.2098,0.0,0.0,0.0,0.0,0.0,0.0,0.0,0.0,0.0,0.0,0.0,0.0,0.0,0.0,0.0
22.487,0.0001,0.6985,0.2098,0.0,0.0,0.0,0.0,0.0,0.0,0.0,0.0,0.0,0.0,0.0,0.0,0.0,0.0,0.0
22.538,0.0001,0.6985,0.2098,0.0,0.0,0.0,0.0,0.0,0.0,0.0,0.0,0.0,0.0,0.0,0.0,0.0,0.0,0.0
22.587,0.0001,0.6985,0.2098,0.0,0.0,0.0,0.0,0.0,0.0,0.0,0.0,0.0,0.0,0.0,0.0,0.0,0.0,0.0
22.637,0.0001,0.6985,0.2098,0.0,0.0,0.0,0.0,0.0,0.0,0.0,0.0,0.0,0.0,0.0,0.0,0.0,0.0,0.0
22.687,0.0001,0.6985,0.2097,0.0,0.0,0.0,0.0,0.0,0.0,0.0,0.0,0.0,0.0,0.0,0.0,0.0,0.0,0.0
22.737,0.0001,0.6985,0.2097,0.0,0.0,0.0,0.0,0.0,0.0,0.0,0.0,0.0,0.0,0.0,0.0,0.0,0.0,0.0
22.787,0.0001,0.6985,0.2097,0.0,0.0,0.0,0.0,0.0,0.0,0.0,0.0,0.0,0.0,0.0,0.0,0.0,0.0,0.0
22.837,0.0001,0.6985,0.2097,0.0,0.0,0.0,0.0,0.0,0.0,0.0,0.0,0.0,0.0,0.0,0.0,0.0,0.0,0.0
22.887,0.0001,0.6985,0.2097,0.0,0.0,0.0,0.0,0.0,0.0,0.0,0.0,0.0,0.0,0.0,0.0,0.0,0.0,0.0
22.937,0.0001,0.6985,0.2097,0.0,0.0,0.0,0.0,0.0,0.0,0.0,0.0,0.0,0.0,0.0,0.0,0.0,0.0,0.0
22.987,0.0001,0.6985,0.2097,0.0,0.0,0.0,0.0,0.0,0.0,0.0,0.0,0.0,0.0,0.0,0.0,0.0,0.0,0.0
23.037,0.0001,0.6985,0.2097,0.0,0.0,0.0,0.0,0.0,0.0,0.0,0.0,0.0,0.0,0.0,0.0,0.0,0.0,0.0
23.087,0.0001,0.6985,0.2097,0.0,0.0,0.0,0.0,0.0,0.0,0.0,0.0,0.0,0.0,0.0,0.0,0.0,0.0,0.0
23.138,0.0001,0.6985,0.2097,0.0,0.0,0.0,0.0,0.0,0.0,0.0,0.0,0.0,0.0,0.0,0.0,0.0,0.0,0.0
23.188,0.0001,0.6985,0.2097,0.0,0.0,0.0,0.0,0.0,0.0,0.0,0.0,0.0,0.0,0.0,0.0,0.0,0.0,0.0
23.238,0.0001,0.6985,0.2097,0.0,0.0,0.0,0.0,0.0,0.0,0.0,0.0,0.0,0.0,0.0,0.0,0.0,0.0,0.0
23.288,0.0001,0.6985,0.2097,0.0,0.0,0.0,0.0,0.0,0.0,0.0,0.0,0.0,0.0,0.0,0.0,0.0,0.0,0.0
23.338,0.0001,0.6985,0.2097,0.0,0.0,0.0,0.0,0.0,0.0,0.0,0.0,0.0,0.0,0.0,0.0,0.0,0.0,0.0
23.388,0.0001,0.6985,0.2098,0.0,0.0,0.0,0.0,0.0,0.0,0.0,0.0,0.0,0.0,0.0,0.0,0.0,0.0,0.0
23.437,0.0001,0.6985,0.2098,0.0,0.0,0.0,0.0,0.0,0.0,0.0,0.0,0.0,0.0,0.0,0.0,0.0,0.0,0.0
23.487,0.0001,0.6985,0.2098,0.0,0.0,0.0,0.0,0.0,0.0,0.0,0.0,0.0,0.0,0.0,0.0,0.0,0.0,0.0
23.537,0.0001,0.6985,0.2098,0.0,0.0,0.0,0.0,0.0,0.0,0.0,0.0,0.0,0.0,0.0,0.0,0.0,0.0,0.0
23.588,0.0001,0.6985,0.2098,0.0,0.0,0.0,0.0,0.0,0.0,0.0,0.0,0.0,0.0,0.0,0.0,0.0,0.0,0.0
23.637,0.0001,0.6985,0.2098,0.0,0.0,0.0,0.0,0.0,0.0,0.0,0.0,0.0,0.0,0.0,0.0,0.0,0.0,0.0
23.687,0.0001,0.6985,0.2099,0.0,0.0,0.0,0.0,0.0,0.0,0.0,0.0,0.0,0.0,0.0,0.0,0.0,0.0,0.0
23.737,0.0001,0.6985,0.2099,0.0,0.0,0.0,0.0,0.0,0.0,0.0,0.0,0.0,0.0,0.0,0.0,0.0,0.0,0.0
23.787,0.0001,0.6985,0.2099,0.0,0.0,0.0,0.0,0.0,0.0,0.0,0.0,0.0,0.0,0.0,0.0,0.0,0.0,0.0
23.837,0.0001,0.6985,0.2099,0.0,0.0,0.0,0.0,0.0,0.0,0.0,0.0,0.0,0.0,0.0,0.0,0.0,0.0,0.0
23.887,0.0001,0.6985,0.2099,0.0,0.0,0.0,0.0,0.0,0.0,0.0,0.0,0.0,0.0,0.0,0.0,0.0,0.0,0.0
23.938,0.0001,0.6985,0.2099,0.0,0.0,0.0,0.0,0.0,0.0,0.0,0.0,0.0,0.0,0.0,0.0,0.0,0.0,0.0
23.987,0.0001,0.6985,0.2099,0.0,0.0,0.0,0.0,0.0,0.0,0.0,0.0,0.0,0.0,0.0,0.0,0.0,0.0,0.0
24.037,0.0001,0.6985,0.2099,0.0,0.0,0.0,0.0,0.0,0.0,0.0,0.0,0.0,0.0,0.0,0.0,0.0,0.0,0.0
24.087,0.0001,0.6985,0.2099,0.0,0.0,0.0,0.0,0.0,0.0,0.0,0.0,0.0,0.0,0.0,0.0,0.0,0.0,0.0
24.138,0.0001,0.6985,0.2099,0.0,0.0,0.0,0.0,0.0,0.0,0.0,0.0,0.0,0.0,0.0,0.0,0.0,0.0,0.0
24.186,0.0001,0.6985,0.2099,0.0,0.0,0.0,0.0,0.0,0.0,0.0,0.0,0.0,0.0,0.0,0.0,0.0,0.0,0.0
24.237,0.0001,0.6985,0.2099,0.0,0.0,0.0,0.0,0.0,0.0,0.0,0.0,0.0,0.0,0.0,0.0,0.0,0.0,0.0
24.287,0.0001,0.6985,0.2099,0.0,0.0,0.0,0.0,0.0,0.0,0.0,0.0,0.0,0.0,0.0,0.0,0.0,0.0,0.0
24.337,0.0001,0.6985,0.2099,0.0,0.0,0.0,0.0,0.0,0.0,0.0,0.0,0.0,0.0,0.0,0.0,0.0,0.0,0.0
24.387,0.0001,0.6985,0.2099,0.0,0.0,0.0,0.0,0.0,0.0,0.0,0.0,0.0,0.0,0.0,0.0,0.0,0.0,0.0
24.437,0.0001,0.6985,0.2098,0.0,0.0,0.0,0.0,0.0,0.0,0.0,0.0,0.0,0.0,0.0,0.0,0.0,0.0,0.0
24.487,0.0001,0.6985,0.2098,0.0,0.0,0.0,0.0,0.0,0.0,0.0,0.0,0.0,0.0,0.0,0.0,0.0,0.0,0.0
24.537,0.0001,0.6985,0.2098,0.0,0.0,0.0,0.0,0.0,0.0,0.0,0.0,0.0,0.0,0.0,0.0,0.0,0.0,0.0
24.586,0.0001,0.6985,0.2098,0.0,0.0,0.0,0.0,0.0,0.0,0.0,0.0,0.0,0.0,0.0,0.0,0.0,0.0,0.0
24.637,0.0001,0.6985,0.2098,0.0,0.0,0.0,0.0,0.0,0.0,0.0,0.0,0.0,0.0,0.0,0.0,0.0,0.0,0.0
24.687,0.0001,0.6985,0.2098,0.0,0.0,0.0,0.0,0.0,0.0,0.0,0.0,0.0,0.0,0.0,0.0,0.0,0.0,0.0
24.736,0.0001,0.6985,0.2098,0.0,0.0,0.0,0.0,0.0,0.0,0.0,0.0,0.0,0.0,0.0,0.0,0.0,0.0,0.0
24.787,0.0001,0.6985,0.2098,0.0,0.0,0.0,0.0,0.0,0.0,0.0,0.0,0.0,0.0,0.0,0.0,0.0,0.0,0.0
24.837,0.0001,0.6985,0.2098,0.0,0.0,0.0,0.0,0.0,0.0,0.0,0.0,0.0,0.0,0.0,0.0,0.0,0.0,0.0
24.887,0.0001,0.6985,0.2098,0.0,0.0,0.0,0.0,0.0,0.0,0.0,0.0,0.0,0.0,0.0,0.0,0.0,0.0,0.0
24.937,0.0001,0.6985,0.2097,0.0,0.0,0.0,0.0,0.0,0.0,0.0,0.0,0.0,0.0,0.0,0.0,0.0,0.0,0.0
24.987,0.0001,0.6985,0.2097,0.0,0.0,0.0,0.0,0.0,0.0,0.0,0.0,0.0,0.0,0.0,0.0,0.0,0.0,0.0
25.037,0.0001,0.6985,0.2097,0.0,0.0,0.0,0.0,0.0,0.0,0.0,0.0,0.0,0.0,0.0,0.0,0.0,0.0,0.0
25.087,0.0001,0.6985,0.2097,0.0,0.0,0.0,0.0,0.0,0.0,0.0,0.0,0.0,0.0,0.0,0.0,0.0,0.0,0.0
25.137,0.0001,0.6985,0.2097,0.0,0.0,0.0,0.0,0.0,0.0,0.0,0.0,0.0,0.0,0.0,0.0,0.0,0.0,0.0
25.188,0.0001,0.6985,0.2098,0.0,0.0,0.0,0.0,0.0,0.0,0.0,0.0,0.0,0.0,0.0,0.0,0.0,0.0,0.0
25.237,0.0001,0.6985,0.2098,0.0,0.0,0.0,0.0,0.0,0.0,0.0,0.0,0.0,0.0,0.0,0.0,0.0,0.0,0.0
25.287,0.0001,0.6985,0.2098,0.0,0.0,0.0,0.0,0.0,0.0,0.0,0.0,0.0,0.0,0.0,0.0,0.0,0.0,0.0
25.338,0.0001,0.6985,0.2098,0.0,0.0,0.0,0.0,0.0,0.0,0.0,0.0,0.0,0.0,0.0,0.0,0.0,0.0,0.0
25.387,0.0001,0.6985,0.2098,0.0,0.0,0.0,0.0,0.0,0.0,0.0,0.0,0.0,0.0,0.0,0.0,0.0,0.0,0.0
25.437,0.0001,0.6985,0.2098,0.0,0.0,0.0,0.0,0.0,0.0,0.0,0.0,0.0,0.0,0.0,0.0,0.0,0.0,0.0
25.487,0.0001,0.6985,0.2098,0.0,0.0,0.0,0.0,0.0,0.0,0.0,0.0,0.0,0.0,0.0,0.0,0.0,0.0,0.0
25.537,0.0001,0.6985,0.2098,0.0,0.0,0.0,0.0,0.0,0.0,0.0,0.0,0.0,0.0,0.0,0.0,0.0,0.0,0.0
25.587,0.0001,0.6985,0.2098,0.0,0.0,0.0,0.0,0.0,0.0,0.0,0.0,0.0,0.0,0.0,0.0,0.0,0.0,0.0
25.637,0.0001,0.6985,0.2098,0.0,0.0,0.0,0.0,0.0,0.0,0.0,0.0,0.0,0.0,0.0,0.0,0.0,0.0,0.0
25.687,0.0001,0.6985,0.2098,0.0,0.0,0.0,0.0,0.0,0.0,0.0,0.0,0.0,0.0,0.0,0.0,0.0,0.0,0.0
25.737,0.0001,0.6985,0.2098,0.0,0.0,0.0,0.0,0.0,0.0,0.0,0.0,0.0,0.0,0.0,0.0,0.0,0.0,0.0
25.787,0.0001,0.6985,0.2098,0.0,0.0,0.0,0.0,0.0,0.0,0.0,0.0,0.0,0.0,0.0,0.0,0.0,0.0,0.0
25.837,0.0001,0.6985,0.2098,0.0,0.0,0.0,0.0,0.0,0.0,0.0,0.0,0.0,0.0,0.0,0.0,0.0,0.0,0.0
25.887,0.0001,0.6985,0.2099,0.0,0.0,0.0,0.0,0.0,0.0,0.0,0.0,0.0,0.0,0.0,0.0,0.0,0.0,0.0
25.937,0.0001,0.6985,0.2099,0.0,0.0,0.0,0.0,0.0,0.0,0.0,0.0,0.0,0.0,0.0,0.0,0.0,0.0,0.0
25.987,0.0001,0.6985,0.2099,0.0,0.0,0.0,0.0,0.0,0.0,0.0,0.0,0.0,0.0,0.0,0.0,0.0,0.0,0.0
26.037,0.0001,0.6985,0.2099,0.0,0.0,0.0,0.0,0.0,0.0,0.0,0.0,0.0,0.0,0.0,0.0,0.0,0.0,0.0
26.087,0.0001,0.6985,0.2099,0.0,0.0,0.0,0.0,0.0,0.0,0.0,0.0,0.0,0.0,0.0,0.0,0.0,0.0,0.0
26.138,0.0001,0.6985,0.2099,0.0,0.0,0.0,0.0,0.0,0.0,0.0,0.0,0.0,0.0,0.0,0.0,0.0,0.0,0.0
26.187,0.0001,0.6985,0.2099,0.0,0.0,0.0,0.0,0.0,0.0,0.0,0.0,0.0,0.0,0.0,0.0,0.0,0.0,0.0
26.237,0.0001,0.6985,0.2098,0.0,0.0,0.0,0.0,0.0,0.0,0.0,0.0,0.0,0.0,0.0,0.0,0.0,0.0,0.0
26.287,0.0001,0.6985,0.2098,0.0,0.0,0.0,0.0,0.0,0.0,0.0,0.0,0.0,0.0,0.0,0.0,0.0,0.0,0.0
26.337,0.0001,0.6985,0.2098,0.0,0.0,0.0,0.0,0.0,0.0,0.0,0.0,0.0,0.0,0.0,0.0,0.0,0.0,0.0
26.387,0.0001,0.6985,0.2098,0.0,0.0,0.0,0.0,0.0,0.0,0.0,0.0,0.0,0.0,0.0,0.0,0.0,0.0,0.0
26.437,0.0001,0.6985,0.2098,0.0,0.0,0.0,0.0,0.0,0.0,0.0,0.0,0.0,0.0,0.0,0.0,0.0,0.0,0.0
26.487,0.0001,0.6985,0.2098,0.0,0.0,0.0,0.0,0.0,0.0,0.0,0.0,0.0,0.0,0.0,0.0,0.0,0.0,0.0
26.537,0.0001,0.6985,0.2098,0.0,0.0,0.0,0.0,0.0,0.0,0.0,0.0,0.0,0.0,0.0,0.0,0.0,0.0,0.0
26.587,0.0001,0.6985,0.2098,0.0,0.0,0.0,0.0,0.0,0.0,0.0,0.0,0.0,0.0,0.0,0.0,0.0,0.0,0.0
26.637,0.0001,0.6985,0.2098,0.0,0.0,0.0,0.0,0.0,0.0,0.0,0.0,0.0,0.0,0.0,0.0,0.0,0.0,0.0
26.687,0.0001,0.6985,0.2098,0.0,0.0,0.0,0.0,0.0,0.0,0.0,0.0,0.0,0.0,0.0,0.0,0.0,0.0,0.0
26.737,0.0001,0.6985,0.2098,0.0,0.0,0.0,0.0,0.0,0.0,0.0,0.0,0.0,0.0,0.0,0.0,0.0,0.0,0.0
26.787,0.0001,0.6985,0.2098,0.0,0.0,0.0,0.0,0.0,0.0,0.0,0.0,0.0,0.0,0.0,0.0,0.0,0.0,0.0
26.838,0.0001,0.6985,0.2098,0.0,0.0,0.0,0.0,0.0,0.0,0.0,0.0,0.0,0.0,0.0,0.0,0.0,0.0,0.0
26.888,0.0001,0.6985,0.2098,0.0,0.0,0.0,0.0,0.0,0.0,0.0,0.0,0.0,0.0,0.0,0.0,0.0,0.0,0.0
26.937,0.0001,0.6985,0.2098,0.0,0.0,0.0,0.0,0.0,0.0,0.0,0.0,0.0,0.0,0.0,0.0,0.0,0.0,0.0
26.987,0.0001,0.6985,0.2098,0.0,0.0,0.0,0.0,0.0,0.0,0.0,0.0,0.0,0.0,0.0,0.0,0.0,0.0,0.0
27.037,0.0001,0.6985,0.2098,0.0,0.0,0.0,0.0,0.0,0.0,0.0,0.0,0.0,0.0,0.0,0.0,0.0,0.0,0.0
27.087,0.0001,0.6985,0.2098,0.0,0.0,0.0,0.0,0.0,0.0,0.0,0.0,0.0,0.0,0.0,0.0,0.0,0.0,0.0
27.137,0.0001,0.6985,0.2098,0.0,0.0,0.0,0.0,0.0,0.0,0.0,0.0,0.0,0.0,0.0,0.0,0.0,0.0,0.0
27.187,0.0001,0.6985,0.2098,0.0,0.0,0.0,0.0,0.0,0.0,0.0,0.0,0.0,0.0,0.0,0.0,0.0,0.0,0.0
27.238,0.0001,0.6985,0.2098,0.0,0.0,0.0,0.0,0.0,0.0,0.0,0.0,0.0,0.0,0.0,0.0,0.0,0.0,0.0
27.288,0.0001,0.6985,0.2098,0.0,0.0,0.0,0.0,0.0,0.0,0.0,0.0,0.0,0.0,0.0,0.0,0.0,0.0,0.0
27.338,0.0001,0.6985,0.2098,0.0,0.0,0.0,0.0,0.0,0.0,0.0,0.0,0.0,0.0,0.0,0.0,0.0,0.0,0.0
27.388,0.0001,0.6985,0.2098,0.0,0.0,0.0,0.0,0.0,0.0,0.0,0.0,0.0,0.0,0.0,0.0,0.0,0.0,0.0
27.437,0.0001,0.6985,0.2098,0.0,0.0,0.0,0.0,0.0,0.0,0.0,0.0,0.0,0.0,0.0,0.0,0.0,0.0,0.0
27.488,0.0001,0.6985,0.2098,0.0,0.0,0.0,0.0,0.0,0.0,0.0,0.0,0.0,0.0,0.0,0.0,0.0,0.0,0.0
27.538,0.0001,0.6985,0.2098,0.0,0.0,0.0,0.0,0.0,0.0,0.0,0.0,0.0,0.0,0.0,0.0,0.0,0.0,0.0
27.587,0.0001,0.6985,0.2098,0.0,0.0,0.0,0.0,0.0,0.0,0.0,0.0,0.0,0.0,0.0,0.0,0.0,0.0,0.0
27.637,0.0001,0.6985,0.2098,0.0,0.0,0.0,0.0,0.0,0.0,0.0,0.0,0.0,0.0,0.0,0.0,0.0,0.0,0.0
27.688,0.0001,0.6985,0.2098,0.0,0.0,0.0,0.0,0.0,0.0,0.0,0.0,0.0,0.0,0.0,0.0,0.0,0.0,0.0
27.738,0.0001,0.6985,0.2098,0.0,0.0,0.0,0.0,0.0,0.0,0.0,0.0,0.0,0.0,0.0,0.0,0.0,0.0,0.0
27.787,0.0001,0.6985,0.2098,0.0,0.0,0.0,0.0,0.0,0.0,0.0,0.0,0.0,0.0,0.0,0.0,0.0,0.0,0.0
27.837,0.0001,0.6985,0.2098,0.0,0.0,0.0,0.0,0.0,0.0,0.0,0.0,0.0,0.0,0.0,0.0,0.0,0.0,0.0
27.887,0.0001,0.6985,0.2098,0.0,0.0,0.0,0.0,0.0,0.0,0.0,0.0,0.0,0.0,0.0,0.0,0.0,0.0,0.0
27.938,0.0001,0.6985,0.2098,0.0,0.0,0.0,0.0,0.0,0.0,0.0,0.0,0.0,0.0,0.0,0.0,0.0,0.0,0.0
27.988,0.0001,0.6985,0.2098,0.0,0.0,0.0,0.0,0.0,0.0,0.0,0.0,0.0,0.0,0.0,0.0,0.0,0.0,0.0
28.038,0.0001,0.6985,0.2098,0.0,0.0,0.0,0.0,0.0,0.0,0.0,0.0,0.0,0.0,0.0,0.0,0.0,0.0,0.0
28.088,0.0001,0.6985,0.2098,0.0,0.0,0.0,0.0,0.0,0.0,0.0,0.0,0.0,0.0,0.0,0.0,0.0,0.0,0.0
28.138,0.0001,0.6985,0.2098,0.0,0.0,0.0,0.0,0.0,0.0,0.0,0.0,0.0,0.0,0.0,0.0,0.0,0.0,0.0
28.188,0.0001,0.6985,0.2098,0.0,0.0,0.0,0.0,0.0,0.0,0.0,0.0,0.0,0.0,0.0,0.0,0.0,0.0,0.0
28.237,0.0001,0.6985,0.2098,0.0,0.0,0.0,0.0,0.0,0.0,0.0,0.0,0.0,0.0,0.0,0.0,0.0,0.0,0.0
28.288,0.0001,0.6985,0.2098,0.0,0.0,0.0,0.0,0.0,0.0,0.0,0.0,0.0,0.0,0.0,0.0,0.0,0.0,0.0
28.338,0.0001,0.6985,0.2098,0.0,0.0,0.0,0.0,0.0,0.0,0.0,0.0,0.0,0.0,0.0,0.0,0.0,0.0,0.0
28.388,0.0001,0.6985,0.2098,0.0,0.0,0.0,0.0,0.0,0.0,0.0,0.0,0.0,0.0,0.0,0.0,0.0,0.0,0.0
28.436,0.0001,0.6985,0.2098,0.0,0.0,0.0,0.0,0.0,0.0,0.0,0.0,0.0,0.0,0.0,0.0,0.0,0.0,0.0
28.487,0.0001,0.6985,0.2098,0.0,0.0,0.0,0.0,0.0,0.0,0.0,0.0,0.0,0.0,0.0,0.0,0.0,0.0,0.0
28.538,0.0001,0.6985,0.2098,0.0,0.0,0.0,0.0,0.0,0.0,0.0,0.0,0.0,0.0,0.0,0.0,0.0,0.0,0.0
28.587,0.0001,0.6985,0.2098,0.0,0.0,0.0,0.0,0.0,0.0,0.0,0.0,0.0,0.0,0.0,0.0,0.0,0.0,0.0
28.638,0.0001,0.6985,0.2098,0.0,0.0,0.0,0.0,0.0,0.0,0.0,0.0,0.0,0.0,0.0,0.0,0.0,0.0,0.0
28.688,0.0001,0.6985,0.2098,0.0,0.0,0.0,0.0,0.0,0.0,0.0,0.0,0.0,0.0,0.0,0.0,0.0,0.0,0.0
28.737,0.0001,0.6985,0.2098,0.0,0.0,0.0,0.0,0.0,0.0,0.0,0.0,0.0,0.0,0.0,0.0,0.0,0.0,0.0
28.787,0.0001,0.6985,0.2098,0.0,0.0,0.0,0.0,0.0,0.0,0.0,0.0,0.0,0.0,0.0,0.0,0.0,0.0,0.0
28.837,0.0001,0.6985,0.2098,0.0,0.0,0.0,0.0,0.0,0.0,0.0,0.0,0.0,0.0,0.0,0.0,0.0,0.0,0.0
28.888,0.0001,0.6985,0.2098,0.0,0.0,0.0,0.0,0.0,0.0,0.0,0.0,0.0,0.0,0.0,0.0,0.0,0.0,0.0
28.938,0.0001,0.6985,0.2098,0.0,0.0,0.0,0.0,0.0,0.0,0.0,0.0,0.0,0.0,0.0,0.0,0.0,0.0,0.0
28.987,0.0001,0.6985,0.2098,0.0,0.0,0.0,0.0,0.0,0.0,0.0,0.0,0.0,0.0,0.0,0.0,0.0,0.0,0.0
29.037,0.0001,0.6985,0.2098,0.0,0.0,0.0,0.0,0.0,0.0,0.0,0.0,0.0,0.0,0.0,0.0,0.0,0.0,0.0
29.087,0.0001,0.6985,0.2098,0.0,0.0,0.0,0.0,0.0,0.0,0.0,0.0,0.0,0.0,0.0,0.0,0.0,0.0,0.0
29.137,0.0001,0.6985,0.2098,0.0,0.0,0.0,0.0,0.0,0.0,0.0,0.0,0.0,0.0,0.0,0.0,0.0,0.0,0.0
29.187,0.0001,0.6985,0.2098,0.0,0.0,0.0,0.0,0.0,0.0,0.0,0.0,0.0,0.0,0.0,0.0,0.0,0.0,0.0
29.237,0.0001,0.6985,0.2098,0.0,0.0,0.0,0.0,0.0,0.0,0.0,0.0,0.0,0.0,0.0,0.0,0.0,0.0,0.0
29.287,0.0001,0.6985,0.2098,0.0,0.0,0.0,0.0,0.0,0.0,0.0,0.0,0.0,0.0,0.0,0.0,0.0,0.0,0.0
29.337,0.0001,0.6985,0.2098,0.0,0.0,0.0,0.0,0.0,0.0,0.0,0.0,0.0,0.0,0.0,0.0,0.0,0.0,0.0
29.387,0.0001,0.6985,0.2098,0.0,0.0,0.0,0.0,0.0,0.0,0.0,0.0,0.0,0.0,0.0,0.0,0.0,0.0,0.0
29.437,0.0001,0.6985,0.2098,0.0,0.0,0.0,0.0,0.0,0.0,0.0,0.0,0.0,0.0,0.0,0.0,0.0,0.0,0.0
29.487,0.0001,0.6985,0.2098,0.0,0.0,0.0,0.0,0.0,0.0,0.0,0.0,0.0,0.0,0.0,0.0,0.0,0.0,0.0
29.537,0.0001,0.6985,0.2098,0.0,0.0,0.0,0.0,0.0,0.0,0.0,0.0,0.0,0.0,0.0,0.0,0.0,0.0,0.0
29.587,0.0001,0.6985,0.2098,0.0,0.0,0.0,0.0,0.0,0.0,0.0,0.0,0.0,0.0,0.0,0.0,0.0,0.0,0.0
29.638,0.0001,0.6985,0.2098,0.0,0.0,0.0,0.0,0.0,0.0,0.0,0.0,0.0,0.0,0.0,0.0,0.0,0.0,0.0
29.687,0.0001,0.6985,0.2098,0.0,0.0,0.0,0.0,0.0,0.0,0.0,0.0,0.0,0.0,0.0,0.0,0.0,0.0,0.0
29.737,0.0001,0.6985,0.2098,0.0,0.0,0.0,0.0,0.0,0.0,0.0,0.0,0.0,0.0,0.0,0.0,0.0,0.0,0.0
29.787,0.0001,0.6985,0.2098,0.0,0.0,0.0,0.0,0.0,0.0,0.0,0.0,0.0,0.0,0.0,0.0,0.0,0.0,0.0
29.837,0.0001,0.6985,0.2098,0.0,0.0,0.0,0.0,0.0,0.0,0.0,0.0,0.0,0.0,0.0,0.0,0.0,0.0,0.0
29.887,0.0001,0.6985,0.2098,0.0,0.0,0.0,0.0,0.0,0.0,0.0,0.0,0.0,0.0,0.0,0.0,0.0,0.0,0.0
29.937,0.0001,0.6985,0.2098,0.0,0.0,0.0,0.0,0.0,0.0,0.0,0.0,0.0,0.0,0.0,0.0,0.0,0.0,0.0
29.988,0.0001,0.6985,0.2098,0.0,0.0,0.0,0.0,0.0,0.0,0.0,0.0,0.0,0.0,0.0,0.0,0.0,0.0,0.0
30.037,0.0001,0.6985,0.2098,0.0,0.0,0.0,0.0,0.0,0.0,0.0,0.0,0.0,0.0,0.0,0.0,0.0,0.0,0.0
30.087,0.0001,0.6985,0.2098,0.0,0.0,0.0,0.0,0.0,0.0,0.0,0.0,0.0,0.0,0.0,0.0,0.0,0.0,0.0
30.138,0.0001,0.6985,0.2098,0.0,0.0,0.0,0.0,0.0,0.0,0.0,0.0,0.0,0.0,0.0,0.0,0.0,0.0,0.0
30.188,0.0001,0.6985,0.2098,0.0,0.0,0.0,0.0,0.0,0.0,0.0,0.0,0.0,0.0,0.0,0.0,0.0,0.0,0.0
30.238,0.0001,0.6985,0.2098,0.0,0.0,0.0,0.0,0.0,0.0,0.0,0.0,0.0,0.0,0.0,0.0,0.0,0.0,0.0
30.287,0.0001,0.6985,0.2098,0.0,0.0,0.0,0.0,0.0,0.0,0.0,0.0,0.0,0.0,0.0,0.0,0.0,0.0,0.0
30.337,0.0001,0.6985,0.2098,0.0,0.0,0.0,0.0,0.0,0.0,0.0,0.0,0.0,0.0,0.0,0.0,0.0,0.0,0.0
30.387,0.0001,0.6985,0.2098,0.0,0.0,0.0,0.0,0.0,0.0,0.0,0.0,0.0,0.0,0.0,0.0,0.0,0.0,0.0
30.437,0.0001,0.6985,0.2098,0.0,0.0,0.0,0.0,0.0,0.0,0.0,0.0,0.0,0.0,0.0,0.0,0.0,0.0,0.0
30.487,0.0001,0.6985,0.2098,0.0,0.0,0.0,0.0,0.0,0.0,0.0,0.0,0.0,0.0,0.0,0.0,0.0,0.0,0.0
30.538,0.0001,0.6985,0.2098,0.0,0.0,0.0,0.0,0.0,0.0,0.0,0.0,0.0,0.0,0.0,0.0,0.0,0.0,0.0
30.586,0.0001,0.6985,0.2098,0.0,0.0,0.0,0.0,0.0,0.0,0.0,0.0,0.0,0.0,0.0,0.0,0.0,0.0,0.0
30.637,0.0001,0.6985,0.2098,0.0,0.0,0.0,0.0,0.0,0.0,0.0,0.0,0.0,0.0,0.0,0.0,0.0,0.0,0.0
30.687,0.0001,0.6985,0.2098,0.0,0.0,0.0,0.0,0.0,0.0,0.0,0.0,0.0,0.0,0.0,0.0,0.0,0.0,0.0
30.737,0.0001,0.6985,0.2098,0.0,0.0,0.0,0.0,0.0,0.0,0.0,0.0,0.0,0.0,0.0,0.0,0.0,0.0,0.0
30.786,0.0001,0.6985,0.2098,0.0,0.0,0.0,0.0,0.0,0.0,0.0,0.0,0.0,0.0,0.0,0.0,0.0,0.0,0.0
30.837,0.0001,0.6985,0.2098,0.0,0.0,0.0,0.0,0.0,0.0,0.0,0.0,0.0,0.0,0.0,0.0,0.0,0.0,0.0
30.887,0.0001,0.6985,0.2098,0.0,0.0,0.0,0.0,0.0,0.0,0.0,0.0,0.0,0.0,0.0,0.0,0.0,0.0,0.0
30.938,0.0001,0.6985,0.2098,0.0,0.0,0.0,0.0,0.0,0.0,0.0,0.0,0.0,0.0,0.0,0.0,0.0,0.0,0.0
30.988,0.0001,0.6985,0.2098,0.0,0.0,0.0,0.0,0.0,0.0,0.0,0.0,0.0,0.0,0.0,0.0,0.0,0.0,0.0
31.037,0.0001,0.6985,0.2098,0.0,0.0,0.0,0.0,0.0,0.0,0.0,0.0,0.0,0.0,0.0,0.0,0.0,0.0,0.0
31.088,0.0001,0.6985,0.2098,0.0,0.0,0.0,0.0,0.0,0.0,0.0,0.0,0.0,0.0,0.0,0.0,0.0,0.0,0.0
31.138,0.0001,0.6985,0.2098,0.0,0.0,0.0,0.0,0.0,0.0,0.0,0.0,0.0,0.0,0.0,0.0,0.0,0.0,0.0
31.187,0.0001,0.6985,0.2098,0.0,0.0,0.0,0.0,0.0,0.0,0.0,0.0,0.0,0.0,0.0,0.0,0.0,0.0,0.0
31.238,0.0001,0.6985,0.2098,0.0,0.0,0.0,0.0,0.0,0.0,0.0,0.0,0.0,0.0,0.0,0.0,0.0,0.0,0.0
31.288,0.0001,0.6985,0.2098,0.0,0.0,0.0,0.0,0.0,0.0,0.0,0.0,0.0,0.0,0.0,0.0,0.0,0.0,0.0
31.337,0.0001,0.6985,0.2098,0.0,0.0,0.0,0.0,0.0,0.0,0.0,0.0,0.0,0.0,0.0,0.0,0.0,0.0,0.0
31.388,0.0001,0.6985,0.2098,0.0,0.0,0.0,0.0,0.0,0.0,0.0,0.0,0.0,0.0,0.0,0.0,0.0,0.0,0.0
31.438,0.0001,0.6985,0.2098,0.0,0.0,0.0,0.0,0.0,0.0,0.0,0.0,0.0,0.0,0.0,0.0,0.0,0.0,0.0
31.488,0.0001,0.6985,0.2098,0.0,0.0,0.0,0.0,0.0,0.0,0.0,0.0,0.0,0.0,0.0,0.0,0.0,0.0,0.0
31.537,0.0001,0.6985,0.2098,0.0,0.0,0.0,0.0,0.0,0.0,0.0,0.0,0.0,0.0,0.0,0.0,0.0,0.0,0.0
31.587,0.0001,0.6985,0.2098,0.0,0.0,0.0,0.0,0.0,0.0,0.0,0.0,0.0,0.0,0.0,0.0,0.0,0.0,0.0
31.637,0.0001,0.6985,0.2098,0.0,0.0,0.0,0.0,0.0,0.0,0.0,0.0,0.0,0.0,0.0,0.0,0.0,0.0,0.0
31.688,0.0001,0.6985,0.2098,0.0,0.0,0.0,0.0,0.0,0.0,0.0,0.0,0.0,0.0,0.0,0.0,0.0,0.0,0.0
31.737,0.0001,0.6985,0.2098,0.0,0.0,0.0,0.0,0.0,0.0,0.0,0.0,0.0,0.0,0.0,0.0,0.0,0.0,0.0
31.788,0.0001,0.6985,0.2098,0.0,0.0,0.0,0.0,0.0,0.0,0.0,0.0,0.0,0.0,0.0,0.0,0.0,0.0,0.0
31.838,0.0001,0.6985,0.2098,0.0,0.0,0.0,0.0,0.0,0.0,0.0,0.0,0.0,0.0,0.0,0.0,0.0,0.0,0.0
31.887,0.0001,0.6985,0.2098,0.0,0.0,0.0,0.0,0.0,0.0,0.0,0.0,0.0,0.0,0.0,0.0,0.0,0.0,0.0
31.937,0.0001,0.6985,0.2098,0.0,0.0,0.0,0.0,0.0,0.0,0.0,0.0,0.0,0.0,0.0,0.0,0.0,0.0,0.0
31.988,0.0001,0.6985,0.2098,0.0,0.0,0.0,0.0,0.0,0.0,0.0,0.0,0.0,0.0,0.0,0.0,0.0,0.0,0.0
32.037,0.0001,0.6985,0.2098,0.0,0.0,0.0,0.0,0.0,0.0,0.0,0.0,0.0,0.0,0.0,0.0,0.0,0.0,0.0
32.087,0.0001,0.6985,0.2098,0.0,0.0,0.0,0.0,0.0,0.0,0.0,0.0,0.0,0.0,0.0,0.0,0.0,0.0,0.0
32.138,0.0001,0.6985,0.2098,0.0,0.0,0.0,0.0,0.0,0.0,0.0,0.0,0.0,0.0,0.0,0.0,0.0,0.0,0.0
32.188,0.0001,0.6985,0.2098,0.0,0.0,0.0,0.0,0.0,0.0,0.0,0.0,0.0,0.0,0.0,0.0,0.0,0.0,0.0
32.237,0.0001,0.6985,0.2098,0.0,0.0,0.0,0.0,0.0,0.0,0.0,0.0,0.0,0.0,0.0,0.0,0.0,0.0,0.0
32.288,0.0001,0.6985,0.2098,0.0,0.0,0.0,0.0,0.0,0.0,0.0,0.0,0.0,0.0,0.0,0.0,0.0,0.0,0.0
32.337,0.0001,0.6985,0.2098,0.0,0.0,0.0,0.0,0.0,0.0,0.0,0.0,0.0,0.0,0.0,0.0,0.0,0.0,0.0
32.388,0.0001,0.6985,0.2098,0.0,0.0,0.0,0.0,0.0,0.0,0.0,0.0,0.0,0.0,0.0,0.0,0.0,0.0,0.0
32.438,0.0001,0.6985,0.2098,0.0,0.0,0.0,0.0,0.0,0.0,0.0,0.0,0.0,0.0,0.0,0.0,0.0,0.0,0.0
32.487,0.0001,0.6985,0.2098,0.0,0.0,0.0,0.0,0.0,0.0,0.0,0.0,0.0,0.0,0.0,0.0,0.0,0.0,0.0
32.537,0.0001,0.6985,0.2098,0.0,0.0,0.0,0.0,0.0,0.0,0.0,0.0,0.0,0.0,0.0,0.0,0.0,0.0,0.0
32.587,0.0001,0.6985,0.2098,0.0,0.0,0.0,0.0,0.0,0.0,0.0,0.0,0.0,0.0,0.0,0.0,0.0,0.0,0.0
32.636,0.0001,0.6985,0.2098,0.0,0.0,0.0,0.0,0.0,0.0,0.0,0.0,0.0,0.0,0.0,0.0,0.0,0.0,0.0
32.686,0.0001,0.6985,0.2098,0.0,0.0,0.0,0.0,0.0,0.0,0.0,0.0,0.0,0.0,0.0,0.0,0.0,0.0,0.0
32.737,0.0001,0.6985,0.2098,0.0,0.0,0.0,0.0,0.0,0.0,0.0,0.0,0.0,0.0,0.0,0.0,0.0,0.0,0.0
32.787,0.0001,0.6985,0.2098,0.0,0.0,0.0,0.0,0.0,0.0,0.0,0.0,0.0,0.0,0.0,0.0,0.0,0.0,0.0
32.837,0.0001,0.6985,0.2098,0.0,0.0,0.0,0.0,0.0,0.0,0.0,0.0,0.0,0.0,0.0,0.0,0.0,0.0,0.0
32.887,0.0001,0.6985,0.2098,0.0,0.0,0.0,0.0,0.0,0.0,0.0,0.0,0.0,0.0,0.0,0.0,0.0,0.0,0.0
32.937,0.0001,0.6985,0.2098,0.0,0.0,0.0,0.0,0.0,0.0,0.0,0.0,0.0,0.0,0.0,0.0,0.0,0.0,0.0
32.986,0.0001,0.6985,0.2098,0.0,0.0,0.0,0.0,0.0,0.0,0.0,0.0,0.0,0.0,0.0,0.0,0.0,0.0,0.0
33.037,0.0001,0.6985,0.2098,0.0,0.0,0.0,0.0,0.0,0.0,0.0,0.0,0.0,0.0,0.0,0.0,0.0,0.0,0.0
33.087,0.0001,0.6985,0.2098,0.0,0.0,0.0,0.0,0.0,0.0,0.0,0.0,0.0,0.0,0.0,0.0,0.0,0.0,0.0
33.138,0.0001,0.6985,0.2098,0.0,0.0,0.0,0.0,0.0,0.0,0.0,0.0,0.0,0.0,0.0,0.0,0.0,0.0,0.0
33.188,0.0001,0.6985,0.2098,0.0,0.0,0.0,0.0,0.0,0.0,0.0,0.0,0.0,0.0,0.0,0.0,0.0,0.0,0.0
33.239,0.0001,0.6985,0.2098,0.0,0.0,0.0,0.0,0.0,0.0,0.0,0.0,0.0,0.0,0.0,0.0,0.0,0.0,0.0
33.287,0.0001,0.6985,0.2098,0.0,0.0,0.0,0.0,0.0,0.0,0.0,0.0,0.0,0.0,0.0,0.0,0.0,0.0,0.0
33.337,0.0001,0.6985,0.2098,0.0,0.0,0.0,0.0,0.0,0.0,0.0,0.0,0.0,0.0,0.0,0.0,0.0,0.0,0.0
33.387,0.0001,0.6985,0.2098,0.0,0.0,0.0,0.0,0.0,0.0,0.0,0.0,0.0,0.0,0.0,0.0,0.0,0.0,0.0
33.437,0.0001,0.6985,0.2098,0.0,0.0,0.0,0.0,0.0,0.0,0.0,0.0,0.0,0.0,0.0,0.0,0.0,0.0,0.0
33.487,0.0001,0.6985,0.2098,0.0,0.0,0.0,0.0,0.0,0.0,0.0,0.0,0.0,0.0,0.0,0.0,0.0,0.0,0.0
33.537,0.0001,0.6985,0.2098,0.0,0.0,0.0,0.0,0.0,0.0,0.0,0.0,0.0,0.0,0.0,0.0,0.0,0.0,0.0
33.587,0.0001,0.6985,0.2098,0.0,0.0,0.0,0.0,0.0,0.0,0.0,0.0,0.0,0.0,0.0,0.0,0.0,0.0,0.0
33.637,0.0001,0.6985,0.2098,0.0,0.0,0.0,0.0,0.0,0.0,0.0,0.0,0.0,0.0,0.0,0.0,0.0,0.0,0.0
33.687,0.0001,0.6985,0.2098,0.0,0.0,0.0,0.0,0.0,0.0,0.0,0.0,0.0,0.0,0.0,0.0,0.0,0.0,0.0
33.738,0.0001,0.6985,0.2098,0.0,0.0,0.0,0.0,0.0,0.0,0.0,0.0,0.0,0.0,0.0,0.0,0.0,0.0,0.0
33.790,0.0001,0.6985,0.2098,0.0,0.0,0.0,0.0,0.0,0.0,0.0,0.0,0.0,0.0,0.0,0.0,0.0,0.0,0.0
33.837,0.0001,0.6985,0.2098,0.0,0.0,0.0,0.0,0.0,0.0,0.0,0.0,0.0,0.0,0.0,0.0,0.0,0.0,0.0
33.887,0.0001,0.6985,0.2098,0.0,0.0,0.0,0.0,0.0,0.0,0.0,0.0,0.0,0.0,0.0,0.0,0.0,0.0,0.0
33.937,0.0001,0.6985,0.2098,0.0,0.0,0.0,0.0,0.0,0.0,0.0,0.0,0.0,0.0,0.0,0.0,0.0,0.0,0.0
33.987,0.0001,0.6985,0.2098,0.0,0.0,0.0,0.0,0.0,0.0,0.0,0.0,0.0,0.0,0.0,0.0,0.0,0.0,0.0
34.037,0.0001,0.6985,0.2098,0.0,0.0,0.0,0.0,0.0,0.0,0.0,0.0,0.0,0.0,0.0,0.0,0.0,0.0,0.0
34.087,0.0001,0.6985,0.2098,0.0,0.0,0.0,0.0,0.0,0.0,0.0,0.0,0.0,0.0,0.0,0.0,0.0,0.0,0.0
34.137,0.0001,0.6985,0.2098,0.0,0.0,0.0,0.0,0.0,0.0,0.0,0.0,0.0,0.0,0.0,0.0,0.0,0.0,0.0
34.187,0.0001,0.6985,0.2098,0.0,0.0,0.0,0.0,0.0,0.0,0.0,0.0,0.0,0.0,0.0,0.0,0.0,0.0,0.0
34.237,0.0001,0.6985,0.2098,0.0,0.0,0.0,0.0,0.0,0.0,0.0,0.0,0.0,0.0,0.0,0.0,0.0,0.0,0.0
34.287,0.0001,0.6985,0.2098,0.0,0.0,0.0,0.0,0.0,0.0,0.0,0.0,0.0,0.0,0.0,0.0,0.0,0.0,0.0
34.338,0.0001,0.6985,0.2098,0.0,0.0,0.0,0.0,0.0,0.0,0.0,0.0,0.0,0.0,0.0,0.0,0.0,0.0,0.0
34.387,0.0001,0.6985,0.2098,0.0,0.0,0.0,0.0,0.0,0.0,0.0,0.0,0.0,0.0,0.0,0.0,0.0,0.0,0.0
34.438,0.0001,0.6985,0.2098,0.0,0.0,0.0,0.0,0.0,0.0,0.0,0.0,0.0,0.0,0.0,0.0,0.0,0.0,0.0
34.487,0.0001,0.6985,0.2098,0.0,0.0,0.0,0.0,0.0,0.0,0.0,0.0,0.0,0.0,0.0,0.0,0.0,0.0,0.0
34.537,0.0001,0.6985,0.2098,0.0,0.0,0.0,0.0,0.0,0.0,0.0,0.0,0.0,0.0,0.0,0.0,0.0,0.0,0.0
34.588,0.0001,0.6985,0.2098,0.0,0.0,0.0,0.0,0.0,0.0,0.0,0.0,0.0,0.0,0.0,0.0,0.0,0.0,0.0
34.637,0.0001,0.6985,0.2098,0.0,0.0,0.0,0.0,0.0,0.0,0.0,0.0,0.0,0.0,0.0,0.0,0.0,0.0,0.0
34.688,0.0001,0.6985,0.2098,0.0,0.0,0.0,0.0,0.0,0.0,0.0,0.0,0.0,0.0,0.0,0.0,0.0,0.0,0.0
34.737,0.0001,0.6985,0.2098,0.0,0.0,0.0,0.0,0.0,0.0,0.0,0.0,0.0,0.0,0.0,0.0,0.0,0.0,0.0
34.787,0.0001,0.6985,0.2098,0.0,0.0,0.0,0.0,0.0,0.0,0.0,0.0,0.0,0.0,0.0,0.0,0.0,0.0,0.0
34.838,0.0001,0.6985,0.2098,0.0,0.0,0.0,0.0,0.0,0.0,0.0,0.0,0.0,0.0,0.0,0.0,0.0,0.0,0.0
34.887,0.0001,0.6985,0.2098,0.0,0.0,0.0,0.0,0.0,0.0,0.0,0.0,0.0,0.0,0.0,0.0,0.0,0.0,0.0
34.937,0.0001,0.6985,0.2098,0.0,0.0,0.0,0.0,0.0,0.0,0.0,0.0,0.0,0.0,0.0,0.0,0.0,0.0,0.0
34.988,0.0001,0.6985,0.2098,0.0,0.0,0.0,0.0,0.0,0.0,0.0,0.0,0.0,0.0,0.0,0.0,0.0,0.0,0.0
35.038,0.0001,0.6985,0.2098,0.0,0.0,0.0,0.0,0.0,0.0,0.0,0.0,0.0,0.0,0.0,0.0,0.0,0.0,0.0
35.087,0.0001,0.6985,0.2098,0.0,0.0,0.0,0.0,0.0,0.0,0.0,0.0,0.0,0.0,0.0,0.0,0.0,0.0,0.0
35.137,0.0001,0.6985,0.2098,0.0,0.0,0.0,0.0,0.0,0.0,0.0,0.0,0.0,0.0,0.0,0.0,0.0,0.0,0.0
35.188,0.0001,0.6985,0.2098,0.0,0.0,0.0,0.0,0.0,0.0,0.0,0.0,0.0,0.0,0.0,0.0,0.0,0.0,0.0
35.237,0.0001,0.6985,0.2098,0.0,0.0,0.0,0.0,0.0,0.0,0.0,0.0,0.0,0.0,0.0,0.0,0.0,0.0,0.0
35.287,0.0001,0.6985,0.2098,0.0,0.0,0.0,0.0,0.0,0.0,0.0,0.0,0.0,0.0,0.0,0.0,0.0,0.0,0.0
35.338,0.0001,0.6985,0.2098,0.0,0.0,0.0,0.0,0.0,0.0,0.0,0.0,0.0,0.0,0.0,0.0,0.0,0.0,0.0
35.387,0.0001,0.6985,0.2098,0.0,0.0,0.0,0.0,0.0,0.0,0.0,0.0,0.0,0.0,0.0,0.0,0.0,0.0,0.0
35.437,0.0001,0.6985,0.2098,0.0,0.0,0.0,0.0,0.0,0.0,0.0,0.0,0.0,0.0,0.0,0.0,0.0,0.0,0.0
35.487,0.0001,0.6985,0.2098,0.0,0.0,0.0,0.0,0.0,0.0,0.0,0.0,0.0,0.0,0.0,0.0,0.0,0.0,0.0
35.537,0.0001,0.6985,0.2098,0.0,0.0,0.0,0.0,0.0,0.0,0.0,0.0,0.0,0.0,0.0,0.0,0.0,0.0,0.0
35.588,0.0001,0.6985,0.2098,0.0,0.0,0.0,0.0,0.0,0.0,0.0,0.0,0.0,0.0,0.0,0.0,0.0,0.0,0.0
35.637,0.0001,0.6985,0.2098,0.0,0.0,0.0,0.0,0.0,0.0,0.0,0.0,0.0,0.0,0.0,0.0,0.0,0.0,0.0
35.688,0.0001,0.6985,0.2098,0.0,0.0,0.0,0.0,0.0,0.0,0.0,0.0,0.0,0.0,0.0,0.0,0.0,0.0,0.0
35.738,0.0001,0.6985,0.2098,0.0,0.0,0.0,0.0,0.0,0.0,0.0,0.0,0.0,0.0,0.0,0.0,0.0,0.0,0.0
35.787,0.0001,0.6985,0.2098,0.0,0.0,0.0,0.0,0.0,0.0,0.0,0.0,0.0,0.0,0.0,0.0,0.0,0.0,0.0
35.838,0.0001,0.6985,0.2098,0.0,0.0,0.0,0.0,0.0,0.0,0.0,0.0,0.0,0.0,0.0,0.0,0.0,0.0,0.0
35.888,0.0001,0.6985,0.2098,0.0,0.0,0.0,0.0,0.0,0.0,0.0,0.0,0.0,0.0,0.0,0.0,0.0,0.0,0.0
35.938,0.0001,0.6985,0.2098,0.0,0.0,0.0,0.0,0.0,0.0,0.0,0.0,0.0,0.0,0.0,0.0,0.0,0.0,0.0
35.988,0.0001,0.6985,0.2098,0.0,0.0,0.0,0.0,0.0,0.0,0.0,0.0,0.0,0.0,0.0,0.0,0.0,0.0,0.0
36.039,0.0001,0.6985,0.2098,0.0,0.0,0.0,0.0,0.0,0.0,0.0,0.0,0.0,0.0,0.0,0.0,0.0,0.0,0.0
36.087,0.0001,0.6985,0.2098,0.0,0.0,0.0,0.0,0.0,0.0,0.0,0.0,0.0,0.0,0.0,0.0,0.0,0.0,0.0
36.137,0.0001,0.6985,0.2098,0.0,0.0,0.0,0.0,0.0,0.0,0.0,0.0,0.0,0.0,0.0,0.0,0.0,0.0,0.0
36.187,0.0001,0.6985,0.2098,0.0,0.0,0.0,0.0,0.0,0.0,0.0,0.0,0.0,0.0,0.0,0.0,0.0,0.0,0.0
36.237,0.0001,0.6985,0.2098,0.0,0.0,0.0,0.0,0.0,0.0,0.0,0.0,0.0,0.0,0.0,0.0,0.0,0.0,0.0
36.287,0.0001,0.6985,0.2098,0.0,0.0,0.0,0.0,0.0,0.0,0.0,0.0,0.0,0.0,0.0,0.0,0.0,0.0,0.0
36.337,0.0001,0.6985,0.2098,0.0,0.0,0.0,0.0,0.0,0.0,0.0,0.0,0.0,0.0,0.0,0.0,0.0,0.0,0.0
36.387,0.0001,0.6985,0.2098,0.0,0.0,0.0,0.0,0.0,0.0,0.0,0.0,0.0,0.0,0.0,0.0,0.0,0.0,0.0
36.436,0.0001,0.6985,0.2098,0.0,0.0,0.0,0.0,0.0,0.0,0.0,0.0,0.0,0.0,0.0,0.0,0.0,0.0,0.0
36.488,0.0001,0.6985,0.2098,0.0,0.0,0.0,0.0,0.0,0.0,0.0,0.0,0.0,0.0,0.0,0.0,0.0,0.0,0.0
36.537,0.0001,0.6985,0.2098,0.0,0.0,0.0,0.0,0.0,0.0,0.0,0.0,0.0,0.0,0.0,0.0,0.0,0.0,0.0
36.588,0.0001,0.6985,0.2098,0.0,0.0,0.0,0.0,0.0,0.0,0.0,0.0,0.0,0.0,0.0,0.0,0.0,0.0,0.0
36.638,0.0001,0.6985,0.2098,0.0,0.0,0.0,0.0,0.0,0.0,0.0,0.0,0.0,0.0,0.0,0.0,0.0,0.0,0.0
36.687,0.0001,0.6985,0.2098,0.0,0.0,0.0,0.0,0.0,0.0,0.0,0.0,0.0,0.0,0.0,0.0,0.0,0.0,0.0
36.737,0.0001,0.6985,0.2098,0.0,0.0,0.0,0.0,0.0,0.0,0.0,0.0,0.0,0.0,0.0,0.0,0.0,0.0,0.0
36.788,0.0001,0.6985,0.2098,0.0,0.0,0.0,0.0,0.0,0.0,0.0,0.0,0.0,0.0,0.0,0.0,0.0,0.0,0.0
36.838,0.0001,0.6985,0.2098,0.0,0.0,0.0,0.0,0.0,0.0,0.0,0.0,0.0,0.0,0.0,0.0,0.0,0.0,0.0
36.887,0.0001,0.6985,0.2098,0.0,0.0,0.0,0.0,0.0,0.0,0.0,0.0,0.0,0.0,0.0,0.0,0.0,0.0,0.0
36.938,0.0001,0.6985,0.2098,0.0,0.0,0.0,0.0,0.0,0.0,0.0,0.0,0.0,0.0,0.0,0.0,0.0,0.0,0.0
36.988,0.0001,0.6985,0.2098,0.0,0.0,0.0,0.0,0.0,0.0,0.0,0.0,0.0,0.0,0.0,0.0,0.0,0.0,0.0
37.038,0.0001,0.6985,0.2098,0.0,0.0,0.0,0.0,0.0,0.0,0.0,0.0,0.0,0.0,0.0,0.0,0.0,0.0,0.0
37.087,0.0001,0.6985,0.2098,0.0,0.0,0.0,0.0,0.0,0.0,0.0,0.0,0.0,0.0,0.0,0.0,0.0,0.0,0.0
37.138,0.0001,0.6985,0.2098,0.0,0.0,0.0,0.0,0.0,0.0,0.0,0.0,0.0,0.0,0.0,0.0,0.0,0.0,0.0
37.187,0.0001,0.6985,0.2098,0.0,0.0,0.0,0.0,0.0,0.0,0.0,0.0,0.0,0.0,0.0,0.0,0.0,0.0,0.0
37.237,0.0001,0.6985,0.2098,0.0,0.0,0.0,0.0,0.0,0.0,0.0,0.0,0.0,0.0,0.0,0.0,0.0,0.0,0.0
37.288,0.0001,0.6985,0.2098,0.0,0.0,0.0,0.0,0.0,0.0,0.0,0.0,0.0,0.0,0.0,0.0,0.0,0.0,0.0
37.337,0.0001,0.6985,0.2098,0.0,0.0,0.0,0.0,0.0,0.0,0.0,0.0,0.0,0.0,0.0,0.0,0.0,0.0,0.0
37.388,0.0001,0.6985,0.2098,0.0,0.0,0.0,0.0,0.0,0.0,0.0,0.0,0.0,0.0,0.0,0.0,0.0,0.0,0.0
37.437,0.0001,0.6985,0.2098,0.0,0.0,0.0,0.0,0.0,0.0,0.0,0.0,0.0,0.0,0.0,0.0,0.0,0.0,0.0
37.487,0.0001,0.6985,0.2098,0.0,0.0,0.0,0.0,0.0,0.0,0.0,0.0,0.0,0.0,0.0,0.0,0.0,0.0,0.0
37.537,0.0001,0.6985,0.2098,0.0,0.0,0.0,0.0,0.0,0.0,0.0,0.0,0.0,0.0,0.0,0.0,0.0,0.0,0.0
37.588,0.0001,0.6985,0.2098,0.0,0.0,0.0,0.0,0.0,0.0,0.0,0.0,0.0,0.0,0.0,0.0,0.0,0.0,0.0
37.637,0.0001,0.6985,0.2098,0.0,0.0,0.0,0.0,0.0,0.0,0.0,0.0,0.0,0.0,0.0,0.0,0.0,0.0,0.0
37.687,0.0001,0.6985,0.2098,0.0,0.0,0.0,0.0,0.0,0.0,0.0,0.0,0.0,0.0,0.0,0.0,0.0,0.0,0.0
37.737,0.0001,0.6985,0.2098,0.0,0.0,0.0,0.0,0.0,0.0,0.0,0.0,0.0,0.0,0.0,0.0,0.0,0.0,0.0
37.787,0.0001,0.6985,0.2098,0.0,0.0,0.0,0.0,0.0,0.0,0.0,0.0,0.0,0.0,0.0,0.0,0.0,0.0,0.0
37.837,0.0001,0.6985,0.2098,0.0,0.0,0.0,0.0,0.0,0.0,0.0,0.0,0.0,0.0,0.0,0.0,0.0,0.0,0.0
37.887,0.0001,0.6985,0.2098,0.0,0.0,0.0,0.0,0.0,0.0,0.0,0.0,0.0,0.0,0.0,0.0,0.0,0.0,0.0
37.938,0.0001,0.6985,0.2098,0.0,0.0,0.0,0.0,0.0,0.0,0.0,0.0,0.0,0.0,0.0,0.0,0.0,0.0,0.0
37.987,0.0001,0.6985,0.2098,0.0,0.0,0.0,0.0,0.0,0.0,0.0,0.0,0.0,0.0,0.0,0.0,0.0,0.0,0.0
38.037,0.0001,0.6985,0.2098,0.0,0.0,0.0,0.0,0.0,0.0,0.0,0.0,0.0,0.0,0.0,0.0,0.0,0.0,0.0
38.087,0.0001,0.6985,0.2098,0.0,0.0,0.0,0.0,0.0,0.0,0.0,0.0,0.0,0.0,0.0,0.0,0.0,0.0,0.0
38.139,0.0001,0.6985,0.2098,0.0,0.0,0.0,0.0,0.0,0.0,0.0,0.0,0.0,0.0,0.0,0.0,0.0,0.0,0.0
38.188,0.0001,0.6985,0.2098,0.0,0.0,0.0,0.0,0.0,0.0,0.0,0.0,0.0,0.0,0.0,0.0,0.0,0.0,0.0
38.238,0.0001,0.6985,0.2098,0.0,0.0,0.0,0.0,0.0,0.0,0.0,0.0,0.0,0.0,0.0,0.0,0.0,0.0,0.0
38.288,0.0001,0.6985,0.2098,0.0,0.0,0.0,0.0,0.0,0.0,0.0,0.0,0.0,0.0,0.0,0.0,0.0,0.0,0.0
38.338,0.0001,0.6985,0.2098,0.0,0.0,0.0,0.0,0.0,0.0,0.0,0.0,0.0,0.0,0.0,0.0,0.0,0.0,0.0
38.388,0.0001,0.6985,0.2098,0.0,0.0,0.0,0.0,0.0,0.0,0.0,0.0,0.0,0.0,0.0,0.0,0.0,0.0,0.0
38.437,0.0001,0.6985,0.2098,0.0,0.0,0.0,0.0,0.0,0.0,0.0,0.0,0.0,0.0,0.0,0.0,0.0,0.0,0.0
38.487,0.0001,0.6985,0.2098,0.0,0.0,0.0,0.0,0.0,0.0,0.0,0.0,0.0,0.0,0.0,0.0,0.0,0.0,0.0
38.537,0.0001,0.6985,0.2098,0.0,0.0,0.0,0.0,0.0,0.0,0.0,0.0,0.0,0.0,0.0,0.0,0.0,0.0,0.0
38.588,0.0001,0.6985,0.2098,0.0,0.0,0.0,0.0,0.0,0.0,0.0,0.0,0.0,0.0,0.0,0.0,0.0,0.0,0.0
38.637,0.0001,0.6985,0.2098,0.0,0.0,0.0,0.0,0.0,0.0,0.0,0.0,0.0,0.0,0.0,0.0,0.0,0.0,0.0
38.688,0.0001,0.6985,0.2098,0.0,0.0,0.0,0.0,0.0,0.0,0.0,0.0,0.0,0.0,0.0,0.0,0.0,0.0,0.0
38.737,0.0001,0.6985,0.2098,0.0,0.0,0.0,0.0,0.0,0.0,0.0,0.0,0.0,0.0,0.0,0.0,0.0,0.0,0.0
38.787,0.0001,0.6985,0.2098,0.0,0.0,0.0,0.0,0.0,0.0,0.0,0.0,0.0,0.0,0.0,0.0,0.0,0.0,0.0
38.838,0.0001,0.6985,0.2098,0.0,0.0,0.0,0.0,0.0,0.0,0.0,0.0,0.0,0.0,0.0,0.0,0.0,0.0,0.0
38.888,0.0001,0.6985,0.2098,0.0,0.0,0.0,0.0,0.0,0.0,0.0,0.0,0.0,0.0,0.0,0.0,0.0,0.0,0.0
38.937,0.0001,0.6985,0.2098,0.0,0.0,0.0,0.0,0.0,0.0,0.0,0.0,0.0,0.0,0.0,0.0,0.0,0.0,0.0
38.987,0.0001,0.6985,0.2098,0.0,0.0,0.0,0.0,0.0,0.0,0.0,0.0,0.0,0.0,0.0,0.0,0.0,0.0,0.0
39.037,0.0001,0.6985,0.2098,0.0,0.0,0.0,0.0,0.0,0.0,0.0,0.0,0.0,0.0,0.0,0.0,0.0,0.0,0.0
39.088,0.0001,0.6985,0.2098,0.0,0.0,0.0,0.0,0.0,0.0,0.0,0.0,0.0,0.0,0.0,0.0,0.0,0.0,0.0
39.138,0.0001,0.6985,0.2098,0.0,0.0,0.0,0.0,0.0,0.0,0.0,0.0,0.0,0.0,0.0,0.0,0.0,0.0,0.0
39.187,0.0001,0.6985,0.2098,0.0,0.0,0.0,0.0,0.0,0.0,0.0,0.0,0.0,0.0,0.0,0.0,0.0,0.0,0.0
39.237,0.0001,0.6985,0.2098,0.0,0.0,0.0,0.0,0.0,0.0,0.0,0.0,0.0,0.0,0.0,0.0,0.0,0.0,0.0
39.287,0.0001,0.6985,0.2098,0.0,0.0,0.0,0.0,0.0,0.0,0.0,0.0,0.0,0.0,0.0,0.0,0.0,0.0,0.0
39.337,0.0001,0.6985,0.2098,0.0,0.0,0.0,0.0,0.0,0.0,0.0,0.0,0.0,0.0,0.0,0.0,0.0,0.0,0.0
39.387,0.0001,0.6985,0.2098,0.0,0.0,0.0,0.0,0.0,0.0,0.0,0.0,0.0,0.0,0.0,0.0,0.0,0.0,0.0
39.437,0.0001,0.6985,0.2098,0.0,0.0,0.0,0.0,0.0,0.0,0.0,0.0,0.0,0.0,0.0,0.0,0.0,0.0,0.0
39.487,0.0001,0.6985,0.2098,0.0,0.0,0.0,0.0,0.0,0.0,0.0,0.0,0.0,0.0,0.0,0.0,0.0,0.0,0.0
39.537,0.0001,0.6985,0.2098,0.0,0.0,0.0,0.0,0.0,0.0,0.0,0.0,0.0,0.0,0.0,0.0,0.0,0.0,0.0
39.587,0.0001,0.6985,0.2098,0.0,0.0,0.0,0.0,0.0,0.0,0.0,0.0,0.0,0.0,0.0,0.0,0.0,0.0,0.0
39.637,0.0001,0.6985,0.2098,0.0,0.0,0.0,0.0,0.0,0.0,0.0,0.0,0.0,0.0,0.0,0.0,0.0,0.0,0.0
39.687,0.0001,0.6985,0.2098,0.0,0.0,0.0,0.0,0.0,0.0,0.0,0.0,0.0,0.0,0.0,0.0,0.0,0.0,0.0
39.738,0.0001,0.6985,0.2098,0.0,0.0,0.0,0.0,0.0,0.0,0.0,0.0,0.0,0.0,0.0,0.0,0.0,0.0,0.0
39.787,0.0001,0.6985,0.2098,0.0,0.0,0.0,0.0,0.0,0.0,0.0,0.0,0.0,0.0,0.0,0.0,0.0,0.0,0.0
39.837,0.0001,0.6985,0.2098,0.0,0.0,0.0,0.0,0.0,0.0,0.0,0.0,0.0,0.0,0.0,0.0,0.0,0.0,0.0
39.887,0.0001,0.6985,0.2098,0.0,0.0,0.0,0.0,0.0,0.0,0.0,0.0,0.0,0.0,0.0,0.0,0.0,0.0,0.0
39.937,0.0001,0.6985,0.2098,0.0,0.0,0.0,0.0,0.0,0.0,0.0,0.0,0.0,0.0,0.0,0.0,0.0,0.0,0.0
39.987,0.0001,0.6985,0.2098,0.0,0.0,0.0,0.0,0.0,0.0,0.0,0.0,0.0,0.0,0.0,0.0,0.0,0.0,0.0
40.038,0.0001,0.6985,0.2098,0.0,0.0,0.0,0.0,0.0,0.0,0.0,0.0,0.0,0.0,0.0,0.0,0.0,0.0,0.0
40.088,0.0001,0.6985,0.2098,0.0,0.0,0.0,0.0,0.0,0.0,0.0,0.0,0.0,0.0,0.0,0.0,0.0,0.0,0.0
40.138,0.0001,0.6985,0.2098,0.0,0.0,0.0,0.0,0.0,0.0,0.0,0.0,0.0,0.0,0.0,0.0,0.0,0.0,0.0
40.188,0.0001,0.6985,0.2098,0.0,0.0,0.0,0.0,0.0,0.0,0.0,0.0,0.0,0.0,0.0,0.0,0.0,0.0,0.0
40.238,0.0001,0.6985,0.2098,0.0,0.0,0.0,0.0,0.0,0.0,0.0,0.0,0.0,0.0,0.0,0.0,0.0,0.0,0.0
40.288,0.0001,0.6985,0.2098,0.0,0.0,0.0,0.0,0.0,0.0,0.0,0.0,0.0,0.0,0.0,0.0,0.0,0.0,0.0
40.338,0.0001,0.6985,0.2098,0.0,0.0,0.0,0.0,0.0,0.0,0.0,0.0,0.0,0.0,0.0,0.0,0.0,0.0,0.0
40.387,0.0001,0.6985,0.2098,0.0,0.0,0.0,0.0,0.0,0.0,0.0,0.0,0.0,0.0,0.0,0.0,0.0,0.0,0.0
40.437,0.0001,0.6985,0.2098,0.0,0.0,0.0,0.0,0.0,0.0,0.0,0.0,0.0,0.0,0.0,0.0,0.0,0.0,0.0
40.487,0.0001,0.6985,0.2098,0.0,0.0,0.0,0.0,0.0,0.0,0.0,0.0,0.0,0.0,0.0,0.0,0.0,0.0,0.0
40.537,0.0001,0.6985,0.2098,0.0,0.0,0.0,0.0,0.0,0.0,0.0,0.0,0.0,0.0,0.0,0.0,0.0,0.0,0.0
40.587,0.0001,0.6985,0.2098,0.0,0.0,0.0,0.0,0.0,0.0,0.0,0.0,0.0,0.0,0.0,0.0,0.0,0.0,0.0
40.637,0.0001,0.6985,0.2098,0.0,0.0,0.0,0.0,0.0,0.0,0.0,0.0,0.0,0.0,0.0,0.0,0.0,0.0,0.0
40.687,0.0001,0.6985,0.2098,0.0,0.0,0.0,0.0,0.0,0.0,0.0,0.0,0.0,0.0,0.0,0.0,0.0,0.0,0.0
40.737,0.0001,0.6985,0.2098,0.0,0.0,0.0,0.0,0.0,0.0,0.0,0.0,0.0,0.0,0.0,0.0,0.0,0.0,0.0
40.788,0.0001,0.6985,0.2098,0.0,0.0,0.0,0.0,0.0,0.0,0.0,0.0,0.0,0.0,0.0,0.0,0.0,0.0,0.0
40.837,0.0001,0.6985,0.2098,0.0,0.0,0.0,0.0,0.0,0.0,0.0,0.0,0.0,0.0,0.0,0.0,0.0,0.0,0.0
40.888,0.0001,0.6985,0.2098,0.0,0.0,0.0,0.0,0.0,0.0,0.0,0.0,0.0,0.0,0.0,0.0,0.0,0.0,0.0
40.938,0.0001,0.6985,0.2098,0.0,0.0,0.0,0.0,0.0,0.0,0.0,0.0,0.0,0.0,0.0,0.0,0.0,0.0,0.0
40.988,0.0001,0.6985,0.2098,0.0,0.0,0.0,0.0,0.0,0.0,0.0,0.0,0.0,0.0,0.0,0.0,0.0,0.0,0.0
41.037,0.0001,0.6985,0.2098,0.0,0.0,0.0,0.0,0.0,0.0,0.0,0.0,0.0,0.0,0.0,0.0,0.0,0.0,0.0
41.087,0.0001,0.6985,0.2098,0.0,0.0,0.0,0.0,0.0,0.0,0.0,0.0,0.0,0.0,0.0,0.0,0.0,0.0,0.0
41.138,0.0001,0.6985,0.2098,0.0,0.0,0.0,0.0,0.0,0.0,0.0,0.0,0.0,0.0,0.0,0.0,0.0,0.0,0.0
41.187,0.0001,0.6985,0.2098,0.0,0.0,0.0,0.0,0.0,0.0,0.0,0.0,0.0,0.0,0.0,0.0,0.0,0.0,0.0
41.237,0.0001,0.6985,0.2098,0.0,0.0,0.0,0.0,0.0,0.0,0.0,0.0,0.0,0.0,0.0,0.0,0.0,0.0,0.0
41.287,0.0001,0.6985,0.2098,0.0,0.0,0.0,0.0,0.0,0.0,0.0,0.0,0.0,0.0,0.0,0.0,0.0,0.0,0.0
41.338,0.0001,0.6985,0.2098,0.0,0.0,0.0,0.0,0.0,0.0,0.0,0.0,0.0,0.0,0.0,0.0,0.0,0.0,0.0
41.388,0.0001,0.6985,0.2098,0.0,0.0,0.0,0.0,0.0,0.0,0.0,0.0,0.0,0.0,0.0,0.0,0.0,0.0,0.0
41.437,0.0001,0.6985,0.2098,0.0,0.0,0.0,0.0,0.0,0.0,0.0,0.0,0.0,0.0,0.0,0.0,0.0,0.0,0.0
41.487,0.0001,0.6985,0.2098,0.0,0.0,0.0,0.0,0.0,0.0,0.0,0.0,0.0,0.0,0.0,0.0,0.0,0.0,0.0
41.537,0.0001,0.6985,0.2098,0.0,0.0,0.0,0.0,0.0,0.0,0.0,0.0,0.0,0.0,0.0,0.0,0.0,0.0,0.0
41.588,0.0001,0.6985,0.2098,0.0,0.0,0.0,0.0,0.0,0.0,0.0,0.0,0.0,0.0,0.0,0.0,0.0,0.0,0.0
41.638,0.0001,0.6985,0.2098,0.0,0.0,0.0,0.0,0.0,0.0,0.0,0.0,0.0,0.0,0.0,0.0,0.0,0.0,0.0
41.687,0.0001,0.6985,0.2098,0.0,0.0,0.0,0.0,0.0,0.0,0.0,0.0,0.0,0.0,0.0,0.0,0.0,0.0,0.0
41.737,0.0001,0.6985,0.2098,0.0,0.0,0.0,0.0,0.0,0.0,0.0,0.0,0.0,0.0,0.0,0.0,0.0,0.0,0.0
41.787,0.0001,0.6985,0.2098,0.0,0.0,0.0,0.0,0.0,0.0,0.0,0.0,0.0,0.0,0.0,0.0,0.0,0.0,0.0
41.838,0.0001,0.6985,0.2098,0.0,0.0,0.0,0.0,0.0,0.0,0.0,0.0,0.0,0.0,0.0,0.0,0.0,0.0,0.0
41.887,0.0001,0.6985,0.2098,0.0,0.0,0.0,0.0,0.0,0.0,0.0,0.0,0.0,0.0,0.0,0.0,0.0,0.0,0.0
41.938,0.0001,0.6985,0.2098,0.0,0.0,0.0,0.0,0.0,0.0,0.0,0.0,0.0,0.0,0.0,0.0,0.0,0.0,0.0
41.988,0.0001,0.6985,0.2098,0.0,0.0,0.0,0.0,0.0,0.0,0.0,0.0,0.0,0.0,0.0,0.0,0.0,0.0,0.0
42.038,0.0001,0.6985,0.2098,0.0,0.0,0.0,0.0,0.0,0.0,0.0,0.0,0.0,0.0,0.0,0.0,0.0,0.0,0.0
42.087,0.0001,0.6985,0.2098,0.0,0.0,0.0,0.0,0.0,0.0,0.0,0.0,0.0,0.0,0.0,0.0,0.0,0.0,0.0
42.138,0.0001,0.6985,0.2098,0.0,0.0,0.0,0.0,0.0,0.0,0.0,0.0,0.0,0.0,0.0,0.0,0.0,0.0,0.0
42.187,0.0001,0.6985,0.2098,0.0,0.0,0.0,0.0,0.0,0.0,0.0,0.0,0.0,0.0,0.0,0.0,0.0,0.0,0.0
42.237,0.0001,0.6985,0.2098,0.0,0.0,0.0,0.0,0.0,0.0,0.0,0.0,0.0,0.0,0.0,0.0,0.0,0.0,0.0
42.288,0.0001,0.6985,0.2098,0.0,0.0,0.0,0.0,0.0,0.0,0.0,0.0,0.0,0.0,0.0,0.0,0.0,0.0,0.0
42.337,0.0001,0.6985,0.2098,0.0,0.0,0.0,0.0,0.0,0.0,0.0,0.0,0.0,0.0,0.0,0.0,0.0,0.0,0.0
42.388,0.0001,0.6985,0.2098,0.0,0.0,0.0,0.0,0.0,0.0,0.0,0.0,0.0,0.0,0.0,0.0,0.0,0.0,0.0
42.438,0.0001,0.6985,0.2098,0.0,0.0,0.0,0.0,0.0,0.0,0.0,0.0,0.0,0.0,0.0,0.0,0.0,0.0,0.0
42.488,0.0001,0.6985,0.2098,0.0,0.0,0.0,0.0,0.0,0.0,0.0,0.0,0.0,0.0,0.0,0.0,0.0,0.0,0.0
42.537,0.0001,0.6985,0.2098,0.0,0.0,0.0,0.0,0.0,0.0,0.0,0.0,0.0,0.0,0.0,0.0,0.0,0.0,0.0
42.587,0.0001,0.6985,0.2098,0.0,0.0,0.0,0.0,0.0,0.0,0.0,0.0,0.0,0.0,0.0,0.0,0.0,0.0,0.0
42.637,0.0001,0.6985,0.2098,0.0,0.0,0.0,0.0,0.0,0.0,0.0,0.0,0.0,0.0,0.0,0.0,0.0,0.0,0.0
42.687,0.0001,0.6985,0.2098,0.0,0.0,0.0,0.0,0.0,0.0,0.0,0.0,0.0,0.0,0.0,0.0,0.0,0.0,0.0
42.737,0.0001,0.6985,0.2098,0.0,0.0,0.0,0.0,0.0,0.0,0.0,0.0,0.0,0.0,0.0,0.0,0.0,0.0,0.0
42.787,0.0001,0.6985,0.2098,0.0,0.0,0.0,0.0,0.0,0.0,0.0,0.0,0.0,0.0,0.0,0.0,0.0,0.0,0.0
42.837,0.0001,0.6985,0.2098,0.0,0.0,0.0,0.0,0.0,0.0,0.0,0.0,0.0,0.0,0.0,0.0,0.0,0.0,0.0
42.887,0.0001,0.6985,0.2098,0.0,0.0,0.0,0.0,0.0,0.0,0.0,0.0,0.0,0.0,0.0,0.0,0.0,0.0,0.0
42.937,0.0001,0.6985,0.2098,0.0,0.0,0.0,0.0,0.0,0.0,0.0,0.0,0.0,0.0,0.0,0.0,0.0,0.0,0.0
42.987,0.0001,0.6985,0.2098,0.0,0.0,0.0,0.0,0.0,0.0,0.0,0.0,0.0,0.0,0.0,0.0,0.0,0.0,0.0
43.037,0.0001,0.6985,0.2098,0.0,0.0,0.0,0.0,0.0,0.0,0.0,0.0,0.0,0.0,0.0,0.0,0.0,0.0,0.0
43.087,0.0001,0.6985,0.2098,0.0,0.0,0.0,0.0,0.0,0.0,0.0,0.0,0.0,0.0,0.0,0.0,0.0,0.0,0.0
43.137,0.0001,0.6985,0.2098,0.0,0.0,0.0,0.0,0.0,0.0,0.0,0.0,0.0,0.0,0.0,0.0,0.0,0.0,0.0
43.187,0.0001,0.6985,0.2098,0.0,0.0,0.0,0.0,0.0,0.0,0.0,0.0,0.0,0.0,0.0,0.0,0.0,0.0,0.0
43.237,0.0001,0.6985,0.2098,0.0,0.0,0.0,0.0,0.0,0.0,0.0,0.0,0.0,0.0,0.0,0.0,0.0,0.0,0.0
43.288,0.0001,0.6985,0.2098,0.0,0.0,0.0,0.0,0.0,0.0,0.0,0.0,0.0,0.0,0.0,0.0,0.0,0.0,0.0
43.338,0.0001,0.6985,0.2098,0.0,0.0,0.0,0.0,0.0,0.0,0.0,0.0,0.0,0.0,0.0,0.0,0.0,0.0,0.0
43.384,0.0001,0.6985,0.2098,0.0,0.0,0.0,0.0,0.0,0.0,0.0,0.0,0.0,0.0,0.0,0.0,0.0,0.0,0.0
43.435,0.0001,0.6985,0.2098,0.0,0.0,0.0,0.0,0.0,0.0,0.0,0.0,0.0,0.0,0.0,0.0,0.0,0.0,0.0
43.486,0.0001,0.6985,0.2098,0.0,0.0,0.0,0.0,0.0,0.0,0.0,0.0,0.0,0.0,0.0,0.0,0.0,0.0,0.0
43.536,0.0001,0.6985,0.2098,0.0,0.0,0.0,0.0,0.0,0.0,0.0,0.0,0.0,0.0,0.0,0.0,0.0,0.0,0.0
43.586,0.0001,0.6985,0.2098,0.0,0.0,0.0,0.0,0.0,0.0,0.0,0.0,0.0,0.0,0.0,0.0,0.0,0.0,0.0
43.635,0.0001,0.6985,0.2098,0.0,0.0,0.0,0.0,0.0,0.0,0.0,0.0,0.0,0.0,0.0,0.0,0.0,0.0,0.0
43.686,0.0001,0.6985,0.2098,0.0,0.0,0.0,0.0,0.0,0.0,0.0,0.0,0.0,0.0,0.0,0.0,0.0,0.0,0.0
43.736,0.0001,0.6985,0.2098,0.0,0.0,0.0,0.0,0.0,0.0,0.0,0.0,0.0,0.0,0.0,0.0,0.0,0.0,0.0
43.787,0.0001,0.6985,0.2098,0.0,0.0,0.0,0.0,0.0,0.0,0.0,0.0,0.0,0.0,0.0,0.0,0.0,0.0,0.0
43.837,0.0001,0.6985,0.2098,0.0,0.0,0.0,0.0,0.0,0.0,0.0,0.0,0.0,0.0,0.0,0.0,0.0,0.0,0.0
43.887,0.0001,0.6985,0.2098,0.0,0.0,0.0,0.0,0.0,0.0,0.0,0.0,0.0,0.0,0.0,0.0,0.0,0.0,0.0
43.937,0.0001,0.6985,0.2098,0.0,0.0,0.0,0.0,0.0,0.0,0.0,0.0,0.0,0.0,0.0,0.0,0.0,0.0,0.0
43.987,0.0001,0.6985,0.2098,0.0,0.0,0.0,0.0,0.0,0.0,0.0,0.0,0.0,0.0,0.0,0.0,0.0,0.0,0.0
44.037,0.0001,0.6985,0.2098,0.0,0.0,0.0,0.0,0.0,0.0,0.0,0.0,0.0,0.0,0.0,0.0,0.0,0.0,0.0
44.088,0.0001,0.6985,0.2098,0.0,0.0,0.0,0.0,0.0,0.0,0.0,0.0,0.0,0.0,0.0,0.0,0.0,0.0,0.0
44.137,0.0001,0.6985,0.2098,0.0,0.0,0.0,0.0,0.0,0.0,0.0,0.0,0.0,0.0,0.0,0.0,0.0,0.0,0.0
44.187,0.0001,0.6985,0.2098,0.0,0.0,0.0,0.0,0.0,0.0,0.0,0.0,0.0,0.0,0.0,0.0,0.0,0.0,0.0
44.237,0.0001,0.6985,0.2098,0.0,0.0,0.0,0.0,0.0,0.0,0.0,0.0,0.0,0.0,0.0,0.0,0.0,0.0,0.0
44.287,0.0001,0.6985,0.2098,0.0,0.0,0.0,0.0,0.0,0.0,0.0,0.0,0.0,0.0,0.0,0.0,0.0,0.0,0.0
44.338,0.0001,0.6985,0.2098,0.0,0.0,0.0,0.0,0.0,0.0,0.0,0.0,0.0,0.0,0.0,0.0,0.0,0.0,0.0
44.388,0.0001,0.6985,0.2098,0.0,0.0,0.0,0.0,0.0,0.0,0.0,0.0,0.0,0.0,0.0,0.0,0.0,0.0,0.0
44.438,0.0001,0.6985,0.2098,0.0,0.0,0.0,0.0,0.0,0.0,0.0,0.0,0.0,0.0,0.0,0.0,0.0,0.0,0.0
44.487,0.0001,0.6985,0.2098,0.0,0.0,0.0,0.0,0.0,0.0,0.0,0.0,0.0,0.0,0.0,0.0,0.0,0.0,0.0
44.537,0.0001,0.6985,0.2098,0.0,0.0,0.0,0.0,0.0,0.0,0.0,0.0,0.0,0.0,0.0,0.0,0.0,0.0,0.0
44.587,0.0001,0.6985,0.2098,0.0,0.0,0.0,0.0,0.0,0.0,0.0,0.0,0.0,0.0,0.0,0.0,0.0,0.0,0.0
44.637,0.0001,0.6985,0.2098,0.0,0.0,0.0,0.0,0.0,0.0,0.0,0.0,0.0,0.0,0.0,0.0,0.0,0.0,0.0
44.687,0.0001,0.6985,0.2098,0.0,0.0,0.0,0.0,0.0,0.0,0.0,0.0,0.0,0.0,0.0,0.0,0.0,0.0,0.0
44.737,0.0001,0.6985,0.2098,0.0,0.0,0.0,0.0,0.0,0.0,0.0,0.0,0.0,0.0,0.0,0.0,0.0,0.0,0.0
44.788,0.0001,0.6985,0.2098,0.0,0.0,0.0,0.0,0.0,0.0,0.0,0.0,0.0,0.0,0.0,0.0,0.0,0.0,0.0
44.838,0.0001,0.6985,0.2098,0.0,0.0,0.0,0.0,0.0,0.0,0.0,0.0,0.0,0.0,0.0,0.0,0.0,0.0,0.0
44.888,0.0001,0.6985,0.2098,0.0,0.0,0.0,0.0,0.0,0.0,0.0,0.0,0.0,0.0,0.0,0.0,0.0,0.0,0.0
44.938,0.0001,0.6985,0.2098,0.0,0.0,0.0,0.0,0.0,0.0,0.0,0.0,0.0,0.0,0.0,0.0,0.0,0.0,0.0
44.987,0.0001,0.6985,0.2098,0.0,0.0,0.0,0.0,0.0,0.0,0.0,0.0,0.0,0.0,0.0,0.0,0.0,0.0,0.0
45.037,0.0001,0.6985,0.2098,0.0,0.0,0.0,0.0,0.0,0.0,0.0,0.0,0.0,0.0,0.0,0.0,0.0,0.0,0.0
45.087,0.0001,0.6985,0.2098,0.0,0.0,0.0,0.0,0.0,0.0,0.0,0.0,0.0,0.0,0.0,0.0,0.0,0.0,0.0
45.137,0.0001,0.6985,0.2098,0.0,0.0,0.0,0.0,0.0,0.0,0.0,0.0,0.0,0.0,0.0,0.0,0.0,0.0,0.0
45.187,0.0001,0.6985,0.2098,0.0,0.0,0.0,0.0,0.0,0.0,0.0,0.0,0.0,0.0,0.0,0.0,0.0,0.0,0.0
45.237,0.0001,0.6985,0.2098,0.0,0.0,0.0,0.0,0.0,0.0,0.0,0.0,0.0,0.0,0.0,0.0,0.0,0.0,0.0
45.288,0.0001,0.6985,0.2098,0.0,0.0,0.0,0.0,0.0,0.0,0.0,0.0,0.0,0.0,0.0,0.0,0.0,0.0,0.0
45.337,0.0001,0.6985,0.2098,0.0,0.0,0.0,0.0,0.0,0.0,0.0,0.0,0.0,0.0,0.0,0.0,0.0,0.0,0.0
45.388,0.0001,0.6985,0.2098,0.0,0.0,0.0,0.0,0.0,0.0,0.0,0.0,0.0,0.0,0.0,0.0,0.0,0.0,0.0
45.437,0.0001,0.6985,0.2098,0.0,0.0,0.0,0.0,0.0,0.0,0.0,0.0,0.0,0.0,0.0,0.0,0.0,0.0,0.0
45.487,0.0001,0.6985,0.2098,0.0,0.0,0.0,0.0,0.0,0.0,0.0,0.0,0.0,0.0,0.0,0.0,0.0,0.0,0.0
45.537,0.0001,0.6985,0.2098,0.0,0.0,0.0,0.0,0.0,0.0,0.0,0.0,0.0,0.0,0.0,0.0,0.0,0.0,0.0
45.587,0.0001,0.6985,0.2098,0.0,0.0,0.0,0.0,0.0,0.0,0.0,0.0,0.0,0.0,0.0,0.0,0.0,0.0,0.0
45.637,0.0001,0.6985,0.2098,0.0,0.0,0.0,0.0,0.0,0.0,0.0,0.0,0.0,0.0,0.0,0.0,0.0,0.0,0.0
45.688,0.0001,0.6985,0.2098,0.0,0.0,0.0,0.0,0.0,0.0,0.0,0.0,0.0,0.0,0.0,0.0,0.0,0.0,0.0
45.737,0.0001,0.6985,0.2098,0.0,0.0,0.0,0.0,0.0,0.0,0.0,0.0,0.0,0.0,0.0,0.0,0.0,0.0,0.0
45.787,0.0001,0.6985,0.2098,0.0,0.0,0.0,0.0,0.0,0.0,0.0,0.0,0.0,0.0,0.0,0.0,0.0,0.0,0.0
45.837,0.0001,0.6985,0.2098,0.0,0.0,0.0,0.0,0.0,0.0,0.0,0.0,0.0,0.0,0.0,0.0,0.0,0.0,0.0
45.888,0.0001,0.6985,0.2098,0.0,0.0,0.0,0.0,0.0,0.0,0.0,0.0,0.0,0.0,0.0,0.0,0.0,0.0,0.0
45.938,0.0001,0.6985,0.2098,0.0,0.0,0.0,0.0,0.0,0.0,0.0,0.0,0.0,0.0,0.0,0.0,0.0,0.0,0.0
45.988,0.0001,0.6985,0.2098,0.0,0.0,0.0,0.0,0.0,0.0,0.0,0.0,0.0,0.0,0.0,0.0,0.0,0.0,0.0
46.037,0.0001,0.6985,0.2098,0.0,0.0,0.0,0.0,0.0,0.0,0.0,0.0,0.0,0.0,0.0,0.0,0.0,0.0,0.0
46.087,0.0001,0.6985,0.2098,0.0,0.0,0.0,0.0,0.0,0.0,0.0,0.0,0.0,0.0,0.0,0.0,0.0,0.0,0.0
46.138,0.0001,0.6985,0.2098,0.0,0.0,0.0,0.0,0.0,0.0,0.0,0.0,0.0,0.0,0.0,0.0,0.0,0.0,0.0
46.188,0.0001,0.6985,0.2098,0.0,0.0,0.0,0.0,0.0,0.0,0.0,0.0,0.0,0.0,0.0,0.0,0.0,0.0,0.0
46.238,0.0001,0.6985,0.2098,0.0,0.0,0.0,0.0,0.0,0.0,0.0,0.0,0.0,0.0,0.0,0.0,0.0,0.0,0.0
46.288,0.0001,0.6985,0.2098,0.0,0.0,0.0,0.0,0.0,0.0,0.0,0.0,0.0,0.0,0.0,0.0,0.0,0.0,0.0
46.337,0.0001,0.6985,0.2098,0.0,0.0,0.0,0.0,0.0,0.0,0.0,0.0,0.0,0.0,0.0,0.0,0.0,0.0,0.0
46.388,0.0001,0.6985,0.2098,0.0,0.0,0.0,0.0,0.0,0.0,0.0,0.0,0.0,0.0,0.0,0.0,0.0,0.0,0.0
46.438,0.0001,0.6985,0.2098,0.0,0.0,0.0,0.0,0.0,0.0,0.0,0.0,0.0,0.0,0.0,0.0,0.0,0.0,0.0
46.487,0.0001,0.6985,0.2098,0.0,0.0,0.0,0.0,0.0,0.0,0.0,0.0,0.0,0.0,0.0,0.0,0.0,0.0,0.0
46.537,0.0001,0.6985,0.2098,0.0,0.0,0.0,0.0,0.0,0.0,0.0,0.0,0.0,0.0,0.0,0.0,0.0,0.0,0.0
46.588,0.0001,0.6985,0.2098,0.0,0.0,0.0,0.0,0.0,0.0,0.0,0.0,0.0,0.0,0.0,0.0,0.0,0.0,0.0
46.638,0.0001,0.6985,0.2098,0.0,0.0,0.0,0.0,0.0,0.0,0.0,0.0,0.0,0.0,0.0,0.0,0.0,0.0,0.0
46.688,0.0001,0.6985,0.2098,0.0,0.0,0.0,0.0,0.0,0.0,0.0,0.0,0.0,0.0,0.0,0.0,0.0,0.0,0.0
46.738,0.0001,0.6985,0.2098,0.0,0.0,0.0,0.0,0.0,0.0,0.0,0.0,0.0,0.0,0.0,0.0,0.0,0.0,0.0
46.787,0.0001,0.6985,0.2098,0.0,0.0,0.0,0.0,0.0,0.0,0.0,0.0,0.0,0.0,0.0,0.0,0.0,0.0,0.0
46.837,0.0001,0.6985,0.2098,0.0,0.0,0.0,0.0,0.0,0.0,0.0,0.0,0.0,0.0,0.0,0.0,0.0,0.0,0.0
46.887,0.0001,0.6985,0.2098,0.0,0.0,0.0,0.0,0.0,0.0,0.0,0.0,0.0,0.0,0.0,0.0,0.0,0.0,0.0
46.938,0.0001,0.6985,0.2098,0.0,0.0,0.0,0.0,0.0,0.0,0.0,0.0,0.0,0.0,0.0,0.0,0.0,0.0,0.0
46.987,0.0001,0.6985,0.2098,0.0,0.0,0.0,0.0,0.0,0.0,0.0,0.0,0.0,0.0,0.0,0.0,0.0,0.0,0.0
47.037,0.0001,0.6985,0.2098,0.0,0.0,0.0,0.0,0.0,0.0,0.0,0.0,0.0,0.0,0.0,0.0,0.0,0.0,0.0
47.087,0.0001,0.6985,0.2098,0.0,0.0,0.0,0.0,0.0,0.0,0.0,0.0,0.0,0.0,0.0,0.0,0.0,0.0,0.0
47.138,0.0001,0.6985,0.2098,0.0,0.0,0.0,0.0,0.0,0.0,0.0,0.0,0.0,0.0,0.0,0.0,0.0,0.0,0.0
47.188,0.0001,0.6985,0.2098,0.0,0.0,0.0,0.0,0.0,0.0,0.0,0.0,0.0,0.0,0.0,0.0,0.0,0.0,0.0
47.238,0.0001,0.6985,0.2098,0.0,0.0,0.0,0.0,0.0,0.0,0.0,0.0,0.0,0.0,0.0,0.0,0.0,0.0,0.0
47.287,0.0001,0.6985,0.2098,0.0,0.0,0.0,0.0,0.0,0.0,0.0,0.0,0.0,0.0,0.0,0.0,0.0,0.0,0.0
47.337,0.0001,0.6985,0.2098,0.0,0.0,0.0,0.0,0.0,0.0,0.0,0.0,0.0,0.0,0.0,0.0,0.0,0.0,0.0
47.388,0.0001,0.6985,0.2098,0.0,0.0,0.0,0.0,0.0,0.0,0.0,0.0,0.0,0.0,0.0,0.0,0.0,0.0,0.0
47.438,0.0001,0.6985,0.2098,0.0,0.0,0.0,0.0,0.0,0.0,0.0,0.0,0.0,0.0,0.0,0.0,0.0,0.0,0.0
47.488,0.0001,0.6985,0.2098,0.0,0.0,0.0,0.0,0.0,0.0,0.0,0.0,0.0,0.0,0.0,0.0,0.0,0.0,0.0
47.538,0.0001,0.6985,0.2098,0.0,0.0,0.0,0.0,0.0,0.0,0.0,0.0,0.0,0.0,0.0,0.0,0.0,0.0,0.0
47.587,0.0001,0.6985,0.2098,0.0,0.0,0.0,0.0,0.0,0.0,0.0,0.0,0.0,0.0,0.0,0.0,0.0,0.0,0.0
47.637,0.0001,0.6985,0.2098,0.0,0.0,0.0,0.0,0.0,0.0,0.0,0.0,0.0,0.0,0.0,0.0,0.0,0.0,0.0
47.688,0.0001,0.6985,0.2098,0.0,0.0,0.0,0.0,0.0,0.0,0.0,0.0,0.0,0.0,0.0,0.0,0.0,0.0,0.0
47.737,0.0001,0.6985,0.2098,0.0,0.0,0.0,0.0,0.0,0.0,0.0,0.0,0.0,0.0,0.0,0.0,0.0,0.0,0.0
47.787,0.0001,0.6985,0.2098,0.0,0.0,0.0,0.0,0.0,0.0,0.0,0.0,0.0,0.0,0.0,0.0,0.0,0.0,0.0
47.838,0.0001,0.6985,0.2098,0.0,0.0,0.0,0.0,0.0,0.0,0.0,0.0,0.0,0.0,0.0,0.0,0.0,0.0,0.0
47.887,0.0001,0.6985,0.2098,0.0,0.0,0.0,0.0,0.0,0.0,0.0,0.0,0.0,0.0,0.0,0.0,0.0,0.0,0.0
47.938,0.0001,0.6985,0.2098,0.0,0.0,0.0,0.0,0.0,0.0,0.0,0.0,0.0,0.0,0.0,0.0,0.0,0.0,0.0
47.987,0.0001,0.6985,0.2098,0.0,0.0,0.0,0.0,0.0,0.0,0.0,0.0,0.0,0.0,0.0,0.0,0.0,0.0,0.0
48.037,0.0001,0.6985,0.2098,0.0,0.0,0.0,0.0,0.0,0.0,0.0,0.0,0.0,0.0,0.0,0.0,0.0,0.0,0.0
48.088,0.0001,0.6985,0.2098,0.0,0.0,0.0,0.0,0.0,0.0,0.0,0.0,0.0,0.0,0.0,0.0,0.0,0.0,0.0
48.137,0.0001,0.6985,0.2098,0.0,0.0,0.0,0.0,0.0,0.0,0.0,0.0,0.0,0.0,0.0,0.0,0.0,0.0,0.0
48.187,0.0001,0.6985,0.2098,0.0,0.0,0.0,0.0,0.0,0.0,0.0,0.0,0.0,0.0,0.0,0.0,0.0,0.0,0.0
48.237,0.0001,0.6985,0.2098,0.0,0.0,0.0,0.0,0.0,0.0,0.0,0.0,0.0,0.0,0.0,0.0,0.0,0.0,0.0
48.287,0.0001,0.6985,0.2098,0.0,0.0,0.0,0.0,0.0,0.0,0.0,0.0,0.0,0.0,0.0,0.0,0.0,0.0,0.0
48.337,0.0001,0.6985,0.2098,0.0,0.0,0.0,0.0,0.0,0.0,0.0,0.0,0.0,0.0,0.0,0.0,0.0,0.0,0.0
48.387,0.0001,0.6985,0.2098,0.0,0.0,0.0,0.0,0.0,0.0,0.0,0.0,0.0,0.0,0.0,0.0,0.0,0.0,0.0
48.437,0.0001,0.6985,0.2098,0.0,0.0,0.0,0.0,0.0,0.0,0.0,0.0,0.0,0.0,0.0,0.0,0.0,0.0,0.0
48.487,0.0001,0.6985,0.2098,0.0,0.0,0.0,0.0,0.0,0.0,0.0,0.0,0.0,0.0,0.0,0.0,0.0,0.0,0.0
48.537,0.0001,0.6985,0.2098,0.0,0.0,0.0,0.0,0.0,0.0,0.0,0.0,0.0,0.0,0.0,0.0,0.0,0.0,0.0
48.588,0.0001,0.6985,0.2098,0.0,0.0,0.0,0.0,0.0,0.0,0.0,0.0,0.0,0.0,0.0,0.0,0.0,0.0,0.0
48.637,0.0001,0.6985,0.2098,0.0,0.0,0.0,0.0,0.0,0.0,0.0,0.0,0.0,0.0,0.0,0.0,0.0,0.0,0.0
48.687,0.0001,0.6985,0.2098,0.0,0.0,0.0,0.0,0.0,0.0,0.0,0.0,0.0,0.0,0.0,0.0,0.0,0.0,0.0
48.737,0.0001,0.6985,0.2098,0.0,0.0,0.0,0.0,0.0,0.0,0.0,0.0,0.0,0.0,0.0,0.0,0.0,0.0,0.0
48.787,0.0001,0.6985,0.2098,0.0,0.0,0.0,0.0,0.0,0.0,0.0,0.0,0.0,0.0,0.0,0.0,0.0,0.0,0.0
48.837,0.0001,0.6985,0.2098,0.0,0.0,0.0,0.0,0.0,0.0,0.0,0.0,0.0,0.0,0.0,0.0,0.0,0.0,0.0
48.887,0.0001,0.6985,0.2098,0.0,0.0,0.0,0.0,0.0,0.0,0.0,0.0,0.0,0.0,0.0,0.0,0.0,0.0,0.0
48.937,0.0001,0.6985,0.2098,0.0,0.0,0.0,0.0,0.0,0.0,0.0,0.0,0.0,0.0,0.0,0.0,0.0,0.0,0.0
48.987,0.0001,0.6985,0.2098,0.0,0.0,0.0,0.0,0.0,0.0,0.0,0.0,0.0,0.0,0.0,0.0,0.0,0.0,0.0
49.037,0.0001,0.6985,0.2098,0.0,0.0,0.0,0.0,0.0,0.0,0.0,0.0,0.0,0.0,0.0,0.0,0.0,0.0,0.0
49.087,0.0001,0.6985,0.2098,0.0,0.0,0.0,0.0,0.0,0.0,0.0,0.0,0.0,0.0,0.0,0.0,0.0,0.0,0.0
49.137,0.0001,0.6985,0.2098,0.0,0.0,0.0,0.0,0.0,0.0,0.0,0.0,0.0,0.0,0.0,0.0,0.0,0.0,0.0
49.187,0.0001,0.6985,0.2098,0.0,0.0,0.0,0.0,0.0,0.0,0.0,0.0,0.0,0.0,0.0,0.0,0.0,0.0,0.0
49.237,0.0001,0.6985,0.2098,0.0,0.0,0.0,0.0,0.0,0.0,0.0,0.0,0.0,0.0,0.0,0.0,0.0,0.0,0.0
49.287,0.0001,0.6985,0.2098,0.0,0.0,0.0,0.0,0.0,0.0,0.0,0.0,0.0,0.0,0.0,0.0,0.0,0.0,0.0
49.337,0.0001,0.6985,0.2098,0.0,0.0,0.0,0.0,0.0,0.0,0.0,0.0,0.0,0.0,0.0,0.0,0.0,0.0,0.0
49.387,0.0001,0.6985,0.2098,0.0,0.0,0.0,0.0,0.0,0.0,0.0,0.0,0.0,0.0,0.0,0.0,0.0,0.0,0.0
49.437,0.0001,0.6985,0.2098,0.0,0.0,0.0,0.0,0.0,0.0,0.0,0.0,0.0,0.0,0.0,0.0,0.0,0.0,0.0
49.487,0.0001,0.6985,0.2098,0.0,0.0,0.0,0.0,0.0,0.0,0.0,0.0,0.0,0.0,0.0,0.0,0.0,0.0,0.0
49.537,0.0001,0.6985,0.2098,0.0,0.0,0.0,0.0,0.0,0.0,0.0,0.0,0.0,0.0,0.0,0.0,0.0,0.0,0.0
49.587,0.0001,0.6985,0.2098,0.0,0.0,0.0,0.0,0.0,0.0,0.0,0.0,0.0,0.0,0.0,0.0,0.0,0.0,0.0
49.637,0.0001,0.6985,0.2098,0.0,0.0,0.0,0.0,0.0,0.0,0.0,0.0,0.0,0.0,0.0,0.0,0.0,0.0,0.0
49.688,0.0001,0.6985,0.2098,0.0,0.0,0.0,0.0,0.0,0.0,0.0,0.0,0.0,0.0,0.0,0.0,0.0,0.0,0.0
49.738,0.0001,0.6985,0.2098,0.0,0.0,0.0,0.0,0.0,0.0,0.0,0.0,0.0,0.0,0.0,0.0,0.0,0.0,0.0
49.787,0.0001,0.6985,0.2098,0.0,0.0,0.0,0.0,0.0,0.0,0.0,0.0,0.0,0.0,0.0,0.0,0.0,0.0,0.0
49.837,0.0001,0.6985,0.2098,0.0,0.0,0.0,0.0,0.0,0.0,0.0,0.0,0.0,0.0,0.0,0.0,0.0,0.0,0.0
49.887,0.0001,0.6985,0.2098,0.0,0.0,0.0,0.0,0.0,0.0,0.0,0.0,0.0,0.0,0.0,0.0,0.0,0.0,0.0
49.937,0.0001,0.6985,0.2098,0.0,0.0,0.0,0.0,0.0,0.0,0.0,0.0,0.0,0.0,0.0,0.0,0.0,0.0,0.0
49.987,0.0001,0.6985,0.2098,0.0,0.0,0.0,0.0,0.0,0.0,0.0,0.0,0.0,0.0,0.0,0.0,0.0,0.0,0.0
50.038,0.0001,0.6985,0.2098,0.0,0.0,0.0,0.0,0.0,0.0,0.0,0.0,0.0,0.0,0.0,0.0,0.0,0.0,0.0
50.087,0.0001,0.6985,0.2098,0.0,0.0,0.0,0.0,0.0,0.0,0.0,0.0,0.0,0.0,0.0,0.0,0.0,0.0,0.0
50.137,0.0001,0.6985,0.2098,0.0,0.0,0.0,0.0,0.0,0.0,0.0,0.0,0.0,0.0,0.0,0.0,0.0,0.0,0.0
50.187,0.0001,0.6985,0.2098,0.0,0.0,0.0,0.0,0.0,0.0,0.0,0.0,0.0,0.0,0.0,0.0,0.0,0.0,0.0
50.237,0.0001,0.6985,0.2098,0.0,0.0,0.0,0.0,0.0,0.0,0.0,0.0,0.0,0.0,0.0,0.0,0.0,0.0,0.0
50.287,0.0001,0.6985,0.2098,0.0,0.0,0.0,0.0,0.0,0.0,0.0,0.0,0.0,0.0,0.0,0.0,0.0,0.0,0.0
50.337,0.0001,0.6985,0.2098,0.0,0.0,0.0,0.0,0.0,0.0,0.0,0.0,0.0,0.0,0.0,0.0,0.0,0.0,0.0
50.387,0.0001,0.6985,0.2098,0.0,0.0,0.0,0.0,0.0,0.0,0.0,0.0,0.0,0.0,0.0,0.0,0.0,0.0,0.0
50.437,0.0001,0.6985,0.2098,0.0,0.0,0.0,0.0,0.0,0.0,0.0,0.0,0.0,0.0,0.0,0.0,0.0,0.0,0.0
50.487,0.0001,0.6985,0.2098,0.0,0.0,0.0,0.0,0.0,0.0,0.0,0.0,0.0,0.0,0.0,0.0,0.0,0.0,0.0
50.537,0.0001,0.6985,0.2098,0.0,0.0,0.0,0.0,0.0,0.0,0.0,0.0,0.0,0.0,0.0,0.0,0.0,0.0,0.0
50.588,0.0001,0.6985,0.2098,0.0,0.0,0.0,0.0,0.0,0.0,0.0,0.0,0.0,0.0,0.0,0.0,0.0,0.0,0.0
50.637,0.0001,0.6985,0.2098,0.0,0.0,0.0,0.0,0.0,0.0,0.0,0.0,0.0,0.0,0.0,0.0,0.0,0.0,0.0
50.688,0.0001,0.6985,0.2098,0.0,0.0,0.0,0.0,0.0,0.0,0.0,0.0,0.0,0.0,0.0,0.0,0.0,0.0,0.0
50.737,0.0001,0.6985,0.2098,0.0,0.0,0.0,0.0,0.0,0.0,0.0,0.0,0.0,0.0,0.0,0.0,0.0,0.0,0.0
50.787,0.0001,0.6985,0.2098,0.0,0.0,0.0,0.0,0.0,0.0,0.0,0.0,0.0,0.0,0.0,0.0,0.0,0.0,0.0
50.838,0.0001,0.6985,0.2098,0.0,0.0,0.0,0.0,0.0,0.0,0.0,0.0,0.0,0.0,0.0,0.0,0.0,0.0,0.0
50.887,0.0001,0.6985,0.2098,0.0,0.0,0.0,0.0,0.0,0.0,0.0,0.0,0.0,0.0,0.0,0.0,0.0,0.0,0.0
50.937,0.0001,0.6985,0.2098,0.0,0.0,0.0,0.0,0.0,0.0,0.0,0.0,0.0,0.0,0.0,0.0,0.0,0.0,0.0
50.987,0.0001,0.6985,0.2098,0.0,0.0,0.0,0.0,0.0,0.0,0.0,0.0,0.0,0.0,0.0,0.0,0.0,0.0,0.0
51.039,0.0001,0.6985,0.2098,0.0,0.0,0.0,0.0,0.0,0.0,0.0,0.0,0.0,0.0,0.0,0.0,0.0,0.0,0.0
51.088,0.0001,0.6985,0.2098,0.0,0.0,0.0,0.0,0.0,0.0,0.0,0.0,0.0,0.0,0.0,0.0,0.0,0.0,0.0
51.138,0.0001,0.6985,0.2098,0.0,0.0,0.0,0.0,0.0,0.0,0.0,0.0,0.0,0.0,0.0,0.0,0.0,0.0,0.0
51.187,0.0001,0.6985,0.2098,0.0,0.0,0.0,0.0,0.0,0.0,0.0,0.0,0.0,0.0,0.0,0.0,0.0,0.0,0.0
51.237,0.0001,0.6985,0.2098,0.0,0.0,0.0,0.0,0.0,0.0,0.0,0.0,0.0,0.0,0.0,0.0,0.0,0.0,0.0
51.287,0.0001,0.6985,0.2098,0.0,0.0,0.0,0.0,0.0,0.0,0.0,0.0,0.0,0.0,0.0,0.0,0.0,0.0,0.0
51.337,0.0001,0.6985,0.2098,0.0,0.0,0.0,0.0,0.0,0.0,0.0,0.0,0.0,0.0,0.0,0.0,0.0,0.0,0.0
51.387,0.0001,0.6985,0.2098,0.0,0.0,0.0,0.0,0.0,0.0,0.0,0.0,0.0,0.0,0.0,0.0,0.0,0.0,0.0
51.438,0.0001,0.6985,0.2098,0.0,0.0,0.0,0.0,0.0,0.0,0.0,0.0,0.0,0.0,0.0,0.0,0.0,0.0,0.0
51.488,0.0001,0.6985,0.2098,0.0,0.0,0.0,0.0,0.0,0.0,0.0,0.0,0.0,0.0,0.0,0.0,0.0,0.0,0.0
51.538,0.0001,0.6985,0.2098,0.0,0.0,0.0,0.0,0.0,0.0,0.0,0.0,0.0,0.0,0.0,0.0,0.0,0.0,0.0
51.587,0.0001,0.6985,0.2098,0.0,0.0,0.0,0.0,0.0,0.0,0.0,0.0,0.0,0.0,0.0,0.0,0.0,0.0,0.0
51.637,0.0001,0.6985,0.2098,0.0,0.0,0.0,0.0,0.0,0.0,0.0,0.0,0.0,0.0,0.0,0.0,0.0,0.0,0.0
51.688,0.0001,0.6985,0.2098,0.0,0.0,0.0,0.0,0.0,0.0,0.0,0.0,0.0,0.0,0.0,0.0,0.0,0.0,0.0
51.737,0.0001,0.6985,0.2098,0.0,0.0,0.0,0.0,0.0,0.0,0.0,0.0,0.0,0.0,0.0,0.0,0.0,0.0,0.0
51.787,0.0001,0.6985,0.2098,0.0,0.0,0.0,0.0,0.0,0.0,0.0,0.0,0.0,0.0,0.0,0.0,0.0,0.0,0.0
51.837,0.0001,0.6985,0.2098,0.0,0.0,0.0,0.0,0.0,0.0,0.0,0.0,0.0,0.0,0.0,0.0,0.0,0.0,0.0
51.887,0.0001,0.6985,0.2098,0.0,0.0,0.0,0.0,0.0,0.0,0.0,0.0,0.0,0.0,0.0,0.0,0.0,0.0,0.0
51.937,0.0001,0.6985,0.2098,0.0,0.0,0.0,0.0,0.0,0.0,0.0,0.0,0.0,0.0,0.0,0.0,0.0,0.0,0.0
51.987,0.0001,0.6985,0.2098,0.0,0.0,0.0,0.0,0.0,0.0,0.0,0.0,0.0,0.0,0.0,0.0,0.0,0.0,0.0
52.038,0.0001,0.6985,0.2098,0.0,0.0,0.0,0.0,0.0,0.0,0.0,0.0,0.0,0.0,0.0,0.0,0.0,0.0,0.0
52.087,0.0001,0.6985,0.2098,0.0,0.0,0.0,0.0,0.0,0.0,0.0,0.0,0.0,0.0,0.0,0.0,0.0,0.0,0.0
52.138,0.0001,0.6985,0.2098,0.0,0.0,0.0,0.0,0.0,0.0,0.0,0.0,0.0,0.0,0.0,0.0,0.0,0.0,0.0
52.187,0.0001,0.6985,0.2098,0.0,0.0,0.0,0.0,0.0,0.0,0.0,0.0,0.0,0.0,0.0,0.0,0.0,0.0,0.0
52.237,0.0001,0.6985,0.2098,0.0,0.0,0.0,0.0,0.0,0.0,0.0,0.0,0.0,0.0,0.0,0.0,0.0,0.0,0.0
52.287,0.0001,0.6985,0.2098,0.0,0.0,0.0,0.0,0.0,0.0,0.0,0.0,0.0,0.0,0.0,0.0,0.0,0.0,0.0
52.337,0.0001,0.6985,0.2098,0.0,0.0,0.0,0.0,0.0,0.0,0.0,0.0,0.0,0.0,0.0,0.0,0.0,0.0,0.0
52.387,0.0001,0.6985,0.2098,0.0,0.0,0.0,0.0,0.0,0.0,0.0,0.0,0.0,0.0,0.0,0.0,0.0,0.0,0.0
52.437,0.0001,0.6985,0.2098,0.0,0.0,0.0,0.0,0.0,0.0,0.0,0.0,0.0,0.0,0.0,0.0,0.0,0.0,0.0
52.487,0.0001,0.6985,0.2098,0.0,0.0,0.0,0.0,0.0,0.0,0.0,0.0,0.0,0.0,0.0,0.0,0.0,0.0,0.0
52.538,0.0001,0.6985,0.2098,0.0,0.0,0.0,0.0,0.0,0.0,0.0,0.0,0.0,0.0,0.0,0.0,0.0,0.0,0.0
52.587,0.0001,0.6985,0.2098,0.0,0.0,0.0,0.0,0.0,0.0,0.0,0.0,0.0,0.0,0.0,0.0,0.0,0.0,0.0
52.637,0.0001,0.6985,0.2098,0.0,0.0,0.0,0.0,0.0,0.0,0.0,0.0,0.0,0.0,0.0,0.0,0.0,0.0,0.0
52.687,0.0001,0.6985,0.2098,0.0,0.0,0.0,0.0,0.0,0.0,0.0,0.0,0.0,0.0,0.0,0.0,0.0,0.0,0.0
52.738,0.0001,0.6985,0.2098,0.0,0.0,0.0,0.0,0.0,0.0,0.0,0.0,0.0,0.0,0.0,0.0,0.0,0.0,0.0
52.788,0.0001,0.6985,0.2098,0.0,0.0,0.0,0.0,0.0,0.0,0.0,0.0,0.0,0.0,0.0,0.0,0.0,0.0,0.0
52.838,0.0001,0.6985,0.2098,0.0,0.0,0.0,0.0,0.0,0.0,0.0,0.0,0.0,0.0,0.0,0.0,0.0,0.0,0.0
52.887,0.0001,0.6985,0.2098,0.0,0.0,0.0,0.0,0.0,0.0,0.0,0.0,0.0,0.0,0.0,0.0,0.0,0.0,0.0
52.938,0.0001,0.6985,0.2098,0.0,0.0,0.0,0.0,0.0,0.0,0.0,0.0,0.0,0.0,0.0,0.0,0.0,0.0,0.0
52.987,0.0001,0.6985,0.2098,0.0,0.0,0.0,0.0,0.0,0.0,0.0,0.0,0.0,0.0,0.0,0.0,0.0,0.0,0.0
53.038,0.0001,0.6985,0.2098,0.0,0.0,0.0,0.0,0.0,0.0,0.0,0.0,0.0,0.0,0.0,0.0,0.0,0.0,0.0
53.087,0.0001,0.6985,0.2098,0.0,0.0,0.0,0.0,0.0,0.0,0.0,0.0,0.0,0.0,0.0,0.0,0.0,0.0,0.0
53.138,0.0001,0.6985,0.2098,0.0,0.0,0.0,0.0,0.0,0.0,0.0,0.0,0.0,0.0,0.0,0.0,0.0,0.0,0.0
53.187,0.0001,0.6985,0.2098,0.0,0.0,0.0,0.0,0.0,0.0,0.0,0.0,0.0,0.0,0.0,0.0,0.0,0.0,0.0
53.237,0.0001,0.6985,0.2098,0.0,0.0,0.0,0.0,0.0,0.0,0.0,0.0,0.0,0.0,0.0,0.0,0.0,0.0,0.0
53.288,0.0001,0.6985,0.2098,0.0,0.0,0.0,0.0,0.0,0.0,0.0,0.0,0.0,0.0,0.0,0.0,0.0,0.0,0.0
53.337,0.0001,0.6985,0.2098,0.0,0.0,0.0,0.0,0.0,0.0,0.0,0.0,0.0,0.0,0.0,0.0,0.0,0.0,0.0
53.388,0.0001,0.6985,0.2098,0.0,0.0,0.0,0.0,0.0,0.0,0.0,0.0,0.0,0.0,0.0,0.0,0.0,0.0,0.0
53.437,0.0001,0.6985,0.2098,0.0,0.0,0.0,0.0,0.0,0.0,0.0,0.0,0.0,0.0,0.0,0.0,0.0,0.0,0.0
53.487,0.0001,0.6985,0.2098,0.0,0.0,0.0,0.0,0.0,0.0,0.0,0.0,0.0,0.0,0.0,0.0,0.0,0.0,0.0
53.537,0.0001,0.6985,0.2098,0.0,0.0,0.0,0.0,0.0,0.0,0.0,0.0,0.0,0.0,0.0,0.0,0.0,0.0,0.0
53.587,0.0001,0.6985,0.2098,0.0,0.0,0.0,0.0,0.0,0.0,0.0,0.0,0.0,0.0,0.0,0.0,0.0,0.0,0.0
53.637,0.0001,0.6985,0.2098,0.0,0.0,0.0,0.0,0.0,0.0,0.0,0.0,0.0,0.0,0.0,0.0,0.0,0.0,0.0
53.688,0.0001,0.6985,0.2098,0.0,0.0,0.0,0.0,0.0,0.0,0.0,0.0,0.0,0.0,0.0,0.0,0.0,0.0,0.0
53.738,0.0001,0.6985,0.2098,0.0,0.0,0.0,0.0,0.0,0.0,0.0,0.0,0.0,0.0,0.0,0.0,0.0,0.0,0.0
53.788,0.0001,0.6985,0.2098,0.0,0.0,0.0,0.0,0.0,0.0,0.0,0.0,0.0,0.0,0.0,0.0,0.0,0.0,0.0
53.838,0.0001,0.6985,0.2098,0.0,0.0,0.0,0.0,0.0,0.0,0.0,0.0,0.0,0.0,0.0,0.0,0.0,0.0,0.0
53.887,0.0001,0.6985,0.2098,0.0,0.0,0.0,0.0,0.0,0.0,0.0,0.0,0.0,0.0,0.0,0.0,0.0,0.0,0.0
53.938,0.0001,0.6985,0.2098,0.0,0.0,0.0,0.0,0.0,0.0,0.0,0.0,0.0,0.0,0.0,0.0,0.0,0.0,0.0
53.988,0.0001,0.6985,0.2098,0.0,0.0,0.0,0.0,0.0,0.0,0.0,0.0,0.0,0.0,0.0,0.0,0.0,0.0,0.0
54.038,0.0001,0.6985,0.2098,0.0,0.0,0.0,0.0,0.0,0.0,0.0,0.0,0.0,0.0,0.0,0.0,0.0,0.0,0.0
54.087,0.0001,0.6985,0.2098,0.0,0.0,0.0,0.0,0.0,0.0,0.0,0.0,0.0,0.0,0.0,0.0,0.0,0.0,0.0
54.137,0.0001,0.6985,0.2098,0.0,0.0,0.0,0.0,0.0,0.0,0.0,0.0,0.0,0.0,0.0,0.0,0.0,0.0,0.0
54.188,0.0001,0.6985,0.2098,0.0,0.0,0.0,0.0,0.0,0.0,0.0,0.0,0.0,0.0,0.0,0.0,0.0,0.0,0.0
54.237,0.0001,0.6985,0.2098,0.0,0.0,0.0,0.0,0.0,0.0,0.0,0.0,0.0,0.0,0.0,0.0,0.0,0.0,0.0
54.287,0.0001,0.6985,0.2098,0.0,0.0,0.0,0.0,0.0,0.0,0.0,0.0,0.0,0.0,0.0,0.0,0.0,0.0,0.0
54.337,0.0001,0.6985,0.2098,0.0,0.0,0.0,0.0,0.0,0.0,0.0,0.0,0.0,0.0,0.0,0.0,0.0,0.0,0.0
54.388,0.0001,0.6985,0.2098,0.0,0.0,0.0,0.0,0.0,0.0,0.0,0.0,0.0,0.0,0.0,0.0,0.0,0.0,0.0
54.437,0.0001,0.6985,0.2098,0.0,0.0,0.0,0.0,0.0,0.0,0.0,0.0,0.0,0.0,0.0,0.0,0.0,0.0,0.0
54.487,0.0001,0.6985,0.2098,0.0,0.0,0.0,0.0,0.0,0.0,0.0,0.0,0.0,0.0,0.0,0.0,0.0,0.0,0.0
54.537,0.0001,0.6985,0.2098,0.0,0.0,0.0,0.0,0.0,0.0,0.0,0.0,0.0,0.0,0.0,0.0,0.0,0.0,0.0
54.588,0.0001,0.6985,0.2098,0.0,0.0,0.0,0.0,0.0,0.0,0.0,0.0,0.0,0.0,0.0,0.0,0.0,0.0,0.0
54.638,0.0001,0.6985,0.2098,0.0,0.0,0.0,0.0,0.0,0.0,0.0,0.0,0.0,0.0,0.0,0.0,0.0,0.0,0.0
54.687,0.0001,0.6985,0.2098,0.0,0.0,0.0,0.0,0.0,0.0,0.0,0.0,0.0,0.0,0.0,0.0,0.0,0.0,0.0
54.737,0.0001,0.6985,0.2098,0.0,0.0,0.0,0.0,0.0,0.0,0.0,0.0,0.0,0.0,0.0,0.0,0.0,0.0,0.0
54.788,0.0001,0.6985,0.2098,0.0,0.0,0.0,0.0,0.0,0.0,0.0,0.0,0.0,0.0,0.0,0.0,0.0,0.0,0.0
54.838,0.0001,0.6985,0.2098,0.0,0.0,0.0,0.0,0.0,0.0,0.0,0.0,0.0,0.0,0.0,0.0,0.0,0.0,0.0
54.887,0.0001,0.6985,0.2098,0.0,0.0,0.0,0.0,0.0,0.0,0.0,0.0,0.0,0.0,0.0,0.0,0.0,0.0,0.0
54.938,0.0001,0.6985,0.2098,0.0,0.0,0.0,0.0,0.0,0.0,0.0,0.0,0.0,0.0,0.0,0.0,0.0,0.0,0.0
54.987,0.0001,0.6985,0.2098,0.0,0.0,0.0,0.0,0.0,0.0,0.0,0.0,0.0,0.0,0.0,0.0,0.0,0.0,0.0
55.038,0.0001,0.6985,0.2098,0.0,0.0,0.0,0.0,0.0,0.0,0.0,0.0,0.0,0.0,0.0,0.0,0.0,0.0,0.0
55.087,0.0001,0.6985,0.2098,0.0,0.0,0.0,0.0,0.0,0.0,0.0,0.0,0.0,0.0,0.0,0.0,0.0,0.0,0.0
55.138,0.0001,0.6985,0.2098,0.0,0.0,0.0,0.0,0.0,0.0,0.0,0.0,0.0,0.0,0.0,0.0,0.0,0.0,0.0
55.188,0.0001,0.6985,0.2098,0.0,0.0,0.0,0.0,0.0,0.0,0.0,0.0,0.0,0.0,0.0,0.0,0.0,0.0,0.0
55.238,0.0001,0.6985,0.2098,0.0,0.0,0.0,0.0,0.0,0.0,0.0,0.0,0.0,0.0,0.0,0.0,0.0,0.0,0.0
55.288,0.0001,0.6985,0.2098,0.0,0.0,0.0,0.0,0.0,0.0,0.0,0.0,0.0,0.0,0.0,0.0,0.0,0.0,0.0
55.338,0.0001,0.6985,0.2098,0.0,0.0,0.0,0.0,0.0,0.0,0.0,0.0,0.0,0.0,0.0,0.0,0.0,0.0,0.0
55.388,0.0001,0.6985,0.2098,0.0,0.0,1.399999976158142,0.0,0.0,0.0,0.0,0.0,0.0,0.0,0.0,0.0,0.0,0.0,0.0
55.437,0.0002,0.6984,0.2099,0.0,0.0,1.399999976158142,-0.9999841,0.7488417,0.57427406,0.57427406,1.0,-0.7488576,-0.9999841,0.7488417,0.57427406,0.57427406,1.0,-0.7488576
55.488,0.0014,0.6975,0.2110,0.0,0.0,1.399999976158142,-1.0,0.701091,0.7120712,0.7120712,0.9955508,-0.6966418,-1.0,0.701091,0.7120712,0.7120712,0.9955508,-0.6966418
55.537,0.0021,0.6968,0.2118,0.0,0.0,1.399999976158142,-1.0,0.6945042,0.73114526,0.73114526,0.96137655,-0.65588075,-1.0,0.6945042,0.73114526,0.73114526,0.96137655,-0.65588075
55.587,0.0030,0.6960,0.2129,0.0,0.0,1.399999976158142,-1.0,0.6958772,0.72955585,0.72955585,0.96510535,-0.66098255,-1.0,0.6958772,0.72955585,0.72955585,0.96510535,-0.66098255
55.638,0.0054,0.6935,0.2161,0.0,0.0,1.399999976158142,-1.0,0.6947192,0.73576826,0.73576826,0.95486575,-0.64958495,-1.0,0.6947192,0.73576826,0.73576826,0.95486575,-0.64958495
55.687,0.0083,0.6901,0.2204,0.0,0.0,1.399999976158142,-1.0,0.6892681,0.7704155,0.7704155,0.8920903,-0.58135843,-1.0,0.6892681,0.7704155,0.7704155,0.8920903,-0.58135843
55.737,0.0096,0.6883,0.2225,0.0,0.0,1.399999976158142,-1.0,0.69233644,0.7945441,0.7945441,0.8513927,-0.5437292,-1.0,0.69233644,0.7945441,0.7945441,0.8513927,-0.5437292
55.788,0.0129,0.6837,0.2280,0.0,0.0,1.399999976158142,-1.0,0.6969244,0.7743524,0.7743524,0.8858892,-0.58281356,-1.0,0.6969244,0.7743524,0.7743524,0.8858892,-0.58281356
55.837,0.0143,0.6814,0.2306,0.0,0.0,1.399999976158142,-1.0,0.7038637,0.8312192,0.8312192,0.79942304,-0.5032867,-1.0,0.7038637,0.8312192,0.8312192,0.79942304,-0.5032867
55.887,0.0175,0.6756,0.2370,0.0,0.0,1.399999976158142,-1.0,0.7053721,0.8038892,0.8038892,0.84180623,-0.5471783,-1.0,0.7053721,0.8038892,0.8038892,0.84180623,-0.5471783
55.938,0.0189,0.6729,0.2399,0.0,0.0,1.399999976158142,-1.0,0.722694,0.8752925,0.8752925,0.7477872,-0.47048122,-1.0,0.722694,0.8752925,0.8752925,0.7477872,-0.47048122
55.998,0.0219,0.6661,0.2471,0.0,0.0,1.399999976158142,-1.0,0.7192178,0.83899444,0.83899444,0.79727465,-0.5164924,-1.0,0.7192178,0.83899444,0.83899444,0.79727465,-0.5164924
56.038,0.0231,0.6630,0.2504,0.0,0.0,1.399999976158142,-1.0,0.74751616,0.9254803,0.9254803,0.69944966,-0.4469658,-1.0,0.74751616,0.9254803,0.9254803,0.69944966,-0.4469658
56.098,0.0257,0.6554,0.2585,0.0,0.0,1.399999976158142,-1.0,0.7379605,0.8797056,0.8797056,0.75356,-0.49152055,-1.0,0.7379605,0.8797056,0.8797056,0.75356,-0.49152055
56.137,0.0267,0.6520,0.2622,0.0,0.0,1.399999976158142,-1.0,0.77678084,0.98103344,0.98103344,0.6550217,-0.43180254,-1.0,0.77678084,0.98103344,0.98103344,0.6550217,-0.43180254
56.188,0.0289,0.6438,0.2714,0.0,0.0,1.399999976158142,-1.0,0.7615693,0.9277748,0.9277748,0.7097668,-0.47133616,-1.0,0.7615693,0.9277748,0.9277748,0.7097668,-0.47133616
56.238,0.0297,0.6402,0.2756,0.0,0.0,1.399999976158142,-0.95570374,0.77501374,1.0,1.0,0.5836469,-0.4029569,-0.95570374,0.77501374,1.0,1.0,0.5836469,-0.4029569
56.287,0.0314,0.6316,0.2860,0.0,0.0,1.399999976158142,-1.0,0.7893932,0.982624,0.982624,0.6673933,-0.45678654,-1.0,0.7893932,0.982624,0.982624,0.6673933,-0.45678654
56.337,0.0320,0.6278,0.2907,0.0,0.0,1.399999976158142,-0.88868773,0.7563357,1.0,1.0,0.5018054,-0.3694533,-0.88868773,0.7563357,1.0,1.0,0.5018054,-0.3694533
56.387,0.0332,0.6189,0.3019,0.0,0.0,1.399999976158142,-1.0,0.8353821,0.7568856,0.7568856,0.7239305,-0.5593126,-1.0,0.8353821,0.7568856,0.7568856,0.7239305,-0.5593126
56.437,0.0336,0.6150,0.3067,0.0,0.0,1.399999976158142,-0.8590388,0.78176504,1.0,1.0,0.44923237,-0.37195864,-0.8590388,0.78176504,1.0,1.0,0.44923237,-0.37195864
56.488,0.0340,0.6111,0.3116,0.0,0.0,1.399999976158142,-0.9303323,0.81115866,1.0,1.0,0.54504716,-0.42587355,-0.9303323,0.81115866,1.0,1.0,0.54504716,-0.42587355
56.537,0.0340,0.6111,0.3116,0.0,0.0,1.399999976158142,-0.9303323,0.81115866,1.0,1.0,0.54504716,-0.42587355,-0.9303323,0.81115866,1.0,1.0,0.54504716,-0.42587355
56.587,0.0350,0.5928,0.3362,0.0,0.0,1.399999976158142,-0.7640722,0.7493965,1.0,1.0,0.35251552,-0.33783987,-0.7640722,0.7493965,1.0,1.0,0.35251552,-0.33783987
56.638,0.0350,0.5890,0.3418,0.0,0.0,1.399999976158142,-0.7170996,0.73332685,1.0,1.0,0.30800426,-0.32423154,-0.7170996,0.73332685,1.0,1.0,0.30800426,-0.32423154
56.687,0.0351,0.5800,0.3552,0.0,0.0,1.399999976158142,-0.7993309,0.76844496,1.0,1.0,0.40308237,-0.37219644,-0.7993309,0.76844496,1.0,1.0,0.40308237,-0.37219644
56.737,0.0351,0.5762,0.3610,0.0,0.0,1.399999976158142,-0.6629109,0.71375793,1.0,1.0,0.26087826,-0.31172526,-0.6629109,0.71375793,1.0,1.0,0.26087826,-0.31172526
56.787,0.0349,0.5675,0.3750,0.0,0.0,1.399999976158142,-0.7387565,0.7468497,1.0,1.0,0.34363386,-0.3517271,-0.7387565,0.7468497,1.0,1.0,0.34363386,-0.3517271
56.837,0.0347,0.5638,0.3812,0.0,0.0,1.399999976158142,-0.60766846,0.69188833,1.0,1.0,0.21433672,-0.29855654,-0.60766846,0.69188833,1.0,1.0,0.21433672,-0.29855654
56.887,0.0343,0.5552,0.3957,0.0,0.0,1.399999976158142,-0.68099415,0.72495866,1.0,1.0,0.29003236,-0.33399686,-0.68099415,0.72495866,1.0,1.0,0.29003236,-0.33399686
56.937,0.0341,0.5516,0.4021,0.0,0.0,1.399999976158142,-0.5563456,0.6702997,1.0,1.0,0.17303573,-0.28698984,-0.5563456,0.6702997,1.0,1.0,0.17303573,-0.28698984
56.987,0.0335,0.5434,0.4171,0.0,0.0,1.399999976158142,-0.62632316,0.7030256,1.0,1.0,0.24177009,-0.31847253,-0.62632316,0.7030256,1.0,1.0,0.24177009,-0.31847253
57.037,0.0332,0.5399,0.4237,0.0,0.0,1.399999976158142,-0.5083907,0.6490333,1.0,1.0,0.13582449,-0.27646703,-0.5083907,0.6490333,1.0,1.0,0.13582449,-0.27646703
57.087,0.0326,0.5319,0.4392,0.0,0.0,1.399999976158142,-0.57506704,0.6813856,1.0,1.0,0.19847153,-0.30479008,-0.57506704,0.6813856,1.0,1.0,0.19847153,-0.30479008
57.138,0.0322,0.5285,0.4459,0.0,0.0,1.399999976158142,-0.4625283,0.6277309,1.0,1.0,0.10112459,-0.26632723,-0.4625283,0.6277309,1.0,1.0,0.10112459,-0.26632723
57.188,0.0319,0.5252,0.4526,0.0,0.0,1.399999976158142,-0.52753043,0.66041255,1.0,1.0,0.15981844,-0.29270056,-0.52753043,0.66041255,1.0,1.0,0.15981844,-0.29270056
57.237,0.0311,0.5176,0.4686,0.0,0.0,1.399999976158142,-0.5127624,0.65341914,1.0,1.0,0.14800242,-0.28865913,-0.5127624,0.65341914,1.0,1.0,0.14800242,-0.28865913
57.287,0.0302,0.5102,0.4848,0.0,0.0,1.399999976158142,-0.40401462,0.59889597,1.0,1.0,0.05772433,-0.25260565,-0.40401462,0.59889597,1.0,1.0,0.05772433,-0.25260565
57.337,0.0299,0.5072,0.4918,0.0,0.0,1.399999976158142,-0.37817198,0.5861838,1.0,1.0,0.03932107,-0.2473329,-0.37817198,0.5861838,1.0,1.0,0.03932107,-0.2473329
57.387,0.0290,0.5000,0.5083,0.0,0.0,1.399999976158142,-0.63898385,0.8154711,1.0,1.0,0.25862506,-0.43511233,-0.63898385,0.8154711,1.0,1.0,0.25862506,-0.43511233
57.437,0.0286,0.4969,0.5155,0.0,0.0,1.399999976158142,-0.35001475,0.5920033,1.0,1.0,0.018898515,-0.2608871,-0.35001475,0.5920033,1.0,1.0,0.018898515,-0.2608871
57.487,0.0282,0.4939,0.5227,0.0,0.0,1.399999976158142,-0.4035867,0.62068766,1.0,1.0,0.06382062,-0.2809216,-0.4035867,0.62068766,1.0,1.0,0.06382062,-0.2809216
57.537,0.0272,0.4869,0.5395,0.0,0.0,1.399999976158142,-0.39030182,0.61374843,1.0,1.0,0.054070733,-0.27751738,-0.39030182,0.61374843,1.0,1.0,0.054070733,-0.27751738
57.588,0.0264,0.4803,0.5566,0.0,0.0,1.399999976158142,-0.28368604,0.5550765,1.0,1.0,-0.02831196,-0.24307851,-0.28368604,0.5550765,1.0,1.0,-0.02831196,-0.24307851
57.637,0.0260,0.4775,0.5639,0.0,0.0,1.399999976158142,-0.25811315,0.54165566,1.0,1.0,-0.04613252,-0.23740998,-0.25811315,0.54165566,1.0,1.0,-0.04613252,-0.23740998
57.687,0.0253,0.4712,0.5812,0.0,0.0,1.399999976158142,-0.31758273,0.5764563,1.0,1.0,0.0010434636,-0.25991705,-0.31758273,0.5764563,1.0,1.0,0.0010434636,-0.25991705
57.738,0.0250,0.4686,0.5887,0.0,0.0,1.399999976158142,-0.22485693,0.5243943,1.0,1.0,-0.0697492,-0.22978814,-0.22485693,0.5243943,1.0,1.0,-0.0697492,-0.22978814
57.788,0.0243,0.4627,0.6062,0.0,0.0,1.399999976158142,-0.27955467,0.55669016,1.0,1.0,-0.026613783,-0.2505217,-0.27955467,0.55669016,1.0,1.0,-0.026613783,-0.2505217
57.837,0.0240,0.4602,0.6138,0.0,0.0,1.399999976158142,-0.1915141,0.5069517,1.0,1.0,-0.093857944,-0.22157963,-0.1915141,0.5069517,1.0,1.0,-0.093857944,-0.22157963
57.887,0.0235,0.4546,0.6316,0.0,0.0,1.399999976158142,-0.24251921,0.5373764,1.0,1.0,-0.05377276,-0.24108444,-0.24251921,0.5373764,1.0,1.0,-0.05377276,-0.24108444
57.937,0.0233,0.4522,0.6392,0.0,0.0,1.399999976158142,-0.15989561,0.49074957,1.0,1.0,-0.11724055,-0.21361342,-0.15989561,0.49074957,1.0,1.0,-0.11724055,-0.21361342
57.987,0.0229,0.4469,0.6572,0.0,0.0,1.399999976158142,-0.20842807,0.5198256,1.0,1.0,-0.07904289,-0.23235464,-0.20842807,0.5198256,1.0,1.0,-0.07904289,-0.23235464
58.037,0.0227,0.4447,0.6649,0.0,0.0,1.399999976158142,-0.1289322,0.4752932,1.0,1.0,-0.14079309,-0.20556791,-0.1289322,0.4752932,1.0,1.0,-0.14079309,-0.20556791
58.087,0.0224,0.4396,0.6831,0.0,0.0,1.399999976158142,-0.17565693,0.50324285,1.0,1.0,-0.103787936,-0.22379799,-0.17565693,0.50324285,1.0,1.0,-0.103787936,-0.22379799
58.138,0.0223,0.4375,0.6909,0.0,0.0,1.399999976158142,-0.100584365,0.46185714,1.0,1.0,-0.16302067,-0.1982521,-0.100584365,0.46185714,1.0,1.0,-0.16302067,-0.1982521
58.188,0.0222,0.4354,0.6988,0.0,0.0,1.399999976158142,-0.14460044,0.4879953,1.0,1.0,-0.12777883,-0.21561603,-0.14460044,0.4879953,1.0,1.0,-0.12777883,-0.21561603
58.238,0.0220,0.4307,0.7172,0.0,0.0,1.399999976158142,-0.13553596,0.48352718,1.0,1.0,-0.13490011,-0.21309112,-0.13553596,0.48352718,1.0,1.0,-0.13490011,-0.21309112
58.288,0.0219,0.4261,0.7358,0.0,0.0,1.399999976158142,-0.064216785,0.44530806,1.0,1.0,-0.19259943,-0.18849187,-0.064216785,0.44530806,1.0,1.0,-0.19259943,-0.18849187
58.337,0.0219,0.4242,0.7437,0.0,0.0,1.399999976158142,-0.044345,0.43695012,1.0,1.0,-0.20935859,-0.18324651,-0.044345,0.43695012,1.0,1.0,-0.20935859,-0.18324651
58.387,0.0219,0.4223,0.7517,0.0,0.0,1.399999976158142,-0.17916729,0.57159954,1.0,1.0,-0.106113434,-0.28631878,-0.17916729,0.57159954,1.0,1.0,-0.106113434,-0.28631878
58.437,0.0219,0.4179,0.7705,0.0,0.0,1.399999976158142,-0.081703894,0.47359824,1.0,1.0,-0.1805696,-0.21132474,-0.081703894,0.47359824,1.0,1.0,-0.1805696,-0.21132474
58.487,0.0219,0.4136,0.7894,0.0,0.0,1.399999976158142,-0.0038618909,0.43420136,1.0,1.0,-0.24581754,-0.18452193,-0.0038618909,0.43420136,1.0,1.0,-0.24581754,-0.18452193
58.538,0.0219,0.4118,0.7975,0.0,0.0,1.399999976158142,0.01822554,0.42598766,1.0,1.0,-0.2653903,-0.17882289,0.01822554,0.42598766,1.0,1.0,-0.2653903,-0.17882289
58.588,0.0221,0.4076,0.8165,0.0,0.0,1.399999976158142,-0.026957635,0.45075265,1.0,1.0,-0.22691673,-0.19687828,-0.026957635,0.45075265,1.0,1.0,-0.22691673,-0.19687828
58.637,0.0221,0.4059,0.8247,0.0,0.0,1.399999976158142,0.0455329,0.418693,1.0,1.0,-0.29142797,-0.17279793,0.0455329,0.418693,1.0,1.0,-0.29142797,-0.17279793
58.688,0.0223,0.4019,0.8438,0.0,0.0,1.399999976158142,0.0026101475,0.44072044,1.0,1.0,-0.25365713,-0.18967344,0.0026101475,0.44072044,1.0,1.0,-0.25365713,-0.18967344
58.737,0.0224,0.4002,0.8520,0.0,0.0,1.399999976158142,0.07270956,0.4128013,1.0,1.0,-0.31840628,-0.16710454,0.07270956,0.4128013,1.0,1.0,-0.31840628,-0.16710454
58.787,0.0227,0.3980,0.8707,0.0,0.0,1.399999976158142,0.031011624,0.43287313,1.0,1.0,-0.28064752,-0.18323722,0.031011624,0.43287313,1.0,1.0,-0.28064752,-0.18323722
58.838,0.0229,0.3971,0.8788,0.0,0.0,1.399999976158142,0.10265714,0.41261774,1.0,1.0,-0.35305882,-0.16221605,0.10265714,0.41261774,1.0,1.0,-0.35305882,-0.16221605
58.888,0.0233,0.3949,0.8978,0.0,0.0,1.399999976158142,0.061226025,0.42878285,1.0,1.0,-0.31269547,-0.17731339,0.061226025,0.42878285,1.0,1.0,-0.31269547,-0.17731339
58.938,0.0235,0.3940,0.9059,0.0,0.0,1.399999976158142,0.13348274,0.41051093,1.0,1.0,-0.38705194,-0.15694173,0.13348274,0.41051093,1.0,1.0,-0.38705194,-0.15694173
58.987,0.0235,0.3940,0.9059,0.0,0.0,1.399999976158142,0.09146325,0.42499602,1.0,1.0,-0.34477642,-0.17168286,0.09146325,0.42499602,1.0,1.0,-0.34477642,-0.17168286
59.037,0.0235,0.3940,0.9059,0.0,0.0,1.399999976158142,0.058024205,0.43402556,1.0,1.0,-0.31008565,-0.1819641,0.058024205,0.43402556,1.0,1.0,-0.31008565,-0.1819641
59.087,0.0235,0.3940,0.9059,0.0,0.0,1.399999976158142,0.058097683,0.4336075,1.0,1.0,-0.30998096,-0.18172419,0.058097683,0.4336075,1.0,1.0,-0.30998096,-0.18172419
59.138,0.0235,0.3940,0.9059,0.0,0.0,1.399999976158142,0.05817075,0.43319172,1.0,1.0,-0.30987686,-0.18148562,0.05817075,0.43319172,1.0,1.0,-0.30987686,-0.18148562
59.188,0.0235,0.3940,0.9059,0.0,0.0,1.399999976158142,0.0582435,0.43277776,1.0,1.0,-0.30977318,-0.18124808,0.0582435,0.43277776,1.0,1.0,-0.30977318,-0.18124808
59.237,0.0235,0.3940,0.9059,0.0,0.0,1.399999976158142,0.0583159,0.4323658,1.0,1.0,-0.30967003,-0.18101168,0.0583159,0.4323658,1.0,1.0,-0.30967003,-0.18101168
59.287,0.0235,0.3940,0.9059,0.0,0.0,1.399999976158142,0.05838768,0.43195733,1.0,1.0,-0.30956772,-0.1807773,0.05838768,0.43195733,1.0,1.0,-0.30956772,-0.1807773
59.337,0.0235,0.3940,0.9059,0.0,0.0,1.399999976158142,0.058459297,0.43154985,1.0,1.0,-0.30946568,-0.18054345,0.058459297,0.43154985,1.0,1.0,-0.30946568,-0.18054345
59.387,0.0235,0.3940,0.9059,0.0,0.0,1.399999976158142,0.044758756,0.48840776,1.0,1.0,-0.31691,-0.21625651,0.044758756,0.48840776,1.0,1.0,-0.31691,-0.21625651
59.437,0.0239,0.3779,1.0440,0.0,0.0,1.399999976158142,0.057867207,0.44084606,1.0,1.0,-0.31243202,-0.18628125,0.057867207,0.44084606,1.0,1.0,-0.31243202,-0.18628125
59.487,0.0236,0.3758,1.0628,0.0,0.0,1.399999976158142,0.7716119,-0.19830422,-0.05530382,-0.05530382,-0.79054815,0.2172404,0.7716119,-0.19830422,-0.05530382,-0.05530382,-0.79054815,0.2172404
59.538,0.0237,0.3749,1.0703,0.0,0.0,1.399999976158142,0.2952965,0.2693935,0.66849446,0.66849446,-0.4853042,-0.07938581,0.2952965,0.2693935,0.66849446,0.66849446,-0.4853042,-0.07938581
59.587,0.0238,0.3729,1.0872,0.0,0.0,1.399999976158142,0.24421874,0.31968847,0.7268876,0.7268876,-0.4538355,-0.110071726,0.24421874,0.31968847,0.7268876,0.7268876,-0.4538355,-0.110071726
59.638,0.0238,0.3721,1.0941,0.0,0.0,1.399999976158142,0.25133458,0.3064022,0.63078785,0.63078785,-0.45586798,-0.1018688,0.25133458,0.3064022,0.63078785,0.63078785,-0.45586798,-0.1018688
59.687,0.0237,0.3701,1.1096,0.0,0.0,1.399999976158142,0.24566653,0.3164075,0.68146175,0.68146175,-0.45365158,-0.10842245,0.24566653,0.3164075,0.68146175,0.68146175,-0.45365158,-0.10842245
59.738,0.0236,0.3693,1.1159,0.0,0.0,1.399999976158142,0.24910967,0.30672812,0.5945036,0.5945036,-0.4526877,-0.10315011,0.24910967,0.30672812,0.5945036,0.5945036,-0.4526877,-0.10315011
59.788,0.0234,0.3674,1.1300,0.0,0.0,1.399999976158142,0.24610034,0.31419814,0.6408695,0.6408695,-0.45258233,-0.10771613,0.24610034,0.31419814,0.6408695,0.6408695,-0.45258233,-0.10771613
59.837,0.0232,0.3665,1.1357,0.0,0.0,1.399999976158142,0.2466423,0.3073826,0.5618587,0.5618587,-0.44915316,-0.104871765,0.2466423,0.3073826,0.5618587,0.5618587,-0.44915316,-0.104871765
59.887,0.0228,0.3647,1.1484,0.0,0.0,1.399999976158142,0.24554789,0.31297845,0.6041167,0.6041167,-0.45064554,-0.1078808,0.24554789,0.31297845,0.6041167,0.6041167,-0.45064554,-0.1078808
59.937,0.0226,0.3639,1.1536,0.0,0.0,1.399999976158142,0.24397574,0.30843303,0.533425,0.533425,-0.44536316,-0.10704563,0.24397574,0.30843303,0.533425,0.533425,-0.44536316,-0.10704563
59.987,0.0220,0.3634,1.1647,0.0,0.0,1.399999976158142,0.24444665,0.31251186,0.57185644,0.57185644,-0.44822326,-0.10873526,0.24444665,0.31251186,0.57185644,0.57185644,-0.44822326,-0.10873526
60.037,0.0218,0.3633,1.1691,0.0,0.0,1.399999976158142,0.22364102,0.3326088,0.51057035,0.51057035,-0.43260705,-0.12364275,0.22364102,0.3326088,0.51057035,0.51057035,-0.43260705,-0.12364275
60.088,0.0215,0.3632,1.1735,0.0,0.0,1.399999976158142,0.22612399,0.33332303,0.54467356,0.54467356,-0.43669537,-0.12275166,0.22612399,0.33332303,0.54467356,0.54467356,-0.43669537,-0.12275166
60.137,0.0207,0.3631,1.1828,0.0,0.0,1.399999976158142,0.22306271,0.33632395,0.5375219,0.5375219,-0.4344878,-0.12489886,0.22306271,0.33632395,0.5375219,0.5375219,-0.4344878,-0.12489886
60.187,0.0198,0.3631,1.1913,0.0,0.0,1.399999976158142,0.20617983,0.35341048,0.48598588,0.48598588,-0.42107067,-0.13851963,0.20617983,0.35341048,0.48598588,0.48598588,-0.42107067,-0.13851963
60.237,0.0194,0.3631,1.1946,0.0,0.0,1.399999976158142,0.20486407,0.35571882,0.47455913,0.47455913,-0.4194424,-0.1411405,0.20486407,0.35571882,0.47455913,0.47455913,-0.4194424,-0.1411405
60.287,0.0185,0.3630,1.2017,0.0,0.0,1.399999976158142,0.21588711,0.346616,0.5009746,0.5009746,-0.4290822,-0.13342091,0.21588711,0.346616,0.5009746,0.5009746,-0.4290822,-0.13342091
60.338,0.0181,0.3630,1.2046,0.0,0.0,1.399999976158142,0.20676084,0.35639,0.46201587,0.46201587,-0.4201833,-0.14296752,0.20676084,0.35639,0.46201587,0.46201587,-0.4201833,-0.14296752
60.388,0.0171,0.3630,1.2105,0.0,0.0,1.399999976158142,0.21416302,0.35043284,0.4850734,0.4850734,-0.427449,-0.13714688,0.21416302,0.35043284,0.4850734,0.4850734,-0.427449,-0.13714688
60.437,0.0167,0.3629,1.2129,0.0,0.0,1.399999976158142,0.514634,0.7719068,0.9870709,0.9870709,-1.0,-0.28654078,0.514634,0.7719068,0.9870709,0.9870709,-1.0,-0.28654078
60.487,0.0155,0.3628,1.2187,0.0,0.0,1.399999976158142,0.20381993,0.34187645,0.43823192,0.43823192,-0.40975013,-0.13594623,0.20381993,0.34187645,0.43823192,0.43823192,-0.40975013,-0.13594623
60.538,0.0150,0.3628,1.2210,0.0,0.0,1.399999976158142,0.1800326,0.364685,0.4051737,0.4051737,-0.3895807,-0.15513691,0.1800326,0.364685,0.4051737,0.4051737,-0.3895807,-0.15513691
60.587,0.0137,0.3627,1.2256,0.0,0.0,1.399999976158142,0.19217518,0.35444644,0.42390525,0.42390525,-0.40063465,-0.14598696,0.19217518,0.35444644,0.42390525,0.42390525,-0.40063465,-0.14598696
60.637,0.0132,0.3627,1.2274,0.0,0.0,1.399999976158142,0.18056642,0.36659014,0.3992441,0.3992441,-0.3891327,-0.15802385,0.18056642,0.36659014,0.3992441,0.3992441,-0.3891327,-0.15802385
60.687,0.0120,0.3626,1.2309,0.0,0.0,1.399999976158142,0.19036764,0.35840467,0.41513577,0.41513577,-0.39862102,-0.15015131,0.19036764,0.35840467,0.41513577,0.41513577,-0.39862102,-0.15015131
60.737,0.0115,0.3626,1.2321,0.0,0.0,1.399999976158142,0.18406351,0.36594766,0.39721134,0.39721134,-0.39095166,-0.15905948,0.18406351,0.36594766,0.39721134,0.39721134,-0.39095166,-0.15905948
60.788,0.0104,0.3626,1.2346,0.0,0.0,1.399999976158142,0.19010672,0.36106545,0.40970406,0.40970406,-0.39770442,-0.15346774,0.19010672,0.36106545,0.40970406,0.40970406,-0.39770442,-0.15346774
60.838,0.0100,0.3625,1.2354,0.0,0.0,1.399999976158142,0.18707207,0.36574966,0.39792207,0.39792207,-0.39255744,-0.16026428,0.18707207,0.36574966,0.39792207,0.39792207,-0.39255744,-0.16026428
60.887,0.0095,0.3625,1.2361,0.0,0.0,1.399999976158142,0.19056134,0.36312574,0.40734276,0.40734276,-0.39739355,-0.15629351,0.19056134,0.36312574,0.40734276,0.40734276,-0.39739355,-0.15629351
60.937,0.0085,0.3625,1.2373,0.0,0.0,1.399999976158142,0.19085258,0.3639951,0.4074373,0.4074373,-0.3975719,-0.15727581,0.19085258,0.3639951,0.4074373,0.4074373,-0.3975719,-0.15727581
60.987,0.0076,0.3625,1.2379,0.0,0.0,1.399999976158142,0.18938969,0.3672337,0.4026273,0.4026273,-0.39391553,-0.16270785,0.18938969,0.3672337,0.4026273,0.4026273,-0.39391553,-0.16270785
61.037,0.0073,0.3625,1.2380,0.0,0.0,1.399999976158142,0.18901253,0.36878294,0.40605864,0.40605864,-0.39344215,-0.16435333,0.18901253,0.36878294,0.40605864,0.40605864,-0.39344215,-0.16435333
61.088,0.0065,0.3626,1.2381,0.0,0.0,1.399999976158142,0.19007175,0.36839756,0.40996063,0.40996063,-0.39636022,-0.16210909,0.19007175,0.36839756,0.40996063,0.40996063,-0.39636022,-0.16210909
61.138,0.0062,0.3627,1.2381,0.0,0.0,1.399999976158142,0.18934229,0.3715647,0.41105178,0.41105178,-0.3942677,-0.1666393,0.18934229,0.3715647,0.41105178,0.41105178,-0.3942677,-0.1666393
61.188,0.0055,0.3631,1.2378,0.0,0.0,1.399999976158142,0.19145983,0.37024537,0.41291705,0.41291705,-0.39751926,-0.16418594,0.19145983,0.37024537,0.41291705,0.41291705,-0.39751926,-0.16418594
61.237,0.0052,0.3632,1.2376,0.0,0.0,1.399999976158142,0.19283204,0.3722724,0.4161085,0.4161085,-0.39740247,-0.16770197,0.19283204,0.3722724,0.4161085,0.4161085,-0.39740247,-0.16770197
61.287,0.0045,0.3638,1.2369,0.0,0.0,1.399999976158142,0.19355308,0.37184945,0.4169262,0.4169262,-0.39934146,-0.16606104,0.19355308,0.37184945,0.4169262,0.4169262,-0.39934146,-0.16606104
61.337,0.0042,0.3640,1.2366,0.0,0.0,1.399999976158142,0.19625868,0.37333584,0.42200246,0.42200246,-0.4006058,-0.16898872,0.19625868,0.37333584,0.42200246,0.42200246,-0.4006058,-0.16898872
61.387,0.0035,0.3645,1.2361,0.0,0.0,1.399999976158142,0.49106926,0.91010016,0.8930088,0.8930088,-1.0,-0.4011694,0.49106926,0.91010016,0.8930088,0.8930088,-1.0,-0.4011694
61.438,0.0032,0.3645,1.2361,0.0,0.0,1.399999976158142,0.19231091,0.36052042,0.40521553,0.40521553,-0.38837722,-0.16445413,0.19231091,0.36052042,0.40521553,0.40521553,-0.38837722,-0.16445413
61.488,0.0028,0.3646,1.2361,0.0,0.0,1.399999976158142,0.19100179,0.3606717,0.40242174,0.40242174,-0.38794202,-0.16373147,0.19100179,0.3606717,0.40242174,0.40242174,-0.38794202,-0.16373147
61.538,0.0020,0.3649,1.2359,0.0,0.0,1.399999976158142,0.19165446,0.36144358,0.40368,0.40368,-0.38858083,-0.16451721,0.19165446,0.36144358,0.40368,0.40368,-0.38858083,-0.16451721
61.587,0.0013,0.3654,1.2354,0.0,0.0,1.399999976158142,0.19394682,0.3626576,0.40636858,0.40636858,-0.38869455,-0.16790988,0.19394682,0.3626576,0.40636858,0.40636858,-0.38869455,-0.16790988
61.637,0.0010,0.3656,1.2351,0.0,0.0,1.399999976158142,0.19500893,0.36420017,0.4100188,0.4100188,-0.38977218,-0.16943695,0.19500893,0.36420017,0.4100188,0.4100188,-0.38977218,-0.16943695
61.687,0.0007,0.3658,1.2348,0.0,0.0,1.399999976158142,0.19445868,0.36467436,0.41039842,0.41039842,-0.3908139,-0.16831917,0.19445868,0.36467436,0.41039842,0.41039842,-0.3908139,-0.16831917
61.737,-0.0000,0.3665,1.2339,0.0,0.0,1.399999976158142,0.19508725,0.36568668,0.41237292,0.41237292,-0.3915939,-0.16918005,0.19508725,0.36568668,0.41237292,0.41237292,-0.3915939,-0.16918005
61.788,-0.0007,0.3672,1.2328,0.0,0.0,1.399999976158142,0.19719504,0.36830872,0.4191685,0.4191685,-0.39260003,-0.17290373,0.19719504,0.36830872,0.4191685,0.4191685,-0.39260003,-0.17290373
61.838,-0.0010,0.3676,1.2322,0.0,0.0,1.399999976158142,0.19812237,0.37019172,0.42405245,0.42405245,-0.39373598,-0.17457813,0.19812237,0.37019172,0.42405245,0.42405245,-0.39373598,-0.17457813
61.898,-0.0016,0.3684,1.2308,0.0,0.0,1.399999976158142,0.19767123,0.36997682,0.4225434,0.4225434,-0.39437085,-0.1732772,0.19767123,0.36997682,0.4225434,0.4225434,-0.39437085,-0.1732772
61.937,-0.0019,0.3688,1.2301,0.0,0.0,1.399999976158142,0.19953503,0.37345546,0.43220183,0.43220183,-0.39575702,-0.17723346,0.19953503,0.37345546,0.43220183,0.43220183,-0.39575702,-0.17723346
61.987,-0.0025,0.3697,1.2285,0.0,0.0,1.399999976158142,0.19914827,0.3729893,0.4299097,0.4299097,-0.39626628,-0.17587127,0.19914827,0.3729893,0.4299097,0.4299097,-0.39626628,-0.17587127
62.037,-0.0027,0.3701,1.2277,0.0,0.0,1.399999976158142,0.20079952,0.37689522,0.44097582,0.44097582,-0.39774126,-0.17995349,0.20079952,0.37689522,0.44097582,0.44097582,-0.39774126,-0.17995349
62.088,-0.0033,0.3711,1.2259,0.0,0.0,1.399999976158142,0.20050511,0.37617165,0.43790117,0.43790117,-0.39818913,-0.17848761,0.20050511,0.37617165,0.43790117,0.43790117,-0.39818913,-0.17848761
62.138,-0.0035,0.3715,1.2250,0.0,0.0,1.399999976158142,0.20193066,0.3804292,0.45015925,0.45015925,-0.39969966,-0.1826602,0.20193066,0.3804292,0.45015925,0.45015925,-0.39969966,-0.1826602
62.188,-0.0040,0.3725,1.2230,0.0,0.0,1.399999976158142,0.20175761,0.37949356,0.44645885,0.44645885,-0.4001272,-0.18112396,0.20175761,0.37949356,0.44645885,0.44645885,-0.4001272,-0.18112396
62.238,-0.0043,0.3730,1.2221,0.0,0.0,1.399999976158142,0.20297986,0.38398257,0.45965883,0.45965883,-0.4016512,-0.18531123,0.20297986,0.38398257,0.45965883,0.45965883,-0.4016512,-0.18531123
62.287,-0.0048,0.3740,1.2199,0.0,0.0,1.399999976158142,0.20293124,0.38287583,0.4554439,0.4554439,-0.40207824,-0.18372884,0.20293124,0.38287583,0.4554439,0.4554439,-0.40207824,-0.18372884
62.339,-0.0050,0.3744,1.2190,0.0,0.0,1.399999976158142,0.20400125,0.3874149,0.46919915,0.46919915,-0.40361884,-0.18779731,0.20400125,0.3874149,0.46919915,0.46919915,-0.40361884,-0.18779731
62.398,-0.0054,0.3752,1.2173,0.0,0.0,1.399999976158142,0.50856507,0.9385579,0.9886487,0.9886487,-1.0,-0.44712302,0.50856507,0.9385579,0.9886487,0.9886487,-1.0,-0.44712302
62.437,-0.0056,0.3754,1.2170,0.0,0.0,1.399999976158142,0.1961395,0.37769383,0.4543296,0.4543296,-0.3895982,-0.18423516,0.1961395,0.37769383,0.4543296,0.4543296,-0.3895982,-0.18423516
62.488,-0.0058,0.3756,1.2167,0.0,0.0,1.399999976158142,0.19488846,0.37707818,0.44684175,0.44684175,-0.38884187,-0.18312478,0.19488846,0.37707818,0.44684175,0.44684175,-0.38884187,-0.18312478
62.538,-0.0063,0.3761,1.2158,0.0,0.0,1.399999976158142,0.19482996,0.3785012,0.4486881,0.4486881,-0.38924724,-0.18408391,0.19482996,0.3785012,0.4486881,0.4486881,-0.38924724,-0.18408391
62.588,-0.0067,0.3765,1.2149,0.0,0.0,1.399999976158142,0.19192444,0.38449648,0.45493183,0.45493183,-0.38733605,-0.18908489,0.19192444,0.38449648,0.45493183,0.45493183,-0.38733605,-0.18908489
62.638,-0.0068,0.3768,1.2144,0.0,0.0,1.399999976158142,0.19239567,0.38600838,0.45908603,0.45908603,-0.38820878,-0.19019529,0.19239567,0.38600838,0.45908603,0.45908603,-0.38820878,-0.19019529
62.687,-0.0072,0.3773,1.2133,0.0,0.0,1.399999976158142,0.19467062,0.38385737,0.4578959,0.4578959,-0.39051828,-0.18800971,0.19467062,0.38385737,0.4578959,0.4578959,-0.39051828,-0.18800971
62.737,-0.0074,0.3775,1.2127,0.0,0.0,1.399999976158142,0.19370605,0.38816127,0.4659731,0.4659731,-0.39016786,-0.19169948,0.19370605,0.38816127,0.4659731,0.4659731,-0.39016786,-0.19169948
62.787,-0.0077,0.3780,1.2115,0.0,0.0,1.399999976158142,0.1952833,0.38661563,0.46422574,0.46422574,-0.39191613,-0.18998282,0.1952833,0.38661563,0.46422574,0.46422574,-0.39191613,-0.18998282
62.837,-0.0078,0.3782,1.2109,0.0,0.0,1.399999976158142,0.19523942,0.3900652,0.47303793,0.47303793,-0.3923052,-0.19299944,0.19523942,0.3900652,0.47303793,0.47303793,-0.3923052,-0.19299944
62.887,-0.0081,0.3787,1.2095,0.0,0.0,1.399999976158142,0.19628833,0.38900548,0.4708899,0.4708899,-0.39361143,-0.19168237,0.19628833,0.38900548,0.4708899,0.4708899,-0.39361143,-0.19168237
62.937,-0.0083,0.3789,1.2089,0.0,0.0,1.399999976158142,0.19705634,0.3916623,0.48022017,0.48022017,-0.39464658,-0.19407204,0.19705634,0.3916623,0.48022017,0.48022017,-0.39464658,-0.19407204
62.987,-0.0085,0.3794,1.2075,0.0,0.0,1.399999976158142,0.19763233,0.3910537,0.47775677,0.47775677,-0.3955641,-0.19312192,0.19763233,0.3910537,0.47775677,0.47775677,-0.3955641,-0.19312192
63.037,-0.0086,0.3796,1.2068,0.0,0.0,1.399999976158142,0.19911891,0.39298534,0.48745736,0.48745736,-0.39716396,-0.19494028,0.19911891,0.39298534,0.48745736,0.48745736,-0.39716396,-0.19494028
63.087,-0.0089,0.3801,1.2054,0.0,0.0,1.399999976158142,0.19926843,0.3927913,0.48475674,0.48475674,-0.3977313,-0.19432844,0.19926843,0.3927913,0.48475674,0.48475674,-0.3977313,-0.19432844
63.137,-0.0090,0.3803,1.2047,0.0,0.0,1.399999976158142,0.20137447,0.39404964,0.4945712,0.4945712,-0.3998167,-0.19560741,0.20137447,0.39404964,0.4945712,0.4945712,-0.3998167,-0.19560741
63.187,-0.0091,0.3807,1.2033,0.0,0.0,1.399999976158142,0.20115232,0.39424735,0.4917716,0.4917716,-0.40008155,-0.19531812,0.20115232,0.39424735,0.4917716,0.4917716,-0.40008155,-0.19531812
63.237,-0.0092,0.3809,1.2026,0.0,0.0,1.399999976158142,0.20386428,0.39485693,0.50154763,0.50154763,-0.40264156,-0.19607963,0.20386428,0.39485693,0.50154763,0.50154763,-0.40264156,-0.19607963
63.287,-0.0094,0.3813,1.2012,0.0,0.0,1.399999976158142,0.20335075,0.39536333,0.49873024,0.49873024,-0.40265226,-0.19606183,0.20335075,0.39536333,0.49873024,0.49873024,-0.40265226,-0.19606183
63.337,-0.0095,0.3815,1.2006,0.0,0.0,1.399999976158142,0.2066881,0.3952224,0.5083445,0.5083445,-0.4056299,-0.1962806,0.2066881,0.3952224,0.5083445,0.5083445,-0.4056299,-0.1962806
63.388,-0.0096,0.3817,1.1997,0.0,0.0,1.399999976158142,0.46441302,0.8943892,1.0,1.0,-0.9162571,-0.44254512,0.46441302,0.8943892,1.0,1.0,-0.9162571,-0.44254512
63.438,-0.0096,0.3817,1.1998,0.0,0.0,1.399999976158142,0.20112458,0.38146865,0.48750627,0.48750627,-0.39312458,-0.18946865,0.20112458,0.38146865,0.48750627,0.48750627,-0.39312458,-0.18946865
63.488,-0.0096,0.3817,1.1998,0.0,0.0,1.399999976158142,0.19922818,0.38285482,0.4826125,0.4826125,-0.3919576,-0.19012539,0.19922818,0.38285482,0.4826125,0.4826125,-0.3919576,-0.19012539
63.538,-0.0097,0.3816,1.1999,0.0,0.0,1.399999976158142,0.19983119,0.38333037,0.48369104,0.48369104,-0.3927729,-0.19038863,0.19983119,0.38333037,0.48369104,0.48369104,-0.3927729,-0.19038863
63.587,-0.0098,0.3816,1.1999,0.0,0.0,1.399999976158142,0.20154883,0.38278478,0.48456103,0.48456103,-0.39410663,-0.19022697,0.20154883,0.38278478,0.48456103,0.48456103,-0.39410663,-0.19022697
63.638,-0.0098,0.3816,1.1999,0.0,0.0,1.399999976158142,0.20269097,0.38292906,0.48630664,0.48630664,-0.3953074,-0.19031267,0.20269097,0.38292906,0.48630664,0.48630664,-0.3953074,-0.19031267
63.687,-0.0099,0.3816,1.1998,0.0,0.0,1.399999976158142,0.20231351,0.38436684,0.48770216,0.48770216,-0.39566642,-0.19101395,0.20231351,0.38436684,0.48770216,0.48770216,-0.39566642,-0.19101395
63.737,-0.0099,0.3816,1.1997,0.0,0.0,1.399999976158142,0.20429745,0.38383132,0.48968387,0.48968387,-0.3973317,-0.19079706,0.20429745,0.38383132,0.48968387,0.48968387,-0.3973317,-0.19079706
63.788,-0.0099,0.3817,1.1995,0.0,0.0,1.399999976158142,0.20384859,0.38525617,0.49076024,0.49076024,-0.3975893,-0.19151546,0.20384859,0.38525617,0.49076024,0.49076024,-0.3975893,-0.19151546
63.838,-0.0100,0.3817,1.1994,0.0,0.0,1.399999976158142,0.20582438,0.38486132,0.4932426,0.4932426,-0.39933655,-0.19134915,0.20582438,0.38486132,0.4932426,0.4932426,-0.39933655,-0.19134915
63.887,-0.0100,0.3818,1.1991,0.0,0.0,1.399999976158142,0.20536646,0.38622186,0.49405938,0.49405938,-0.3995366,-0.19205171,0.20536646,0.38622186,0.49405938,0.49405938,-0.3995366,-0.19205171
63.937,-0.0100,0.3819,1.1990,0.0,0.0,1.399999976158142,0.20730193,0.38595465,0.49694037,0.49694037,-0.40131772,-0.19193886,0.20730193,0.38595465,0.49694037,0.49694037,-0.40131772,-0.19193886
63.987,-0.0101,0.3820,1.1987,0.0,0.0,1.399999976158142,0.20682162,0.3872857,0.49752638,0.49752638,-0.40147263,-0.1926347,0.20682162,0.3872857,0.49752638,0.49752638,-0.40147263,-0.1926347
64.038,-0.0101,0.3820,1.1985,0.0,0.0,1.399999976158142,0.2086817,0.3871667,0.50073284,0.50073284,-0.40325803,-0.1925904,0.2086817,0.3871667,0.50073284,0.50073284,-0.40325803,-0.1925904
64.087,-0.0101,0.3821,1.1981,0.0,0.0,1.399999976158142,0.20822833,0.3884267,0.50113493,0.50113493,-0.40340155,-0.19325347,0.20822833,0.3884267,0.50113493,0.50113493,-0.40340155,-0.19325347
64.138,-0.0101,0.3822,1.1980,0.0,0.0,1.399999976158142,0.20996279,0.3884804,0.5045671,0.5045671,-0.40515018,-0.19329299,0.20996279,0.3884804,0.5045671,0.5045671,-0.40515018,-0.19329299
64.188,-0.0102,0.3823,1.1976,0.0,0.0,1.399999976158142,0.20956181,0.38965726,0.5048326,0.5048326,-0.40530512,-0.19391397,0.20956181,0.38965726,0.5048326,0.5048326,-0.40530512,-0.19391397
64.237,-0.0102,0.3824,1.1974,0.0,0.0,1.399999976158142,0.21113294,0.38989717,0.508394,0.508394,-0.4069854,-0.19404471,0.21113294,0.38989717,0.508394,0.508394,-0.4069854,-0.19404471
64.288,-0.0102,0.3825,1.1970,0.0,0.0,1.399999976158142,0.21080607,0.3909815,0.5085702,0.5085702,-0.4071708,-0.19461676,0.21080607,0.3909815,0.5085702,0.5085702,-0.4071708,-0.19461676
64.337,-0.0102,0.3826,1.1968,0.0,0.0,1.399999976158142,0.21218932,0.39141002,0.5121691,0.5121691,-0.40876082,-0.19483852,0.21218932,0.39141002,0.5121691,0.5121691,-0.40876082,-0.19483852
64.387,-0.0102,0.3826,1.1967,0.0,0.0,1.399999976158142,0.47507888,0.86671644,1.0,1.0,-0.9128087,-0.42898667,0.47507888,0.86671644,1.0,1.0,-0.9128087,-0.42898667
64.437,-0.0104,0.3823,1.1975,0.0,0.0,1.399999976158142,0.20503241,0.37855294,0.48910663,0.48910663,-0.3951902,-0.18839514,0.20503241,0.37855294,0.48910663,0.48910663,-0.3951902,-0.18839514
64.488,-0.0105,0.3818,1.1984,0.0,0.0,1.399999976158142,0.20638289,0.37623793,0.48299843,0.48299843,-0.39495876,-0.18766207,0.20638289,0.37623793,0.48299843,0.48299843,-0.39495876,-0.18766207
64.537,-0.0106,0.3815,1.1988,0.0,0.0,1.399999976158142,0.20766853,0.37500086,0.48106807,0.48106807,-0.39531955,-0.18734986,0.20766853,0.37500086,0.48106807,0.48106807,-0.39531955,-0.18734986
64.587,-0.0108,0.3811,1.1995,0.0,0.0,1.399999976158142,0.20742331,0.3771786,0.48524788,0.48524788,-0.39629105,-0.18831086,0.20742331,0.3771786,0.48524788,0.48524788,-0.39629105,-0.18831086
64.638,-0.0108,0.3809,1.1998,0.0,0.0,1.399999976158142,0.20934032,0.37502185,0.48263866,0.48263866,-0.3966381,-0.18772408,0.20934032,0.37502185,0.48263866,0.48263866,-0.3966381,-0.18772408
64.687,-0.0110,0.3805,1.2003,0.0,0.0,1.399999976158142,0.20887248,0.3773214,0.4861572,0.4861572,-0.3974757,-0.18871817,0.20887248,0.3773214,0.4861572,0.4861572,-0.3974757,-0.18871817
64.738,-0.0111,0.3804,1.2004,0.0,0.0,1.399999976158142,0.21054323,0.3756501,0.48466897,0.48466897,-0.39777446,-0.18841888,0.21054323,0.3756501,0.48466897,0.48466897,-0.39777446,-0.18841888
64.787,-0.0113,0.3801,1.2008,0.0,0.0,1.399999976158142,0.21007173,0.37783515,0.48757583,0.48757583,-0.3985836,-0.18932328,0.21007173,0.37783515,0.48757583,0.48757583,-0.3985836,-0.18932328
64.838,-0.0114,0.3800,1.2009,0.0,0.0,1.399999976158142,0.21126209,0.3769007,0.4870624,0.4870624,-0.39875406,-0.18940875,0.21126209,0.3769007,0.4870624,0.4870624,-0.39875406,-0.18940875
64.888,-0.0115,0.3798,1.2011,0.0,0.0,1.399999976158142,0.2109608,0.3788073,0.48943618,0.48943618,-0.39962646,-0.19014163,0.2109608,0.3788073,0.48943618,0.48943618,-0.39962646,-0.19014163
64.937,-0.0116,0.3797,1.2011,0.0,0.0,1.399999976158142,0.21146123,0.37887567,0.48970994,0.48970994,-0.39962998,-0.19070692,0.21146123,0.37887567,0.48970994,0.48970994,-0.39962998,-0.19070692
64.987,-0.0117,0.3796,1.2012,0.0,0.0,1.399999976158142,0.2114391,0.38032657,0.49160305,0.49160305,-0.4005651,-0.19120057,0.2114391,0.38032657,0.49160305,0.49160305,-0.4005651,-0.19120057
65.038,-0.0117,0.3796,1.2012,0.0,0.0,1.399999976158142,0.21122679,0.38134515,0.49247026,0.49247026,-0.4003774,-0.19219455,0.21122679,0.38134515,0.49247026,0.49247026,-0.4003774,-0.19219455
65.088,-0.0118,0.3796,1.2012,0.0,0.0,1.399999976158142,0.21160734,0.38229546,0.49406084,0.49406084,-0.40148455,-0.19241825,0.21160734,0.38229546,0.49406084,0.49406084,-0.40148455,-0.19241825
65.137,-0.0118,0.3796,1.2012,0.0,0.0,1.399999976158142,0.21076378,0.3841693,0.495411,0.495411,-0.40115613,-0.19377695,0.21076378,0.3841693,0.495411,0.495411,-0.40115613,-0.19377695
65.188,-0.0119,0.3796,1.2011,0.0,0.0,1.399999976158142,0.21152374,0.38461643,0.49672595,0.49672595,-0.4023879,-0.19375227,0.21152374,0.38461643,0.49672595,0.49672595,-0.4023879,-0.19375227
65.237,-0.0119,0.3796,1.2011,0.0,0.0,1.399999976158142,0.21035142,0.3870183,0.49853286,0.49853286,-0.40208665,-0.19528306,0.21035142,0.3870183,0.49853286,0.49853286,-0.40208665,-0.19528306
65.287,-0.0119,0.3797,1.2010,0.0,0.0,1.399999976158142,0.21152112,0.38693377,0.49965715,0.49965715,-0.4034333,-0.19502158,0.21152112,0.38693377,0.49965715,0.49965715,-0.4034333,-0.19502158
65.337,-0.0119,0.3798,1.2008,0.0,0.0,1.399999976158142,0.21172021,0.38787246,0.50106287,0.50106287,-0.40407598,-0.19551669,0.21172021,0.38787246,0.50106287,0.50106287,-0.40407598,-0.19551669
65.387,-0.0120,0.3796,1.2012,0.0,0.0,1.399999976158142,0.48679292,0.8742025,1.0,1.0,-0.92326987,-0.43772554,0.48679292,0.8742025,1.0,1.0,-0.92326987,-0.43772554
65.437,-0.0121,0.3794,1.2017,0.0,0.0,1.399999976158142,0.20392261,0.3750642,0.47631922,0.47631922,-0.38962096,-0.18936583,0.20392261,0.3750642,0.47631922,0.47631922,-0.38962096,-0.18936583
65.487,-0.0122,0.3788,1.2027,0.0,0.0,1.399999976158142,0.20509166,0.37439877,0.47556272,0.47556272,-0.39049664,-0.18899378,0.20509166,0.37439877,0.47556272,0.47556272,-0.39049664,-0.18899378
65.537,-0.0123,0.3786,1.2031,0.0,0.0,1.399999976158142,0.20531572,0.37337813,0.47101307,0.47101307,-0.38964233,-0.18905155,0.20531572,0.37337813,0.47101307,0.47101307,-0.38964233,-0.18905155
65.588,-0.0124,0.3782,1.2038,0.0,0.0,1.399999976158142,0.20591779,0.37491792,0.4755251,0.4755251,-0.39127946,-0.18955626,0.20591779,0.37491792,0.4755251,0.4755251,-0.39127946,-0.18955626
65.638,-0.0125,0.3780,1.2041,0.0,0.0,1.399999976158142,0.20633115,0.3741667,0.4726914,0.4726914,-0.3907916,-0.18970625,0.20633115,0.3741667,0.4726914,0.4726914,-0.3907916,-0.18970625
65.687,-0.0126,0.3777,1.2046,0.0,0.0,1.399999976158142,0.2066874,0.3757069,0.47627997,0.47627997,-0.39215526,-0.19023906,0.2066874,0.3757069,0.47627997,0.47627997,-0.39215526,-0.19023906
65.738,-0.0127,0.3776,1.2048,0.0,0.0,1.399999976158142,0.20692687,0.3754919,0.474711,0.474711,-0.39180595,-0.19061281,0.20692687,0.3754919,0.474711,0.474711,-0.39180595,-0.19061281
65.787,-0.0128,0.3774,1.2051,0.0,0.0,1.399999976158142,0.20724173,0.37693664,0.47770748,0.47770748,-0.39308152,-0.19109684,0.20724173,0.37693664,0.47770748,0.47770748,-0.39308152,-0.19109684
65.837,-0.0128,0.3773,1.2052,0.0,0.0,1.399999976158142,0.20706958,0.37752146,0.47724223,0.47724223,-0.3927926,-0.1917984,0.20706958,0.37752146,0.47724223,0.47724223,-0.3927926,-0.1917984
65.887,-0.0129,0.3772,1.2054,0.0,0.0,1.399999976158142,0.20752105,0.3786334,0.4796125,0.4796125,-0.39402294,-0.19213153,0.20752105,0.3786334,0.4796125,0.4796125,-0.39402294,-0.19213153
65.938,-0.0129,0.3772,1.2054,0.0,0.0,1.399999976158142,0.20684466,0.38010383,0.4800718,0.4800718,-0.39377555,-0.19317292,0.20684466,0.38010383,0.4800718,0.4800718,-0.39377555,-0.19317292
65.988,-0.0129,0.3772,1.2054,0.0,0.0,1.399999976158142,0.20762451,0.38070738,0.48197612,0.48197612,-0.39505497,-0.19327694,0.20762451,0.38070738,0.48197612,0.48197612,-0.39505497,-0.19327694
66.037,-0.0129,0.3772,1.2054,0.0,0.0,1.399999976158142,0.20703058,0.38240293,0.4833863,0.4833863,-0.39510846,-0.19432501,0.20703058,0.38240293,0.4833863,0.4833863,-0.39510846,-0.19432501
66.088,-0.0129,0.3773,1.2053,0.0,0.0,1.399999976158142,0.20797408,0.38264456,0.48482302,0.48482302,-0.39632347,-0.19429518,0.20797408,0.38264456,0.48482302,0.48482302,-0.39632347,-0.19429518
66.137,-0.0129,0.3774,1.2052,0.0,0.0,1.399999976158142,0.2082695,0.38351348,0.48624206,0.48624206,-0.39704698,-0.19473599,0.2082695,0.38351348,0.48624206,0.48624206,-0.39704698,-0.19473599
66.187,-0.0129,0.3775,1.2049,0.0,0.0,1.399999976158142,0.20788714,0.38532758,0.48873043,0.48873043,-0.3975038,-0.19571091,0.20788714,0.38532758,0.48873043,0.48873043,-0.3975038,-0.19571091
66.237,-0.0129,0.3776,1.2047,0.0,0.0,1.399999976158142,0.20821673,0.38641608,0.49103913,0.49103913,-0.39846,-0.19617282,0.20821673,0.38641608,0.49103913,0.49103913,-0.39846,-0.19617282
66.288,-0.0129,0.3778,1.2044,0.0,0.0,1.399999976158142,0.20899452,0.38656002,0.49165067,0.49165067,-0.39935574,-0.1961988,0.20899452,0.38656002,0.49165067,0.49165067,-0.39935574,-0.1961988
66.338,-0.0128,0.3778,1.2042,0.0,0.0,1.399999976158142,0.20899044,0.38834897,0.4951874,0.4951874,-0.40034434,-0.1969951,0.20899044,0.38834897,0.4951874,0.4951874,-0.40034434,-0.1969951
66.388,-0.0128,0.3779,1.2040,0.0,0.0,1.399999976158142,0.20965122,0.38851345,0.49551305,0.49551305,-0.40108055,-0.19708413,0.20965122,0.38851345,0.49551305,0.49551305,-0.40108055,-0.19708413
66.437,-0.0128,0.3781,1.2036,0.0,0.0,1.399999976158142,0.47191468,0.86369973,1.0,1.0,-0.8990783,-0.43653616,0.47191468,0.86369973,1.0,1.0,-0.8990783,-0.43653616
66.488,-0.0128,0.3779,1.2041,0.0,0.0,1.399999976158142,0.20308279,0.3762465,0.47654998,0.47654998,-0.38881254,-0.19051675,0.20308279,0.3762465,0.47654998,0.47654998,-0.38881254,-0.19051675
66.537,-0.0128,0.3778,1.2042,0.0,0.0,1.399999976158142,0.2045756,0.37400007,0.47185758,0.47185758,-0.389074,-0.18950166,0.2045756,0.37400007,0.47185758,0.47185758,-0.389074,-0.18950166
66.588,-0.0128,0.3777,1.2045,0.0,0.0,1.399999976158142,0.20453046,0.37559345,0.47443566,0.47443566,-0.3897726,-0.19035132,0.20453046,0.37559345,0.47443566,0.47443566,-0.3897726,-0.19035132
66.638,-0.0128,0.3776,1.2045,0.0,0.0,1.399999976158142,0.20547959,0.375353,0.47438884,0.47438884,-0.39067852,-0.19015409,0.20547959,0.375353,0.47438884,0.47438884,-0.39067852,-0.19015409
66.688,-0.0128,0.3776,1.2046,0.0,0.0,1.399999976158142,0.20547785,0.37676653,0.47661865,0.47661865,-0.39132065,-0.19092375,0.20547785,0.37676653,0.47661865,0.47661865,-0.39132065,-0.19092375
66.737,-0.0128,0.3776,1.2046,0.0,0.0,1.399999976158142,0.20630233,0.3769939,0.47766212,0.47766212,-0.39236453,-0.1909317,0.20630233,0.3769939,0.47766212,0.47766212,-0.39236453,-0.1909317
66.787,-0.0127,0.3776,1.2045,0.0,0.0,1.399999976158142,0.20636609,0.37815928,0.47932944,0.47932944,-0.39294022,-0.19158515,0.20636609,0.37815928,0.47932944,0.47932944,-0.39294022,-0.19158515
66.838,-0.0127,0.3777,1.2044,0.0,0.0,1.399999976158142,0.20708598,0.37877715,0.4813098,0.4813098,-0.39411008,-0.19175303,0.20708598,0.37877715,0.4813098,0.4813098,-0.39411008,-0.19175303
66.888,-0.0127,0.3778,1.2042,0.0,0.0,1.399999976158142,0.20723772,0.37971374,0.4824945,0.4824945,-0.39464965,-0.1923018,0.20723772,0.37971374,0.4824945,0.4824945,-0.39464965,-0.1923018
66.938,-0.0126,0.3779,1.2040,0.0,0.0,1.399999976158142,0.20794673,0.38059124,0.48529604,0.48529604,-0.39598668,-0.19255131,0.20794673,0.38059124,0.48529604,0.48529604,-0.39598668,-0.19255131
66.987,-0.0126,0.3780,1.2037,0.0,0.0,1.399999976158142,0.20812492,0.38134548,0.48602507,0.48602507,-0.39644435,-0.19302607,0.20812492,0.38134548,0.48602507,0.48602507,-0.39644435,-0.19302607
67.037,-0.0126,0.3781,1.2035,0.0,0.0,1.399999976158142,0.20882995,0.38244304,0.48949897,0.48949897,-0.3979267,-0.19334632,0.20882995,0.38244304,0.48949897,0.48949897,-0.3979267,-0.19334632
67.087,-0.0125,0.3784,1.2030,0.0,0.0,1.399999976158142,0.2090255,0.38307095,0.48988366,0.48988366,-0.39832222,-0.19377422,0.2090255,0.38307095,0.48988366,0.48988366,-0.39832222,-0.19377422
67.137,-0.0125,0.3785,1.2028,0.0,0.0,1.399999976158142,0.20974998,0.38431904,0.4939214,0.4939214,-0.3999421,-0.19412693,0.20974998,0.38431904,0.4939214,0.4939214,-0.3999421,-0.19412693
67.187,-0.0124,0.3787,1.2023,0.0,0.0,1.399999976158142,0.20994729,0.3848485,0.4939968,0.4939968,-0.40027004,-0.19452573,0.20994729,0.3848485,0.4939968,0.4939968,-0.40027004,-0.19452573
67.237,-0.0124,0.3788,1.2020,0.0,0.0,1.399999976158142,0.21071516,0.38618404,0.4984692,0.4984692,-0.40201685,-0.19488233,0.21071516,0.38618404,0.4984692,0.4984692,-0.40201685,-0.19488233
67.288,-0.0123,0.3790,1.2018,0.0,0.0,1.399999976158142,0.21090265,0.38664654,0.49830619,0.49830619,-0.40228295,-0.19526626,0.21090265,0.38664654,0.49830619,0.49830619,-0.40228295,-0.19526626
67.337,-0.0122,0.3793,1.2012,0.0,0.0,1.399999976158142,0.2113445,0.3874707,0.50009257,0.50009257,-0.4031824,-0.1956328,0.2113445,0.3874707,0.50009257,0.50009257,-0.4031824,-0.1956328
67.388,-0.0122,0.3793,1.2011,0.0,0.0,1.399999976158142,0.48503545,0.8748386,1.0,1.0,-0.9206532,-0.43922085,0.48503545,0.8748386,1.0,1.0,-0.9206532,-0.43922085
67.438,-0.0122,0.3791,1.2014,0.0,0.0,1.399999976158142,0.20592506,0.3735529,0.479059,0.479059,-0.3913137,-0.18816426,0.20592506,0.3735529,0.479059,0.479059,-0.3913137,-0.18816426
67.487,-0.0123,0.3788,1.2021,0.0,0.0,1.399999976158142,0.20615141,0.37342522,0.4771188,0.4771188,-0.39119712,-0.18837951,0.20615141,0.37342522,0.4771188,0.4771188,-0.39119712,-0.18837951
67.537,-0.0123,0.3786,1.2024,0.0,0.0,1.399999976158142,0.2077029,0.37183774,0.47458392,0.47458392,-0.39192814,-0.18761252,0.2077029,0.37183774,0.47458392,0.47458392,-0.39192814,-0.18761252
67.587,-0.0123,0.3784,1.2028,0.0,0.0,1.399999976158142,0.20733248,0.3739825,0.47801745,0.47801745,-0.39257234,-0.18874262,0.20733248,0.3739825,0.47801745,0.47801745,-0.39257234,-0.18874262
67.637,-0.0123,0.3783,1.2030,0.0,0.0,1.399999976158142,0.20847331,0.37320042,0.47674438,0.47674438,-0.39327905,-0.18839468,0.20847331,0.37320042,0.47674438,0.47674438,-0.39327905,-0.18839468
67.688,-0.0123,0.3782,1.2033,0.0,0.0,1.399999976158142,0.20820451,0.3750553,0.47954947,0.47954947,-0.3939026,-0.1893572,0.20820451,0.3750553,0.47954947,0.47954947,-0.3939026,-0.1893572
67.737,-0.0124,0.3781,1.2034,0.0,0.0,1.399999976158142,0.2089514,0.37502682,0.4794078,0.4794078,-0.39458692,-0.18939131,0.2089514,0.37502682,0.4794078,0.4794078,-0.39458692,-0.18939131
67.787,-0.0124,0.3781,1.2035,0.0,0.0,1.399999976158142,0.20897277,0.37638232,0.48162875,0.48162875,-0.39527062,-0.19008449,0.20897277,0.37638232,0.48162875,0.48162875,-0.39527062,-0.19008449
67.837,-0.0124,0.3781,1.2035,0.0,0.0,1.399999976158142,0.20942847,0.37691912,0.48245975,0.48245975,-0.3959497,-0.1903979,0.20942847,0.37691912,0.48245975,0.48245975,-0.3959497,-0.1903979
67.887,-0.0124,0.3781,1.2034,0.0,0.0,1.399999976158142,0.20961903,0.3779712,0.48420858,0.48420858,-0.39666507,-0.19092515,0.20961903,0.3779712,0.48420858,0.48420858,-0.39666507,-0.19092515
67.937,-0.0124,0.3781,1.2034,0.0,0.0,1.399999976158142,0.20984307,0.37899578,0.48591533,0.48591533,-0.39737198,-0.1914669,0.20984307,0.37899578,0.48591533,0.48591533,-0.39737198,-0.1914669
67.987,-0.0124,0.3782,1.2032,0.0,0.0,1.399999976158142,0.21020104,0.37974656,0.48720485,0.48720485,-0.39811188,-0.19183573,0.21020104,0.37974656,0.48720485,0.48720485,-0.39811188,-0.19183573
68.038,-0.0124,0.3783,1.2031,0.0,0.0,1.399999976158142,0.2102758,0.38113666,0.4896633,0.4896633,-0.39888048,-0.19253196,0.2102758,0.38113666,0.4896633,0.4896633,-0.39888048,-0.19253196
68.088,-0.0123,0.3784,1.2028,0.0,0.0,1.399999976158142,0.21074814,0.3816579,0.4905528,0.4905528,-0.39961752,-0.19278851,0.21074814,0.3816579,0.4905528,0.4905528,-0.39961752,-0.19278851
68.138,-0.0123,0.3785,1.2026,0.0,0.0,1.399999976158142,0.21072833,0.3833242,0.49364805,0.49364805,-0.40046605,-0.19358648,0.21072833,0.3833242,0.49364805,0.49364805,-0.40046605,-0.19358648
68.188,-0.0123,0.3786,1.2025,0.0,0.0,1.399999976158142,0.21127576,0.38366094,0.49418962,0.49418962,-0.40117696,-0.19375974,0.21127576,0.38366094,0.49418962,0.49418962,-0.40117696,-0.19375974
68.237,-0.0123,0.3788,1.2020,0.0,0.0,1.399999976158142,0.2115852,0.38455603,0.4957995,0.4957995,-0.40194413,-0.19419709,0.2115852,0.38455603,0.4957995,0.4957995,-0.40194413,-0.19419709
68.287,-0.0122,0.3790,1.2016,0.0,0.0,1.399999976158142,0.21153757,0.38643026,0.49953178,0.49953178,-0.40292495,-0.1950429,0.21153757,0.38643026,0.49953178,0.49953178,-0.40292495,-0.1950429
68.337,-0.0122,0.3791,1.2014,0.0,0.0,1.399999976158142,0.21180612,0.38762203,0.50203794,0.50203794,-0.40387085,-0.1955573,0.21180612,0.38762203,0.50203794,0.50203794,-0.40387085,-0.1955573
68.387,-0.0122,0.3792,1.2013,0.0,0.0,1.399999976158142,0.4884968,0.87352717,1.0,1.0,-0.9239511,-0.4380729,0.4884968,0.87352717,1.0,1.0,-0.9239511,-0.4380729
68.437,-0.0122,0.3790,1.2016,0.0,0.0,1.399999976158142,0.20539038,0.37398878,0.4790035,0.4790035,-0.39083984,-0.18853933,0.20539038,0.37398878,0.4790035,0.4790035,-0.39083984,-0.18853933
68.487,-0.0123,0.3787,1.2023,0.0,0.0,1.399999976158142,0.20610052,0.37336087,0.47691858,0.47691858,-0.39105815,-0.18840325,0.20610052,0.37336087,0.47691858,0.47691858,-0.39105815,-0.18840325
68.537,-0.0123,0.3785,1.2025,0.0,0.0,1.399999976158142,0.20677212,0.37261564,0.47445482,0.47445482,-0.39116487,-0.1882229,0.20677212,0.37261564,0.47445482,0.47445482,-0.39116487,-0.1882229
68.587,-0.0123,0.3783,1.2029,0.0,0.0,1.399999976158142,0.20693378,0.37423465,0.47780922,0.47780922,-0.3921996,-0.18896881,0.20693378,0.37423465,0.47780922,0.47780922,-0.3921996,-0.18896881
68.637,-0.0124,0.3782,1.2031,0.0,0.0,1.399999976158142,0.20736118,0.37414277,0.47663805,0.47663805,-0.3924156,-0.18908833,0.20736118,0.37414277,0.47663805,0.47663805,-0.3924156,-0.18908833
68.687,-0.0124,0.3781,1.2034,0.0,0.0,1.399999976158142,0.20754491,0.3755545,0.47938576,0.47938576,-0.39336857,-0.18973085,0.20754491,0.3755545,0.47938576,0.47938576,-0.39336857,-0.18973085
68.737,-0.0124,0.3781,1.2034,0.0,0.0,1.399999976158142,0.20774154,0.3760384,0.4792918,0.4792918,-0.39367414,-0.19010583,0.20774154,0.3760384,0.4792918,0.4792918,-0.39367414,-0.19010583
68.787,-0.0124,0.3780,1.2035,0.0,0.0,1.399999976158142,0.20813073,0.377063,0.48151624,0.48151624,-0.39463505,-0.19055869,0.20813073,0.377063,0.48151624,0.48151624,-0.39463505,-0.19055869
68.837,-0.0124,0.3780,1.2035,0.0,0.0,1.399999976158142,0.20820983,0.37796053,0.4824065,0.4824065,-0.3950675,-0.19110285,0.20820983,0.37796053,0.4824065,0.4824065,-0.3950675,-0.19110285
68.888,-0.0124,0.3781,1.2035,0.0,0.0,1.399999976158142,0.20869395,0.37872913,0.4841173,0.4841173,-0.39598826,-0.19143485,0.20869395,0.37872913,0.4841173,0.4841173,-0.39598826,-0.19143485
68.937,-0.0124,0.3781,1.2034,0.0,0.0,1.399999976158142,0.2087643,0.3799149,0.48588502,0.48588502,-0.39660835,-0.19207086,0.2087643,0.3799149,0.48588502,0.48588502,-0.39660835,-0.19207086
68.987,-0.0124,0.3781,1.2033,0.0,0.0,1.399999976158142,0.20928311,0.3804995,0.48713744,0.48713744,-0.39745355,-0.1923291,0.20928311,0.3804995,0.48713744,0.48713744,-0.39745355,-0.1923291
69.037,-0.0124,0.3782,1.2031,0.0,0.0,1.399999976158142,0.20961267,0.38133144,0.48858297,0.48858297,-0.39819792,-0.19274619,0.20961267,0.38133144,0.48858297,0.48858297,-0.39819792,-0.19274619
69.088,-0.0124,0.3783,1.2030,0.0,0.0,1.399999976158142,0.2096837,0.38279617,0.4912854,0.4912854,-0.39902616,-0.1934537,0.2096837,0.38279617,0.4912854,0.4912854,-0.39902616,-0.1934537
69.137,-0.0124,0.3785,1.2026,0.0,0.0,1.399999976158142,0.21022284,0.38321194,0.49204335,0.49204335,-0.39977774,-0.19365706,0.21022284,0.38321194,0.49204335,0.49204335,-0.39977774,-0.19365706
69.188,-0.0123,0.3787,1.2022,0.0,0.0,1.399999976158142,0.21033977,0.38480893,0.4953287,0.4953287,-0.40077272,-0.19437598,0.21033977,0.38480893,0.4953287,0.4953287,-0.40077272,-0.19437598
69.237,-0.0123,0.3788,1.2020,0.0,0.0,1.399999976158142,0.21070386,0.38591132,0.49776828,0.49776828,-0.4017683,-0.19484688,0.21070386,0.38591132,0.49776828,0.49776828,-0.4017683,-0.19484688
69.287,-0.0122,0.3790,1.2016,0.0,0.0,1.399999976158142,0.2112166,0.38619283,0.49805114,0.49805114,-0.40238664,-0.19502282,0.2112166,0.38619283,0.49805114,0.49805114,-0.40238664,-0.19502282
69.337,-0.0122,0.3791,1.2014,0.0,0.0,1.399999976158142,0.21150458,0.3878324,0.5020543,0.5020543,-0.40366897,-0.19566803,0.21150458,0.3878324,0.5020543,0.5020543,-0.40366897,-0.19566803
69.387,-0.0122,0.3791,1.2013,0.0,0.0,1.399999976158142,0.48675275,0.87471676,1.0,1.0,-0.92251134,-0.43895817,0.48675275,0.87471676,1.0,1.0,-0.92251134,-0.43895817
69.437,-0.0122,0.3790,1.2016,0.0,0.0,1.399999976158142,0.20534533,0.3739973,0.47906578,0.47906578,-0.39082158,-0.18852106,0.20534533,0.3739973,0.47906578,0.47906578,-0.39082158,-0.18852106
69.487,-0.0123,0.3786,1.2022,0.0,0.0,1.399999976158142,0.20590252,0.37350073,0.47695956,0.47695956,-0.390925,-0.18847826,0.20590252,0.37350073,0.47695956,0.47695956,-0.390925,-0.18847826
69.537,-0.0123,0.3785,1.2025,0.0,0.0,1.399999976158142,0.20698194,0.37240413,0.47454873,0.47454873,-0.391334,-0.18805207,0.20698194,0.37240413,0.47454873,0.47454873,-0.391334,-0.18805207
69.588,-0.0123,0.3783,1.2029,0.0,0.0,1.399999976158142,0.20692082,0.37422055,0.4778689,0.4778689,-0.3921972,-0.18894416,0.20692082,0.37422055,0.4778689,0.4778689,-0.3921972,-0.18894416
69.637,-0.0123,0.3782,1.2031,0.0,0.0,1.399999976158142,0.20770872,0.3738552,0.47679064,0.47679064,-0.39269847,-0.18886544,0.20770872,0.3738552,0.47679064,0.47679064,-0.39269847,-0.18886544
69.687,-0.0124,0.3781,1.2033,0.0,0.0,1.399999976158142,0.2077142,0.37538213,0.4794496,0.4794496,-0.393485,-0.18961132,0.2077142,0.37538213,0.4794496,0.4794496,-0.393485,-0.18961132
69.738,-0.0124,0.3781,1.2034,0.0,0.0,1.399999976158142,0.20828585,0.37554199,0.47940516,0.47940516,-0.39405155,-0.1897763,0.20828585,0.37554199,0.47940516,0.47940516,-0.39405155,-0.1897763
69.787,-0.0124,0.3780,1.2035,0.0,0.0,1.399999976158142,0.20845836,0.3767687,0.4816275,0.4816275,-0.39485818,-0.1903689,0.20845836,0.3767687,0.4816275,0.4816275,-0.39485818,-0.1903689
69.837,-0.0124,0.3780,1.2035,0.0,0.0,1.399999976158142,0.20885453,0.37739128,0.4825468,0.4825468,-0.39550328,-0.19074252,0.20885453,0.37739128,0.4825468,0.4825468,-0.39550328,-0.19074252
69.887,-0.0124,0.3780,1.2035,0.0,0.0,1.399999976158142,0.20912805,0.37834567,0.48424208,0.48424208,-0.39627331,-0.19120042,0.20912805,0.37834567,0.48424208,0.48424208,-0.39627331,-0.19120042
69.938,-0.0124,0.3781,1.2033,0.0,0.0,1.399999976158142,0.20946607,0.37914208,0.48558724,0.48558724,-0.39699665,-0.19161147,0.20946607,0.37914208,0.48558724,0.48558724,-0.39699665,-0.19161147
69.988,-0.0124,0.3782,1.2031,0.0,0.0,1.399999976158142,0.20970227,0.3802664,0.48762545,0.48762545,-0.39777583,-0.19219282,0.20970227,0.3802664,0.48762545,0.48762545,-0.39777583,-0.19219282
70.037,-0.0124,0.3782,1.2030,0.0,0.0,1.399999976158142,0.20995037,0.3814109,0.4898296,0.4898296,-0.39862007,-0.19274119,0.20995037,0.3814109,0.4898296,0.4898296,-0.39862007,-0.19274119
70.089,-0.0124,0.3784,1.2027,0.0,0.0,1.399999976158142,0.21039449,0.38193503,0.49067143,0.49067143,-0.3993289,-0.19300063,0.21039449,0.38193503,0.49067143,0.49067143,-0.3993289,-0.19300063
70.137,-0.0124,0.3785,1.2026,0.0,0.0,1.399999976158142,0.21056023,0.38347068,0.49381673,0.49381673,-0.4003134,-0.19371752,0.21056023,0.38347068,0.49381673,0.49381673,-0.4003134,-0.19371752
70.187,-0.0123,0.3787,1.2022,0.0,0.0,1.399999976158142,0.21102294,0.38386717,0.4943666,0.4943666,-0.4009628,-0.19392732,0.21102294,0.38386717,0.4943666,0.4943666,-0.4009628,-0.19392732
70.238,-0.0123,0.3788,1.2020,0.0,0.0,1.399999976158142,0.21119137,0.38552722,0.49800017,0.49800017,-0.40205938,-0.19465923,0.21119137,0.38552722,0.49800017,0.49800017,-0.40205938,-0.19465923
70.287,-0.0123,0.3790,1.2015,0.0,0.0,1.399999976158142,0.21169539,0.38581717,0.49823704,0.49823704,-0.40267417,-0.19483837,0.21169539,0.38581717,0.49823704,0.49823704,-0.40267417,-0.19483837
70.337,-0.0122,0.3791,1.2013,0.0,20.0,1.399999976158142,0.21191072,0.3875533,0.50232804,0.50232804,-0.4039085,-0.19555552,0.21191072,0.3875533,0.50232804,0.50232804,-0.4039085,-0.19555552
70.388,-0.0119,0.3805,1.2007,0.0,20.0,1.399999976158142,-0.47378343,-1.0,0.021147713,0.021147713,0.998948,0.47483546,-0.47378343,-1.0,0.021147713,0.021147713,0.998948,0.47483546
70.438,-0.0115,0.3820,1.2002,0.0,20.0,1.399999976158142,-0.4714947,-1.0,0.024051273,0.024051273,0.99946386,0.47203085,-0.4714947,-1.0,0.024051273,0.024051273,0.99946386,0.47203085
70.488,-0.0102,0.3872,1.1989,0.0,20.0,1.399999976158142,-0.469785,-1.0,0.024071816,0.024071816,0.9995789,0.47020608,-0.469785,-1.0,0.024071816,0.024071816,0.9995789,0.47020608
70.538,-0.0095,0.3901,1.1981,0.0,20.0,1.399999976158142,-0.46184888,-0.9995592,0.024511956,0.024511956,1.0,0.4614081,-0.46184888,-0.9995592,0.024511956,0.024511956,1.0,0.4614081
70.587,-0.0074,0.3983,1.1960,0.0,20.0,1.399999976158142,-0.46383405,-0.99983823,0.024484513,0.024484513,1.0,0.46367228,-0.46383405,-0.99983823,0.024484513,0.024484513,1.0,0.46367228
70.637,-0.0063,0.4024,1.1950,0.0,20.0,1.399999976158142,-0.45431408,-0.99872875,0.025110161,0.025110161,1.0,0.4530428,-0.45431408,-0.99872875,0.025110161,0.025110161,1.0,0.4530428
70.687,-0.0035,0.4130,1.1923,0.0,20.0,1.399999976158142,-0.45811796,-0.999244,0.024986718,0.024986718,1.0,0.45736194,-0.45811796,-0.999244,0.024986718,0.024986718,1.0,0.45736194
70.737,-0.0022,0.4181,1.1910,0.0,20.0,1.399999976158142,-0.44768122,-0.9980191,0.02578931,0.02578931,1.0,0.44570032,-0.44768122,-0.9980191,0.02578931,0.02578931,1.0,0.44570032
70.787,-0.0008,0.4234,1.1897,0.0,20.0,1.399999976158142,-0.45235896,-0.9986509,0.02558311,0.02558311,1.0,0.45100987,-0.45235896,-0.9986509,0.02558311,0.02558311,1.0,0.45100987
70.837,0.0028,0.4369,1.1863,0.0,20.0,1.399999976158142,-0.45067877,-0.998478,0.025804877,0.025804877,1.0,0.4491568,-0.45067877,-0.998478,0.025804877,0.025804877,1.0,0.4491568
70.887,0.0045,0.4430,1.1847,0.0,20.0,1.399999976158142,-0.44033968,-0.99724793,0.026822165,0.026822165,1.0,0.4375876,-0.44033968,-0.99724793,0.026822165,0.026822165,1.0,0.4375876
70.937,0.0086,0.4582,1.1808,0.0,20.0,1.399999976158142,-0.44538757,-0.9979339,0.026511893,0.026511893,1.0,0.4433215,-0.44538757,-0.9979339,0.026511893,0.026511893,1.0,0.4433215
70.987,0.0130,0.4746,1.1765,0.0,20.0,1.399999976158142,-0.43574896,-0.99677056,0.027685734,0.027685734,1.0,0.43251953,-0.43574896,-0.99677056,0.027685734,0.027685734,1.0,0.43251953
71.037,0.0150,0.4818,1.1746,0.0,20.0,1.399999976158142,-0.4330044,-0.99648446,0.02831002,0.02831002,1.0,0.42948884,-0.4330044,-0.99648446,0.02831002,0.02831002,1.0,0.42948884
71.088,0.0199,0.4995,1.1699,0.0,20.0,1.399999976158142,-0.43763843,-0.9971264,0.02788166,0.02788166,1.0,0.43476483,-0.43763843,-0.9971264,0.02788166,0.02788166,1.0,0.43476483
71.137,0.0221,0.5074,1.1678,0.0,20.0,1.399999976158142,-0.42968857,-0.9961345,0.029306125,0.029306125,1.0,0.42582306,-0.42968857,-0.9961345,0.029306125,0.029306125,1.0,0.42582306
71.189,0.0274,0.5262,1.1626,0.0,20.0,1.399999976158142,-0.43384084,-0.9967206,0.028810924,0.028810924,1.0,0.43056142,-0.43384084,-0.9967206,0.028810924,0.028810924,1.0,0.43056142
71.238,0.0297,0.5345,1.1603,0.0,20.0,1.399999976158142,-0.4269963,-0.99584717,0.030349242,0.030349242,1.0,0.42284346,-0.4269963,-0.99584717,0.030349242,0.030349242,1.0,0.42284346
71.288,0.0354,0.5544,1.1547,0.0,20.0,1.399999976158142,-0.43039918,-0.99633974,0.029844137,0.029844137,1.0,0.42673892,-0.43039918,-0.99633974,0.029844137,0.029844137,1.0,0.42673892
71.338,0.0378,0.5632,1.1522,0.0,20.0,1.399999976158142,-0.4242627,-0.9955337,0.03155025,0.03155025,1.0,0.4197964,-0.4242627,-0.9955337,0.03155025,0.03155025,1.0,0.4197964
71.389,0.0438,0.5839,1.1461,0.0,20.0,1.399999976158142,-0.4319029,-0.99553466,0.026159046,0.026159046,1.0,0.42743757,-0.4319029,-0.99553466,0.026159046,0.026159046,1.0,0.42743757
71.437,0.0464,0.5930,1.1434,0.0,20.0,1.399999976158142,-0.42341325,-0.9952847,0.031500865,0.031500865,1.0,0.41869795,-0.42341325,-0.9952847,0.031500865,0.031500865,1.0,0.41869795
71.487,0.0526,0.6146,1.1368,0.0,20.0,1.399999976158142,-0.42541835,-0.99570173,0.030841254,0.030841254,1.0,0.4211201,-0.42541835,-0.99570173,0.030841254,0.030841254,1.0,0.4211201
71.537,0.0553,0.6239,1.1339,0.0,20.0,1.399999976158142,-0.42000943,-0.9950232,0.03285171,0.03285171,1.0,0.41503263,-0.42000943,-0.9950232,0.03285171,0.03285171,1.0,0.41503263
71.587,0.0618,0.6462,1.1269,0.0,20.0,1.399999976158142,-0.4225685,-0.9954248,0.032083035,0.032083035,1.0,0.41799334,-0.4225685,-0.9954248,0.032083035,0.032083035,1.0,0.41799334
71.638,0.0647,0.6558,1.1237,0.0,20.0,1.399999976158142,-0.4181892,-0.99478984,0.03427923,0.03427923,1.0,0.41297904,-0.4181892,-0.99478984,0.03427923,0.03427923,1.0,0.41297904
71.688,0.0714,0.6785,1.1162,0.0,20.0,1.399999976158142,-0.42052132,-0.99516755,0.033422366,0.033422366,1.0,0.41568887,-0.42052132,-0.99516755,0.033422366,0.033422366,1.0,0.41568887
71.739,0.0743,0.6884,1.1128,0.0,20.0,1.399999976158142,-0.41649935,-0.99456006,0.035849847,0.035849847,1.0,0.41105944,-0.41649935,-0.99456006,0.035849847,0.035849847,1.0,0.41105944
71.787,0.0773,0.6983,1.1094,0.0,20.0,1.399999976158142,-0.4186533,-0.99492097,0.034880243,0.034880243,1.0,0.41357425,-0.4186533,-0.99492097,0.034880243,0.034880243,1.0,0.41357425
71.837,0.0842,0.7216,1.1012,0.0,20.0,1.399999976158142,-0.41806594,-0.9948386,0.035416596,0.035416596,1.0,0.4129045,-0.41806594,-0.9948386,0.035416596,0.035416596,1.0,0.4129045
71.887,0.0914,0.7452,1.0926,0.0,20.0,1.399999976158142,-0.41477185,-0.9943132,0.037977293,0.037977293,1.0,0.40908504,-0.41477185,-0.9943132,0.037977293,0.037977293,1.0,0.40908504
71.937,0.0944,0.7554,1.0888,0.0,20.0,1.399999976158142,-0.41396144,-0.9941887,0.03915017,0.03915017,1.0,0.40815017,-0.41396144,-0.9941887,0.03915017,0.03915017,1.0,0.40815017
71.988,0.1017,0.7793,1.0796,0.0,20.0,1.399999976158142,-0.41557875,-0.99448234,0.03810093,0.03810093,1.0,0.41006106,-0.41557875,-0.99448234,0.03810093,0.03810093,1.0,0.41006106
72.038,0.1049,0.7896,1.0756,0.0,20.0,1.399999976158142,-0.41302532,-0.994031,0.0409669,0.0409669,1.0,0.40705633,-0.41302532,-0.994031,0.0409669,0.0409669,1.0,0.40705633
72.088,0.1123,0.8137,1.0659,0.0,20.0,1.399999976158142,-0.41441983,-0.994298,0.039849393,0.039849393,1.0,0.40871784,-0.41441983,-0.994298,0.039849393,0.039849393,1.0,0.40871784
72.138,0.1155,0.8240,1.0617,0.0,20.0,1.399999976158142,-0.41234133,-0.9938969,0.042879406,0.042879406,1.0,0.40623823,-0.41234133,-0.9938969,0.042879406,0.042879406,1.0,0.40623823
72.187,0.1230,0.8482,1.0515,0.0,20.0,1.399999976158142,-0.41353646,-0.99414134,0.041668814,0.041668814,1.0,0.4076778,-0.41353646,-0.99414134,0.041668814,0.041668814,1.0,0.4076778
72.238,0.1263,0.8587,1.0471,0.0,20.0,1.399999976158142,-0.41188428,-0.9937786,0.044964235,0.044964235,1.0,0.40566283,-0.41188428,-0.9937786,0.044964235,0.044964235,1.0,0.40566283
72.287,0.1339,0.8830,1.0364,0.0,20.0,1.399999976158142,-0.41288173,-0.9940018,0.043630432,0.043630432,1.0,0.40688354,-0.41288173,-0.9940018,0.043630432,0.043630432,1.0,0.40688354
72.337,0.1372,0.8934,1.0318,0.0,20.0,1.399999976158142,-0.4117684,-0.99370164,0.047028393,0.047028393,1.0,0.40547004,-0.4117684,-0.99370164,0.047028393,0.047028393,1.0,0.40547004
72.388,0.1449,0.9178,1.0206,0.0,20.0,1.399999976158142,-0.41250744,-0.9938906,0.045660503,0.045660503,1.0,0.40639803,-0.41250744,-0.9938906,0.045660503,0.045660503,1.0,0.40639803
72.438,0.1482,0.9282,1.0158,0.0,20.0,1.399999976158142,-0.41189504,-0.99364585,0.04920598,0.04920598,1.0,0.4055409,-0.41189504,-0.99364585,0.04920598,0.04920598,1.0,0.4055409
72.488,0.1560,0.9526,1.0042,0.0,20.0,1.399999976158142,-0.41238993,-0.9938031,0.0477879,0.0477879,1.0,0.40619302,-0.41238993,-0.9938031,0.0477879,0.0477879,1.0,0.40619302
72.537,0.1594,0.9630,0.9992,0.0,20.0,1.399999976158142,-0.41226387,-0.99361336,0.05146138,0.05146138,1.0,0.40587723,-0.41226387,-0.99361336,0.05146138,0.05146138,1.0,0.40587723
72.587,0.1627,0.9734,0.9941,0.0,20.0,1.399999976158142,-0.41252175,-0.99373883,0.05000878,0.05000878,1.0,0.40626058,-0.41252175,-0.99373883,0.05000878,0.05000878,1.0,0.40626058
72.637,0.1706,0.9977,0.9820,0.0,20.0,1.399999976158142,-0.4126089,-0.9937253,0.050717764,0.050717764,1.0,0.40633416,-0.4126089,-0.9937253,0.050717764,0.050717764,1.0,0.40633416
72.687,0.1784,1.0219,0.9697,0.0,20.0,1.399999976158142,-0.41307268,-0.9935995,0.054607708,0.054607708,1.0,0.40667215,-0.41307268,-0.9935995,0.054607708,0.054607708,1.0,0.40667215
72.735,0.1784,1.0219,0.9697,0.0,20.0,1.399999976158142,-0.41307268,-0.9935995,0.054607708,0.054607708,1.0,0.40667215,-0.41307268,-0.9935995,0.054607708,0.054607708,1.0,0.40667215
72.786,0.1818,1.0322,0.9643,0.0,20.0,1.399999976158142,-0.41365126,-0.99360573,0.056274667,0.056274667,1.0,0.40725696,-0.41365126,-0.99360573,0.056274667,0.056274667,1.0,0.40725696
72.836,0.1897,1.0563,0.9516,0.0,20.0,1.399999976158142,-0.4134583,-0.99367756,0.05462353,0.05462353,1.0,0.40713587,-0.4134583,-0.99367756,0.05462353,0.05462353,1.0,0.40713587
72.886,0.1930,1.0667,0.9461,0.0,20.0,1.399999976158142,-0.414658,-0.9936291,0.058850296,0.058850296,1.0,0.40828714,-0.414658,-0.9936291,0.058850296,0.058850296,1.0,0.40828714
72.937,0.2043,1.1009,0.9275,0.0,20.0,1.399999976158142,-0.4157374,-0.99366885,0.061245184,0.061245184,1.0,0.40940624,-0.4157374,-0.99366885,0.061245184,0.061245184,1.0,0.40940624
72.987,0.2122,1.1247,0.9143,0.0,20.0,1.399999976158142,-0.41520092,-0.993688,0.059644025,0.059644025,1.0,0.4088889,-0.41520092,-0.993688,0.059644025,0.059644025,1.0,0.4088889
73.037,0.2156,1.1349,0.9085,0.0,20.0,1.399999976158142,-0.4170275,-0.99371827,0.063942894,0.063942894,1.0,0.41074577,-0.4170275,-0.99371827,0.063942894,0.063942894,1.0,0.41074577
73.087,0.2235,1.1586,0.8951,0.0,20.0,1.399999976158142,-0.4162771,-0.99371576,0.062174235,0.062174235,1.0,0.40999284,-0.4162771,-0.99371576,0.062174235,0.062174235,1.0,0.40999284
73.138,0.2268,1.1687,0.8892,0.0,20.0,1.399999976158142,-0.41839415,-0.99377745,0.0666182,0.0666182,1.0,0.41217157,-0.41839415,-0.99377745,0.0666182,0.0666182,1.0,0.41217157
73.188,0.2347,1.1923,0.8755,0.0,20.0,1.399999976158142,-0.41747418,-0.99375474,0.0647674,0.0647674,1.0,0.4112289,-0.41747418,-0.99375474,0.0647674,0.0647674,1.0,0.4112289
73.237,0.2381,1.2024,0.8696,0.0,20.0,1.399999976158142,-0.41983628,-0.99384356,0.0693324,0.0693324,1.0,0.41367987,-0.41983628,-0.99384356,0.0693324,0.0693324,1.0,0.41367987
73.288,0.2415,1.2124,0.8637,0.0,20.0,1.399999976158142,-0.41884363,-0.99380624,0.06753904,0.06753904,1.0,0.4126499,-0.41884363,-0.99380624,0.06753904,0.06753904,1.0,0.4126499
73.337,0.2493,1.2358,0.8497,0.0,20.0,1.399999976158142,-0.41921657,-0.993821,0.06834687,0.06834687,1.0,0.4130376,-0.41921657,-0.993821,0.06834687,0.06834687,1.0,0.4130376
73.387,0.2572,1.2590,0.8357,4.0,22.0,1.399999976158142,-0.42185292,-0.99393964,0.073074035,0.073074035,1.0,0.41579252,-0.42185292,-0.99393964,0.073074035,0.073074035,1.0,0.41579252
73.438,0.2605,1.2690,0.8297,4.0,22.0,1.399999976158142,-0.21037054,-0.9936127,0.05160668,0.05160668,1.0,0.20398323,-0.21037054,-0.9936127,0.05160668,0.05160668,1.0,0.20398323
73.487,0.2640,1.2789,0.8236,4.0,22.0,1.399999976158142,-0.21080871,-0.99490047,0.057146285,0.057146285,1.0,0.20570914,-0.21080871,-0.99490047,0.057146285,0.057146285,1.0,0.20570914
73.537,0.2722,1.3018,0.8094,4.0,22.0,1.399999976158142,-0.2104263,-0.9948975,0.057868805,0.057868805,1.0,0.20532377,-0.2104263,-0.9948975,0.057868805,0.057868805,1.0,0.20532377
73.587,0.2807,1.3245,0.7952,4.0,22.0,1.399999976158142,-0.21123253,-0.99490696,0.061778065,0.061778065,1.0,0.20613949,-0.21123253,-0.99490696,0.061778065,0.061778065,1.0,0.20613949
73.637,0.2844,1.3341,0.7891,4.0,22.0,1.399999976158142,-0.21108635,-0.99485064,0.06336889,0.06336889,1.0,0.20593697,-0.21108635,-0.99485064,0.06336889,0.06336889,1.0,0.20593697
73.688,0.2932,1.3565,0.7748,4.0,22.0,1.399999976158142,-0.21069041,-0.99484295,0.06176471,0.06176471,1.0,0.20553337,-0.21069041,-0.99484295,0.06176471,0.06176471,1.0,0.20553337
73.738,0.2970,1.3661,0.7687,4.0,22.0,1.399999976158142,-0.21103284,-0.9947927,0.06565518,0.06565518,1.0,0.20582557,-0.21103284,-0.9947927,0.06565518,0.06565518,1.0,0.20582557
73.788,0.3061,1.3882,0.7543,4.0,22.0,1.399999976158142,-0.2108294,-0.99481,0.064148426,0.064148426,1.0,0.20563939,-0.2108294,-0.99481,0.064148426,0.064148426,1.0,0.20563939
73.838,0.3101,1.3976,0.7482,4.0,22.0,1.399999976158142,-0.21117023,-0.99475396,0.06809819,0.06809819,1.0,0.2059242,-0.21117023,-0.99475396,0.06809819,0.06809819,1.0,0.2059242
73.887,0.3194,1.4195,0.7339,4.0,22.0,1.399999976158142,-0.2110157,-0.99478346,0.06646834,0.06646834,1.0,0.20579913,-0.2110157,-0.99478346,0.06646834,0.06646834,1.0,0.20579913
73.937,0.3234,1.4288,0.7277,4.0,22.0,1.399999976158142,-0.21145545,-0.9947313,0.07055518,0.07055518,1.0,0.20618674,-0.21145545,-0.9947313,0.07055518,0.07055518,1.0,0.20618674
73.987,0.3329,1.4504,0.7134,4.0,22.0,1.399999976158142,-0.21128748,-0.99476236,0.06888736,0.06888736,1.0,0.20604981,-0.21128748,-0.99476236,0.06888736,0.06888736,1.0,0.20604981
74.037,0.3371,1.4596,0.7073,4.0,22.0,1.399999976158142,-0.21184786,-0.9947229,0.07288957,0.07288957,1.0,0.20657073,-0.21184786,-0.9947229,0.07288957,0.07288957,1.0,0.20657073
74.087,0.3467,1.4809,0.6930,4.0,22.0,1.399999976158142,-0.2116404,-0.9947488,0.071296595,0.071296595,1.0,0.20638917,-0.2116404,-0.9947488,0.071296595,0.071296595,1.0,0.20638917
74.138,0.3509,1.4900,0.6868,4.0,22.0,1.399999976158142,-0.21235144,-0.9947225,0.07533166,0.07533166,1.0,0.20707391,-0.21235144,-0.9947225,0.07533166,0.07533166,1.0,0.20707391
74.188,0.3608,1.5112,0.6726,4.0,22.0,1.399999976158142,-0.21207361,-0.994742,0.07371365,0.07371365,1.0,0.2068156,-0.21207361,-0.994742,0.07371365,0.07371365,1.0,0.2068156
74.237,0.3650,1.5202,0.6665,4.0,22.0,1.399999976158142,-0.21293019,-0.9947292,0.077759884,0.077759884,1.0,0.2076594,-0.21293019,-0.9947292,0.077759884,0.077759884,1.0,0.2076594
74.288,0.3693,1.5292,0.6604,4.0,22.0,1.399999976158142,-0.21258163,-0.9947411,0.0761492,0.0761492,1.0,0.20732275,-0.21258163,-0.9947411,0.0761492,0.0761492,1.0,0.20732275
74.338,0.3793,1.5501,0.6461,4.0,22.0,1.399999976158142,-0.21274725,-0.9947419,0.07695815,0.07695815,1.0,0.20748916,-0.21274725,-0.9947419,0.07695815,0.07695815,1.0,0.20748916
74.387,0.3894,1.5709,0.6320,4.0,22.0,1.399999976158142,-0.21373612,-0.9934387,0.06979171,0.06979171,1.0,0.20717485,-0.21373612,-0.9934387,0.06979171,0.06979171,1.0,0.20717485
74.438,0.3938,1.5798,0.6259,4.0,22.0,1.399999976158142,-0.2148432,-0.9947555,0.07941127,0.07941127,1.0,0.2095987,-0.2148432,-0.9947555,0.07941127,0.07941127,1.0,0.2095987
74.487,0.3981,1.5887,0.6199,4.0,22.0,1.399999976158142,-0.21382001,-0.9947581,0.077752225,0.077752225,1.0,0.20857817,-0.21382001,-0.9947581,0.077752225,0.077752225,1.0,0.20857817
74.537,0.4084,1.6093,0.6058,4.0,22.0,1.399999976158142,-0.21402219,-0.9947616,0.078575596,0.078575596,1.0,0.2087838,-0.21402219,-0.9947616,0.078575596,0.078575596,1.0,0.2087838
74.587,0.4128,1.6181,0.5997,4.0,22.0,1.399999976158142,-0.21527751,-0.9947868,0.082617424,0.082617424,1.0,0.21006434,-0.21527751,-0.9947868,0.082617424,0.082617424,1.0,0.21006434
74.638,0.4231,1.6386,0.5857,4.0,22.0,1.399999976158142,-0.21470995,-0.9947744,0.08103882,0.08103882,1.0,0.20948435,-0.21470995,-0.9947744,0.08103882,0.08103882,1.0,0.20948435
74.687,0.4334,1.6590,0.5717,4.0,22.0,1.399999976158142,-0.21602122,-0.9948042,0.085080676,0.085080676,1.0,0.21082543,-0.21602122,-0.9948042,0.085080676,0.085080676,1.0,0.21082543
74.738,0.4379,1.6677,0.5658,4.0,22.0,1.399999976158142,-0.21655297,-0.9948165,0.08673984,0.08673984,1.0,0.21136944,-0.21655297,-0.9948165,0.08673984,0.08673984,1.0,0.21136944
74.787,0.4483,1.6880,0.5519,4.0,22.0,1.399999976158142,-0.21593037,-0.9947991,0.08516255,0.08516255,1.0,0.21072945,-0.21593037,-0.9947991,0.08516255,0.08516255,1.0,0.21072945
74.837,0.4528,1.6967,0.5459,4.0,22.0,1.399999976158142,-0.21730849,-0.9948333,0.08921825,0.08921825,1.0,0.21214181,-0.21730849,-0.9948333,0.08921825,0.08921825,1.0,0.21214181
74.888,0.4633,1.7169,0.5321,4.0,22.0,1.399999976158142,-0.21666117,-0.994814,0.08764143,0.08764143,1.0,0.21147512,-0.21666117,-0.994814,0.08764143,0.08764143,1.0,0.21147512
74.939,0.4678,1.7256,0.5262,4.0,22.0,1.399999976158142,-0.2180245,-0.9948477,0.09161793,0.09161793,1.0,0.21287225,-0.2180245,-0.9948477,0.09161793,0.09161793,1.0,0.21287225
74.987,0.4784,1.7457,0.5125,4.0,22.0,1.399999976158142,-0.21739854,-0.99482846,0.0901441,0.0901441,1.0,0.21222697,-0.21739854,-0.99482846,0.0901441,0.0901441,1.0,0.21222697
75.038,0.4829,1.7543,0.5066,4.0,22.0,1.399999976158142,-0.21881479,-0.99486256,0.094249874,0.094249874,1.0,0.21367736,-0.21881479,-0.99486256,0.094249874,0.094249874,1.0,0.21367736
75.088,0.4935,1.7744,0.4930,4.0,22.0,1.399999976158142,-0.21812594,-0.99484164,0.09263217,0.09263217,1.0,0.2129676,-0.21812594,-0.99484164,0.09263217,0.09263217,1.0,0.2129676
75.137,0.4981,1.7830,0.4871,4.0,22.0,1.399999976158142,-0.21951479,-0.994873,0.09669335,0.09669335,1.0,0.21438777,-0.21951479,-0.994873,0.09669335,0.09669335,1.0,0.21438777
75.188,0.5026,1.7916,0.4813,4.0,22.0,1.399999976158142,-0.2188451,-0.9948533,0.095136516,0.095136516,1.0,0.2136984,-0.2188451,-0.9948533,0.095136516,0.095136516,1.0,0.2136984
75.237,0.5133,1.8116,0.4678,4.0,22.0,1.399999976158142,-0.21905611,-0.9948564,0.09598093,0.09598093,1.0,0.2139125,-0.21905611,-0.9948564,0.09598093,0.09598093,1.0,0.2139125
75.287,0.5239,1.8316,0.4543,4.0,22.0,1.399999976158142,-0.22041446,-0.9948829,0.1000402,0.1000402,1.0,0.21529733,-0.22041446,-0.9948829,0.1000402,0.1000402,1.0,0.21529733
75.338,0.5285,1.8402,0.4485,4.0,22.0,1.399999976158142,-0.22088072,-0.994886,0.10169508,0.10169508,1.0,0.21576673,-0.22088072,-0.994886,0.10169508,0.10169508,1.0,0.21576673
75.388,0.5331,1.8488,0.4428,4.0,22.0,1.399999976158142,-0.2206891,-0.9935684,0.08950723,0.08950723,1.0,0.21425755,-0.2206891,-0.9935684,0.08950723,0.08950723,1.0,0.21425755
75.437,0.5438,1.8687,0.4294,4.0,22.0,1.399999976158142,-0.22101136,-0.9948678,0.09654227,0.09654227,1.0,0.21587916,-0.22101136,-0.9948678,0.09654227,0.09654227,1.0,0.21587916
75.488,0.5545,1.8887,0.4161,4.0,22.0,1.399999976158142,-0.22177655,-0.99489516,0.10051137,0.10051137,1.0,0.21667169,-0.22177655,-0.99489516,0.10051137,0.10051137,1.0,0.21667169
75.537,0.5590,1.8972,0.4104,4.0,22.0,1.399999976158142,-0.22220384,-0.9948943,0.1021464,0.1021464,1.0,0.21709819,-0.22220384,-0.9948943,0.1021464,0.1021464,1.0,0.21709819
75.587,0.5698,1.9172,0.3972,4.0,22.0,1.399999976158142,-0.2215672,-0.99488056,0.10065272,0.10065272,1.0,0.21644774,-0.2215672,-0.99488056,0.10065272,0.10065272,1.0,0.21644774
75.638,0.5744,1.9257,0.3915,4.0,22.0,1.399999976158142,-0.22275916,-0.9948867,0.104643136,0.104643136,1.0,0.21764585,-0.22275916,-0.9948867,0.104643136,0.104643136,1.0,0.21764585
75.688,0.5851,1.9456,0.3783,4.0,22.0,1.399999976158142,-0.22216159,-0.99487793,0.10317512,0.10317512,1.0,0.2170395,-0.22216159,-0.99487793,0.10317512,0.10317512,1.0,0.2170395
75.737,0.5897,1.9542,0.3727,4.0,22.0,1.399999976158142,-0.22330667,-0.994875,0.10724407,0.10724407,1.0,0.21818168,-0.22330667,-0.994875,0.10724407,0.10724407,1.0,0.21818168
75.787,0.6004,1.9741,0.3596,4.0,22.0,1.399999976158142,-0.22272809,-0.99487126,0.105729945,0.105729945,1.0,0.21759933,-0.22272809,-0.99487126,0.105729945,0.105729945,1.0,0.21759933
75.837,0.6050,1.9827,0.3540,4.0,22.0,1.399999976158142,-0.22377966,-0.99485946,0.109730184,0.109730184,1.0,0.2186391,-0.22377966,-0.99485946,0.109730184,0.109730184,1.0,0.2186391
75.887,0.6158,2.0026,0.3410,4.0,22.0,1.399999976158142,-0.22324736,-0.9948607,0.10826317,0.10826317,1.0,0.21810807,-0.22324736,-0.9948607,0.10826317,0.10826317,1.0,0.21810807
75.937,0.6204,2.0111,0.3354,4.0,22.0,1.399999976158142,-0.22423589,-0.9948403,0.11228212,0.11228212,1.0,0.21907623,-0.22423589,-0.9948403,0.11228212,0.11228212,1.0,0.21907623
75.987,0.6311,2.0311,0.3225,4.0,22.0,1.399999976158142,-0.2237348,-0.9948465,0.1108137,0.1108137,1.0,0.2185813,-0.2237348,-0.9948465,0.1108137,0.1108137,1.0,0.2185813
76.037,0.6357,2.0396,0.3169,4.0,22.0,1.399999976158142,-0.22465841,-0.9948181,0.11483256,0.11483256,1.0,0.21947649,-0.22465841,-0.9948181,0.11483256,0.11483256,1.0,0.21947649
76.087,0.6465,2.0596,0.3041,4.0,22.0,1.399999976158142,-0.22419147,-0.9948289,0.113377735,0.113377735,1.0,0.21902032,-0.22419147,-0.9948289,0.113377735,0.113377735,1.0,0.21902032
76.137,0.6511,2.0681,0.2985,4.0,22.0,1.399999976158142,-0.22505103,-0.9947931,0.11738125,0.11738125,1.0,0.21984412,-0.22505103,-0.9947931,0.11738125,0.11738125,1.0,0.21984412
76.188,0.6557,2.0767,0.2930,4.0,22.0,1.399999976158142,-0.224617,-0.99480814,0.1159446,0.1159446,1.0,0.21942516,-0.224617,-0.99480814,0.1159446,0.1159446,1.0,0.21942516
76.238,0.6664,2.0967,0.2802,4.0,22.0,1.399999976158142,-0.22473544,-0.9948017,0.11681808,0.11681808,1.0,0.21953711,-0.22473544,-0.9948017,0.11681808,0.11681808,1.0,0.21953711
76.287,0.6772,2.1167,0.2675,4.0,22.0,1.399999976158142,-0.22554058,-0.99475616,0.12089437,0.12089437,1.0,0.22029673,-0.22554058,-0.99475616,0.12089437,0.12089437,1.0,0.22029673
76.337,0.6818,2.1253,0.2620,4.0,22.0,1.399999976158142,-0.22583121,-0.9947426,0.122536905,0.122536905,1.0,0.22057378,-0.22583121,-0.9947426,0.122536905,0.122536905,1.0,0.22057378
76.388,0.6864,2.1338,0.2565,4.0,22.0,1.399999976158142,-0.22618644,-0.9934806,0.10880723,0.10880723,1.0,0.21966708,-0.22618644,-0.9934806,0.10880723,0.10880723,1.0,0.21966708
76.438,0.6972,2.1539,0.2438,4.0,22.0,1.399999976158142,-0.22629935,-0.99476874,0.1164567,0.1164567,1.0,0.22106811,-0.22629935,-0.99476874,0.1164567,0.1164567,1.0,0.22106811
76.487,0.7081,2.1742,0.2312,4.0,22.0,1.399999976158142,-0.2269007,-0.99477726,0.12035979,0.12035979,1.0,0.22167797,-0.2269007,-0.99477726,0.12035979,0.12035979,1.0,0.22167797
76.537,0.7127,2.1829,0.2259,4.0,22.0,1.399999976158142,-0.22788149,-0.9948381,0.12213684,0.12213684,1.0,0.22271962,-0.22788149,-0.9948381,0.12213684,0.12213684,1.0,0.22271962
76.588,0.7238,2.2035,0.2136,4.0,22.0,1.399999976158142,-0.22739117,-0.9948448,0.12066914,0.12066914,1.0,0.22223598,-0.22739117,-0.9948448,0.12066914,0.12066914,1.0,0.22223598
76.637,0.7285,2.2124,0.2085,4.0,22.0,1.399999976158142,-0.22989878,-0.9950009,0.124573804,0.124573804,1.0,0.22489966,-0.22989878,-0.9950009,0.124573804,0.124573804,1.0,0.22489966
76.688,0.7398,2.2335,0.1973,4.0,22.0,1.399999976158142,-0.22914648,-0.9949658,0.12322145,0.12322145,1.0,0.2241123,-0.22914648,-0.9949658,0.12322145,0.12322145,1.0,0.2241123
76.737,0.7447,2.2427,0.1929,4.0,22.0,1.399999976158142,-0.2324435,-0.99521035,0.12689704,0.12689704,1.0,0.22765385,-0.2324435,-0.99521035,0.12689704,0.12689704,1.0,0.22765385
76.787,0.7562,2.2644,0.1836,4.0,22.0,1.399999976158142,-0.23107,-0.9950992,0.12548618,0.12548618,1.0,0.22616921,-0.23107,-0.9950992,0.12548618,0.12548618,1.0,0.22616921
76.838,0.7611,2.2738,0.1802,4.0,22.0,1.399999976158142,-0.23437539,-0.99533916,0.12865676,0.12865676,1.0,0.22971456,-0.23437539,-0.99533916,0.12865676,0.12865676,1.0,0.22971456
76.887,0.7729,2.2962,0.1737,4.0,22.0,1.399999976158142,-0.23266853,-0.99518824,0.12738137,0.12738137,1.0,0.22785679,-0.23266853,-0.99518824,0.12738137,0.12738137,1.0,0.22785679
76.938,0.7779,2.3060,0.1716,4.0,22.0,1.399999976158142,-0.23515849,-0.99532837,0.12974931,0.12974931,1.0,0.23048685,-0.23515849,-0.99532837,0.12974931,0.12974931,1.0,0.23048685
76.987,0.7898,2.3292,0.1686,4.0,22.0,1.399999976158142,-0.23348632,-0.9951884,0.12875018,0.12875018,1.0,0.22867475,-0.23348632,-0.9951884,0.12875018,0.12875018,1.0,0.22867475
77.038,0.7949,2.3394,0.1680,4.0,22.0,1.399999976158142,-0.2344231,-0.99513805,0.13017084,0.13017084,1.0,0.22956115,-0.2344231,-0.99513805,0.13017084,0.13017084,1.0,0.22956115
77.088,0.8070,2.3633,0.1686,4.0,22.0,1.399999976158142,-0.23322935,-0.9950698,0.12956408,0.12956408,1.0,0.22829913,-0.23322935,-0.9950698,0.12956408,0.12956408,1.0,0.22829913
77.138,0.8121,2.3738,0.1695,4.0,22.0,1.399999976158142,-0.23219004,-0.9947824,0.12993973,0.12993973,1.0,0.22697243,-0.23219004,-0.9947824,0.12993973,0.12993973,1.0,0.22697243
77.187,0.8242,2.3983,0.1735,4.0,22.0,1.399999976158142,-0.2318581,-0.99483335,0.12983017,0.12983017,1.0,0.22669147,-0.2318581,-0.99483335,0.12983017,0.12983017,1.0,0.22669147
77.237,0.8294,2.4089,0.1757,4.0,22.0,1.399999976158142,-0.22892384,-0.9943222,0.1292611,0.1292611,1.0,0.223246,-0.22892384,-0.9943222,0.1292611,0.1292611,1.0,0.223246
77.287,0.8414,2.4337,0.1823,4.0,22.0,1.399999976158142,-0.22957322,-0.99450535,0.1296513,0.1296513,1.0,0.22407854,-0.22957322,-0.99450535,0.1296513,0.1296513,1.0,0.22407854
77.338,0.8465,2.4444,0.1856,4.0,22.0,1.399999976158142,-0.22523214,-0.9938288,0.12837626,0.12837626,1.0,0.2190609,-0.22523214,-0.9938288,0.12837626,0.12837626,1.0,0.2190609
77.387,0.8517,2.4550,0.1890,4.0,22.0,1.399999976158142,-0.2300681,-0.9931215,0.118252434,0.118252434,1.0,0.22318959,-0.2300681,-0.9931215,0.118252434,0.118252434,1.0,0.22318959
77.438,0.8635,2.4797,0.1975,4.0,22.0,1.399999976158142,-0.22646153,-0.9940056,0.12267561,0.12267561,1.0,0.22046717,-0.22646153,-0.9940056,0.12267561,0.12267561,1.0,0.22046717
77.487,0.8754,2.5043,0.2063,4.0,22.0,1.399999976158142,-0.22048286,-0.9932114,0.12081327,0.12081327,1.0,0.21369423,-0.22048286,-0.9932114,0.12081327,0.12081327,1.0,0.21369423
77.537,0.8805,2.5148,0.2100,4.0,22.0,1.399999976158142,-0.21812879,-0.9929077,0.120241605,0.120241605,1.0,0.2110365,-0.21812879,-0.9929077,0.120241605,0.120241605,1.0,0.2110365
77.587,0.8923,2.5392,0.2184,4.0,22.0,1.399999976158142,-0.22067668,-0.99334705,0.1215729,0.1215729,1.0,0.21402371,-0.22067668,-0.99334705,0.1215729,0.1215729,1.0,0.21402371
77.637,0.8974,2.5496,0.2218,4.0,22.0,1.399999976158142,-0.2149723,-0.9925019,0.11992817,0.11992817,1.0,0.20747423,-0.2149723,-0.9925019,0.11992817,0.11992817,1.0,0.20747423
77.687,0.9093,2.5739,0.2290,4.0,22.0,1.399999976158142,-0.21756029,-0.9929479,0.12126278,0.12126278,1.0,0.21050814,-0.21756029,-0.9929479,0.12126278,0.12126278,1.0,0.21050814
77.738,0.9145,2.5843,0.2318,4.0,22.0,1.399999976158142,-0.21157658,-0.9920633,0.119948335,0.119948335,1.0,0.2036399,-0.21157658,-0.9920633,0.119948335,0.119948335,1.0,0.2036399
77.787,0.9265,2.6085,0.2375,4.0,22.0,1.399999976158142,-0.21428728,-0.99253064,0.121200316,0.121200316,1.0,0.20681791,-0.21428728,-0.99253064,0.121200316,0.121200316,1.0,0.20681791
77.838,0.9317,2.6189,0.2396,4.0,22.0,1.399999976158142,-0.20765083,-0.9915556,0.12024791,0.12024791,1.0,0.19920643,-0.20765083,-0.9915556,0.12024791,0.12024791,1.0,0.19920643
77.888,0.9438,2.6430,0.2439,4.0,22.0,1.399999976158142,-0.21056041,-0.9920573,0.12133839,0.12133839,1.0,0.20261772,-0.21056041,-0.9920573,0.12133839,0.12133839,1.0,0.20261772
77.938,0.9490,2.6534,0.2453,4.0,22.0,1.399999976158142,-0.2033788,-0.99101716,0.12080704,0.12080704,1.0,0.19439594,-0.2033788,-0.99101716,0.12080704,0.12080704,1.0,0.19439594
77.988,0.9612,2.6776,0.2481,4.0,22.0,1.399999976158142,-0.2064385,-0.9915358,0.121659584,0.121659584,1.0,0.19797425,-0.2064385,-0.9915358,0.121659584,0.121659584,1.0,0.19797425
78.038,0.9665,2.6880,0.2490,4.0,22.0,1.399999976158142,-0.19925635,-0.9904932,0.12151511,0.12151511,1.0,0.18974954,-0.19925635,-0.9904932,0.12151511,0.12151511,1.0,0.18974954
78.088,0.9787,2.7123,0.2504,4.0,22.0,1.399999976158142,-0.20270024,-0.9910692,0.12221432,0.12221432,1.0,0.19376943,-0.20270024,-0.9910692,0.12221432,0.12221432,1.0,0.19376943
78.137,0.9840,2.7228,0.2507,4.0,22.0,1.399999976158142,-0.19569571,-0.9900409,0.122441046,0.122441046,1.0,0.1857366,-0.19569571,-0.9900409,0.122441046,0.122441046,1.0,0.1857366
78.187,0.9963,2.7472,0.2508,4.0,22.0,1.399999976158142,-0.19911477,-0.99061465,0.12295975,0.12295975,1.0,0.18972944,-0.19911477,-0.99061465,0.12295975,0.12295975,1.0,0.18972944
78.237,1.0016,2.7578,0.2506,4.0,22.0,1.399999976158142,-0.19254191,-0.98963344,0.12355623,0.12355623,1.0,0.18217537,-0.19254191,-0.98963344,0.12355623,0.12355623,1.0,0.18217537
78.287,1.0069,2.7683,0.2502,4.0,22.0,1.399999976158142,-0.19584061,-0.99019295,0.12389913,0.12389913,1.0,0.18603356,-0.19584061,-0.99019295,0.12389913,0.12389913,1.0,0.18603356
78.337,1.0194,2.7931,0.2487,4.0,22.0,1.399999976158142,-0.1949303,-0.9900742,0.12434446,0.12434446,1.0,0.18500453,-0.1949303,-0.9900742,0.12434446,0.12434446,1.0,0.18500453
78.389,1.0318,2.8180,0.2464,4.0,22.0,1.399999976158142,-0.19716033,-0.9878476,0.11312389,0.11312389,1.0,0.18500796,-0.19716033,-0.9878476,0.11312389,0.11312389,1.0,0.18500796
78.437,1.0371,2.8287,0.2452,4.0,22.0,1.399999976158142,-0.18812652,-0.9889685,0.11992818,0.11992818,1.0,0.177095,-0.18812652,-0.9889685,0.11992818,0.11992818,1.0,0.177095
78.488,1.0496,2.8538,0.2419,4.0,22.0,1.399999976158142,-0.1902318,-0.98944026,0.11987613,0.11987613,1.0,0.17967203,-0.1902318,-0.98944026,0.11987613,0.11987613,1.0,0.17967203
78.538,1.0550,2.8646,0.2403,4.0,22.0,1.399999976158142,-0.18547773,-0.98866993,0.12143305,0.12143305,1.0,0.17414765,-0.18547773,-0.98866993,0.12143305,0.12143305,1.0,0.17414765
78.585,1.0550,2.8646,0.2403,4.0,22.0,1.399999976158142,-0.18547773,-0.98866993,0.12143305,0.12143305,1.0,0.17414765,-0.18547773,-0.98866993,0.12143305,0.12143305,1.0,0.17414765
78.637,1.0675,2.8900,0.2361,4.0,22.0,1.399999976158142,-0.18799159,-0.9891263,0.12128739,0.12128739,1.0,0.17711793,-0.18799159,-0.9891263,0.12128739,0.12128739,1.0,0.17711793
78.686,1.0729,2.9008,0.2342,4.0,22.0,1.399999976158142,-0.18381736,-0.9884252,0.12307862,0.12307862,1.0,0.17224257,-0.18381736,-0.9884252,0.12307862,0.12307862,1.0,0.17224257
78.736,1.0854,2.9263,0.2294,4.0,22.0,1.399999976158142,-0.18594378,-0.9888228,0.12283932,0.12283932,1.0,0.1747666,-0.18594378,-0.9888228,0.12283932,0.12283932,1.0,0.1747666
78.787,1.0908,2.9372,0.2273,4.0,22.0,1.399999976158142,-0.18269067,-0.9882343,0.124808766,0.124808766,1.0,0.17092495,-0.18269067,-0.9882343,0.124808766,0.124808766,1.0,0.17092495
78.837,1.1033,2.9628,0.2221,4.0,22.0,1.399999976158142,-0.18472181,-0.98861814,0.12445662,0.12445662,1.0,0.17333995,-0.18472181,-0.98861814,0.12445662,0.12445662,1.0,0.17333995
78.887,1.1087,2.9737,0.2199,4.0,22.0,1.399999976158142,-0.18305154,-0.9882179,0.1266089,0.1266089,1.0,0.17126943,-0.18305154,-0.9882179,0.1266089,0.1266089,1.0,0.17126943
78.937,1.1212,2.9994,0.2146,4.0,22.0,1.399999976158142,-0.18461993,-0.9885392,0.12613015,0.12613015,1.0,0.17315918,-0.18461993,-0.9885392,0.12613015,0.12613015,1.0,0.17315918
78.987,1.1266,3.0104,0.2124,4.0,22.0,1.399999976158142,-0.18486267,-0.98837143,0.12838753,0.12838753,1.0,0.17323412,-0.18486267,-0.98837143,0.12838753,0.12838753,1.0,0.17323412
79.037,1.1391,3.0362,0.2074,4.0,22.0,1.399999976158142,-0.18549474,-0.9885618,0.1278287,0.1278287,1.0,0.17405652,-0.18549474,-0.9885618,0.1278287,0.1278287,1.0,0.17405652
79.086,1.1444,3.0473,0.2053,4.0,22.0,1.399999976158142,-0.18716627,-0.98856974,0.13005756,0.13005756,1.0,0.17573602,-0.18716627,-0.98856974,0.13005756,0.13005756,1.0,0.17573602
79.136,1.1498,3.0584,0.2033,4.0,22.0,1.399999976158142,-0.18688309,-0.98863006,0.12947938,0.12947938,1.0,0.17551315,-0.18688309,-0.98863006,0.12947938,0.12947938,1.0,0.17551315
79.187,1.1623,3.0844,0.1992,4.0,22.0,1.399999976158142,-0.18734053,-0.98865443,0.13007532,0.13007532,1.0,0.17599496,-0.18734053,-0.98865443,0.13007532,0.13007532,1.0,0.17599496
79.237,1.1676,3.0956,0.1976,4.0,22.0,1.399999976158142,-0.1899861,-0.9887812,0.13208058,0.13208058,1.0,0.17876732,-0.1899861,-0.9887812,0.13208058,0.13208058,1.0,0.17876732
79.287,1.1923,3.1482,0.1926,4.0,22.0,1.399999976158142,-0.19166891,-0.988875,0.13320577,0.13320577,1.0,0.18054387,-0.19166891,-0.988875,0.13320577,0.13320577,1.0,0.18054387
79.337,1.1975,3.1595,0.1921,4.0,22.0,1.399999976158142,-0.19247492,-0.98889357,0.13367131,0.13367131,1.0,0.1813685,-0.19247492,-0.98889357,0.13367131,0.13367131,1.0,0.1813685
79.387,1.2097,3.1861,0.1916,4.0,22.0,1.399999976158142,-0.1916466,-0.98596483,0.1208524,0.1208524,1.0,0.17761143,-0.1916466,-0.98596483,0.1208524,0.1208524,1.0,0.17761143
79.438,1.2149,3.1975,0.1917,4.0,22.0,1.399999976158142,-0.1937347,-0.9888577,0.1277328,0.1277328,1.0,0.18259239,-0.1937347,-0.9888577,0.1277328,0.1277328,1.0,0.18259239
79.488,1.2270,3.2242,0.1927,4.0,22.0,1.399999976158142,-0.19201922,-0.98880655,0.12749526,0.12749526,1.0,0.18082576,-0.19201922,-0.98880655,0.12749526,0.12749526,1.0,0.18082576
79.538,1.2322,3.2357,0.1935,4.0,22.0,1.399999976158142,-0.1934757,-0.988788,0.12800969,0.12800969,1.0,0.18226369,-0.1934757,-0.988788,0.12800969,0.12800969,1.0,0.18226369
79.588,1.2442,3.2625,0.1958,4.0,22.0,1.399999976158142,-0.1924781,-0.9887544,0.12809013,0.12809013,1.0,0.1812325,-0.1924781,-0.9887544,0.12809013,0.12809013,1.0,0.1812325
79.637,1.2493,3.2741,0.1970,4.0,22.0,1.399999976158142,-0.1931935,-0.9886454,0.12823804,0.12823804,1.0,0.18183886,-0.1931935,-0.9886454,0.12823804,0.12823804,1.0,0.18183886
79.687,1.2612,3.3009,0.2003,4.0,22.0,1.399999976158142,-0.19253346,-0.98865896,0.12852222,0.12852222,1.0,0.18119244,-0.19253346,-0.98865896,0.12852222,0.12852222,1.0,0.18119244
79.737,1.2663,3.3124,0.2019,4.0,22.0,1.399999976158142,-0.192513,-0.98845834,0.128405,0.128405,1.0,0.18097132,-0.192513,-0.98845834,0.128405,0.128405,1.0,0.18097132
79.797,1.2782,3.3391,0.2057,4.0,22.0,1.399999976158142,-0.19222905,-0.988525,0.12885885,0.12885885,1.0,0.18075399,-0.19222905,-0.988525,0.12885885,0.12885885,1.0,0.18075399
79.838,1.2833,3.3506,0.2074,4.0,22.0,1.399999976158142,-0.19160405,-0.98824763,0.12860298,0.12860298,1.0,0.1798517,-0.19160405,-0.98824763,0.12860298,0.12860298,1.0,0.1798517
79.887,1.2952,3.3773,0.2112,4.0,22.0,1.399999976158142,-0.19164966,-0.9883634,0.12918484,0.12918484,1.0,0.18001303,-0.19164966,-0.9883634,0.12918484,0.12918484,1.0,0.18001303
79.937,1.3003,3.3887,0.2129,4.0,22.0,1.399999976158142,-0.19044267,-0.9880045,0.12889548,0.12889548,1.0,0.17844716,-0.19044267,-0.9880045,0.12889548,0.12889548,1.0,0.17844716
79.988,1.3054,3.4001,0.2144,4.0,22.0,1.399999976158142,-0.19077821,-0.98816574,0.1295363,0.1295363,1.0,0.17894398,-0.19077821,-0.98816574,0.1295363,0.1295363,1.0,0.17894398
80.037,1.3174,3.4266,0.2178,4.0,22.0,1.399999976158142,-0.19046341,-0.9881009,0.12979658,0.12979658,1.0,0.17856428,-0.19046341,-0.9881009,0.12979658,0.12979658,1.0,0.17856428
80.088,1.3225,3.4380,0.2191,4.0,22.0,1.399999976158142,-0.18854867,-0.9876526,0.12966856,0.12966856,1.0,0.17620125,-0.18854867,-0.9876526,0.12966856,0.12966856,1.0,0.17620125
80.138,1.3346,3.4644,0.2218,4.0,22.0,1.399999976158142,-0.18921362,-0.9878611,0.13028392,0.13028392,1.0,0.17707473,-0.18921362,-0.9878611,0.13028392,0.13028392,1.0,0.17707473
80.187,1.3467,3.4909,0.2239,4.0,22.0,1.399999976158142,-0.1867787,-0.98734385,0.13035344,0.13035344,1.0,0.17412253,-0.1867787,-0.98734385,0.13035344,0.13035344,1.0,0.17412253
80.238,1.3520,3.5022,0.2246,4.0,22.0,1.399999976158142,-0.1854179,-0.98711187,0.13079335,0.13079335,1.0,0.17252977,-0.1854179,-0.98711187,0.13079335,0.13079335,1.0,0.17252977
80.298,1.3642,3.5286,0.2258,4.0,22.0,1.399999976158142,-0.18656798,-0.98739576,0.13128094,0.13128094,1.0,0.17396373,-0.18656798,-0.98739576,0.13128094,0.13128094,1.0,0.17396373
80.338,1.3694,3.5399,0.2261,4.0,22.0,1.399999976158142,-0.18346086,-0.9867805,0.13175088,0.13175088,1.0,0.17024139,-0.18346086,-0.9867805,0.13175088,0.13175088,1.0,0.17024139
80.392,1.3817,3.5664,0.2265,4.0,22.0,1.399999976158142,-0.18486038,-0.9871045,0.13212587,0.13212587,1.0,0.17196488,-0.18486038,-0.9871045,0.13212587,0.13212587,1.0,0.17196488
80.439,1.3870,3.5777,0.2265,4.0,22.0,1.399999976158142,-0.18665934,-0.98478764,0.121272445,0.121272445,1.0,0.17144696,-0.18665934,-0.98478764,0.121272445,0.121272445,1.0,0.17144696
80.488,1.3993,3.6043,0.2260,4.0,22.0,1.399999976158142,-0.1832981,-0.9868354,0.12624007,0.12624007,1.0,0.17013352,-0.1832981,-0.9868354,0.12624007,0.12624007,1.0,0.17013352
80.538,1.4046,3.6156,0.2256,4.0,22.0,1.399999976158142,-0.18038869,-0.98622966,0.12719804,0.12719804,1.0,0.16661835,-0.18038869,-0.98622966,0.12719804,0.12719804,1.0,0.16661835
80.589,1.4169,3.6423,0.2244,4.0,22.0,1.399999976158142,-0.18194748,-0.98658323,0.12733035,0.12733035,1.0,0.16853075,-0.18194748,-0.98658323,0.12733035,0.12733035,1.0,0.16853075
80.648,1.4222,3.6537,0.2237,4.0,22.0,1.399999976158142,-0.1797524,-0.98608935,0.12848198,0.12848198,1.0,0.16584176,-0.1797524,-0.98608935,0.12848198,0.12848198,1.0,0.16584176
80.689,1.4275,3.6652,0.2230,4.0,22.0,1.399999976158142,-0.18096313,-0.986374,0.12855208,0.12855208,1.0,0.16733713,-0.18096313,-0.986374,0.12855208,0.12855208,1.0,0.16733713
80.738,1.4399,3.6920,0.2210,4.0,22.0,1.399999976158142,-0.18080218,-0.98633325,0.1290583,0.1290583,1.0,0.16713545,-0.18080218,-0.98633325,0.1290583,0.1290583,1.0,0.16713545
80.787,1.4522,3.7188,0.2186,4.0,22.0,1.399999976158142,-0.17944585,-0.9859323,0.13049032,0.13049032,1.0,0.16537812,-0.17944585,-0.9859323,0.13049032,0.13049032,1.0,0.16537812
80.837,1.4575,3.7304,0.2176,4.0,22.0,1.399999976158142,-0.17968328,-0.9858952,0.13139993,0.13139993,1.0,0.16557848,-0.17968328,-0.9858952,0.13139993,0.13139993,1.0,0.16557848
80.887,1.4628,3.7419,0.2165,4.0,22.0,1.399999976158142,-0.18041258,-0.98612523,0.13121682,0.13121682,1.0,0.16653784,-0.18041258,-0.98612523,0.13121682,0.13121682,1.0,0.16653784
80.937,1.4751,3.7689,0.2138,4.0,22.0,1.399999976158142,-0.18048024,-0.98610425,0.13177302,0.13177302,1.0,0.1665845,-0.18048024,-0.98610425,0.13177302,0.13177302,1.0,0.1665845
80.989,1.4873,3.7959,0.2112,4.0,22.0,1.399999976158142,-0.18074761,-0.9859111,0.13342965,0.13342965,1.0,0.16665868,-0.18074761,-0.9859111,0.13342965,0.13342965,1.0,0.16665868
81.037,1.4926,3.8075,0.2100,4.0,22.0,1.399999976158142,-0.18149397,-0.985935,0.13428581,0.13428581,1.0,0.16742897,-0.18149397,-0.985935,0.13428581,0.13428581,1.0,0.16742897
81.088,1.5048,3.8347,0.2076,4.0,22.0,1.399999976158142,-0.18141371,-0.98604065,0.13401468,0.13401468,1.0,0.16745436,-0.18141371,-0.98604065,0.13401468,0.13401468,1.0,0.16745436
81.138,1.5100,3.8463,0.2066,4.0,22.0,1.399999976158142,-0.18266998,-0.9859748,0.13564178,0.13564178,1.0,0.16864474,-0.18266998,-0.9859748,0.13564178,0.13564178,1.0,0.16864474
81.189,1.5222,3.8735,0.2045,4.0,22.0,1.399999976158142,-0.18224594,-0.9860332,0.13535155,0.13535155,1.0,0.16827913,-0.18224594,-0.9860332,0.13535155,0.13535155,1.0,0.16827913
81.238,1.5274,3.8852,0.2038,4.0,22.0,1.399999976158142,-0.18379441,-0.9860063,0.13686407,0.13686407,1.0,0.1698007,-0.18379441,-0.9860063,0.13686407,0.13686407,1.0,0.1698007
81.288,1.5395,3.9125,0.2023,4.0,22.0,1.399999976158142,-0.18317865,-0.9860299,0.13662343,0.13662343,1.0,0.16920859,-0.18317865,-0.9860299,0.13662343,0.13662343,1.0,0.16920859
81.341,1.5447,3.9243,0.2018,4.0,22.0,1.399999976158142,-0.18487254,-0.98601717,0.13797875,0.13797875,1.0,0.17088974,-0.18487254,-0.98601717,0.13797875,0.13797875,1.0,0.17088974
81.385,1.5447,3.9243,0.2018,4.0,22.0,1.399999976158142,-0.18487254,-0.98601717,0.13797875,0.13797875,1.0,0.17088974,-0.18487254,-0.98601717,0.13797875,0.13797875,1.0,0.17088974
81.436,1.5568,3.9518,0.2011,4.0,22.0,1.399999976158142,-0.1852275,-0.9825712,0.12479886,0.12479886,1.0,0.1677987,-0.1852275,-0.9825712,0.12479886,0.12479886,1.0,0.1677987
81.486,1.5620,3.9636,0.2009,4.0,22.0,1.399999976158142,-0.18635005,-0.98600644,0.13209131,0.13209131,1.0,0.17235647,-0.18635005,-0.98600644,0.13209131,0.13209131,1.0,0.17235647
81.536,1.5740,3.9912,0.2010,4.0,22.0,1.399999976158142,-0.1850291,-0.98602366,0.13186269,0.13186269,1.0,0.17105275,-0.1850291,-0.98602366,0.13186269,0.13186269,1.0,0.17105275
81.585,1.5791,4.0030,0.2011,4.0,22.0,1.399999976158142,-0.18662398,-0.9860005,0.13276996,0.13276996,1.0,0.17262445,-0.18662398,-0.9860005,0.13276996,0.13276996,1.0,0.17262445
81.636,1.5911,4.0307,0.2018,4.0,22.0,1.399999976158142,-0.18575768,-0.98599267,0.1327679,0.1327679,1.0,0.17175037,-0.18575768,-0.98599267,0.1327679,0.1327679,1.0,0.17175037
81.686,1.5963,4.0426,0.2023,4.0,22.0,1.399999976158142,-0.1870377,-0.9859282,0.13347282,0.13347282,1.0,0.1729659,-0.1870377,-0.9859282,0.13347282,0.13347282,1.0,0.1729659
81.736,1.6083,4.0703,0.2036,4.0,22.0,1.399999976158142,-0.18629171,-0.98593885,0.1335737,0.1335737,1.0,0.17223057,-0.18629171,-0.98593885,0.1335737,0.1335737,1.0,0.17223057
81.785,1.6134,4.0821,0.2042,4.0,22.0,1.399999976158142,-0.18722379,-0.985828,0.1341125,0.1341125,1.0,0.17305179,-0.18722379,-0.985828,0.1341125,0.1341125,1.0,0.17305179
81.835,1.6253,4.1097,0.2059,4.0,22.0,1.399999976158142,-0.1866241,-0.9858624,0.13431016,0.13431016,1.0,0.17248648,-0.1866241,-0.9858624,0.13431016,0.13431016,1.0,0.17248648
81.887,1.6424,4.1491,0.2086,4.0,22.0,1.399999976158142,-0.186765,-0.9857627,0.13500847,0.13500847,1.0,0.17252772,-0.186765,-0.9857627,0.13500847,0.13500847,1.0,0.17252772
81.937,1.6475,4.1609,0.2094,4.0,22.0,1.399999976158142,-0.18697524,-0.98555404,0.13537923,0.13537923,1.0,0.17252931,-0.18697524,-0.98555404,0.13537923,0.13537923,1.0,0.17252931
81.988,1.6594,4.1884,0.2113,4.0,22.0,1.399999976158142,-0.18672076,-0.9856417,0.13570462,0.13570462,1.0,0.1723625,-0.18672076,-0.9856417,0.13570462,0.13570462,1.0,0.1723625
82.037,1.6646,4.2002,0.2121,4.0,22.0,1.399999976158142,-0.18659864,-0.9853887,0.13608202,0.13608202,1.0,0.17198735,-0.18659864,-0.9853887,0.13608202,0.13608202,1.0,0.17198735
82.088,1.6765,4.2275,0.2138,4.0,22.0,1.399999976158142,-0.18651648,-0.9855015,0.13642813,0.13642813,1.0,0.17201802,-0.18651648,-0.9855015,0.13642813,0.13642813,1.0,0.17201802
82.138,1.6816,4.2393,0.2145,4.0,22.0,1.399999976158142,-0.18611825,-0.98521,0.13686268,0.13686268,1.0,0.17132825,-0.18611825,-0.98521,0.13686268,0.13686268,1.0,0.17132825
82.187,1.6936,4.2666,0.2159,4.0,22.0,1.399999976158142,-0.18619384,-0.9853489,0.13720447,0.13720447,1.0,0.17154273,-0.18619384,-0.9853489,0.13720447,0.13720447,1.0,0.17154273
82.237,1.6987,4.2783,0.2164,4.0,22.0,1.399999976158142,-0.18559547,-0.9850271,0.13773794,0.13773794,1.0,0.17062251,-0.18559547,-0.9850271,0.13773794,0.13773794,1.0,0.17062251
82.287,1.7107,4.3055,0.2173,4.0,22.0,1.399999976158142,-0.18580326,-0.98518777,0.1380486,0.1380486,1.0,0.17099106,-0.18580326,-0.98518777,0.1380486,0.1380486,1.0,0.17099106
82.340,1.7158,4.3172,0.2176,4.0,22.0,1.399999976158142,-0.18510409,-0.98485076,0.13871047,0.13871047,1.0,0.16995487,-0.18510409,-0.98485076,0.13871047,0.13871047,1.0,0.16995487
82.389,1.7210,4.3289,0.2179,4.0,22.0,1.399999976158142,-0.18774979,-0.981585,0.1260682,0.1260682,1.0,0.1693348,-0.18774979,-0.981585,0.1260682,0.1260682,1.0,0.1693348
82.437,1.7329,4.3561,0.2182,4.0,22.0,1.399999976158142,-0.18582974,-0.9849593,0.1324053,0.1324053,1.0,0.17078908,-0.18582974,-0.9849593,0.1324053,0.1324053,1.0,0.17078908
82.488,1.7381,4.3678,0.2183,4.0,22.0,1.399999976158142,-0.18476757,-0.9846549,0.13310091,0.13310091,1.0,0.16942246,-0.18476757,-0.9846549,0.13310091,0.13310091,1.0,0.16942246
82.538,1.7501,4.3951,0.2181,4.0,22.0,1.399999976158142,-0.18508732,-0.9848436,0.133282,0.133282,1.0,0.16993095,-0.18508732,-0.9848436,0.133282,0.133282,1.0,0.16993095
82.588,1.7552,4.4068,0.2180,4.0,22.0,1.399999976158142,-0.18466,-0.984531,0.13426769,0.13426769,1.0,0.16919097,-0.18466,-0.984531,0.13426769,0.13426769,1.0,0.16919097
82.637,1.7672,4.4341,0.2174,4.0,22.0,1.399999976158142,-0.18492723,-0.98470813,0.13437842,0.13437842,1.0,0.16963539,-0.18492723,-0.98470813,0.13437842,0.13437842,1.0,0.16963539
82.691,1.7792,4.4615,0.2166,4.0,22.0,1.399999976158142,-0.18474072,-0.984432,0.13549492,0.13549492,1.0,0.1691727,-0.18474072,-0.984432,0.13549492,0.13549492,1.0,0.1691727
82.741,1.7792,4.4615,0.2166,4.0,22.0,1.399999976158142,-0.18474072,-0.984432,0.13549492,0.13549492,1.0,0.1691727,-0.18474072,-0.984432,0.13549492,0.13549492,1.0,0.1691727
82.791,1.7792,4.4615,0.2166,4.0,22.0,1.399999976158142,-0.18493897,-0.9843784,0.13624544,0.13624544,1.0,0.16931735,-0.18493897,-0.9843784,0.13624544,0.13624544,1.0,0.16931735
82.842,1.7792,4.4615,0.2166,4.0,22.0,1.399999976158142,-0.18498084,-0.9846795,0.13570909,0.13570909,1.0,0.16966034,-0.18498084,-0.9846795,0.13570909,0.13570909,1.0,0.16966034
82.891,1.7792,4.4615,0.2166,4.0,22.0,1.399999976158142,-0.18498084,-0.9846795,0.13642041,0.13642041,1.0,0.16966034,-0.18498084,-0.9846795,0.13642041,0.13642041,1.0,0.16966034
82.942,1.7792,4.4615,0.2166,4.0,22.0,1.399999976158142,-0.18498084,-0.9846795,0.13642041,0.13642041,1.0,0.16966034,-0.18498084,-0.9846795,0.13642041,0.13642041,1.0,0.16966034
82.991,1.7792,4.4615,0.2166,4.0,22.0,1.399999976158142,-0.18498084,-0.9846795,0.13677679,0.13677679,1.0,0.16966034,-0.18498084,-0.9846795,0.13677679,0.13677679,1.0,0.16966034
83.038,1.7792,4.4615,0.2166,4.0,22.0,1.399999976158142,-0.18498084,-0.9846795,0.13749063,0.13749063,1.0,0.16966034,-0.18498084,-0.9846795,0.13749063,0.13749063,1.0,0.16966034
83.087,1.7792,4.4615,0.2166,4.0,22.0,1.399999976158142,-0.18498084,-0.9846795,0.13784742,0.13784742,1.0,0.16966034,-0.18498084,-0.9846795,0.13784742,0.13784742,1.0,0.16966034
83.137,1.7792,4.4615,0.2166,4.0,22.0,1.399999976158142,-0.18498084,-0.9846795,0.13820352,0.13820352,1.0,0.16966034,-0.18498084,-0.9846795,0.13820352,0.13820352,1.0,0.16966034
83.187,1.7792,4.4615,0.2166,4.0,22.0,1.399999976158142,-0.18498084,-0.9846795,0.13856024,0.13856024,1.0,0.16966034,-0.18498084,-0.9846795,0.13856024,0.13856024,1.0,0.16966034
83.235,1.7792,4.4615,0.2166,4.0,22.0,1.399999976158142,-0.18498084,-0.9846795,0.13856024,0.13856024,1.0,0.16966034,-0.18498084,-0.9846795,0.13856024,0.13856024,1.0,0.16966034
83.286,1.7792,4.4615,0.2166,4.0,22.0,1.399999976158142,-0.18498084,-0.9846795,0.13891728,0.13891728,1.0,0.16966034,-0.18498084,-0.9846795,0.13891728,0.13891728,1.0,0.16966034
83.336,1.7792,4.4615,0.2166,4.0,22.0,1.399999976158142,-0.18498084,-0.9846795,0.13927382,0.13927382,1.0,0.16966034,-0.18498084,-0.9846795,0.13927382,0.13927382,1.0,0.16966034
83.386,1.7792,4.4615,0.2166,4.0,22.0,1.399999976158142,-0.18498084,-0.9846795,0.1396306,0.1396306,1.0,0.16966034,-0.18498084,-0.9846795,0.1396306,0.1396306,1.0,0.16966034
83.436,1.7792,4.4615,0.2166,4.0,22.0,1.399999976158142,-0.18705739,-0.98093635,0.12718053,0.12718053,1.0,0.16799372,-0.18705739,-0.98093635,0.12718053,0.12718053,1.0,0.16799372
83.486,1.9038,4.7510,0.2060,4.0,22.0,1.399999976158142,-0.18552792,-0.98466325,0.13335559,0.13335559,1.0,0.17019117,-0.18552792,-0.98466325,0.13335559,0.13335559,1.0,0.17019117
83.536,1.9157,4.7790,0.2059,4.0,22.0,1.399999976158142,-0.20214397,-0.9827933,0.14861101,0.14861101,1.0,0.18493722,-0.20214397,-0.9827933,0.14861101,0.14861101,1.0,0.18493722
83.586,1.9207,4.7910,0.2060,4.0,22.0,1.399999976158142,-0.19152345,-0.98421717,0.13854492,0.13854492,1.0,0.17574061,-0.19152345,-0.98421717,0.13854492,0.13854492,1.0,0.17574061
83.642,1.9326,4.8191,0.2062,4.0,22.0,1.399999976158142,-0.19072519,-0.9842308,0.13854598,0.13854598,1.0,0.17495601,-0.19072519,-0.9842308,0.13854598,0.13854598,1.0,0.17495601
83.691,1.9376,4.8311,0.2064,4.0,22.0,1.399999976158142,-0.19235848,-0.98418903,0.13949193,0.13949193,1.0,0.17654753,-0.19235848,-0.98418903,0.13949193,0.13949193,1.0,0.17654753
83.742,1.9495,4.8592,0.2069,4.0,22.0,1.399999976158142,-0.1915256,-0.9841978,0.13954288,0.13954288,1.0,0.17572337,-0.1915256,-0.9841978,0.13954288,0.13954288,1.0,0.17572337
83.791,1.9545,4.8712,0.2072,4.0,22.0,1.399999976158142,-0.1930114,-0.98413444,0.14040406,0.14040406,1.0,0.17714585,-0.1930114,-0.98413444,0.14040406,0.14040406,1.0,0.17714585
83.842,1.9663,4.8992,0.2080,4.0,22.0,1.399999976158142,-0.19222681,-0.98415357,0.14050284,0.14050284,1.0,0.17638038,-0.19222681,-0.98415357,0.14050284,0.14050284,1.0,0.17638038
83.891,1.9714,4.9112,0.2084,4.0,22.0,1.399999976158142,-0.1935436,-0.9840666,0.14130256,0.14130256,1.0,0.17761023,-0.1935436,-0.9840666,0.14130256,0.14130256,1.0,0.17761023
83.938,1.9882,4.9511,0.2097,4.0,22.0,1.399999976158142,-0.19399324,-0.98398525,0.14220226,0.14220226,1.0,0.17797846,-0.19399324,-0.98398525,0.14220226,0.14220226,1.0,0.17797846
83.991,1.9999,4.9789,0.2106,4.0,22.0,1.399999976158142,-0.19337033,-0.9840304,0.14237101,0.14237101,1.0,0.17740078,-0.19337033,-0.9840304,0.14237101,0.14237101,1.0,0.17740078
84.041,1.9999,4.9789,0.2106,4.0,22.0,1.399999976158142,-0.19337033,-0.9840304,0.14237101,0.14237101,1.0,0.17740078,-0.19337033,-0.9840304,0.14237101,0.14237101,1.0,0.17740078
84.085,2.0050,4.9909,0.2110,4.0,22.0,1.399999976158142,-0.19436218,-0.9838945,0.14312844,0.14312844,1.0,0.17825674,-0.19436218,-0.9838945,0.14312844,0.14312844,1.0,0.17825674
84.136,2.0167,5.0187,0.2119,4.0,22.0,1.399999976158142,-0.19382133,-0.9839537,0.14331114,0.14331114,1.0,0.17777506,-0.19382133,-0.9839537,0.14331114,0.14331114,1.0,0.17777506
84.191,2.0334,5.0583,0.2130,4.0,22.0,1.399999976158142,-0.19421315,-0.9838705,0.14427619,0.14427619,1.0,0.17808363,-0.19421315,-0.9838705,0.14427619,0.14427619,1.0,0.17808363
84.241,2.0385,5.0702,0.2133,4.0,22.0,1.399999976158142,-0.1949749,-0.9837013,0.14510038,0.14510038,1.0,0.17867619,-0.1949749,-0.9837013,0.14510038,0.14510038,1.0,0.17867619
84.298,2.0435,5.0821,0.2135,4.0,22.0,1.399999976158142,-0.19457527,-0.9837832,0.1452749,0.1452749,1.0,0.17835844,-0.19457527,-0.9837832,0.1452749,0.1452749,1.0,0.17835844
84.341,2.0552,5.1098,0.2140,4.0,22.0,1.399999976158142,-0.19468242,-0.98375714,0.14573215,0.14573215,1.0,0.17843956,-0.19468242,-0.98375714,0.14573215,0.14573215,1.0,0.17843956
84.392,2.0669,5.1375,0.2144,4.0,22.0,1.399999976158142,-0.1968317,-0.9797326,0.13253567,0.13253567,1.0,0.17656429,-0.1968317,-0.9797326,0.13253567,0.13253567,1.0,0.17656429
84.435,2.0669,5.1375,0.2144,4.0,22.0,1.399999976158142,-0.1968317,-0.9797326,0.13253567,0.13253567,1.0,0.17656429,-0.1968317,-0.9797326,0.13253567,0.13253567,1.0,0.17656429
84.486,2.0719,5.1494,0.2145,4.0,22.0,1.399999976158142,-0.19636981,-0.9835142,0.13992935,0.13992935,1.0,0.17988399,-0.19636981,-0.9835142,0.13992935,0.13992935,1.0,0.17988399
84.536,2.0836,5.1771,0.2146,4.0,22.0,1.399999976158142,-0.19552393,-0.9836292,0.13990255,0.13990255,1.0,0.17915319,-0.19552393,-0.9836292,0.13990255,0.13990255,1.0,0.17915319
84.587,2.0886,5.1890,0.2146,4.0,22.0,1.399999976158142,-0.19636093,-0.98347735,0.14091511,0.14091511,1.0,0.17983831,-0.19636093,-0.98347735,0.14091511,0.14091511,1.0,0.17983831
84.637,2.1003,5.2167,0.2144,4.0,22.0,1.399999976158142,-0.1959318,-0.9835558,0.14101356,0.14101356,1.0,0.1794876,-0.1959318,-0.9835558,0.14101356,0.14101356,1.0,0.1794876
84.686,2.1053,5.2285,0.2143,4.0,22.0,1.399999976158142,-0.19688629,-0.98340935,0.14211449,0.14211449,1.0,0.18029563,-0.19688629,-0.98340935,0.14211449,0.14211449,1.0,0.18029563
84.737,2.1220,5.2682,0.2138,4.0,22.0,1.399999976158142,-0.19752643,-0.983354,0.14335522,0.14335522,1.0,0.1808804,-0.19752643,-0.983354,0.14335522,0.14335522,1.0,0.1808804
84.785,2.1220,5.2682,0.2138,4.0,22.0,1.399999976158142,-0.19752643,-0.983354,0.14335522,0.14335522,1.0,0.1808804,-0.19752643,-0.983354,0.14335522,0.14335522,1.0,0.1808804
84.836,2.1337,5.2960,0.2133,4.0,22.0,1.399999976158142,-0.19706522,-0.98342866,0.14337753,0.14337753,1.0,0.18049388,-0.19706522,-0.98342866,0.14337753,0.14337753,1.0,0.18049388
84.886,2.1387,5.3079,0.2131,4.0,22.0,1.399999976158142,-0.19826515,-0.98331225,0.14461571,0.14461571,1.0,0.18157738,-0.19826515,-0.98331225,0.14461571,0.14461571,1.0,0.18157738
84.935,2.1504,5.3358,0.2125,4.0,22.0,1.399999976158142,-0.1977484,-0.98337907,0.1446044,0.1446044,1.0,0.18112744,-0.1977484,-0.98337907,0.1446044,0.1446044,1.0,0.18112744
84.988,2.1670,5.3757,0.2116,4.0,22.0,1.399999976158142,-0.19851735,-0.98333937,0.14585027,0.14585027,1.0,0.1818567,-0.19851735,-0.98333937,0.14585027,0.14585027,1.0,0.1818567
85.037,2.1720,5.3876,0.2113,4.0,22.0,1.399999976158142,-0.20002675,-0.9832633,0.1471611,0.1471611,1.0,0.18329006,-0.20002675,-0.9832633,0.1471611,0.1471611,1.0,0.18329006
85.098,2.1837,5.4156,0.2107,4.0,22.0,1.399999976158142,-0.19937055,-0.983308,0.14710532,0.14710532,1.0,0.18267854,-0.19937055,-0.983308,0.14710532,0.14710532,1.0,0.18267854
85.137,2.1887,5.4276,0.2104,4.0,22.0,1.399999976158142,-0.20100518,-0.9832504,0.14841704,0.14841704,1.0,0.18425554,-0.20100518,-0.9832504,0.14841704,0.14841704,1.0,0.18425554
85.188,2.1937,5.4396,0.2102,4.0,22.0,1.399999976158142,-0.20028538,-0.98328376,0.1483557,0.1483557,1.0,0.18356912,-0.20028538,-0.98328376,0.1483557,0.1483557,1.0,0.18356912
85.238,2.2054,5.4677,0.2097,4.0,22.0,1.399999976158142,-0.20056333,-0.98327786,0.14887941,0.14887941,1.0,0.18384121,-0.20056333,-0.98327786,0.14887941,0.14887941,1.0,0.18384121
85.288,2.2170,5.4958,0.2093,4.0,22.0,1.399999976158142,-0.20234184,-0.9832381,0.15017548,0.15017548,1.0,0.18557993,-0.20234184,-0.9832381,0.15017548,0.15017548,1.0,0.18557993
85.338,2.2220,5.5078,0.2091,4.0,22.0,1.399999976158142,-0.20305315,-0.9832318,0.15086095,0.15086095,1.0,0.18628491,-0.20305315,-0.9832318,0.15086095,0.15086095,1.0,0.18628491
85.389,2.2336,5.5360,0.2088,4.0,22.0,1.399999976158142,-0.20365223,-0.979126,0.13660659,0.13660659,1.0,0.18277824,-0.20365223,-0.979126,0.13660659,0.13660659,1.0,0.18277824
85.448,2.2386,5.5480,0.2088,4.0,22.0,1.399999976158142,-0.20481008,-0.9832132,0.1445275,0.1445275,1.0,0.18802327,-0.20481008,-0.9832132,0.1445275,0.1445275,1.0,0.18802327
85.487,2.2502,5.5761,0.2087,4.0,22.0,1.399999976158142,-0.2034929,-0.98324805,0.14435823,0.14435823,1.0,0.18674093,-0.2034929,-0.98324805,0.14435823,0.14435823,1.0,0.18674093
85.537,2.2552,5.5882,0.2086,4.0,22.0,1.399999976158142,-0.20537695,-0.98324084,0.14549327,0.14549327,1.0,0.1886178,-0.20537695,-0.98324084,0.14549327,0.14549327,1.0,0.1886178
85.588,2.2667,5.6163,0.2087,4.0,22.0,1.399999976158142,-0.20438991,-0.9832359,0.14548863,0.14548863,1.0,0.18762581,-0.20438991,-0.9832359,0.14548863,0.14548863,1.0,0.18762581
85.637,2.2717,5.6284,0.2088,4.0,22.0,1.399999976158142,-0.20637268,-0.9832187,0.14660566,0.14660566,1.0,0.18959144,-0.20637268,-0.9832187,0.14660566,0.14660566,1.0,0.18959144
85.687,2.2833,5.6565,0.2090,4.0,22.0,1.399999976158142,-0.20539477,-0.98321766,0.14661962,0.14661962,1.0,0.18861245,-0.20539477,-0.98321766,0.14661962,0.14661962,1.0,0.18861245
85.737,2.2882,5.6686,0.2091,4.0,22.0,1.399999976158142,-0.2072947,-0.98319036,0.14769204,0.14769204,1.0,0.19048505,-0.2072947,-0.98319036,0.14769204,0.14769204,1.0,0.19048505
85.788,2.2998,5.6967,0.2094,4.0,22.0,1.399999976158142,-0.20636009,-0.98319423,0.14773479,0.14773479,1.0,0.18955433,-0.20636009,-0.98319423,0.14773479,0.14773479,1.0,0.18955433
85.838,2.3047,5.7087,0.2096,4.0,22.0,1.399999976158142,-0.2081809,-0.98315585,0.14877439,0.14877439,1.0,0.19133674,-0.2081809,-0.98315585,0.14877439,0.14877439,1.0,0.19133674
85.888,2.3097,5.7208,0.2098,4.0,22.0,1.399999976158142,-0.207289,-0.98316526,0.14883952,0.14883952,1.0,0.19045424,-0.207289,-0.98316526,0.14883952,0.14883952,1.0,0.19045424
85.937,2.3212,5.7488,0.2102,4.0,22.0,1.399999976158142,-0.2075522,-0.98315597,0.14932458,0.14932458,1.0,0.19070816,-0.2075522,-0.98315597,0.14932458,0.14932458,1.0,0.19070816
85.987,2.3327,5.7769,0.2106,4.0,22.0,1.399999976158142,-0.20929517,-0.98310184,0.1503467,0.1503467,1.0,0.19239701,-0.20929517,-0.98310184,0.1503467,0.1503467,1.0,0.19239701
86.037,2.3376,5.7889,0.2108,4.0,22.0,1.399999976158142,-0.20984857,-0.98306954,0.15095446,0.15095446,1.0,0.19291808,-0.20984857,-0.98306954,0.15095446,0.15095446,1.0,0.19291808
86.088,2.3426,5.8009,0.2110,4.0,22.0,1.399999976158142,-0.2090225,-0.98309237,0.15104376,0.15104376,1.0,0.19211489,-0.2090225,-0.98309237,0.15104376,0.15104376,1.0,0.19211489
86.141,2.3541,5.8289,0.2115,4.0,22.0,1.399999976158142,-0.20926744,-0.9830803,0.15153445,0.15153445,1.0,0.19234776,-0.20926744,-0.9830803,0.15153445,0.15153445,1.0,0.19234776
86.191,2.3541,5.8289,0.2115,4.0,22.0,1.399999976158142,-0.20926744,-0.9830803,0.15153445,0.15153445,1.0,0.19234776,-0.20926744,-0.9830803,0.15153445,0.15153445,1.0,0.19234776
86.239,2.3705,5.8689,0.2120,4.0,22.0,1.399999976158142,-0.21143253,-0.98297167,0.15321065,0.15321065,1.0,0.19440418,-0.21143253,-0.98297167,0.15321065,0.15321065,1.0,0.19440418
86.287,2.3819,5.8969,0.2123,4.0,22.0,1.399999976158142,-0.21066102,-0.983006,0.15329713,0.15329713,1.0,0.193667,-0.21066102,-0.983006,0.15329713,0.15329713,1.0,0.193667
86.337,2.3868,5.9088,0.2125,4.0,22.0,1.399999976158142,-0.21222958,-0.98292387,0.1543804,0.1543804,1.0,0.19515347,-0.21222958,-0.98292387,0.1543804,0.1543804,1.0,0.19515347
86.387,2.3983,5.9368,0.2127,4.0,22.0,1.399999976158142,-0.21309471,-0.9787745,0.13991332,0.13991332,1.0,0.19186921,-0.21309471,-0.9787745,0.13991332,0.13991332,1.0,0.19186921
86.442,2.4032,5.9488,0.2128,4.0,22.0,1.399999976158142,-0.21382646,-0.9828677,0.14785846,0.14785846,1.0,0.19669421,-0.21382646,-0.9828677,0.14785846,0.14785846,1.0,0.19669421
86.491,2.4032,5.9488,0.2128,4.0,22.0,1.399999976158142,-0.21382646,-0.9828677,0.14785846,0.14785846,1.0,0.19669421,-0.21382646,-0.9828677,0.14785846,0.14785846,1.0,0.19669421
86.538,2.4196,5.9887,0.2129,4.0,22.0,1.399999976158142,-0.21414629,-0.9828736,0.14887671,0.14887671,1.0,0.1970199,-0.21414629,-0.9828736,0.14887671,0.14887671,1.0,0.1970199
86.588,2.4310,6.0166,0.2129,4.0,22.0,1.399999976158142,-0.21331675,-0.98289984,0.14893275,0.14893275,1.0,0.19621658,-0.21331675,-0.98289984,0.14893275,0.14893275,1.0,0.19621658
86.637,2.4359,6.0286,0.2128,4.0,22.0,1.399999976158142,-0.2150427,-0.98283744,0.15012091,0.15012091,1.0,0.19788012,-0.2150427,-0.98283744,0.15012091,0.15012091,1.0,0.19788012
86.687,2.4474,6.0566,0.2127,4.0,22.0,1.399999976158142,-0.21422853,-0.98286605,0.15015736,0.15015736,1.0,0.19709457,-0.21422853,-0.98286605,0.15015736,0.15015736,1.0,0.19709457
86.735,2.4474,6.0566,0.2127,4.0,22.0,1.399999976158142,-0.21422853,-0.98286605,0.15015736,0.15015736,1.0,0.19709457,-0.21422853,-0.98286605,0.15015736,0.15015736,1.0,0.19709457
86.786,2.4523,6.0686,0.2126,4.0,22.0,1.399999976158142,-0.21599528,-0.9828083,0.1513915,0.1513915,1.0,0.19880357,-0.21599528,-0.9828083,0.1513915,0.1513915,1.0,0.19880357
86.836,2.4637,6.0966,0.2124,4.0,22.0,1.399999976158142,-0.21517,-0.9828362,0.15140653,0.15140653,1.0,0.19800621,-0.21517,-0.9828362,0.15140653,0.15140653,1.0,0.19800621
86.887,2.4686,6.1086,0.2123,4.0,22.0,1.399999976158142,-0.21699849,-0.98278564,0.15268241,0.15268241,1.0,0.1997841,-0.21699849,-0.98278564,0.15268241,0.15268241,1.0,0.1997841
86.936,2.4800,6.1366,0.2120,4.0,22.0,1.399999976158142,-0.21615812,-0.9828107,0.15267754,0.15267754,1.0,0.19896878,-0.21615812,-0.9828107,0.15267754,0.15267754,1.0,0.19896878
86.987,2.4849,6.1486,0.2119,4.0,22.0,1.399999976158142,-0.21804598,-0.98277056,0.15397993,0.15397993,1.0,0.20081653,-0.21804598,-0.98277056,0.15397993,0.15397993,1.0,0.20081653
87.038,2.4898,6.1606,0.2118,4.0,22.0,1.399999976158142,-0.21718763,-0.98279047,0.15396431,0.15396431,1.0,0.1999781,-0.21718763,-0.98279047,0.15396431,0.15396431,1.0,0.1999781
87.091,2.5127,6.2168,0.2112,4.0,22.0,1.399999976158142,-0.21950601,-0.98275816,0.15584603,0.15584603,1.0,0.2022642,-0.21950601,-0.98275816,0.15584603,0.15584603,1.0,0.2022642
87.148,2.5176,6.2288,0.2110,4.0,22.0,1.399999976158142,-0.22031137,-0.98275495,0.15659907,0.15659907,1.0,0.20306629,-0.22031137,-0.98275495,0.15659907,0.15659907,1.0,0.20306629
87.187,2.5290,6.2570,0.2108,4.0,22.0,1.399999976158142,-0.21936631,-0.98276424,0.15655634,0.15655634,1.0,0.20213056,-0.21936631,-0.98276424,0.15655634,0.15655634,1.0,0.20213056
87.237,2.5339,6.2690,0.2107,4.0,22.0,1.399999976158142,-0.2215101,-0.98275375,0.15790531,0.15790531,1.0,0.20426384,-0.2215101,-0.98275375,0.15790531,0.15790531,1.0,0.20426384
87.298,2.5453,6.2972,0.2104,4.0,22.0,1.399999976158142,-0.22051153,-0.9827569,0.15785278,0.15785278,1.0,0.20326842,-0.22051153,-0.9827569,0.15785278,0.15785278,1.0,0.20326842
87.337,2.5501,6.3092,0.2104,4.0,22.0,1.399999976158142,-0.2226704,-0.98275393,0.1591844,0.1591844,1.0,0.20542434,-0.2226704,-0.98275393,0.1591844,0.1591844,1.0,0.20542434
87.387,2.5615,6.3374,0.2102,4.0,22.0,1.399999976158142,-0.22305547,-0.978466,0.1441201,0.1441201,1.0,0.20152147,-0.22305547,-0.978466,0.1441201,0.1441201,1.0,0.20152147
87.438,2.5664,6.3495,0.2102,4.0,22.0,1.399999976158142,-0.22475758,-0.98274285,0.15256055,0.15256055,1.0,0.20750043,-0.22475758,-0.98274285,0.15256055,0.15256055,1.0,0.20750043
87.487,2.5778,6.3777,0.2101,4.0,22.0,1.399999976158142,-0.22326756,-0.9827646,0.15235037,0.15235037,1.0,0.20603213,-0.22326756,-0.9827646,0.15235037,0.15235037,1.0,0.20603213
87.539,2.5826,6.3897,0.2101,4.0,22.0,1.399999976158142,-0.22539866,-0.9827937,0.15359607,0.15359607,1.0,0.20819238,-0.22539866,-0.9827937,0.15359607,0.15359607,1.0,0.20819238
87.589,2.5940,6.4179,0.2101,4.0,22.0,1.399999976158142,-0.22424537,-0.98277056,0.15357745,0.15357745,1.0,0.2070159,-0.22424537,-0.98277056,0.15357745,0.15357745,1.0,0.2070159
87.637,2.5988,6.4300,0.2101,4.0,22.0,1.399999976158142,-0.22654252,-0.9827893,0.15482369,0.15482369,1.0,0.20933181,-0.22654252,-0.9827893,0.15482369,0.15482369,1.0,0.20933181
87.689,2.6102,6.4582,0.2101,4.0,22.0,1.399999976158142,-0.22549382,-0.98277014,0.15483904,0.15483904,1.0,0.20826396,-0.22549382,-0.98277014,0.15483904,0.15483904,1.0,0.20826396
87.738,2.6150,6.4703,0.2102,4.0,22.0,1.399999976158142,-0.22774918,-0.982784,0.1560628,0.1560628,1.0,0.21053317,-0.22774918,-0.982784,0.1560628,0.1560628,1.0,0.21053317
87.788,2.6264,6.4985,0.2103,4.0,22.0,1.399999976158142,-0.22670583,-0.98276746,0.15608482,0.15608482,1.0,0.20947331,-0.22670583,-0.98276746,0.15608482,0.15608482,1.0,0.20947331
87.838,2.6312,6.5106,0.2104,4.0,22.0,1.399999976158142,-0.22898698,-0.9827761,0.15730774,0.15730774,1.0,0.21176305,-0.22898698,-0.9827761,0.15730774,0.15730774,1.0,0.21176305
87.887,2.6425,6.5387,0.2106,4.0,22.0,1.399999976158142,-0.22787283,-0.9827619,0.15731853,0.15731853,1.0,0.21063475,-0.22787283,-0.9827619,0.15731853,0.15731853,1.0,0.21063475
87.937,2.6474,6.5508,0.2107,4.0,22.0,1.399999976158142,-0.23015562,-0.98276573,0.158545,0.158545,1.0,0.21292132,-0.23015562,-0.98276573,0.158545,0.158545,1.0,0.21292132
87.987,2.6522,6.5629,0.2108,4.0,22.0,1.399999976158142,-0.22905762,-0.9827543,0.15856299,0.15856299,1.0,0.21181193,-0.22905762,-0.9827543,0.15856299,0.15856299,1.0,0.21181193
88.037,2.6635,6.5910,0.2110,4.0,22.0,1.399999976158142,-0.2294058,-0.9827517,0.1591017,0.1591017,1.0,0.2121575,-0.2294058,-0.9827517,0.1591017,0.1591017,1.0,0.2121575
88.088,2.6683,6.6031,0.2111,4.0,22.0,1.399999976158142,-0.23166285,-0.98274887,0.16033229,0.16033229,1.0,0.21441174,-0.23166285,-0.98274887,0.16033229,0.16033229,1.0,0.21441174
88.137,2.6796,6.6313,0.2113,4.0,22.0,1.399999976158142,-0.23056898,-0.98274124,0.16035262,0.16035262,1.0,0.21331021,-0.23056898,-0.98274124,0.16035262,0.16035262,1.0,0.21331021
88.188,2.6909,6.6594,0.2115,4.0,22.0,1.399999976158142,-0.23280336,-0.9827347,0.16159193,0.16159193,1.0,0.21553802,-0.23280336,-0.9827347,0.16159193,0.16159193,1.0,0.21553802
88.238,2.6957,6.6715,0.2116,4.0,22.0,1.399999976158142,-0.23361042,-0.9827249,0.16231744,0.16231744,1.0,0.21633531,-0.23361042,-0.9827249,0.16231744,0.16231744,1.0,0.21633531
88.287,2.7070,6.6996,0.2118,4.0,22.0,1.399999976158142,-0.23254678,-0.9827218,0.16233866,0.16233866,1.0,0.21526857,-0.23254678,-0.9827218,0.16233866,0.16233866,1.0,0.21526857
88.337,2.7118,6.7117,0.2119,4.0,22.0,1.399999976158142,-0.234769,-0.98271215,0.16360731,0.16360731,1.0,0.21748115,-0.234769,-0.98271215,0.16360731,0.16360731,1.0,0.21748115
88.388,2.7231,6.7398,0.2120,4.0,22.0,1.399999976158142,-0.23511463,-0.9784272,0.14822619,0.14822619,1.0,0.2135418,-0.23511463,-0.9784272,0.14822619,0.14822619,1.0,0.2135418
88.437,2.7279,6.7519,0.2120,4.0,22.0,1.399999976158142,-0.2368248,-0.982688,0.15676631,0.15676631,1.0,0.2195128,-0.2368248,-0.982688,0.15676631,0.15676631,1.0,0.2195128
88.487,2.7391,6.7800,0.2121,4.0,22.0,1.399999976158142,-0.23539282,-0.9827147,0.15661097,0.15661097,1.0,0.21810755,-0.23539282,-0.9827147,0.15661097,0.15661097,1.0,0.21810755
88.537,2.7439,6.7920,0.2121,4.0,22.0,1.399999976158142,-0.23739897,-0.9827313,0.15784942,0.15784942,1.0,0.22013028,-0.23739897,-0.9827313,0.15784942,0.15784942,1.0,0.22013028
88.587,2.7552,6.8202,0.2122,4.0,22.0,1.399999976158142,-0.23625417,-0.98271525,0.15786251,0.15786251,1.0,0.21896942,-0.23625417,-0.98271525,0.15786251,0.15786251,1.0,0.21896942
88.638,2.7600,6.8322,0.2122,4.0,22.0,1.399999976158142,-0.2386275,-0.98272437,0.1591835,0.1591835,1.0,0.22135188,-0.2386275,-0.98272437,0.1591835,0.1591835,1.0,0.22135188
88.688,2.7712,6.8604,0.2121,4.0,22.0,1.399999976158142,-0.23748977,-0.9827114,0.15918246,0.15918246,1.0,0.22020116,-0.23748977,-0.9827114,0.15918246,0.15918246,1.0,0.22020116
88.737,2.7760,6.8724,0.2121,4.0,22.0,1.399999976158142,-0.23985371,-0.9827207,0.16053088,0.16053088,1.0,0.2225744,-0.23985371,-0.9827207,0.16053088,0.16053088,1.0,0.2225744
88.788,2.7872,6.9006,0.2120,4.0,22.0,1.399999976158142,-0.23875672,-0.9827093,0.16052593,0.16052593,1.0,0.22146603,-0.23875672,-0.9827093,0.16052593,0.16052593,1.0,0.22146603
88.837,2.7920,6.9127,0.2120,4.0,22.0,1.399999976158142,-0.24114981,-0.98272187,0.16190143,0.16190143,1.0,0.22387168,-0.24114981,-0.98272187,0.16190143,0.16190143,1.0,0.22387168
88.888,2.7968,6.9248,0.2119,4.0,22.0,1.399999976158142,-0.24002632,-0.98271,0.16187857,0.16187857,1.0,0.22273631,-0.24002632,-0.98271,0.16187857,0.16187857,1.0,0.22273631
88.937,2.8080,6.9529,0.2118,4.0,22.0,1.399999976158142,-0.24041054,-0.9827112,0.1624569,0.1624569,1.0,0.22312176,-0.24041054,-0.9827112,0.1624569,0.1624569,1.0,0.22312176
88.988,2.8129,6.9650,0.2117,4.0,22.0,1.399999976158142,-0.2429075,-0.98273206,0.16387899,0.16387899,1.0,0.22563955,-0.2429075,-0.98273206,0.16387899,0.16387899,1.0,0.22563955
89.037,2.8240,6.9932,0.2116,4.0,22.0,1.399999976158142,-0.24172366,-0.9827158,0.16382976,0.16382976,1.0,0.22443947,-0.24172366,-0.9827158,0.16382976,0.16382976,1.0,0.22443947
89.087,2.8288,7.0053,0.2115,4.0,22.0,1.399999976158142,-0.24425583,-0.98274255,0.16526811,0.16526811,1.0,0.22699839,-0.24425583,-0.98274255,0.16526811,0.16526811,1.0,0.22699839
89.139,2.8400,7.0336,0.2114,4.0,22.0,1.399999976158142,-0.2430713,-0.9827239,0.16521479,0.16521479,1.0,0.22579521,-0.2430713,-0.9827239,0.16521479,0.16521479,1.0,0.22579521
89.187,2.8512,7.0618,0.2112,4.0,22.0,1.399999976158142,-0.24559379,-0.982757,0.1666506,0.1666506,1.0,0.22835077,-0.24559379,-0.982757,0.1666506,0.1666506,1.0,0.22835077
89.237,2.8560,7.0739,0.2112,4.0,22.0,1.399999976158142,-0.24670753,-0.98277104,0.16749725,0.16749725,1.0,0.22947855,-0.24670753,-0.98277104,0.16749725,0.16749725,1.0,0.22947855
89.287,2.8672,7.1022,0.2111,4.0,22.0,1.399999976158142,-0.24541748,-0.98274463,0.1674089,0.1674089,1.0,0.22816211,-0.24541748,-0.98274463,0.1674089,0.1674089,1.0,0.22816211
89.338,2.8720,7.1143,0.2110,4.0,22.0,1.399999976158142,-0.24807692,-0.98278946,0.16886944,0.16886944,1.0,0.23086637,-0.24807692,-0.98278946,0.16886944,0.16886944,1.0,0.23086637
89.388,2.8831,7.1426,0.2109,4.0,22.0,1.399999976158142,-0.24807696,-0.978419,0.15283114,0.15283114,1.0,0.22649594,-0.24807696,-0.978419,0.15283114,0.15283114,1.0,0.22649594
89.439,2.8879,7.1547,0.2109,4.0,22.0,1.399999976158142,-0.25049806,-0.982795,0.16188978,0.16188978,1.0,0.23329307,-0.25049806,-0.982795,0.16188978,0.16188978,1.0,0.23329307
89.487,2.8990,7.1830,0.2109,4.0,22.0,1.399999976158142,-0.24883597,-0.98279184,0.16163956,0.16163956,1.0,0.23162779,-0.24883597,-0.98279184,0.16163956,0.16163956,1.0,0.23162779
89.538,2.9038,7.1951,0.2108,4.0,22.0,1.399999976158142,-0.25132817,-0.98287505,0.16302662,0.16302662,1.0,0.2342032,-0.25132817,-0.98287505,0.16302662,0.16302662,1.0,0.2342032
89.587,2.9149,7.2234,0.2108,4.0,22.0,1.399999976158142,-0.24987595,-0.9828222,0.16295567,0.16295567,1.0,0.23269813,-0.24987595,-0.9828222,0.16295567,0.16295567,1.0,0.23269813
89.637,2.9197,7.2355,0.2108,4.0,22.0,1.399999976158142,-0.2527251,-0.9828923,0.1643798,0.1643798,1.0,0.23561737,-0.2527251,-0.9828923,0.1643798,0.1643798,1.0,0.23561737
89.688,2.9245,7.2476,0.2108,4.0,22.0,1.399999976158142,-0.2513605,-0.9828448,0.1643359,0.1643359,1.0,0.23420532,-0.2513605,-0.9828448,0.1643359,0.1643359,1.0,0.23420532
89.749,2.9356,7.2759,0.2109,4.0,22.0,1.399999976158142,-0.25180182,-0.98285145,0.16492419,0.16492419,1.0,0.23465322,-0.25180182,-0.98285145,0.16492419,0.16492419,1.0,0.23465322
89.788,2.9404,7.2881,0.2109,4.0,22.0,1.399999976158142,-0.2545986,-0.9829169,0.16634022,0.16634022,1.0,0.23751548,-0.2545986,-0.9829169,0.16634022,0.16634022,1.0,0.23751548
89.837,2.9515,7.3164,0.2110,4.0,22.0,1.399999976158142,-0.25329942,-0.9828733,0.16631362,0.16631362,1.0,0.2361727,-0.25329942,-0.9828733,0.16631362,0.16631362,1.0,0.2361727
89.888,2.9625,7.3447,0.2110,4.0,22.0,1.399999976158142,-0.25610778,-0.9829368,0.1677318,0.1677318,1.0,0.23904459,-0.25610778,-0.9829368,0.1677318,0.1677318,1.0,0.23904459
89.937,2.9673,7.3568,0.2111,4.0,22.0,1.399999976158142,-0.25712162,-0.9829491,0.16852397,0.16852397,1.0,0.24007073,-0.25712162,-0.9829491,0.16852397,0.16852397,1.0,0.24007073
89.987,2.9784,7.3852,0.2112,4.0,22.0,1.399999976158142,-0.2557871,-0.98290694,0.16849093,0.16849093,1.0,0.23869404,-0.2557871,-0.98290694,0.16849093,0.16849093,1.0,0.23869404
90.037,2.9831,7.3973,0.2112,4.0,22.0,1.399999976158142,-0.2586035,-0.9829677,0.1699211,0.1699211,1.0,0.24157117,-0.2586035,-0.9829677,0.1699211,0.1699211,1.0,0.24157117
90.087,2.9942,7.4256,0.2113,4.0,22.0,1.399999976158142,-0.2572611,-0.9829262,0.16988435,0.16988435,1.0,0.2401873,-0.2572611,-0.9829262,0.16988435,0.16988435,1.0,0.2401873
90.137,2.9989,7.4377,0.2114,4.0,22.0,1.399999976158142,-0.2600708,-0.98298603,0.17132136,0.17132136,1.0,0.24305682,-0.2600708,-0.98298603,0.17132136,0.17132136,1.0,0.24305682
90.187,3.0100,7.4661,0.2115,4.0,22.0,1.399999976158142,-0.2587344,-0.9829455,0.17128624,0.17128624,1.0,0.24167989,-0.2587344,-0.9829455,0.17128624,0.17128624,1.0,0.24167989
90.238,3.0147,7.4782,0.2116,4.0,22.0,1.399999976158142,-0.2615525,-0.98300475,0.17273766,0.17273766,1.0,0.24455723,-0.2615525,-0.98300475,0.17273766,0.17273766,1.0,0.24455723
90.287,3.0258,7.5065,0.2117,4.0,22.0,1.399999976158142,-0.26020756,-0.98296446,0.17269872,0.17269872,1.0,0.24317202,-0.26020756,-0.98296446,0.17269872,0.17269872,1.0,0.24317202
90.339,3.0305,7.5186,0.2117,4.0,22.0,1.399999976158142,-0.2630456,-0.98302424,0.17416984,0.17416984,1.0,0.24606983,-0.2630456,-0.98302424,0.17416984,0.17416984,1.0,0.24606983
90.388,3.0415,7.5470,0.2118,4.0,22.0,1.399999976158142,-0.26166618,-0.9829836,0.17412375,0.17412375,1.0,0.2446498,-0.26166618,-0.9829836,0.17412375,0.17412375,1.0,0.2446498
90.438,3.0463,7.5591,0.2118,4.0,22.0,1.399999976158142,-0.2635659,-0.97972524,0.1599241,0.1599241,1.0,0.24329112,-0.2635659,-0.97972524,0.1599241,0.1599241,1.0,0.24329112
90.488,3.0573,7.5874,0.2119,4.0,22.0,1.399999976158142,-0.26388037,-0.9830009,0.16672347,0.16672347,1.0,0.24688125,-0.26388037,-0.9830009,0.16672347,0.16672347,1.0,0.24688125
90.538,3.0620,7.5996,0.2119,4.0,22.0,1.399999976158142,-0.26625732,-0.9830993,0.16810453,0.16810453,1.0,0.24935657,-0.26625732,-0.9830993,0.16810453,0.16810453,1.0,0.24935657
90.589,3.0667,7.6117,0.2119,4.0,22.0,1.399999976158142,-0.2648206,-0.9830453,0.16806586,0.16806586,1.0,0.24786587,-0.2648206,-0.9830453,0.16806586,0.16806586,1.0,0.24786587
90.637,3.0777,7.6400,0.2120,4.0,22.0,1.399999976158142,-0.26524833,-0.9830521,0.16867727,0.16867727,1.0,0.24830039,-0.26524833,-0.9830521,0.16867727,0.16867727,1.0,0.24830039
90.687,3.0824,7.6522,0.2120,4.0,22.0,1.399999976158142,-0.26836386,-0.98313475,0.17021623,0.17021623,1.0,0.25149858,-0.26836386,-0.98313475,0.17021623,0.17021623,1.0,0.25149858
90.738,3.0934,7.6805,0.2119,4.0,22.0,1.399999976158142,-0.2668404,-0.98308045,0.17013037,0.17013037,1.0,0.24992083,-0.2668404,-0.98308045,0.17013037,0.17013037,1.0,0.24992083
90.788,3.1044,7.7089,0.2119,4.0,22.0,1.399999976158142,-0.2698451,-0.9831607,0.17166251,0.17166251,1.0,0.25300574,-0.2698451,-0.9831607,0.17166251,0.17166251,1.0,0.25300574
90.848,3.1091,7.7210,0.2119,4.0,22.0,1.399999976158142,-0.27093562,-0.9831821,0.17251813,0.17251813,1.0,0.25411773,-0.27093562,-0.9831821,0.17251813,0.17251813,1.0,0.25411773
90.888,3.1201,7.7494,0.2118,4.0,22.0,1.399999976158142,-0.26953062,-0.9831318,0.17245783,0.17245783,1.0,0.25266242,-0.26953062,-0.9831318,0.17245783,0.17245783,1.0,0.25266242
90.938,3.1248,7.7615,0.2118,4.0,22.0,1.399999976158142,-0.2725716,-0.9832179,0.1740261,0.1740261,1.0,0.2557895,-0.2725716,-0.9832179,0.1740261,0.1740261,1.0,0.2557895
90.987,3.1358,7.7899,0.2118,4.0,22.0,1.399999976158142,-0.27114397,-0.98316514,0.17395078,0.17395078,1.0,0.2543091,-0.27114397,-0.98316514,0.17395078,0.17395078,1.0,0.2543091
91.039,3.1405,7.8021,0.2117,4.0,22.0,1.399999976158142,-0.27420914,-0.9832549,0.17553699,0.17553699,1.0,0.25746408,-0.27420914,-0.9832549,0.17553699,0.17553699,1.0,0.25746408
91.089,3.1514,7.8305,0.2117,4.0,22.0,1.399999976158142,-0.2727284,-0.98319876,0.17545095,0.17545095,1.0,0.2559272,-0.2727284,-0.98319876,0.17545095,0.17545095,1.0,0.2559272
91.138,3.1561,7.8427,0.2116,4.0,22.0,1.399999976158142,-0.27584562,-0.98329383,0.1770642,0.1770642,1.0,0.25913945,-0.27584562,-0.98329383,0.1770642,0.1770642,1.0,0.25913945
91.187,3.1670,7.8711,0.2116,4.0,22.0,1.399999976158142,-0.2744346,-0.98323834,0.17698331,0.17698331,1.0,0.25767294,-0.2744346,-0.98323834,0.17698331,0.17698331,1.0,0.25767294
91.237,3.1717,7.8833,0.2115,4.0,22.0,1.399999976158142,-0.2775855,-0.98333836,0.17860256,0.17860256,1.0,0.26092386,-0.2775855,-0.98333836,0.17860256,0.17860256,1.0,0.26092386
91.287,3.1827,7.9117,0.2115,4.0,22.0,1.399999976158142,-0.27606675,-0.9832769,0.1784921,0.1784921,1.0,0.25934362,-0.27606675,-0.9832769,0.1784921,0.1784921,1.0,0.25934362
91.337,3.1873,7.9239,0.2115,4.0,22.0,1.399999976158142,-0.27927494,-0.98338264,0.18013291,0.18013291,1.0,0.26265758,-0.27927494,-0.98338264,0.18013291,0.18013291,1.0,0.26265758
91.387,3.1982,7.9524,0.2114,4.0,22.0,1.399999976158142,-0.27881446,-0.97909087,0.16306582,0.16306582,1.0,0.25790533,-0.27881446,-0.97909087,0.16306582,0.16306582,1.0,0.25790533
91.437,3.2029,7.9645,0.2114,4.0,22.0,1.399999976158142,-0.28216308,-0.98341364,0.17281069,0.17281069,1.0,0.26557672,-0.28216308,-0.98341364,0.17281069,0.17281069,1.0,0.26557672
91.487,3.2138,7.9930,0.2114,4.0,22.0,1.399999976158142,-0.28032032,-0.98337734,0.17249331,0.17249331,1.0,0.26369762,-0.28032032,-0.98337734,0.17249331,0.17249331,1.0,0.26369762
91.537,3.2185,8.0052,0.2114,4.0,22.0,1.399999976158142,-0.28299865,-0.9835234,0.17400762,0.17400762,1.0,0.2665221,-0.28299865,-0.9835234,0.17400762,0.17400762,1.0,0.2665221
91.588,3.2231,8.0174,0.2113,4.0,22.0,1.399999976158142,-0.28136387,-0.98343766,0.17391825,0.17391825,1.0,0.26480153,-0.28136387,-0.98343766,0.17391825,0.17391825,1.0,0.26480153
91.637,3.2340,8.0459,0.2113,4.0,22.0,1.399999976158142,-0.28189847,-0.9834531,0.17456289,0.17456289,1.0,0.2653516,-0.28189847,-0.9834531,0.17456289,0.17456289,1.0,0.2653516
91.688,3.2387,8.0581,0.2113,4.0,22.0,1.399999976158142,-0.2852844,-0.9835853,0.1761885,0.1761885,1.0,0.2688697,-0.2852844,-0.9835853,0.1761885,0.1761885,1.0,0.2688697
91.737,3.2495,8.0866,0.2113,4.0,22.0,1.399999976158142,-0.28364912,-0.98350275,0.17609152,0.17609152,1.0,0.26715186,-0.28364912,-0.98350275,0.17609152,0.17609152,1.0,0.26715186
91.787,3.2604,8.1151,0.2114,4.0,22.0,1.399999976158142,-0.28704706,-0.9836338,0.17773032,0.17773032,1.0,0.2706809,-0.28704706,-0.9836338,0.17773032,0.17773032,1.0,0.2706809
91.837,3.2650,8.1273,0.2114,4.0,22.0,1.399999976158142,-0.2882664,-0.98366743,0.17861894,0.17861894,1.0,0.27193382,-0.2882664,-0.98366743,0.17861894,0.17861894,1.0,0.27193382
91.888,3.2759,8.1558,0.2114,4.0,22.0,1.399999976158142,-0.28665575,-0.9835882,0.17852344,0.17852344,1.0,0.270244,-0.28665575,-0.9835882,0.17852344,0.17852344,1.0,0.270244
91.937,3.2805,8.1681,0.2114,4.0,22.0,1.399999976158142,-0.29003948,-0.9837176,0.1801708,0.1801708,1.0,0.2737571,-0.29003948,-0.9837176,0.1801708,0.1801708,1.0,0.2737571
91.988,3.2914,8.1966,0.2115,4.0,22.0,1.399999976158142,-0.2884288,-0.98363876,0.18007343,0.18007343,1.0,0.27206758,-0.2884288,-0.98363876,0.18007343,0.18007343,1.0,0.27206758
92.038,3.2960,8.2088,0.2115,4.0,22.0,1.399999976158142,-0.29181898,-0.9837688,0.18173014,0.18173014,1.0,0.2755878,-0.29181898,-0.9837688,0.18173014,0.18173014,1.0,0.2755878
92.087,3.3068,8.2373,0.2116,4.0,22.0,1.399999976158142,-0.2901845,-0.9836891,0.18163066,0.18163066,1.0,0.2738736,-0.2901845,-0.9836891,0.18163066,0.18163066,1.0,0.2738736
92.137,3.3114,8.2496,0.2116,4.0,22.0,1.399999976158142,-0.29367846,-0.98382425,0.18332407,0.18332407,1.0,0.27750272,-0.29367846,-0.98382425,0.18332407,0.18332407,1.0,0.27750272
92.187,3.3222,8.2781,0.2117,4.0,22.0,1.399999976158142,-0.2919956,-0.9837419,0.18319969,0.18319969,1.0,0.2757375,-0.2919956,-0.9837419,0.18319969,0.18319969,1.0,0.2757375
92.239,3.3268,8.2903,0.2117,4.0,22.0,1.399999976158142,-0.29540733,-0.98387367,0.18488277,0.18488277,1.0,0.27928102,-0.29540733,-0.98387367,0.18488277,0.18488277,1.0,0.27928102
92.287,3.3376,8.3189,0.2118,4.0,22.0,1.399999976158142,-0.29373968,-0.9837918,0.18477668,0.18477668,1.0,0.2775315,-0.29373968,-0.9837918,0.18477668,0.18477668,1.0,0.2775315
92.337,3.3422,8.3311,0.2118,4.0,22.0,1.399999976158142,-0.2973458,-0.983933,0.18652506,0.18652506,1.0,0.28127876,-0.2973458,-0.983933,0.18652506,0.18652506,1.0,0.28127876
92.387,3.3530,8.3597,0.2119,4.0,22.0,1.399999976158142,-0.2965756,-0.9797057,0.16876249,0.16876249,1.0,0.2762813,-0.2965756,-0.9797057,0.16876249,0.16876249,1.0,0.2762813
92.438,3.3576,8.3719,0.2119,4.0,22.0,1.399999976158142,-0.3003342,-0.98396564,0.17890172,0.17890172,1.0,0.28429982,-0.3003342,-0.98396564,0.17890172,0.17890172,1.0,0.28429982
92.488,3.3684,8.4005,0.2119,4.0,22.0,1.399999976158142,-0.29839998,-0.98391384,0.17855923,0.17855923,1.0,0.2823138,-0.29839998,-0.98391384,0.17855923,0.17855923,1.0,0.2823138
92.538,3.3730,8.4127,0.2119,4.0,22.0,1.399999976158142,-0.30123752,-0.9840896,0.18015288,0.18015288,1.0,0.28532714,-0.30123752,-0.9840896,0.18015288,0.18015288,1.0,0.28532714
92.588,3.3837,8.4413,0.2120,4.0,22.0,1.399999976158142,-0.29943156,-0.98398787,0.18003428,0.18003428,1.0,0.2834194,-0.29943156,-0.98398787,0.18003428,0.18003428,1.0,0.2834194
92.638,3.3883,8.4536,0.2120,4.0,22.0,1.399999976158142,-0.3030281,-0.9841454,0.18175079,0.18175079,1.0,0.2871735,-0.3030281,-0.9841454,0.18175079,0.18175079,1.0,0.2871735
92.688,3.3929,8.4658,0.2120,4.0,22.0,1.399999976158142,-0.30129427,-0.9840486,0.18164138,0.18164138,1.0,0.28534284,-0.30129427,-0.9840486,0.18164138,0.18164138,1.0,0.28534284
92.737,3.4036,8.4944,0.2120,4.0,22.0,1.399999976158142,-0.30187342,-0.9840679,0.18232341,0.18232341,1.0,0.28594133,-0.30187342,-0.9840679,0.18232341,0.18232341,1.0,0.28594133
92.788,3.4143,8.5230,0.2120,4.0,22.0,1.399999976158142,-0.30546165,-0.9842234,0.18407029,0.18407029,1.0,0.28968507,-0.30546165,-0.9842234,0.18407029,0.18407029,1.0,0.28968507
92.837,3.4189,8.5353,0.2120,4.0,22.0,1.399999976158142,-0.30679402,-0.9842678,0.1850337,0.1850337,1.0,0.29106176,-0.30679402,-0.9842678,0.1850337,0.1850337,1.0,0.29106176
92.887,3.4296,8.5639,0.2120,4.0,22.0,1.399999976158142,-0.305073,-0.98417413,0.18490684,0.18490684,1.0,0.28924713,-0.305073,-0.98417413,0.18490684,0.18490684,1.0,0.28924713
92.937,3.4341,8.5762,0.2119,4.0,22.0,1.399999976158142,-0.308733,-0.9843349,0.18670359,0.18670359,1.0,0.29306787,-0.308733,-0.9843349,0.18670359,0.18670359,1.0,0.29306787
92.988,3.4448,8.6048,0.2119,4.0,22.0,1.399999976158142,-0.3069835,-0.9842394,0.18655927,0.18655927,1.0,0.2912229,-0.3069835,-0.9842394,0.18655927,0.18655927,1.0,0.2912229
93.038,3.4494,8.6171,0.2119,4.0,22.0,1.399999976158142,-0.31064662,-0.98440266,0.1883719,0.1883719,1.0,0.29504928,-0.31064662,-0.98440266,0.1883719,0.1883719,1.0,0.29504928
93.088,3.4600,8.6458,0.2119,4.0,22.0,1.399999976158142,-0.30890843,-0.9843067,0.1882274,0.1882274,1.0,0.29321516,-0.30890843,-0.9843067,0.1882274,0.1882274,1.0,0.29321516
93.138,3.4646,8.6581,0.2119,4.0,22.0,1.399999976158142,-0.31261852,-0.9844751,0.19006455,0.19006455,1.0,0.2970936,-0.31261852,-0.9844751,0.19006455,0.19006455,1.0,0.2970936
93.190,3.4752,8.6868,0.2118,4.0,22.0,1.399999976158142,-0.31083545,-0.9843755,0.18990582,0.18990582,1.0,0.2952109,-0.31083545,-0.9843755,0.18990582,0.18990582,1.0,0.2952109
93.237,3.4798,8.6991,0.2118,4.0,22.0,1.399999976158142,-0.31444448,-0.9845417,0.19173136,0.19173136,1.0,0.2989862,-0.31444448,-0.9845417,0.19173136,0.19173136,1.0,0.2989862
93.288,3.4904,8.7278,0.2118,4.0,22.0,1.399999976158142,-0.31290427,-0.9844529,0.19163221,0.19163221,1.0,0.29735717,-0.31290427,-0.9844529,0.19163221,0.19163221,1.0,0.29735717
93.337,3.4950,8.7401,0.2118,4.0,22.0,1.399999976158142,-0.31660008,-0.98462665,0.1934756,0.1934756,1.0,0.30122674,-0.31660008,-0.98462665,0.1934756,0.1934756,1.0,0.30122674
93.387,3.5056,8.7688,0.2118,4.0,22.0,1.399999976158142,-0.31565204,-0.9805407,0.17509902,0.17509902,1.0,0.29619274,-0.31565204,-0.9805407,0.17509902,0.17509902,1.0,0.29619274
93.448,3.5101,8.7811,0.2118,4.0,22.0,1.399999976158142,-0.32001427,-0.98468757,0.18570071,0.18570071,1.0,0.3047018,-0.32001427,-0.98468757,0.18570071,0.18570071,1.0,0.3047018
93.487,3.5207,8.8098,0.2118,4.0,22.0,1.399999976158142,-0.31795946,-0.9846109,0.18529499,0.18529499,1.0,0.3025704,-0.31795946,-0.9846109,0.18529499,0.18529499,1.0,0.3025704
93.537,3.5252,8.8222,0.2118,4.0,22.0,1.399999976158142,-0.32109562,-0.98483145,0.1870302,0.1870302,1.0,0.3059271,-0.32109562,-0.98483145,0.1870302,0.1870302,1.0,0.3059271
93.588,3.5297,8.8345,0.2118,4.0,22.0,1.399999976158142,-0.3190082,-0.9847079,0.186851,0.186851,1.0,0.30371612,-0.3190082,-0.9847079,0.186851,0.186851,1.0,0.30371612
93.638,3.5403,8.8632,0.2118,4.0,22.0,1.399999976158142,-0.3196296,-0.9847336,0.18756258,0.18756258,1.0,0.3043632,-0.3196296,-0.9847336,0.18756258,0.18756258,1.0,0.3043632
93.687,3.5448,8.8756,0.2118,4.0,22.0,1.399999976158142,-0.32360277,-0.9849427,0.18943979,0.18943979,1.0,0.3085454,-0.32360277,-0.9849427,0.18943979,0.18943979,1.0,0.3085454
93.739,3.5554,8.9043,0.2118,4.0,22.0,1.399999976158142,-0.32170156,-0.9848187,0.18927737,0.18927737,1.0,0.30652022,-0.32170156,-0.9848187,0.18927737,0.18927737,1.0,0.30652022
93.787,3.5659,8.9331,0.2118,4.0,22.0,1.399999976158142,-0.32554236,-0.98501897,0.19113955,0.19113955,1.0,0.3105613,-0.32554236,-0.98501897,0.19113955,0.19113955,1.0,0.3105613
93.838,3.5704,8.9455,0.2118,4.0,22.0,1.399999976158142,-0.32726523,-0.9850943,0.19223462,0.19223462,1.0,0.31235954,-0.32726523,-0.9850943,0.19223462,0.19223462,1.0,0.31235954
93.887,3.5809,8.9743,0.2118,4.0,22.0,1.399999976158142,-0.32523334,-0.98496413,0.19201694,0.19201694,1.0,0.31019747,-0.32523334,-0.98496413,0.19201694,0.19201694,1.0,0.31019747
93.939,3.5854,8.9867,0.2118,4.0,22.0,1.399999976158142,-0.3292273,-0.98517346,0.19393745,0.19393745,1.0,0.3144008,-0.3292273,-0.98517346,0.19393745,0.19393745,1.0,0.3144008
93.999,3.5959,9.0155,0.2118,4.0,22.0,1.399999976158142,-0.3272443,-0.985046,0.19375448,0.19375448,1.0,0.3122903,-0.3272443,-0.985046,0.19375448,0.19375448,1.0,0.3122903
94.038,3.6004,9.0278,0.2118,4.0,22.0,1.399999976158142,-0.331393,-0.9852646,0.19573541,0.19573541,1.0,0.31665757,-0.331393,-0.9852646,0.19573541,0.19573541,1.0,0.31665757
94.088,3.6109,9.0567,0.2119,4.0,22.0,1.399999976158142,-0.32945836,-0.98514,0.1955331,0.1955331,1.0,0.31459838,-0.32945836,-0.98514,0.1955331,0.1955331,1.0,0.31459838
94.137,3.6153,9.0691,0.2119,4.0,22.0,1.399999976158142,-0.3334243,-0.9853485,0.19746862,0.19746862,1.0,0.31877282,-0.3334243,-0.9853485,0.19746862,0.19746862,1.0,0.31877282
94.187,3.6258,9.0979,0.2119,4.0,22.0,1.399999976158142,-0.33151513,-0.98522514,0.19728445,0.19728445,1.0,0.31674027,-0.33151513,-0.98522514,0.19728445,0.19728445,1.0,0.31674027
94.238,3.6303,9.1103,0.2120,4.0,22.0,1.399999976158142,-0.3355369,-0.98543775,0.19925305,0.19925305,1.0,0.32097468,-0.3355369,-0.98543775,0.19925305,0.19925305,1.0,0.32097468
94.287,3.6407,9.1392,0.2120,4.0,22.0,1.399999976158142,-0.33362725,-0.98531413,0.19906552,0.19906552,1.0,0.31894135,-0.33362725,-0.98531413,0.19906552,0.19906552,1.0,0.31894135
94.337,3.6452,9.1516,0.2120,4.0,22.0,1.399999976158142,-0.33768177,-0.9855302,0.20105678,0.20105678,1.0,0.32321197,-0.33768177,-0.9855302,0.20105678,0.20105678,1.0,0.32321197
94.388,3.6496,9.1640,0.2121,4.0,22.0,1.399999976158142,-0.33649442,-0.98162484,0.1819874,0.1819874,1.0,0.31811926,-0.33649442,-0.98162484,0.1819874,0.1819874,1.0,0.31811926
94.437,3.6600,9.1929,0.2121,4.0,22.0,1.399999976158142,-0.33782586,-0.98539704,0.19180885,0.19180885,1.0,0.32322288,-0.33782586,-0.98539704,0.19180885,0.19180885,1.0,0.32322288
94.488,3.6645,9.2053,0.2121,4.0,22.0,1.399999976158142,-0.34189418,-0.9856775,0.19350319,0.19350319,1.0,0.32757166,-0.34189418,-0.9856775,0.19350319,0.19350319,1.0,0.32757166
94.537,3.6749,9.2342,0.2122,4.0,22.0,1.399999976158142,-0.33903968,-0.9855458,0.19320247,0.19320247,1.0,0.32458547,-0.33903968,-0.9855458,0.19320247,0.19320247,1.0,0.32458547
94.587,3.6852,9.2631,0.2122,4.0,22.0,1.399999976158142,-0.34289366,-0.98579335,0.19513503,0.19513503,1.0,0.328687,-0.34289366,-0.98579335,0.19513503,0.19513503,1.0,0.328687
94.637,3.6897,9.2755,0.2122,4.0,22.0,1.399999976158142,-0.3444373,-0.98586196,0.19620797,0.19620797,1.0,0.3302993,-0.3444373,-0.98586196,0.19620797,0.19620797,1.0,0.3302993
94.687,3.7000,9.3045,0.2122,4.0,22.0,1.399999976158142,-0.3424241,-0.98572,0.19601683,0.19601683,1.0,0.32814407,-0.3424241,-0.98572,0.19601683,0.19601683,1.0,0.32814407
94.737,3.7044,9.3169,0.2122,4.0,22.0,1.399999976158142,-0.3466203,-0.98596007,0.19804025,0.19804025,1.0,0.33258036,-0.3466203,-0.98596007,0.19804025,0.19804025,1.0,0.33258036
94.787,3.7147,9.3459,0.2122,4.0,22.0,1.399999976158142,-0.34462884,-0.98582053,0.19784616,0.19784616,1.0,0.33044937,-0.34462884,-0.98582053,0.19784616,0.19784616,1.0,0.33044937
94.837,3.7192,9.3583,0.2122,4.0,22.0,1.399999976158142,-0.34882987,-0.9860604,0.19989535,0.19989535,1.0,0.33489025,-0.34882987,-0.9860604,0.19989535,0.19989535,1.0,0.33489025
94.887,3.7295,9.3873,0.2122,4.0,22.0,1.399999976158142,-0.34683833,-0.9859213,0.1996921,0.1996921,1.0,0.33275968,-0.34683833,-0.9859213,0.1996921,0.1996921,1.0,0.33275968
94.938,3.7339,9.3997,0.2122,4.0,22.0,1.399999976158142,-0.3510577,-0.98616296,0.20176789,0.20176789,1.0,0.3372207,-0.3510577,-0.98616296,0.20176789,0.20176789,1.0,0.3372207
94.987,3.7441,9.4288,0.2122,4.0,22.0,1.399999976158142,-0.3490582,-0.9860236,0.20155382,0.20155382,1.0,0.3350818,-0.3490582,-0.9860236,0.20155382,0.20155382,1.0,0.3350818
95.038,3.7485,9.4412,0.2122,4.0,22.0,1.399999976158142,-0.35330918,-0.98626864,0.2036576,0.2036576,1.0,0.3395778,-0.35330918,-0.98626864,0.2036576,0.2036576,1.0,0.3395778
95.088,3.7588,9.4703,0.2122,4.0,22.0,1.399999976158142,-0.35128593,-0.9861272,0.20343013,0.20343013,1.0,0.3374131,-0.35128593,-0.9861272,0.20343013,0.20343013,1.0,0.3374131
95.137,3.7632,9.4827,0.2122,4.0,22.0,1.399999976158142,-0.35557547,-0.9863768,0.20556234,0.20556234,1.0,0.34195226,-0.35557547,-0.9863768,0.20556234,0.20556234,1.0,0.34195226
95.187,3.7734,9.5118,0.2122,4.0,22.0,1.399999976158142,-0.3535405,-0.9862338,0.20532456,0.20532456,1.0,0.33977428,-0.3535405,-0.9862338,0.20532456,0.20532456,1.0,0.33977428
95.237,3.7778,9.5243,0.2122,4.0,22.0,1.399999976158142,-0.3578519,-0.98648775,0.20747758,0.20747758,1.0,0.3443396,-0.3578519,-0.98648775,0.20747758,0.20747758,1.0,0.3443396
95.287,3.7880,9.5534,0.2122,4.0,22.0,1.399999976158142,-0.3558143,-0.98634297,0.20723496,0.20723496,1.0,0.34215727,-0.3558143,-0.98634297,0.20723496,0.20723496,1.0,0.34215727
95.337,3.7924,9.5659,0.2122,4.0,22.0,1.399999976158142,-0.36015448,-0.98660177,0.20940988,0.20940988,1.0,0.34675622,-0.36015448,-0.98660177,0.20940988,0.20940988,1.0,0.34675622
95.387,3.7967,9.5783,0.2122,4.0,22.0,1.399999976158142,-0.35873407,-0.9829052,0.18952097,0.18952097,1.0,0.34163928,-0.35873407,-0.9829052,0.18952097,0.18952097,1.0,0.34163928
95.437,3.8069,9.6075,0.2122,4.0,22.0,1.399999976158142,-0.36040613,-0.9864559,0.19978595,0.19978595,1.0,0.34686202,-0.36040613,-0.9864559,0.19978595,0.19978595,1.0,0.34686202
95.488,3.8170,9.6366,0.2122,4.0,22.0,1.399999976158142,-0.36481667,-0.9867822,0.20164178,0.20164178,1.0,0.35159886,-0.36481667,-0.9867822,0.20164178,0.20164178,1.0,0.35159886
95.540,3.8214,9.6491,0.2122,4.0,22.0,1.399999976158142,-0.36553657,-0.9868704,0.20262793,0.20262793,1.0,0.35240698,-0.36553657,-0.9868704,0.20262793,0.20262793,1.0,0.35240698
95.588,3.8315,9.6783,0.2122,4.0,22.0,1.399999976158142,-0.36285666,-0.9867101,0.20233887,0.20233887,1.0,0.34956673,-0.36285666,-0.9867101,0.20233887,0.20233887,1.0,0.34956673
95.638,3.8358,9.6908,0.2122,4.0,22.0,1.399999976158142,-0.3676582,-0.9870181,0.20460154,0.20460154,1.0,0.3546763,-0.3676582,-0.9870181,0.20460154,0.20460154,1.0,0.3546763
95.688,3.8459,9.7200,0.2122,4.0,22.0,1.399999976158142,-0.36526588,-0.9868342,0.20427066,0.20427066,1.0,0.35210013,-0.36526588,-0.9868342,0.20427066,0.20427066,1.0,0.35210013
95.737,3.8503,9.7326,0.2122,4.0,22.0,1.399999976158142,-0.36975148,-0.9871186,0.20647001,0.20647001,1.0,0.3568701,-0.36975148,-0.9871186,0.20647001,0.20647001,1.0,0.3568701
95.787,3.8603,9.7618,0.2122,4.0,22.0,1.399999976158142,-0.36763367,-0.9869556,0.20622815,0.20622815,1.0,0.35458925,-0.36763367,-0.9869556,0.20622815,0.20622815,1.0,0.35458925
95.838,3.8646,9.7743,0.2122,4.0,22.0,1.399999976158142,-0.37218052,-0.98724407,0.20846497,0.20846497,1.0,0.35942456,-0.37218052,-0.98724407,0.20846497,0.20846497,1.0,0.35942456
95.887,3.8747,9.8036,0.2122,4.0,22.0,1.399999976158142,-0.36999765,-0.98707706,0.20819254,0.20819254,1.0,0.35707474,-0.36999765,-0.98707706,0.20819254,0.20819254,1.0,0.35707474
95.938,3.8790,9.8161,0.2122,4.0,22.0,1.399999976158142,-0.37454873,-0.98736703,0.2104501,0.2104501,1.0,0.36191577,-0.37454873,-0.98736703,0.2104501,0.2104501,1.0,0.36191577
95.987,3.8890,9.8454,0.2122,4.0,22.0,1.399999976158142,-0.37238425,-0.98720115,0.21017817,0.21017817,1.0,0.35958543,-0.37238425,-0.98720115,0.21017817,0.21017817,1.0,0.35958543
96.038,3.8933,9.8580,0.2122,4.0,22.0,1.399999976158142,-0.37695572,-0.98749405,0.21245897,0.21245897,1.0,0.36444977,-0.37695572,-0.98749405,0.21245897,0.21245897,1.0,0.36444977
96.088,3.9033,9.8873,0.2123,4.0,22.0,1.399999976158142,-0.374779,-0.98732656,0.21217856,0.21217856,1.0,0.36210555,-0.374779,-0.98732656,0.21217856,0.21217856,1.0,0.36210555
96.148,3.9076,9.8999,0.2123,4.0,22.0,1.399999976158142,-0.3793833,-0.9876235,0.21448621,0.21448621,1.0,0.3670068,-0.3793833,-0.9876235,0.21448621,0.21448621,1.0,0.3670068
96.188,3.9175,9.9292,0.2123,4.0,22.0,1.399999976158142,-0.3771866,-0.98745364,0.2141948,0.2141948,1.0,0.36464027,-0.3771866,-0.98745364,0.2141948,0.2141948,1.0,0.36464027
96.237,3.9218,9.9418,0.2123,4.0,22.0,1.399999976158142,-0.3817329,-0.9877483,0.21650437,0.21650437,1.0,0.36948127,-0.3817329,-0.9877483,0.21650437,0.21650437,1.0,0.36948127
96.288,3.9260,9.9544,0.2124,4.0,22.0,1.399999976158142,-0.37965536,-0.98758596,0.21624394,0.21624394,1.0,0.36724132,-0.37965536,-0.98758596,0.21624394,0.21624394,1.0,0.36724132
96.338,3.9360,9.9838,0.2124,4.0,22.0,1.399999976158142,-0.38033402,-0.9876213,0.217062,0.217062,1.0,0.36795536,-0.38033402,-0.9876213,0.217062,0.217062,1.0,0.36795536
96.388,3.9402,9.9964,0.2124,4.0,22.0,1.399999976158142,-0.38260046,-0.9844357,0.19778267,0.19778267,1.0,0.36703613,-0.38260046,-0.9844357,0.19778267,0.19778267,1.0,0.36703613
96.438,3.9501,10.0258,0.2125,4.0,22.0,1.399999976158142,-0.3845868,-0.987722,0.20854518,0.20854518,1.0,0.37230876,-0.3845868,-0.987722,0.20854518,0.20854518,1.0,0.37230876
96.487,3.9600,10.0552,0.2125,4.0,22.0,1.399999976158142,-0.38935393,-0.9880947,0.21055366,0.21055366,1.0,0.37744862,-0.38935393,-0.9880947,0.21055366,0.21055366,1.0,0.37744862
96.537,3.9642,10.0678,0.2125,4.0,22.0,1.399999976158142,-0.39032134,-0.9882049,0.21165052,0.21165052,1.0,0.3785262,-0.39032134,-0.9882049,0.21165052,0.21165052,1.0,0.3785262
96.587,3.9741,10.0973,0.2125,4.0,22.0,1.399999976158142,-0.38719845,-0.9880155,0.21124047,0.21124047,1.0,0.37521392,-0.38719845,-0.9880155,0.21124047,0.21124047,1.0,0.37521392
96.638,3.9783,10.1099,0.2125,4.0,22.0,1.399999976158142,-0.3920064,-0.98835194,0.21361403,0.21361403,1.0,0.38035834,-0.3920064,-0.98835194,0.21361403,0.21361403,1.0,0.38035834
96.687,3.9881,10.1394,0.2125,4.0,22.0,1.399999976158142,-0.38966575,-0.9881567,0.21330406,0.21330406,1.0,0.3778224,-0.38966575,-0.9881567,0.21330406,0.21330406,1.0,0.3778224
96.738,3.9923,10.1521,0.2125,4.0,22.0,1.399999976158142,-0.39452857,-0.9884933,0.21572068,0.21572068,1.0,0.3830219,-0.39452857,-0.9884933,0.21572068,0.21572068,1.0,0.3830219
96.788,4.0021,10.1816,0.2125,4.0,22.0,1.399999976158142,-0.3921903,-0.98829955,0.21539664,0.21539664,1.0,0.38048983,-0.3921903,-0.98829955,0.21539664,0.21539664,1.0,0.38048983
96.837,4.0062,10.1942,0.2125,4.0,22.0,1.399999976158142,-0.39703816,-0.98863536,0.21783713,0.21783713,1.0,0.38567352,-0.39703816,-0.98863536,0.21783713,0.21783713,1.0,0.38567352
96.887,4.0160,10.2238,0.2126,4.0,22.0,1.399999976158142,-0.3947197,-0.98844343,0.2175092,0.2175092,1.0,0.38316312,-0.3947197,-0.98844343,0.2175092,0.2175092,1.0,0.38316312
96.938,4.0202,10.2365,0.2126,4.0,22.0,1.399999976158142,-0.39958158,-0.98878145,0.2199798,0.2199798,1.0,0.38836306,-0.39958158,-0.98878145,0.2199798,0.2199798,1.0,0.38836306
96.988,4.0299,10.2661,0.2126,4.0,22.0,1.399999976158142,-0.39726013,-0.988589,0.2196412,0.2196412,1.0,0.38584915,-0.39726013,-0.988589,0.2196412,0.2196412,1.0,0.38584915
97.037,4.0340,10.2788,0.2126,4.0,22.0,1.399999976158142,-0.40213698,-0.9889298,0.22214054,0.22214054,1.0,0.3910668,-0.40213698,-0.9889298,0.22214054,0.22214054,1.0,0.3910668
97.087,4.0437,10.3084,0.2126,4.0,22.0,1.399999976158142,-0.3998137,-0.9887363,0.22179304,0.22179304,1.0,0.38855,-0.3998137,-0.9887363,0.22179304,0.22179304,1.0,0.38855
97.137,4.0479,10.3211,0.2126,4.0,22.0,1.399999976158142,-0.40471077,-0.98908,0.2243221,0.2243221,1.0,0.39379078,-0.40471077,-0.98908,0.2243221,0.2243221,1.0,0.39379078
97.188,4.0520,10.3338,0.2126,4.0,22.0,1.399999976158142,-0.40237167,-0.9888846,0.22396168,0.22396168,1.0,0.39125627,-0.40237167,-0.9888846,0.22396168,0.22396168,1.0,0.39125627
97.247,4.0616,10.3635,0.2126,4.0,22.0,1.399999976158142,-0.4031437,-0.98892957,0.22484854,0.22484854,1.0,0.3920733,-0.4031437,-0.98892957,0.22484854,0.22484854,1.0,0.3920733
97.287,4.0713,10.3932,0.2126,4.0,22.0,1.399999976158142,-0.4080676,-0.98927796,0.22741695,0.22741695,1.0,0.39734557,-0.4080676,-0.98927796,0.22741695,0.22741695,1.0,0.39734557
97.339,4.0754,10.4059,0.2126,4.0,22.0,1.399999976158142,-0.40989074,-0.98938614,0.22874008,0.22874008,1.0,0.39927688,-0.40989074,-0.98938614,0.22874008,0.22874008,1.0,0.39927688
97.387,4.0849,10.4356,0.2127,4.0,22.0,1.399999976158142,-0.4079996,-0.98627794,0.20707797,0.20707797,1.0,0.39427757,-0.4079996,-0.98627794,0.20707797,0.20707797,1.0,0.39427757
97.437,4.0890,10.4484,0.2127,4.0,22.0,1.399999976158142,-0.4148043,-0.98953927,0.21998213,0.21998213,1.0,0.4043436,-0.4148043,-0.98953927,0.21998213,0.21998213,1.0,0.4043436
97.488,4.0986,10.4782,0.2127,4.0,22.0,1.399999976158142,-0.41210315,-0.9893459,0.2191978,0.2191978,1.0,0.40144905,-0.41210315,-0.9893459,0.2191978,0.2191978,1.0,0.40144905
97.538,4.1027,10.4909,0.2127,4.0,22.0,1.399999976158142,-0.4164479,-0.9897329,0.22165133,0.22165133,1.0,0.4061808,-0.4164479,-0.9897329,0.22165133,0.22165133,1.0,0.4061808
97.587,4.1122,10.5207,0.2127,4.0,22.0,1.399999976158142,-0.41322,-0.9895212,0.22116843,0.22116843,1.0,0.4027412,-0.41322,-0.9895212,0.22116843,0.22116843,1.0,0.4027412
97.637,4.1162,10.5335,0.2127,4.0,22.0,1.399999976158142,-0.4179871,-0.98990303,0.22371969,0.22371969,1.0,0.40789014,-0.4179871,-0.98990303,0.22371969,0.22371969,1.0,0.40789014
97.688,4.1257,10.5634,0.2127,4.0,22.0,1.399999976158142,-0.41553617,-0.9896857,0.2233437,0.2233437,1.0,0.40522185,-0.41553617,-0.9896857,0.2233437,0.2233437,1.0,0.40522185
97.748,4.1297,10.5762,0.2127,4.0,22.0,1.399999976158142,-0.4205542,-0.99005765,0.22595732,0.22595732,1.0,0.4106118,-0.4205542,-0.99005765,0.22595732,0.22595732,1.0,0.4106118
97.787,4.1392,10.6061,0.2127,4.0,22.0,1.399999976158142,-0.41823226,-0.9898518,0.22560996,0.22560996,1.0,0.40808403,-0.41823226,-0.9898518,0.22560996,0.22560996,1.0,0.40808403
97.838,4.1432,10.6189,0.2127,4.0,22.0,1.399999976158142,-0.4233122,-0.99022937,0.22826833,0.22826833,1.0,0.41354156,-0.4233122,-0.99022937,0.22826833,0.22826833,1.0,0.41354156
97.888,4.1526,10.6488,0.2127,4.0,22.0,1.399999976158142,-0.42086035,-0.99001306,0.22786635,0.22786635,1.0,0.4108734,-0.42086035,-0.99001306,0.22786635,0.22786635,1.0,0.4108734
97.938,4.1566,10.6616,0.2128,4.0,22.0,1.399999976158142,-0.42598537,-0.99039555,0.23057072,0.23057072,1.0,0.41638094,-0.42598537,-0.99039555,0.23057072,0.23057072,1.0,0.41638094
97.988,4.1659,10.6916,0.2128,4.0,22.0,1.399999976158142,-0.423529,-0.9901785,0.2301592,0.2301592,1.0,0.4137075,-0.423529,-0.9901785,0.2301592,0.2301592,1.0,0.4137075
98.037,4.1699,10.7045,0.2128,4.0,22.0,1.399999976158142,-0.42867768,-0.9905647,0.23289853,0.23289853,1.0,0.41924238,-0.42867768,-0.9905647,0.23289853,0.23289853,1.0,0.41924238
98.088,4.1739,10.7173,0.2128,4.0,22.0,1.399999976158142,-0.42624256,-0.9903486,0.23248146,0.23248146,1.0,0.41659114,-0.42624256,-0.9903486,0.23248146,0.23248146,1.0,0.41659114
98.137,4.1832,10.7473,0.2128,4.0,22.0,1.399999976158142,-0.42703152,-0.9903975,0.23341496,0.23341496,1.0,0.41742903,-0.42703152,-0.9903975,0.23341496,0.23341496,1.0,0.41742903
98.187,4.1925,10.7774,0.2128,4.0,22.0,1.399999976158142,-0.43221998,-0.99078923,0.23620257,0.23620257,1.0,0.42300925,-0.43221998,-0.99078923,0.23620257,0.23620257,1.0,0.42300925
98.238,4.1965,10.7903,0.2128,4.0,22.0,1.399999976158142,-0.43411738,-0.9909104,0.23761411,0.23761411,1.0,0.42502776,-0.43411738,-0.9909104,0.23761411,0.23761411,1.0,0.42502776
98.299,4.2057,10.8203,0.2129,4.0,22.0,1.399999976158142,-0.43162045,-0.990687,0.23716527,0.23716527,1.0,0.42230746,-0.43162045,-0.990687,0.23716527,0.23716527,1.0,0.42230746
98.338,4.2097,10.8333,0.2129,4.0,22.0,1.399999976158142,-0.43677974,-0.9910806,0.23998547,0.23998547,1.0,0.42786032,-0.43677974,-0.9910806,0.23998547,0.23998547,1.0,0.42786032
98.389,4.2189,10.8634,0.2129,4.0,22.0,1.399999976158142,-0.43480653,-0.9882915,0.21706781,0.21706781,1.0,0.42309803,-0.43480653,-0.9882915,0.21706781,0.21706781,1.0,0.42309803
98.437,4.2228,10.8763,0.2130,4.0,22.0,1.399999976158142,-0.44188204,-0.9912463,0.23081273,0.23081273,1.0,0.4331283,-0.44188204,-0.9912463,0.23081273,0.23081273,1.0,0.4331283
98.488,4.2319,10.9065,0.2130,4.0,22.0,1.399999976158142,-0.43947372,-0.9910533,0.23005097,0.23005097,1.0,0.43052697,-0.43947372,-0.9910533,0.23005097,0.23005097,1.0,0.43052697
98.538,4.2358,10.9194,0.2130,4.0,22.0,1.399999976158142,-0.44405532,-0.9914829,0.23272868,0.23272868,1.0,0.43553823,-0.44405532,-0.9914829,0.23272868,0.23272868,1.0,0.43553823
98.588,4.2449,10.9496,0.2130,4.0,22.0,1.399999976158142,-0.44070464,-0.9912427,0.23216707,0.23216707,1.0,0.43194735,-0.44070464,-0.9912427,0.23216707,0.23216707,1.0,0.43194735
98.638,4.2488,10.9626,0.2130,4.0,22.0,1.399999976158142,-0.4454066,-0.99167764,0.23491979,0.23491979,1.0,0.4370842,-0.4454066,-0.99167764,0.23491979,0.23491979,1.0,0.4370842
98.688,4.2579,10.9928,0.2130,4.0,22.0,1.399999976158142,-0.4428162,-0.9914331,0.23446192,0.23446192,1.0,0.4342493,-0.4428162,-0.9914331,0.23446192,0.23446192,1.0,0.4342493
98.738,4.2617,11.0058,0.2130,4.0,22.0,1.399999976158142,-0.44820064,-0.9918633,0.23736255,0.23736255,1.0,0.44006398,-0.44820064,-0.9918633,0.23736255,0.23736255,1.0,0.44006398
98.788,4.2707,11.0361,0.2130,4.0,22.0,1.399999976158142,-0.44562176,-0.99162036,0.23689392,0.23689392,1.0,0.43724215,-0.44562176,-0.99162036,0.23689392,0.23689392,1.0,0.43724215
98.838,4.2746,11.0491,0.2131,4.0,22.0,1.399999976158142,-0.4510157,-0.99205273,0.23983344,0.23983344,1.0,0.44306844,-0.4510157,-0.99205273,0.23983344,0.23983344,1.0,0.44306844
98.887,4.2784,11.0621,0.2131,4.0,22.0,1.399999976158142,-0.44842935,-0.9918083,0.239351,0.239351,1.0,0.44023767,-0.44842935,-0.9918083,0.239351,0.239351,1.0,0.44023767
98.937,4.2874,11.0925,0.2131,4.0,22.0,1.399999976158142,-0.44928885,-0.9918661,0.24034895,0.24034895,1.0,0.441155,-0.44928885,-0.9918661,0.24034895,0.24034895,1.0,0.441155
98.987,4.2963,11.1229,0.2131,4.0,22.0,1.399999976158142,-0.4547042,-0.9923012,0.24334276,0.24334276,1.0,0.44700545,-0.4547042,-0.9923012,0.24334276,0.24334276,1.0,0.44700545
99.037,4.3001,11.1359,0.2131,4.0,22.0,1.399999976158142,-0.456655,-0.9924329,0.24484198,0.24484198,1.0,0.4490879,-0.456655,-0.9924329,0.24484198,0.24484198,1.0,0.4490879
99.087,4.3090,11.1664,0.2131,4.0,22.0,1.399999976158142,-0.4540818,-0.992189,0.24433932,0.24433932,1.0,0.4462708,-0.4540818,-0.992189,0.24433932,0.24433932,1.0,0.4462708
99.139,4.3128,11.1795,0.2131,4.0,22.0,1.399999976158142,-0.45951575,-0.992628,0.24739373,0.24739373,1.0,0.4521437,-0.45951575,-0.992628,0.24739373,0.24739373,1.0,0.4521437
99.190,4.3216,11.2100,0.2132,4.0,22.0,1.399999976158142,-0.45684072,-0.9923748,0.24685337,0.24685337,1.0,0.44921547,-0.45684072,-0.9923748,0.24685337,0.24685337,1.0,0.44921547
99.239,4.3254,11.2230,0.2132,4.0,22.0,1.399999976158142,-0.46229145,-0.99281776,0.24995212,0.24995212,1.0,0.4551092,-0.46229145,-0.99281776,0.24995212,0.24995212,1.0,0.4551092
99.289,4.3342,11.2536,0.2132,4.0,22.0,1.399999976158142,-0.45980594,-0.99258024,0.24945895,0.24945895,1.0,0.4523862,-0.45980594,-0.99258024,0.24945895,0.24945895,1.0,0.4523862
99.340,4.3342,11.2536,0.2132,4.0,22.0,1.399999976158142,-0.45980594,-0.99258024,0.24945895,0.24945895,1.0,0.4523862,-0.45980594,-0.99258024,0.24945895,0.24945895,1.0,0.4523862
99.388,4.3467,11.2973,0.2133,4.0,22.0,1.399999976158142,-0.46304113,-0.9906951,0.22868268,0.22868268,1.0,0.45373625,-0.46304113,-0.9906951,0.22868268,0.22868268,1.0,0.45373625
99.438,4.3504,11.3104,0.2133,4.0,22.0,1.399999976158142,-0.47102767,-0.993241,0.24320024,0.24320024,1.0,0.46426868,-0.47102767,-0.993241,0.24320024,0.24320024,1.0,0.46426868
99.489,4.3591,11.3411,0.2133,4.0,22.0,1.399999976158142,-0.46811962,-0.9929833,0.24215275,0.24215275,1.0,0.4611029,-0.46811962,-0.9929833,0.24215275,0.24215275,1.0,0.4611029
99.537,4.3628,11.3542,0.2133,4.0,22.0,1.399999976158142,-0.4727494,-0.9934404,0.2450577,0.2450577,1.0,0.46618983,-0.4727494,-0.9934404,0.2450577,0.2450577,1.0,0.46618983
99.587,4.3714,11.3849,0.2133,4.0,22.0,1.399999976158142,-0.4696569,-0.9932043,0.2445265,0.2445265,1.0,0.46286124,-0.4696569,-0.9932043,0.2445265,0.2445265,1.0,0.46286124
99.638,4.3751,11.3981,0.2134,4.0,22.0,1.399999976158142,-0.47444013,-0.993673,0.247519,0.247519,1.0,0.46811318,-0.47444013,-0.993673,0.247519,0.247519,1.0,0.46811318
99.688,4.3837,11.4288,0.2134,4.0,22.0,1.399999976158142,-0.47140014,-0.99340373,0.24691325,0.24691325,1.0,0.46480384,-0.47140014,-0.99340373,0.24691325,0.24691325,1.0,0.46480384
99.737,4.3873,11.4420,0.2134,4.0,22.0,1.399999976158142,-0.4770793,-0.9938846,0.2501452,0.2501452,1.0,0.4709639,-0.4770793,-0.9938846,0.2501452,0.2501452,1.0,0.4709639
99.788,4.3910,11.4552,0.2134,4.0,22.0,1.399999976158142,-0.47435457,-0.9936145,0.24956182,0.24956182,1.0,0.46796903,-0.47435457,-0.9936145,0.24956182,0.24956182,1.0,0.46796903
99.837,4.3995,11.4860,0.2134,4.0,22.0,1.399999976158142,-0.4752093,-0.99367476,0.25061575,0.25061575,1.0,0.46888405,-0.4752093,-0.99367476,0.25061575,0.25061575,1.0,0.46888405
99.887,4.4080,11.5169,0.2134,4.0,22.0,1.399999976158142,-0.48085132,-0.99415237,0.25389245,0.25389245,1.0,0.4750037,-0.48085132,-0.99415237,0.25389245,0.25389245,1.0,0.4750037
99.937,4.4116,11.5301,0.2134,4.0,22.0,1.399999976158142,-0.48288822,-0.9942991,0.25551704,0.25551704,1.0,0.4771873,-0.48288822,-0.9942991,0.25551704,0.25551704,1.0,0.4771873
99.988,4.4200,11.5611,0.2134,4.0,22.0,1.399999976158142,-0.48020265,-0.99403274,0.25492126,0.25492126,1.0,0.47423536,-0.48020265,-0.99403274,0.25492126,0.25492126,1.0,0.47423536
100.037,4.4236,11.5743,0.2134,4.0,22.0,1.399999976158142,-0.48583058,-0.99451315,0.25825262,0.25825262,1.0,0.48034373,-0.48583058,-0.99451315,0.25825262,0.25825262,1.0,0.48034373
100.087,4.4320,11.6053,0.2135,4.0,22.0,1.399999976158142,-0.48315242,-0.99424607,0.25764656,0.25764656,1.0,0.4773985,-0.48315242,-0.99424607,0.25764656,0.25764656,1.0,0.4773985
100.138,4.4355,11.6186,0.2135,4.0,22.0,1.399999976158142,-0.48877817,-0.99472845,0.26101318,0.26101318,1.0,0.4835066,-0.48877817,-0.99472845,0.26101318,0.26101318,1.0,0.4835066
100.187,4.4439,11.6496,0.2135,4.0,22.0,1.399999976158142,-0.48609367,-0.99445987,0.26039508,0.26039508,1.0,0.48055354,-0.48609367,-0.99445987,0.26039508,0.26039508,1.0,0.48055354
100.237,4.4474,11.6629,0.2135,4.0,22.0,1.399999976158142,-0.49181774,-0.9949541,0.26383573,0.26383573,1.0,0.48677185,-0.49181774,-0.9949541,0.26383573,0.26383573,1.0,0.48677185
100.287,4.4557,11.6940,0.2136,4.0,22.0,1.399999976158142,-0.48906094,-0.99467736,0.26317155,0.26317155,1.0,0.48373833,-0.48906094,-0.99467736,0.26317155,0.26317155,1.0,0.48373833
100.338,4.4592,11.7073,0.2136,4.0,22.0,1.399999976158142,-0.49477753,-0.99517393,0.26664454,0.26664454,1.0,0.4899515,-0.49477753,-0.99517393,0.26664454,0.26664454,1.0,0.4899515
100.387,4.4674,11.7385,0.2137,4.0,22.0,1.399999976158142,-0.49250236,-0.99329,0.24122088,0.24122088,1.0,0.48579237,-0.49250236,-0.99329,0.24122088,0.24122088,1.0,0.48579237
100.437,4.4709,11.7519,0.2137,4.0,22.0,1.399999976158142,-0.500689,-0.99538946,0.25677878,0.25677878,1.0,0.49607852,-0.500689,-0.99538946,0.25677878,0.25677878,1.0,0.49607852
100.487,4.4744,11.7652,0.2137,4.0,22.0,1.399999976158142,-0.49793896,-0.9951243,0.25569043,0.25569043,1.0,0.4930632,-0.49793896,-0.9951243,0.25569043,0.25569043,1.0,0.4930632
100.537,4.4825,11.7964,0.2137,4.0,22.0,1.399999976158142,-0.49816325,-0.9951962,0.25668293,0.25668293,1.0,0.4933595,-0.49816325,-0.9951962,0.25668293,0.25668293,1.0,0.4933595
100.587,4.4860,11.8098,0.2137,4.0,22.0,1.399999976158142,-0.50330746,-0.995722,0.26003334,0.26003334,1.0,0.49902943,-0.50330746,-0.995722,0.26003334,0.26003334,1.0,0.49902943
100.638,4.4940,11.8411,0.2137,4.0,22.0,1.399999976158142,-0.49979448,-0.9954316,0.25926596,0.25926596,1.0,0.4952261,-0.49979448,-0.9954316,0.25926596,0.25926596,1.0,0.4952261
100.688,4.4974,11.8545,0.2138,4.0,22.0,1.399999976158142,-0.5049032,-0.99595505,0.26266018,0.26266018,1.0,0.50085825,-0.5049032,-0.99595505,0.26266018,0.26266018,1.0,0.50085825
100.737,4.5054,11.8859,0.2138,4.0,22.0,1.399999976158142,-0.50208175,-0.9956657,0.26199844,0.26199844,1.0,0.49774748,-0.50208175,-0.9956657,0.26199844,0.26199844,1.0,0.49774748
100.788,4.5134,11.9173,0.2138,4.0,22.0,1.399999976158142,-0.5079212,-0.9961899,0.2655781,0.2655781,1.0,0.5041111,-0.5079212,-0.9961899,0.2655781,0.2655781,1.0,0.5041111
100.837,4.5168,11.9307,0.2138,4.0,22.0,1.399999976158142,-0.5098914,-0.99633586,0.2672923,0.2672923,1.0,0.5062273,-0.5098914,-0.99633586,0.2672923,0.2672923,1.0,0.5062273
100.888,4.5247,11.9622,0.2138,4.0,22.0,1.399999976158142,-0.5072682,-0.99606025,0.26666847,0.26666847,1.0,0.50332844,-0.5072682,-0.99606025,0.26666847,0.26666847,1.0,0.50332844
100.948,4.5281,11.9757,0.2138,4.0,22.0,1.399999976158142,-0.5129929,-0.99657327,0.27028224,0.27028224,1.0,0.5095662,-0.5129929,-0.99657327,0.27028224,0.27028224,1.0,0.5095662
100.987,4.5359,12.0072,0.2138,4.0,22.0,1.399999976158142,-0.5102492,-0.9962869,0.2695879,0.2695879,1.0,0.5065361,-0.5102492,-0.9962869,0.2695879,0.2695879,1.0,0.5065361
101.038,4.5392,12.0207,0.2139,4.0,22.0,1.399999976158142,-0.51607084,-0.9968111,0.27329192,0.27329192,1.0,0.5128819,-0.51607084,-0.9968111,0.27329192,0.27329192,1.0,0.5128819
101.087,4.5470,12.0523,0.2139,4.0,22.0,1.399999976158142,-0.5132796,-0.9965194,0.27255818,0.27255818,1.0,0.509799,-0.5132796,-0.9965194,0.27255818,0.27255818,1.0,0.509799
101.138,4.5503,12.0659,0.2139,4.0,22.0,1.399999976158142,-0.51915413,-0.9970513,0.27632862,0.27632862,1.0,0.51620543,-0.51915413,-0.9970513,0.27632862,0.27632862,1.0,0.51620543
101.187,4.5580,12.0975,0.2140,4.0,22.0,1.399999976158142,-0.51627445,-0.99675,0.2755466,0.2755466,1.0,0.51302445,-0.51627445,-0.99675,0.2755466,0.2755466,1.0,0.51302445
101.237,4.5613,12.1111,0.2140,4.0,22.0,1.399999976158142,-0.5223188,-0.9973005,0.27943978,0.27943978,1.0,0.5196193,-0.5223188,-0.9973005,0.27943978,0.27943978,1.0,0.5196193
101.289,4.5690,12.1428,0.2140,4.0,22.0,1.399999976158142,-0.5193736,-0.9969914,0.27859566,0.27859566,1.0,0.516365,-0.5193736,-0.9969914,0.27859566,0.27859566,1.0,0.516365
101.338,4.5722,12.1564,0.2141,4.0,22.0,1.399999976158142,-0.525078,-0.9975108,0.28238416,0.28238416,1.0,0.5225888,-0.525078,-0.9975108,0.28238416,0.28238416,1.0,0.5225888
101.389,4.5755,12.1700,0.2141,4.0,22.0,1.399999976158142,-0.5224509,-0.9972323,0.2816898,0.2816898,1.0,0.51968324,-0.5224509,-0.9972323,0.2816898,0.2816898,1.0,0.51968324
101.448,4.5830,12.2018,0.2142,4.0,22.0,1.399999976158142,-0.5238927,-0.99645406,0.25891122,0.25891122,1.0,0.5203468,-0.5238927,-0.99645406,0.25891122,0.25891122,1.0,0.5203468
101.488,4.5905,12.2336,0.2142,4.0,22.0,1.399999976158142,-0.5327138,-0.9978638,0.27297884,0.27297884,1.0,0.5305776,-0.5327138,-0.9978638,0.27297884,0.27297884,1.0,0.5305776
101.537,4.5938,12.2473,0.2142,4.0,22.0,1.399999976158142,-0.53413403,-0.9980285,0.2745708,0.2745708,1.0,0.53216255,-0.53413403,-0.9980285,0.2745708,0.2745708,1.0,0.53216255
101.588,4.5969,12.2610,0.2142,4.0,22.0,1.399999976158142,-0.5306265,-0.99772495,0.27371126,0.27371126,1.0,0.52835137,-0.5306265,-0.99772495,0.27371126,0.27371126,1.0,0.52835137
101.638,4.6044,12.2929,0.2143,4.0,22.0,1.399999976158142,-0.530863,-0.99779814,0.27480343,0.27480343,1.0,0.5286612,-0.530863,-0.99779814,0.27480343,0.27480343,1.0,0.5286612
101.687,4.6117,12.3249,0.2143,4.0,22.0,1.399999976158142,-0.5361348,-0.99835646,0.27858937,0.27858937,1.0,0.53449124,-0.5361348,-0.99835646,0.27858937,0.27858937,1.0,0.53449124
101.737,4.6149,12.3386,0.2143,4.0,22.0,1.399999976158142,-0.5377627,-0.9985432,0.2804522,0.2804522,1.0,0.5363059,-0.5377627,-0.9985432,0.2804522,0.2804522,1.0,0.5363059
101.787,4.6222,12.3707,0.2143,4.0,22.0,1.399999976158142,-0.5348464,-0.9982263,0.2796154,0.2796154,1.0,0.5330727,-0.5348464,-0.9982263,0.2796154,0.2796154,1.0,0.5330727
101.838,4.6253,12.3844,0.2144,4.0,22.0,1.399999976158142,-0.54078406,-0.9987848,0.28362513,0.28362513,1.0,0.53956884,-0.54078406,-0.9987848,0.28362513,0.28362513,1.0,0.53956884
101.888,4.6325,12.4165,0.2144,4.0,22.0,1.399999976158142,-0.53792316,-0.9984734,0.28279755,0.28279755,1.0,0.5363965,-0.53792316,-0.9984734,0.28279755,0.28279755,1.0,0.5363965
101.938,4.6356,12.4303,0.2144,4.0,22.0,1.399999976158142,-0.5439242,-0.9990385,0.28690118,0.28690118,1.0,0.54296273,-0.5439242,-0.9990385,0.28690118,0.28690118,1.0,0.54296273
101.997,4.6427,12.4625,0.2144,4.0,22.0,1.399999976158142,-0.54102635,-0.9987237,0.28602558,0.28602558,1.0,0.53975004,-0.54102635,-0.9987237,0.28602558,0.28602558,1.0,0.53975004
102.047,4.6458,12.4763,0.2144,4.0,22.0,1.399999976158142,-0.546988,-0.9992855,0.2901711,0.2901711,1.0,0.5462735,-0.546988,-0.9992855,0.2901711,0.2901711,1.0,0.5462735
102.087,4.6529,12.5086,0.2144,4.0,22.0,1.399999976158142,-0.5441261,-0.99897444,0.28929082,0.28929082,1.0,0.54310054,-0.5441261,-0.99897444,0.28929082,0.28929082,1.0,0.54310054
102.137,4.6559,12.5225,0.2145,4.0,22.0,1.399999976158142,-0.5500851,-0.9995381,0.29349053,0.29349053,1.0,0.54962325,-0.5500851,-0.9995381,0.29349053,0.29349053,1.0,0.54962325
102.187,4.6629,12.5548,0.2145,4.0,22.0,1.399999976158142,-0.54723006,-0.99922717,0.2925928,0.2925928,1.0,0.54645723,-0.54723006,-0.99922717,0.2925928,0.2925928,1.0,0.54645723
102.237,4.6659,12.5687,0.2145,4.0,22.0,1.399999976158142,-0.55321735,-0.99979615,0.29686,0.29686,1.0,0.5530135,-0.55321735,-0.99979615,0.29686,0.29686,1.0,0.5530135
102.287,4.6729,12.6011,0.2146,4.0,22.0,1.399999976158142,-0.55033624,-0.99948156,0.29592845,0.29592845,1.0,0.5498178,-0.55033624,-0.99948156,0.29592845,0.29592845,1.0,0.5498178
102.337,4.6758,12.6150,0.2146,4.0,22.0,1.399999976158142,-0.5563176,-1.0,0.3002435,0.3002435,0.9999435,0.55637413,-0.5563176,-1.0,0.3002435,0.3002435,0.9999435,0.55637413
102.387,4.6827,12.6475,0.2147,4.0,22.0,1.399999976158142,-0.55346274,-0.99974036,0.29930565,0.29930565,1.0,0.5532031,-0.55346274,-0.99974036,0.29930565,0.29930565,1.0,0.5532031
102.438,4.6856,12.6615,0.2147,4.0,22.0,1.399999976158142,-0.55642825,-0.99955726,0.2759575,0.2759575,1.0,0.5559855,-0.55642825,-0.99955726,0.2759575,0.2759575,1.0,0.5559855
102.489,4.6885,12.6754,0.2147,4.0,22.0,1.399999976158142,-0.56021357,-1.0,0.28816912,0.28816912,0.9999975,0.560216,-0.56021357,-1.0,0.28816912,0.28816912,0.9999975,0.560216
102.548,4.6953,12.7080,0.2148,4.0,22.0,1.399999976158142,-0.5605596,-1.0,0.28924266,0.28924266,0.99992204,0.5606375,-0.5605596,-1.0,0.28924266,0.28924266,0.99992204,0.5606375
102.588,4.7020,12.7406,0.2148,4.0,22.0,1.399999976158142,-0.5659191,-1.0,0.2933864,0.2933864,0.9993045,0.5666146,-0.5659191,-1.0,0.2933864,0.2933864,0.9993045,0.5666146
102.638,4.7049,12.7547,0.2148,4.0,22.0,1.399999976158142,-0.56722724,-1.0,0.2952317,0.2952317,0.9991336,0.5680936,-0.56722724,-1.0,0.2952317,0.2952317,0.9991336,0.5680936
102.688,4.7077,12.7687,0.2148,4.0,22.0,1.399999976158142,-0.56384087,-1.0,0.29426786,0.29426786,0.9994626,0.56437826,-0.56384087,-1.0,0.29426786,0.29426786,0.9994626,0.56437826
102.737,4.7143,12.8014,0.2149,4.0,22.0,1.399999976158142,-0.5641006,-1.0,0.29547283,0.29547283,0.99938345,0.5647172,-0.5641006,-1.0,0.29547283,0.29547283,0.99938345,0.5647172
102.788,4.7172,12.8155,0.2149,4.0,22.0,1.399999976158142,-0.5692417,-1.0,0.29965562,0.29965562,0.99878776,0.57045394,-0.5692417,-1.0,0.29965562,0.29965562,0.99878776,0.57045394
102.838,4.7237,12.8483,0.2149,4.0,22.0,1.399999976158142,-0.5664897,-1.0,0.2987614,0.2987614,0.9991186,0.5673711,-0.5664897,-1.0,0.2987614,0.2987614,0.9991186,0.5673711
102.887,4.7302,12.8812,0.2149,4.0,22.0,1.399999976158142,-0.5721893,-1.0,0.3031138,0.3031138,0.9985273,0.573662,-0.5721893,-1.0,0.3031138,0.3031138,0.9985273,0.573662
102.937,4.7329,12.8953,0.2149,4.0,22.0,1.399999976158142,-0.57430935,-1.0,0.3052672,0.3052672,0.9983371,0.57597226,-0.57430935,-1.0,0.3052672,0.3052672,0.9983371,0.57597226
102.987,4.7393,12.9282,0.2150,4.0,22.0,1.399999976158142,-0.57156986,-1.0,0.30432954,0.30432954,0.9986665,0.5729034,-0.57156986,-1.0,0.30432954,0.30432954,0.9986665,0.5729034
103.037,4.7421,12.9423,0.2150,4.0,22.0,1.399999976158142,-0.5772544,-1.0,0.30878207,0.30878207,0.9980732,0.57918125,-0.5772544,-1.0,0.30878207,0.30878207,0.9980732,0.57918125
103.088,4.7484,12.9754,0.2150,4.0,22.0,1.399999976158142,-0.5745447,-1.0,0.30783722,0.30783722,0.99839944,0.5761453,-0.5745447,-1.0,0.30783722,0.30783722,0.99839944,0.5761453
103.137,4.7511,12.9895,0.2151,4.0,22.0,1.399999976158142,-0.5801613,-1.0,0.3123203,0.3123203,0.9978121,0.5823492,-0.5801613,-1.0,0.3123203,0.3123203,0.9978121,0.5823492
103.187,4.7573,13.0226,0.2151,4.0,22.0,1.399999976158142,-0.5775617,-1.0,0.31141233,0.31141233,0.998127,0.5794347,-0.5775617,-1.0,0.31141233,0.31141233,0.998127,0.5794347
103.237,4.7599,13.0368,0.2151,4.0,22.0,1.399999976158142,-0.5832117,-1.0,0.31597173,0.31597173,0.99753356,0.58567816,-0.5832117,-1.0,0.31597173,0.31597173,0.99753356,0.58567816
103.287,4.7661,13.0700,0.2152,4.0,22.0,1.399999976158142,-0.58050275,-1.0,0.31497762,0.31497762,0.99786127,0.5826415,-0.58050275,-1.0,0.31497762,0.31497762,0.99786127,0.5826415
103.337,4.7687,13.0842,0.2153,4.0,22.0,1.399999976158142,-0.58619183,-1.0,0.3196248,0.3196248,0.99726033,0.5889315,-0.58619183,-1.0,0.3196248,0.3196248,0.99726033,0.5889315
103.387,4.7748,13.1175,0.2153,4.0,22.0,1.399999976158142,-0.5843986,-1.0,0.28924158,0.28924158,0.9973581,0.5870405,-0.5843986,-1.0,0.28924158,0.28924158,0.9973581,0.5870405
103.437,4.7774,13.1317,0.2154,4.0,22.0,1.399999976158142,-0.5932668,-1.0,0.30845028,0.30845028,0.9969738,0.596293,-0.5932668,-1.0,0.30845028,0.30845028,0.9969738,0.596293
103.487,4.7833,13.1651,0.2154,4.0,22.0,1.399999976158142,-0.5905036,-1.0,0.30691734,0.30691734,0.99731326,0.5931903,-0.5905036,-1.0,0.30691734,0.30691734,0.99731326,0.5931903
103.537,4.7859,13.1794,0.2154,4.0,22.0,1.399999976158142,-0.5958341,-1.0,0.31133094,0.31133094,0.9967038,0.59913033,-0.5958341,-1.0,0.31133094,0.31133094,0.9967038,0.59913033
103.588,4.7917,13.2128,0.2155,4.0,22.0,1.399999976158142,-0.5924753,-1.0,0.3102153,0.3102153,0.99703795,0.59543735,-0.5924753,-1.0,0.3102153,0.3102153,0.99703795,0.59543735
103.638,4.7942,13.2271,0.2155,4.0,22.0,1.399999976158142,-0.5975621,-1.0,0.3147907,0.3147907,0.9964298,0.6011323,-0.5975621,-1.0,0.3147907,0.3147907,0.9964298,0.6011323
103.688,4.7967,13.2414,0.2155,4.0,22.0,1.399999976158142,-0.5942242,-1.0,0.313665,0.313665,0.9967658,0.5974584,-0.5942242,-1.0,0.313665,0.313665,0.9967658,0.5974584
103.737,4.8025,13.2749,0.2156,4.0,22.0,1.399999976158142,-0.5945846,-1.0,0.31503057,0.31503057,0.9966773,0.5979073,-0.5945846,-1.0,0.31503057,0.31503057,0.9966773,0.5979073
103.787,4.8049,13.2893,0.2156,4.0,22.0,1.399999976158142,-0.5996381,-1.0,0.31970263,0.31970263,0.9960698,0.60356826,-0.5996381,-1.0,0.31970263,0.31970263,0.9960698,0.60356826
103.838,4.8106,13.3229,0.2156,4.0,22.0,1.399999976158142,-0.5963356,-1.0,0.31853008,0.31853008,0.9964069,0.5999287,-0.5963356,-1.0,0.31853008,0.31853008,0.9964069,0.5999287
103.888,4.8162,13.3565,0.2156,4.0,22.0,1.399999976158142,-0.60187954,-1.0,0.32338676,0.32338676,0.9958004,0.6060792,-0.60187954,-1.0,0.32338676,0.32338676,0.9958004,0.6060792
103.937,4.8186,13.3710,0.2157,4.0,22.0,1.399999976158142,-0.60390925,-1.0,0.32574058,0.32574058,0.9956122,0.60829705,-0.60390925,-1.0,0.32574058,0.32574058,0.9956122,0.60829705
103.988,4.8241,13.4047,0.2157,4.0,22.0,1.399999976158142,-0.60127157,-1.0,0.32467216,0.32467216,0.9959401,0.6053315,-0.60127157,-1.0,0.32467216,0.32467216,0.9959401,0.6053315
104.038,4.8265,13.4191,0.2157,4.0,22.0,1.399999976158142,-0.6067759,-1.0,0.32960743,0.32960743,0.995348,0.6114279,-0.6067759,-1.0,0.32960743,0.32960743,0.995348,0.6114279
104.088,4.8319,13.4529,0.2158,4.0,22.0,1.399999976158142,-0.60420525,-1.0,0.32854939,0.32854939,0.9956662,0.60853904,-0.60420525,-1.0,0.32854939,0.32854939,0.9956662,0.60853904
104.138,4.8342,13.4674,0.2158,4.0,22.0,1.399999976158142,-0.6098077,-1.0,0.33361873,0.33361873,0.9950597,0.614748,-0.6098077,-1.0,0.33361873,0.33361873,0.9950597,0.614748
104.188,4.8395,13.5013,0.2159,4.0,22.0,1.399999976158142,-0.6070947,-1.0,0.33243778,0.33243778,0.99539477,0.61169994,-0.6070947,-1.0,0.33243778,0.33243778,0.99539477,0.61169994
104.237,4.8418,13.5158,0.2160,4.0,22.0,1.399999976158142,-0.61274856,-1.0,0.33761466,0.33761466,0.9947771,0.6179715,-0.61274856,-1.0,0.33761466,0.33761466,0.9947771,0.6179715
104.287,4.8471,13.5498,0.2161,4.0,22.0,1.399999976158142,-0.61007,-1.0,0.33642104,0.33642104,0.995109,0.61496097,-0.61007,-1.0,0.33642104,0.33642104,0.995109,0.61496097
104.338,4.8493,13.5643,0.2161,4.0,22.0,1.399999976158142,-0.6157176,-1.0,0.3416486,0.3416486,0.9944826,0.6212351,-0.6157176,-1.0,0.3416486,0.3416486,0.9944826,0.6212351
104.387,4.8545,13.5983,0.2162,4.0,22.0,1.399999976158142,-0.6138977,-1.0,0.30897212,0.30897212,0.99390316,0.6199946,-0.6138977,-1.0,0.30897212,0.30897212,0.99390316,0.6199946
104.437,4.8567,13.6129,0.2162,4.0,22.0,1.399999976158142,-0.623379,-1.0,0.33003643,0.33003643,0.99415666,0.62922233,-0.623379,-1.0,0.33003643,0.33003643,0.99415666,0.62922233
104.487,4.8617,13.6470,0.2163,4.0,22.0,1.399999976158142,-0.62050635,-1.0,0.32818764,0.32818764,0.9945301,0.6259762,-0.62050635,-1.0,0.32818764,0.32818764,0.9945301,0.6259762
104.537,4.8639,13.6616,0.2163,4.0,22.0,1.399999976158142,-0.62584734,-1.0,0.33310875,0.33310875,0.993913,0.6319344,-0.62584734,-1.0,0.33310875,0.33310875,0.993913,0.6319344
104.588,4.8660,13.6763,0.2164,4.0,22.0,1.399999976158142,-0.62255055,-1.0,0.3317953,0.3317953,0.9942524,0.62829816,-0.62255055,-1.0,0.3317953,0.3317953,0.9942524,0.62829816
104.638,4.8709,13.7105,0.2164,4.0,22.0,1.399999976158142,-0.6228168,-1.0,0.33323893,0.33323893,0.9941738,0.62864304,-0.6228168,-1.0,0.33323893,0.33323893,0.9941738,0.62864304
104.687,4.8730,13.7252,0.2165,4.0,22.0,1.399999976158142,-0.6280021,-1.0,0.33854944,0.33854944,0.99353665,0.63446546,-0.6280021,-1.0,0.33854944,0.33854944,0.99353665,0.63446546
104.738,4.8778,13.7595,0.2165,4.0,22.0,1.399999976158142,-0.6247267,-1.0,0.3371698,0.3371698,0.99388176,0.63084495,-0.6247267,-1.0,0.3371698,0.3371698,0.99388176,0.63084495
104.787,4.8826,13.7938,0.2166,4.0,22.0,1.399999976158142,-0.6297125,-1.0,0.3424501,0.3424501,0.9932642,0.6364483,-0.6297125,-1.0,0.3424501,0.3424501,0.9932642,0.6364483
104.838,4.8846,13.8085,0.2166,4.0,22.0,1.399999976158142,-0.6312243,-1.0,0.34498,0.34498,0.9930638,0.63816047,-0.6312243,-1.0,0.34498,0.34498,0.9930638,0.63816047
104.888,4.8892,13.8430,0.2166,4.0,22.0,1.399999976158142,-0.6279662,-1.0,0.3435503,0.3435503,0.99341136,0.63455486,-0.6279662,-1.0,0.3435503,0.3435503,0.99341136,0.63455486
104.937,4.8912,13.8577,0.2167,4.0,22.0,1.399999976158142,-0.6330139,-1.0,0.34899208,0.34899208,0.9928039,0.64021,-0.6330139,-1.0,0.34899208,0.34899208,0.9928039,0.64021
104.988,4.8958,13.8923,0.2167,4.0,22.0,1.399999976158142,-0.63048095,-1.0,0.34775087,0.34775087,0.99312747,0.6373535,-0.63048095,-1.0,0.34775087,0.34775087,0.99312747,0.6373535
105.037,4.8977,13.9071,0.2168,4.0,22.0,1.399999976158142,-0.63581175,-1.0,0.35328707,0.35328707,0.9925332,0.64327854,-0.63581175,-1.0,0.35328707,0.35328707,0.9925332,0.64327854
105.089,4.9022,13.9417,0.2168,4.0,22.0,1.399999976158142,-0.6333621,-1.0,0.3520702,0.3520702,0.99284565,0.6405164,-0.6333621,-1.0,0.3520702,0.3520702,0.99284565,0.6405164
105.137,4.9041,13.9565,0.2169,4.0,22.0,1.399999976158142,-0.6385978,-1.0,0.3576229,0.3576229,0.9922592,0.6463386,-0.6385978,-1.0,0.3576229,0.3576229,0.9922592,0.6463386
105.187,4.9084,13.9912,0.2170,4.0,22.0,1.399999976158142,-0.63625556,-1.0,0.35645735,0.35645735,0.99255943,0.6436961,-0.63625556,-1.0,0.35645735,0.35645735,0.99255943,0.6436961
105.237,4.9103,14.0061,0.2170,4.0,22.0,1.399999976158142,-0.64168733,-1.0,0.3622397,0.3622397,0.99194634,0.649741,-0.64168733,-1.0,0.3622397,0.3622397,0.99194634,0.649741
105.288,4.9146,14.0408,0.2171,4.0,22.0,1.399999976158142,-0.6390456,-1.0,0.36079606,0.36079606,0.99228215,0.64676344,-0.6390456,-1.0,0.36079606,0.36079606,0.99228215,0.64676344
105.338,4.9164,14.0557,0.2172,4.0,22.0,1.399999976158142,-0.64442146,-1.0,0.3666375,0.3666375,0.9916723,0.6527492,-0.64442146,-1.0,0.3666375,0.3666375,0.9916723,0.6527492
105.387,4.9182,14.0706,0.2173,4.0,22.0,1.399999976158142,-0.6428184,-1.0,0.33138144,0.33138144,0.9903474,0.652471,-0.6428184,-1.0,0.33138144,0.33138144,0.9903474,0.652471
105.438,4.9223,14.1055,0.2174,4.0,22.0,1.399999976158142,-0.6478964,-1.0,0.35041624,0.35041624,0.99186033,0.6560361,-0.6478964,-1.0,0.35041624,0.35041624,0.99186033,0.6560361
105.488,4.9241,14.1204,0.2174,4.0,22.0,1.399999976158142,-0.6532992,-1.0,0.35555342,0.35555342,0.9912901,0.6620091,-0.6532992,-1.0,0.35555342,0.35555342,0.9912901,0.6620091
105.538,4.9281,14.1554,0.2175,4.0,22.0,1.399999976158142,-0.65048575,-1.0,0.35382202,0.35382202,0.9916172,0.65886855,-0.65048575,-1.0,0.35382202,0.35382202,0.9916172,0.65886855
105.588,4.9298,14.1704,0.2175,4.0,22.0,1.399999976158142,-0.6553683,-1.0,0.359609,0.359609,0.9910113,0.664357,-0.6553683,-1.0,0.359609,0.359609,0.9910113,0.664357
105.638,4.9337,14.2054,0.2176,4.0,22.0,1.399999976158142,-0.6523264,-1.0,0.35814252,0.35814252,0.99133,0.6609964,-0.6523264,-1.0,0.35814252,0.35814252,0.99133,0.6609964
105.688,4.9376,14.2405,0.2177,4.0,22.0,1.399999976158142,-0.657218,-1.0,0.36404875,0.36404875,0.9907137,0.66650426,-0.657218,-1.0,0.36404875,0.36404875,0.9907137,0.66650426
105.737,4.9392,14.2555,0.2177,4.0,22.0,1.399999976158142,-0.6586606,-1.0,0.36682826,0.36682826,0.9905151,0.6681455,-0.6586606,-1.0,0.36682826,0.36682826,0.9905151,0.6681455
105.789,4.9429,14.2907,0.2178,4.0,22.0,1.399999976158142,-0.65564054,-1.0,0.36529213,0.36529213,0.9908439,0.66479665,-0.65564054,-1.0,0.36529213,0.36529213,0.9908439,0.66479665
105.837,4.9445,14.3058,0.2178,4.0,22.0,1.399999976158142,-0.66022736,-1.0,0.37118402,0.37118402,0.9902614,0.669966,-0.66022736,-1.0,0.37118402,0.37118402,0.9902614,0.669966
105.887,4.9482,14.3410,0.2179,4.0,22.0,1.399999976158142,-0.65747213,-1.0,0.36981124,0.36981124,0.99055886,0.6669133,-0.65747213,-1.0,0.36981124,0.36981124,0.99055886,0.6669133
105.937,4.9497,14.3562,0.2179,4.0,22.0,1.399999976158142,-0.6622164,-1.0,0.3759453,0.3759453,0.9899603,0.6722561,-0.6622164,-1.0,0.3759453,0.3759453,0.9899603,0.6722561
105.988,4.9532,14.3915,0.2180,4.0,22.0,1.399999976158142,-0.6591187,-1.0,0.3742288,0.3742288,0.9902984,0.6688203,-0.6591187,-1.0,0.3742288,0.3742288,0.9902984,0.6688203
106.037,4.9547,14.4067,0.2180,4.0,22.0,1.399999976158142,-0.6639426,-1.0,0.3804934,0.3804934,0.9897029,0.6742397,-0.6639426,-1.0,0.3804934,0.3804934,0.9897029,0.6742397
106.087,4.9581,14.4421,0.2182,4.0,22.0,1.399999976158142,-0.6615635,-1.0,0.3790151,0.3790151,0.9900098,0.67155373,-0.6615635,-1.0,0.3790151,0.3790151,0.9900098,0.67155373
106.138,4.9596,14.4573,0.2182,4.0,22.0,1.399999976158142,-0.66684604,-1.0,0.38553914,0.38553914,0.98940134,0.6774447,-0.66684604,-1.0,0.38553914,0.38553914,0.98940134,0.6774447
106.189,4.9629,14.4928,0.2183,4.0,22.0,1.399999976158142,-0.66426635,-1.0,0.38383332,0.38383332,0.98973453,0.6745318,-0.66426635,-1.0,0.38383332,0.38383332,0.98973453,0.6745318
106.238,4.9643,14.5080,0.2184,4.0,22.0,1.399999976158142,-0.6693986,-1.0,0.39033726,0.39033726,0.98914015,0.68025845,-0.6693986,-1.0,0.39033726,0.39033726,0.98914015,0.68025845
106.287,4.9657,14.5233,0.2185,4.0,22.0,1.399999976158142,-0.6670864,-1.0,0.3888522,0.3888522,0.98944217,0.67764425,-0.6670864,-1.0,0.3888522,0.3888522,0.98944217,0.67764425
106.337,4.9689,14.5589,0.2186,4.0,22.0,1.399999976158142,-0.66787064,-1.0,0.39069754,0.39069754,0.9893623,0.6785083,-0.66787064,-1.0,0.39069754,0.39069754,0.9893623,0.6785083
106.388,4.9703,14.5742,0.2187,4.0,22.0,1.399999976158142,-0.670804,-1.0,0.35714102,0.35714102,0.98677415,0.6840299,-0.670804,-1.0,0.35714102,0.35714102,0.98677415,0.6840299
106.438,4.9734,14.6098,0.2189,4.0,22.0,1.399999976158142,-0.67636085,-1.0,0.37804845,0.37804845,0.98901,0.68735087,-0.67636085,-1.0,0.37804845,0.37804845,0.98901,0.68735087
106.487,4.9764,14.6456,0.2190,4.0,22.0,1.399999976158142,-0.68157136,-1.0,0.3840006,0.3840006,0.98846996,0.6931014,-0.68157136,-1.0,0.3840006,0.3840006,0.98846996,0.6931014
106.538,4.9777,14.6609,0.2190,4.0,22.0,1.399999976158142,-0.6834482,-1.0,0.3867471,0.3867471,0.9882718,0.6951764,-0.6834482,-1.0,0.3867471,0.3867471,0.9882718,0.6951764
106.588,4.9805,14.6967,0.2191,4.0,22.0,1.399999976158142,-0.6803672,-1.0,0.38485703,0.38485703,0.9885927,0.6917744,-0.6803672,-1.0,0.38485703,0.38485703,0.9885927,0.6917744
106.638,4.9817,14.7121,0.2192,4.0,22.0,1.399999976158142,-0.6851674,-1.0,0.39166096,0.39166096,0.98798597,0.69718146,-0.6851674,-1.0,0.39166096,0.39166096,0.98798597,0.69718146
106.689,4.9845,14.7480,0.2193,4.0,22.0,1.399999976158142,-0.68217874,-1.0,0.38980043,0.38980043,0.9883067,0.69387203,-0.68217874,-1.0,0.38980043,0.38980043,0.9883067,0.69387203
106.737,4.9857,14.7634,0.2193,4.0,22.0,1.399999976158142,-0.6867428,-1.0,0.39653403,0.39653403,0.987719,0.69902384,-0.6867428,-1.0,0.39653403,0.39653403,0.987719,0.69902384
106.787,4.9883,14.7994,0.2195,4.0,22.0,1.399999976158142,-0.6840514,-1.0,0.39489815,0.39489815,0.98801243,0.69603896,-0.6840514,-1.0,0.39489815,0.39489815,0.98801243,0.69603896
106.838,4.9894,14.8148,0.2195,4.0,22.0,1.399999976158142,-0.68871605,-1.0,0.4018572,0.4018572,0.9874113,0.70130473,-0.68871605,-1.0,0.4018572,0.4018572,0.9874113,0.70130473
106.888,4.9920,14.8509,0.2196,4.0,22.0,1.399999976158142,-0.68565035,-1.0,0.3998055,0.3998055,0.9877516,0.69789875,-0.68565035,-1.0,0.3998055,0.3998055,0.9877516,0.69789875
106.937,4.9930,14.8664,0.2197,4.0,22.0,1.399999976158142,-0.6905528,-1.0,0.40717575,0.40717575,0.98711693,0.70343584,-0.6905528,-1.0,0.40717575,0.40717575,0.98711693,0.70343584
106.987,4.9955,14.9026,0.2198,4.0,22.0,1.399999976158142,-0.6874771,-1.0,0.40499473,0.40499473,0.9874617,0.7000154,-0.6874771,-1.0,0.40499473,0.40499473,0.9874617,0.7000154
107.037,4.9965,14.9181,0.2199,4.0,22.0,1.399999976158142,-0.6922004,-1.0,0.41231182,0.41231182,0.9868405,0.7053599,-0.6922004,-1.0,0.41231182,0.41231182,0.9868405,0.7053599
107.088,4.9988,14.9543,0.2200,4.0,22.0,1.399999976158142,-0.6892262,-1.0,0.410193,0.410193,0.9871764,0.7020498,-0.6892262,-1.0,0.410193,0.410193,0.9871764,0.7020498
107.138,4.9998,14.9699,0.2201,4.0,22.0,1.399999976158142,-0.6938343,-1.0,0.41754553,0.41754553,0.9865666,0.70726776,-0.6938343,-1.0,0.41754553,0.41754553,0.9865666,0.70726776
107.188,5.0007,14.9854,0.2202,4.0,22.0,1.399999976158142,-0.6912765,-1.0,0.41558477,0.41558477,0.98688626,0.7043902,-0.6912765,-1.0,0.41558477,0.41558477,0.98688626,0.7043902
107.238,5.0029,15.0218,0.2204,4.0,22.0,1.399999976158142,-0.6920296,-1.0,0.41763142,0.41763142,0.9868046,0.70522505,-0.6920296,-1.0,0.41763142,0.41763142,0.9868046,0.70522505
107.288,5.0038,15.0374,0.2205,4.0,22.0,1.399999976158142,-0.6971593,-1.0,0.42532936,0.42532936,0.9861759,0.7109834,-0.6971593,-1.0,0.42532936,0.42532936,0.9861759,0.7109834
107.338,5.0059,15.0738,0.2207,4.0,22.0,1.399999976158142,-0.6947623,-1.0,0.4233045,0.4233045,0.9864975,0.70826477,-0.6947623,-1.0,0.4233045,0.4233045,0.9864975,0.70826477
107.387,5.0079,15.1102,0.2209,4.0,22.0,1.399999976158142,-0.69780225,-1.0,0.3870923,0.3870923,0.98318404,0.7146182,-0.69780225,-1.0,0.3870923,0.3870923,0.98318404,0.7146182
107.439,5.0088,15.1259,0.2210,4.0,22.0,1.399999976158142,-0.7083969,-1.0,0.41581142,0.41581142,0.9855691,0.7228278,-0.7083969,-1.0,0.41581142,0.41581142,0.9855691,0.7228278
107.487,5.0104,15.1622,0.2206,4.0,22.0,1.399999976158142,-0.7056707,-1.0,0.4128041,0.4128041,0.98597014,0.7197006,-0.7056707,-1.0,0.4128041,0.4128041,0.98597014,0.7197006
107.538,5.0108,15.1776,0.2200,4.0,22.0,1.399999976158142,-0.7041902,-1.0,0.41974503,0.41974503,0.9878385,0.7163516,-0.7041902,-1.0,0.41974503,0.41974503,0.9878385,0.7163516
107.588,5.0118,15.2138,0.2191,4.0,22.0,1.399999976158142,-0.69858164,-1.0,0.41702732,0.41702732,0.9889842,0.7095974,-0.69858164,-1.0,0.41702732,0.41702732,0.9889842,0.7095974
107.638,5.0123,15.2294,0.2187,4.0,22.0,1.399999976158142,-0.69490045,-1.0,0.42421165,0.42421165,0.9913226,0.7035779,-0.69490045,-1.0,0.42421165,0.42421165,0.9913226,0.7035779
107.687,5.0134,15.2660,0.2180,4.0,22.0,1.399999976158142,-0.69724804,-1.0,0.42242506,0.42242506,0.98946834,0.7077797,-0.69724804,-1.0,0.42242506,0.42242506,0.98946834,0.7077797
107.737,5.0139,15.2817,0.2177,4.0,22.0,1.399999976158142,-0.6953412,-1.0,0.4301207,0.4301207,0.9912594,0.70408183,-0.6953412,-1.0,0.4301207,0.4301207,0.9912594,0.70408183
107.788,5.0150,15.3185,0.2172,4.0,22.0,1.399999976158142,-0.6963305,-1.0,0.4279472,0.4279472,0.9899244,0.70640606,-0.6963305,-1.0,0.4279472,0.4279472,0.9899244,0.70640606
107.848,5.0156,15.3342,0.2170,4.0,22.0,1.399999976158142,-0.6961278,-1.0,0.43580076,0.43580076,0.9911086,0.7050191,-0.6961278,-1.0,0.43580076,0.43580076,0.9911086,0.7050191
107.887,5.0167,15.3712,0.2167,4.0,22.0,1.399999976158142,-0.696103,-1.0,0.43356866,0.43356866,0.9902029,0.7059001,-0.696103,-1.0,0.43356866,0.43356866,0.9902029,0.7059001
107.937,5.0173,15.3870,0.2167,4.0,22.0,1.399999976158142,-0.6972344,-1.0,0.44158587,0.44158587,0.9909293,0.7063051,-0.6972344,-1.0,0.44158587,0.44158587,0.9909293,0.7063051
107.987,5.0184,15.4240,0.2168,4.0,22.0,1.399999976158142,-0.6964694,-1.0,0.4392321,0.4392321,0.9903158,0.70615363,-0.6964694,-1.0,0.4392321,0.4392321,0.9903158,0.70615363
108.037,5.0189,15.4399,0.2168,4.0,22.0,1.399999976158142,-0.69873375,-1.0,0.44733366,0.44733366,0.99063236,0.70810145,-0.69873375,-1.0,0.44733366,0.44733366,0.99063236,0.70810145
108.087,5.0201,15.4769,0.2172,4.0,22.0,1.399999976158142,-0.69738585,-1.0,0.44495654,0.44495654,0.9902669,0.7071189,-0.69738585,-1.0,0.44495654,0.44495654,0.9902669,0.7071189
108.140,5.0206,15.4928,0.2174,4.0,22.0,1.399999976158142,-0.7006867,-1.0,0.45316988,0.45316988,0.9902021,0.71048456,-0.7006867,-1.0,0.45316988,0.45316988,0.9902021,0.71048456
108.188,5.0210,15.5087,0.2176,4.0,22.0,1.399999976158142,-0.69870645,-1.0,0.45063013,0.45063013,0.9900631,0.7086434,-0.69870645,-1.0,0.45063013,0.45063013,0.9900631,0.7086434
108.238,5.0221,15.5458,0.2183,4.0,22.0,1.399999976158142,-0.6992233,-1.0,0.45303676,0.45303676,0.9899637,0.70925957,-0.6992233,-1.0,0.45303676,0.45303676,0.9899637,0.70925957
108.287,5.0225,15.5617,0.2186,4.0,22.0,1.399999976158142,-0.70363665,-1.0,0.46118385,0.46118385,0.9894603,0.71417636,-0.70363665,-1.0,0.46118385,0.46118385,0.9894603,0.71417636
108.339,5.0235,15.5987,0.2195,4.0,22.0,1.399999976158142,-0.701706,-1.0,0.4589487,0.4589487,0.9895762,0.7121298,-0.701706,-1.0,0.4589487,0.4589487,0.9895762,0.7121298
108.398,5.0239,15.6146,0.2199,4.0,22.0,1.399999976158142,-0.70613545,-1.0,0.42025468,0.42025468,0.98698133,0.7191541,-0.70613545,-1.0,0.42025468,0.42025468,0.98698133,0.7191541
108.437,5.0247,15.6516,0.2209,4.0,22.0,1.399999976158142,-0.71212304,-1.0,0.44510353,0.44510353,0.98896825,0.7231548,-0.71212304,-1.0,0.44510353,0.44510353,0.98896825,0.7231548
108.487,5.0254,15.6887,0.2219,4.0,22.0,1.399999976158142,-0.71834075,-1.0,0.45266,0.45266,0.987968,0.7303727,-0.71834075,-1.0,0.45266,0.45266,0.987968,0.7303727
108.538,5.0257,15.7045,0.2223,4.0,22.0,1.399999976158142,-0.7210707,-1.0,0.45575473,0.45575473,0.98744184,0.73362887,-0.7210707,-1.0,0.45575473,0.45575473,0.98744184,0.73362887
108.588,5.0263,15.7416,0.2233,4.0,22.0,1.399999976158142,-0.7176784,-1.0,0.45325536,0.45325536,0.9880117,0.7296667,-0.7176784,-1.0,0.45325536,0.45325536,0.9880117,0.7296667
108.637,5.0265,15.7575,0.2237,4.0,22.0,1.399999976158142,-0.7241546,-1.0,0.46199474,0.46199474,0.9866689,0.73748577,-0.7241546,-1.0,0.46199474,0.46199474,0.9866689,0.73748577
108.688,5.0270,15.7945,0.2247,4.0,22.0,1.399999976158142,-0.72055453,-1.0,0.45949605,0.45949605,0.98734516,0.7332094,-0.72055453,-1.0,0.45949605,0.45949605,0.98734516,0.7332094
108.737,5.0272,15.8104,0.2251,4.0,22.0,1.399999976158142,-0.7269535,-1.0,0.46835577,0.46835577,0.9859812,0.74097234,-0.7269535,-1.0,0.46835577,0.46835577,0.9859812,0.74097234
108.787,5.0275,15.8475,0.2260,4.0,22.0,1.399999976158142,-0.7232742,-1.0,0.4657839,0.4657839,0.98671794,0.73655623,-0.7232742,-1.0,0.4657839,0.4657839,0.98671794,0.73655623
108.838,5.0276,15.8634,0.2264,4.0,22.0,1.399999976158142,-0.7295986,-1.0,0.47494617,0.47494617,0.9853717,0.74422693,-0.7295986,-1.0,0.47494617,0.47494617,0.9853717,0.74422693
108.887,5.0278,15.9006,0.2272,4.0,22.0,1.399999976158142,-0.725877,-1.0,0.47222218,0.47222218,0.9861331,0.7397439,-0.725877,-1.0,0.47222218,0.47222218,0.9861331,0.7397439
108.938,5.0279,15.9165,0.2276,4.0,22.0,1.399999976158142,-0.7319859,-1.0,0.4816729,0.4816729,0.9848647,0.7471213,-0.7319859,-1.0,0.4816729,0.4816729,0.9848647,0.7471213
108.988,5.0280,15.9538,0.2283,4.0,22.0,1.399999976158142,-0.72832936,-1.0,0.4788255,0.4788255,0.98560715,0.7427222,-0.72832936,-1.0,0.4788255,0.4788255,0.98560715,0.7427222
109.038,5.0281,15.9697,0.2286,4.0,22.0,1.399999976158142,-0.7340363,-1.0,0.4884502,0.4884502,0.98447937,0.74955696,-0.7340363,-1.0,0.4884502,0.4884502,0.98447937,0.74955696
109.087,5.0281,16.0070,0.2293,4.0,22.0,1.399999976158142,-0.73058075,-1.0,0.48556533,0.48556533,0.98514897,0.7454318,-0.73058075,-1.0,0.48556533,0.48556533,0.98514897,0.7454318
109.139,5.0281,16.0230,0.2295,4.0,22.0,1.399999976158142,-0.73598933,-1.0,0.4954899,0.4954899,0.98414695,0.7518424,-0.73598933,-1.0,0.4954899,0.4954899,0.98414695,0.7518424
109.189,5.0281,16.0390,0.2298,4.0,22.0,1.399999976158142,-0.7325665,-1.0,0.4923599,0.4923599,0.98476684,0.7477997,-0.7325665,-1.0,0.4923599,0.4923599,0.98476684,0.7477997
109.237,5.0281,16.0764,0.2303,4.0,22.0,1.399999976158142,-0.73308593,-1.0,0.49505702,0.49505702,0.98464453,0.7484414,-0.73308593,-1.0,0.49505702,0.49505702,0.98464453,0.7484414
109.287,5.0281,16.0925,0.2305,4.0,22.0,1.399999976158142,-0.7383587,-1.0,0.5056685,0.5056685,0.9837557,0.754603,-0.7383587,-1.0,0.5056685,0.5056685,0.9837557,0.754603
109.337,5.0280,16.1299,0.2309,4.0,22.0,1.399999976158142,-0.7350358,-1.0,0.5021239,0.5021239,0.9842971,0.7507387,-0.7350358,-1.0,0.5021239,0.5021239,0.9842971,0.7507387
109.389,5.0278,16.1674,0.2313,4.0,22.0,1.399999976158142,-0.7398831,-1.0,0.5127055,0.5127055,0.9835279,0.7563553,-0.7398831,-1.0,0.5127055,0.5127055,0.9835279,0.7563553
109.448,5.0278,16.1835,0.2314,4.0,22.0,1.399999976158142,-0.74024993,-1.0,0.46388823,0.46388823,0.98037547,0.75987446,-0.74024993,-1.0,0.46388823,0.46388823,0.98037547,0.75987446
109.487,5.0275,16.2211,0.2316,4.0,22.0,1.399999976158142,-0.7468348,-1.0,0.49138963,0.49138963,0.98360735,0.76322746,-0.7468348,-1.0,0.49138963,0.49138963,0.98360735,0.76322746
109.537,5.0274,16.2372,0.2316,4.0,22.0,1.399999976158142,-0.75186867,-1.0,0.5012869,0.5012869,0.98303103,0.76883763,-0.75186867,-1.0,0.5012869,0.5012869,0.98303103,0.76883763
109.587,5.0271,16.2748,0.2317,4.0,22.0,1.399999976158142,-0.749418,-1.0,0.49713755,0.49713755,0.98339075,0.7660273,-0.749418,-1.0,0.49713755,0.49713755,0.98339075,0.7660273
109.638,5.0269,16.2910,0.2317,4.0,22.0,1.399999976158142,-0.754345,-1.0,0.50813264,0.50813264,0.98269725,0.77164775,-0.754345,-1.0,0.50813264,0.50813264,0.98269725,0.77164775
109.688,5.0264,16.3287,0.2317,4.0,22.0,1.399999976158142,-0.75147486,-1.0,0.5046429,0.5046429,0.9830447,0.7684302,-0.75147486,-1.0,0.5046429,0.5046429,0.9830447,0.7684302
109.738,5.0262,16.3449,0.2317,4.0,22.0,1.399999976158142,-0.756332,-1.0,0.5160678,0.5160678,0.98229104,0.77404094,-0.756332,-1.0,0.5160678,0.5160678,0.98229104,0.77404094
109.787,5.0256,16.3827,0.2316,4.0,22.0,1.399999976158142,-0.753561,-1.0,0.51262534,0.51262534,0.98264945,0.7709116,-0.753561,-1.0,0.51262534,0.51262534,0.98264945,0.7709116
109.837,5.0253,16.3990,0.2316,4.0,22.0,1.399999976158142,-0.75858474,-1.0,0.52448416,0.52448416,0.9818158,0.776769,-0.75858474,-1.0,0.52448416,0.52448416,0.9818158,0.776769
109.888,5.0246,16.4369,0.2315,4.0,22.0,1.399999976158142,-0.7556413,-1.0,0.5206596,0.5206596,0.9822325,0.7734088,-0.7556413,-1.0,0.5206596,0.5206596,0.9822325,0.7734088
109.938,5.0243,16.4531,0.2315,4.0,22.0,1.399999976158142,-0.76077396,-1.0,0.53288794,0.53288794,0.98133194,0.779442,-0.76077396,-1.0,0.53288794,0.53288794,0.98133194,0.779442
109.998,5.0234,16.4911,0.2314,4.0,22.0,1.399999976158142,-0.7578077,-1.0,0.5289454,0.5289454,0.98178375,0.77602386,-0.7578077,-1.0,0.5289454,0.5289454,0.98178375,0.77602386
110.038,5.0230,16.5074,0.2314,4.0,22.0,1.399999976158142,-0.76300097,-1.0,0.5414452,0.5414452,0.98082656,0.7821744,-0.76300097,-1.0,0.5414452,0.5414452,0.98082656,0.7821744
110.088,5.0226,16.5238,0.2314,4.0,22.0,1.399999976158142,-0.75997967,-1.0,0.53733975,0.53733975,0.9813165,0.7786632,-0.75997967,-1.0,0.53733975,0.53733975,0.9813165,0.7786632
110.138,5.0216,16.5619,0.2314,4.0,22.0,1.399999976158142,-0.76051825,-1.0,0.5404542,0.5404542,0.98117083,0.7793474,-0.76051825,-1.0,0.5404542,0.5404542,0.98117083,0.7793474
110.188,5.0211,16.5782,0.2314,4.0,22.0,1.399999976158142,-0.7657964,-1.0,0.55334777,0.55334777,0.9801466,0.78564984,-0.7657964,-1.0,0.55334777,0.55334777,0.9801466,0.78564984
110.237,5.0200,16.6164,0.2315,4.0,22.0,1.399999976158142,-0.7627131,-1.0,0.54901755,0.54901755,0.9806825,0.7820306,-0.7627131,-1.0,0.54901755,0.54901755,0.9806825,0.7820306
110.288,5.0187,16.6546,0.2316,4.0,22.0,1.399999976158142,-0.7680561,-1.0,0.5622955,0.5622955,0.97962713,0.788429,-0.7680561,-1.0,0.5622955,0.5622955,0.97962713,0.788429
110.339,5.0182,16.6710,0.2318,4.0,22.0,1.399999976158142,-0.76951635,-1.0,0.5676356,0.5676356,0.97932047,0.7901959,-0.76951635,-1.0,0.5676356,0.5676356,0.97932047,0.7901959
110.388,5.0168,16.7093,0.2320,4.0,22.0,1.399999976158142,-0.76578534,-1.0,0.5109252,0.5109252,0.9753429,0.7904424,-0.76578534,-1.0,0.5109252,0.5109252,0.9753429,0.7904424
110.438,5.0162,16.7258,0.2321,4.0,22.0,1.399999976158142,-0.7783467,-1.0,0.5537768,0.5537768,0.97873825,0.79960847,-0.7783467,-1.0,0.5537768,0.5537768,0.97873825,0.79960847
110.491,5.0146,16.7641,0.2324,4.0,22.0,1.399999976158142,-0.77540135,-1.0,0.5482785,0.5482785,0.97938895,0.7960124,-0.77540135,-1.0,0.5482785,0.5482785,0.97938895,0.7960124
110.538,5.0139,16.7806,0.2326,4.0,22.0,1.399999976158142,-0.7802847,-1.0,0.55976516,0.55976516,0.9786475,0.8016373,-0.7802847,-1.0,0.55976516,0.55976516,0.9786475,0.8016373
110.587,5.0122,16.8191,0.2330,4.0,22.0,1.399999976158142,-0.7781641,-1.0,0.55587816,0.55587816,0.97903395,0.79913014,-0.7781641,-1.0,0.55587816,0.55587816,0.97903395,0.79913014
110.638,5.0115,16.8356,0.2331,4.0,22.0,1.399999976158142,-0.78275776,-1.0,0.56894535,0.56894535,0.97826314,0.80449456,-0.78275776,-1.0,0.56894535,0.56894535,0.97826314,0.80449456
110.691,5.0096,16.8741,0.2336,4.0,22.0,1.399999976158142,-0.77985835,-1.0,0.564421,0.564421,0.9787121,0.80114627,-0.77985835,-1.0,0.564421,0.564421,0.9787121,0.80114627
110.742,5.0088,16.8906,0.2338,4.0,22.0,1.399999976158142,-0.7840853,-1.0,0.57736266,0.57736266,0.9780351,0.80605024,-0.7840853,-1.0,0.57736266,0.57736266,0.9780351,0.80605024
110.789,5.0068,16.9292,0.2343,4.0,22.0,1.399999976158142,-0.7815545,-1.0,0.5734881,0.5734881,0.97840804,0.80314654,-0.7815545,-1.0,0.5734881,0.5734881,0.97840804,0.80314654
110.841,5.0059,16.9458,0.2346,4.0,22.0,1.399999976158142,-0.7862285,-1.0,0.5880819,0.5880819,0.9777295,0.808499,-0.7862285,-1.0,0.5880819,0.5880819,0.9777295,0.808499
110.889,5.0050,16.9624,0.2349,4.0,22.0,1.399999976158142,-0.7831495,-1.0,0.5824993,0.5824993,0.97815245,0.804997,-0.7831495,-1.0,0.5824993,0.5824993,0.97815245,0.804997
110.941,5.0029,17.0011,0.2355,4.0,22.0,1.399999976158142,-0.7836842,-1.0,0.58627814,0.58627814,0.97806126,0.80562294,-0.7836842,-1.0,0.58627814,0.58627814,0.97806126,0.80562294
110.999,5.0006,17.0398,0.2363,4.0,22.0,1.399999976158142,-0.78730446,-1.0,0.59928477,0.59928477,0.9776113,0.8096931,-0.78730446,-1.0,0.59928477,0.59928477,0.9776113,0.8096931
111.036,5.0006,17.0398,0.2363,4.0,22.0,1.399999976158142,-0.78730446,-1.0,0.59928477,0.59928477,0.9776113,0.8096931,-0.78730446,-1.0,0.59928477,0.59928477,0.9776113,0.8096931
111.086,4.9997,17.0564,0.2366,4.0,22.0,1.399999976158142,-0.7889238,-1.0,0.6069095,0.6069095,0.97747344,0.81145036,-0.7889238,-1.0,0.6069095,0.6069095,0.97747344,0.81145036
111.138,4.9973,17.0952,0.2375,4.0,22.0,1.399999976158142,-0.78595835,-1.0,0.60087425,0.60087425,0.9777772,0.80818117,-0.78595835,-1.0,0.60087425,0.60087425,0.9777772,0.80818117
111.186,4.9963,17.1119,0.2379,4.0,22.0,1.399999976158142,-0.78993773,-1.0,0.61606276,0.61606276,0.9774238,0.81251395,-0.78993773,-1.0,0.61606276,0.61606276,0.9774238,0.81251395
111.237,4.9938,17.1507,0.2388,4.0,22.0,1.399999976158142,-0.78760237,-1.0,0.61117494,0.61117494,0.9776225,0.8099799,-0.78760237,-1.0,0.61117494,0.61117494,0.9776225,0.8099799
111.286,4.9927,17.1674,0.2393,4.0,22.0,1.399999976158142,-0.7910162,-1.0,0.62534827,0.62534827,0.97739184,0.8136244,-0.7910162,-1.0,0.62534827,0.62534827,0.97739184,0.8136244
111.338,4.9901,17.2062,0.2403,4.0,22.0,1.399999976158142,-0.788716,-1.0,0.6203443,0.6203443,0.97753567,0.81118035,-0.788716,-1.0,0.6203443,0.6203443,0.97753567,0.81118035
111.386,4.9890,17.2229,0.2408,4.0,22.0,1.399999976158142,-0.7918502,-1.0,0.6343618,0.6343618,0.9773839,0.8144663,-0.7918502,-1.0,0.6343618,0.6343618,0.9773839,0.8144663
111.436,4.9863,17.2618,0.2419,4.0,22.0,1.399999976158142,-0.7886724,-1.0,0.5700839,0.5700839,0.9717682,0.8169042,-0.7886724,-1.0,0.5700839,0.5700839,0.9717682,0.8169042
111.487,4.9823,17.3174,0.2434,4.0,22.0,1.399999976158142,-0.79700005,-1.0,0.61173964,0.61173964,0.9774196,0.81958044,-0.79700005,-1.0,0.61173964,0.61173964,0.9774196,0.81958044
111.536,4.9823,17.3174,0.2434,4.0,22.0,1.399999976158142,-0.79700005,-1.0,0.61173964,0.61173964,0.9774196,0.81958044,-0.79700005,-1.0,0.61173964,0.61173964,0.9774196,0.81958044
111.588,4.9798,17.3508,0.2443,4.0,22.0,1.399999976158142,-0.79875255,-1.0,0.6195887,0.6195887,0.97750443,0.8212481,-0.79875255,-1.0,0.6195887,0.6195887,0.97750443,0.8212481
111.641,4.9768,17.3898,0.2454,4.0,22.0,1.399999976158142,-0.7991599,-1.0,0.62365884,0.62365884,0.9775183,0.82164156,-0.7991599,-1.0,0.62365884,0.62365884,0.9775183,0.82164156
111.688,4.9768,17.3898,0.2454,4.0,22.0,1.399999976158142,-0.7991599,-1.0,0.62365884,0.62365884,0.9775183,0.82164156,-0.7991599,-1.0,0.62365884,0.62365884,0.9775183,0.82164156
111.737,4.9724,17.4454,0.2468,4.0,22.0,1.399999976158142,-0.80276495,-1.0,0.64484113,0.64484113,0.97763085,0.8251341,-0.80276495,-1.0,0.64484113,0.64484113,0.97763085,0.8251341
111.787,4.9692,17.4845,0.2478,4.0,22.0,1.399999976158142,-0.8012693,-1.0,0.64128697,0.64128697,0.97755086,0.8237184,-0.8012693,-1.0,0.64128697,0.64128697,0.97755086,0.8237184
111.840,4.9678,17.5012,0.2482,4.0,22.0,1.399999976158142,-0.8041281,-1.0,0.65644896,0.65644896,0.97764015,0.8264879,-0.8041281,-1.0,0.65644896,0.65644896,0.97764015,0.8264879
111.886,4.9678,17.5012,0.2482,4.0,22.0,1.399999976158142,-0.8041281,-1.0,0.65644896,0.65644896,0.97764015,0.8264879,-0.8041281,-1.0,0.65644896,0.65644896,0.97764015,0.8264879
111.938,4.9631,17.5570,0.2496,4.0,22.0,1.399999976158142,-0.8054535,-1.0,0.6684928,0.6684928,0.9776496,0.8278038,-0.8054535,-1.0,0.6684928,0.6684928,0.9776496,0.8278038
111.988,4.9597,17.5961,0.2506,4.0,22.0,1.399999976158142,-0.80327576,-1.0,0.66207355,0.66207355,0.97755384,0.8257219,-0.80327576,-1.0,0.66207355,0.66207355,0.97755384,0.8257219
112.038,4.9582,17.6128,0.2511,4.0,22.0,1.399999976158142,-0.80641794,-1.0,0.6791206,0.6791206,0.9776355,0.82878244,-0.80641794,-1.0,0.6791206,0.6791206,0.9776355,0.82878244
112.088,4.9547,17.6519,0.2522,4.0,22.0,1.399999976158142,-0.8044063,-1.0,0.67327887,0.67327887,0.9775534,0.82685286,-0.8044063,-1.0,0.67327887,0.67327887,0.9775534,0.82685286
112.137,4.9531,17.6687,0.2526,4.0,22.0,1.399999976158142,-0.80757964,-1.0,0.6908464,0.6908464,0.9776365,0.8299431,-0.80757964,-1.0,0.6908464,0.6908464,0.9776365,0.8299431
112.187,4.9495,17.7078,0.2537,4.0,22.0,1.399999976158142,-0.8055629,-1.0,0.684799,0.684799,0.9775575,0.82800543,-0.8055629,-1.0,0.684799,0.684799,0.9775575,0.82800543
112.238,4.9479,17.7246,0.2542,4.0,22.0,1.399999976158142,-0.808724,-1.0,0.7027246,0.7027246,0.977647,0.831077,-0.808724,-1.0,0.7027246,0.7027246,0.977647,0.831077
112.288,4.9442,17.7637,0.2554,4.0,22.0,1.399999976158142,-0.8067039,-1.0,0.6964938,0.6964938,0.9775666,0.8291374,-0.8067039,-1.0,0.6964938,0.6964938,0.9775666,0.8291374
112.337,4.9426,17.7805,0.2559,4.0,22.0,1.399999976158142,-0.809887,-1.0,0.7149471,0.7149471,0.9776721,0.8322149,-0.809887,-1.0,0.7149471,0.7149471,0.9776721,0.8322149
112.388,4.9387,17.8196,0.2572,4.0,22.0,1.399999976158142,-0.8059225,-1.0,0.6401164,0.6401164,0.97169715,0.83422536,-0.8059225,-1.0,0.6401164,0.6401164,0.97169715,0.83422536
112.437,4.9370,17.8364,0.2577,4.0,22.0,1.399999976158142,-0.81610084,-1.0,0.69670343,0.69670343,0.9776459,0.83845496,-0.81610084,-1.0,0.69670343,0.69670343,0.9776459,0.83845496
112.488,4.9354,17.8532,0.2581,4.0,22.0,1.399999976158142,-0.81427073,-1.0,0.68952584,0.68952584,0.9776531,0.83661765,-0.81427073,-1.0,0.68952584,0.68952584,0.9776531,0.83661765
112.538,4.9314,17.8923,0.2593,4.0,22.0,1.399999976158142,-0.8147875,-1.0,0.6926067,0.6926067,0.977713,0.8370745,-0.8147875,-1.0,0.6926067,0.6926067,0.977713,0.8370745
112.588,4.9273,17.9314,0.2603,4.0,22.0,1.399999976158142,-0.818107,-1.0,0.7103788,0.7103788,0.97812563,0.8399814,-0.818107,-1.0,0.7103788,0.7103788,0.97812563,0.8399814
112.637,4.9255,17.9482,0.2608,4.0,22.0,1.399999976158142,-0.8192175,-1.0,0.71781176,0.71781176,0.9782128,0.8410047,-0.8192175,-1.0,0.71781176,0.71781176,0.9782128,0.8410047
112.689,4.9213,17.9873,0.2619,4.0,22.0,1.399999976158142,-0.81731266,-1.0,0.7112339,0.7112339,0.97795635,0.8393563,-0.81731266,-1.0,0.7112339,0.7112339,0.97795635,0.8393563
112.737,4.9195,18.0041,0.2624,4.0,22.0,1.399999976158142,-0.82032365,-1.0,0.7306575,0.7306575,0.9782665,0.84205717,-0.82032365,-1.0,0.7306575,0.7306575,0.9782665,0.84205717
112.789,4.9152,18.0433,0.2636,4.0,22.0,1.399999976158142,-0.8184776,-1.0,0.72435766,0.72435766,0.9780663,0.84041125,-0.8184776,-1.0,0.72435766,0.72435766,0.9780663,0.84041125
112.838,4.9133,18.0600,0.2641,4.0,22.0,1.399999976158142,-0.8214546,-1.0,0.74410963,0.74410963,0.9783863,0.8430683,-0.8214546,-1.0,0.74410963,0.74410963,0.9783863,0.8430683
112.889,4.9089,18.0992,0.2653,4.0,22.0,1.399999976158142,-0.8195674,-1.0,0.73745495,0.73745495,0.97818345,0.84138393,-0.8195674,-1.0,0.73745495,0.73745495,0.97818345,0.84138393
112.937,4.9070,18.1160,0.2658,4.0,22.0,1.399999976158142,-0.82261896,-1.0,0.75813186,0.75813186,0.9785455,0.8440735,-0.82261896,-1.0,0.75813186,0.75813186,0.9785455,0.8440735
112.988,4.9024,18.1552,0.2671,4.0,22.0,1.399999976158142,-0.8207237,-1.0,0.7511284,0.7511284,0.9783279,0.8423958,-0.8207237,-1.0,0.7511284,0.7511284,0.9783279,0.8423958
113.039,4.9005,18.1720,0.2677,4.0,22.0,1.399999976158142,-0.8237869,-1.0,0.7723565,0.7723565,0.97872865,0.8450582,-0.8237869,-1.0,0.7723565,0.7723565,0.97872865,0.8450582
113.087,4.9005,18.1720,0.2677,4.0,22.0,1.399999976158142,-0.8237869,-1.0,0.7723565,0.7723565,0.97872865,0.8450582,-0.8237869,-1.0,0.7723565,0.7723565,0.97872865,0.8450582
113.138,4.8958,18.2112,0.2692,4.0,22.0,1.399999976158142,-0.82172644,-1.0,0.76438826,0.76438826,0.97847295,0.8432535,-0.82172644,-1.0,0.76438826,0.76438826,0.97847295,0.8432535
113.188,4.8891,18.2672,0.2715,4.0,22.0,1.399999976158142,-0.8229033,-1.0,0.7788303,0.7788303,0.9786669,0.8442364,-0.8229033,-1.0,0.7788303,0.7788303,0.9786669,0.8442364
113.238,4.8870,18.2840,0.2722,4.0,22.0,1.399999976158142,-0.8261194,-1.0,0.80186576,0.80186576,0.9791911,0.8469283,-0.8261194,-1.0,0.80186576,0.80186576,0.9791911,0.8469283
113.288,4.8849,18.3008,0.2730,4.0,22.0,1.399999976158142,-0.8240123,-1.0,0.7929978,0.7929978,0.9788744,0.8451379,-0.8240123,-1.0,0.7929978,0.7929978,0.9788744,0.8451379
113.339,4.8801,18.3400,0.2748,4.0,22.0,1.399999976158142,-0.8242284,-1.0,0.79800415,0.79800415,0.9789354,0.845293,-0.8242284,-1.0,0.79800415,0.79800415,0.9789354,0.845293
113.388,4.8751,18.3792,0.2767,4.0,22.0,1.399999976158142,-0.8229238,-1.0,0.7296817,0.7296817,0.9733469,0.84957695,-0.8229238,-1.0,0.7296817,0.7296817,0.9733469,0.84957695
113.438,4.8730,18.3959,0.2775,4.0,22.0,1.399999976158142,-0.8326734,-1.0,0.79735374,0.79735374,0.979885,0.8527884,-0.8326734,-1.0,0.79735374,0.79735374,0.979885,0.8527884
113.490,4.8680,18.4350,0.2793,4.0,22.0,1.399999976158142,-0.8307291,-1.0,0.7871501,0.7871501,0.9795272,0.85120195,-0.8307291,-1.0,0.7871501,0.7871501,0.9795272,0.85120195
113.538,4.8658,18.4518,0.2801,4.0,22.0,1.399999976158142,-0.8338323,-1.0,0.80848765,0.80848765,0.9805501,0.8532822,-0.8338323,-1.0,0.80848765,0.80848765,0.9805501,0.8532822
113.588,4.8607,18.4909,0.2821,4.0,22.0,1.399999976158142,-0.83241665,-1.0,0.7997877,0.7997877,0.980002,0.85241467,-0.83241665,-1.0,0.7997877,0.7997877,0.980002,0.85241467
113.638,4.8584,18.5076,0.2829,4.0,22.0,1.399999976158142,-0.83568746,-1.0,0.82189244,0.82189244,0.9810024,0.854685,-0.83568746,-1.0,0.82189244,0.82189244,0.9810024,0.854685
113.690,4.8532,18.5467,0.2850,4.0,22.0,1.399999976158142,-0.8338354,-1.0,0.81249744,0.81249744,0.98040336,0.85343206,-0.8338354,-1.0,0.81249744,0.81249744,0.98040336,0.85343206
113.737,4.8509,18.5634,0.2859,4.0,22.0,1.399999976158142,-0.83683693,-1.0,0.83623207,0.83623207,0.9813488,0.8554881,-0.83683693,-1.0,0.83623207,0.83623207,0.9813488,0.8554881
113.789,4.8456,18.6024,0.2882,4.0,22.0,1.399999976158142,-0.8350639,-1.0,0.8285861,0.8285861,0.9808312,0.8542326,-0.8350639,-1.0,0.8285861,0.8285861,0.9808312,0.8542326
113.840,4.8433,18.6192,0.2892,4.0,22.0,1.399999976158142,-0.8379809,-1.0,0.8520116,0.8520116,0.981764,0.8562169,-0.8379809,-1.0,0.8520116,0.8520116,0.981764,0.8562169
113.890,4.8378,18.6582,0.2916,4.0,22.0,1.399999976158142,-0.8360769,-1.0,0.8437084,0.8437084,0.98121375,0.85486317,-0.8360769,-1.0,0.8437084,0.8437084,0.98121375,0.85486317
113.940,4.8354,18.6749,0.2927,4.0,22.0,1.399999976158142,-0.8393848,-1.0,0.86972606,0.86972606,0.98231107,0.8570737,-0.8393848,-1.0,0.86972606,0.86972606,0.98231107,0.8570737
113.987,4.8354,18.6749,0.2927,4.0,22.0,1.399999976158142,-0.8393848,-1.0,0.86972606,0.86972606,0.98231107,0.8570737,-0.8393848,-1.0,0.86972606,0.86972606,0.98231107,0.8570737
114.038,4.8275,18.7307,0.2965,4.0,22.0,1.399999976158142,-0.84075916,-1.0,0.88720983,0.88720983,0.9828899,0.85786927,-0.84075916,-1.0,0.88720983,0.88720983,0.9828899,0.85786927
114.091,4.8219,18.7696,0.2994,4.0,22.0,1.399999976158142,-0.83844185,-1.0,0.8759849,0.8759849,0.9821616,0.85628027,-0.83844185,-1.0,0.8759849,0.8759849,0.9821616,0.85628027
114.138,4.8194,18.7863,0.3007,4.0,22.0,1.399999976158142,-0.84147865,-1.0,0.900794,0.900794,0.9832796,0.85819906,-0.84147865,-1.0,0.900794,0.900794,0.9832796,0.85819906
114.188,4.8137,18.8253,0.3039,4.0,22.0,1.399999976158142,-0.83977246,-1.0,0.89334303,0.89334303,0.98274744,0.857025,-0.83977246,-1.0,0.89334303,0.89334303,0.98274744,0.857025
114.238,4.8112,18.8420,0.3054,4.0,22.0,1.399999976158142,-0.8429314,-1.0,0.91893333,0.91893333,0.98400855,0.85892284,-0.8429314,-1.0,0.91893333,0.91893333,0.98400855,0.85892284
114.288,4.8087,18.8586,0.3069,4.0,22.0,1.399999976158142,-0.84084445,-1.0,0.9091241,0.9091241,0.9832865,0.85755795,-0.84084445,-1.0,0.9091241,0.9091241,0.9832865,0.85755795
114.341,4.8033,18.8973,0.3106,4.0,22.0,1.399999976158142,-0.8411165,-1.0,0.91497684,0.91497684,0.9834539,0.8576625,-0.8411165,-1.0,0.91497684,0.91497684,0.9834539,0.8576625
114.388,4.7988,18.9350,0.3149,4.0,22.0,1.399999976158142,-0.8432437,-1.0,0.83888865,0.83888865,0.97501427,0.8682294,-0.8432437,-1.0,0.83888865,0.83888865,0.97501427,0.8682294
114.438,4.7968,18.9512,0.3167,4.0,22.0,1.399999976158142,-0.9052813,-1.0,0.93692166,0.93692166,0.92073655,0.98454475,-0.9052813,-1.0,0.93692166,0.93692166,0.92073655,0.98454475
114.488,4.7918,18.9891,0.3209,4.0,22.0,1.399999976158142,-0.8787179,-1.0,0.9148303,0.9148303,0.95295477,0.92576313,-0.8787179,-1.0,0.9148303,0.9148303,0.95295477,0.92576313
114.538,4.7896,19.0054,0.3228,4.0,22.0,1.399999976158142,-0.8945547,-1.0,0.94442236,0.94442236,0.940419,0.9541356,-0.8945547,-1.0,0.94442236,0.94442236,0.940419,0.9541356
114.588,4.7842,19.0434,0.3272,4.0,22.0,1.399999976158142,-0.8829666,-1.0,0.9294185,0.9294185,0.95349413,0.92947245,-0.8829666,-1.0,0.9294185,0.9294185,0.95349413,0.92947245
114.637,4.7818,19.0598,0.3291,4.0,22.0,1.399999976158142,-0.8912094,-1.0,0.9562279,0.9562279,0.94927955,0.9419299,-0.8912094,-1.0,0.9562279,0.9562279,0.94927955,0.9419299
114.688,4.7761,19.0980,0.3337,4.0,22.0,1.399999976158142,-0.8848947,-1.0,0.94311166,0.94311166,0.955125,0.92976975,-0.8848947,-1.0,0.94311166,0.94311166,0.955125,0.92976975
114.738,4.7736,19.1144,0.3357,4.0,22.0,1.399999976158142,-0.8885616,-1.0,0.9693266,0.9693266,0.9560915,0.9324701,-0.8885616,-1.0,0.9693266,0.9693266,0.9560915,0.9324701
114.788,4.7675,19.1527,0.3406,4.0,22.0,1.399999976158142,-0.885055,-1.0,0.95895475,0.95895475,0.95749813,0.9275569,-0.885055,-1.0,0.95895475,0.95895475,0.95749813,0.9275569
114.838,4.7649,19.1691,0.3427,4.0,22.0,1.399999976158142,-0.886359,-1.0,0.9856061,0.9856061,0.9614409,0.92491806,-0.886359,-1.0,0.9856061,0.9856061,0.9614409,0.92491806
114.887,4.7586,19.2076,0.3479,4.0,22.0,1.399999976158142,-0.8844806,-1.0,0.97551274,0.97551274,0.9602527,0.92422795,-0.8844806,-1.0,0.97551274,0.97551274,0.9602527,0.92422795
114.938,4.7558,19.2241,0.3502,4.0,22.0,1.399999976158142,-0.88290656,-0.99786013,1.0,1.0,0.96367985,0.9170869,-0.88290656,-0.99786013,1.0,1.0,0.96367985,0.9170869
114.988,4.7493,19.2627,0.3557,4.0,22.0,1.399999976158142,-0.88373625,-1.0,0.99218076,0.99218076,0.9631029,0.92063344,-0.88373625,-1.0,0.99218076,0.99218076,0.9631029,0.92063344
115.038,4.7465,19.2792,0.3582,4.0,22.0,1.399999976158142,-0.8674357,-0.9813913,1.0,1.0,0.95114326,0.89768374,-0.8674357,-0.9813913,1.0,1.0,0.95114326,0.89768374
115.088,4.7436,19.2957,0.3607,4.0,22.0,1.399999976158142,-0.8751045,-0.99091715,1.0,1.0,0.9571098,0.90891176,-0.8751045,-0.99091715,1.0,1.0,0.9571098,0.90891176
115.141,4.7369,19.3343,0.3667,4.0,22.0,1.399999976158142,-0.8697582,-0.9850326,1.0,1.0,0.95210296,0.90268785,-0.8697582,-0.9850326,1.0,1.0,0.95210296,0.90268785
115.188,4.7301,19.3727,0.3730,4.0,22.0,1.399999976158142,-0.8485993,-0.96066684,1.0,1.0,0.9341081,0.875158,-0.8485993,-0.96066684,1.0,1.0,0.9341081,0.875158
115.242,4.7272,19.3891,0.3757,4.0,22.0,1.399999976158142,-0.8366417,-0.9468132,1.0,1.0,0.92336464,0.86009026,-0.8366417,-0.9468132,1.0,1.0,0.92336464,0.86009026
115.290,4.7204,19.4273,0.3823,4.0,22.0,1.399999976158142,-0.8464406,-0.9589741,1.0,1.0,0.9306772,0.8747376,-0.8464406,-0.9589741,1.0,1.0,0.9306772,0.8747376
115.337,4.7174,19.4435,0.3852,4.0,22.0,1.399999976158142,-0.8242804,-0.9317915,1.0,1.0,0.90949893,0.84657294,-0.8242804,-0.9317915,1.0,1.0,0.90949893,0.84657294
115.387,4.7105,19.4814,0.3921,4.0,22.0,1.399999976158142,-0.87665105,-1.0,0.95783526,0.95783526,0.9621588,0.91449225,-0.87665105,-1.0,0.95783526,0.95783526,0.9621588,0.91449225
115.437,4.7075,19.4975,0.3951,4.0,22.0,1.399999976158142,-0.84874403,-0.9564998,1.0,1.0,0.93464833,0.8705956,-0.84874403,-0.9564998,1.0,1.0,0.93464833,0.8705956
115.487,4.7005,19.5352,0.4021,4.0,22.0,1.399999976158142,-0.8567868,-0.96729106,1.0,1.0,0.94267803,0.88139975,-0.8567868,-0.96729106,1.0,1.0,0.94267803,0.88139975
115.537,4.6975,19.5512,0.4051,4.0,22.0,1.399999976158142,-0.8383774,-0.94344294,1.0,1.0,0.92396325,0.8578571,-0.8383774,-0.94344294,1.0,1.0,0.92396325,0.8578571
115.588,4.6904,19.5886,0.4124,4.0,22.0,1.399999976158142,-0.84665126,-0.95435435,1.0,1.0,0.93165874,0.86934686,-0.84665126,-0.95435435,1.0,1.0,0.93165874,0.86934686
115.638,4.6874,19.6046,0.4155,4.0,22.0,1.399999976158142,-0.8290895,-0.93080676,1.0,1.0,0.9123066,0.8475897,-0.8290895,-0.93080676,1.0,1.0,0.9123066,0.8475897
115.687,4.6803,19.6416,0.4230,4.0,22.0,1.399999976158142,-0.83702064,-0.9416518,1.0,1.0,0.9204877,0.8581848,-0.83702064,-0.9416518,1.0,1.0,0.9204877,0.8581848
115.738,4.6772,19.6574,0.4263,4.0,22.0,1.399999976158142,-0.82031417,-0.9186082,1.0,1.0,0.9008503,0.83807206,-0.82031417,-0.9186082,1.0,1.0,0.9008503,0.83807206
115.787,4.6700,19.6941,0.4340,4.0,22.0,1.399999976158142,-0.82763374,-0.92901504,1.0,1.0,0.90909547,0.8475533,-0.82763374,-0.92901504,1.0,1.0,0.90909547,0.8475533
115.837,4.6669,19.7097,0.4374,4.0,22.0,1.399999976158142,-0.8098894,-0.90463924,1.0,1.0,0.8875154,0.8270132,-0.8098894,-0.90463924,1.0,1.0,0.8875154,0.8270132
115.888,4.6638,19.7253,0.4408,4.0,22.0,1.399999976158142,-0.81563586,-0.9136683,1.0,1.0,0.89475524,0.8345489,-0.81563586,-0.9136683,1.0,1.0,0.89475524,0.8345489
115.937,4.6566,19.7614,0.4489,4.0,22.0,1.399999976158142,-0.811252,-0.90820986,1.0,1.0,0.88953835,0.8299235,-0.811252,-0.90820986,1.0,1.0,0.88953835,0.8299235
115.987,4.6494,19.7972,0.4571,4.0,22.0,1.399999976158142,-0.794506,-0.8847987,1.0,1.0,0.86832786,0.81097686,-0.794506,-0.8847987,1.0,1.0,0.86832786,0.81097686
116.037,4.6462,19.8124,0.4607,4.0,22.0,1.399999976158142,-0.78774047,-0.87565595,1.0,1.0,0.85948706,0.80390936,-0.78774047,-0.87565595,1.0,1.0,0.85948706,0.80390936
116.087,4.6390,19.8477,0.4693,4.0,22.0,1.399999976158142,-0.7929864,-0.88422275,1.0,1.0,0.8667796,0.8104295,-0.7929864,-0.88422275,1.0,1.0,0.8667796,0.8104295
116.137,4.6358,19.8627,0.4730,4.0,22.0,1.399999976158142,-0.77753687,-0.86209065,1.0,1.0,0.8460496,0.79357785,-0.77753687,-0.86209065,1.0,1.0,0.8460496,0.79357785
116.187,4.6286,19.8975,0.4818,4.0,22.0,1.399999976158142,-0.78242916,-0.8703206,1.0,1.0,0.85338724,0.7993625,-0.78242916,-0.8703206,1.0,1.0,0.85338724,0.7993625
116.238,4.6254,19.9123,0.4857,4.0,22.0,1.399999976158142,-0.7676165,-0.8488891,1.0,1.0,0.8330966,0.78340906,-0.7676165,-0.8488891,1.0,1.0,0.8330966,0.78340906
116.288,4.6181,19.9465,0.4948,4.0,22.0,1.399999976158142,-0.77230823,-0.85690933,1.0,1.0,0.84039557,0.788822,-0.77230823,-0.85690933,1.0,1.0,0.84039557,0.788822
116.340,4.6150,19.9611,0.4988,4.0,22.0,1.399999976158142,-0.7581705,-0.8362654,1.0,1.0,0.82067424,0.77376163,-0.7581705,-0.8362654,1.0,1.0,0.82067424,0.77376163
116.388,4.6077,19.9949,0.5081,4.0,22.0,1.399999976158142,-0.8366645,-0.93143123,1.0,1.0,0.908514,0.85958177,-0.8366645,-0.93143123,1.0,1.0,0.908514,0.85958177
116.440,4.6045,20.0093,0.5122,4.0,22.0,1.399999976158142,-0.7803553,-0.8562162,1.0,1.0,0.8403465,0.79622495,-0.7803553,-0.8562162,1.0,1.0,0.8403465,0.79622495
116.488,4.5971,20.0429,0.5217,4.0,22.0,1.399999976158142,-0.78646857,-0.8661959,1.0,1.0,0.8499231,0.8027414,-0.78646857,-0.8661959,1.0,1.0,0.8499231,0.8027414
116.538,4.5940,20.0572,0.5259,4.0,22.0,1.399999976158142,-0.77389294,-0.8467684,1.0,1.0,0.8318609,0.7888004,-0.77389294,-0.8467684,1.0,1.0,0.8318609,0.7888004
116.587,4.5865,20.0904,0.5357,4.0,22.0,1.399999976158142,-0.779827,-0.8562588,1.0,1.0,0.84046763,0.7956182,-0.779827,-0.8562588,1.0,1.0,0.84046763,0.7956182
116.638,4.5833,20.1045,0.5400,4.0,22.0,1.399999976158142,-0.76865417,-0.8387999,1.0,1.0,0.8239795,0.78347456,-0.76865417,-0.8387999,1.0,1.0,0.8239795,0.78347456
116.688,4.5759,20.1373,0.5501,4.0,22.0,1.399999976158142,-0.77380806,-0.84716016,1.0,1.0,0.8317029,0.78926533,-0.77380806,-0.84716016,1.0,1.0,0.8317029,0.78926533
116.738,4.5726,20.1512,0.5544,4.0,22.0,1.399999976158142,-0.763157,-0.8302979,1.0,1.0,0.8156136,0.77784127,-0.763157,-0.8302979,1.0,1.0,0.8156136,0.77784127
116.787,4.5694,20.1651,0.5588,4.0,22.0,1.399999976158142,-0.76806897,-0.8383605,1.0,1.0,0.8231773,0.7832522,-0.76806897,-0.8383605,1.0,1.0,0.8231773,0.7832522
116.837,4.5619,20.1974,0.5693,4.0,22.0,1.399999976158142,-0.7662109,-0.835576,1.0,1.0,0.8204591,0.7813278,-0.7662109,-0.835576,1.0,1.0,0.8204591,0.7813278
116.887,4.5544,20.2294,0.5799,4.0,22.0,1.399999976158142,-0.7565927,-0.82008237,1.0,1.0,0.80555195,0.7711232,-0.7565927,-0.82008237,1.0,1.0,0.80555195,0.7711232
116.938,4.5512,20.2430,0.5845,4.0,22.0,1.399999976158142,-0.7520424,-0.8136025,1.0,1.0,0.79914963,0.7664953,-0.7520424,-0.8136025,1.0,1.0,0.79914963,0.7664953
116.987,4.5436,20.2746,0.5955,4.0,22.0,1.399999976158142,-0.75486326,-0.8193656,1.0,1.0,0.8045595,0.76966935,-0.75486326,-0.8193656,1.0,1.0,0.8045595,0.76966935
117.037,4.5404,20.2880,0.6002,4.0,22.0,1.399999976158142,-0.7448356,-0.80373603,1.0,1.0,0.7892486,0.7593231,-0.7448356,-0.80373603,1.0,1.0,0.7892486,0.7593231
117.087,4.5328,20.3192,0.6114,4.0,22.0,1.399999976158142,-0.7473889,-0.80913186,1.0,1.0,0.79443336,0.76208746,-0.7473889,-0.80913186,1.0,1.0,0.79443336,0.76208746
117.138,4.5296,20.3324,0.6163,4.0,22.0,1.399999976158142,-0.73807997,-0.7944335,1.0,1.0,0.7799532,0.75256026,-0.73807997,-0.7944335,1.0,1.0,0.7799532,0.75256026
117.187,4.5220,20.3632,0.6278,4.0,22.0,1.399999976158142,-0.740369,-0.7994873,1.0,1.0,0.7848584,0.75499797,-0.740369,-0.7994873,1.0,1.0,0.7848584,0.75499797
117.237,4.5188,20.3762,0.6328,4.0,22.0,1.399999976158142,-0.7316584,-0.78547055,1.0,1.0,0.7709811,0.7461479,-0.7316584,-0.78547055,1.0,1.0,0.7709811,0.7461479
117.288,4.5112,20.4065,0.6446,4.0,22.0,1.399999976158142,-0.733754,-0.7902855,1.0,1.0,0.7756972,0.74834234,-0.733754,-0.7902855,1.0,1.0,0.7756972,0.74834234
117.337,4.5080,20.4194,0.6497,4.0,22.0,1.399999976158142,-0.72592777,-0.77746004,1.0,1.0,0.76293784,0.74044997,-0.72592777,-0.77746004,1.0,1.0,0.76293784,0.74044997
117.387,4.5004,20.4494,0.6618,4.0,22.0,1.399999976158142,-0.79640967,-0.8610052,1.0,1.0,0.8406648,0.81675005,-0.79640967,-0.8610052,1.0,1.0,0.8406648,0.81675005
117.437,4.4971,20.4622,0.6669,4.0,22.0,1.399999976158142,-0.74898905,-0.79887533,1.0,1.0,0.7837993,0.7640651,-0.74898905,-0.79887533,1.0,1.0,0.7837993,0.7640651
117.487,4.4895,20.4920,0.6792,4.0,22.0,1.399999976158142,-0.75108856,-0.8035293,1.0,1.0,0.7886188,0.7659991,-0.75108856,-0.8035293,1.0,1.0,0.7886188,0.7659991
117.537,4.4862,20.5047,0.6845,4.0,22.0,1.399999976158142,-0.7463394,-0.79374105,1.0,1.0,0.77945393,0.76062655,-0.7463394,-0.79374105,1.0,1.0,0.77945393,0.76062655
117.587,4.4829,20.5173,0.6898,4.0,22.0,1.399999976158142,-0.74847335,-0.79849285,1.0,1.0,0.78378844,0.76317775,-0.74847335,-0.79849285,1.0,1.0,0.78378844,0.76317775
117.638,4.4752,20.5467,0.7024,4.0,22.0,1.399999976158142,-0.7444676,-0.7896373,1.0,1.0,0.7753711,0.75873387,-0.7444676,-0.7896373,1.0,1.0,0.7753711,0.75873387
117.688,4.4719,20.5593,0.7078,4.0,22.0,1.399999976158142,-0.7462449,-0.7938979,1.0,1.0,0.7793236,0.76081926,-0.7462449,-0.7938979,1.0,1.0,0.7793236,0.76081926
117.738,4.4642,20.5884,0.7207,4.0,22.0,1.399999976158142,-0.7454496,-0.7924083,1.0,1.0,0.77786463,0.7599932,-0.7454496,-0.7924083,1.0,1.0,0.77786463,0.7599932
117.788,4.4564,20.6173,0.7336,4.0,22.0,1.399999976158142,-0.7423763,-0.78463066,1.0,1.0,0.77040994,0.75659704,-0.7423763,-0.78463066,1.0,1.0,0.77040994,0.75659704
117.848,4.4531,20.6297,0.7392,4.0,22.0,1.399999976158142,-0.7419078,-0.78265625,1.0,1.0,0.7684518,0.7561122,-0.7419078,-0.78265625,1.0,1.0,0.7684518,0.7561122
117.887,4.4453,20.6583,0.7524,4.0,22.0,1.399999976158142,-0.7430653,-0.7862469,1.0,1.0,0.77182794,0.75748426,-0.7430653,-0.7862469,1.0,1.0,0.77182794,0.75748426
117.938,4.4420,20.6705,0.7582,4.0,22.0,1.399999976158142,-0.7413459,-0.78005743,1.0,1.0,0.7657867,0.75561666,-0.7413459,-0.78005743,1.0,1.0,0.7657867,0.75561666
117.988,4.4342,20.6989,0.7716,4.0,22.0,1.399999976158142,-0.7421215,-0.78316903,1.0,1.0,0.7687856,0.75650495,-0.7421215,-0.78316903,1.0,1.0,0.7687856,0.75650495
118.037,4.4308,20.7110,0.7774,4.0,22.0,1.399999976158142,-0.74122864,-0.7779609,1.0,1.0,0.76368374,0.7555058,-0.74122864,-0.7779609,1.0,1.0,0.76368374,0.7555058
118.087,4.4230,20.7392,0.7910,4.0,22.0,1.399999976158142,-0.740568,-0.77954453,1.0,1.0,0.76518637,0.7549262,-0.740568,-0.77954453,1.0,1.0,0.76518637,0.7549262
118.137,4.4196,20.7512,0.7969,4.0,22.0,1.399999976158142,-0.73898894,-0.7737907,1.0,1.0,0.7595118,0.7532678,-0.73898894,-0.7737907,1.0,1.0,0.7595118,0.7532678
118.187,4.4117,20.7790,0.8108,4.0,22.0,1.399999976158142,-0.7376543,-0.77464473,1.0,1.0,0.76030207,0.751997,-0.7376543,-0.77464473,1.0,1.0,0.76030207,0.751997
118.239,4.4083,20.7909,0.8168,4.0,22.0,1.399999976158142,-0.736822,-0.7697574,1.0,1.0,0.75547236,0.75110704,-0.736822,-0.7697574,1.0,1.0,0.75547236,0.75110704
118.287,4.4004,20.8185,0.8308,4.0,22.0,1.399999976158142,-0.73511523,-0.7702343,1.0,1.0,0.75589657,0.749453,-0.73511523,-0.7702343,1.0,1.0,0.75589657,0.749453
118.337,4.3970,20.8303,0.8369,4.0,22.0,1.399999976158142,-0.73518753,-0.7661778,1.0,1.0,0.75188494,0.7494803,-0.73518753,-0.7661778,1.0,1.0,0.75188494,0.7494803
118.387,4.3891,20.8578,0.8511,4.0,22.0,1.399999976158142,-0.80076,-0.8428757,1.0,1.0,0.8226279,0.8210078,-0.80076,-0.8428757,1.0,1.0,0.8226279,0.8210078
118.437,4.3856,20.8696,0.8572,4.0,22.0,1.399999976158142,-0.7598306,-0.7895453,1.0,1.0,0.7747934,0.77458256,-0.7598306,-0.7895453,1.0,1.0,0.7747934,0.77458256
118.487,4.3776,20.8971,0.8716,4.0,22.0,1.399999976158142,-0.7577103,-0.7895055,1.0,1.0,0.7749535,0.7722623,-0.7577103,-0.7895055,1.0,1.0,0.7749535,0.7722623
118.538,4.3741,20.9088,0.8777,4.0,22.0,1.399999976158142,-0.7619863,-0.78948987,1.0,1.0,0.7758171,0.77565914,-0.7619863,-0.78948987,1.0,1.0,0.7758171,0.77565914
118.587,4.3706,20.9206,0.8839,4.0,22.0,1.399999976158142,-0.75972134,-0.789623,1.0,1.0,0.7753179,0.7740264,-0.75972134,-0.789623,1.0,1.0,0.7753179,0.7740264
118.638,4.3625,20.9479,0.8985,4.0,22.0,1.399999976158142,-0.7602757,-0.78953546,1.0,1.0,0.77528274,0.77452844,-0.7602757,-0.78953546,1.0,1.0,0.77528274,0.77452844
118.688,4.3542,20.9752,0.9131,4.0,22.0,1.399999976158142,-0.7656666,-0.79083467,1.0,1.0,0.7771959,0.7793054,-0.7656666,-0.79083467,1.0,1.0,0.7771959,0.7793054
118.738,4.3507,20.9869,0.9194,4.0,22.0,1.399999976158142,-0.76855105,-0.7924275,1.0,1.0,0.7787869,0.78219163,-0.76855105,-0.7924275,1.0,1.0,0.7787869,0.78219163
118.788,4.3424,21.0141,0.9342,4.0,22.0,1.399999976158142,-0.7653567,-0.79155475,1.0,1.0,0.77747285,0.7794386,-0.7653567,-0.79155475,1.0,1.0,0.77747285,0.7794386
118.838,4.3388,21.0257,0.9405,4.0,22.0,1.399999976158142,-0.77083653,-0.7930442,0.9977795,0.9977795,0.7792843,0.78459644,-0.77083653,-0.7930442,0.9977795,0.9977795,0.7792843,0.78459644
118.898,4.3305,21.0529,0.9554,4.0,22.0,1.399999976158142,-0.7689544,-0.79339343,1.0,1.0,0.77935064,0.7829972,-0.7689544,-0.79339343,1.0,1.0,0.77935064,0.7829972
118.937,4.3269,21.0645,0.9618,4.0,22.0,1.399999976158142,-0.7429412,-0.7626352,0.9559218,0.9559218,0.749424,0.7561524,-0.7429412,-0.7626352,0.9559218,0.9559218,0.749424,0.7561524
118.987,4.3184,21.0915,0.9767,4.0,22.0,1.399999976158142,-0.7721926,-0.794901,0.99887776,0.99887776,0.7808943,0.7861994,-0.7721926,-0.794901,0.99887776,0.99887776,0.7808943,0.7861994
119.038,4.3148,21.1030,0.9831,4.0,22.0,1.399999976158142,-0.714706,-0.7320229,0.91364163,0.91364163,0.719352,0.7273769,-0.714706,-0.7320229,0.91364163,0.91364163,0.719352,0.7273769
119.087,4.3064,21.1297,0.9979,4.0,22.0,1.399999976158142,-0.74430746,-0.764482,0.95724463,0.95724463,0.7510519,0.7577376,-0.74430746,-0.764482,0.95724463,0.95724463,0.7510519,0.7577376
119.138,4.3028,21.1411,1.0042,4.0,22.0,1.399999976158142,-0.68725896,-0.7024303,0.87285566,0.87285566,0.6902538,0.6994355,-0.68725896,-0.7024303,0.87285566,0.87285566,0.6902538,0.6994355
119.189,4.2944,21.1673,1.0187,4.0,22.0,1.399999976158142,-0.71714264,-0.7350116,0.9169217,0.9169217,0.72210246,0.73005176,-0.71714264,-0.7350116,0.9169217,0.9169217,0.72210246,0.73005176
119.237,4.2908,21.1785,1.0248,4.0,22.0,1.399999976158142,-0.6613279,-0.67461544,0.8349773,0.8349773,0.6628608,0.6730825,-0.6613279,-0.67461544,0.8349773,0.8349773,0.6628608,0.6730825
119.287,4.2826,21.2042,1.0389,4.0,22.0,1.399999976158142,-0.6885095,-0.7041042,0.8748969,0.8748969,0.6917162,0.7008976,-0.6885095,-0.7041042,0.8748969,0.8748969,0.6917162,0.7008976
119.337,4.2791,21.2150,1.0448,4.0,22.0,1.399999976158142,-0.6346799,-0.6461433,0.79684615,0.79684615,0.6348025,0.6460207,-0.6346799,-0.6461433,0.79684615,0.79684615,0.6348025,0.6460207
119.388,4.2708,21.2404,1.0585,4.0,22.0,1.399999976158142,-0.8665726,-0.8907104,1.0,1.0,0.8701581,0.88712496,-0.8665726,-0.8907104,1.0,1.0,0.8701581,0.88712496
119.448,4.2673,21.2513,1.0643,4.0,22.0,1.399999976158142,-0.57797205,-0.5868768,0.7059796,0.7059796,0.57670265,0.5881462,-0.57797205,-0.5868768,0.7059796,0.7059796,0.57670265,0.5881462
119.488,4.2637,21.2622,1.0700,4.0,22.0,1.399999976158142,-0.6054231,-0.6161962,0.7455479,0.7455479,0.6057944,0.6158248,-0.6054231,-0.6161962,0.7455479,0.7455479,0.6057944,0.6158248
119.538,4.2556,21.2869,1.0829,4.0,22.0,1.399999976158142,-0.59822583,-0.60843784,0.7358997,0.7358997,0.59825855,0.6084051,-0.59822583,-0.60843784,0.7358997,0.7358997,0.59825855,0.6084051
119.588,4.2477,21.3109,1.0952,4.0,22.0,1.399999976158142,-0.54518247,-0.55133045,0.6631796,0.6631796,0.5430341,0.55347884,-0.54518247,-0.55133045,0.6631796,0.6631796,0.5430341,0.55347884
119.638,4.2444,21.3210,1.1002,4.0,22.0,1.399999976158142,-0.5282504,-0.53358144,0.6418745,0.6418745,0.5252811,0.53655076,-0.5282504,-0.53358144,0.6418745,0.6418745,0.5252811,0.53655076
119.687,4.2368,21.3440,1.1116,4.0,22.0,1.399999976158142,-0.55549586,-0.56296,0.67934054,0.67934054,0.5535692,0.5648867,-0.55549586,-0.56296,0.67934054,0.67934054,0.5535692,0.5648867
119.737,4.2336,21.3536,1.1162,4.0,22.0,1.399999976158142,-0.5044533,-0.5087243,0.6137804,0.6137804,0.500305,0.5128725,-0.5044533,-0.5087243,0.6137804,0.6137804,0.500305,0.5128725
119.787,4.2262,21.3757,1.1267,4.0,22.0,1.399999976158142,-0.53141737,-0.5374988,0.6494486,0.6494486,0.5283784,0.5405377,-0.53141737,-0.5374988,0.6494486,0.6494486,0.5283784,0.5405377
119.838,4.2231,21.3849,1.1310,4.0,22.0,1.399999976158142,-0.48393023,-0.4873148,0.5911097,0.5911097,0.47886714,0.49237785,-0.48393023,-0.4873148,0.5911097,0.5911097,0.47886714,0.49237785
119.887,4.2161,21.4060,1.1406,4.0,22.0,1.399999976158142,-0.5086385,-0.51350576,0.6226211,0.6226211,0.5045842,0.5175601,-0.5086385,-0.51350576,0.6226211,0.6226211,0.5045842,0.5175601
119.937,4.2131,21.4149,1.1445,4.0,22.0,1.399999976158142,-0.4628227,-0.4653098,0.5690214,0.5690214,0.45688796,0.4712445,-0.4628227,-0.4653098,0.5690214,0.5690214,0.45688796,0.4712445
119.987,4.2063,21.4351,1.1533,4.0,22.0,1.399999976158142,-0.48673,-0.49051195,0.5982557,0.5982557,0.48174265,0.4954993,-0.48673,-0.49051195,0.5982557,0.5982557,0.48174265,0.4954993
120.037,4.2034,21.4437,1.1569,4.0,22.0,1.399999976158142,-0.44262093,-0.44430238,0.5493804,0.5493804,0.43590596,0.45101735,-0.44262093,-0.44430238,0.5493804,0.5493804,0.43590596,0.45101735
120.088,4.1968,21.4631,1.1649,4.0,22.0,1.399999976158142,-0.4656458,-0.468459,0.57626224,0.57626224,0.45980477,0.47430003,-0.4656458,-0.468459,0.57626224,0.57626224,0.45980477,0.47430003
120.138,4.1941,21.4713,1.1681,4.0,22.0,1.399999976158142,-0.42319986,-0.4241621,0.531974,0.531974,0.41578192,0.43158,-0.42319986,-0.4241621,0.531974,0.531974,0.41578192,0.43158
120.187,4.1877,21.4899,1.1753,4.0,22.0,1.399999976158142,-0.44563082,-0.44759563,0.5568493,0.5568493,0.4390201,0.45420635,-0.44563082,-0.44759563,0.5568493,0.5568493,0.4390201,0.45420635
120.237,4.1850,21.4978,1.1783,4.0,22.0,1.399999976158142,-0.4038415,-0.40414828,0.5160206,0.5160206,0.39576402,0.41222575,-0.4038415,-0.40414828,0.5160206,0.5160206,0.39576402,0.41222575
120.289,4.1789,21.5157,1.1847,4.0,22.0,1.399999976158142,-0.42572373,-0.42691794,0.5389544,0.5389544,0.41839117,0.4342505,-0.42572373,-0.42691794,0.5389544,0.5389544,0.41839117,0.4342505
120.337,4.1764,21.5232,1.1873,4.0,22.0,1.399999976158142,-0.38814443,-0.38798532,0.5049367,0.5049367,0.3795695,0.39656022,-0.38814443,-0.38798532,0.5049367,0.5049367,0.3795695,0.39656022
120.388,4.1702,21.5411,1.1935,4.0,22.0,1.399999976158142,-0.8911422,-0.8986169,1.0,1.0,0.87515014,0.914609,-0.8911422,-0.8986169,1.0,1.0,0.87515014,0.914609
120.438,4.1674,21.5491,1.1963,4.0,22.0,1.399999976158142,-0.34800142,-0.34662104,0.4565556,0.4565556,0.33935183,0.3552706,-0.34800142,-0.34662104,0.4565556,0.4565556,0.33935183,0.3552706
120.488,4.1647,21.5571,1.1990,4.0,22.0,1.399999976158142,-0.36621886,-0.3651161,0.47248244,0.47248244,0.3583159,0.37301904,-0.36621886,-0.3651161,0.47248244,0.47248244,0.3583159,0.37301904
120.538,4.1584,21.5752,1.2050,4.0,22.0,1.399999976158142,-0.36075586,-0.35934576,0.46844634,0.46844634,0.3527657,0.36733592,-0.36075586,-0.35934576,0.46844634,0.46844634,0.3527657,0.36733592
120.587,4.1523,21.5926,1.2104,4.0,22.0,1.399999976158142,-0.32147244,-0.31792063,0.4357721,0.4357721,0.3129551,0.32643795,-0.32147244,-0.31792063,0.4357721,0.4357721,0.3129551,0.32643795
120.637,4.1498,21.5999,1.2126,4.0,22.0,1.399999976158142,-0.30870366,-0.30500168,0.42824313,0.42824313,0.29988566,0.3138197,-0.30870366,-0.30500168,0.42824313,0.42824313,0.29988566,0.3138197
120.687,4.1440,21.6165,1.2172,4.0,22.0,1.399999976158142,-0.32867447,-0.32614478,0.4457549,0.4457549,0.3200797,0.33473954,-0.32867447,-0.32614478,0.4457549,0.4457549,0.3200797,0.33473954
120.738,4.1416,21.6234,1.2190,4.0,22.0,1.399999976158142,-0.2920178,-0.28828964,0.42065513,0.42065513,0.28277382,0.29753363,-0.2920178,-0.28828964,0.42065513,0.42065513,0.28277382,0.29753363
120.788,4.1360,21.6392,1.2229,4.0,22.0,1.399999976158142,-0.31111568,-0.30819136,0.43586135,0.43586135,0.30215025,0.31715676,-0.31111568,-0.30819136,0.43586135,0.43586135,0.30215025,0.31715676
120.837,4.1337,21.6458,1.2244,4.0,22.0,1.399999976158142,-0.27614194,-0.27242106,0.41515553,0.41515553,0.26653647,0.28202653,-0.27614194,-0.27242106,0.41515553,0.41515553,0.26653647,0.28202653
120.887,4.1284,21.6609,1.2276,4.0,22.0,1.399999976158142,-0.2941364,-0.2909508,0.428042,0.428042,0.28481635,0.30027086,-0.2941364,-0.2909508,0.428042,0.428042,0.28481635,0.30027086
120.937,4.1262,21.6672,1.2288,4.0,22.0,1.399999976158142,-0.26065758,-0.2569998,0.41146678,0.41146678,0.25073248,0.2669249,-0.26065758,-0.2569998,0.41146678,0.41146678,0.25073248,0.2669249
120.988,4.1212,21.6815,1.2313,4.0,22.0,1.399999976158142,-0.27805385,-0.27472627,0.4224253,0.4224253,0.26840955,0.28437057,-0.27805385,-0.27472627,0.4224253,0.4224253,0.26840955,0.28437057
121.037,4.1190,21.6876,1.2322,4.0,22.0,1.399999976158142,-0.24579462,-0.24225731,0.40968084,0.40968084,0.23559314,0.2524588,-0.24579462,-0.24225731,0.40968084,0.40968084,0.23559314,0.2524588
121.087,4.1142,21.7014,1.2341,4.0,22.0,1.399999976158142,-0.26239017,-0.259015,0.41866955,0.41866955,0.25244927,0.2689559,-0.26239017,-0.259015,0.41866955,0.41866955,0.25244927,0.2689559
121.139,4.1121,21.7071,1.2348,4.0,22.0,1.399999976158142,-0.23130584,-0.22794095,0.4095923,0.4095923,0.2208652,0.23838158,-0.23130584,-0.22794095,0.4095923,0.4095923,0.2208652,0.23838158
121.187,4.1074,21.7204,1.2360,4.0,22.0,1.399999976158142,-0.24777822,-0.24443766,0.41694802,0.41694802,0.23758005,0.25463584,-0.24777822,-0.24443766,0.41694802,0.41694802,0.23758005,0.25463584
121.237,4.1054,21.7259,1.2364,4.0,22.0,1.399999976158142,-0.21648389,-0.21334893,0.41098246,0.41098246,0.20582871,0.22400412,-0.21648389,-0.21334893,0.41098246,0.41098246,0.20582871,0.22400412
121.289,4.1009,21.7386,1.2371,4.0,22.0,1.399999976158142,-0.23285289,-0.22962493,0.41668862,0.41668862,0.22241876,0.24005908,-0.23285289,-0.22962493,0.41668862,0.41668862,0.22241876,0.24005908
121.337,4.0990,21.7440,1.2373,4.0,22.0,1.399999976158142,-0.20463683,-0.2017599,0.41445732,0.41445732,0.19383349,0.21256325,-0.20463683,-0.2017599,0.41445732,0.41445732,0.19383349,0.21256325
121.388,4.0971,21.7493,1.2374,4.0,22.0,1.399999976158142,-0.63278437,-0.62943125,1.0,1.0,0.60364306,0.65857255,-0.63278437,-0.62943125,1.0,1.0,0.60364306,0.65857255
121.438,4.0925,21.7622,1.2387,4.0,22.0,1.399999976158142,-0.20340534,-0.20074949,0.39796424,0.39796424,0.1930438,0.21111102,-0.20340534,-0.20074949,0.39796424,0.39796424,0.1930438,0.21111102
121.488,4.0904,21.7678,1.2394,4.0,22.0,1.399999976158142,-0.17336933,-0.17008603,0.38832557,0.38832557,0.16314694,0.1803084,-0.17336933,-0.17008603,0.38832557,0.38832557,0.16314694,0.1803084
121.537,4.0859,21.7805,1.2406,4.0,22.0,1.399999976158142,-0.1878686,-0.18460451,0.3922042,0.3922042,0.17769341,0.19477971,-0.1878686,-0.18460451,0.3922042,0.3922042,0.17769341,0.19477971
121.587,4.0814,21.7928,1.2413,4.0,22.0,1.399999976158142,-0.15930225,-0.1559074,0.38698807,0.38698807,0.14920376,0.1660059,-0.15930225,-0.1559074,0.38698807,0.38698807,0.14920376,0.1660059
121.638,4.0795,21.7980,1.2415,4.0,22.0,1.399999976158142,-0.14997186,-0.14685793,0.38901183,0.38901183,0.13987505,0.15695474,-0.14997186,-0.14685793,0.38901183,0.38901183,0.13987505,0.15695474
121.687,4.0753,21.8098,1.2417,4.0,22.0,1.399999976158142,-0.16419043,-0.1611534,0.39316165,0.39316165,0.15402794,0.1713159,-0.16419043,-0.1611534,0.39316165,0.39316165,0.15402794,0.1713159
121.738,4.0735,21.8147,1.2417,4.0,22.0,1.399999976158142,-0.13718028,-0.13455677,0.39388624,0.39388624,0.12708017,0.14465688,-0.13718028,-0.13455677,0.39388624,0.39388624,0.12708017,0.14465688
121.787,4.0693,21.8260,1.2413,4.0,22.0,1.399999976158142,-0.15092902,-0.1481864,0.39634722,0.39634722,0.14077249,0.15834291,-0.15092902,-0.1481864,0.39634722,0.39634722,0.14077249,0.15834291
121.837,4.0676,21.8308,1.2410,4.0,22.0,1.399999976158142,-0.12492681,-0.12286139,0.40027392,0.40027392,0.11483974,0.13294846,-0.12492681,-0.12286139,0.40027392,0.40027392,0.11483974,0.13294846
121.888,4.0636,21.8417,1.2401,4.0,22.0,1.399999976158142,-0.13805127,-0.13571194,0.40116432,0.40116432,0.12790816,0.14585505,-0.13805127,-0.13571194,0.40116432,0.40116432,0.12790816,0.14585505
121.938,4.0620,21.8463,1.2396,4.0,22.0,1.399999976158142,-0.11294953,-0.11152844,0.40804246,0.40804246,0.10288906,0.12158891,-0.11294953,-0.11152844,0.40804246,0.40804246,0.10288906,0.12158891
121.988,4.0581,21.8568,1.2383,4.0,22.0,1.399999976158142,-0.12552452,-0.123692706,0.40749416,0.40749416,0.11540436,0.13381286,-0.12552452,-0.123692706,0.40749416,0.40749416,0.11540436,0.13381286
122.038,4.0565,21.8613,1.2376,4.0,22.0,1.399999976158142,-0.10093693,-0.10027344,0.41714185,0.41714185,0.09091756,0.11029281,-0.10093693,-0.10027344,0.41714185,0.41714185,0.09091756,0.11029281
122.087,4.0528,21.8714,1.2358,4.0,22.0,1.399999976158142,-0.11337119,-0.11215696,0.4151752,0.4151752,0.103284195,0.122243956,-0.11337119,-0.11215696,0.4151752,0.4151752,0.103284195,0.122243956
122.139,4.0512,21.8757,1.2349,4.0,22.0,1.399999976158142,-0.089548476,-0.08974619,0.4272624,0.4272624,0.079581425,0.09971324,-0.089548476,-0.08974619,0.4272624,0.4272624,0.079581425,0.09971324
122.188,4.0477,21.8854,1.2328,4.0,22.0,1.399999976158142,-0.10186562,-0.10136239,0.42395517,0.42395517,0.09182085,0.11140716,-0.10186562,-0.10136239,0.42395517,0.42395517,0.09182085,0.11140716
122.238,4.0462,21.8895,1.2318,4.0,22.0,1.399999976158142,-0.077857226,-0.07908203,0.43866032,0.43866032,0.0679601,0.08897915,-0.077857226,-0.07908203,0.43866032,0.43866032,0.0679601,0.08897915
122.288,4.0428,21.8988,1.2293,4.0,22.0,1.399999976158142,-0.09021162,-0.09057068,0.43398136,0.43398136,0.080225125,0.10055718,-0.09021162,-0.09057068,0.43398136,0.43398136,0.080225125,0.10055718
122.338,4.0413,21.9026,1.2282,4.0,22.0,1.399999976158142,-0.06810357,-0.07036557,0.44995362,0.44995362,0.058278993,0.08019015,-0.06810357,-0.07036557,0.44995362,0.44995362,0.058278993,0.08019015
122.388,4.0399,21.9065,1.2270,4.0,22.0,1.399999976158142,-0.2256094,-0.23444566,1.0,1.0,0.19937861,0.26067644,-0.2256094,-0.23444566,1.0,1.0,0.19937861,0.26067644
122.437,4.0366,21.9154,1.2256,4.0,22.0,1.399999976158142,-0.07059846,-0.0725999,0.42899334,0.42899334,0.061067935,0.08213043,-0.07059846,-0.0725999,0.42899334,0.42899334,0.061067935,0.08213043
122.488,4.0334,21.9241,1.2244,4.0,22.0,1.399999976158142,-0.048802093,-0.05323577,0.43505436,0.43505436,0.03954475,0.062493112,-0.048802093,-0.05323577,0.43505436,0.43505436,0.03954475,0.062493112
122.538,4.0320,21.9278,1.2238,4.0,22.0,1.399999976158142,-0.041558653,-0.046969187,0.43711874,0.43711874,0.032434173,0.056093667,-0.041558653,-0.046969187,0.43711874,0.43711874,0.032434173,0.056093667
122.588,4.0289,21.9362,1.2222,4.0,22.0,1.399999976158142,-0.052031554,-0.056175582,0.435663,0.435663,0.042757835,0.0654493,-0.052031554,-0.056175582,0.435663,0.435663,0.042757835,0.0654493
122.638,4.0276,21.9398,1.2215,4.0,22.0,1.399999976158142,-0.031675465,-0.038529553,0.44629604,0.44629604,0.022707872,0.047497146,-0.031675465,-0.038529553,0.44629604,0.44629604,0.022707872,0.047497146
122.687,4.0246,21.9478,1.2196,4.0,22.0,1.399999976158142,-0.041771706,-0.047246404,0.44385654,0.44385654,0.032645706,0.056372404,-0.041771706,-0.047246404,0.44385654,0.44385654,0.032645706,0.056372404
122.737,4.0234,21.9512,1.2187,4.0,22.0,1.399999976158142,-0.021779059,-0.030239759,0.45650744,0.45650744,0.0129887415,0.039030075,-0.021779059,-0.030239759,0.45650744,0.45650744,0.0129887415,0.039030075
122.787,4.0205,21.9589,1.2166,4.0,22.0,1.399999976158142,-0.031905387,-0.038822837,0.45291266,0.45291266,0.022939403,0.04778882,-0.031905387,-0.038822837,0.45291266,0.45291266,0.022939403,0.04778882
122.838,4.0193,21.9621,1.2156,4.0,22.0,1.399999976158142,-0.012647314,-0.022806183,0.4671115,0.4671115,0.004040905,0.03141259,-0.012647314,-0.022806183,0.4671115,0.4671115,0.004040905,0.03141259
122.888,4.0166,21.9695,1.2132,4.0,22.0,1.399999976158142,-0.022234587,-0.030751033,0.4627876,0.4627876,0.013445359,0.03954026,-0.022234587,-0.030751033,0.4627876,0.4627876,0.013445359,0.03954026
122.938,4.0155,21.9725,1.2121,4.0,22.0,1.399999976158142,-0.0037317888,-0.015759278,0.4781873,0.4781873,-0.0046724402,0.024163507,-0.0037317888,-0.015759278,0.4781873,0.4781873,-0.0046724402,0.024163507
122.987,4.0129,21.9795,1.2096,4.0,22.0,1.399999976158142,-0.013033583,-0.023262542,0.47314647,0.47314647,0.0044337194,0.031862404,-0.013033583,-0.023262542,0.47314647,0.47314647,0.0044337194,0.031862404
123.038,4.0118,21.9824,1.2084,4.0,22.0,1.399999976158142,0.004897816,-0.009139014,0.48955676,0.48955676,-0.013080804,0.017322002,0.004897816,-0.009139014,0.48955676,0.48955676,-0.013080804,0.017322002
123.088,4.0093,21.9891,1.2058,4.0,22.0,1.399999976158142,-0.0041050436,-0.01618746,0.4839459,0.4839459,-0.004286972,0.024579473,-0.0041050436,-0.01618746,0.4839459,0.4839459,-0.004286972,0.024579473
123.138,4.0083,21.9918,1.2046,4.0,22.0,1.399999976158142,0.013112608,-0.0030031877,0.5009601,0.5009601,-0.021056574,0.010947153,0.013112608,-0.0030031877,0.5009601,0.5009601,-0.021056574,0.010947153
123.188,4.0059,21.9981,1.2019,4.0,22.0,1.399999976158142,0.004389743,-0.009615813,0.49491432,0.49491432,-0.012557881,0.017783951,0.004389743,-0.009615813,0.49491432,0.49491432,-0.012557881,0.017783951
123.238,4.0050,22.0007,1.2007,4.0,22.0,1.399999976158142,0.021049887,0.002817269,0.5123876,0.5123876,-0.028733017,0.00486586,0.021049887,0.002817269,0.5123876,0.5123876,-0.028733017,0.00486586
123.288,4.0040,22.0033,1.1995,4.0,22.0,1.399999976158142,0.012629296,-0.0033608263,0.50604993,0.50604993,-0.02055261,0.01128414,0.012629296,-0.0033608263,0.50604993,0.50604993,-0.02055261,0.01128414
123.338,4.0018,22.0091,1.1968,4.0,22.0,1.399999976158142,0.015007555,-0.0015507103,0.5098338,0.5098338,-0.02286047,0.0094036255,0.015007555,-0.0015507103,0.5098338,0.5098338,-0.02286047,0.0094036255
123.388,3.9997,22.0147,1.1948,4.0,22.0,1.399999976158142,0.03994093,-0.0106182555,1.0,1.0,-0.05741491,0.028092239,0.03994093,-0.0106182555,1.0,1.0,-0.05741491,0.028092239
123.437,3.9988,22.0171,1.1945,4.0,22.0,1.399999976158142,0.037278794,0.013824025,0.505152,0.505152,-0.044049192,-0.007053628,0.037278794,0.013824025,0.505152,0.505152,-0.044049192,-0.007053628
123.487,3.9968,22.0225,1.1935,4.0,22.0,1.399999976158142,0.029934505,0.008605114,0.49702632,0.49702632,-0.03695506,-0.001584559,0.029934505,0.008605114,0.49702632,0.49702632,-0.03695506,-0.001584559
123.537,3.9959,22.0247,1.1931,4.0,22.0,1.399999976158142,0.045111906,0.01845283,0.5037737,0.5037737,-0.051507194,-0.012057544,0.045111906,0.01845283,0.5037737,0.5037737,-0.051507194,-0.012057544
123.587,3.9940,22.0299,1.1921,4.0,22.0,1.399999976158142,0.03743647,0.013899685,0.5028336,0.5028336,-0.044139113,-0.007197045,0.03743647,0.013899685,0.5028336,0.5028336,-0.044139113,-0.007197045
123.637,3.9932,22.0321,1.1916,4.0,22.0,1.399999976158142,0.051833306,0.023538312,0.51052034,0.51052034,-0.05789617,-0.017475447,0.051833306,0.023538312,0.51052034,0.51052034,-0.05789617,-0.017475447
123.687,3.9913,22.0371,1.1904,4.0,22.0,1.399999976158142,0.04454878,0.019077362,0.50911415,0.50911415,-0.050929956,-0.012696185,0.04454878,0.019077362,0.50911415,0.50911415,-0.050929956,-0.012696185
123.738,3.9905,22.0391,1.1899,4.0,22.0,1.399999976158142,0.058117308,0.028433284,0.51744545,0.51744545,-0.063855805,-0.022694783,0.058117308,0.028433284,0.51744545,0.51744545,-0.063855805,-0.022694783
123.788,3.9887,22.0439,1.1886,4.0,22.0,1.399999976158142,0.051333755,0.024141151,0.51569194,0.51569194,-0.05739141,-0.0180835,0.051333755,0.024141151,0.51569194,0.51569194,-0.05739141,-0.0180835
123.838,3.9880,22.0459,1.1880,4.0,22.0,1.399999976158142,0.06413336,0.033231985,0.5244699,0.5244699,-0.069551,-0.027814347,0.06413336,0.033231985,0.5244699,0.5244699,-0.069551,-0.027814347
123.887,3.9863,22.0504,1.1867,4.0,22.0,1.399999976158142,0.057676554,0.029005341,0.52239984,0.52239984,-0.063418165,-0.023263732,0.057676554,0.029005341,0.52239984,0.52239984,-0.063418165,-0.023263732
123.937,3.9856,22.0522,1.1862,4.0,22.0,1.399999976158142,0.069713034,0.037815582,0.5314212,0.5314212,-0.07482467,-0.032703947,0.069713034,0.037815582,0.5314212,0.5314212,-0.07482467,-0.032703947
123.987,3.9849,22.0541,1.1856,4.0,22.0,1.399999976158142,0.06369917,0.03374409,0.5291907,0.5291907,-0.069129676,-0.028313586,0.06369917,0.03374409,0.5291907,0.5291907,-0.069129676,-0.028313586
124.038,3.9833,22.0583,1.1843,4.0,22.0,1.399999976158142,0.07488886,0.042193387,0.5382042,0.5382042,-0.07971068,-0.037371576,0.07488886,0.042193387,0.5382042,0.5382042,-0.07971068,-0.037371576
124.087,3.9826,22.0600,1.1837,4.0,22.0,1.399999976158142,0.069306836,0.038281824,0.53591865,0.53591865,-0.07443939,-0.03314927,0.069306836,0.038281824,0.53591865,0.53591865,-0.07443939,-0.03314927
124.138,3.9811,22.0640,1.1824,4.0,22.0,1.399999976158142,0.071021795,0.039712083,0.5384584,0.5384584,-0.076067545,-0.034666333,0.071021795,0.039712083,0.5384584,0.5384584,-0.076067545,-0.034666333
124.188,3.9797,22.0678,1.1812,4.0,22.0,1.399999976158142,0.08128276,0.04774991,0.5472949,0.5472949,-0.085745774,-0.0432869,0.08128276,0.04774991,0.5472949,0.5472949,-0.085745774,-0.0432869
124.238,3.9791,22.0694,1.1806,4.0,22.0,1.399999976158142,0.08433594,0.050452046,0.55114543,0.55114543,-0.088616215,-0.046171766,0.08433594,0.050452046,0.55114543,0.55114543,-0.088616215,-0.046171766
124.288,3.9777,22.0730,1.1794,4.0,22.0,1.399999976158142,0.07949282,0.04685006,0.5489148,0.5489148,-0.08406619,-0.042276688,0.07949282,0.04685006,0.5489148,0.5489148,-0.08406619,-0.042276688
124.338,3.9771,22.0744,1.1789,4.0,22.0,1.399999976158142,0.08865302,0.05446274,0.5571405,0.5571405,-0.092684366,-0.05043139,0.08865302,0.05446274,0.5571405,0.5571405,-0.092684366,-0.05043139
124.388,3.9759,22.0778,1.1784,4.0,22.0,1.399999976158142,0.17612283,0.08754737,1.0,1.0,-0.18533038,-0.07833983,0.17612283,0.08754737,1.0,1.0,-0.18533038,-0.07833983
124.438,3.9753,22.0792,1.1786,4.0,22.0,1.399999976158142,0.09083813,0.05689235,0.53275675,0.53275675,-0.09445802,-0.05327246,0.09083813,0.05689235,0.53275675,0.53275675,-0.09445802,-0.05327246
124.488,3.9741,22.0823,1.1790,4.0,22.0,1.399999976158142,0.08651735,0.053667136,0.5285428,0.5285428,-0.09042204,-0.049762446,0.08651735,0.053667136,0.5285428,0.5285428,-0.09042204,-0.049762446
124.537,3.9736,22.0836,1.1792,4.0,22.0,1.399999976158142,0.09365323,0.06119108,0.5272898,0.5272898,-0.09715246,-0.05769185,0.09365323,0.06119108,0.5272898,0.5272898,-0.09715246,-0.05769185
124.587,3.9725,22.0866,1.1795,4.0,22.0,1.399999976158142,0.09028408,0.057685915,0.5300363,0.5300363,-0.09399866,-0.05397133,0.09028408,0.057685915,0.5300363,0.5300363,-0.09399866,-0.05397133
124.638,3.9720,22.0878,1.1797,4.0,22.0,1.399999976158142,0.09692935,0.064880304,0.52953845,0.52953845,-0.10026925,-0.0615404,0.09692935,0.064880304,0.52953845,0.52953845,-0.10026925,-0.0615404
124.688,3.9710,22.0906,1.1799,4.0,22.0,1.399999976158142,0.093787625,0.06149708,0.5319926,0.5319926,-0.097329326,-0.057955377,0.093787625,0.06149708,0.5319926,0.5319926,-0.097329326,-0.057955377
124.738,3.9705,22.0918,1.1800,4.0,22.0,1.399999976158142,0.10010317,0.06853885,0.53202236,0.53202236,-0.10329197,-0.06535004,0.10010317,0.06853885,0.53202236,0.53202236,-0.10329197,-0.06535004
124.787,3.9695,22.0944,1.1801,4.0,22.0,1.399999976158142,0.09713009,0.06522161,0.5341764,0.5341764,-0.100509904,-0.061841786,0.09713009,0.06522161,0.5341764,0.5341764,-0.100509904,-0.061841786
124.837,3.9691,22.0956,1.1802,4.0,22.0,1.399999976158142,0.10297615,0.07193804,0.53469944,0.53469944,-0.10603294,-0.06888125,0.10297615,0.07193804,0.53469944,0.53469944,-0.10603294,-0.06888125
124.887,3.9681,22.0981,1.1803,4.0,22.0,1.399999976158142,0.10026791,0.068802394,0.5365762,0.5365762,-0.10349916,-0.065571144,0.10026791,0.068802394,0.5365762,0.5365762,-0.10349916,-0.065571144
124.938,3.9677,22.0991,1.1803,4.0,22.0,1.399999976158142,0.10568071,0.07520898,0.5374842,0.5374842,-0.10861563,-0.07227406,0.10568071,0.07520898,0.5374842,0.5374842,-0.10861563,-0.07227406
124.987,3.9673,22.1001,1.1803,4.0,22.0,1.399999976158142,0.10320889,0.07223578,0.5391402,0.5391402,-0.10630364,-0.06914103,0.10320889,0.07223578,0.5391402,0.5391402,-0.10630364,-0.06914103
125.038,3.9664,22.1024,1.1803,4.0,22.0,1.399999976158142,0.10412667,0.0733171,0.5404563,0.5404563,-0.10718433,-0.070259444,0.10412667,0.0733171,0.5404563,0.5404563,-0.10718433,-0.070259444
125.088,3.9661,22.1034,1.1803,4.0,22.0,1.399999976158142,0.10901788,0.07932061,0.54171383,0.54171383,-0.11180903,-0.07652946,0.10901788,0.07932061,0.54171383,0.54171383,-0.11180903,-0.07652946
125.137,3.9652,22.1056,1.1803,4.0,22.0,1.399999976158142,0.106825635,0.07654684,0.5431529,0.5431529,-0.109759875,-0.07361261,0.106825635,0.07654684,0.5431529,0.5431529,-0.109759875,-0.07361261
125.193,3.9644,22.1076,1.1803,4.0,22.0,1.399999976158142,0.111370295,0.082277946,0.54456574,0.54456574,-0.11405554,-0.0795927,0.111370295,0.082277946,0.54456574,0.54456574,-0.11405554,-0.0795927
125.248,3.9641,22.1085,1.1803,4.0,22.0,1.399999976158142,0.11273628,0.08402468,0.5460508,0.5460508,-0.115356,-0.08140496,0.11273628,0.08402468,0.5460508,0.5460508,-0.115356,-0.08140496
125.287,3.9633,22.1104,1.1802,4.0,22.0,1.399999976158142,0.11101028,0.08169937,0.547297,0.547297,-0.11374688,-0.078962766,0.11101028,0.08169937,0.547297,0.547297,-0.11374688,-0.078962766
125.337,3.9630,22.1112,1.1802,4.0,22.0,1.399999976158142,0.11492308,0.08684661,0.5487979,0.5487979,-0.11743846,-0.08433124,0.11492308,0.08684661,0.5487979,0.5487979,-0.11743846,-0.08433124
125.388,3.9623,22.1130,1.1807,4.0,22.0,1.399999976158142,0.23961207,0.1597902,1.0,1.0,-0.2451868,-0.15421548,0.23961207,0.1597902,1.0,1.0,-0.2451868,-0.15421548
125.438,3.9621,22.1136,1.1814,4.0,22.0,1.399999976158142,0.113145865,0.0866282,0.5207327,0.5207327,-0.115531124,-0.08424293,0.113145865,0.0866282,0.5207327,0.5207327,-0.115531124,-0.08424293
125.487,3.9615,22.1151,1.1828,4.0,22.0,1.399999976158142,0.111243576,0.08459333,0.5195505,0.5195505,-0.11378746,-0.08204946,0.111243576,0.08459333,0.5195505,0.5195505,-0.11378746,-0.08204946
125.538,3.9612,22.1157,1.1833,4.0,22.0,1.399999976158142,0.11315182,0.08977437,0.5127588,0.5127588,-0.11566239,-0.0872638,0.11315182,0.08977437,0.5127588,0.5127588,-0.11566239,-0.0872638
125.588,3.9607,22.1170,1.1845,4.0,22.0,1.399999976158142,0.11253983,0.08718379,0.5184162,0.5184162,-0.11506891,-0.084654704,0.11253983,0.08718379,0.5184162,0.5184162,-0.11506891,-0.084654704
125.638,3.9605,22.1175,1.1850,4.0,22.0,1.399999976158142,0.11431938,0.091771364,0.51309687,0.51309687,-0.11679499,-0.08929576,0.11431938,0.091771364,0.51309687,0.51309687,-0.11679499,-0.08929576
125.688,3.9603,22.1180,1.1854,4.0,22.0,1.399999976158142,0.11378052,0.08951102,0.51804596,0.51804596,-0.116282046,-0.08700949,0.11378052,0.08951102,0.51804596,0.51804596,-0.116282046,-0.08700949
125.738,3.9599,22.1191,1.1863,4.0,22.0,1.399999976158142,0.114209704,0.09022956,0.5185949,0.5185949,-0.11670287,-0.08773639,0.114209704,0.09022956,0.5185949,0.5185949,-0.11670287,-0.08773639
125.788,3.9594,22.1202,1.1870,4.0,22.0,1.399999976158142,0.11575295,0.09407716,0.5150062,0.5150062,-0.11817601,-0.0916541,0.11575295,0.09407716,0.5150062,0.5150062,-0.11817601,-0.0916541
125.839,3.9593,22.1206,1.1873,4.0,22.0,1.399999976158142,0.11635816,0.09511816,0.5154974,0.5154974,-0.11874552,-0.09273079,0.11635816,0.09511816,0.5154974,0.5154974,-0.11874552,-0.09273079
125.887,3.9593,22.1206,1.1873,4.0,22.0,1.399999976158142,0.11596109,0.093393035,0.519256,0.519256,-0.11838804,-0.090966076,0.11596109,0.093393035,0.519256,0.519256,-0.11838804,-0.090966076
125.937,3.9593,22.1206,1.1873,4.0,22.0,1.399999976158142,0.11562634,0.09206609,0.5222226,0.5222226,-0.11809861,-0.08959382,0.11562634,0.09206609,0.5222226,0.5222226,-0.11809861,-0.08959382
125.988,3.9593,22.1206,1.1873,4.0,22.0,1.399999976158142,0.11581543,0.09225973,0.5235021,0.5235021,-0.11829224,-0.08978291,0.11581543,0.09225973,0.5235021,0.5235021,-0.11829224,-0.08978291
126.037,3.9593,22.1206,1.1873,4.0,22.0,1.399999976158142,0.1160041,0.092452936,0.5247788,0.5247788,-0.11848545,-0.08997158,0.1160041,0.092452936,0.5247788,0.5247788,-0.11848545,-0.08997158
126.087,3.9593,22.1206,1.1873,4.0,22.0,1.399999976158142,0.11619199,0.09264535,0.5260502,0.5260502,-0.11867786,-0.09015947,0.11619199,0.09264535,0.5260502,0.5260502,-0.11867786,-0.09015947
126.138,3.9593,22.1206,1.1873,4.0,22.0,1.399999976158142,0.116380684,0.09283858,0.5273271,0.5273271,-0.1188711,-0.09034816,0.116380684,0.09283858,0.5273271,0.5273271,-0.1188711,-0.09034816
126.188,3.9593,22.1206,1.1873,4.0,22.0,1.399999976158142,0.11656939,0.09303183,0.5286041,0.5286041,-0.11906435,-0.09053687,0.11656939,0.09303183,0.5286041,0.5286041,-0.11906435,-0.09053687
126.238,3.9593,22.1206,1.1873,4.0,22.0,1.399999976158142,0.1167576,0.09322457,0.5298777,0.5298777,-0.11925709,-0.09072509,0.1167576,0.09322457,0.5298777,0.5298777,-0.11925709,-0.09072509
126.288,3.9593,22.1206,1.1873,4.0,22.0,1.399999976158142,0.11694657,0.09341809,0.5311564,0.5311564,-0.11945061,-0.090914056,0.11694657,0.09341809,0.5311564,0.5311564,-0.11945061,-0.090914056
126.337,3.9593,22.1206,1.1873,4.0,22.0,1.399999976158142,0.11713541,0.09361147,0.5324343,0.5324343,-0.11964399,-0.09110289,0.11713541,0.09361147,0.5324343,0.5324343,-0.11964399,-0.09110289
126.387,3.9593,22.1206,1.1873,4.0,22.0,1.399999976158142,0.25702044,0.19093905,1.0,1.0,-0.2623465,-0.18561302,0.25702044,0.19093905,1.0,1.0,-0.2623465,-0.18561302
126.438,3.9571,22.1253,1.1905,4.0,22.0,1.399999976158142,0.11379992,0.09019278,0.50928533,0.50928533,-0.1162253,-0.0877674,0.11379992,0.09019278,0.50928533,0.50928533,-0.1162253,-0.0877674
126.487,3.9571,22.1253,1.1920,4.0,22.0,1.399999976158142,0.12035372,0.11691292,0.48277,0.48277,-0.121568725,-0.115697905,0.12035372,0.11691292,0.48277,0.48277,-0.121568725,-0.115697905
126.537,3.9570,22.1253,1.1925,4.0,22.0,1.399999976158142,0.11425453,0.09921398,0.492327,0.492327,-0.11642741,-0.0970411,0.11425453,0.09921398,0.492327,0.492327,-0.11642741,-0.0970411
126.587,3.9570,22.1253,1.1930,4.0,22.0,1.399999976158142,0.11526834,0.09836109,0.49825186,0.49825186,-0.117408395,-0.09622104,0.11526834,0.09836109,0.49825186,0.49825186,-0.117408395,-0.09622104
126.638,3.9570,22.1253,1.1939,4.0,22.0,1.399999976158142,0.11531808,0.09867391,0.4986948,0.4986948,-0.11745546,-0.09653654,0.11531808,0.09867391,0.4986948,0.4986948,-0.11745546,-0.09653654
126.688,3.9570,22.1253,1.1943,4.0,22.0,1.399999976158142,0.11441143,0.09979534,0.49465534,0.49465534,-0.116519034,-0.09768774,0.11441143,0.09979534,0.49465534,0.49465534,-0.116519034,-0.09768774
126.737,3.9570,22.1252,1.1950,4.0,22.0,1.399999976158142,0.11523561,0.09933599,0.49910116,0.49910116,-0.11735215,-0.09721946,0.11523561,0.09933599,0.49910116,0.49910116,-0.11735215,-0.09721946
126.787,3.9570,22.1250,1.1955,4.0,22.0,1.399999976158142,0.11441329,0.10010061,0.4967759,0.4967759,-0.116472974,-0.098040916,0.11441329,0.10010061,0.4967759,0.4967759,-0.116472974,-0.098040916
126.838,3.9570,22.1250,1.1956,4.0,22.0,1.399999976158142,0.114340514,0.1001379,0.4980978,0.4980978,-0.11636089,-0.09811753,0.114340514,0.1001379,0.4980978,0.4980978,-0.11636089,-0.09811753
126.887,3.9570,22.1248,1.1959,4.0,22.0,1.399999976158142,0.11509443,0.099975295,0.50113964,0.50113964,-0.11714532,-0.097924404,0.11509443,0.099975295,0.50113964,0.50113964,-0.11714532,-0.097924404
126.937,3.9570,22.1247,1.1959,4.0,22.0,1.399999976158142,0.11437435,0.10015703,0.50121945,0.50121945,-0.11633687,-0.09819451,0.11437435,0.10015703,0.50121945,0.50121945,-0.11633687,-0.09819451
126.988,3.9571,22.1244,1.1960,4.0,22.0,1.399999976158142,0.11506059,0.1001842,0.50350827,0.50350827,-0.117065325,-0.09817947,0.11506059,0.1001842,0.50350827,0.50350827,-0.117065325,-0.09817947
127.038,3.9571,22.1243,1.1959,4.0,22.0,1.399999976158142,0.11437195,0.100050114,0.5047553,0.5047553,-0.11627927,-0.098142795,0.11437195,0.100050114,0.5047553,0.5047553,-0.11627927,-0.098142795
127.087,3.9572,22.1239,1.1958,4.0,22.0,1.399999976158142,0.11502885,0.100244254,0.5064328,0.5064328,-0.11698289,-0.09829021,0.11502885,0.100244254,0.5064328,0.5064328,-0.11698289,-0.09829021
127.138,3.9572,22.1238,1.1957,4.0,22.0,1.399999976158142,0.11435477,0.099799916,0.50865763,0.50865763,-0.11619623,-0.09795845,0.11435477,0.099799916,0.50865763,0.50865763,-0.11619623,-0.09795845
127.188,3.9573,22.1234,1.1954,4.0,22.0,1.399999976158142,0.1149936,0.1001693,0.5098156,0.5098156,-0.1168891,-0.098273806,0.1149936,0.1001693,0.5098156,0.5098156,-0.1168891,-0.098273806
127.237,3.9574,22.1232,1.1953,4.0,22.0,1.399999976158142,0.11431702,0.0994595,0.51286477,0.51286477,-0.11608835,-0.09768817,0.11431702,0.0994595,0.51286477,0.51286477,-0.11608835,-0.09768817
127.287,3.9575,22.1228,1.1949,4.0,22.0,1.399999976158142,0.114919685,0.09996268,0.5135688,0.5135688,-0.11674929,-0.09813308,0.114919685,0.09996268,0.5135688,0.5135688,-0.11674929,-0.09813308
127.337,3.9576,22.1226,1.1947,4.0,22.0,1.399999976158142,0.114241265,0.09902825,0.51725715,0.51725715,-0.11593797,-0.097331546,0.114241265,0.09902825,0.51725715,0.51725715,-0.11593797,-0.097331546
127.387,3.9577,22.1221,1.1948,4.0,22.0,1.399999976158142,0.25847286,0.21461391,1.0,1.0,-0.26246345,-0.21062334,0.25847286,0.21461391,1.0,1.0,-0.26246345,-0.21062334
127.438,3.9578,22.1217,1.1952,4.0,22.0,1.399999976158142,0.10975399,0.094536446,0.49249947,0.49249947,-0.11133461,-0.09295583,0.10975399,0.094536446,0.49249947,0.49249947,-0.11133461,-0.09295583
127.487,3.9580,22.1210,1.1962,4.0,22.0,1.399999976158142,0.11012336,0.09529068,0.49007574,0.49007574,-0.11179258,-0.093621455,0.11012336,0.09529068,0.49007574,0.49007574,-0.11179258,-0.093621455
127.537,3.9581,22.1207,1.1965,4.0,22.0,1.399999976158142,0.10849174,0.09398864,0.48587826,0.48587826,-0.11008415,-0.09239624,0.10849174,0.09398864,0.48587826,0.48587826,-0.11008415,-0.09239624
127.587,3.9582,22.1204,1.1968,4.0,22.0,1.399999976158142,0.109628856,0.0948373,0.49035645,0.49035645,-0.1112563,-0.09320985,0.109628856,0.0948373,0.49035645,0.49035645,-0.1112563,-0.09320985
127.639,3.9585,22.1197,1.1974,4.0,22.0,1.399999976158142,0.10957684,0.09477045,0.49116978,0.49116978,-0.11119082,-0.09315648,0.10957684,0.09477045,0.49116978,0.49116978,-0.11119082,-0.09315648
127.688,3.9586,22.1194,1.1976,4.0,22.0,1.399999976158142,0.10820583,0.09339504,0.48956633,0.48956633,-0.10972394,-0.09187693,0.10820583,0.09339504,0.48956633,0.48956633,-0.10972394,-0.09187693
127.737,3.9588,22.1187,1.1979,4.0,22.0,1.399999976158142,0.109145716,0.09423747,0.4927018,0.4927018,-0.11070491,-0.09267828,0.109145716,0.09423747,0.4927018,0.4927018,-0.11070491,-0.09267828
127.787,3.9590,22.1180,1.1980,4.0,22.0,1.399999976158142,0.10782543,0.09272468,0.4925716,0.4925716,-0.109273136,-0.091276966,0.10782543,0.09272468,0.4925716,0.4925716,-0.109273136,-0.091276966
127.838,3.9591,22.1177,1.1980,4.0,22.0,1.399999976158142,0.10748953,0.09215746,0.49460462,0.49460462,-0.10888436,-0.09076263,0.10748953,0.09215746,0.49460462,0.49460462,-0.10888436,-0.09076263
127.888,3.9594,22.1169,1.1979,4.0,22.0,1.399999976158142,0.10839251,0.09314933,0.4965816,0.4965816,-0.10984349,-0.09169834,0.10839251,0.09314933,0.4965816,0.4965816,-0.10984349,-0.09169834
127.937,3.9595,22.1166,1.1978,4.0,22.0,1.399999976158142,0.10706959,0.09137014,0.49866182,0.49866182,-0.10838438,-0.090055354,0.10706959,0.09137014,0.49866182,0.49866182,-0.10838438,-0.090055354
127.987,3.9597,22.1158,1.1975,4.0,22.0,1.399999976158142,0.10796025,0.09243981,0.49998114,0.49998114,-0.109338194,-0.09106185,0.10796025,0.09243981,0.49998114,0.49998114,-0.109338194,-0.09106185
128.037,3.9598,22.1155,1.1974,4.0,22.0,1.399999976158142,0.10663809,0.09053233,0.50316185,0.50316185,-0.10786798,-0.08930244,0.10663809,0.09053233,0.50316185,0.50316185,-0.10786798,-0.08930244
128.088,3.9601,22.1147,1.1969,4.0,22.0,1.399999976158142,0.10752462,0.09167528,0.5039005,0.5039005,-0.10882384,-0.09037606,0.10752462,0.09167528,0.5039005,0.5039005,-0.10882384,-0.09037606
128.138,3.9602,22.1143,1.1967,4.0,22.0,1.399999976158142,0.106215395,0.08966706,0.50800204,0.50800204,-0.10735663,-0.088525824,0.106215395,0.08966706,0.50800204,0.50800204,-0.10735663,-0.088525824
128.190,3.9604,22.1135,1.1961,4.0,22.0,1.399999976158142,0.10709829,0.0908765,0.50823843,0.50823843,-0.10831463,-0.08966015,0.10709829,0.0908765,0.50823843,0.50823843,-0.10831463,-0.08966015
128.238,3.9606,22.1131,1.1958,4.0,22.0,1.399999976158142,0.10587319,0.08888576,0.512988,0.512988,-0.10693025,-0.087828696,0.10587319,0.08888576,0.512988,0.512988,-0.10693025,-0.087828696
128.289,3.9607,22.1128,1.1956,4.0,22.0,1.399999976158142,0.10664038,0.089984305,0.51298416,0.51298416,-0.107765876,-0.08885881,0.10664038,0.089984305,0.51298416,0.51298416,-0.107765876,-0.08885881
128.338,3.9609,22.1120,1.1948,4.0,22.0,1.399999976158142,0.10664645,0.0898926,0.514824,0.514824,-0.10775257,-0.08878649,0.10664645,0.0898926,0.514824,0.514824,-0.10775257,-0.08878649
128.388,3.9612,22.1111,1.1946,4.0,22.0,1.399999976158142,0.24040845,0.19236118,1.0,1.0,-0.24284436,-0.18992528,0.24040845,0.19236118,1.0,1.0,-0.24284436,-0.18992528
128.437,3.9614,22.1106,1.1950,4.0,22.0,1.399999976158142,0.10087509,0.08316677,0.49462774,0.49462774,-0.101710804,-0.08233106,0.10087509,0.08316677,0.49462774,0.49462774,-0.101710804,-0.08233106
128.488,3.9615,22.1102,1.1953,4.0,22.0,1.399999976158142,0.10146913,0.08444845,0.491352,0.491352,-0.102404535,-0.08351304,0.10146913,0.08444845,0.491352,0.491352,-0.102404535,-0.08351304
128.539,3.9619,22.1091,1.1959,4.0,22.0,1.399999976158142,0.10128971,0.08423974,0.4920139,0.4920139,-0.10220753,-0.08332193,0.10128971,0.08423974,0.4920139,0.4920139,-0.10220753,-0.08332193
128.587,3.9622,22.1081,1.1964,4.0,22.0,1.399999976158142,0.0993703,0.082041584,0.49004912,0.49004912,-0.10016508,-0.08124681,0.0993703,0.082041584,0.49004912,0.49004912,-0.10016508,-0.08124681
128.638,3.9623,22.1077,1.1965,4.0,22.0,1.399999976158142,0.098694354,0.08110271,0.4912692,0.4912692,-0.09942507,-0.08037199,0.098694354,0.08110271,0.4912692,0.4912692,-0.09942507,-0.08037199
128.687,3.9626,22.1067,1.1967,4.0,22.0,1.399999976158142,0.09998437,0.082550354,0.49428773,0.49428773,-0.10078305,-0.081751674,0.09998437,0.082550354,0.49428773,0.49428773,-0.10078305,-0.081751674
128.737,3.9628,22.1063,1.1967,4.0,22.0,1.399999976158142,0.09814972,0.080195844,0.49477366,0.49477366,-0.098807365,-0.0795382,0.09814972,0.080195844,0.49477366,0.49477366,-0.098807365,-0.0795382
128.788,3.9631,22.1053,1.1967,4.0,22.0,1.399999976158142,0.099284686,0.08154821,0.49692047,0.49692047,-0.10000835,-0.08082454,0.099284686,0.08154821,0.49692047,0.49692047,-0.10000835,-0.08082454
128.837,3.9632,22.1049,1.1966,4.0,22.0,1.399999976158142,0.09749845,0.07912603,0.49870145,0.49870145,-0.098075196,-0.07854928,0.09749845,0.07912603,0.49870145,0.49870145,-0.098075196,-0.07854928
128.887,3.9636,22.1039,1.1964,4.0,22.0,1.399999976158142,0.0985825,0.08049667,0.5001847,0.5001847,-0.09922816,-0.07985101,0.0985825,0.08049667,0.5001847,0.5001847,-0.09922816,-0.07985101
128.937,3.9637,22.1034,1.1962,4.0,22.0,1.399999976158142,0.096813016,0.077990904,0.50309896,0.50309896,-0.09730717,-0.07749675,0.096813016,0.077990904,0.50309896,0.50309896,-0.09730717,-0.07749675
128.987,3.9640,22.1024,1.1958,4.0,22.0,1.399999976158142,0.09789482,0.079422474,0.50398636,0.50398636,-0.09846154,-0.07885575,0.09789482,0.079422474,0.50398636,0.50398636,-0.09846154,-0.07885575
129.037,3.9642,22.1020,1.1956,4.0,22.0,1.399999976158142,0.09618364,0.076887704,0.50785834,0.50785834,-0.09659771,-0.07647363,0.09618364,0.076887704,0.50785834,0.50785834,-0.09659771,-0.07647363
129.088,3.9645,22.1010,1.1950,4.0,22.0,1.399999976158142,0.09722853,0.078328975,0.5082418,0.5082418,-0.097715475,-0.077842034,0.09722853,0.078328975,0.5082418,0.5082418,-0.097715475,-0.077842034
129.138,3.9647,22.1006,1.1948,4.0,22.0,1.399999976158142,0.09557806,0.0757684,0.5128864,0.5128864,-0.09591166,-0.07543481,0.09557806,0.0757684,0.5128864,0.5128864,-0.09591166,-0.07543481
129.187,3.9650,22.0996,1.1941,4.0,22.0,1.399999976158142,0.0965897,0.07722372,0.5128463,0.5128463,-0.09699648,-0.07681693,0.0965897,0.07722372,0.5128463,0.5128463,-0.09699648,-0.07681693
129.239,3.9651,22.0992,1.1938,4.0,22.0,1.399999976158142,0.094993226,0.07462998,0.51809734,0.51809734,-0.09524585,-0.07437736,0.094993226,0.07462998,0.51809734,0.51809734,-0.09524585,-0.07437736
129.287,3.9654,22.0982,1.1931,4.0,22.0,1.399999976158142,0.09600544,0.07615237,0.5176818,0.5176818,-0.0963342,-0.07582362,0.09600544,0.07615237,0.5176818,0.5176818,-0.0963342,-0.07582362
129.337,3.9656,22.0978,1.1927,4.0,22.0,1.399999976158142,0.094394095,0.07341969,0.5235089,0.5235089,-0.094562516,-0.07325127,0.094394095,0.07341969,0.5235089,0.5235089,-0.094562516,-0.07325127
129.387,3.9657,22.0973,1.1925,4.0,22.0,1.399999976158142,0.2153436,0.15920557,1.0,1.0,-0.21600977,-0.1585394,0.2153436,0.15920557,1.0,1.0,-0.21600977,-0.1585394
129.437,3.9661,22.0962,1.1930,4.0,22.0,1.399999976158142,0.09191581,0.07138912,0.49946395,0.49946395,-0.09211866,-0.071186274,0.09191581,0.07138912,0.49946395,0.49946395,-0.09211866,-0.071186274
129.488,3.9665,22.0951,1.1937,4.0,22.0,1.399999976158142,0.089489646,0.06870441,0.4943723,0.4943723,-0.08960264,-0.068591416,0.089489646,0.06870441,0.4943723,0.4943723,-0.08960264,-0.068591416
129.537,3.9666,22.0946,1.1939,4.0,22.0,1.399999976158142,0.08872546,0.06787754,0.49337262,0.49337262,-0.08881187,-0.067791134,0.08872546,0.06787754,0.49337262,0.49337262,-0.08881187,-0.067791134
129.587,3.9670,22.0936,1.1943,4.0,22.0,1.399999976158142,0.09002647,0.069374,0.49692464,0.49692464,-0.09015927,-0.069241196,0.09002647,0.069374,0.49692464,0.49692464,-0.09015927,-0.069241196
129.638,3.9672,22.0931,1.1944,4.0,22.0,1.399999976158142,0.08800808,0.06676138,0.496131,0.496131,-0.088037096,-0.06673238,0.08800808,0.06676138,0.496131,0.496131,-0.088037096,-0.06673238
129.688,3.9675,22.0920,1.1946,4.0,22.0,1.399999976158142,0.08922742,0.06824736,0.49892008,0.49892008,-0.08930495,-0.06816983,0.08922742,0.06824736,0.49892008,0.49892008,-0.08930495,-0.06816983
129.738,3.9677,22.0916,1.1946,4.0,22.0,1.399999976158142,0.087294474,0.0656106,0.49945524,0.49945524,-0.08726475,-0.06564033,0.087294474,0.0656106,0.49945524,0.49945524,-0.08726475,-0.06564033
129.787,3.9680,22.0905,1.1946,4.0,22.0,1.399999976158142,0.088445954,0.06709247,0.5015529,0.5015529,-0.088466294,-0.06707213,0.088445954,0.06709247,0.5015529,0.5015529,-0.088466294,-0.06707213
129.837,3.9682,22.0901,1.1945,4.0,22.0,1.399999976158142,0.08656919,0.06441412,0.50327724,0.50327724,-0.08647947,-0.06450384,0.08656919,0.06441412,0.50327724,0.50327724,-0.08647947,-0.06450384
129.887,3.9685,22.0890,1.1943,4.0,22.0,1.399999976158142,0.08766612,0.065896675,0.5047575,0.5047575,-0.08762746,-0.06593533,0.08766612,0.065896675,0.5047575,0.5047575,-0.08762746,-0.06593533
129.937,3.9687,22.0886,1.1942,4.0,22.0,1.399999976158142,0.08584048,0.06318324,0.50751925,0.50751925,-0.08568991,-0.06333381,0.08584048,0.06318324,0.50751925,0.50751925,-0.08568991,-0.06333381
129.987,3.9690,22.0875,1.1938,4.0,22.0,1.399999976158142,0.08691033,0.06468857,0.50845903,0.50845903,-0.08681184,-0.06478707,0.08691033,0.06468857,0.50845903,0.50845903,-0.08681184,-0.06478707
130.038,3.9692,22.0871,1.1936,4.0,22.0,1.399999976158142,0.08514566,0.06195131,0.5120947,0.5120947,-0.08493358,-0.062163386,0.08514566,0.06195131,0.5120947,0.5120947,-0.08493358,-0.062163386
130.089,3.9695,22.0861,1.1931,4.0,22.0,1.399999976158142,0.08618995,0.063482136,0.5125644,0.5125644,-0.08603108,-0.063641004,0.08618995,0.063482136,0.5125644,0.5125644,-0.08603108,-0.063641004
130.138,3.9697,22.0856,1.1929,4.0,22.0,1.399999976158142,0.08453933,0.06080529,0.5168662,0.5168662,-0.08426827,-0.06107635,0.08453933,0.06080529,0.5168662,0.5168662,-0.08426827,-0.06107635
130.187,3.9700,22.0846,1.1923,4.0,22.0,1.399999976158142,0.085477285,0.062233075,0.5170244,0.5170244,-0.085255705,-0.06245466,0.085477285,0.062233075,0.5170244,0.5170244,-0.085255705,-0.06245466
130.238,3.9702,22.0842,1.1920,4.0,22.0,1.399999976158142,0.083852015,0.059476078,0.5218984,0.5218984,-0.08351416,-0.05981393,0.083852015,0.059476078,0.5218984,0.5218984,-0.08351416,-0.05981393
130.287,3.9703,22.0837,1.1917,4.0,22.0,1.399999976158142,0.08484301,0.061057057,0.5216234,0.5216234,-0.0845608,-0.06133927,0.08484301,0.061057057,0.5216234,0.5216234,-0.0845608,-0.06133927
130.337,3.9706,22.0827,1.1911,4.0,22.0,1.399999976158142,0.08469266,0.06072305,0.5235622,0.5235622,-0.08439058,-0.061025128,0.08469266,0.06072305,0.5235622,0.5235622,-0.08439058,-0.061025128
130.387,3.9710,22.0817,1.1911,4.0,22.0,1.399999976158142,0.19040428,0.1242209,1.0,1.0,-0.18975528,-0.124869905,0.19040428,0.1242209,1.0,1.0,-0.18975528,-0.124869905
130.438,3.9712,22.0812,1.1916,4.0,22.0,1.399999976158142,0.079388596,0.054210864,0.50063676,0.50063676,-0.07895611,-0.054643344,0.079388596,0.054210864,0.50063676,0.50063676,-0.07895611,-0.054643344
130.488,3.9716,22.0801,1.1925,4.0,22.0,1.399999976158142,0.080151066,0.055731192,0.4981735,0.4981735,-0.079781055,-0.056101203,0.080151066,0.055731192,0.4981735,0.4981735,-0.079781055,-0.056101203
130.548,3.9717,22.0796,1.1929,4.0,22.0,1.399999976158142,0.078055345,0.053036153,0.49418384,0.49418384,-0.0776152,-0.053476296,0.078055345,0.053036153,0.49418384,0.49418384,-0.0776152,-0.053476296
130.598,3.9721,22.0786,1.1935,4.0,22.0,1.399999976158142,0.079301275,0.05455835,0.49851924,0.49851924,-0.07889202,-0.05496761,0.079301275,0.05455835,0.49851924,0.49851924,-0.07889202,-0.05496761
130.648,3.9722,22.0781,1.1938,4.0,22.0,1.399999976158142,0.07738771,0.051932458,0.4961696,0.4961696,-0.07690429,-0.05241588,0.07738771,0.051932458,0.4961696,0.4961696,-0.07690429,-0.05241588
130.698,3.9726,22.0771,1.1942,4.0,22.0,1.399999976158142,0.07852999,0.053411976,0.4997254,0.4997254,-0.07807937,-0.053862598,0.07852999,0.053411976,0.4997254,0.4997254,-0.07807937,-0.053862598
130.737,3.9727,22.0767,1.1943,4.0,22.0,1.399999976158142,0.0767498,0.05082654,0.4988048,0.4988048,-0.076222315,-0.05135403,0.0767498,0.05082654,0.4988048,0.4988048,-0.076222315,-0.05135403
130.787,3.9731,22.0757,1.1945,4.0,22.0,1.399999976158142,0.0778057,0.052275084,0.5016232,0.5016232,-0.0773125,-0.052768275,0.0778057,0.052275084,0.5016232,0.5016232,-0.0773125,-0.052768275
130.838,3.9732,22.0753,1.1946,4.0,22.0,1.399999976158142,0.0761175,0.04969431,0.501975,0.501975,-0.075545006,-0.050266806,0.0761175,0.04969431,0.501975,0.501975,-0.075545006,-0.050266806
130.888,3.9735,22.0743,1.1946,4.0,22.0,1.399999976158142,0.07710995,0.051131207,0.5041376,0.5041376,-0.076573044,-0.05166812,0.07710995,0.051131207,0.5041376,0.5041376,-0.076573044,-0.05166812
130.938,3.9737,22.0739,1.1945,4.0,22.0,1.399999976158142,0.075477086,0.048522417,0.50561893,0.50561893,-0.07485855,-0.049140945,0.075477086,0.048522417,0.50561893,0.50561893,-0.07485855,-0.049140945
130.987,3.9740,22.0729,1.1944,4.0,22.0,1.399999976158142,0.07641717,0.049951304,0.50719076,0.50719076,-0.075835064,-0.050533414,0.07641717,0.049951304,0.50719076,0.50719076,-0.075835064,-0.050533414
131.037,3.9742,22.0725,1.1943,4.0,22.0,1.399999976158142,0.07482371,0.047301102,0.5096621,0.5096621,-0.07415801,-0.047966804,0.07482371,0.047301102,0.5096621,0.5096621,-0.07415801,-0.047966804
131.089,3.9745,22.0715,1.1939,4.0,22.0,1.399999976158142,0.07574554,0.048759732,0.5107142,0.5107142,-0.0751175,-0.049387768,0.07574554,0.048759732,0.5107142,0.5107142,-0.0751175,-0.049387768
131.138,3.9746,22.0711,1.1938,4.0,22.0,1.399999976158142,0.07426843,0.046187937,0.5140024,0.5140024,-0.07355808,-0.046898287,0.07426843,0.046187937,0.5140024,0.5140024,-0.07355808,-0.046898287
131.187,3.9748,22.0707,1.1936,4.0,22.0,1.399999976158142,0.075081095,0.047523778,0.5146596,0.5146596,-0.07440519,-0.04819968,0.075081095,0.047523778,0.5146596,0.5146596,-0.07440519,-0.04819968
131.240,3.9751,22.0698,1.1931,4.0,22.0,1.399999976158142,0.07495524,0.047235962,0.5163614,0.5163614,-0.07426552,-0.04792568,0.07495524,0.047235962,0.5163614,0.5163614,-0.07426552,-0.04792568
131.288,3.9754,22.0688,1.1926,4.0,22.0,1.399999976158142,0.07358711,0.04470042,0.5204558,0.5204558,-0.07281493,-0.045472607,0.07358711,0.04470042,0.5204558,0.5204558,-0.07281493,-0.045472607
131.338,3.9755,22.0685,1.1923,4.0,22.0,1.399999976158142,0.073048405,0.04359489,0.5234886,0.5234886,-0.07223617,-0.04440712,0.073048405,0.04359489,0.5234886,0.5234886,-0.07223617,-0.04440712
131.387,3.9759,22.0675,1.1923,4.0,22.0,1.399999976158142,0.17015225,0.09179003,1.0,1.0,-0.1685519,-0.09339037,0.17015225,0.09179003,1.0,1.0,-0.1685519,-0.09339037
131.438,3.9760,22.0670,1.1927,4.0,22.0,1.399999976158142,0.06989893,0.040126227,0.49881548,0.49881548,-0.069078006,-0.040947154,0.06989893,0.040126227,0.49881548,0.49881548,-0.069078006,-0.040947154
131.487,3.9764,22.0660,1.1935,4.0,22.0,1.399999976158142,0.07050358,0.04158215,0.49600613,0.49600613,-0.06973186,-0.042353865,0.07050358,0.04158215,0.49600613,0.49600613,-0.06973186,-0.042353865
131.537,3.9765,22.0656,1.1939,4.0,22.0,1.399999976158142,0.06868493,0.03899519,0.49244326,0.49244326,-0.06786344,-0.039816678,0.06868493,0.03899519,0.49244326,0.49244326,-0.06786344,-0.039816678
131.587,3.9769,22.0646,1.1944,4.0,22.0,1.399999976158142,0.06975724,0.040451065,0.4965596,0.4965596,-0.06895676,-0.041251544,0.06975724,0.040451065,0.4965596,0.4965596,-0.06895676,-0.041251544
131.637,3.9770,22.0642,1.1946,4.0,22.0,1.399999976158142,0.06811568,0.037937928,0.49469274,0.49469274,-0.06726226,-0.038791347,0.06811568,0.037937928,0.49469274,0.49469274,-0.06726226,-0.038791347
131.688,3.9773,22.0633,1.1950,4.0,22.0,1.399999976158142,0.06908325,0.039335582,0.49801177,0.49801177,-0.06825184,-0.040166993,0.06908325,0.039335582,0.49801177,0.49801177,-0.06825184,-0.040166993
131.737,3.9774,22.0629,1.1951,4.0,22.0,1.399999976158142,0.06756647,0.03686559,0.49757582,0.49757582,-0.06668026,-0.037751798,0.06756647,0.03686559,0.49757582,0.49757582,-0.06668026,-0.037751798
131.787,3.9777,22.0620,1.1952,4.0,22.0,1.399999976158142,0.06845392,0.0382312,0.50015986,0.50015986,-0.067590736,-0.039094385,0.06845392,0.0382312,0.50015986,0.50015986,-0.067590736,-0.039094385
131.838,3.9779,22.0617,1.1952,4.0,22.0,1.399999976158142,0.0670194,0.035762616,0.5009893,0.5009893,-0.066099584,-0.036682434,0.0670194,0.035762616,0.5009893,0.5009893,-0.066099584,-0.036682434
131.887,3.9782,22.0608,1.1951,4.0,22.0,1.399999976158142,0.0678442,0.037109718,0.50291735,0.50291735,-0.06694819,-0.038005732,0.0678442,0.037109718,0.50291735,0.50291735,-0.06694819,-0.038005732
131.937,3.9783,22.0604,1.1951,4.0,22.0,1.399999976158142,0.0664574,0.03460822,0.50486714,0.50486714,-0.06550293,-0.03556269,0.0664574,0.03460822,0.50486714,0.50486714,-0.06550293,-0.03556269
131.987,3.9784,22.0600,1.1950,4.0,22.0,1.399999976158142,0.067243345,0.03595846,0.50621367,0.50621367,-0.06631342,-0.03688838,0.067243345,0.03595846,0.50621367,0.50621367,-0.06631342,-0.03688838
132.038,3.9787,22.0591,1.1947,4.0,22.0,1.399999976158142,0.06710937,0.035651952,0.5077893,0.5077893,-0.06616846,-0.03659286,0.06710937,0.035651952,0.5077893,0.5077893,-0.06616846,-0.03659286
132.089,3.9789,22.0588,1.1945,4.0,22.0,1.399999976158142,0.06580142,0.033126626,0.5109786,0.5109786,-0.06480005,-0.034128,0.06580142,0.033126626,0.5109786,0.5109786,-0.06480005,-0.034128
132.138,3.9792,22.0579,1.1941,4.0,22.0,1.399999976158142,0.06656429,0.034523755,0.51167727,0.51167727,-0.065588966,-0.035499085,0.06656429,0.034523755,0.51167727,0.51167727,-0.065588966,-0.035499085
132.187,3.9795,22.0571,1.1936,4.0,22.0,1.399999976158142,0.065290816,0.031913448,0.5156743,0.5156743,-0.06425171,-0.03295255,0.065290816,0.031913448,0.5156743,0.5156743,-0.06425171,-0.03295255
132.237,3.9796,22.0567,1.1933,4.0,22.0,1.399999976158142,0.064960115,0.031114656,0.5185146,0.5185146,-0.06389665,-0.03217812,0.064960115,0.031114656,0.5185146,0.5185146,-0.06389665,-0.03217812
132.287,3.9799,22.0559,1.1927,4.0,22.0,1.399999976158142,0.06565357,0.032509767,0.51851416,0.51851416,-0.06461698,-0.03354636,0.06565357,0.032509767,0.51851416,0.51851416,-0.06461698,-0.03354636
132.337,3.9800,22.0555,1.1924,4.0,22.0,1.399999976158142,0.064557284,0.029978402,0.52339,0.52339,-0.06345552,-0.031080168,0.064557284,0.029978402,0.52339,0.52339,-0.06345552,-0.031080168
132.387,3.9803,22.0547,1.1923,4.0,22.0,1.399999976158142,0.15250422,0.06025562,1.0,1.0,-0.15022437,-0.06253546,0.15250422,0.06025562,1.0,1.0,-0.15022437,-0.06253546
132.437,3.9804,22.0543,1.1927,4.0,22.0,1.399999976158142,0.061951455,0.026895039,0.49904445,0.49904445,-0.06085671,-0.027989784,0.061951455,0.026895039,0.49904445,0.49904445,-0.06085671,-0.027989784
132.488,3.9807,22.0534,1.1935,4.0,22.0,1.399999976158142,0.062399838,0.028250221,0.49608463,0.49608463,-0.061340537,-0.029309522,0.062399838,0.028250221,0.49608463,0.49608463,-0.061340537,-0.029309522
132.537,3.9809,22.0530,1.1938,4.0,22.0,1.399999976158142,0.060961403,0.025785187,0.4928347,0.4928347,-0.05986394,-0.02688265,0.060961403,0.025785187,0.4928347,0.4928347,-0.05986394,-0.02688265
132.587,3.9812,22.0522,1.1944,4.0,22.0,1.399999976158142,0.061798014,0.027148115,0.49676505,0.49676505,-0.06071517,-0.02823096,0.061798014,0.027148115,0.49676505,0.49676505,-0.06071517,-0.02823096
132.637,3.9813,22.0518,1.1945,4.0,22.0,1.399999976158142,0.060519952,0.024757648,0.49517965,0.49517965,-0.05939645,-0.02588115,0.060519952,0.024757648,0.49517965,0.49517965,-0.05939645,-0.02588115
132.687,3.9816,22.0510,1.1948,4.0,22.0,1.399999976158142,0.061274234,0.026082821,0.49836683,0.49836683,-0.060166404,-0.027190654,0.061274234,0.026082821,0.49836683,0.49836683,-0.060166404,-0.027190654
132.738,3.9817,22.0507,1.1949,4.0,22.0,1.399999976158142,0.060108863,0.023735335,0.49818388,0.49818388,-0.058958832,-0.024885366,0.060108863,0.023735335,0.49818388,0.49818388,-0.058958832,-0.024885366
132.788,3.9820,22.0499,1.1950,4.0,22.0,1.399999976158142,0.060784154,0.025016215,0.50063634,0.50063634,-0.05965043,-0.026149938,0.060784154,0.025016215,0.50063634,0.50063634,-0.05965043,-0.026149938
132.838,3.9821,22.0495,1.1950,4.0,22.0,1.399999976158142,0.05968824,0.022661135,0.50168526,0.50168526,-0.058510654,-0.02383872,0.05968824,0.022661135,0.50168526,0.50168526,-0.058510654,-0.02383872
132.888,3.9823,22.0488,1.1949,4.0,22.0,1.399999976158142,0.0603137,0.02393762,0.50350374,0.50350374,-0.059153304,-0.02509802,0.0603137,0.02393762,0.50350374,0.50350374,-0.059153304,-0.02509802
132.938,3.9825,22.0484,1.1948,4.0,22.0,1.399999976158142,0.059275515,0.021577118,0.5056563,0.5056563,-0.058070023,-0.022782609,0.059275515,0.021577118,0.5056563,0.5056563,-0.058070023,-0.022782609
132.987,3.9826,22.0481,1.1947,4.0,22.0,1.399999976158142,0.059853196,0.022823256,0.5069036,0.5069036,-0.0586649,-0.024011554,0.059853196,0.022823256,0.5069036,0.5069036,-0.0586649,-0.024011554
133.037,3.9828,22.0473,1.1944,4.0,22.0,1.399999976158142,0.059757058,0.02252737,0.50849867,0.50849867,-0.05855947,-0.023724958,0.059757058,0.02252737,0.50849867,0.50849867,-0.05855947,-0.023724958
133.089,3.9831,22.0466,1.1939,4.0,22.0,1.399999976158142,0.058801524,0.020146564,0.5118382,0.5118382,-0.057556663,-0.021391423,0.058801524,0.020146564,0.5118382,0.5118382,-0.057556663,-0.021391423
133.137,3.9832,22.0463,1.1937,4.0,22.0,1.399999976158142,0.058551315,0.01939363,0.51458687,0.51458687,-0.057286933,-0.020658012,0.058551315,0.01939363,0.51458687,0.51458687,-0.057286933,-0.020658012
133.189,3.9835,22.0455,1.1932,4.0,22.0,1.399999976158142,0.059043974,0.020599961,0.5149513,0.5149513,-0.05779706,-0.021846876,0.059043974,0.020599961,0.5149513,0.5149513,-0.05779706,-0.021846876
133.237,3.9836,22.0452,1.1930,4.0,22.0,1.399999976158142,0.058266494,0.018338323,0.51932204,0.51932204,-0.05697121,-0.019633604,0.058266494,0.018338323,0.51932204,0.51932204,-0.05697121,-0.019633604
133.287,3.9838,22.0445,1.1924,4.0,22.0,1.399999976158142,0.058701046,0.019497117,0.5194218,0.5194218,-0.057423186,-0.02077498,0.058701046,0.019497117,0.5194218,0.5194218,-0.057423186,-0.02077498
133.338,3.9839,22.0442,1.1921,4.0,22.0,1.399999976158142,0.05797285,0.017150406,0.52429205,0.52429205,-0.056643106,-0.018480146,0.05797285,0.017150406,0.52429205,0.52429205,-0.056643106,-0.018480146
133.388,3.9842,22.0435,1.1919,4.0,22.0,1.399999976158142,0.13921751,0.030167263,1.0,1.0,-0.13642012,-0.03296465,0.13921751,0.030167263,1.0,1.0,-0.13642012,-0.03296465
133.437,3.9843,22.0431,1.1923,4.0,22.0,1.399999976158142,0.055930547,0.014473794,0.49987897,0.49987897,-0.05461856,-0.015785782,0.055930547,0.014473794,0.49987897,0.49987897,-0.05461856,-0.015785782
133.487,3.9846,22.0423,1.1931,4.0,22.0,1.399999976158142,0.056201503,0.015740082,0.4968961,0.4968961,-0.054916255,-0.017025327,0.056201503,0.015740082,0.4968961,0.4968961,-0.054916255,-0.017025327
133.538,3.9847,22.0420,1.1934,4.0,22.0,1.399999976158142,0.055186883,0.01337466,0.49367264,0.49367264,-0.053866733,-0.014694811,0.055186883,0.01337466,0.49367264,0.49367264,-0.053866733,-0.014694811
133.587,3.9849,22.0413,1.1940,4.0,22.0,1.399999976158142,0.055783283,0.014691632,0.4976199,0.4976199,-0.054476097,-0.015998818,0.055783283,0.014691632,0.4976199,0.4976199,-0.054476097,-0.015998818
133.638,3.9850,22.0410,1.1942,4.0,22.0,1.399999976158142,0.054902915,0.012389466,0.49602154,0.49602154,-0.053559173,-0.013733208,0.054902915,0.012389466,0.49602154,0.49602154,-0.053559173,-0.013733208
133.687,3.9853,22.0403,1.1944,4.0,22.0,1.399999976158142,0.055424917,0.013661349,0.49921203,0.49921203,-0.05409464,-0.014991625,0.055424917,0.013661349,0.49921203,0.49921203,-0.05409464,-0.014991625
133.737,3.9854,22.0400,1.1945,4.0,22.0,1.399999976158142,0.05465158,0.011423387,0.4990313,0.4990313,-0.0532841,-0.012790868,0.05465158,0.011423387,0.4990313,0.4990313,-0.0532841,-0.012790868
133.787,3.9856,22.0393,1.1946,4.0,22.0,1.399999976158142,0.05510101,0.012638602,0.5014777,0.5014777,-0.053747132,-0.01399248,0.05510101,0.012638602,0.5014777,0.5014777,-0.053747132,-0.01399248
133.838,3.9857,22.0390,1.1946,4.0,22.0,1.399999976158142,0.05439551,0.01041324,0.50252354,0.50252354,-0.053003587,-0.011805165,0.05439551,0.01041324,0.50252354,0.50252354,-0.053003587,-0.011805165
133.887,3.9858,22.0388,1.1946,4.0,22.0,1.399999976158142,0.054794528,0.011606202,0.5043386,0.5043386,-0.053416524,-0.012984207,0.054794528,0.011606202,0.5043386,0.5043386,-0.053416524,-0.012984207
133.937,3.9860,22.0381,1.1944,4.0,22.0,1.399999976158142,0.054728523,0.011312098,0.50579315,0.50579315,-0.053342085,-0.012698539,0.054728523,0.011312098,0.50579315,0.50579315,-0.053342085,-0.012698539
133.988,3.9862,22.0374,1.1941,4.0,22.0,1.399999976158142,0.05407663,0.009047385,0.5082075,0.5082075,-0.052650634,-0.0104733845,0.05407663,0.009047385,0.5082075,0.5082075,-0.052650634,-0.0104733845
134.038,3.9863,22.0372,1.1940,4.0,22.0,1.399999976158142,0.05389269,0.008280152,0.5107584,0.5107584,-0.052449424,-0.009723422,0.05389269,0.008280152,0.5107584,0.5107584,-0.052449424,-0.009723422
134.088,3.9866,22.0365,1.1936,4.0,22.0,1.399999976158142,0.054243002,0.00949872,0.51151836,0.51151836,-0.052814536,-0.010927185,0.054243002,0.00949872,0.51151836,0.51151836,-0.052814536,-0.010927185
134.137,3.9867,22.0363,1.1934,4.0,22.0,1.399999976158142,0.05370267,0.007214586,0.51532257,0.51532257,-0.052232023,-0.008685236,0.05370267,0.007214586,0.51532257,0.51532257,-0.052232023,-0.008685236
134.187,3.9869,22.0356,1.1929,4.0,22.0,1.399999976158142,0.054018423,0.008443755,0.51566386,0.51566386,-0.05256332,-0.009898859,0.054018423,0.008443755,0.51566386,0.51566386,-0.05256332,-0.009898859
134.238,3.9870,22.0354,1.1926,4.0,22.0,1.399999976158142,0.0535507,0.0061523123,0.5200628,0.5200628,-0.052051596,-0.0076514203,0.0535507,0.0061523123,0.5200628,0.5200628,-0.052051596,-0.0076514203
134.288,3.9872,22.0348,1.1920,4.0,22.0,1.399999976158142,0.053829674,0.007392527,0.52005535,0.52005535,-0.052346963,-0.00887524,0.053829674,0.007392527,0.52005535,0.52005535,-0.052346963,-0.00887524
134.338,3.9873,22.0345,1.1918,4.0,22.0,1.399999976158142,0.053441077,0.0051193633,0.5248645,0.5248645,-0.051912766,-0.006647676,0.053441077,0.0051193633,0.5248645,0.5248645,-0.051912766,-0.006647676
134.388,3.9875,22.0339,1.1917,4.0,22.0,1.399999976158142,0.13058862,0.0016268459,1.0,1.0,-0.1273513,-0.0048641604,0.13058862,0.0016268459,1.0,1.0,-0.1273513,-0.0048641604
134.438,3.9876,22.0336,1.1921,4.0,22.0,1.399999976158142,0.05191212,0.0027658797,0.50038606,0.50038606,-0.050408196,-0.0042698053,0.05191212,0.0027658797,0.50038606,0.50038606,-0.050408196,-0.0042698053
134.488,3.9878,22.0329,1.1929,4.0,22.0,1.399999976158142,0.05200963,0.0039599137,0.49746042,0.49746042,-0.050526522,-0.005443025,0.05200963,0.0039599137,0.49746042,0.49746042,-0.050526522,-0.005443025
134.538,3.9879,22.0326,1.1932,4.0,22.0,1.399999976158142,0.05141143,0.0016487857,0.4941669,0.4941669,-0.049892507,-0.0031677103,0.05141143,0.0016487857,0.4941669,0.4941669,-0.049892507,-0.0031677103
134.589,3.9881,22.0320,1.1937,4.0,22.0,1.399999976158142,0.05176107,0.0029253177,0.49813554,0.49813554,-0.050255287,-0.0044310973,0.05176107,0.0029253177,0.49813554,0.49813554,-0.050255287,-0.0044310973
134.637,3.9882,22.0317,1.1939,4.0,22.0,1.399999976158142,0.051296458,0.0007736128,0.49662477,0.49662477,-0.049755458,-0.0023146144,0.051296458,0.0007736128,0.49662477,0.49662477,-0.049755458,-0.0023146144
134.687,3.9884,22.0312,1.1942,4.0,22.0,1.399999976158142,0.051557496,0.0018712446,0.499633,0.499633,-0.050027873,-0.0034008685,0.051557496,0.0018712446,0.499633,0.499633,-0.050027873,-0.0034008685
134.737,3.9885,22.0309,1.1943,4.0,22.0,1.399999976158142,0.051168498,-0.0002614724,0.4994143,0.4994143,-0.049603138,-0.0013038841,0.051168498,-0.0002614724,0.4994143,0.4994143,-0.049603138,-0.0013038841
134.787,3.9887,22.0303,1.1944,4.0,22.0,1.399999976158142,0.051402282,0.00092054193,0.5019084,0.5019084,-0.04984991,-0.0024729155,0.051402282,0.00092054193,0.5019084,0.5019084,-0.04984991,-0.0024729155
134.837,3.9888,22.0301,1.1944,4.0,22.0,1.399999976158142,0.051057797,-0.001261267,0.5028512,0.5028512,-0.04946849,-0.00032803955,0.051057797,-0.001261267,0.5028512,0.5028512,-0.04946849,-0.00032803955
134.887,3.9888,22.0298,1.1944,4.0,22.0,1.399999976158142,0.051251493,-8.753647e-05,0.50471675,0.50471675,-0.049675405,-0.001488551,0.051251493,-8.753647e-05,0.50471675,0.50471675,-0.049675405,-0.001488551
134.937,3.9890,22.0293,1.1943,4.0,22.0,1.399999976158142,0.051225673,-0.00038480136,0.50615585,0.50615585,-0.049641125,-0.0011997451,0.051225673,-0.00038480136,0.50615585,0.50615585,-0.049641125,-0.0011997451
134.987,3.9892,22.0287,1.1940,4.0,22.0,1.399999976158142,0.050926775,-0.002583343,0.5084736,0.5084736,-0.049304806,0.0009613747,0.050926775,-0.002583343,0.5084736,0.5084736,-0.049304806,0.0009613747
135.038,3.9893,22.0285,1.1939,4.0,22.0,1.399999976158142,0.050844617,-0.0033407328,0.5109875,0.5109875,-0.049206298,0.0017024154,0.050844617,-0.0033407328,0.5109875,0.5109875,-0.049206298,0.0017024154
135.087,3.9895,22.0279,1.1935,4.0,22.0,1.399999976158142,0.050996397,-0.0021543042,0.51179075,0.51179075,-0.049371555,0.00052946195,0.050996397,-0.0021543042,0.51179075,0.51179075,-0.049371555,0.00052946195
135.137,3.9896,22.0277,1.1933,4.0,22.0,1.399999976158142,0.05078896,-0.004385888,0.51549494,0.51549494,-0.049125,0.002721928,0.05078896,-0.004385888,0.51549494,0.51549494,-0.049125,0.002721928
135.187,3.9898,22.0272,1.1928,4.0,22.0,1.399999976158142,0.050910827,-0.003195201,0.5158797,0.5158797,-0.049260676,0.0015450466,0.050910827,-0.003195201,0.5158797,0.5158797,-0.049260676,0.0015450466
135.237,3.9898,22.0269,1.1926,4.0,22.0,1.399999976158142,0.050765343,-0.0054129423,0.5201563,0.5201563,-0.04907529,0.0037228893,0.050765343,-0.0054129423,0.5201563,0.5201563,-0.04907529,0.0037228893
135.287,3.9900,22.0264,1.1920,4.0,22.0,1.399999976158142,0.050854824,-0.0042291633,0.52021646,0.52021646,-0.04917881,0.0025531456,0.050854824,-0.0042291633,0.52021646,0.52021646,-0.04917881,0.0025531456
135.337,3.9901,22.0262,1.1917,4.0,22.0,1.399999976158142,0.050770495,-0.006446948,0.52491117,0.52491117,-0.04905347,0.0047299233,0.050770495,-0.006446948,0.52491117,0.52491117,-0.04905347,0.0047299233
135.387,3.9903,22.0256,1.1916,4.0,22.0,1.399999976158142,0.12686111,-0.02624158,1.0,1.0,-0.12320511,0.02258558,0.12686111,-0.02624158,1.0,1.0,-0.12320511,0.02258558
135.438,3.9904,22.0254,1.1920,4.0,22.0,1.399999976158142,0.04963473,-0.008488259,0.5003311,0.5003311,-0.04795258,0.006806114,0.04963473,-0.008488259,0.5003311,0.5003311,-0.04795258,0.006806114
135.488,3.9906,22.0248,1.1929,4.0,22.0,1.399999976158142,0.049563054,-0.0073221587,0.4974829,0.4974829,-0.04789897,0.0056580775,0.049563054,-0.0073221587,0.4974829,0.4974829,-0.04789897,0.0056580775
135.537,3.9906,22.0245,1.1932,4.0,22.0,1.399999976158142,0.049236935,-0.009557537,0.49411127,0.49411127,-0.047543146,0.007863749,0.049236935,-0.009557537,0.49411127,0.49411127,-0.047543146,0.007863749
135.587,3.9908,22.0240,1.1937,4.0,22.0,1.399999976158142,0.049418725,-0.008347149,0.4980719,0.4980719,-0.047734752,0.006663178,0.049418725,-0.008347149,0.4980719,0.4980719,-0.047734752,0.006663178
135.637,3.9909,22.0238,1.1939,4.0,22.0,1.399999976158142,0.049188565,-0.010497735,0.49634618,0.49634618,-0.04747526,0.008784426,0.049188565,-0.010497735,0.49634618,0.49634618,-0.04747526,0.008784426
135.687,3.9910,22.0235,1.1941,4.0,22.0,1.399999976158142,0.049325474,-0.0093091875,0.49961782,0.49961782,-0.047621872,0.007605587,0.049325474,-0.0093091875,0.49961782,0.49961782,-0.047621872,0.007605587
135.737,3.9911,22.0230,1.1944,4.0,22.0,1.399999976158142,0.049317624,-0.009585194,0.50070685,0.50070685,-0.047606908,0.007874476,0.049317624,-0.009585194,0.50070685,0.50070685,-0.047606908,0.007874476
135.787,3.9912,22.0228,1.1944,4.0,22.0,1.399999976158142,0.049172502,-0.01166674,0.5007586,0.5007586,-0.047433123,0.009927361,0.049172502,-0.01166674,0.5007586,0.5007586,-0.047433123,0.009927361
135.837,3.9914,22.0223,1.1945,4.0,22.0,1.399999976158142,0.049252253,-0.010549413,0.50307673,0.50307673,-0.047521938,0.008819096,0.049252253,-0.010549413,0.50307673,0.50307673,-0.047521938,0.008819096
135.887,3.9915,22.0221,1.1944,4.0,22.0,1.399999976158142,0.049138837,-0.012623743,0.5043098,0.5043098,-0.047380418,0.010865325,0.049138837,-0.012623743,0.5043098,0.5043098,-0.047380418,0.010865325
135.937,3.9916,22.0216,1.1943,4.0,22.0,1.399999976158142,0.04918814,-0.011525342,0.50602114,0.50602114,-0.04743855,0.009775754,0.04918814,-0.011525342,0.50602114,0.50602114,-0.04743855,0.009775754
135.987,3.9918,22.0211,1.1941,4.0,22.0,1.399999976158142,0.049091637,-0.013622371,0.50828564,0.50828564,-0.04731452,0.0118452525,0.049091637,-0.013622371,0.50828564,0.50828564,-0.04731452,0.0118452525
136.038,3.9919,22.0209,1.1939,4.0,22.0,1.399999976158142,0.049059436,-0.014329292,0.5107859,0.5107859,-0.04727061,0.012540469,0.049059436,-0.014329292,0.5107859,0.5107859,-0.04727061,0.012540469
136.087,3.9920,22.0204,1.1935,4.0,22.0,1.399999976158142,0.049089722,-0.013214061,0.5116144,0.5116144,-0.04730928,0.011433618,0.049089722,-0.013214061,0.5116144,0.5116144,-0.04730928,0.011433618
136.137,3.9921,22.0202,1.1934,4.0,22.0,1.399999976158142,0.049054515,-0.015316016,0.5152714,0.5152714,-0.047247108,0.013508609,0.049054515,-0.015316016,0.5152714,0.5152714,-0.047247108,0.013508609
136.187,3.9922,22.0198,1.1929,4.0,22.0,1.399999976158142,0.04906701,-0.014194348,0.51567805,0.51567805,-0.047267728,0.012395064,0.04906701,-0.014194348,0.51567805,0.51567805,-0.047267728,0.012395064
136.237,3.9923,22.0196,1.1926,4.0,22.0,1.399999976158142,0.049073257,-0.01628256,0.51991516,0.51991516,-0.047247194,0.014456496,0.049073257,-0.01628256,0.51991516,0.51991516,-0.047247194,0.014456496
136.287,3.9925,22.0191,1.1921,4.0,22.0,1.399999976158142,0.049064036,-0.01517363,0.519995,0.519995,-0.04724585,0.013355444,0.049064036,-0.01517363,0.519995,0.519995,-0.04724585,0.013355444
136.337,3.9925,22.0189,1.1918,4.0,22.0,1.399999976158142,0.049111806,-0.017264722,0.52466047,0.52466047,-0.04726677,0.015419687,0.049111806,-0.017264722,0.52466047,0.52466047,-0.04726677,0.015419687
136.388,3.9927,22.0184,1.1917,4.0,22.0,1.399999976158142,0.12580918,-0.05277791,1.0,1.0,-0.12184806,0.048816796,0.12580918,-0.05277791,1.0,1.0,-0.12184806,0.048816796
136.437,3.9928,22.0182,1.1921,4.0,22.0,1.399999976158142,0.048189215,-0.018913463,0.50006205,0.50006205,-0.046397597,0.017121844,0.048189215,-0.018913463,0.50006205,0.50006205,-0.046397597,0.017121844
136.487,3.9930,22.0177,1.1930,4.0,22.0,1.399999976158142,0.04801498,-0.017805582,0.49722597,0.49722597,-0.04623586,0.016026458,0.04801498,-0.017805582,0.49722597,0.49722597,-0.04623586,0.016026458
136.539,3.9930,22.0175,1.1933,4.0,22.0,1.399999976158142,0.04769066,-0.019804245,0.4937561,0.4937561,-0.045903277,0.018016858,0.04769066,-0.019804245,0.4937561,0.4937561,-0.045903277,0.018016858
136.587,3.9932,22.0170,1.1939,4.0,22.0,1.399999976158142,0.047871295,-0.018683648,0.4979116,0.4979116,-0.04608294,0.016895294,0.047871295,-0.018683648,0.4979116,0.4979116,-0.04608294,0.016895294
136.637,3.9933,22.0168,1.1941,4.0,22.0,1.399999976158142,0.04763627,-0.020669647,0.4959908,0.4959908,-0.045838933,0.01887231,0.04763627,-0.020669647,0.4959908,0.4959908,-0.045838933,0.01887231
136.690,3.9933,22.0166,1.1942,4.0,22.0,1.399999976158142,0.04776739,-0.019579927,0.49935427,0.49935427,-0.045969382,0.01778192,0.04776739,-0.019579927,0.49935427,0.49935427,-0.045969382,0.01778192
136.739,3.9935,22.0161,1.1945,4.0,22.0,1.399999976158142,0.04775853,-0.019777663,0.50056624,0.50056624,-0.045956306,0.017975438,0.04775853,-0.019777663,0.50056624,0.50056624,-0.045956306,0.017975438
136.787,3.9936,22.0157,1.1946,4.0,22.0,1.399999976158142,0.047612306,-0.02170102,0.50051856,0.50051856,-0.045800805,0.019889517,0.047612306,-0.02170102,0.50051856,0.50051856,-0.045800805,0.019889517
136.838,3.9937,22.0155,1.1946,4.0,22.0,1.399999976158142,0.047574405,-0.022352822,0.5024231,0.5024231,-0.045757405,0.020535823,0.047574405,-0.022352822,0.5024231,0.5024231,-0.045757405,0.020535823
136.888,3.9938,22.0151,1.1945,4.0,22.0,1.399999976158142,0.047622323,-0.021304084,0.50434315,0.50434315,-0.04580508,0.019486845,0.047622323,-0.021304084,0.50434315,0.50434315,-0.04580508,0.019486845
136.938,3.9939,22.0149,1.1944,4.0,22.0,1.399999976158142,0.047519416,-0.023154423,0.5063293,0.5063293,-0.04569376,0.021328768,0.047519416,-0.023154423,0.5063293,0.5063293,-0.04569376,0.021328768
136.987,3.9940,22.0144,1.1942,4.0,22.0,1.399999976158142,0.04755327,-0.022189755,0.50764865,0.50764865,-0.045726873,0.020363357,0.04755327,-0.022189755,0.50764865,0.50764865,-0.045726873,0.020363357
137.038,3.9941,22.0143,1.1940,4.0,22.0,1.399999976158142,0.047477946,-0.02404464,0.5105636,0.5105636,-0.045643516,0.02221021,0.047477946,-0.02404464,0.5105636,0.5105636,-0.045643516,0.02221021
137.089,3.9942,22.0138,1.1937,4.0,22.0,1.399999976158142,0.047500968,-0.023068402,0.51138455,0.51138455,-0.045665503,0.021232938,0.047500968,-0.023068402,0.51138455,0.51138455,-0.045665503,0.021232938
137.138,3.9943,22.0137,1.1935,4.0,22.0,1.399999976158142,0.047460046,-0.024862925,0.51502293,0.51502293,-0.045616712,0.023019591,0.047460046,-0.024862925,0.51502293,0.51502293,-0.045616712,0.023019591
137.188,3.9945,22.0132,1.1930,4.0,22.0,1.399999976158142,0.047465622,-0.023970153,0.5154895,0.5154895,-0.045621034,0.022125563,0.047465622,-0.023970153,0.5154895,0.5154895,-0.045621034,0.022125563
137.237,3.9945,22.0131,1.1927,4.0,22.0,1.399999976158142,0.047458563,-0.025794411,0.5197102,0.5197102,-0.0456062,0.023942046,0.047458563,-0.025794411,0.5197102,0.5197102,-0.0456062,0.023942046
137.287,3.9946,22.0127,1.1922,4.0,22.0,1.399999976158142,0.04744559,-0.024816142,0.5197689,0.5197689,-0.04559204,0.022962589,0.04744559,-0.024816142,0.5197689,0.5197689,-0.04559204,0.022962589
137.338,3.9947,22.0125,1.1919,4.0,22.0,1.399999976158142,0.047471978,-0.026654677,0.5244355,0.5244355,-0.04561065,0.024793351,0.047471978,-0.026654677,0.5244355,0.5244355,-0.04561065,0.024793351
137.388,3.9948,22.0121,1.1918,4.0,22.0,1.399999976158142,0.12479758,-0.07617143,1.0,1.0,-0.12076538,0.07213923,0.12479758,-0.07617143,1.0,1.0,-0.12076538,0.07213923
137.437,3.9949,22.0118,1.1922,4.0,22.0,1.399999976158142,0.046660032,-0.027897876,0.4998597,0.4998597,-0.04486892,0.026106765,0.046660032,-0.027897876,0.4998597,0.4998597,-0.04486892,0.026106765
137.488,3.9950,22.0116,1.1926,4.0,22.0,1.399999976158142,0.04645529,-0.026891198,0.4970238,0.4970238,-0.044669494,0.025105402,0.04645529,-0.026891198,0.4970238,0.4970238,-0.044669494,0.025105402
137.538,3.9952,22.0112,1.1934,4.0,22.0,1.399999976158142,0.046382412,-0.027102882,0.497586,0.497586,-0.044596743,0.025317213,0.046382412,-0.027102882,0.497586,0.497586,-0.044596743,0.025317213
137.589,3.9953,22.0108,1.1940,4.0,22.0,1.399999976158142,0.04593401,-0.028692402,0.49464116,0.49464116,-0.044164073,0.026922464,0.04593401,-0.028692402,0.49464116,0.49464116,-0.044164073,0.026922464
137.638,3.9954,22.0106,1.1942,4.0,22.0,1.399999976158142,0.045881838,-0.029103799,0.49607125,0.49607125,-0.04411189,0.027333854,0.045881838,-0.029103799,0.49607125,0.49607125,-0.04411189,0.027333854
137.689,3.9955,22.0102,1.1945,4.0,22.0,1.399999976158142,0.046062928,-0.028384915,0.49912408,0.49912408,-0.044281818,0.026603807,0.046062928,-0.028384915,0.49912408,0.49912408,-0.044281818,0.026603807
137.738,3.9956,22.0100,1.1946,4.0,22.0,1.399999976158142,0.04579263,-0.029812044,0.49896124,0.49896124,-0.044022553,0.028041966,0.04579263,-0.029812044,0.49896124,0.49896124,-0.044022553,0.028041966
137.787,3.9957,22.0096,1.1947,4.0,22.0,1.399999976158142,0.04593068,-0.02909838,0.5013639,0.5013639,-0.044150136,0.027317835,0.04593068,-0.02909838,0.5013639,0.5013639,-0.044150136,0.027317835
137.837,3.9957,22.0095,1.1947,4.0,22.0,1.399999976158142,0.045702703,-0.030583093,0.50231445,0.50231445,-0.04393259,0.028812982,0.045702703,-0.030583093,0.50231445,0.50231445,-0.04393259,0.028812982
137.887,3.9959,22.0091,1.1946,4.0,22.0,1.399999976158142,0.045810807,-0.02980754,0.50418174,0.50418174,-0.044030335,0.02802707,0.045810807,-0.02980754,0.50418174,0.50418174,-0.044030335,0.02802707
137.938,3.9959,22.0089,1.1945,4.0,22.0,1.399999976158142,0.04560569,-0.031339876,0.5062022,0.5062022,-0.043835226,0.029569415,0.04560569,-0.031339876,0.5062022,0.5062022,-0.043835226,0.029569415
137.987,3.9961,22.0085,1.1942,4.0,22.0,1.399999976158142,0.045694068,-0.030552069,0.50751,0.50751,-0.043913715,0.028771717,0.045694068,-0.030552069,0.50751,0.50751,-0.043913715,0.028771717
138.037,3.9961,22.0084,1.1941,4.0,22.0,1.399999976158142,0.045524307,-0.032114726,0.510462,0.510462,-0.043753434,0.030343853,0.045524307,-0.032114726,0.510462,0.510462,-0.043753434,0.030343853
138.087,3.9962,22.0080,1.1937,4.0,22.0,1.399999976158142,0.045595948,-0.031305328,0.51125836,0.51125836,-0.043815393,0.029524773,0.045595948,-0.031305328,0.51125836,0.51125836,-0.043815393,0.029524773
138.137,3.9963,22.0078,1.1935,4.0,22.0,1.399999976158142,0.045466844,-0.032861818,0.5149569,0.5149569,-0.043694925,0.031089898,0.045466844,-0.032861818,0.5149569,0.5149569,-0.043694925,0.031089898
138.189,3.9964,22.0077,1.1933,4.0,22.0,1.399999976158142,0.045516174,-0.03205662,0.5153409,0.5153409,-0.043735065,0.030275505,0.045516174,-0.03205662,0.5153409,0.5153409,-0.043735065,0.030275505
138.238,3.9965,22.0073,1.1928,4.0,22.0,1.399999976158142,0.045502003,-0.032256532,0.5171087,0.5171087,-0.043719172,0.030473702,0.045502003,-0.032256532,0.5171087,0.5171087,-0.043719172,0.030473702
138.289,3.9965,22.0072,1.1926,4.0,22.0,1.399999976158142,0.04542105,-0.033869002,0.5216055,0.5216055,-0.04364652,0.032094475,0.04542105,-0.033869002,0.5216055,0.5216055,-0.04364652,0.032094475
138.337,3.9966,22.0068,1.1920,4.0,22.0,1.399999976158142,0.045444015,-0.03301625,0.52151036,0.52151036,-0.04366035,0.03123258,0.045444015,-0.03301625,0.52151036,0.52151036,-0.04366035,0.03123258
138.388,3.9968,22.0064,1.1921,4.0,22.0,1.399999976158142,0.122467145,-0.09547606,1.0,1.0,-0.11859469,0.091603614,0.122467145,-0.09547606,1.0,1.0,-0.11859469,0.091603614
138.437,3.9969,22.0062,1.1926,4.0,22.0,1.399999976158142,0.044507768,-0.035147097,0.49783581,0.49783581,-0.042818636,0.03345796,0.044507768,-0.035147097,0.49783581,0.49783581,-0.042818636,0.03345796
138.487,3.9970,22.0058,1.1936,4.0,22.0,1.399999976158142,0.044374928,-0.03430419,0.49562064,0.49562064,-0.042682942,0.0326122,0.044374928,-0.03430419,0.49562064,0.49562064,-0.042682942,0.0326122
138.538,3.9971,22.0056,1.1940,4.0,22.0,1.399999976158142,0.043638896,-0.035448957,0.49125862,0.49125862,-0.041983705,0.033793766,0.043638896,-0.035448957,0.49125862,0.49125862,-0.041983705,0.033793766
138.588,3.9972,22.0052,1.1947,4.0,22.0,1.399999976158142,0.044063028,-0.034860667,0.49586397,0.49586397,-0.042383254,0.033180892,0.044063028,-0.034860667,0.49586397,0.49586397,-0.042383254,0.033180892
138.638,3.9973,22.0051,1.1950,4.0,22.0,1.399999976158142,0.043477613,-0.03600973,0.4932065,0.4932065,-0.041830003,0.034362115,0.043477613,-0.03600973,0.4932065,0.4932065,-0.041830003,0.034362115
138.687,3.9974,22.0047,1.1954,4.0,22.0,1.399999976158142,0.043814953,-0.035421774,0.49696693,0.49696693,-0.042145338,0.03375216,0.043814953,-0.035421774,0.49696693,0.49696693,-0.042145338,0.03375216
138.737,3.9974,22.0046,1.1956,4.0,22.0,1.399999976158142,0.043360762,-0.03653908,0.49595374,0.49595374,-0.041718736,0.034897055,0.043360762,-0.03653908,0.49595374,0.49595374,-0.041718736,0.034897055
138.787,3.9975,22.0042,1.1958,4.0,22.0,1.399999976158142,0.043613728,-0.0359765,0.49884465,0.49884465,-0.041952543,0.034315318,0.043613728,-0.0359765,0.49884465,0.49884465,-0.041952543,0.034315318
138.837,3.9976,22.0041,1.1958,4.0,22.0,1.399999976158142,0.04324746,-0.037103787,0.4991882,0.4991882,-0.041610986,0.03546731,0.04324746,-0.037103787,0.4991882,0.4991882,-0.041610986,0.03546731
138.888,3.9977,22.0038,1.1958,4.0,22.0,1.399999976158142,0.043440726,-0.03653973,0.5013736,0.5013736,-0.041786827,0.03488583,0.043440726,-0.03653973,0.5013736,0.5013736,-0.041786827,0.03488583
138.938,3.9977,22.0036,1.1958,4.0,22.0,1.399999976158142,0.043126445,-0.03770257,0.50290453,0.50290453,-0.041495305,0.036071427,0.043126445,-0.03770257,0.50290453,0.50290453,-0.041495305,0.036071427
138.988,3.9979,22.0033,1.1956,4.0,22.0,1.399999976158142,0.04327646,-0.037132274,0.5044658,0.5044658,-0.041629344,0.03548516,0.04327646,-0.037132274,0.5044658,0.5044658,-0.041629344,0.03548516
139.038,3.9979,22.0032,1.1955,4.0,22.0,1.399999976158142,0.04300626,-0.038325615,0.50702894,0.50702894,-0.04138035,0.0366997,0.04300626,-0.038325615,0.50702894,0.50702894,-0.04138035,0.0366997
139.088,3.9980,22.0030,1.1953,4.0,22.0,1.399999976158142,0.043131284,-0.03773965,0.5080483,0.5080483,-0.041490324,0.03609869,0.043131284,-0.03773965,0.5080483,0.5080483,-0.041490324,0.03609869
139.138,3.9981,22.0027,1.1949,4.0,22.0,1.399999976158142,0.043095242,-0.03791558,0.5096887,0.5096887,-0.041454677,0.036275014,0.043095242,-0.03791558,0.5096887,0.5096887,-0.041454677,0.036275014
139.188,3.9982,22.0024,1.1945,4.0,22.0,1.399999976158142,0.042884074,-0.0391493,0.5133349,0.5133349,-0.041263033,0.037528258,0.042884074,-0.0391493,0.5133349,0.5133349,-0.041263033,0.037528258
139.238,3.9982,22.0023,1.1943,4.0,22.0,1.399999976158142,0.042828128,-0.03958467,0.51609606,0.51609606,-0.04121113,0.03796767,0.042828128,-0.03958467,0.51609606,0.51609606,-0.04121113,0.03796767
139.289,3.9983,22.0020,1.1937,4.0,22.0,1.399999976158142,0.04290209,-0.038961,0.51625526,0.51625526,-0.041271403,0.037330315,0.04290209,-0.038961,0.51625526,0.51625526,-0.041271403,0.037330315
139.337,3.9984,22.0018,1.1935,4.0,22.0,1.399999976158142,0.04276402,-0.040175665,0.5207676,0.5207676,-0.041150283,0.038561925,0.04276402,-0.040175665,0.5207676,0.5207676,-0.041150283,0.038561925
139.388,3.9985,22.0015,1.1934,4.0,22.0,1.399999976158142,0.11898975,-0.11081067,1.0,1.0,-0.11542435,0.107245274,0.11898975,-0.11081067,1.0,1.0,-0.11542435,0.107245274
139.438,3.9985,22.0013,1.1938,4.0,22.0,1.399999976158142,0.042101998,-0.04070764,0.49641213,0.49641213,-0.040569775,0.039175417,0.042101998,-0.04070764,0.49641213,0.49641213,-0.040569775,0.039175417
139.487,3.9987,22.0010,1.1946,4.0,22.0,1.399999976158142,0.041903224,-0.039970417,0.49353105,0.49353105,-0.040367547,0.03843474,0.041903224,-0.039970417,0.49353105,0.49353105,-0.040367547,0.03843474
139.537,3.9987,22.0008,1.1949,4.0,22.0,1.399999976158142,0.041027643,-0.04073431,0.49014303,0.49014303,-0.03953752,0.039244186,0.041027643,-0.04073431,0.49014303,0.49014303,-0.03953752,0.039244186
139.587,3.9988,22.0005,1.1955,4.0,22.0,1.399999976158142,0.041525114,-0.04037491,0.4942136,0.4942136,-0.040006287,0.038856085,0.041525114,-0.04037491,0.4942136,0.4942136,-0.040006287,0.038856085
139.638,3.9989,22.0004,1.1957,4.0,22.0,1.399999976158142,0.040827356,-0.041176125,0.49257767,0.49257767,-0.039347246,0.039696015,0.040827356,-0.041176125,0.49257767,0.49257767,-0.039347246,0.039696015
139.687,3.9990,22.0001,1.1960,4.0,22.0,1.399999976158142,0.04123076,-0.040798225,0.49585298,0.49585298,-0.039725173,0.039292637,0.04123076,-0.040798225,0.49585298,0.49585298,-0.039725173,0.039292637
139.737,3.9990,21.9999,1.1960,4.0,22.0,1.399999976158142,0.04064984,-0.041643724,0.4956533,0.4956533,-0.03917854,0.040172424,0.04064984,-0.041643724,0.4956533,0.4956533,-0.03917854,0.040172424
139.787,3.9992,21.9996,1.1961,4.0,22.0,1.399999976158142,0.040972386,-0.041246507,0.4981377,0.4981377,-0.039478496,0.039752617,0.040972386,-0.041246507,0.4981377,0.4981377,-0.039478496,0.039752617
139.838,3.9992,21.9995,1.1961,4.0,22.0,1.399999976158142,0.040491465,-0.04212379,0.4992861,0.4992861,-0.039027296,0.04065962,0.040491465,-0.04212379,0.4992861,0.4992861,-0.039027296,0.04065962
139.888,3.9992,21.9994,1.1960,4.0,22.0,1.399999976158142,0.040741105,-0.04171865,0.50106895,0.50106895,-0.03925725,0.040234797,0.040741105,-0.04171865,0.50106895,0.50106895,-0.03925725,0.040234797
139.938,3.9993,21.9991,1.1959,4.0,22.0,1.399999976158142,0.040674616,-0.041868336,0.5025497,0.5025497,-0.039192516,0.040386237,0.040674616,-0.041868336,0.5025497,0.5025497,-0.039192516,0.040386237
139.987,3.9994,21.9990,1.1957,4.0,22.0,1.399999976158142,0.040275984,-0.04281804,0.5051475,0.5051475,-0.038819823,0.041361883,0.040275984,-0.04281804,0.5051475,0.5051475,-0.038819823,0.041361883
140.038,3.9995,21.9987,1.1954,4.0,22.0,1.399999976158142,0.040475816,-0.04237167,0.5061654,0.5061654,-0.03900208,0.040897936,0.040475816,-0.04237167,0.5061654,0.5061654,-0.03900208,0.040897936
140.087,3.9996,21.9984,1.1949,4.0,22.0,1.399999976158142,0.040144883,-0.043348126,0.50965387,0.50965387,-0.03869415,0.041897394,0.040144883,-0.043348126,0.50965387,0.50965387,-0.03869415,0.041897394
140.137,3.9996,21.9983,1.1947,4.0,22.0,1.399999976158142,0.04006318,-0.04373138,0.5124776,0.5124776,-0.038617253,0.042285454,0.04006318,-0.04373138,0.5124776,0.5124776,-0.038617253,0.042285454
140.187,3.9997,21.9980,1.1942,4.0,22.0,1.399999976158142,0.040200338,-0.04324674,0.512702,0.512702,-0.038739275,0.041785676,0.040200338,-0.04324674,0.512702,0.512702,-0.038739275,0.041785676
140.238,3.9998,21.9979,1.1939,4.0,22.0,1.399999976158142,0.039964087,-0.04428088,0.51729816,0.51729816,-0.038522914,0.04283971,0.039964087,-0.04428088,0.51729816,0.51729816,-0.038522914,0.04283971
140.287,3.9999,21.9976,1.1933,4.0,22.0,1.399999976158142,0.040069085,-0.04378252,0.5171972,0.5171972,-0.038613837,0.042327274,0.040069085,-0.04378252,0.5171972,0.5171972,-0.038613837,0.042327274
140.337,3.9999,21.9975,1.1930,4.0,22.0,1.399999976158142,0.039882805,-0.044848647,0.52221256,0.52221256,-0.03844585,0.043411687,0.039882805,-0.044848647,0.52221256,0.52221256,-0.03844585,0.043411687
140.388,4.0000,21.9972,1.1929,4.0,22.0,1.399999976158142,0.113388725,-0.12190817,1.0,1.0,-0.11021342,0.11873288,0.113388725,-0.12190817,1.0,1.0,-0.11021342,0.11873288
140.438,4.0000,21.9970,1.1932,4.0,22.0,1.399999976158142,0.03932358,-0.045100313,0.49794385,0.49794385,-0.037961006,0.04373774,0.03932358,-0.045100313,0.49794385,0.49794385,-0.037961006,0.04373774
140.488,4.0002,21.9967,1.1940,4.0,22.0,1.399999976158142,0.039137203,-0.044431027,0.49492007,0.49492007,-0.037770323,0.043064147,0.039137203,-0.044431027,0.49492007,0.49492007,-0.037770323,0.043064147
140.538,4.0002,21.9966,1.1943,4.0,22.0,1.399999976158142,0.03816312,-0.04495584,0.49181476,0.49181476,-0.036840316,0.043633033,0.03816312,-0.04495584,0.49181476,0.49181476,-0.036840316,0.043633033
140.587,4.0003,21.9963,1.1948,4.0,22.0,1.399999976158142,0.03871509,-0.044743564,0.49573004,0.49573004,-0.037364595,0.043393068,0.03871509,-0.044743564,0.49573004,0.49573004,-0.037364595,0.043393068
140.637,4.0004,21.9962,1.1950,4.0,22.0,1.399999976158142,0.037939478,-0.045327786,0.49434435,0.49434435,-0.036625646,0.04401396,0.037939478,-0.045327786,0.49434435,0.49434435,-0.036625646,0.04401396
140.687,4.0005,21.9959,1.1952,4.0,22.0,1.399999976158142,0.03838394,-0.045088023,0.49745446,0.49745446,-0.037046175,0.043750264,0.03838394,-0.045088023,0.49745446,0.49745446,-0.037046175,0.043750264
140.738,4.0005,21.9958,1.1953,4.0,22.0,1.399999976158142,0.03775471,-0.0457158,0.49752423,0.49752423,-0.036447868,0.044408962,0.03775471,-0.0457158,0.49752423,0.49752423,-0.036447868,0.044408962
140.788,4.0005,21.9957,1.1953,4.0,22.0,1.399999976158142,0.0381025,-0.045452904,0.4998691,0.4998691,-0.036775187,0.04412559,0.0381025,-0.045452904,0.4998691,0.4998691,-0.036775187,0.04412559
140.838,4.0006,21.9954,1.1953,4.0,22.0,1.399999976158142,0.03802164,-0.04557163,0.5012052,0.5012052,-0.03669619,0.044246174,0.03802164,-0.04557163,0.5012052,0.5012052,-0.03669619,0.044246174
140.888,4.0007,21.9951,1.1952,4.0,22.0,1.399999976158142,0.037513535,-0.04628428,0.5028582,0.5028582,-0.036214057,0.044984806,0.037513535,-0.04628428,0.5028582,0.5028582,-0.036214057,0.044984806
140.938,4.0008,21.9950,1.1951,4.0,22.0,1.399999976158142,0.037392933,-0.04660997,0.50527143,0.50527143,-0.03609846,0.0453155,0.037392933,-0.04660997,0.50527143,0.50527143,-0.03609846,0.0453155
140.987,4.0009,21.9948,1.1947,4.0,22.0,1.399999976158142,0.03762438,-0.046276905,0.5063929,0.5063929,-0.036313675,0.0449662,0.03762438,-0.046276905,0.5063929,0.5063929,-0.036313675,0.0449662
141.037,4.0009,21.9947,1.1946,4.0,22.0,1.399999976158142,0.037243612,-0.04708269,0.5097023,0.5097023,-0.03595401,0.045793086,0.037243612,-0.04708269,0.5097023,0.5097023,-0.03595401,0.045793086
141.088,4.0010,21.9944,1.1941,4.0,22.0,1.399999976158142,0.037432916,-0.0467172,0.51031744,0.51031744,-0.036128603,0.045412887,0.037432916,-0.0467172,0.51031744,0.51031744,-0.036128603,0.045412887
141.138,4.0010,21.9943,1.1939,4.0,22.0,1.399999976158142,0.037124477,-0.04755545,0.51433307,0.51433307,-0.035838827,0.0462698,0.037124477,-0.04755545,0.51433307,0.51433307,-0.035838827,0.0462698
141.187,4.0011,21.9941,1.1934,4.0,22.0,1.399999976158142,0.0372721,-0.047166504,0.5145575,0.5145575,-0.035973083,0.045867488,0.0372721,-0.047166504,0.5145575,0.5145575,-0.035973083,0.045867488
141.237,4.0011,21.9940,1.1931,4.0,22.0,1.399999976158142,0.03701868,-0.048068784,0.51917547,0.51917547,-0.03573731,0.046787415,0.03701868,-0.048068784,0.51917547,0.51917547,-0.03573731,0.046787415
141.287,4.0012,21.9937,1.1925,4.0,22.0,1.399999976158142,0.0371325,-0.04764633,0.5190243,0.5190243,-0.03583854,0.046352364,0.0371325,-0.04764633,0.5190243,0.5190243,-0.03583854,0.046352364
141.337,4.0012,21.9936,1.1922,4.0,22.0,1.399999976158142,0.036939222,-0.048569866,0.5239709,0.5239709,-0.035661083,0.047291726,0.036939222,-0.048569866,0.5239709,0.5239709,-0.035661083,0.047291726
141.388,4.0013,21.9934,1.1921,4.0,22.0,1.399999976158142,0.10700672,-0.1302677,1.0,1.0,-0.104193486,0.12745446,0.10700672,-0.1302677,1.0,1.0,-0.104193486,0.12745446
141.438,4.0014,21.9932,1.1925,4.0,22.0,1.399999976158142,0.036497414,-0.048619494,0.49955237,0.49955237,-0.03528588,0.04740796,0.036497414,-0.048619494,0.49955237,0.49955237,-0.03528588,0.04740796
141.487,4.0014,21.9931,1.1928,4.0,22.0,1.399999976158142,0.03630593,-0.048015445,0.4965915,0.4965915,-0.035090886,0.0468004,0.03630593,-0.048015445,0.4965915,0.4965915,-0.035090886,0.0468004
141.538,4.0015,21.9928,1.1936,4.0,22.0,1.399999976158142,0.03614847,-0.04808061,0.4971763,0.4971763,-0.034937747,0.046869885,0.03614847,-0.04808061,0.4971763,0.4971763,-0.034937747,0.046869885
141.588,4.0016,21.9927,1.1938,4.0,22.0,1.399999976158142,0.035224903,-0.048456684,0.49449944,0.49449944,-0.034051422,0.047283206,0.035224903,-0.048456684,0.49449944,0.49449944,-0.034051422,0.047283206
141.638,4.0017,21.9924,1.1943,4.0,22.0,1.399999976158142,0.035759114,-0.04834272,0.49824837,0.49824837,-0.034561623,0.04714523,0.035759114,-0.04834272,0.49824837,0.49824837,-0.034561623,0.04714523
141.688,4.0017,21.9922,1.1946,4.0,22.0,1.399999976158142,0.035018865,-0.048776686,0.49718675,0.49718675,-0.03385241,0.04761023,0.035018865,-0.048776686,0.49718675,0.49718675,-0.03385241,0.04761023
141.738,4.0018,21.9921,1.1946,4.0,22.0,1.399999976158142,0.034892783,-0.04900934,0.49888512,0.49888512,-0.03373142,0.047847975,0.034892783,-0.04900934,0.49888512,0.49888512,-0.03373142,0.047847975
141.788,4.0019,21.9919,1.1947,4.0,22.0,1.399999976158142,0.035248194,-0.048834626,0.5013223,0.5013223,-0.034068383,0.047654815,0.035248194,-0.048834626,0.5013223,0.5013223,-0.034068383,0.047654815
141.838,4.0019,21.9918,1.1947,4.0,22.0,1.399999976158142,0.034713853,-0.04937415,0.5024637,0.5024637,-0.033557832,0.048218127,0.034713853,-0.04937415,0.5024637,0.5024637,-0.033557832,0.048218127
141.888,4.0020,21.9915,1.1946,4.0,22.0,1.399999976158142,0.03499169,-0.049170963,0.5042246,0.5042246,-0.033819743,0.047999017,0.03499169,-0.049170963,0.5042246,0.5042246,-0.033819743,0.047999017
141.938,4.0020,21.9915,1.1945,4.0,22.0,1.399999976158142,0.034540497,-0.049776934,0.5064458,0.5064458,-0.03338914,0.048625574,0.034540497,-0.049776934,0.5064458,0.5064458,-0.03338914,0.048625574
141.988,4.0021,21.9912,1.1942,4.0,22.0,1.399999976158142,0.03476715,-0.049533844,0.5076505,0.5076505,-0.033601608,0.0483683,0.03476715,-0.049533844,0.5076505,0.5076505,-0.033601608,0.0483683
142.038,4.0021,21.9911,1.1940,4.0,22.0,1.399999976158142,0.03439056,-0.05019666,0.5107648,0.5107648,-0.033243097,0.049049195,0.03439056,-0.05019666,0.5107648,0.5107648,-0.033243097,0.049049195
142.088,4.0022,21.9909,1.1936,4.0,22.0,1.399999976158142,0.034574356,-0.049916286,0.51147395,0.51147395,-0.03341411,0.04875604,0.034574356,-0.049916286,0.51147395,0.51147395,-0.03341411,0.04875604
142.139,4.0022,21.9908,1.1934,4.0,22.0,1.399999976158142,0.034267526,-0.050626207,0.5152947,0.5152947,-0.0331233,0.04948198,0.034267526,-0.050626207,0.5152947,0.5152947,-0.0331233,0.04948198
142.187,4.0023,21.9906,1.1929,4.0,22.0,1.399999976158142,0.034413185,-0.050308503,0.515604,0.515604,-0.033257127,0.049152445,0.034413185,-0.050308503,0.515604,0.515604,-0.033257127,0.049152445
142.238,4.0023,21.9905,1.1927,4.0,22.0,1.399999976158142,0.034156818,-0.0511029,0.52006537,0.52006537,-0.033016253,0.04996233,0.034156818,-0.0511029,0.52006537,0.52006537,-0.033016253,0.04996233
142.289,4.0024,21.9904,1.1924,4.0,22.0,1.399999976158142,0.034270056,-0.05074217,0.5199591,0.5199591,-0.03311827,0.04959039,0.034270056,-0.05074217,0.5199591,0.5199591,-0.03311827,0.04959039
142.338,4.0024,21.9902,1.1918,4.0,22.0,1.399999976158142,0.034228485,-0.050871134,0.52178806,0.52178806,-0.0330767,0.049719352,0.034228485,-0.050871134,0.52178806,0.52178806,-0.0330767,0.049719352
142.388,4.0025,21.9900,1.1917,4.0,22.0,1.399999976158142,0.100625575,-0.13675314,1.0,1.0,-0.09812694,0.1342545,0.100625575,-0.13675314,1.0,1.0,-0.09812694,0.1342545
142.437,4.0026,21.9899,1.1921,4.0,22.0,1.399999976158142,0.03375576,-0.05142199,0.5001707,0.5001707,-0.032675903,0.05034213,0.03375576,-0.05142199,0.5001707,0.5001707,-0.032675903,0.05034213
142.487,4.0026,21.9896,1.1930,4.0,22.0,1.399999976158142,0.033533294,-0.05088844,0.4972111,0.4972111,-0.032451645,0.049806792,0.033533294,-0.05088844,0.4972111,0.4972111,-0.032451645,0.049806792
142.537,4.0027,21.9895,1.1933,4.0,22.0,1.399999976158142,0.032543615,-0.05109429,0.49392992,0.49392992,-0.031496055,0.050046727,0.032543615,-0.05109429,0.49392992,0.49392992,-0.031496055,0.050046727
142.588,4.0028,21.9893,1.1938,4.0,22.0,1.399999976158142,0.03310469,-0.051072657,0.49794242,0.49794242,-0.03203536,0.050003324,0.03310469,-0.051072657,0.49794242,0.49794242,-0.03203536,0.050003324
142.638,4.0028,21.9892,1.1940,4.0,22.0,1.399999976158142,0.032306883,-0.051361587,0.4962848,0.4962848,-0.03126587,0.050320577,0.032306883,-0.051361587,0.4962848,0.4962848,-0.03126587,0.050320577
142.688,4.0029,21.9890,1.1943,4.0,22.0,1.399999976158142,0.032761343,-0.05129923,0.49952716,0.49952716,-0.031701498,0.050239388,0.032761343,-0.05129923,0.49952716,0.49952716,-0.031701498,0.050239388
142.738,4.0029,21.9889,1.1944,4.0,22.0,1.399999976158142,0.03211823,-0.051650323,0.49930337,0.49930337,-0.031081688,0.05061378,0.03211823,-0.051650323,0.49930337,0.49930337,-0.031081688,0.05061378
142.787,4.0030,21.9887,1.1945,4.0,22.0,1.399999976158142,0.032472674,-0.051550336,0.50178957,0.50178957,-0.031420186,0.05049785,0.032472674,-0.051550336,0.50178957,0.50178957,-0.031420186,0.05049785
142.838,4.0030,21.9886,1.1945,4.0,22.0,1.399999976158142,0.03193946,-0.051969793,0.5027901,0.5027901,-0.030906552,0.05093688,0.03193946,-0.051969793,0.5027901,0.5027901,-0.030906552,0.05093688
142.888,4.0031,21.9884,1.1944,4.0,22.0,1.399999976158142,0.032218788,-0.051833384,0.5046304,0.5046304,-0.031172149,0.050786745,0.032218788,-0.051833384,0.5046304,0.5046304,-0.031172149,0.050786745
142.938,4.0031,21.9883,1.1943,4.0,22.0,1.399999976158142,0.031765148,-0.05232872,0.50670934,0.50670934,-0.030735217,0.05129879,0.031765148,-0.05232872,0.50670934,0.50670934,-0.030735217,0.05129879
142.988,4.0032,21.9881,1.1940,4.0,22.0,1.399999976158142,0.031988762,-0.052152433,0.50797457,0.50797457,-0.030946927,0.051110595,0.031988762,-0.052152433,0.50797457,0.50797457,-0.030946927,0.051110595
143.037,4.0032,21.9880,1.1939,4.0,22.0,1.399999976158142,0.03161424,-0.05270426,0.5109488,0.5109488,-0.030586477,0.051676497,0.03161424,-0.05270426,0.5109488,0.5109488,-0.030586477,0.051676497
143.088,4.0033,21.9878,1.1935,4.0,22.0,1.399999976158142,0.031794418,-0.05248883,0.511725,0.511725,-0.03075611,0.051450524,0.031794418,-0.05248883,0.511725,0.511725,-0.03075611,0.051450524
143.139,4.0033,21.9878,1.1933,4.0,22.0,1.399999976158142,0.03149125,-0.053088788,0.5154023,0.5154023,-0.030464957,0.052062497,0.03149125,-0.053088788,0.5154023,0.5154023,-0.030464957,0.052062497
143.188,4.0033,21.9877,1.1931,4.0,22.0,1.399999976158142,0.031628642,-0.052844148,0.5158043,0.5158043,-0.030593019,0.05180853,0.031628642,-0.052844148,0.5158043,0.5158043,-0.030593019,0.05180853
143.238,4.0034,21.9875,1.1926,4.0,22.0,1.399999976158142,0.031569473,-0.052982416,0.5175982,0.5175982,-0.030534321,0.051947262,0.031569473,-0.052982416,0.5175982,0.5175982,-0.030534321,0.051947262
143.288,4.0034,21.9873,1.1920,4.0,22.0,1.399999976158142,0.03134753,-0.053645264,0.5219142,0.5219142,-0.030322684,0.05262042,0.03134753,-0.053645264,0.5219142,0.5219142,-0.030322684,0.05262042
143.338,4.0035,21.9872,1.1918,4.0,22.0,1.399999976158142,0.031294037,-0.05395229,0.5247155,0.5247155,-0.03027105,0.052929305,0.031294037,-0.05395229,0.5247155,0.5247155,-0.03027105,0.052929305
143.389,4.0035,21.9870,1.1917,4.0,22.0,1.399999976158142,0.094493225,-0.14205322,1.0,1.0,-0.09225246,0.13981245,0.094493225,-0.14205322,1.0,1.0,-0.09225246,0.13981245
143.437,4.0036,21.9869,1.1921,4.0,22.0,1.399999976158142,0.031073144,-0.053678706,0.500067,0.500067,-0.030101212,0.052706774,0.031073144,-0.053678706,0.500067,0.500067,-0.030101212,0.052706774
143.489,4.0037,21.9867,1.1930,4.0,22.0,1.399999976158142,0.030833159,-0.053195897,0.49714056,0.49714056,-0.02986091,0.05222365,0.030833159,-0.053195897,0.49714056,0.49714056,-0.02986091,0.05222365
143.537,4.0037,21.9866,1.1933,4.0,22.0,1.399999976158142,0.029865338,-0.053297624,0.49389014,0.49389014,-0.028920887,0.052353173,0.029865338,-0.053297624,0.49389014,0.49389014,-0.028920887,0.052353173
143.587,4.0038,21.9864,1.1939,4.0,22.0,1.399999976158142,0.030395582,-0.053340167,0.49779972,0.49779972,-0.029433578,0.052378163,0.030395582,-0.053340167,0.49779972,0.49779972,-0.029433578,0.052378163
143.637,4.0038,21.9863,1.1941,4.0,22.0,1.399999976158142,0.02960128,-0.053528782,0.4960689,0.4960689,-0.02866266,0.05259016,0.02960128,-0.053528782,0.4960689,0.4960689,-0.02866266,0.05259016
143.687,4.0039,21.9861,1.1944,4.0,22.0,1.399999976158142,0.030055935,-0.05352673,0.4993701,0.4993701,-0.029101301,0.052572094,0.030055935,-0.05352673,0.4993701,0.4993701,-0.029101301,0.052572094
143.738,4.0039,21.9860,1.1945,4.0,22.0,1.399999976158142,0.029407779,-0.053783312,0.49904633,0.49904633,-0.028472407,0.05284794,0.029407779,-0.053783312,0.49904633,0.49904633,-0.028472407,0.05284794
143.787,4.0040,21.9858,1.1946,4.0,22.0,1.399999976158142,0.029763956,-0.053739853,0.50158936,0.50158936,-0.028815012,0.052790906,0.029763956,-0.053739853,0.50158936,0.50158936,-0.028815012,0.052790906
143.837,4.0040,21.9857,1.1946,4.0,22.0,1.399999976158142,0.029231424,-0.054065164,0.50251406,0.50251406,-0.028298259,0.053131998,0.029231424,-0.054065164,0.50251406,0.50251406,-0.028298259,0.053131998
143.887,4.0041,21.9856,1.1945,4.0,22.0,1.399999976158142,0.02950724,-0.05398507,0.5043913,0.5043913,-0.02856263,0.05304046,0.02950724,-0.05398507,0.5043913,0.5043913,-0.02856263,0.05304046
143.938,4.0041,21.9855,1.1944,4.0,22.0,1.399999976158142,0.029054876,-0.05438835,0.50639987,0.50639987,-0.028123494,0.05345697,0.029054876,-0.05438835,0.50639987,0.50639987,-0.028123494,0.05345697
143.987,4.0041,21.9853,1.1942,4.0,22.0,1.399999976158142,0.029276645,-0.054264795,0.5077042,0.5077042,-0.028335314,0.053323463,0.029276645,-0.054264795,0.5077042,0.5077042,-0.028335314,0.053323463
144.038,4.0042,21.9852,1.1940,4.0,22.0,1.399999976158142,0.028902639,-0.05472902,0.51062256,0.51062256,-0.027972188,0.053798568,0.028902639,-0.05472902,0.51062256,0.51062256,-0.027972188,0.053798568
144.088,4.0042,21.9851,1.1936,4.0,22.0,1.399999976158142,0.029078552,-0.054567322,0.51142925,0.51142925,-0.028139476,0.053628244,0.029078552,-0.054567322,0.51142925,0.51142925,-0.028139476,0.053628244
144.140,4.0043,21.9850,1.1934,4.0,22.0,1.399999976158142,0.028777514,-0.055082384,0.515056,0.515056,-0.027847424,0.054152295,0.028777514,-0.055082384,0.515056,0.515056,-0.027847424,0.054152295
144.189,4.0043,21.9849,1.1932,4.0,22.0,1.399999976158142,0.028910661,-0.054888822,0.5154882,0.5154882,-0.027973017,0.053951178,0.028910661,-0.054888822,0.5154882,0.5154882,-0.027973017,0.053951178
144.237,4.0043,21.9848,1.1927,4.0,22.0,1.399999976158142,0.028849391,-0.05501563,0.51728153,0.51728153,-0.0279118,0.05407804,0.028849391,-0.05501563,0.51728153,0.51728153,-0.0279118,0.05407804
144.288,4.0044,21.9846,1.1922,4.0,22.0,1.399999976158142,0.028623588,-0.0556164,0.52162296,0.52162296,-0.027693905,0.054686718,0.028623588,-0.0556164,0.52162296,0.52162296,-0.027693905,0.054686718
144.338,4.0044,21.9845,1.1919,4.0,22.0,1.399999976158142,0.028575245,-0.05588902,0.52436537,0.52436537,-0.027646458,0.054960236,0.028575245,-0.05588902,0.52436537,0.52436537,-0.027646458,0.054960236
144.387,4.0045,21.9843,1.1919,4.0,22.0,1.399999976158142,0.08855142,-0.14643133,1.0,1.0,-0.08651826,0.14439817,0.08855142,-0.14643133,1.0,1.0,-0.08651826,0.14439817
144.437,4.0045,21.9842,1.1923,4.0,22.0,1.399999976158142,0.02843109,-0.055511802,0.499696,0.499696,-0.027548095,0.054628808,0.02843109,-0.055511802,0.499696,0.499696,-0.027548095,0.054628808
144.488,4.0046,21.9840,1.1931,4.0,22.0,1.399999976158142,0.028217483,-0.055053003,0.4968884,0.4968884,-0.02733374,0.05416926,0.028217483,-0.055053003,0.4968884,0.4968884,-0.02733374,0.05416926
144.537,4.0046,21.9839,1.1934,4.0,22.0,1.399999976158142,0.027208703,-0.055073217,0.4934011,0.4934011,-0.026349425,0.05421394,0.027208703,-0.055073217,0.4934011,0.4934011,-0.026349425,0.05421394
144.587,4.0047,21.9837,1.1940,4.0,22.0,1.399999976158142,0.027767386,-0.055164855,0.49748927,0.49748927,-0.026892275,0.05428974,0.027767386,-0.055164855,0.49748927,0.49748927,-0.026892275,0.05428974
144.637,4.0047,21.9837,1.1942,4.0,22.0,1.399999976158142,0.026965829,-0.05527627,0.49573,0.49573,-0.026110401,0.054420844,0.026965829,-0.05527627,0.49573,0.49573,-0.026110401,0.054420844
144.687,4.0048,21.9835,1.1945,4.0,22.0,1.399999976158142,0.02741558,-0.055322398,0.49902442,0.49902442,-0.02654655,0.05445337,0.02741558,-0.055322398,0.49902442,0.49902442,-0.02654655,0.05445337
144.737,4.0048,21.9834,1.1946,4.0,22.0,1.399999976158142,0.026769526,-0.055505704,0.4987161,0.4987161,-0.025916265,0.054652445,0.026769526,-0.055505704,0.4987161,0.4987161,-0.025916265,0.054652445
144.787,4.0049,21.9833,1.1947,4.0,22.0,1.399999976158142,0.027120974,-0.05550793,0.5012482,0.5012482,-0.026256245,0.054643203,0.027120974,-0.05550793,0.5012482,0.5012482,-0.026256245,0.054643203
144.837,4.0049,21.9832,1.1947,4.0,22.0,1.399999976158142,0.026594574,-0.05576142,0.50220317,0.50220317,-0.025742322,0.054909166,0.026594574,-0.05576142,0.50220317,0.50220317,-0.025742322,0.054909166
144.888,4.0049,21.9830,1.1946,4.0,22.0,1.399999976158142,0.026862904,-0.05572564,0.50406635,0.50406635,-0.026001161,0.054863896,0.026862904,-0.05572564,0.50406635,0.50406635,-0.026001161,0.054863896
144.937,4.0050,21.9830,1.1945,4.0,22.0,1.399999976158142,0.026418416,-0.05605684,0.50610405,0.50610405,-0.025566744,0.055205166,0.026418416,-0.05605684,0.50610405,0.50610405,-0.025566744,0.055205166
144.987,4.0050,21.9829,1.1944,4.0,22.0,1.399999976158142,0.026630847,-0.055978194,0.507397,0.507397,-0.025771096,0.05511844,0.026630847,-0.055978194,0.507397,0.507397,-0.025771096,0.05511844
145.038,4.0050,21.9827,1.1941,4.0,22.0,1.399999976158142,0.026558537,-0.056068692,0.50897306,0.50897306,-0.025698509,0.055208664,0.026558537,-0.056068692,0.50897306,0.50897306,-0.025698509,0.055208664
145.088,4.0051,21.9826,1.1938,4.0,22.0,1.399999976158142,0.026211463,-0.05648237,0.5121571,0.5121571,-0.025358832,0.05562974,0.026211463,-0.05648237,0.5121571,0.5121571,-0.025358832,0.05562974
145.139,4.0051,21.9825,1.1936,4.0,22.0,1.399999976158142,0.026133616,-0.05670863,0.5148079,0.5148079,-0.025281155,0.05585617,0.026133616,-0.05670863,0.5148079,0.5148079,-0.025281155,0.05585617
145.188,4.0052,21.9824,1.1931,4.0,22.0,1.399999976158142,0.026264293,-0.056551658,0.5151945,0.5151945,-0.025405712,0.05569308,0.026264293,-0.056551658,0.5151945,0.5151945,-0.025405712,0.05569308
145.239,4.0052,21.9823,1.1929,4.0,22.0,1.399999976158142,0.0260218,-0.057089012,0.5194884,0.5194884,-0.025168331,0.056235544,0.0260218,-0.057089012,0.5194884,0.5194884,-0.025168331,0.056235544
145.288,4.0052,21.9821,1.1923,4.0,22.0,1.399999976158142,0.026117692,-0.05689055,0.5194959,0.5194959,-0.025258832,0.056031693,0.026117692,-0.05689055,0.5194959,0.5194959,-0.025258832,0.056031693
145.338,4.0053,21.9821,1.1920,4.0,22.0,1.399999976158142,0.025937887,-0.057493914,0.5241839,0.5241839,-0.025082897,0.056638923,0.025937887,-0.057493914,0.5241839,0.5241839,-0.025082897,0.056638923
145.387,4.0053,21.9819,1.1920,4.0,22.0,1.399999976158142,0.0824155,-0.14959916,1.0,1.0,-0.08054925,0.14773291,0.0824155,-0.14959916,1.0,1.0,-0.08054925,0.14773291
145.438,4.0054,21.9818,1.1924,4.0,22.0,1.399999976158142,0.025879405,-0.057024926,0.49949023,0.49949023,-0.025064716,0.056210235,0.025879405,-0.057024926,0.49949023,0.49949023,-0.025064716,0.056210235
145.487,4.0054,21.9816,1.1932,4.0,22.0,1.399999976158142,0.025672484,-0.05658486,0.496656,0.496656,-0.024858026,0.0557704,0.025672484,-0.05658486,0.496656,0.496656,-0.024858026,0.0557704
145.538,4.0055,21.9815,1.1935,4.0,22.0,1.399999976158142,0.02468724,-0.056561578,0.4931971,0.4931971,-0.023892634,0.055766974,0.02468724,-0.056561578,0.4931971,0.4931971,-0.023892634,0.055766974
145.587,4.0055,21.9813,1.1941,4.0,22.0,1.399999976158142,0.025227996,-0.056679912,0.49727696,0.49727696,-0.024420517,0.055872433,0.025227996,-0.056679912,0.49727696,0.49727696,-0.024420517,0.055872433
145.638,4.0055,21.9813,1.1943,4.0,22.0,1.399999976158142,0.024444815,-0.056746766,0.49555188,0.49555188,-0.023653802,0.055955756,0.024444815,-0.056746766,0.49555188,0.49555188,-0.023653802,0.055955756
145.687,4.0056,21.9811,1.1946,4.0,22.0,1.399999976158142,0.02487819,-0.056820303,0.49882898,0.49882898,-0.024075858,0.056017973,0.02487819,-0.056820303,0.49882898,0.49882898,-0.024075858,0.056017973
145.737,4.0056,21.9811,1.1947,4.0,22.0,1.399999976158142,0.024246123,-0.056958653,0.49855268,0.49855268,-0.02345749,0.05617002,0.024246123,-0.056958653,0.49855268,0.49855268,-0.02345749,0.05617002
145.788,4.0057,21.9809,1.1948,4.0,22.0,1.399999976158142,0.024585772,-0.056988798,0.50107515,0.50107515,-0.023787258,0.056190282,0.024585772,-0.056988798,0.50107515,0.50107515,-0.023787258,0.056190282
145.837,4.0057,21.9808,1.1948,4.0,22.0,1.399999976158142,0.024072777,-0.057197064,0.50206846,0.50206846,-0.023285493,0.05640978,0.024072777,-0.057197064,0.50206846,0.50206846,-0.023285493,0.05640978
145.888,4.0057,21.9808,1.1948,4.0,22.0,1.399999976158142,0.024326617,-0.05718988,0.5039046,0.5039046,-0.023531033,0.056394298,0.024326617,-0.05718988,0.5039046,0.5039046,-0.023531033,0.056394298
145.937,4.0058,21.9806,1.1946,4.0,22.0,1.399999976158142,0.024244037,-0.057269126,0.50535333,0.50535333,-0.023448542,0.056473635,0.024244037,-0.057269126,0.50535333,0.50535333,-0.023448542,0.056473635
145.987,4.0058,21.9805,1.1943,4.0,22.0,1.399999976158142,0.02383353,-0.05757409,0.5077147,0.5077147,-0.023047011,0.056787573,0.02383353,-0.05757409,0.5077147,0.5077147,-0.023047011,0.056787573
146.037,4.0058,21.9804,1.1942,4.0,22.0,1.399999976158142,0.023740612,-0.057770703,0.5102256,0.5102256,-0.02295481,0.0569849,0.023740612,-0.057770703,0.5102256,0.5102256,-0.02295481,0.0569849
146.087,4.0059,21.9803,1.1938,4.0,22.0,1.399999976158142,0.02390069,-0.057679694,0.5110007,0.5110007,-0.023108339,0.056887344,0.02390069,-0.057679694,0.5110007,0.5110007,-0.023108339,0.056887344
146.138,4.0059,21.9802,1.1936,4.0,22.0,1.399999976158142,0.023610659,-0.058087062,0.5146916,0.5146916,-0.022824608,0.05730101,0.023610659,-0.058087062,0.5146916,0.5146916,-0.022824608,0.05730101
146.188,4.0060,21.9801,1.1931,4.0,22.0,1.399999976158142,0.023729172,-0.05796463,0.5150769,0.5150769,-0.02293741,0.057172872,0.023729172,-0.05796463,0.5150769,0.5150769,-0.02293741,0.057172872
146.237,4.0060,21.9800,1.1929,4.0,22.0,1.399999976158142,0.023501754,-0.058431853,0.51930684,0.51930684,-0.022714978,0.057645075,0.023501754,-0.058431853,0.51930684,0.51930684,-0.022714978,0.057645075
146.287,4.0060,21.9799,1.1923,4.0,22.0,1.399999976158142,0.023580141,-0.05828618,0.5194129,0.5194129,-0.022788525,0.05749456,0.023580141,-0.05828618,0.5194129,0.5194129,-0.022788525,0.05749456
146.340,4.0060,21.9798,1.1921,4.0,22.0,1.399999976158142,0.02340848,-0.058819406,0.5240284,0.5240284,-0.022620825,0.058031753,0.02340848,-0.058819406,0.5240284,0.5240284,-0.022620825,0.058031753
146.387,4.0061,21.9797,1.1920,4.0,22.0,1.399999976158142,0.07613929,-0.1517295,1.0,1.0,-0.0744215,0.1500117,0.07613929,-0.1517295,1.0,1.0,-0.0744215,0.1500117
146.437,4.0061,21.9796,1.1924,4.0,22.0,1.399999976158142,0.023418825,-0.058302473,0.49948925,0.49948925,-0.022667637,0.057551283,0.023418825,-0.058302473,0.49948925,0.49948925,-0.022667637,0.057551283
146.487,4.0062,21.9794,1.1933,4.0,22.0,1.399999976158142,0.023230182,-0.05788368,0.49661976,0.49661976,-0.02247832,0.05713182,0.023230182,-0.05788368,0.49661976,0.49661976,-0.02247832,0.05713182
146.538,4.0062,21.9793,1.1936,4.0,22.0,1.399999976158142,0.0222749,-0.05783613,0.4931836,0.4931836,-0.02154007,0.0571013,0.0222749,-0.05783613,0.4931836,0.4931836,-0.02154007,0.0571013
146.588,4.0063,21.9792,1.1941,4.0,22.0,1.399999976158142,0.022793587,-0.057969943,0.49725217,0.49725217,-0.022047602,0.057223957,0.022793587,-0.057969943,0.49725217,0.49725217,-0.022047602,0.057223957
146.637,4.0063,21.9791,1.1943,4.0,22.0,1.399999976158142,0.022034828,-0.05800951,0.49555665,0.49555665,-0.021302994,0.057277676,0.022034828,-0.05800951,0.49555665,0.49555665,-0.021302994,0.057277676
146.687,4.0064,21.9790,1.1946,4.0,22.0,1.399999976158142,0.022447871,-0.058099993,0.49881268,0.49881268,-0.021706197,0.057358317,0.022447871,-0.058099993,0.49881268,0.49881268,-0.021706197,0.057358317
146.737,4.0064,21.9789,1.1947,4.0,22.0,1.399999976158142,0.021836812,-0.058209036,0.4985687,0.4985687,-0.021106832,0.057479054,0.021836812,-0.058209036,0.4985687,0.4985687,-0.021106832,0.057479054
146.787,4.0064,21.9788,1.1948,4.0,22.0,1.399999976158142,0.022159005,-0.058257863,0.5010719,0.5010719,-0.02142041,0.05751927,0.022159005,-0.058257863,0.5010719,0.5010719,-0.02142041,0.05751927
146.837,4.0064,21.9787,1.1948,4.0,22.0,1.399999976158142,0.022067007,-0.058324147,0.50236446,0.50236446,-0.021328589,0.057585727,0.022067007,-0.058324147,0.50236446,0.50236446,-0.021328589,0.057585727
146.887,4.0065,21.9786,1.1947,4.0,22.0,1.399999976158142,0.021594223,-0.058524333,0.503709,0.503709,-0.020864801,0.057794914,0.021594223,-0.058524333,0.503709,0.503709,-0.020864801,0.057794914
146.938,4.0065,21.9785,1.1946,4.0,22.0,1.399999976158142,0.021484107,-0.058699008,0.5059999,0.5059999,-0.020755561,0.05797046,0.021484107,-0.058699008,0.5059999,0.5059999,-0.020755561,0.05797046
146.988,4.0066,21.9784,1.1943,4.0,22.0,1.399999976158142,0.021678003,-0.058666613,0.5072696,0.5072696,-0.020942945,0.057931557,0.021678003,-0.058666613,0.5072696,0.5072696,-0.020942945,0.057931557
147.038,4.0066,21.9783,1.1942,4.0,22.0,1.399999976158142,0.021331344,-0.058979616,0.510258,0.510258,-0.020602426,0.0582507,0.021331344,-0.058979616,0.510258,0.510258,-0.020602426,0.0582507
147.087,4.0066,21.9782,1.1938,4.0,22.0,1.399999976158142,0.021479566,-0.058911,0.5110297,0.5110297,-0.020745087,0.05817652,0.021479566,-0.058911,0.5110297,0.5110297,-0.020745087,0.05817652
147.138,4.0066,21.9781,1.1936,4.0,22.0,1.399999976158142,0.02119793,-0.05928184,0.51473325,0.51473325,-0.02046825,0.05855216,0.02119793,-0.05928184,0.51473325,0.51473325,-0.02046825,0.05855216
147.188,4.0067,21.9780,1.1931,4.0,22.0,1.399999976158142,0.021308443,-0.059179742,0.5151083,0.5151083,-0.020573914,0.058445215,0.021308443,-0.059179742,0.5151083,0.5151083,-0.020573914,0.058445215
147.240,4.0067,21.9780,1.1929,4.0,22.0,1.399999976158142,0.021081164,-0.059618942,0.5194001,0.5194001,-0.02035046,0.058888238,0.021081164,-0.059618942,0.5194001,0.5194001,-0.02035046,0.058888238
147.288,4.0067,21.9778,1.1923,4.0,22.0,1.399999976158142,0.021158682,-0.059478465,0.51943356,0.51943356,-0.020423641,0.058743425,0.021158682,-0.059478465,0.51943356,0.51943356,-0.020423641,0.058743425
147.337,4.0068,21.9778,1.1921,4.0,22.0,1.399999976158142,0.020977624,-0.060011163,0.5242777,0.5242777,-0.020245854,0.059279393,0.020977624,-0.060011163,0.5242777,0.5242777,-0.020245854,0.059279393
147.387,4.0068,21.9776,1.1920,4.0,22.0,1.399999976158142,0.07112049,-0.15476428,1.0,1.0,-0.06952208,0.15316586,0.07112049,-0.15476428,1.0,1.0,-0.06952208,0.15316586
147.437,4.0068,21.9775,1.1924,4.0,22.0,1.399999976158142,0.021084512,-0.059355542,0.4994852,0.4994852,-0.02038478,0.05865581,0.021084512,-0.059355542,0.4994852,0.4994852,-0.02038478,0.05865581
147.487,4.0069,21.9774,1.1932,4.0,22.0,1.399999976158142,0.020865994,-0.05897921,0.49665824,0.49665824,-0.020166336,0.05827955,0.020865994,-0.05897921,0.49665824,0.49665824,-0.020166336,0.05827955
147.537,4.0069,21.9773,1.1935,4.0,22.0,1.399999976158142,0.019901466,-0.05887978,0.49319923,0.49319923,-0.019216003,0.058194317,0.019901466,-0.05887978,0.49319923,0.49319923,-0.019216003,0.058194317
147.587,4.0070,21.9771,1.1941,4.0,22.0,1.399999976158142,0.020423153,-0.059046913,0.4972817,0.4972817,-0.019728199,0.058351956,0.020423153,-0.059046913,0.4972817,0.4972817,-0.019728199,0.058351956
147.638,4.0070,21.9771,1.1943,4.0,22.0,1.399999976158142,0.019660838,-0.059039854,0.4955911,0.4955911,-0.018977601,0.058356617,0.019660838,-0.059039854,0.4955911,0.4955911,-0.018977601,0.058356617
147.688,4.0071,21.9769,1.1946,4.0,22.0,1.399999976158142,0.020073928,-0.059160836,0.49885228,0.49885228,-0.019382296,0.058469206,0.020073928,-0.059160836,0.49885228,0.49885228,-0.019382296,0.058469206
147.737,4.0071,21.9769,1.1947,4.0,22.0,1.399999976158142,0.019458985,-0.059226304,0.49860927,0.49860927,-0.018776977,0.058544297,0.019458985,-0.059226304,0.49860927,0.49860927,-0.018776977,0.058544297
147.787,4.0071,21.9768,1.1947,4.0,22.0,1.399999976158142,0.019778423,-0.059303388,0.5010988,0.5010988,-0.019089105,0.05861407,0.019778423,-0.059303388,0.5010988,0.5010988,-0.019089105,0.05861407
147.837,4.0071,21.9767,1.1948,4.0,22.0,1.399999976158142,0.019686017,-0.059366595,0.50239605,0.50239605,-0.018996645,0.058677223,0.019686017,-0.059366595,0.50239605,0.50239605,-0.018996645,0.058677223
147.887,4.0072,21.9766,1.1947,4.0,22.0,1.399999976158142,0.019214127,-0.05952626,0.50374794,0.50374794,-0.018531913,0.05884405,0.019214127,-0.05952626,0.50374794,0.50374794,-0.018531913,0.05884405
147.938,4.0072,21.9765,1.1946,4.0,22.0,1.399999976158142,0.019103536,-0.05969007,0.5060425,0.5060425,-0.018421734,0.059008267,0.019103536,-0.05969007,0.5060425,0.5060425,-0.018421734,0.059008267
147.987,4.0072,21.9764,1.1943,4.0,22.0,1.399999976158142,0.019293567,-0.059683796,0.50730693,0.50730693,-0.01860628,0.05899651,0.019293567,-0.059683796,0.50730693,0.50730693,-0.01860628,0.05899651
148.037,4.0073,21.9764,1.1942,4.0,22.0,1.399999976158142,0.018948996,-0.059957635,0.51029575,0.51029575,-0.018266175,0.059274815,0.018948996,-0.059957635,0.51029575,0.51029575,-0.018266175,0.059274815
148.087,4.0073,21.9762,1.1938,4.0,22.0,1.399999976158142,0.019092863,-0.059913516,0.51106745,0.51106745,-0.018405464,0.059226118,0.019092863,-0.059913516,0.51106745,0.51106745,-0.018405464,0.059226118
148.137,4.0073,21.9762,1.1936,4.0,22.0,1.399999976158142,0.018810116,-0.06024695,0.5147764,0.5147764,-0.018126095,0.05956293,0.018810116,-0.06024695,0.5147764,0.5147764,-0.018126095,0.05956293
148.188,4.0074,21.9761,1.1931,4.0,22.0,1.399999976158142,0.018916192,-0.060171086,0.5151457,0.5151457,-0.018228276,0.05948317,0.018916192,-0.060171086,0.5151457,0.5151457,-0.018228276,0.05948317
148.240,4.0074,21.9760,1.1929,4.0,22.0,1.399999976158142,0.018692086,-0.060564134,0.519386,0.519386,-0.018006595,0.059878644,0.018692086,-0.060564134,0.519386,0.519386,-0.018006595,0.059878644
148.287,4.0074,21.9759,1.1923,4.0,22.0,1.399999976158142,0.018762805,-0.060455985,0.51946944,0.51946944,-0.018073907,0.059767086,0.018762805,-0.060455985,0.51946944,0.51946944,-0.018073907,0.059767086
148.337,4.0074,21.9759,1.1920,4.0,22.0,1.399999976158142,0.018580208,-0.060944892,0.5242897,0.5242897,-0.017893393,0.060258076,0.018580208,-0.060944892,0.5242897,0.5242897,-0.017893393,0.060258076
148.387,4.0075,21.9757,1.1920,4.0,22.0,1.399999976158142,0.06547967,-0.15644333,1.0,1.0,-0.06398136,0.15494502,0.06547967,-0.15644333,1.0,1.0,-0.06398136,0.15494502
148.438,4.0075,21.9756,1.1924,4.0,22.0,1.399999976158142,0.01875417,-0.060226887,0.49953178,0.49953178,-0.018096361,0.059569083,0.01875417,-0.060226887,0.49953178,0.49953178,-0.018096361,0.059569083
148.487,4.0076,21.9755,1.1932,4.0,22.0,1.399999976158142,0.018549783,-0.059880067,0.4967854,0.4967854,-0.017891902,0.059222188,0.018549783,-0.059880067,0.4967854,0.4967854,-0.017891902,0.059222188
148.537,4.0076,21.9754,1.1935,4.0,22.0,1.399999976158142,0.017569505,-0.059751492,0.49312875,0.49312875,-0.01692339,0.059105378,0.017569505,-0.059751492,0.49312875,0.49312875,-0.01692339,0.059105378
148.587,4.0076,21.9753,1.1941,4.0,22.0,1.399999976158142,0.018101208,-0.059938412,0.49732995,0.49732995,-0.017446974,0.05928418,0.018101208,-0.059938412,0.49732995,0.49732995,-0.017446974,0.05928418
148.637,4.0077,21.9752,1.1943,4.0,22.0,1.399999976158142,0.017351387,-0.059909187,0.49563557,0.49563557,-0.016706517,0.059264317,0.017351387,-0.059909187,0.49563557,0.49563557,-0.016706517,0.059264317
148.687,4.0077,21.9751,1.1946,4.0,22.0,1.399999976158142,0.01775312,-0.060045186,0.49889782,0.49889782,-0.017101267,0.059393335,0.01775312,-0.060045186,0.49889782,0.49889782,-0.017101267,0.059393335
148.738,4.0077,21.9750,1.1947,4.0,22.0,1.399999976158142,0.017146971,-0.060088266,0.49864239,0.49864239,-0.016502779,0.059444074,0.017146971,-0.060088266,0.49864239,0.49864239,-0.016502779,0.059444074
148.787,4.0077,21.9750,1.1947,4.0,22.0,1.399999976158142,0.017461097,-0.060181115,0.5011555,0.5011555,-0.016810702,0.059530716,0.017461097,-0.060181115,0.5011555,0.5011555,-0.016810702,0.059530716
148.837,4.0078,21.9749,1.1948,4.0,22.0,1.399999976158142,0.017364262,-0.060243316,0.50243926,0.50243926,-0.016713686,0.05959274,0.017364262,-0.060243316,0.50243926,0.50243926,-0.016713686,0.05959274
148.888,4.0078,21.9748,1.1947,4.0,22.0,1.399999976158142,0.016903343,-0.060380355,0.5037904,0.5037904,-0.016258206,0.05973522,0.016903343,-0.060380355,0.5037904,0.5037904,-0.016258206,0.05973522
148.938,4.0078,21.9747,1.1946,4.0,22.0,1.399999976158142,0.017116895,-0.060421184,0.5054463,0.5054463,-0.016466793,0.05977108,0.017116895,-0.060421184,0.5054463,0.5054463,-0.016466793,0.05977108
148.987,4.0079,21.9746,1.1943,4.0,22.0,1.399999976158142,0.016731307,-0.060629196,0.5078183,0.5078183,-0.01608523,0.05998312,0.016731307,-0.060629196,0.5078183,0.5078183,-0.01608523,0.05998312
149.038,4.0079,21.9745,1.1942,4.0,22.0,1.399999976158142,0.016638651,-0.060795784,0.5103316,0.5103316,-0.015991904,0.060149036,0.016638651,-0.060795784,0.5103316,0.5103316,-0.015991904,0.060149036
149.088,4.0079,21.9744,1.1938,4.0,22.0,1.399999976158142,0.016774759,-0.060767483,0.5111033,0.5111033,-0.016124299,0.06011702,0.016774759,-0.060767483,0.5111033,0.5111033,-0.016124299,0.06011702
149.138,4.0079,21.9744,1.1936,4.0,22.0,1.399999976158142,0.016496317,-0.061077125,0.51480997,0.51480997,-0.01584794,0.06042875,0.016496317,-0.061077125,0.51480997,0.51480997,-0.01584794,0.06042875
149.188,4.0080,21.9743,1.1931,4.0,22.0,1.399999976158142,0.0165964,-0.061016653,0.51517504,0.51517504,-0.015944893,0.060365144,0.0165964,-0.061016653,0.51517504,0.51517504,-0.015944893,0.060365144
149.238,4.0080,21.9742,1.1929,4.0,22.0,1.399999976158142,0.01637608,-0.06138406,0.51940304,0.51940304,-0.015725832,0.06073381,0.01637608,-0.06138406,0.51940304,0.51940304,-0.015725832,0.06073381
149.287,4.0080,21.9741,1.1923,4.0,22.0,1.399999976158142,0.016438637,-0.06129868,0.5195086,0.5195086,-0.015785797,0.060645837,0.016438637,-0.06129868,0.5195086,0.5195086,-0.015785797,0.060645837
149.337,4.0081,21.9740,1.1920,4.0,22.0,1.399999976158142,0.016265681,-0.061737467,0.52416503,0.52416503,-0.01561364,0.06108542,0.016265681,-0.061737467,0.52416503,0.52416503,-0.01561364,0.06108542
149.387,4.0081,21.9739,1.1920,4.0,22.0,1.399999976158142,0.059997886,-0.15783624,1.0,1.0,-0.058577433,0.15641579,0.059997886,-0.15783624,1.0,1.0,-0.058577433,0.15641579
149.438,4.0081,21.9738,1.1924,4.0,22.0,1.399999976158142,0.016497603,-0.06097932,0.49954274,0.49954274,-0.015872046,0.060353767,0.016497603,-0.06097932,0.49954274,0.49954274,-0.015872046,0.060353767
149.488,4.0082,21.9737,1.1932,4.0,22.0,1.399999976158142,0.0162916,-0.06065134,0.49675995,0.49675995,-0.015666068,0.060025807,0.0162916,-0.06065134,0.49675995,0.49675995,-0.015666068,0.060025807
149.537,4.0082,21.9736,1.1935,4.0,22.0,1.399999976158142,0.015350413,-0.06051524,0.4932146,0.4932146,-0.014733583,0.05989841,0.015350413,-0.06051524,0.4932146,0.4932146,-0.014733583,0.05989841
149.587,4.0083,21.9735,1.1941,4.0,22.0,1.399999976158142,0.015851064,-0.060707904,0.49733895,0.49733895,-0.015227905,0.060084745,0.015851064,-0.060707904,0.49733895,0.49733895,-0.015227905,0.060084745
149.637,4.0083,21.9734,1.1943,4.0,22.0,1.399999976158142,0.01511425,-0.060664058,0.49562675,0.49562675,-0.01449818,0.060047988,0.01511425,-0.060664058,0.49562675,0.49562675,-0.01449818,0.060047988
149.688,4.0083,21.9734,1.1944,4.0,22.0,1.399999976158142,0.015505586,-0.060810562,0.49890268,0.49890268,-0.014883846,0.060188822,0.015505586,-0.060810562,0.49890268,0.49890268,-0.014883846,0.060188822
149.737,4.0083,21.9733,1.1947,4.0,22.0,1.399999976158142,0.015399932,-0.0608647,0.50004345,0.50004345,-0.014777942,0.060242705,0.015399932,-0.0608647,0.50004345,0.50004345,-0.014777942,0.060242705
149.788,4.0084,21.9732,1.1947,4.0,22.0,1.399999976158142,0.0148305055,-0.06091213,0.50011754,0.50011754,-0.014213925,0.06029555,0.0148305055,-0.06091213,0.50011754,0.50011754,-0.014213925,0.06029555
149.838,4.0084,21.9731,1.1948,4.0,22.0,1.399999976158142,0.015118379,-0.061004125,0.50244176,0.50244176,-0.014496859,0.06038261,0.015118379,-0.061004125,0.50244176,0.50244176,-0.014496859,0.06038261
149.888,4.0084,21.9730,1.1947,4.0,22.0,1.399999976158142,0.0146640185,-0.06112411,0.5037753,0.5037753,-0.014046319,0.060506407,0.0146640185,-0.06112411,0.5037753,0.5037753,-0.014046319,0.060506407
149.938,4.0084,21.9730,1.1946,4.0,22.0,1.399999976158142,0.014557814,-0.061274413,0.50606453,0.50606453,-0.013939617,0.060656216,0.014557814,-0.061274413,0.50606453,0.50606453,-0.013939617,0.060656216
149.987,4.0085,21.9728,1.1943,4.0,22.0,1.399999976158142,0.014730372,-0.06129621,0.5073347,0.5073347,-0.014108493,0.06067433,0.014730372,-0.06129621,0.5073347,0.5073347,-0.014108493,0.06067433
150.037,4.0085,21.9728,1.1942,4.0,22.0,1.399999976158142,0.014398973,-0.06152509,0.51030785,0.51030785,-0.013778733,0.060904853,0.014398973,-0.06152509,0.51030785,0.51030785,-0.013778733,0.060904853
150.087,4.0085,21.9727,1.1938,4.0,22.0,1.399999976158142,0.014527487,-0.061510224,0.51108646,0.51108646,-0.013904342,0.06088708,0.014527487,-0.061510224,0.51108646,0.51108646,-0.013904342,0.06088708
150.138,4.0085,21.9727,1.1936,4.0,22.0,1.399999976158142,0.014253906,-0.06179745,0.514782,0.514782,-0.013631597,0.061175145,0.014253906,-0.06179745,0.514782,0.514782,-0.013631597,0.061175145
150.187,4.0086,21.9726,1.1931,4.0,22.0,1.399999976158142,0.014346567,-0.061752696,0.51516116,0.51516116,-0.013721863,0.061127994,0.014346567,-0.061752696,0.51516116,0.51516116,-0.013721863,0.061127994
150.239,4.0086,21.9725,1.1929,4.0,22.0,1.399999976158142,0.014125023,-0.06210347,0.5194185,0.5194185,-0.013500572,0.061479017,0.014125023,-0.06210347,0.5194185,0.5194185,-0.013500572,0.061479017
150.287,4.0086,21.9724,1.1923,4.0,22.0,1.399999976158142,0.014187858,-0.06202163,0.5194612,0.5194612,-0.013561331,0.0613951,0.014187858,-0.06202163,0.5194612,0.5194612,-0.013561331,0.0613951
150.337,4.0086,21.9723,1.1920,4.0,22.0,1.399999976158142,0.014007936,-0.06245629,0.5242588,0.5242588,-0.01338139,0.061829746,0.014007936,-0.06245629,0.5242588,0.5242588,-0.01338139,0.061829746
150.387,4.0087,21.9722,1.1920,4.0,22.0,1.399999976158142,0.05469813,-0.1590549,1.0,1.0,-0.053334337,0.15769112,0.05469813,-0.1590549,1.0,1.0,-0.053334337,0.15769112
150.437,4.0087,21.9721,1.1924,4.0,22.0,1.399999976158142,0.014306468,-0.061628416,0.49952,0.49952,-0.01370416,0.061026108,0.014306468,-0.061628416,0.49952,0.49952,-0.01370416,0.061026108
150.488,4.0088,21.9720,1.1932,4.0,22.0,1.399999976158142,0.014095386,-0.06131855,0.49669573,0.49669573,-0.013493201,0.060716365,0.014095386,-0.06131855,0.49669573,0.49669573,-0.013493201,0.060716365
150.537,4.0088,21.9719,1.1935,4.0,22.0,1.399999976158142,0.013192101,-0.061178245,0.49328768,0.49328768,-0.012595995,0.06058214,0.013192101,-0.061178245,0.49328768,0.49328768,-0.012595995,0.06058214
150.587,4.0088,21.9719,1.1938,4.0,22.0,1.399999976158142,0.013659471,-0.06137365,0.49729735,0.49729735,-0.013058589,0.06077277,0.013659471,-0.06137365,0.49729735,0.49729735,-0.013058589,0.06077277
150.638,4.0089,21.9718,1.1943,4.0,22.0,1.399999976158142,0.013535644,-0.06141898,0.4982095,0.4982095,-0.012934527,0.060817868,0.013535644,-0.06141898,0.4982095,0.4982095,-0.012934527,0.060817868
150.687,4.0089,21.9716,1.1946,4.0,22.0,1.399999976158142,0.012857437,-0.061385207,0.49694264,0.49694264,-0.012261106,0.060788874,0.012857437,-0.061385207,0.49694264,0.49694264,-0.012261106,0.060788874
150.738,4.0089,21.9716,1.1947,4.0,22.0,1.399999976158142,0.012735774,-0.061489016,0.49860448,0.49860448,-0.012139463,0.060892705,0.012735774,-0.061489016,0.49860448,0.49860448,-0.012139463,0.060892705
150.787,4.0090,21.9715,1.1948,4.0,22.0,1.399999976158142,0.013025328,-0.061601363,0.501122,0.501122,-0.012424996,0.06100103,0.013025328,-0.061601363,0.501122,0.501122,-0.012424996,0.06100103
150.838,4.0090,21.9714,1.1948,4.0,22.0,1.399999976158142,0.012551105,-0.061683483,0.50211895,0.50211895,-0.011953578,0.061085958,0.012551105,-0.061683483,0.50211895,0.50211895,-0.011953578,0.061085958
150.887,4.0090,21.9713,1.1947,4.0,22.0,1.399999976158142,0.012770257,-0.061758462,0.5039625,0.5039625,-0.012169268,0.061157476,0.012770257,-0.061758462,0.5039625,0.5039625,-0.012169268,0.061157476
150.937,4.0090,21.9713,1.1946,4.0,22.0,1.399999976158142,0.012373702,-0.061911743,0.5060422,0.5060422,-0.011774429,0.06131247,0.012373702,-0.061911743,0.5060422,0.5060422,-0.011774429,0.06131247
150.987,4.0091,21.9712,1.1943,4.0,22.0,1.399999976158142,0.012540388,-0.061945304,0.50730884,0.50730884,-0.011938126,0.06134304,0.012540388,-0.061945304,0.50730884,0.50730884,-0.011938126,0.06134304
151.038,4.0091,21.9712,1.1942,4.0,22.0,1.399999976158142,0.012211711,-0.062154874,0.51028657,0.51028657,-0.011610012,0.061553176,0.012211711,-0.062154874,0.51028657,0.51028657,-0.011610012,0.061553176
151.087,4.0091,21.9711,1.1938,4.0,22.0,1.399999976158142,0.012334099,-0.062153373,0.5110653,0.5110653,-0.011730129,0.061549403,0.012334099,-0.062153373,0.5110653,0.5110653,-0.011730129,0.061549403
151.137,4.0091,21.9710,1.1936,4.0,22.0,1.399999976158142,0.012061113,-0.0624212,0.51476693,0.51476693,-0.011457013,0.0618171,0.012061113,-0.0624212,0.51476693,0.51476693,-0.011457013,0.0618171
151.187,4.0091,21.9709,1.1931,4.0,22.0,1.399999976158142,0.012149845,-0.062389523,0.51513845,0.51513845,-0.011543916,0.061783593,0.012149845,-0.062389523,0.51513845,0.51513845,-0.011543916,0.061783593
151.238,4.0092,21.9709,1.1929,4.0,22.0,1.399999976158142,0.011928432,-0.06271835,0.5193886,0.5193886,-0.011321903,0.062111817,0.011928432,-0.06271835,0.5193886,0.5193886,-0.011321903,0.062111817
151.287,4.0092,21.9708,1.1923,4.0,22.0,1.399999976158142,0.011986212,-0.06265411,0.519448,0.519448,-0.011378156,0.062046047,0.011986212,-0.06265411,0.519448,0.519448,-0.011378156,0.062046047
151.337,4.0092,21.9707,1.1920,4.0,22.0,1.399999976158142,0.011806718,-0.063058674,0.5241883,0.5241883,-0.0111978715,0.062449828,0.011806718,-0.063058674,0.5241883,0.5241883,-0.0111978715,0.062449828
151.387,4.0092,21.9706,1.1920,4.0,22.0,1.399999976158142,0.04937926,-0.15987761,1.0,1.0,-0.04805559,0.15855394,0.04937926,-0.15987761,1.0,1.0,-0.04805559,0.15855394
151.437,4.0093,21.9705,1.1924,4.0,22.0,1.399999976158142,0.01216078,-0.062188227,0.4995255,0.4995255,-0.011574445,0.061601892,0.01216078,-0.062188227,0.4995255,0.4995255,-0.011574445,0.061601892
151.487,4.0093,21.9705,1.1928,4.0,22.0,1.399999976158142,0.011952965,-0.061897222,0.49668983,0.49668983,-0.011366685,0.061310943,0.011952965,-0.061897222,0.49668983,0.49668983,-0.011366685,0.061310943
151.537,4.0093,21.9703,1.1935,4.0,22.0,1.399999976158142,0.011788519,-0.061921358,0.49725056,0.49725056,-0.011201983,0.061334822,0.011788519,-0.061921358,0.49725056,0.49725056,-0.011201983,0.061334822
151.587,4.0094,21.9702,1.1941,4.0,22.0,1.399999976158142,0.010964979,-0.061810113,0.49436057,0.49436057,-0.0103822425,0.061227378,0.010964979,-0.061810113,0.49436057,0.49436057,-0.0103822425,0.061227378
151.637,4.0094,21.9702,1.1943,4.0,22.0,1.399999976158142,0.010813155,-0.061892856,0.4955797,0.4955797,-0.010230607,0.06131031,0.010813155,-0.061892856,0.4955797,0.4955797,-0.010230607,0.06131031
151.687,4.0095,21.9701,1.1946,4.0,22.0,1.399999976158142,0.01118034,-0.06205235,0.49887434,0.49887434,-0.010594294,0.061466306,0.01118034,-0.06205235,0.49887434,0.49887434,-0.010594294,0.061466306
151.737,4.0095,21.9700,1.1947,4.0,22.0,1.399999976158142,0.010606109,-0.06205687,0.4986273,0.4986273,-0.010022655,0.061473414,0.010606109,-0.06205687,0.4986273,0.4986273,-0.010022655,0.061473414
151.787,4.0095,21.9699,1.1948,4.0,22.0,1.399999976158142,0.010887649,-0.062177572,0.50112784,0.50112784,-0.010300988,0.061590914,0.010887649,-0.062177572,0.50112784,0.50112784,-0.010300988,0.061590914
151.837,4.0095,21.9699,1.1948,4.0,22.0,1.399999976158142,0.010422408,-0.062249098,0.5021396,0.5021396,-0.009837334,0.061664023,0.010422408,-0.062249098,0.5021396,0.5021396,-0.009837334,0.061664023
151.887,4.0096,21.9698,1.1947,4.0,22.0,1.399999976158142,0.010631445,-0.06233221,0.50397617,0.50397617,-0.010043616,0.06174438,0.010631445,-0.06233221,0.50397617,0.50397617,-0.010043616,0.06174438
151.937,4.0096,21.9697,1.1946,4.0,22.0,1.399999976158142,0.01024137,-0.062472645,0.50606257,0.50606257,-0.009654188,0.06188546,0.01024137,-0.062472645,0.50606257,0.50606257,-0.009654188,0.06188546
151.987,4.0096,21.9696,1.1943,4.0,22.0,1.399999976158142,0.010399842,-0.062515534,0.5073265,0.5073265,-0.009810272,0.061925963,0.010399842,-0.062515534,0.5073265,0.5073265,-0.009810272,0.061925963
152.037,4.0096,21.9696,1.1942,4.0,22.0,1.399999976158142,0.010073224,-0.06271019,0.5103078,0.5103078,-0.009483336,0.0621203,0.010073224,-0.06271019,0.5103078,0.5103078,-0.009483336,0.0621203
152.087,4.0096,21.9695,1.1938,4.0,22.0,1.399999976158142,0.010190803,-0.06271894,0.5110805,0.5110805,-0.009599154,0.062127296,0.010190803,-0.06271894,0.5110805,0.5110805,-0.009599154,0.062127296
152.137,4.0097,21.9695,1.1936,4.0,22.0,1.399999976158142,0.009918893,-0.06297031,0.51478136,0.51478136,-0.009326321,0.062377736,0.009918893,-0.06297031,0.51478136,0.51478136,-0.009326321,0.062377736
152.187,4.0097,21.9694,1.1931,4.0,22.0,1.399999976158142,0.010002992,-0.062950164,0.5151566,0.5151566,-0.009409046,0.06235622,0.010002992,-0.062950164,0.5151566,0.5151566,-0.009409046,0.06235622
152.240,4.0097,21.9693,1.1929,4.0,22.0,1.399999976158142,0.009779378,-0.06326277,0.5194175,0.5194175,-0.009184169,0.06266756,0.009779378,-0.06326277,0.5194175,0.5194175,-0.009184169,0.06266756
152.289,4.0097,21.9692,1.1923,4.0,22.0,1.399999976158142,0.009835303,-0.06320726,0.5194642,0.5194642,-0.009238936,0.062610894,0.009835303,-0.06320726,0.5194642,0.5194642,-0.009238936,0.062610894
152.339,4.0097,21.9692,1.1920,4.0,22.0,1.399999976158142,0.009647653,-0.063604094,0.5243095,0.5243095,-0.00904994,0.06300638,0.009647653,-0.063604094,0.5243095,0.5243095,-0.00904994,0.06300638
152.387,4.0098,21.9691,1.1920,4.0,22.0,1.399999976158142,0.04383777,-0.16002387,1.0,1.0,-0.04254169,0.1587278,0.04383777,-0.16002387,1.0,1.0,-0.04254169,0.1587278
152.438,4.0098,21.9690,1.1924,4.0,22.0,1.399999976158142,0.010054341,-0.06269122,0.4995752,0.4995752,-0.009477797,0.06211468,0.010054341,-0.06269122,0.4995752,0.4995752,-0.009477797,0.06211468
152.487,4.0098,21.9689,1.1928,4.0,22.0,1.399999976158142,0.009866232,-0.0624159,0.4967315,0.4967315,-0.009289567,0.061839238,0.009866232,-0.0624159,0.4967315,0.4967315,-0.009289567,0.061839238
152.537,4.0099,21.9688,1.1935,4.0,22.0,1.399999976158142,0.009700669,-0.06244233,0.4972684,0.4972684,-0.0091234865,0.061865147,0.009700669,-0.06244233,0.4972684,0.4972684,-0.0091234865,0.061865147
152.589,4.0099,21.9688,1.1938,4.0,22.0,1.399999976158142,0.008904154,-0.062339764,0.49440116,0.49440116,-0.008329006,0.061764617,0.008904154,-0.062339764,0.49440116,0.49440116,-0.008329006,0.061764617
152.637,4.0099,21.9686,1.1943,4.0,22.0,1.399999976158142,0.00932499,-0.06253003,0.49831802,0.49831802,-0.008747133,0.061952174,0.00932499,-0.06253003,0.49831802,0.49831802,-0.008747133,0.061952174
152.690,4.0100,21.9685,1.1946,4.0,22.0,1.399999976158142,0.008642284,-0.062481888,0.49686515,0.49686515,-0.008066332,0.061905935,0.008642284,-0.062481888,0.49686515,0.49686515,-0.008066332,0.061905935
152.737,4.0100,21.9685,1.1947,4.0,22.0,1.399999976158142,0.008567327,-0.0625905,0.49877718,0.49877718,-0.007990579,0.062013756,0.008567327,-0.0625905,0.49877718,0.49877718,-0.007990579,0.062013756
152.787,4.0100,21.9684,1.1948,4.0,22.0,1.399999976158142,0.008799367,-0.06270411,0.5011324,0.5011324,-0.008220364,0.062125105,0.008799367,-0.06270411,0.5011324,0.5011324,-0.008220364,0.062125105
152.837,4.0100,21.9684,1.1948,4.0,22.0,1.399999976158142,0.008352659,-0.06277213,0.50215745,0.50215745,-0.0077742,0.062193677,0.008352659,-0.06277213,0.50215745,0.50215745,-0.0077742,0.062193677
152.887,4.0101,21.9683,1.1947,4.0,22.0,1.399999976158142,0.008553793,-0.062859066,0.5039977,0.5039977,-0.007973158,0.062278435,0.008553793,-0.062859066,0.5039977,0.5039977,-0.007973158,0.062278435
152.938,4.0101,21.9682,1.1946,4.0,22.0,1.399999976158142,0.008170152,-0.06299188,0.50607973,0.50607973,-0.0075893155,0.062411048,0.008170152,-0.06299188,0.50607973,0.50607973,-0.0075893155,0.062411048
152.987,4.0101,21.9681,1.1943,4.0,22.0,1.399999976158142,0.008321009,-0.063040294,0.5073472,0.5073472,-0.0077382796,0.062457565,0.008321009,-0.063040294,0.5073472,0.5073472,-0.0077382796,0.062457565
153.038,4.0101,21.9681,1.1942,4.0,22.0,1.399999976158142,0.007996068,-0.06322461,0.5103277,0.5103277,-0.0074123484,0.06264089,0.007996068,-0.06322461,0.5103277,0.5103277,-0.0074123484,0.06264089
153.088,4.0102,21.9680,1.1938,4.0,22.0,1.399999976158142,0.008108979,-0.06324067,0.51109844,0.51109844,-0.0075238897,0.06265558,0.008108979,-0.06324067,0.51109844,0.51109844,-0.0075238897,0.06265558
153.138,4.0102,21.9680,1.1936,4.0,22.0,1.399999976158142,0.007836453,-0.063479856,0.5148019,0.5148019,-0.0072498764,0.06289328,0.007836453,-0.063479856,0.5148019,0.5148019,-0.0072498764,0.06289328
153.189,4.0102,21.9679,1.1931,4.0,22.0,1.399999976158142,0.007916707,-0.06346827,0.51517457,0.51517457,-0.00732909,0.06288066,0.007916707,-0.06346827,0.51517457,0.51517457,-0.00732909,0.06288066
153.237,4.0102,21.9678,1.1929,4.0,22.0,1.399999976158142,0.0076933955,-0.06376268,0.5194009,0.5194009,-0.0071040546,0.06317334,0.0076933955,-0.06376268,0.5194009,0.5194009,-0.0071040546,0.06317334
153.288,4.0102,21.9677,1.1923,4.0,22.0,1.399999976158142,0.007740537,-0.063728295,0.51952165,0.51952165,-0.0071503795,0.06313814,0.007740537,-0.063728295,0.51952165,0.51952165,-0.0071503795,0.06313814
153.337,4.0103,21.9677,1.1920,4.0,22.0,1.399999976158142,0.0075584655,-0.06408585,0.5241497,0.5241497,-0.0069666053,0.06349399,0.0075584655,-0.06408585,0.5241497,0.5241497,-0.0069666053,0.06349399
153.387,4.0103,21.9676,1.1920,4.0,22.0,1.399999976158142,0.038959313,-0.16089362,1.0,1.0,-0.037675574,0.15960988,0.038959313,-0.16089362,1.0,1.0,-0.037675574,0.15960988
153.438,4.0103,21.9675,1.1924,4.0,22.0,1.399999976158142,0.008016629,-0.063132636,0.4995588,0.4995588,-0.007444927,0.06256094,0.008016629,-0.063132636,0.4995588,0.4995588,-0.007444927,0.06256094
153.489,4.0103,21.9675,1.1928,4.0,22.0,1.399999976158142,0.007818968,-0.06287677,0.49672508,0.49672508,-0.0072469898,0.062304795,0.007818968,-0.06287677,0.49672508,0.49672508,-0.0072469898,0.062304795
153.538,4.0104,21.9673,1.1935,4.0,22.0,1.399999976158142,0.0076653813,-0.06290962,0.49738732,0.49738732,-0.007092605,0.062336843,0.0076653813,-0.06290962,0.49738732,0.49738732,-0.007092605,0.062336843
153.587,4.0104,21.9673,1.1938,4.0,22.0,1.399999976158142,0.0068303314,-0.062783055,0.4942382,0.4942382,-0.006258399,0.062211122,0.0068303314,-0.062783055,0.4942382,0.4942382,-0.006258399,0.062211122
153.638,4.0105,21.9672,1.1943,4.0,22.0,1.399999976158142,0.007265079,-0.062985,0.49821928,0.49821928,-0.006691207,0.062411133,0.007265079,-0.062985,0.49821928,0.49821928,-0.006691207,0.062411133
153.688,4.0105,21.9671,1.1946,4.0,22.0,1.399999976158142,0.0066190045,-0.062934734,0.49696675,0.49696675,-0.006045777,0.06236151,0.0066190045,-0.062934734,0.49696675,0.49696675,-0.006045777,0.06236151
153.738,4.0105,21.9670,1.1947,4.0,22.0,1.399999976158142,0.006488046,-0.06302749,0.4986059,0.4986059,-0.005914129,0.062453575,0.006488046,-0.06302749,0.4986059,0.4986059,-0.005914129,0.062453575
153.788,4.0105,21.9669,1.1948,4.0,22.0,1.399999976158142,0.006755731,-0.063158624,0.50114304,0.50114304,-0.0061798603,0.06258275,0.006755731,-0.063158624,0.50114304,0.50114304,-0.0061798603,0.06258275
153.838,4.0106,21.9669,1.1948,4.0,22.0,1.399999976158142,0.0062965644,-0.06321215,0.502135,0.502135,-0.005720507,0.06263609,0.0062965644,-0.06321215,0.502135,0.502135,-0.005720507,0.06263609
153.887,4.0106,21.9668,1.1947,4.0,22.0,1.399999976158142,0.0064944588,-0.06330889,0.50398165,0.50398165,-0.005916655,0.06273108,0.0064944588,-0.06330889,0.50398165,0.50398165,-0.005916655,0.06273108
153.938,4.0106,21.9668,1.1946,4.0,22.0,1.399999976158142,0.006107285,-0.063426964,0.50605386,0.50605386,-0.0055285855,0.06284827,0.006107285,-0.063426964,0.50605386,0.50605386,-0.0055285855,0.06284827
153.987,4.0106,21.9667,1.1943,4.0,22.0,1.399999976158142,0.0062565515,-0.06348561,0.5073261,0.5073261,-0.005676335,0.06290539,0.0062565515,-0.06348561,0.5073261,0.5073261,-0.005676335,0.06290539
154.038,4.0106,21.9667,1.1942,4.0,22.0,1.399999976158142,0.005925872,-0.06365351,0.51030046,0.51030046,-0.005344035,0.06307167,0.005925872,-0.06365351,0.51030046,0.51030046,-0.005344035,0.06307167
154.088,4.0107,21.9666,1.1938,4.0,22.0,1.399999976158142,0.006038235,-0.06368086,0.51107186,0.51107186,-0.005455359,0.06309798,0.006038235,-0.06368086,0.51107186,0.51107186,-0.005455359,0.06309798
154.137,4.0107,21.9665,1.1936,4.0,22.0,1.399999976158142,0.005759729,-0.06390183,0.51476395,0.51476395,-0.0051747803,0.06331688,0.005759729,-0.06390183,0.51476395,0.51476395,-0.0051747803,0.06331688
154.188,4.0107,21.9664,1.1931,4.0,22.0,1.399999976158142,0.0058384854,-0.06390329,0.5151488,0.5151488,-0.0052528037,0.063317604,0.0058384854,-0.06390329,0.5151488,0.5151488,-0.0052528037,0.063317604
154.239,4.0107,21.9664,1.1929,4.0,22.0,1.399999976158142,0.0056051235,-0.0641812,0.51938826,0.51938826,-0.005017201,0.063593276,0.0056051235,-0.0641812,0.51938826,0.51938826,-0.005017201,0.063593276
154.287,4.0107,21.9663,1.1923,4.0,22.0,1.399999976158142,0.005657652,-0.06415211,0.5194533,0.5194533,-0.005069168,0.06356362,0.005657652,-0.06415211,0.5194533,0.5194533,-0.005069168,0.06356362
154.337,4.0108,21.9663,1.1921,4.0,22.0,1.399999976158142,0.005457067,-0.06450506,0.5242427,0.5242427,-0.00486639,0.06391438,0.005457067,-0.06450506,0.5242427,0.5242427,-0.00486639,0.06391438
154.387,4.0108,21.9662,1.1920,4.0,22.0,1.399999976158142,0.033954695,-0.16138956,1.0,1.0,-0.03267411,0.16010898,0.033954695,-0.16138956,1.0,1.0,-0.03267411,0.16010898
154.438,4.0108,21.9661,1.1924,4.0,22.0,1.399999976158142,0.005966432,-0.06349433,0.4995061,0.4995061,-0.0053950925,0.06292299,0.005966432,-0.06349433,0.4995061,0.4995061,-0.0053950925,0.06292299
154.487,4.0108,21.9660,1.1928,4.0,22.0,1.399999976158142,0.0057854177,-0.063259855,0.4967616,0.4967616,-0.0052136644,0.0626881,0.0057854177,-0.063259855,0.4967616,0.4967616,-0.0052136644,0.0626881
154.537,4.0109,21.9659,1.1935,4.0,22.0,1.399999976158142,0.005602174,-0.06328227,0.49717844,0.49717844,-0.005029468,0.06270956,0.005602174,-0.06328227,0.49717844,0.49717844,-0.005029468,0.06270956
154.587,4.0109,21.9658,1.1941,4.0,22.0,1.399999976158142,0.004816617,-0.063162714,0.49432233,0.49432233,-0.0042432537,0.06258935,0.004816617,-0.063162714,0.49432233,0.49432233,-0.0042432537,0.06258935
154.637,4.0109,21.9657,1.1943,4.0,22.0,1.399999976158142,0.0046637882,-0.0632382,0.49556556,0.49556556,-0.004089771,0.06266419,0.0046637882,-0.0632382,0.49556556,0.49556556,-0.004089771,0.06266419
154.689,4.0110,21.9657,1.1946,4.0,22.0,1.399999976158142,0.005002713,-0.063411415,0.49885258,0.49885258,-0.004427423,0.062836125,0.005002713,-0.063411415,0.49885258,0.49885258,-0.004427423,0.062836125
154.738,4.0110,21.9656,1.1947,4.0,22.0,1.399999976158142,0.0044534556,-0.06339613,0.49867642,0.49867642,-0.003877565,0.06282024,0.0044534556,-0.06339613,0.49867642,0.49867642,-0.003877565,0.06282024
154.788,4.0110,21.9655,1.1948,4.0,22.0,1.399999976158142,0.00469768,-0.06353125,0.5010979,0.5010979,-0.0041204356,0.062954,0.00469768,-0.06353125,0.5010979,0.5010979,-0.0041204356,0.062954
154.837,4.0110,21.9655,1.1948,4.0,22.0,1.399999976158142,0.004241335,-0.06357382,0.5021134,0.5021134,-0.003663095,0.062995575,0.004241335,-0.06357382,0.5021134,0.5021134,-0.003663095,0.062995575
154.887,4.0111,21.9654,1.1947,4.0,22.0,1.399999976158142,0.0044371835,-0.06367949,0.50395167,0.50395167,-0.0038576438,0.06309995,0.0044371835,-0.06367949,0.50395167,0.50395167,-0.0038576438,0.06309995
154.938,4.0111,21.9654,1.1946,4.0,22.0,1.399999976158142,0.0040478194,-0.063784674,0.5060367,0.5060367,-0.0034666737,0.06320353,0.0040478194,-0.063784674,0.5060367,0.5060367,-0.0034666737,0.06320353
154.987,4.0111,21.9653,1.1943,4.0,22.0,1.399999976158142,0.0041944818,-0.06385282,0.50730735,0.50730735,-0.0036121935,0.063270524,0.0041944818,-0.06385282,0.50730735,0.50730735,-0.0036121935,0.063270524
155.038,4.0111,21.9653,1.1942,4.0,22.0,1.399999976158142,0.0038565656,-0.0640061,0.51029503,0.51029503,-0.0032720363,0.06342157,0.0038565656,-0.0640061,0.51029503,0.51029503,-0.0032720363,0.06342157
155.087,4.0112,21.9652,1.1938,4.0,22.0,1.399999976158142,0.0039692833,-0.064043745,0.511056,0.511056,-0.0033840407,0.0634585,0.0039692833,-0.064043745,0.511056,0.511056,-0.0033840407,0.0634585
155.137,4.0112,21.9651,1.1936,4.0,22.0,1.399999976158142,0.003682095,-0.064249344,0.514763,0.514763,-0.0030942345,0.06366148,0.003682095,-0.064249344,0.514763,0.514763,-0.0030942345,0.06366148
155.187,4.0112,21.9650,1.1931,4.0,22.0,1.399999976158142,0.0037627418,-0.06426103,0.51513153,0.51513153,-0.0031744349,0.06367272,0.0037627418,-0.06426103,0.51513153,0.51513153,-0.0031744349,0.06367272
155.237,4.0112,21.9650,1.1929,4.0,22.0,1.399999976158142,0.00351898,-0.06452297,0.5193909,0.5193909,-0.0029279632,0.06393195,0.00351898,-0.06452297,0.5193909,0.5193909,-0.0029279632,0.06393195
155.287,4.0112,21.9649,1.1923,4.0,22.0,1.399999976158142,0.003572904,-0.06450652,0.5194461,0.5194461,-0.002981594,0.063915215,0.003572904,-0.06450652,0.5194461,0.5194461,-0.002981594,0.063915215
155.337,4.0112,21.9649,1.1921,4.0,22.0,1.399999976158142,0.0033673532,-0.064829454,0.5241188,0.5241188,-0.0027734898,0.06423559,0.0033673532,-0.064829454,0.5241188,0.5241188,-0.0027734898,0.06423559
155.388,4.0113,21.9648,1.1918,4.0,22.0,1.399999976158142,0.028865468,-0.16159044,1.0,1.0,-0.027578663,0.16030364,0.028865468,-0.16159044,1.0,1.0,-0.027578663,0.16030364
155.442,4.0113,21.9647,1.1924,4.0,22.0,1.399999976158142,0.004403222,-0.0637947,0.50101906,0.50101906,-0.003829227,0.06322071,0.004403222,-0.0637947,0.50101906,0.50101906,-0.003829227,0.06322071
155.488,4.0113,21.9646,1.1928,4.0,22.0,1.399999976158142,0.0034136274,-0.06356557,0.495954,0.495954,-0.0028370458,0.06298898,0.0034136274,-0.06356557,0.495954,0.495954,-0.0028370458,0.06298898
155.537,4.0114,21.9645,1.1935,4.0,22.0,1.399999976158142,0.0035308995,-0.063586324,0.4970219,0.4970219,-0.0029539461,0.06300937,0.0035308995,-0.063586324,0.4970219,0.4970219,-0.0029539461,0.06300937
155.587,4.0114,21.9644,1.1941,4.0,22.0,1.399999976158142,0.0027796207,-0.063473076,0.4943448,0.4943448,-0.002200854,0.06289431,0.0027796207,-0.063473076,0.4943448,0.4943448,-0.002200854,0.06289431
155.638,4.0114,21.9644,1.1943,4.0,22.0,1.399999976158142,0.002623241,-0.06354656,0.49558002,0.49558002,-0.0020436032,0.06296692,0.002623241,-0.06354656,0.49558002,0.49558002,-0.0020436032,0.06296692
155.689,4.0115,21.9643,1.1946,4.0,22.0,1.399999976158142,0.0029568006,-0.06372418,0.49887216,0.49887216,-0.002376467,0.06314385,0.0029568006,-0.06372418,0.49887216,0.49887216,-0.002376467,0.06314385
155.737,4.0115,21.9642,1.1947,4.0,22.0,1.399999976158142,0.0024070477,-0.06370293,0.4986937,0.4986937,-0.0018253024,0.06312119,0.0024070477,-0.06370293,0.4986937,0.4986937,-0.0018253024,0.06312119
155.788,4.0115,21.9642,1.1948,4.0,22.0,1.399999976158142,0.0026459685,-0.06384259,0.50110686,0.50110686,-0.0020633084,0.06325992,0.0026459685,-0.06384259,0.50110686,0.50110686,-0.0020633084,0.06325992
155.838,4.0115,21.9641,1.1948,4.0,22.0,1.399999976158142,0.0021890933,-0.063877545,0.50212526,0.50212526,-0.0016047802,0.06329323,0.0021890933,-0.063877545,0.50212526,0.50212526,-0.0016047802,0.06329323
155.887,4.0116,21.9640,1.1947,4.0,22.0,1.399999976158142,0.0023820943,-0.063989915,0.5039661,0.5039661,-0.0017968426,0.063404664,0.0023820943,-0.063989915,0.5039661,0.5039661,-0.0017968426,0.063404664
155.937,4.0116,21.9640,1.1946,4.0,22.0,1.399999976158142,0.0019878396,-0.06408524,0.5060484,0.5060484,-0.0014004251,0.06349782,0.0019878396,-0.06408524,0.5060484,0.5060484,-0.0014004251,0.06349782
155.987,4.0116,21.9639,1.1943,4.0,22.0,1.399999976158142,0.0021327129,-0.064160414,0.50731206,0.50731206,-0.0015444612,0.06357216,0.0021327129,-0.064160414,0.50731206,0.50731206,-0.0015444612,0.06357216
156.038,4.0116,21.9639,1.1942,4.0,22.0,1.399999976158142,0.0017925961,-0.06430145,0.51029015,0.51029015,-0.0012016317,0.06371049,0.0017925961,-0.06430145,0.51029015,0.51029015,-0.0012016317,0.06371049
156.088,4.0116,21.9638,1.1938,4.0,22.0,1.399999976158142,0.00190174,-0.06434857,0.51106733,0.51106733,-0.0013102861,0.063757114,0.00190174,-0.06434857,0.51106733,0.51106733,-0.0013102861,0.063757114
156.138,4.0116,21.9638,1.1936,4.0,22.0,1.399999976158142,0.001606168,-0.06454085,0.5147757,0.5147757,-0.0010116665,0.06394635,0.001606168,-0.06454085,0.5147757,0.5147757,-0.0010116665,0.06394635
156.187,4.0117,21.9637,1.1931,4.0,22.0,1.399999976158142,0.0016877218,-0.064562,0.5151418,0.5151418,-0.0010929847,0.063967265,0.0016877218,-0.064562,0.5151418,0.5151418,-0.0010929847,0.063967265
156.237,4.0117,21.9636,1.1929,4.0,22.0,1.399999976158142,0.0014335088,-0.06480953,0.5194069,0.5194069,-0.00083568314,0.064211704,0.0014335088,-0.06480953,0.5194069,0.5194069,-0.00083568314,0.064211704
156.288,4.0117,21.9636,1.1926,4.0,22.0,1.399999976158142,0.001489476,-0.06480317,0.5194553,0.5194553,-0.0008915457,0.06420524,0.001489476,-0.06480317,0.5194553,0.5194553,-0.0008915457,0.06420524
156.338,4.0117,21.9635,1.1921,4.0,22.0,1.399999976158142,0.0014102617,-0.06490462,0.5212778,0.5212778,-0.00081097614,0.064305335,0.0014102617,-0.06490462,0.5212778,0.5212778,-0.00081097614,0.064305335
156.388,4.0117,21.9635,1.1919,4.0,22.0,1.399999976158142,0.023802625,-0.16172446,1.0,1.0,-0.022501113,0.16042297,0.023802625,-0.16172446,1.0,1.0,-0.022501113,0.16042297
156.438,4.0118,21.9633,1.1926,4.0,22.0,1.399999976158142,0.0022882402,-0.06399565,0.5003242,0.5003242,-0.0017075005,0.06341492,0.0022882402,-0.06399565,0.5003242,0.5003242,-0.0017075005,0.06341492
156.488,4.0118,21.9632,1.1934,4.0,22.0,1.399999976158142,0.0012131642,-0.06371839,0.49428993,0.49428993,-0.00062832644,0.06313355,0.0012131642,-0.06371839,0.49428993,0.49428993,-0.00062832644,0.06313355
156.538,4.0119,21.9632,1.1937,4.0,22.0,1.399999976158142,0.00084685575,-0.06364909,0.49306577,0.49306577,-0.0002605316,0.063062765,0.00084685575,-0.06364909,0.49306577,0.49306577,-0.0002605316,0.063062765
156.588,4.0119,21.9631,1.1942,4.0,22.0,1.399999976158142,0.0012509758,-0.063863724,0.49707928,0.49707928,-0.0006648878,0.06327764,0.0012509758,-0.063863724,0.49707928,0.49707928,-0.0006648878,0.06327764
156.637,4.0119,21.9630,1.1944,4.0,22.0,1.399999976158142,0.00058124535,-0.06377921,0.4955788,0.4955788,7.2596936e-06,0.063190706,0.00058124535,-0.06377921,0.4955788,0.4955788,7.2596936e-06,0.063190706
156.687,4.0119,21.9629,1.1947,4.0,22.0,1.399999976158142,0.00090191344,-0.06396075,0.49874207,0.49874207,-0.00031316603,0.06337201,0.00090191344,-0.06396075,0.49874207,0.49874207,-0.00031316603,0.06337201
156.737,4.0120,21.9629,1.1947,4.0,22.0,1.399999976158142,0.0003545447,-0.0639349,0.49870813,0.49870813,0.00023638521,0.063343965,0.0003545447,-0.0639349,0.49870813,0.49870813,0.00023638521,0.063343965
156.787,4.0120,21.9628,1.1948,4.0,22.0,1.399999976158142,0.0005978749,-0.06408229,0.50110185,0.50110185,-6.3906823e-06,0.0634908,0.0005978749,-0.06408229,0.50110185,0.50110185,-6.3906823e-06,0.0634908
156.837,4.0120,21.9628,1.1948,4.0,22.0,1.399999976158142,0.00013979319,-0.06411411,0.50228816,0.50228816,0.00045409315,0.06352022,0.00013979319,-0.06411411,0.50228816,0.50228816,0.00045409315,0.06352022
156.887,4.0120,21.9627,1.1946,4.0,22.0,1.399999976158142,0.00032451318,-0.06423039,0.5040356,0.5040356,0.0002699546,0.063635916,0.00032451318,-0.06423039,0.5040356,0.5040356,0.0002699546,0.063635916
156.937,4.0120,21.9627,1.1946,4.0,22.0,1.399999976158142,-6.815154e-05,-0.06432116,0.50628436,0.50628436,0.000665562,0.06372375,-6.815154e-05,-0.06432116,0.50628436,0.50628436,0.000665562,0.06372375
156.987,4.0121,21.9626,1.1943,4.0,22.0,1.399999976158142,7.040247e-05,-0.064399764,0.5074632,0.5074632,0.00052747503,0.063801885,7.040247e-05,-0.064399764,0.5074632,0.5074632,0.00052747503,0.063801885
157.037,4.0121,21.9626,1.1941,4.0,22.0,1.399999976158142,-0.00027342947,-0.06453449,0.5105869,0.5105869,0.00087471434,0.06393321,-0.00027342947,-0.06453449,0.5105869,0.5105869,0.00087471434,0.06393321
157.089,4.0121,21.9625,1.1937,4.0,22.0,1.399999976158142,-0.00016660512,-0.06458765,0.51128596,0.51128596,0.0007680559,0.063986205,-0.00016660512,-0.06458765,0.51128596,0.51128596,0.0007680559,0.063986205
157.139,4.0121,21.9624,1.1935,4.0,22.0,1.399999976158142,-0.0004615218,-0.06477126,0.51507753,0.51507753,0.0010665971,0.06416618,-0.0004615218,-0.06477126,0.51507753,0.51507753,0.0010665971,0.06416618
157.187,4.0121,21.9624,1.1933,4.0,22.0,1.399999976158142,-0.0003890669,-0.064802505,0.5154561,0.5154561,0.0009941558,0.06419741,-0.0003890669,-0.064802505,0.5154561,0.5154561,0.0009941558,0.06419741
157.238,4.0121,21.9623,1.1928,4.0,22.0,1.399999976158142,-0.00047798784,-0.06489678,0.5172499,0.5172499,0.0010845892,0.06429017,-0.00047798784,-0.06489678,0.5172499,0.5172499,0.0010845892,0.06429017
157.287,4.0122,21.9623,1.1925,4.0,22.0,1.399999976158142,-0.0007260384,-0.06515011,0.52170926,0.52170926,0.0013361496,0.06454,-0.0007260384,-0.06515011,0.52170926,0.52170926,0.0013361496,0.06454
157.337,4.0122,21.9622,1.1919,4.0,22.0,1.399999976158142,-0.00067718775,-0.06514313,0.5216399,0.5216399,0.0012871472,0.064533174,-0.00067718775,-0.06514313,0.5216399,0.5216399,0.0012871472,0.064533174
157.388,4.0122,21.9621,1.1918,4.0,22.0,1.399999976158142,0.018653974,-0.16150314,1.0,1.0,-0.017330453,0.16017962,0.018653974,-0.16150314,1.0,1.0,-0.017330453,0.16017962
157.438,4.0122,21.9620,1.1922,4.0,22.0,1.399999976158142,-0.00018813022,-0.06422133,0.5000253,0.5000253,0.00078198675,0.063627474,-0.00018813022,-0.06422133,0.5000253,0.5000253,0.00078198675,0.063627474
157.488,4.0123,21.9619,1.1930,4.0,22.0,1.399999976158142,-0.0003558771,-0.064030156,0.49713212,0.49713212,0.000950514,0.063435525,-0.0003558771,-0.064030156,0.49713212,0.49713212,0.000950514,0.063435525
157.538,4.0123,21.9618,1.1933,4.0,22.0,1.399999976158142,-0.0011903269,-0.06388808,0.4937867,0.4937867,0.0017894276,0.06328898,-0.0011903269,-0.06388808,0.4937867,0.4937867,0.0017894276,0.06328898
157.588,4.0124,21.9617,1.1939,4.0,22.0,1.399999976158142,-0.00078490406,-0.06410076,0.49780115,0.49780115,0.0013830616,0.0635026,-0.00078490406,-0.06410076,0.49780115,0.49780115,0.0013830616,0.0635026
157.638,4.0124,21.9617,1.1941,4.0,22.0,1.399999976158142,-0.0014657067,-0.06402127,0.49616927,0.49616927,0.0020673256,0.06341965,-0.0014657067,-0.06402127,0.49616927,0.49616927,0.0020673256,0.06341965
157.687,4.0124,21.9616,1.1944,4.0,22.0,1.399999976158142,-0.0011434694,-0.064202234,0.49939147,0.49939147,0.0017447425,0.063600965,-0.0011434694,-0.064202234,0.49939147,0.49939147,0.0017447425,0.063600965
157.737,4.0124,21.9616,1.1945,4.0,22.0,1.399999976158142,-0.0017085974,-0.06417513,0.4991785,0.4991785,0.0023127866,0.06357094,-0.0017085974,-0.06417513,0.4991785,0.4991785,0.0023127866,0.06357094
157.787,4.0125,21.9615,1.1945,4.0,22.0,1.399999976158142,-0.0014556199,-0.06432594,0.50166625,0.50166625,0.0020598962,0.063721664,-0.0014556199,-0.06432594,0.50166625,0.50166625,0.0020598962,0.063721664
157.837,4.0125,21.9614,1.1945,4.0,22.0,1.399999976158142,-0.001923389,-0.06435543,0.5027076,0.5027076,0.002530455,0.06374837,-0.001923389,-0.06435543,0.5027076,0.5027076,0.002530455,0.06374837
157.888,4.0125,21.9614,1.1944,4.0,22.0,1.399999976158142,-0.0017369323,-0.06447478,0.5045239,0.5045239,0.0023442989,0.06386741,-0.0017369323,-0.06447478,0.5045239,0.5045239,0.0023442989,0.06386741
157.938,4.0125,21.9613,1.1943,4.0,22.0,1.399999976158142,-0.002137585,-0.064562485,0.50662667,0.50662667,0.0027479085,0.06395216,-0.002137585,-0.064562485,0.50662667,0.50662667,0.0027479085,0.06395216
157.987,4.0125,21.9613,1.1941,4.0,22.0,1.399999976158142,-0.0019965398,-0.06464701,0.50787985,0.50787985,0.0026072809,0.06403627,-0.0019965398,-0.06464701,0.50787985,0.50787985,0.0026072809,0.06403627
158.037,4.0125,21.9612,1.1939,4.0,22.0,1.399999976158142,-0.002347873,-0.06477712,0.5108642,0.5108642,0.002961897,0.064163096,-0.002347873,-0.06477712,0.5108642,0.5108642,0.002961897,0.064163096
158.087,4.0126,21.9611,1.1935,4.0,22.0,1.399999976158142,-0.0022399887,-0.06483471,0.5116309,0.5116309,0.002854175,0.06422052,-0.0022399887,-0.06483471,0.5116309,0.5116309,0.002854175,0.06422052
158.140,4.0126,21.9611,1.1934,4.0,22.0,1.399999976158142,-0.0025476406,-0.06501247,0.51532483,0.51532483,0.0031651868,0.06439492,-0.0025476406,-0.06501247,0.51532483,0.51532483,0.0031651868,0.06439492
158.188,4.0126,21.9611,1.1932,4.0,22.0,1.399999976158142,-0.0024647668,-0.065046936,0.51570433,0.51570433,0.0030823725,0.064429335,-0.0024647668,-0.065046936,0.51570433,0.51570433,0.0030823725,0.064429335
158.237,4.0126,21.9610,1.1926,4.0,22.0,1.399999976158142,-0.002562498,-0.06514398,0.51753414,0.51753414,0.0031815926,0.06452489,-0.002562498,-0.06514398,0.51753414,0.51753414,0.0031815926,0.06452489
158.287,4.0126,21.9609,1.1921,4.0,22.0,1.399999976158142,-0.0028158545,-0.06538641,0.5218546,0.5218546,0.0034379754,0.06476428,-0.0028158545,-0.06538641,0.5218546,0.5218546,0.0034379754,0.06476428
158.338,4.0126,21.9609,1.1921,4.0,22.0,1.399999976158142,-0.0029141721,-0.06556996,0.5246487,0.5246487,0.0035377424,0.06494639,-0.0029141721,-0.06556996,0.5246487,0.5246487,0.0035377424,0.06494639
158.388,4.0126,21.9609,1.1921,4.0,22.0,1.399999976158142,0.0136881955,-0.16164993,1.0,1.0,-0.012336847,0.16029859,0.0136881955,-0.16164993,1.0,1.0,-0.012336847,0.16029859
158.438,4.0127,21.9607,1.1922,4.0,22.0,1.399999976158142,-0.0016299471,-0.064234234,0.49872413,0.49872413,0.0022314906,0.06363269,-0.0016299471,-0.064234234,0.49872413,0.49872413,0.0022314906,0.06363269
158.488,4.0128,21.9606,1.1930,4.0,22.0,1.399999976158142,-0.002926112,-0.06443999,0.4992772,0.4992772,0.0035359538,0.06383015,-0.002926112,-0.06443999,0.4992772,0.4992772,0.0035359538,0.06383015
158.537,4.0128,21.9605,1.1933,4.0,22.0,1.399999976158142,-0.0032257831,-0.06408315,0.4937217,0.4937217,0.003836997,0.06347194,-0.0032257831,-0.06408315,0.4937217,0.4937217,0.003836997,0.06347194
158.588,4.0128,21.9604,1.1939,4.0,22.0,1.399999976158142,-0.0028318164,-0.06429935,0.49774677,0.49774677,0.0034419645,0.0636892,-0.0028318164,-0.06429935,0.49774677,0.49774677,0.0034419645,0.0636892
158.638,4.0128,21.9604,1.1941,4.0,22.0,1.399999976158142,-0.0035018744,-0.06421583,0.49605417,0.49605417,0.0041155186,0.06360219,-0.0035018744,-0.06421583,0.49605417,0.49605417,0.0041155186,0.06360219
158.687,4.0129,21.9603,1.1944,4.0,22.0,1.399999976158142,-0.0031946176,-0.06439909,0.4992751,0.4992751,0.0038078956,0.06378582,-0.0031946176,-0.06439909,0.4992751,0.4992751,0.0038078956,0.06378582
158.737,4.0129,21.9603,1.1945,4.0,22.0,1.399999976158142,-0.0037562088,-0.064363815,0.49896562,0.49896562,0.004372353,0.063747674,-0.0037562088,-0.064363815,0.49896562,0.49896562,0.004372353,0.063747674
158.788,4.0129,21.9602,1.1946,4.0,22.0,1.399999976158142,-0.0035070877,-0.06452139,0.501505,0.501505,0.0041233366,0.06390514,-0.0035070877,-0.06452139,0.501505,0.501505,0.0041233366,0.06390514
158.837,4.0129,21.9601,1.1946,4.0,22.0,1.399999976158142,-0.003964148,-0.064544424,0.5024974,0.5024974,0.0045831115,0.06392546,-0.003964148,-0.064544424,0.5024974,0.5024974,0.0045831115,0.06392546
158.887,4.0130,21.9601,1.1945,4.0,22.0,1.399999976158142,-0.0037928198,-0.064668104,0.50432825,0.50432825,0.004412198,0.06404872,-0.0037928198,-0.064668104,0.50432825,0.50432825,0.004412198,0.06404872
158.937,4.0130,21.9600,1.1944,4.0,22.0,1.399999976158142,-0.0041917744,-0.064745374,0.5063502,0.5063502,0.0048141107,0.06412304,-0.0041917744,-0.064745374,0.5063502,0.5063502,0.0048141107,0.06412304
158.988,4.0130,21.9600,1.1942,4.0,22.0,1.399999976158142,-0.0040527247,-0.064837806,0.5076433,0.5076433,0.0046754926,0.06421504,-0.0040527247,-0.064837806,0.5076433,0.5076433,0.0046754926,0.06421504
159.037,4.0130,21.9599,1.1940,4.0,22.0,1.399999976158142,-0.004404937,-0.0649572,0.5105627,0.5105627,0.0050310846,0.064331055,-0.004404937,-0.0649572,0.5105627,0.5105627,0.0050310846,0.064331055
159.087,4.0130,21.9599,1.1939,4.0,22.0,1.399999976158142,-0.004300594,-0.06502373,0.51136917,0.51136917,0.0049269665,0.06439736,-0.004300594,-0.06502373,0.51136917,0.51136917,0.0049269665,0.06439736
159.137,4.0130,21.9598,1.1935,4.0,22.0,1.399999976158142,-0.004396675,-0.06510981,0.51304466,0.51304466,0.005024601,0.06448189,-0.004396675,-0.06510981,0.51304466,0.51304466,0.005024601,0.06448189
159.189,4.0131,21.9597,1.1930,4.0,22.0,1.399999976158142,-0.004694857,-0.06529178,0.51686966,0.51686966,0.0053263954,0.064660236,-0.004694857,-0.06529178,0.51686966,0.51686966,0.0053263954,0.064660236
159.238,4.0131,21.9597,1.1928,4.0,22.0,1.399999976158142,-0.0048017167,-0.06545048,0.5195876,0.5195876,0.005435223,0.06481698,-0.0048017167,-0.06545048,0.5195876,0.5195876,0.005435223,0.06481698
159.288,4.0131,21.9596,1.1922,4.0,22.0,1.399999976158142,-0.0047516115,-0.06547191,0.5197302,0.5197302,0.0053851064,0.06483842,-0.0047516115,-0.06547191,0.5197302,0.5197302,0.0053851064,0.06483842
159.337,4.0131,21.9596,1.1919,4.0,22.0,1.399999976158142,-0.0049880072,-0.065746486,0.5242981,0.5242981,0.005624641,0.06510986,-0.0049880072,-0.065746486,0.5242981,0.5242981,0.005624641,0.06510986
159.388,4.0132,21.9595,1.1919,4.0,22.0,1.399999976158142,0.0084611485,-0.16132283,1.0,1.0,-0.0070829676,0.15994465,0.0084611485,-0.16132283,1.0,1.0,-0.0070829676,0.15994465
159.439,4.0132,21.9594,1.1923,4.0,22.0,1.399999976158142,-0.0042723655,-0.06455503,0.49969807,0.49969807,0.0048910296,0.06393636,-0.0042723655,-0.06455503,0.49969807,0.49969807,0.0048910296,0.06393636
159.488,4.0132,21.9593,1.1931,4.0,22.0,1.399999976158142,-0.00442069,-0.06439113,0.4969988,0.4969988,0.0050407173,0.0637711,-0.00442069,-0.06439113,0.4969988,0.4969988,0.0050407173,0.0637711
159.538,4.0132,21.9592,1.1934,4.0,22.0,1.399999976158142,-0.005278232,-0.06423667,0.49326387,0.49326387,0.005904498,0.063610405,-0.005278232,-0.06423667,0.49326387,0.49326387,0.005904498,0.063610405
159.588,4.0133,21.9591,1.1940,4.0,22.0,1.399999976158142,-0.0048618177,-0.06446119,0.49750036,0.49750036,0.0054861736,0.06383683,-0.0048618177,-0.06446119,0.49750036,0.49750036,0.0054861736,0.06383683
159.638,4.0133,21.9591,1.1942,4.0,22.0,1.399999976158142,-0.0055366545,-0.06437793,0.4957476,0.4957476,0.006165667,0.06374892,-0.0055366545,-0.06437793,0.4957476,0.4957476,0.006165667,0.06374892
159.688,4.0133,21.9590,1.1945,4.0,22.0,1.399999976158142,-0.005224131,-0.06456589,0.4990418,0.4990418,0.005852158,0.063937865,-0.005224131,-0.06456589,0.4990418,0.4990418,0.005852158,0.063937865
159.738,4.0133,21.9590,1.1946,4.0,22.0,1.399999976158142,-0.005787527,-0.06453244,0.49872124,0.49872124,0.0064193727,0.06390059,-0.005787527,-0.06453244,0.49872124,0.49872124,0.0064193727,0.06390059
159.787,4.0134,21.9589,1.1947,4.0,22.0,1.399999976158142,-0.0055420734,-0.06469154,0.50126517,0.50126517,0.0061735236,0.06406009,-0.0055420734,-0.06469154,0.50126517,0.50126517,0.0061735236,0.06406009
159.837,4.0134,21.9589,1.1947,4.0,22.0,1.399999976158142,-0.005656649,-0.06475978,0.50254756,0.50254756,0.00628959,0.06412684,-0.005656649,-0.06475978,0.50254756,0.50254756,0.00628959,0.06412684
159.888,4.0134,21.9588,1.1947,4.0,22.0,1.399999976158142,-0.0060992674,-0.064799555,0.50384915,0.50384915,0.006735636,0.064163186,-0.0060992674,-0.064799555,0.50384915,0.50384915,0.006735636,0.064163186
159.937,4.0134,21.9588,1.1945,4.0,22.0,1.399999976158142,-0.005935396,-0.064919114,0.5055298,0.5055298,0.006571805,0.0642827,-0.005935396,-0.064919114,0.5055298,0.5055298,0.006571805,0.0642827
159.987,4.0134,21.9587,1.1943,4.0,22.0,1.399999976158142,-0.0063198535,-0.065012,0.50785446,0.50785446,0.0069598975,0.06437196,-0.0063198535,-0.065012,0.50785446,0.50785446,0.0069598975,0.06437196
160.037,4.0135,21.9587,1.1941,4.0,22.0,1.399999976158142,-0.00644556,-0.06513675,0.51034653,0.51034653,0.0070878416,0.06449447,-0.00644556,-0.06513675,0.51034653,0.51034653,0.0070878416,0.06449447
160.088,4.0135,21.9586,1.1938,4.0,22.0,1.399999976158142,-0.006345436,-0.06520551,0.5111465,0.5111465,0.0069877435,0.0645632,-0.006345436,-0.06520551,0.5111465,0.5111465,0.0069877435,0.0645632
160.137,4.0135,21.9585,1.1936,4.0,22.0,1.399999976158142,-0.0066544698,-0.06537456,0.5147986,0.5147986,0.0073005473,0.06472848,-0.0066544698,-0.06537456,0.5147986,0.5147986,0.0073005473,0.06472848
160.187,4.0135,21.9585,1.1931,4.0,22.0,1.399999976158142,-0.0065803416,-0.0654195,0.51520354,0.51520354,0.007226336,0.06477351,-0.0065803416,-0.0654195,0.51520354,0.51520354,0.007226336,0.06477351
160.237,4.0135,21.9584,1.1929,4.0,22.0,1.399999976158142,-0.006853278,-0.06564102,0.5194206,0.5194206,0.007502788,0.06499151,-0.006853278,-0.06564102,0.5194206,0.5194206,0.007502788,0.06499151
160.287,4.0136,21.9583,1.1923,4.0,22.0,1.399999976158142,-0.0068006245,-0.065659806,0.5194946,0.5194946,0.0074500423,0.06501039,-0.0068006245,-0.065659806,0.5194946,0.5194946,0.0074500423,0.06501039
160.339,4.0136,21.9583,1.1920,4.0,22.0,1.399999976158142,-0.007040354,-0.065938264,0.52412796,0.52412796,0.0076927496,0.06528587,-0.007040354,-0.065938264,0.52412796,0.52412796,0.0076927496,0.06528587
160.388,4.0136,21.9582,1.1920,4.0,22.0,1.399999976158142,0.0032130368,-0.16078405,1.0,1.0,-0.0018017176,0.15937273,0.0032130368,-0.16078405,1.0,1.0,-0.0018017176,0.15937273
160.438,4.0136,21.9581,1.1924,4.0,22.0,1.399999976158142,-0.006293479,-0.064720206,0.4995374,0.4995374,0.0069275475,0.06408614,-0.006293479,-0.064720206,0.4995374,0.4995374,0.0069275475,0.06408614
160.487,4.0137,21.9580,1.1932,4.0,22.0,1.399999976158142,-0.0064360197,-0.064553,0.4966812,0.4966812,0.007071748,0.06391727,-0.0064360197,-0.064553,0.4966812,0.4966812,0.007071748,0.06391727
160.537,4.0137,21.9580,1.1935,4.0,22.0,1.399999976158142,-0.0072441623,-0.06442828,0.4932357,0.4932357,0.007886267,0.06378617,-0.0072441623,-0.06442828,0.4932357,0.4932357,0.007886267,0.06378617
160.587,4.0137,21.9579,1.1941,4.0,22.0,1.399999976158142,-0.0068642762,-0.064637735,0.49730828,0.49730828,0.0075044367,0.063997574,-0.0068642762,-0.064637735,0.49730828,0.49730828,0.0075044367,0.063997574
160.637,4.0137,21.9578,1.1943,4.0,22.0,1.399999976158142,-0.007526653,-0.06456882,0.49559042,0.49559042,0.008171628,0.06392384,-0.007526653,-0.06456882,0.49559042,0.49559042,0.008171628,0.06392384
160.687,4.0138,21.9578,1.1944,4.0,22.0,1.399999976158142,-0.0072263423,-0.06475015,0.49885523,0.49885523,0.007870235,0.064106256,-0.0072263423,-0.06475015,0.49885523,0.49885523,0.007870235,0.064106256
160.737,4.0138,21.9577,1.1947,4.0,22.0,1.399999976158142,-0.00735179,-0.06481457,0.49996257,0.49996257,0.007997201,0.06416915,-0.00735179,-0.06481457,0.49996257,0.49996257,0.007997201,0.06416915
160.787,4.0138,21.9577,1.1947,4.0,22.0,1.399999976158142,-0.007870943,-0.0648101,0.50008416,0.50008416,0.008519954,0.064161085,-0.007870943,-0.0648101,0.50008416,0.50008416,0.008519954,0.064161085
160.837,4.0138,21.9576,1.1948,4.0,22.0,1.399999976158142,-0.007657915,-0.06495529,0.50238645,0.50238645,0.0083066905,0.064306505,-0.007657915,-0.06495529,0.50238645,0.50238645,0.0083066905,0.064306505
160.887,4.0139,21.9575,1.1947,4.0,22.0,1.399999976158142,-0.008092688,-0.06500441,0.5037121,0.5037121,0.008744689,0.06435241,-0.008092688,-0.06500441,0.5037121,0.5037121,0.008744689,0.06435241
160.937,4.0139,21.9575,1.1946,4.0,22.0,1.399999976158142,-0.008222551,-0.06512858,0.50599635,0.50599635,0.0088763945,0.06447473,-0.008222551,-0.06512858,0.50599635,0.50599635,0.0088763945,0.06447473
160.987,4.0139,21.9574,1.1943,4.0,22.0,1.399999976158142,-0.008095885,-0.06522032,0.50727123,0.50727123,0.008750002,0.064566195,-0.008095885,-0.06522032,0.50727123,0.50727123,0.008750002,0.064566195
161.037,4.0139,21.9574,1.1942,4.0,22.0,1.399999976158142,-0.008440041,-0.0653485,0.51022905,0.51022905,0.009097464,0.064691074,-0.008440041,-0.0653485,0.51022905,0.51022905,0.009097464,0.064691074
161.087,4.0139,21.9573,1.1938,4.0,22.0,1.399999976158142,-0.008346509,-0.065415815,0.5110198,0.5110198,0.009004149,0.064758174,-0.008346509,-0.065415815,0.5110198,0.5110198,0.009004149,0.064758174
161.138,4.0139,21.9573,1.1936,4.0,22.0,1.399999976158142,-0.008650833,-0.06559081,0.5147079,0.5147079,0.009311714,0.064929925,-0.008650833,-0.06559081,0.5147079,0.5147079,0.009311714,0.064929925
161.187,4.0140,21.9572,1.1931,4.0,22.0,1.399999976158142,-0.008581134,-0.0656349,0.51508653,0.51508653,0.00924217,0.06497386,-0.008581134,-0.0656349,0.51508653,0.51508653,0.00924217,0.06497386
161.242,4.0140,21.9572,1.1929,4.0,22.0,1.399999976158142,-0.008849232,-0.06586229,0.519346,0.519346,0.009513162,0.06519836,-0.008849232,-0.06586229,0.519346,0.519346,0.009513162,0.06519836
161.287,4.0140,21.9571,1.1923,4.0,22.0,1.399999976158142,-0.008800944,-0.06588013,0.5193925,0.5193925,0.009465135,0.06521594,-0.008800944,-0.06588013,0.5193925,0.5193925,0.009465135,0.06521594
161.337,4.0140,21.9570,1.1921,4.0,22.0,1.399999976158142,-0.009056599,-0.06618782,0.52445024,0.52445024,0.009723149,0.06552127,-0.009056599,-0.06618782,0.52445024,0.52445024,0.009723149,0.06552127
161.387,4.0141,21.9569,1.1920,4.0,22.0,1.399999976158142,-0.0015080587,-0.16115312,1.0,1.0,0.0029534763,0.1597077,-0.0015080587,-0.16115312,1.0,1.0,0.0029534763,0.1597077
161.437,4.0141,21.9569,1.1924,4.0,22.0,1.399999976158142,-0.008233631,-0.06490439,0.49946582,0.49946582,0.008881094,0.06425693,-0.008233631,-0.06490439,0.49946582,0.49946582,0.008881094,0.06425693
161.488,4.0141,21.9568,1.1933,4.0,22.0,1.399999976158142,-0.008400322,-0.0647399,0.49662828,0.49662828,0.009050222,0.06409,-0.008400322,-0.0647399,0.49662828,0.49662828,0.009050222,0.06409
161.538,4.0141,21.9567,1.1936,4.0,22.0,1.399999976158142,-0.009208685,-0.064614035,0.49318987,0.49318987,0.009865206,0.06395752,-0.009208685,-0.064614035,0.49318987,0.49318987,0.009865206,0.06395752
161.587,4.0142,21.9567,1.1938,4.0,22.0,1.399999976158142,-0.008830248,-0.06482783,0.49726984,0.49726984,0.00948471,0.06417337,-0.008830248,-0.06482783,0.49726984,0.49726984,0.00948471,0.06417337
161.637,4.0142,21.9566,1.1943,4.0,22.0,1.399999976158142,-0.008973135,-0.06488724,0.49815124,0.49815124,0.009629285,0.06423109,-0.008973135,-0.06488724,0.49815124,0.49815124,0.009629285,0.06423109
161.688,4.0142,21.9565,1.1946,4.0,22.0,1.399999976158142,-0.009594808,-0.064834885,0.4968966,0.4968966,0.010255513,0.06417418,-0.009594808,-0.064834885,0.4968966,0.4968966,0.010255513,0.06417418
161.737,4.0142,21.9564,1.1947,4.0,22.0,1.399999976158142,-0.0097386185,-0.0649262,0.49855548,0.49855548,0.010400734,0.06426408,-0.0097386185,-0.0649262,0.49855548,0.49855548,0.010400734,0.06426408
161.787,4.0143,21.9564,1.1948,4.0,22.0,1.399999976158142,-0.009511842,-0.06508153,0.5010779,0.5010779,0.01017355,0.06441982,-0.009511842,-0.06508153,0.5010779,0.5010779,0.01017355,0.06441982
161.838,4.0143,21.9563,1.1948,4.0,22.0,1.399999976158142,-0.009965668,-0.065115206,0.502083,0.502083,0.010630667,0.064450204,-0.009965668,-0.065115206,0.502083,0.502083,0.010630667,0.064450204
161.887,4.0143,21.9563,1.1947,4.0,22.0,1.399999976158142,-0.009798097,-0.06524286,0.5039237,0.5039237,0.010463148,0.0645778,-0.009798097,-0.06524286,0.5039237,0.5039237,0.010463148,0.0645778
161.937,4.0143,21.9562,1.1946,4.0,22.0,1.399999976158142,-0.010187777,-0.06533188,0.50600773,0.50600773,0.010855978,0.06466368,-0.010187777,-0.06533188,0.50600773,0.50600773,0.010855978,0.06466368
161.989,4.0143,21.9562,1.1944,4.0,22.0,1.399999976158142,-0.010065192,-0.06542541,0.5072678,0.5072678,0.01073371,0.0647569,-0.010065192,-0.06542541,0.5072678,0.5072678,0.01073371,0.0647569
162.037,4.0144,21.9561,1.1942,4.0,22.0,1.399999976158142,-0.010396726,-0.06555686,0.5102364,0.5102364,0.011068417,0.06488517,-0.010396726,-0.06555686,0.5102364,0.5102364,0.011068417,0.06488517
162.088,4.0144,21.9561,1.1938,4.0,22.0,1.399999976158142,-0.010319689,-0.06562612,0.51105434,0.51105434,0.010991715,0.064954095,-0.010319689,-0.06562612,0.51105434,0.51105434,0.010991715,0.064954095
162.138,4.0144,21.9560,1.1936,4.0,22.0,1.399999976158142,-0.010610101,-0.06580299,0.514713,0.514713,0.011285146,0.06512795,-0.010610101,-0.06580299,0.514713,0.514713,0.011285146,0.06512795
162.188,4.0144,21.9559,1.1931,4.0,22.0,1.399999976158142,-0.010551231,-0.06584999,0.5151221,0.5151221,0.011226554,0.06517467,-0.010551231,-0.06584999,0.5151221,0.5151221,0.011226554,0.06517467
162.239,4.0144,21.9559,1.1929,4.0,22.0,1.399999976158142,-0.010809826,-0.06608046,0.51937544,0.51937544,0.011487764,0.06540252,-0.010809826,-0.06608046,0.51937544,0.51937544,0.011487764,0.06540252
162.287,4.0145,21.9558,1.1923,4.0,22.0,1.399999976158142,-0.010771003,-0.06610076,0.51944107,0.51944107,0.01144929,0.065422475,-0.010771003,-0.06610076,0.51944107,0.51944107,0.01144929,0.065422475
162.339,4.0145,21.9558,1.1921,4.0,22.0,1.399999976158142,-0.010998884,-0.06639261,0.5241726,0.5241726,0.011679075,0.065712415,-0.010998884,-0.06639261,0.5241726,0.5241726,0.011679075,0.065712415
162.387,4.0145,21.9557,1.1920,4.0,22.0,1.399999976158142,-0.0064415764,-0.16082725,1.0,1.0,0.007916286,0.15935254,-0.0064415764,-0.16082725,1.0,1.0,0.007916286,0.15935254
162.437,4.0145,21.9556,1.1924,4.0,22.0,1.399999976158142,-0.010156729,-0.06510156,0.49952078,0.49952078,0.010817586,0.0644407,-0.010156729,-0.06510156,0.49952078,0.49952078,0.010817586,0.0644407
162.487,4.0145,21.9556,1.1928,4.0,22.0,1.399999976158142,-0.0103173675,-0.06493728,0.49667165,0.49667165,0.01098102,0.064273626,-0.0103173675,-0.06493728,0.49667165,0.49667165,0.01098102,0.064273626
162.537,4.0146,21.9555,1.1935,4.0,22.0,1.399999976158142,-0.010488422,-0.064985804,0.49722114,0.49722114,0.011154165,0.064320065,-0.010488422,-0.064985804,0.49722114,0.49722114,0.011154165,0.064320065
162.588,4.0146,21.9554,1.1941,4.0,22.0,1.399999976158142,-0.011226011,-0.06489829,0.4943401,0.4943401,0.011897973,0.06422633,-0.011226011,-0.06489829,0.4943401,0.4943401,0.011897973,0.06422633
162.637,4.0146,21.9553,1.1943,4.0,22.0,1.399999976158142,-0.011389197,-0.06497994,0.49557537,0.49557537,0.012062616,0.06430652,-0.011389197,-0.06497994,0.49557537,0.49557537,0.012062616,0.06430652
162.687,4.0147,21.9552,1.1946,4.0,22.0,1.399999976158142,-0.011104128,-0.06515814,0.49885887,0.49885887,0.011776331,0.06448594,-0.011104128,-0.06515814,0.49885887,0.49885887,0.011776331,0.06448594
162.738,4.0147,21.9552,1.1947,4.0,22.0,1.399999976158142,-0.011636111,-0.065150894,0.49861753,0.49861753,0.012312163,0.06447484,-0.011636111,-0.065150894,0.49861753,0.49861753,0.012312163,0.06447484
162.787,4.0147,21.9551,1.1948,4.0,22.0,1.399999976158142,-0.011419366,-0.06530305,0.5011199,0.5011199,0.012094984,0.06462743,-0.011419366,-0.06530305,0.5011199,0.5011199,0.012094984,0.06462743
162.838,4.0147,21.9551,1.1948,4.0,22.0,1.399999976158142,-0.011859032,-0.065347716,0.50213933,0.50213933,0.01253778,0.06466897,-0.011859032,-0.065347716,0.50213933,0.50213933,0.01253778,0.06466897
162.887,4.0148,21.9550,1.1947,4.0,22.0,1.399999976158142,-0.011703324,-0.065471485,0.5039702,0.5039702,0.012382177,0.06479263,-0.011703324,-0.065471485,0.5039702,0.5039702,0.012382177,0.06479263
162.938,4.0148,21.9550,1.1946,4.0,22.0,1.399999976158142,-0.012079371,-0.06557024,0.5060621,0.5060621,0.012761057,0.06488856,-0.012079371,-0.06557024,0.5060621,0.5060621,0.012761057,0.06488856
162.988,4.0148,21.9549,1.1943,4.0,22.0,1.399999976158142,-0.0119671505,-0.06566124,0.5073228,0.5073228,0.012649278,0.064979106,-0.0119671505,-0.06566124,0.5073228,0.5073228,0.012649278,0.064979106
163.038,4.0148,21.9549,1.1942,4.0,22.0,1.399999976158142,-0.0122947125,-0.06580136,0.5103111,0.5103111,0.012979588,0.06511648,-0.0122947125,-0.06580136,0.5103111,0.5103111,0.012979588,0.06511648
163.087,4.0148,21.9548,1.1938,4.0,22.0,1.399999976158142,-0.0122149885,-0.06586809,0.51108265,0.51108265,0.012900334,0.06518274,-0.0122149885,-0.06586809,0.51108265,0.51108265,0.012900334,0.06518274
163.137,4.0148,21.9548,1.1936,4.0,22.0,1.399999976158142,-0.012500305,-0.06605619,0.5147971,0.5147971,0.013188107,0.06536839,-0.012500305,-0.06605619,0.5147971,0.5147971,0.013188107,0.06536839
163.190,4.0149,21.9547,1.1931,4.0,22.0,1.399999976158142,-0.012446032,-0.06609903,0.51515937,0.51515937,0.0131343445,0.065410726,-0.012446032,-0.06609903,0.51515937,0.51515937,0.0131343445,0.065410726
163.238,4.0149,21.9547,1.1929,4.0,22.0,1.399999976158142,-0.0126859415,-0.0663352,0.5193334,0.5193334,0.013376162,0.06564498,-0.0126859415,-0.0663352,0.5193334,0.5193334,0.013376162,0.06564498
163.298,4.0149,21.9546,1.1923,4.0,22.0,1.399999976158142,-0.012667657,-0.066362396,0.5195705,0.5195705,0.013358535,0.06567152,-0.012667657,-0.066362396,0.5195705,0.5195705,0.013358535,0.06567152
163.348,4.0149,21.9546,1.1920,4.0,22.0,1.399999976158142,-0.012874975,-0.06665587,0.524166,0.524166,0.01356689,0.06596395,-0.012874975,-0.06665587,0.524166,0.524166,0.01356689,0.06596395
163.398,4.0149,21.9545,1.1918,4.0,22.0,1.399999976158142,-0.010958596,-0.16113247,1.0,1.0,0.012461727,0.15962933,-0.010958596,-0.16113247,1.0,1.0,0.012461727,0.15962933
163.448,4.0150,21.9544,1.1924,4.0,22.0,1.399999976158142,-0.011546776,-0.06533386,0.50104994,0.50104994,0.012215711,0.06466492,-0.011546776,-0.06533386,0.50104994,0.50104994,0.012215711,0.06466492
163.498,4.0150,21.9543,1.1932,4.0,22.0,1.399999976158142,-0.012502959,-0.065158926,0.49561322,0.49561322,0.01318066,0.06448122,-0.012502959,-0.065158926,0.49561322,0.49561322,0.01318066,0.06448122
163.548,4.0150,21.9543,1.1935,4.0,22.0,1.399999976158142,-0.0129441945,-0.06506546,0.49331093,0.49331093,0.013626452,0.0643832,-0.0129441945,-0.06506546,0.49331093,0.49331093,0.013626452,0.0643832
163.598,4.0151,21.9542,1.1941,4.0,22.0,1.399999976158142,-0.012590222,-0.06527068,0.4973717,0.4973717,0.013270343,0.06459055,-0.012590222,-0.06527068,0.4973717,0.4973717,0.013270343,0.06459055
163.648,4.0151,21.9541,1.1943,4.0,22.0,1.399999976158142,-0.013227661,-0.06522107,0.49565455,0.49565455,0.013912684,0.06453605,-0.013227661,-0.06522107,0.49565455,0.49565455,0.013912684,0.06453605
163.698,4.0151,21.9540,1.1946,4.0,22.0,1.399999976158142,-0.012946626,-0.065400906,0.49893668,0.49893668,0.013630488,0.06471705,-0.012946626,-0.065400906,0.49893668,0.49893668,0.013630488,0.06471705
163.748,4.0151,21.9540,1.1947,4.0,22.0,1.399999976158142,-0.013467735,-0.065400824,0.4986999,0.4986999,0.014155188,0.064713374,-0.013467735,-0.065400824,0.4986999,0.4986999,0.014155188,0.064713374
163.787,4.0152,21.9539,1.1947,4.0,22.0,1.399999976158142,-0.013260411,-0.06555153,0.5011955,0.5011955,0.013947556,0.06486438,-0.013260411,-0.06555153,0.5011955,0.5011955,0.013947556,0.06486438
163.839,4.0152,21.9539,1.1947,4.0,22.0,1.399999976158142,-0.013689544,-0.06560303,0.50221366,0.50221366,0.014379485,0.064913094,-0.013689544,-0.06560303,0.50221366,0.50221366,0.014379485,0.064913094
163.888,4.0152,21.9538,1.1946,4.0,22.0,1.399999976158142,-0.013539791,-0.06572712,0.50406486,0.50406486,0.014230002,0.06503691,-0.013539791,-0.06572712,0.50406486,0.50406486,0.014230002,0.06503691
163.938,4.0152,21.9538,1.1946,4.0,22.0,1.399999976158142,-0.013912092,-0.0658314,0.5061493,0.5061493,0.014604745,0.06513874,-0.013912092,-0.0658314,0.5061493,0.5061493,0.014604745,0.06513874
163.987,4.0152,21.9537,1.1943,4.0,22.0,1.399999976158142,-0.013802883,-0.06592096,0.50739497,0.50739497,0.014496143,0.065227695,-0.013802883,-0.06592096,0.50739497,0.50739497,0.014496143,0.065227695
164.038,4.0152,21.9537,1.1941,4.0,22.0,1.399999976158142,-0.014117402,-0.0660684,0.5103797,0.5103797,0.014812934,0.06537287,-0.014117402,-0.0660684,0.5103797,0.5103797,0.014812934,0.06537287
164.088,4.0153,21.9536,1.1938,4.0,22.0,1.399999976158142,-0.014047274,-0.0661343,0.51115626,0.51115626,0.014743507,0.06543806,-0.014047274,-0.0661343,0.51115626,0.51115626,0.014743507,0.06543806
164.138,4.0153,21.9536,1.1936,4.0,22.0,1.399999976158142,-0.014320203,-0.066330425,0.51487166,0.51487166,0.015018337,0.06563229,-0.014320203,-0.066330425,0.51487166,0.51487166,0.015018337,0.06563229
164.189,4.0153,21.9535,1.1931,4.0,22.0,1.399999976158142,-0.014275218,-0.06637173,0.51523286,0.51523286,0.014974118,0.06567283,-0.014275218,-0.06637173,0.51523286,0.51523286,0.014974118,0.06567283
164.241,4.0153,21.9535,1.1928,4.0,22.0,1.399999976158142,-0.014505803,-0.06661878,0.5194543,0.5194543,0.015205975,0.06591861,-0.014505803,-0.06661878,0.5194543,0.5194543,0.015205975,0.06591861
164.299,4.0153,21.9535,1.1926,4.0,22.0,1.399999976158142,-0.014490049,-0.06663771,0.5195727,0.5195727,0.015191252,0.065936506,-0.014490049,-0.06663771,0.5195727,0.5195727,0.015191252,0.065936506
164.337,4.0153,21.9534,1.1920,4.0,22.0,1.399999976158142,-0.014583034,-0.066758275,0.52148,0.52148,0.015285208,0.0660561,-0.014583034,-0.066758275,0.52148,0.52148,0.015285208,0.0660561
164.387,4.0154,21.9533,1.1918,4.0,22.0,1.399999976158142,-0.015453121,-0.16112708,1.0,1.0,0.01697755,0.15960264,-0.015453121,-0.16112708,1.0,1.0,0.01697755,0.15960264
164.437,4.0154,21.9532,1.1923,4.0,22.0,1.399999976158142,-0.013330817,-0.065584056,0.5011507,0.5011507,0.01400911,0.06490576,-0.013330817,-0.065584056,0.5011507,0.5011507,0.01400911,0.06490576
164.487,4.0154,21.9532,1.1927,4.0,22.0,1.399999976158142,-0.014263512,-0.06542573,0.49573544,0.49573544,0.014950622,0.06473862,-0.014263512,-0.06542573,0.49573544,0.49573544,0.014950622,0.06473862
164.537,4.0155,21.9531,1.1935,4.0,22.0,1.399999976158142,-0.014109532,-0.06548291,0.4973906,0.4973906,0.014796743,0.064795695,-0.014109532,-0.06548291,0.4973906,0.4973906,0.014796743,0.064795695
164.587,4.0155,21.9530,1.1940,4.0,22.0,1.399999976158142,-0.014818836,-0.06541577,0.49450627,0.49450627,0.015512099,0.06472251,-0.014818836,-0.06541577,0.49450627,0.49450627,0.015512099,0.06472251
164.638,4.0155,21.9529,1.1942,4.0,22.0,1.399999976158142,-0.014972781,-0.065506354,0.4957601,0.4957601,0.015667286,0.06481185,-0.014972781,-0.065506354,0.4957601,0.4957601,0.015667286,0.06481185
164.688,4.0155,21.9528,1.1945,4.0,22.0,1.399999976158142,-0.014712161,-0.06567723,0.4990236,0.4990236,0.015405597,0.0649838,-0.014712161,-0.06567723,0.4990236,0.4990236,0.015405597,0.0649838
164.737,4.0156,21.9528,1.1946,4.0,22.0,1.399999976158142,-0.015215378,-0.06568926,0.49878663,0.49878663,0.015912207,0.064992435,-0.015215378,-0.06568926,0.49878663,0.49878663,0.015912207,0.064992435
164.787,4.0156,21.9527,1.1947,4.0,22.0,1.399999976158142,-0.015020306,-0.06583547,0.50128436,0.50128436,0.015716903,0.06513887,-0.015020306,-0.06583547,0.50128436,0.50128436,0.015716903,0.06513887
164.838,4.0156,21.9527,1.1947,4.0,22.0,1.399999976158142,-0.015433794,-0.06589745,0.5022961,0.5022961,0.016132891,0.065198354,-0.015433794,-0.06589745,0.5022961,0.5022961,0.016132891,0.065198354
164.888,4.0156,21.9526,1.1946,4.0,22.0,1.399999976158142,-0.015296774,-0.06601662,0.50413346,0.50413346,0.015996257,0.06531714,-0.015296774,-0.06601662,0.50413346,0.50413346,0.015996257,0.06531714
164.937,4.0156,21.9526,1.1945,4.0,22.0,1.399999976158142,-0.015645195,-0.06613182,0.5062231,0.5062231,0.0163467,0.06543032,-0.015645195,-0.06613182,0.5062231,0.5062231,0.0163467,0.06543032
164.987,4.0157,21.9525,1.1943,4.0,22.0,1.399999976158142,-0.015555522,-0.066218466,0.50748426,0.50748426,0.016257824,0.06551617,-0.015555522,-0.066218466,0.50748426,0.50748426,0.016257824,0.06551617
165.041,4.0157,21.9525,1.1941,4.0,22.0,1.399999976158142,-0.01585462,-0.06637508,0.51045907,0.51045907,0.016558664,0.065671034,-0.01585462,-0.06637508,0.51045907,0.51045907,0.016558664,0.065671034
165.087,4.0157,21.9525,1.1937,4.0,22.0,1.399999976158142,-0.01579349,-0.06644049,0.5112585,0.5112585,0.016498523,0.06573546,-0.01579349,-0.06644049,0.5112585,0.5112585,0.016498523,0.06573546
165.142,4.0157,21.9524,1.1935,4.0,22.0,1.399999976158142,-0.016065748,-0.06665182,0.51509875,0.51509875,0.016771965,0.0659456,-0.016065748,-0.06665182,0.51509875,0.51509875,0.016771965,0.0659456
165.188,4.0157,21.9524,1.1930,4.0,22.0,1.399999976158142,-0.01601791,-0.06668375,0.5153142,0.5153142,0.016725281,0.065976374,-0.01601791,-0.06668375,0.5153142,0.5153142,0.016725281,0.065976374
165.238,4.0157,21.9523,1.1928,4.0,22.0,1.399999976158142,-0.016248316,-0.06695605,0.519797,0.519797,0.016956016,0.06624835,-0.016248316,-0.06695605,0.519797,0.519797,0.016956016,0.06624835
165.287,4.0158,21.9522,1.1922,4.0,22.0,1.399999976158142,-0.016227014,-0.06695574,0.5196353,0.5196353,0.016936047,0.0662467,-0.016227014,-0.06695574,0.5196353,0.5196353,0.016936047,0.0662467
165.337,4.0158,21.9522,1.1920,4.0,22.0,1.399999976158142,-0.016407643,-0.06727082,0.52425957,0.52425957,0.017116146,0.066562325,-0.016407643,-0.06727082,0.52425957,0.52425957,0.017116146,0.066562325
165.387,4.0158,21.9521,1.1919,4.0,22.0,1.399999976158142,-0.019630449,-0.16148688,1.0,1.0,0.021172412,0.15994492,-0.019630449,-0.16148688,1.0,1.0,0.021172412,0.15994492
165.437,4.0158,21.9521,1.1923,4.0,22.0,1.399999976158142,-0.015426165,-0.0658913,0.49965152,0.49965152,0.016113613,0.06520386,-0.015426165,-0.0658913,0.49965152,0.49965152,0.016113613,0.06520386
165.487,4.0158,21.9520,1.1927,4.0,22.0,1.399999976158142,-0.015629098,-0.06572183,0.49680373,0.49680373,0.016321354,0.06502958,-0.015629098,-0.06572183,0.49680373,0.49680373,0.016321354,0.06502958
165.537,4.0159,21.9519,1.1935,4.0,22.0,1.399999976158142,-0.015795935,-0.06577981,0.4973698,0.4973698,0.016490279,0.06508546,-0.015795935,-0.06577981,0.4973698,0.4973698,0.016490279,0.06508546
165.587,4.0159,21.9519,1.1937,4.0,22.0,1.399999976158142,-0.016485827,-0.06572374,0.49446633,0.49446633,0.017185984,0.065023586,-0.016485827,-0.06572374,0.49446633,0.49446633,0.017185984,0.065023586
165.637,4.0159,21.9518,1.1942,4.0,22.0,1.399999976158142,-0.016180944,-0.065912485,0.4983117,0.4983117,0.016879382,0.065214045,-0.016180944,-0.065912485,0.4983117,0.4983117,0.016879382,0.065214045
165.687,4.0160,21.9517,1.1946,4.0,22.0,1.399999976158142,-0.016743908,-0.06590121,0.49703425,0.49703425,0.01744636,0.06519876,-0.016743908,-0.06590121,0.49703425,0.49703425,0.01744636,0.06519876
165.737,4.0160,21.9517,1.1946,4.0,22.0,1.399999976158142,-0.016876524,-0.06600578,0.49869227,0.49869227,0.017579893,0.06530242,-0.016876524,-0.06600578,0.49869227,0.49869227,0.017579893,0.06530242
165.787,4.0160,21.9517,1.1946,4.0,22.0,1.399999976158142,-0.01644454,-0.06618049,0.50195414,0.50195414,0.0171469,0.06547813,-0.01644454,-0.06618049,0.50195414,0.50195414,0.0171469,0.06547813
165.838,4.0160,21.9517,1.1946,4.0,22.0,1.399999976158142,-0.016520286,-0.06625754,0.50318813,0.50318813,0.017223947,0.065553874,-0.016520286,-0.06625754,0.50318813,0.50318813,0.017223947,0.065553874
165.888,4.0160,21.9517,1.1946,4.0,22.0,1.399999976158142,-0.016595937,-0.066334486,0.5044206,0.5044206,0.017300894,0.06562953,-0.016595937,-0.066334486,0.5044206,0.5044206,0.017300894,0.06562953
165.938,4.0160,21.9517,1.1946,4.0,22.0,1.399999976158142,-0.016671548,-0.06641139,0.5056523,0.5056523,0.0173778,0.065705135,-0.016671548,-0.06641139,0.5056523,0.5056523,0.0173778,0.065705135
165.988,4.0160,21.9517,1.1946,4.0,22.0,1.399999976158142,-0.016747234,-0.06648837,0.50688535,0.50688535,0.017454784,0.06578082,-0.016747234,-0.06648837,0.50688535,0.50688535,0.017454784,0.06578082
166.038,4.0160,21.9517,1.1946,4.0,22.0,1.399999976158142,-0.016822807,-0.066565245,0.5081165,0.5081165,0.017531654,0.0658564,-0.016822807,-0.066565245,0.5081165,0.5081165,0.017531654,0.0658564
166.087,4.0160,21.9517,1.1946,4.0,22.0,1.399999976158142,-0.016898446,-0.06664218,0.50934875,0.50934875,0.017608589,0.065932035,-0.016898446,-0.06664218,0.50934875,0.50934875,0.017608589,0.065932035
166.138,4.0160,21.9517,1.1946,4.0,22.0,1.399999976158142,-0.01697413,-0.06671916,0.51058173,0.51058173,0.017685572,0.06600772,-0.01697413,-0.06671916,0.51058173,0.51058173,0.017685572,0.06600772
166.187,4.0160,21.9517,1.1946,4.0,22.0,1.399999976158142,-0.017049924,-0.06679625,0.51181644,0.51181644,0.017762665,0.06608351,-0.017049924,-0.06679625,0.51181644,0.51181644,0.017762665,0.06608351
166.238,4.0160,21.9517,1.1946,4.0,22.0,1.399999976158142,-0.017125491,-0.06687312,0.5130476,0.5130476,0.017839529,0.06615908,-0.017125491,-0.06687312,0.5130476,0.5130476,0.017839529,0.06615908
166.287,4.0160,21.9517,1.1946,4.0,22.0,1.399999976158142,-0.017202452,-0.066951394,0.5143013,0.5143013,0.017917808,0.06623604,-0.017202452,-0.066951394,0.5143013,0.5143013,0.017917808,0.06623604
166.340,4.0160,21.9517,1.1946,4.0,22.0,1.399999976158142,-0.017276812,-0.06702703,0.51551276,0.51551276,0.017993445,0.0663104,-0.017276812,-0.06702703,0.51551276,0.51551276,0.017993445,0.0663104
166.388,4.0160,21.9517,1.1946,4.0,22.0,1.399999976158142,-0.02234012,-0.16300964,1.0,1.0,0.023915695,0.16143407,-0.02234012,-0.16300964,1.0,1.0,0.023915695,0.16143407
166.437,4.0162,21.9509,1.1922,4.0,22.0,1.399999976158142,-0.015918039,-0.06564496,0.49328098,0.49328098,0.01661137,0.06495163,-0.015918039,-0.06564496,0.49328098,0.49328098,0.01661137,0.06495163
166.487,4.0163,21.9509,1.1926,4.0,22.0,1.399999976158142,-0.019848414,-0.06698034,0.5147406,0.5147406,0.02054372,0.06628504,-0.019848414,-0.06698034,0.5147406,0.5147406,0.02054372,0.06628504
166.538,4.0163,21.9508,1.1933,4.0,22.0,1.399999976158142,-0.01746009,-0.06602883,0.49781343,0.49781343,0.0181605,0.06532842,-0.01746009,-0.06602883,0.49781343,0.49781343,0.0181605,0.06532842
166.587,4.0163,21.9507,1.1936,4.0,22.0,1.399999976158142,-0.018157957,-0.065962546,0.49496406,0.49496406,0.018864453,0.06525605,-0.018157957,-0.065962546,0.49496406,0.49496406,0.018864453,0.06525605
166.637,4.0163,21.9507,1.1941,4.0,22.0,1.399999976158142,-0.017844182,-0.06616967,0.49870574,0.49870574,0.018548649,0.0654652,-0.017844182,-0.06616967,0.49870574,0.49870574,0.018548649,0.0654652
166.687,4.0164,21.9506,1.1944,4.0,22.0,1.399999976158142,-0.018410087,-0.066152416,0.49750498,0.49750498,0.019118667,0.065443836,-0.018410087,-0.066152416,0.49750498,0.49750498,0.019118667,0.065443836
166.738,4.0164,21.9505,1.1944,4.0,22.0,1.399999976158142,-0.01854324,-0.0662606,0.49915552,0.49915552,0.019252645,0.06555119,-0.01854324,-0.0662606,0.49915552,0.49915552,0.019252645,0.06555119
166.787,4.0164,21.9505,1.1945,4.0,22.0,1.399999976158142,-0.018358244,-0.06641065,0.50166625,0.50166625,0.019067524,0.06570138,-0.018358244,-0.06641065,0.50166625,0.50166625,0.019067524,0.06570138
166.837,4.0164,21.9504,1.1945,4.0,22.0,1.399999976158142,-0.018756943,-0.066479996,0.5026783,0.5026783,0.019468188,0.065768756,-0.018756943,-0.066479996,0.5026783,0.5026783,0.019468188,0.065768756
166.888,4.0164,21.9504,1.1944,4.0,22.0,1.399999976158142,-0.018631624,-0.06660114,0.50451046,0.50451046,0.01934346,0.06588931,-0.018631624,-0.06660114,0.50451046,0.50451046,0.01934346,0.06588931
166.937,4.0165,21.9504,1.1943,4.0,22.0,1.399999976158142,-0.018958779,-0.06672658,0.50660324,0.50660324,0.01967192,0.06601344,-0.018958779,-0.06672658,0.50660324,0.50660324,0.01967192,0.06601344
166.988,4.0165,21.9503,1.1941,4.0,22.0,1.399999976158142,-0.018885886,-0.06681369,0.5078623,0.5078623,0.019600112,0.06609947,-0.018885886,-0.06681369,0.5078623,0.5078623,0.019600112,0.06609947
167.038,4.0165,21.9503,1.1939,4.0,22.0,1.399999976158142,-0.019161727,-0.066982426,0.51082367,0.51082367,0.01987678,0.06626737,-0.019161727,-0.066982426,0.51082367,0.51082367,0.01987678,0.06626737
167.087,4.0165,21.9502,1.1936,4.0,22.0,1.399999976158142,-0.019117525,-0.06704488,0.51160073,0.51160073,0.019833881,0.066328526,-0.019117525,-0.06704488,0.51160073,0.51160073,0.019833881,0.066328526
167.137,4.0165,21.9502,1.1934,4.0,22.0,1.399999976158142,-0.0193484,-0.0672648,0.51528233,0.51528233,0.020064883,0.06654832,-0.0193484,-0.0672648,0.51528233,0.51528233,0.020064883,0.06654832
167.187,4.0165,21.9501,1.1929,4.0,22.0,1.399999976158142,-0.019332923,-0.067302026,0.5156656,0.5156656,0.020050935,0.06658401,-0.019332923,-0.067302026,0.5156656,0.5156656,0.020050935,0.06658401
167.238,4.0166,21.9501,1.1926,4.0,22.0,1.399999976158142,-0.01952225,-0.06757805,0.51990443,0.51990443,0.020239398,0.0668609,-0.01952225,-0.06757805,0.51990443,0.51990443,0.020239398,0.0668609
167.288,4.0166,21.9500,1.1921,4.0,22.0,1.399999976158142,-0.019531965,-0.06758678,0.51996183,0.51996183,0.020251011,0.06686774,-0.019531965,-0.06758678,0.51996183,0.51996183,0.020251011,0.06686774
167.337,4.0166,21.9500,1.1918,4.0,22.0,1.399999976158142,-0.019683199,-0.06792358,0.52461547,0.52461547,0.020400144,0.06720664,-0.019683199,-0.06792358,0.52461547,0.52461547,0.020400144,0.06720664
167.388,4.0166,21.9499,1.1918,4.0,22.0,1.399999976158142,-0.02763692,-0.16192782,1.0,1.0,0.029199138,0.1603656,-0.02763692,-0.16192782,1.0,1.0,0.029199138,0.1603656
167.438,4.0166,21.9498,1.1922,4.0,22.0,1.399999976158142,-0.018609567,-0.06649128,0.49996573,0.49996573,0.019304696,0.06579615,-0.018609567,-0.06649128,0.49996573,0.49996573,0.019304696,0.06579615
167.487,4.0167,21.9498,1.1926,4.0,22.0,1.399999976158142,-0.01883288,-0.0663197,0.49713004,0.49713004,0.019533956,0.06561862,-0.01883288,-0.0663197,0.49713004,0.49713004,0.019533956,0.06561862
167.537,4.0167,21.9497,1.1933,4.0,22.0,1.399999976158142,-0.018995618,-0.06638462,0.49770492,0.49770492,0.019698761,0.06568148,-0.018995618,-0.06638462,0.49770492,0.49770492,0.019698761,0.06568148
167.587,4.0167,21.9496,1.1939,4.0,22.0,1.399999976158142,-0.019643899,-0.06635525,0.49474913,0.49474913,0.020352527,0.06564662,-0.019643899,-0.06635525,0.49474913,0.49474913,0.020352527,0.06564662
167.637,4.0167,21.9496,1.1941,4.0,22.0,1.399999976158142,-0.01978514,-0.0664558,0.49599156,0.49599156,0.020494664,0.06574627,-0.01978514,-0.0664558,0.49599156,0.49599156,0.020494664,0.06574627
167.687,4.0168,21.9495,1.1944,4.0,22.0,1.399999976158142,-0.019565143,-0.06661323,0.4992879,0.4992879,0.020273898,0.06590447,-0.019565143,-0.06661323,0.4992879,0.4992879,0.020273898,0.06590447
167.737,4.0168,21.9495,1.1945,4.0,22.0,1.399999976158142,-0.02001638,-0.06665418,0.49897727,0.49897727,0.020727659,0.065942906,-0.02001638,-0.06665418,0.49897727,0.49897727,0.020727659,0.065942906
167.787,4.0168,21.9494,1.1946,4.0,22.0,1.399999976158142,-0.019857759,-0.06678945,0.5015112,0.5015112,0.020569168,0.066078044,-0.019857759,-0.06678945,0.5015112,0.5015112,0.020569168,0.066078044
167.837,4.0168,21.9494,1.1946,4.0,22.0,1.399999976158142,-0.020218655,-0.06687736,0.50247675,0.50247675,0.020931456,0.06616455,-0.020218655,-0.06687736,0.50247675,0.50247675,0.020931456,0.06616455
167.887,4.0168,21.9493,1.1945,4.0,22.0,1.399999976158142,-0.020119237,-0.06698731,0.50433433,0.50433433,0.020832896,0.06627366,-0.020119237,-0.06698731,0.50433433,0.50433433,0.020832896,0.06627366
167.937,4.0168,21.9493,1.1944,4.0,22.0,1.399999976158142,-0.02041877,-0.06712434,0.50636655,0.50636655,0.021133058,0.06641005,-0.02041877,-0.06712434,0.50636655,0.50636655,0.021133058,0.06641005
167.988,4.0169,21.9492,1.1942,4.0,22.0,1.399999976158142,-0.020361446,-0.067205265,0.50765437,0.50765437,0.02107711,0.06648961,-0.020361446,-0.067205265,0.50765437,0.50765437,0.02107711,0.06648961
168.037,4.0169,21.9492,1.1940,4.0,22.0,1.399999976158142,-0.020608043,-0.0673847,0.5105733,0.5105733,0.021323843,0.0666689,-0.020608043,-0.0673847,0.5105733,0.5105733,0.021323843,0.0666689
168.087,4.0169,21.9491,1.1937,4.0,22.0,1.399999976158142,-0.02058675,-0.06744379,0.51140183,0.51140183,0.0213041,0.06672644,-0.02058675,-0.06744379,0.51140183,0.51140183,0.0213041,0.06672644
168.138,4.0169,21.9491,1.1935,4.0,22.0,1.399999976158142,-0.020790286,-0.067671716,0.515035,0.515035,0.02150692,0.06695508,-0.020790286,-0.067671716,0.515035,0.515035,0.02150692,0.06695508
168.187,4.0169,21.9490,1.1930,4.0,22.0,1.399999976158142,-0.020791974,-0.06770511,0.5154332,0.5154332,0.021510532,0.066986546,-0.020791974,-0.06770511,0.5154332,0.5154332,0.021510532,0.066986546
168.237,4.0169,21.9490,1.1928,4.0,22.0,1.399999976158142,-0.020958507,-0.06799132,0.5196851,0.5196851,0.021675222,0.06727461,-0.020958507,-0.06799132,0.5196851,0.5196851,0.021675222,0.06727461
168.287,4.0170,21.9490,1.1922,4.0,22.0,1.399999976158142,-0.02098291,-0.06799491,0.5197225,0.5197225,0.021701971,0.067275845,-0.02098291,-0.06799491,0.5197225,0.5197225,0.021701971,0.067275845
168.337,4.0170,21.9489,1.1919,4.0,22.0,1.399999976158142,-0.021112349,-0.068337485,0.5243478,0.5243478,0.021828344,0.067621484,-0.021112349,-0.068337485,0.5243478,0.5243478,0.021828344,0.067621484
168.390,4.0170,21.9488,1.1919,4.0,22.0,1.399999976158142,-0.031141764,-0.16254404,1.0,1.0,0.032704428,0.16098139,-0.031141764,-0.16254404,1.0,1.0,0.032704428,0.16098139
168.437,4.0170,21.9488,1.1923,4.0,22.0,1.399999976158142,-0.019988485,-0.06687048,0.49976084,0.49976084,0.020682469,0.0661765,-0.019988485,-0.06687048,0.49976084,0.49976084,0.020682469,0.0661765
168.487,4.0170,21.9488,1.1927,4.0,22.0,1.399999976158142,-0.020255808,-0.06669639,0.4967129,0.4967129,0.020956405,0.0659958,-0.020255808,-0.06669639,0.4967129,0.4967129,0.020956405,0.0659958
168.538,4.0171,21.9489,1.1932,4.0,22.0,1.399999976158142,-0.019708043,-0.067368135,0.49756014,0.49756014,0.020321166,0.06675501,-0.019708043,-0.067368135,0.49756014,0.49756014,0.020321166,0.06675501
168.587,4.0172,21.9490,1.1937,4.0,22.0,1.399999976158142,-0.011660864,-0.07489466,0.49625704,0.49625704,0.0111299055,0.075425625,-0.011660864,-0.07489466,0.49625704,0.49625704,0.0111299055,0.075425625
168.637,4.0172,21.9491,1.1938,4.0,22.0,1.399999976158142,-0.009690654,-0.07675463,0.49750713,0.49750713,0.008664045,0.077781245,-0.009690654,-0.07675463,0.49750713,0.49750713,0.008664045,0.077781245
168.687,4.0173,21.9492,1.1940,4.0,22.0,1.399999976158142,-0.013340279,-0.07348568,0.5003563,0.5003563,0.012789016,0.07403694,-0.013340279,-0.07348568,0.5003563,0.5003563,0.012789016,0.07403694
168.737,4.0174,21.9492,1.1940,4.0,22.0,1.399999976158142,-0.009218037,-0.07736191,0.5007785,0.5007785,0.0078000524,0.0787799,-0.009218037,-0.07736191,0.5007785,0.5007785,0.0078000524,0.0787799
168.787,4.0175,21.9494,1.1940,4.0,22.0,1.399999976158142,-0.012125245,-0.074824564,0.50292593,0.50292593,0.011147029,0.07580278,-0.012125245,-0.074824564,0.50292593,0.50292593,0.011147029,0.07580278
168.837,4.0175,21.9494,1.1940,4.0,22.0,1.399999976158142,-0.008964731,-0.077773474,0.50449204,0.50449204,0.007175784,0.07956242,-0.008964731,-0.077773474,0.50449204,0.50449204,0.007175784,0.07956242
168.888,4.0176,21.9495,1.1938,4.0,22.0,1.399999976158142,-0.011234027,-0.07585473,0.5060274,0.5060274,0.00984859,0.07724017,-0.011234027,-0.07585473,0.5060274,0.5060274,0.00984859,0.07724017
168.938,4.0177,21.9496,1.1937,4.0,22.0,1.399999976158142,-0.008813525,-0.0781011,0.5085462,0.5085462,0.0066705947,0.08024403,-0.008813525,-0.0781011,0.5085462,0.5085462,0.0066705947,0.08024403
168.987,4.0178,21.9497,1.1933,4.0,22.0,1.399999976158142,-0.010602708,-0.07665189,0.5095633,0.5095633,0.008841024,0.07841358,-0.010602708,-0.07665189,0.5095633,0.5095633,0.008841024,0.07841358
169.037,4.0178,21.9497,1.1932,4.0,22.0,1.399999976158142,-0.008790398,-0.078342214,0.5128558,0.5128558,0.0063225348,0.08081008,-0.008790398,-0.078342214,0.5128558,0.5128558,0.0063225348,0.08081008
169.087,4.0179,21.9498,1.1928,4.0,22.0,1.399999976158142,-0.010197774,-0.07725391,0.5134375,0.5134375,0.008085189,0.07936649,-0.010197774,-0.07725391,0.5134375,0.5134375,0.008085189,0.07936649
169.137,4.0180,21.9499,1.1926,4.0,22.0,1.399999976158142,-0.008896309,-0.07849165,0.517335,0.517335,0.0061264466,0.081261516,-0.008896309,-0.07849165,0.517335,0.517335,0.0061264466,0.081261516
169.187,4.0181,21.9499,1.1920,4.0,22.0,1.399999976158142,-0.009970714,-0.07770931,0.51757425,0.51757425,0.007529302,0.080150716,-0.009970714,-0.07770931,0.51757425,0.51757425,0.007529302,0.080150716
169.237,4.0181,21.9500,1.1918,4.0,22.0,1.399999976158142,-0.009064465,-0.07860683,0.52193636,0.52193636,0.0060045463,0.081666745,-0.009064465,-0.07860683,0.52193636,0.52193636,0.0060045463,0.081666745
169.287,4.0182,21.9500,1.1912,4.0,22.0,1.399999976158142,-0.009877502,-0.07805759,0.5218935,0.5218935,0.0071245483,0.08081054,-0.009877502,-0.07805759,0.5218935,0.5218935,0.0071245483,0.08081054
169.337,4.0183,21.9501,1.1910,4.0,22.0,1.399999976158142,-0.009309709,-0.07867502,0.5265349,0.5265349,0.005985219,0.0819995,-0.009309709,-0.07867502,0.5265349,0.5265349,0.005985219,0.0819995
169.389,4.0183,21.9501,1.1907,4.0,22.0,1.399999976158142,0.00026834093,-0.19066978,1.0,1.0,-0.0064083156,0.19680975,0.00026834093,-0.19066978,1.0,1.0,-0.0064083156,0.19680975
169.437,4.0184,21.9501,1.1913,4.0,22.0,1.399999976158142,-0.008348083,-0.07682009,0.5033106,0.5033106,0.0052644685,0.0799037,-0.008348083,-0.07682009,0.5033106,0.5033106,0.0052644685,0.0799037
169.487,4.0185,21.9501,1.1917,4.0,22.0,1.399999976158142,-0.009571329,-0.07585954,0.49765918,0.49765918,0.0059534265,0.07947744,-0.009571329,-0.07585954,0.49765918,0.49765918,0.0059534265,0.07947744
169.537,4.0186,21.9501,1.1925,4.0,22.0,1.399999976158142,-0.009575051,-0.0759978,0.4995342,0.4995342,0.0062312232,0.07934163,-0.009575051,-0.0759978,0.4995342,0.4995342,0.0062312232,0.07934163
169.589,4.0187,21.9502,1.1931,4.0,22.0,1.399999976158142,-0.010599997,-0.07513736,0.49657205,0.49657205,0.006781432,0.078955926,-0.010599997,-0.07513736,0.49657205,0.49657205,0.006781432,0.078955926
169.647,4.0187,21.9502,1.1933,4.0,22.0,1.399999976158142,-0.010922836,-0.07492133,0.49794927,0.49794927,0.006973473,0.0788707,-0.010922836,-0.07492133,0.49794927,0.49794927,0.006973473,0.0788707
169.698,4.0188,21.9503,1.1936,4.0,22.0,1.399999976158142,-0.010559131,-0.07543106,0.5010548,0.5010548,0.006804669,0.07918552,-0.010559131,-0.07543106,0.5010548,0.5010548,0.006804669,0.07918552
169.748,4.0189,21.9503,1.1937,4.0,22.0,1.399999976158142,-0.011503669,-0.07456522,0.500766,0.500766,0.007343958,0.07872493,-0.011503669,-0.07456522,0.500766,0.500766,0.007343958,0.07872493
169.797,4.0190,21.9503,1.1938,4.0,22.0,1.399999976158142,-0.011106741,-0.07514658,0.50332165,0.50332165,0.0071517527,0.07910157,-0.011106741,-0.07514658,0.50332165,0.50332165,0.0071517527,0.07910157
169.847,4.0190,21.9504,1.1938,4.0,22.0,1.399999976158142,-0.012056107,-0.07425556,0.5042316,0.5042316,0.0077331862,0.07857849,-0.012056107,-0.07425556,0.5042316,0.5042316,0.0077331862,0.07857849
169.899,4.0191,21.9504,1.1937,4.0,22.0,1.399999976158142,-0.011671081,-0.0748439,0.50611615,0.50611615,0.0075324983,0.07898249,-0.011671081,-0.0748439,0.50611615,0.50611615,0.0075324983,0.07898249
169.948,4.0191,21.9504,1.1936,4.0,22.0,1.399999976158142,-0.012567242,-0.0740186,0.5081024,0.5081024,0.008118944,0.07846689,-0.012567242,-0.0740186,0.5081024,0.5081024,0.008118944,0.07846689
169.998,4.0192,21.9505,1.1934,4.0,22.0,1.399999976158142,-0.012233756,-0.07454924,0.50940496,0.50940496,0.007927319,0.07885568,-0.012233756,-0.07454924,0.50940496,0.50940496,0.007927319,0.07885568
170.041,4.0192,21.9505,1.1933,4.0,22.0,1.399999976158142,-0.013103117,-0.07376095,0.5121906,0.5121906,0.008523157,0.07834091,-0.013103117,-0.07376095,0.5121906,0.5121906,0.008523157,0.07834091
170.087,4.0192,21.9505,1.1929,4.0,22.0,1.399999976158142,-0.012720548,-0.074362986,0.5130713,0.5130713,0.0082854545,0.07879808,-0.012720548,-0.074362986,0.5130713,0.5130713,0.0082854545,0.07879808
170.141,4.0193,21.9505,1.1928,4.0,22.0,1.399999976158142,-0.013663182,-0.073510125,0.51668805,0.51668805,0.008957801,0.07821551,-0.013663182,-0.073510125,0.51668805,0.51668805,0.008957801,0.07821551
170.198,4.0193,21.9506,1.1923,4.0,22.0,1.399999976158142,-0.013229206,-0.07415887,0.5169979,0.5169979,0.008669352,0.07871872,-0.013229206,-0.07415887,0.5169979,0.5169979,0.008669352,0.07871872
170.249,4.0193,21.9506,1.1921,4.0,22.0,1.399999976158142,-0.014147426,-0.07336974,0.5212119,0.5212119,0.009353473,0.07816369,-0.014147426,-0.07336974,0.5212119,0.5212119,0.009353473,0.07816369
170.298,4.0194,21.9506,1.1916,4.0,22.0,1.399999976158142,-0.0137435775,-0.073961966,0.5211478,0.5211478,0.009071075,0.07863446,-0.0137435775,-0.073961966,0.5211478,0.5211478,0.009071075,0.07863446
170.348,4.0194,21.9506,1.1913,4.0,22.0,1.399999976158142,-0.014581723,-0.07330538,0.52560943,0.52560943,0.009724914,0.07816219,-0.014581723,-0.07330538,0.52560943,0.52560943,0.009724914,0.07816219
170.387,4.0195,21.9506,1.1913,4.0,22.0,1.399999976158142,-0.009385675,-0.18095332,1.0,1.0,-0.0008121051,0.19115111,-0.009385675,-0.18095332,1.0,1.0,-0.0008121051,0.19115111
170.437,4.0195,21.9506,1.1917,4.0,22.0,1.399999976158142,-0.013928765,-0.07124166,0.5006567,0.5006567,0.009178922,0.07599151,-0.013928765,-0.07124166,0.5006567,0.5006567,0.009178922,0.07599151
170.488,4.0195,21.9505,1.1921,4.0,22.0,1.399999976158142,-0.013886704,-0.07145766,0.49797416,0.49797416,0.009216791,0.076127574,-0.013886704,-0.07145766,0.49797416,0.49797416,0.009216791,0.076127574
170.538,4.0196,21.9505,1.1930,4.0,22.0,1.399999976158142,-0.014192599,-0.07133118,0.49850085,0.49850085,0.009504029,0.07601975,-0.014192599,-0.07133118,0.49850085,0.49850085,0.009504029,0.07601975
170.598,4.0196,21.9505,1.1936,4.0,22.0,1.399999976158142,-0.015867926,-0.06995539,0.49534112,0.49534112,0.011100845,0.07472248,-0.015867926,-0.06995539,0.49534112,0.49534112,0.011100845,0.07472248
170.648,4.0196,21.9505,1.1938,4.0,22.0,1.399999976158142,-0.01620645,-0.06976641,0.49665353,0.49665353,0.011425793,0.07454707,-0.01620645,-0.06976641,0.49665353,0.49665353,0.011425793,0.07454707
170.697,4.0196,21.9505,1.1941,4.0,22.0,1.399999976158142,-0.015493206,-0.07056929,0.49985823,0.49985823,0.010736234,0.075326264,-0.015493206,-0.07056929,0.49985823,0.49985823,0.010736234,0.075326264
170.748,4.0197,21.9505,1.1942,4.0,22.0,1.399999976158142,-0.016825723,-0.06944761,0.4994024,0.4994024,0.012025206,0.07424812,-0.016825723,-0.06944761,0.4994024,0.4994024,0.012025206,0.07424812
170.798,4.0197,21.9505,1.1944,4.0,22.0,1.399999976158142,-0.016141688,-0.07025199,0.5020392,0.5020392,0.0113578355,0.07503584,-0.016141688,-0.07025199,0.5020392,0.5020392,0.0113578355,0.07503584
170.848,4.0197,21.9505,1.1944,4.0,22.0,1.399999976158142,-0.017346498,-0.06923917,0.50281197,0.50281197,0.012537976,0.07404769,-0.017346498,-0.06923917,0.50281197,0.50281197,0.012537976,0.07404769
170.898,4.0197,21.9505,1.1943,4.0,22.0,1.399999976158142,-0.01674453,-0.0699794,0.50476784,0.50476784,0.011942557,0.07478137,-0.01674453,-0.0699794,0.50476784,0.50476784,0.011942557,0.07478137
170.948,4.0197,21.9505,1.1942,4.0,22.0,1.399999976158142,-0.017775815,-0.06913742,0.5066287,0.5066287,0.012963682,0.07394955,-0.017775815,-0.06913742,0.5066287,0.5066287,0.012963682,0.07394955
170.987,4.0197,21.9505,1.1940,4.0,22.0,1.399999976158142,-0.017278466,-0.06978183,0.5080019,0.5080019,0.012463635,0.07459666,-0.017278466,-0.06978183,0.5080019,0.5080019,0.012463635,0.07459666
171.037,4.0197,21.9505,1.1939,4.0,22.0,1.399999976158142,-0.01819059,-0.06907189,0.5107578,0.5107578,0.0133763375,0.07388614,-0.01819059,-0.06907189,0.5107578,0.5107578,0.0133763375,0.07388614
171.087,4.0197,21.9505,1.1935,4.0,22.0,1.399999976158142,-0.017771693,-0.06963748,0.5116373,0.5116373,0.01294813,0.074461035,-0.017771693,-0.06963748,0.5116373,0.5116373,0.01294813,0.074461035
171.138,4.0197,21.9505,1.1934,4.0,22.0,1.399999976158142,-0.018588597,-0.069048434,0.51511616,0.51511616,0.013772626,0.07386441,-0.018588597,-0.069048434,0.51511616,0.51511616,0.013772626,0.07386441
171.188,4.0198,21.9505,1.1929,4.0,22.0,1.399999976158142,-0.01823531,-0.06954179,0.5156025,0.5156025,0.0134053035,0.0743718,-0.01823531,-0.06954179,0.5156025,0.5156025,0.0134053035,0.0743718
171.238,4.0198,21.9504,1.1927,4.0,22.0,1.399999976158142,-0.018986955,-0.06905091,0.51966053,0.51966053,0.014169251,0.07386861,-0.018986955,-0.06905091,0.51966053,0.51966053,0.014169251,0.07386861
171.288,4.0198,21.9504,1.1922,4.0,22.0,1.399999976158142,-0.01867854,-0.069485664,0.51980877,0.51980877,0.01384369,0.07432052,-0.01867854,-0.069485664,0.51980877,0.51980877,0.01384369,0.07432052
171.338,4.0198,21.9504,1.1919,4.0,22.0,1.399999976158142,-0.01936544,-0.06909801,0.52425784,0.52425784,0.0145452935,0.07391816,-0.01936544,-0.06909801,0.52425784,0.52425784,0.0145452935,0.07391816
171.388,4.0198,21.9504,1.1917,4.0,22.0,1.399999976158142,-0.023054263,-0.16874292,1.0,1.0,0.012544162,0.17925303,-0.023054263,-0.16874292,1.0,1.0,0.012544162,0.17925303
171.438,4.0198,21.9503,1.1923,4.0,22.0,1.399999976158142,-0.017574579,-0.06800196,0.5012148,0.5012148,0.012906236,0.07267031,-0.017574579,-0.06800196,0.5012148,0.5012148,0.012906236,0.07267031
171.488,4.0198,21.9503,1.1932,4.0,22.0,1.399999976158142,-0.019201143,-0.06693017,0.4955967,0.4955967,0.014582806,0.07154851,-0.019201143,-0.06693017,0.4955967,0.4955967,0.014582806,0.07154851
171.537,4.0199,21.9502,1.1935,4.0,22.0,1.399999976158142,-0.019845372,-0.06656976,0.49321958,0.49321958,0.015243814,0.07117131,-0.019845372,-0.06656976,0.49321958,0.49321958,0.015243814,0.07117131
171.588,4.0199,21.9502,1.1941,4.0,22.0,1.399999976158142,-0.019141885,-0.06725474,0.49737877,0.49737877,0.014504662,0.07189196,-0.019141885,-0.06725474,0.49737877,0.49737877,0.014504662,0.07189196
171.637,4.0199,21.9502,1.1943,4.0,22.0,1.399999976158142,-0.020288853,-0.06650026,0.4955256,0.4955256,0.015689446,0.07109967,-0.020288853,-0.06650026,0.4955256,0.4955256,0.015689446,0.07109967
171.687,4.0199,21.9501,1.1946,4.0,22.0,1.399999976158142,-0.01970886,-0.067103885,0.49887255,0.49887255,0.015076535,0.07173621,-0.01970886,-0.067103885,0.49887255,0.49887255,0.015076535,0.07173621
171.738,4.0199,21.9501,1.1947,4.0,22.0,1.399999976158142,-0.020681331,-0.066475146,0.49849033,0.49849033,0.016082557,0.07107392,-0.020681331,-0.066475146,0.49849033,0.49849033,0.016082557,0.07107392
171.787,4.0199,21.9501,1.1948,4.0,22.0,1.399999976158142,-0.020210892,-0.067002326,0.50106627,0.50106627,0.015582043,0.07163118,-0.020210892,-0.067002326,0.50106627,0.50106627,0.015582043,0.07163118
171.837,4.0199,21.9501,1.1948,4.0,22.0,1.399999976158142,-0.02104407,-0.06648462,0.50195265,0.50195265,0.01644735,0.07108134,-0.02104407,-0.06648462,0.50195265,0.50195265,0.01644735,0.07108134
171.887,4.0199,21.9500,1.1947,4.0,22.0,1.399999976158142,-0.020658799,-0.066948645,0.50385135,0.50385135,0.016033828,0.07157361,-0.020658799,-0.066948645,0.50385135,0.50385135,0.016033828,0.07157361
171.937,4.0199,21.9500,1.1946,4.0,22.0,1.399999976158142,-0.021359507,-0.06655811,0.50583506,0.50583506,0.016766526,0.071151085,-0.021359507,-0.06655811,0.50583506,0.50583506,0.016766526,0.071151085
171.987,4.0199,21.9500,1.1944,4.0,22.0,1.399999976158142,-0.021060824,-0.06694678,0.50715035,0.50715035,0.01644017,0.07156744,-0.021060824,-0.06694678,0.50715035,0.50715035,0.01644017,0.07156744
172.037,4.0200,21.9500,1.1943,4.0,22.0,1.399999976158142,-0.021671453,-0.06665101,0.5100406,0.5100406,0.017083019,0.07123944,-0.021671453,-0.06665101,0.5100406,0.5100406,0.017083019,0.07123944
172.089,4.0200,21.9499,1.1939,4.0,22.0,1.399999976158142,-0.02143427,-0.06698049,0.51086235,0.51086235,0.016818155,0.0715966,-0.02143427,-0.06698049,0.51086235,0.51086235,0.016818155,0.0715966
172.142,4.0200,21.9499,1.1937,4.0,22.0,1.399999976158142,-0.021960948,-0.066783756,0.5144608,0.5144608,0.017376218,0.071368486,-0.021960948,-0.066783756,0.5144608,0.5144608,0.017376218,0.071368486
172.187,4.0200,21.9499,1.1932,4.0,22.0,1.399999976158142,-0.021776482,-0.067067385,0.5149408,0.5149408,0.01716342,0.07168045,-0.021776482,-0.067067385,0.5149408,0.5149408,0.01716342,0.07168045
172.237,4.0200,21.9498,1.1930,4.0,22.0,1.399999976158142,-0.022306329,-0.066902526,0.519406,0.519406,0.017733512,0.07147534,-0.022306329,-0.066902526,0.519406,0.519406,0.017733512,0.07147534
172.288,4.0200,21.9498,1.1928,4.0,22.0,1.399999976158142,-0.022108234,-0.06716176,0.5191868,0.5191868,0.017503044,0.07176695,-0.022108234,-0.06716176,0.5191868,0.5191868,0.017503044,0.07176695
172.337,4.0200,21.9498,1.1922,4.0,22.0,1.399999976158142,-0.022235297,-0.067234084,0.521001,0.521001,0.017628742,0.07184064,-0.022235297,-0.067234084,0.521001,0.521001,0.017628742,0.07184064
172.387,4.0200,21.9497,1.1920,4.0,22.0,1.399999976158142,-0.03249832,-0.16195075,1.0,1.0,0.022486573,0.1719625,-0.03249832,-0.16195075,1.0,1.0,0.022486573,0.1719625
172.438,4.0200,21.9497,1.1927,4.0,22.0,1.399999976158142,-0.020902898,-0.06581931,0.500041,0.500041,0.016477346,0.070244856,-0.020902898,-0.06581931,0.500041,0.500041,0.016477346,0.070244856
172.487,4.0200,21.9496,1.1935,4.0,22.0,1.399999976158142,-0.02213461,-0.06523391,0.49398652,0.49398652,0.017779866,0.069588654,-0.02213461,-0.06523391,0.49398652,0.49398652,0.017779866,0.069588654
172.537,4.0201,21.9495,1.1938,4.0,22.0,1.399999976158142,-0.022541806,-0.0651094,0.49271697,0.49271697,0.018211503,0.0694397,-0.022541806,-0.0651094,0.49271697,0.49271697,0.018211503,0.0694397
172.589,4.0201,21.9495,1.1944,4.0,22.0,1.399999976158142,-0.02207557,-0.06552416,0.49676228,0.49676228,0.01770129,0.06989844,-0.02207557,-0.06552416,0.49676228,0.49676228,0.01770129,0.06989844
172.637,4.0201,21.9494,1.1945,4.0,22.0,1.399999976158142,-0.022833163,-0.06521657,0.4953799,0.4953799,0.018521462,0.069528274,-0.022833163,-0.06521657,0.4953799,0.4953799,0.018521462,0.069528274
172.687,4.0201,21.9494,1.1948,4.0,22.0,1.399999976158142,-0.02250656,-0.06554788,0.4983862,0.4983862,0.018155394,0.069899045,-0.02250656,-0.06554788,0.4983862,0.4983862,0.018155394,0.069899045
172.738,4.0201,21.9494,1.1949,4.0,22.0,1.399999976158142,-0.023133587,-0.06531907,0.49834996,0.49834996,0.018846856,0.0696058,-0.023133587,-0.06531907,0.49834996,0.49834996,0.018846856,0.0696058
172.787,4.0201,21.9493,1.1949,4.0,22.0,1.399999976158142,-0.022862144,-0.06562084,0.5007661,0.5007661,0.018532602,0.06995038,-0.022862144,-0.06562084,0.5007661,0.5007661,0.018532602,0.06995038
172.838,4.0201,21.9493,1.1949,4.0,22.0,1.399999976158142,-0.02337857,-0.06547462,0.5019525,0.5019525,0.01911544,0.06973775,-0.02337857,-0.06547462,0.5019525,0.5019525,0.01911544,0.06973775
172.887,4.0201,21.9492,1.1948,4.0,22.0,1.399999976158142,-0.023183364,-0.06572602,0.5037052,0.5037052,0.018877573,0.070031814,-0.023183364,-0.06572602,0.5037052,0.5037052,0.018877573,0.070031814
172.938,4.0201,21.9492,1.1947,4.0,22.0,1.399999976158142,-0.023614913,-0.06565521,0.5059547,0.5059547,0.019377995,0.06989213,-0.023614913,-0.06565521,0.5059547,0.5059547,0.019377995,0.06989213
172.988,4.0201,21.9492,1.1944,4.0,22.0,1.399999976158142,-0.023481572,-0.065855585,0.5071341,0.5071341,0.019201104,0.07013605,-0.023481572,-0.065855585,0.5071341,0.5071341,0.019201104,0.07013605
173.038,4.0201,21.9492,1.1943,4.0,22.0,1.399999976158142,-0.02384757,-0.06585049,0.5102625,0.5102625,0.019637315,0.070060745,-0.02384757,-0.06585049,0.5102625,0.5102625,0.019637315,0.070060745
173.088,4.0201,21.9491,1.1938,4.0,22.0,1.399999976158142,-0.0237559,-0.06601446,0.510962,0.510962,0.019501295,0.07026907,-0.0237559,-0.06601446,0.510962,0.510962,0.019501295,0.07026907
173.142,4.0201,21.9491,1.1936,4.0,22.0,1.399999976158142,-0.024064446,-0.06607883,0.5147964,0.5147964,0.019880615,0.070262656,-0.024064446,-0.06607883,0.5147964,0.5147964,0.019880615,0.070262656
173.188,4.0201,21.9490,1.1931,4.0,22.0,1.399999976158142,-0.024006927,-0.06621398,0.5151071,0.5151071,0.019774536,0.07044637,-0.024006927,-0.06621398,0.5151071,0.5151071,0.019774536,0.07044637
173.238,4.0201,21.9490,1.1929,4.0,22.0,1.399999976158142,-0.024285562,-0.066346146,0.51977885,0.51977885,0.020135399,0.07049631,-0.024285562,-0.066346146,0.51977885,0.51977885,0.020135399,0.07049631
173.287,4.0201,21.9490,1.1926,4.0,22.0,1.399999976158142,-0.024241297,-0.06643356,0.51948345,0.51948345,0.020038728,0.07063612,-0.024241297,-0.06643356,0.51948345,0.51948345,0.020038728,0.07063612
173.337,4.0201,21.9489,1.1920,4.0,22.0,1.399999976158142,-0.024341276,-0.066540144,0.52131283,0.52131283,0.020143209,0.07073821,-0.024341276,-0.066540144,0.52131283,0.52131283,0.020143209,0.07073821
173.387,4.0201,21.9488,1.1922,4.0,22.0,1.399999976158142,-0.038171858,-0.15923862,1.0,1.0,0.029050667,0.16835982,-0.038171858,-0.15923862,1.0,1.0,0.029050667,0.16835982
173.437,4.0201,21.9488,1.1927,4.0,22.0,1.399999976158142,-0.02338779,-0.06508912,0.49775127,0.49775127,0.019457944,0.06901897,-0.02338779,-0.06508912,0.49775127,0.49775127,0.019457944,0.06901897
173.487,4.0201,21.9487,1.1937,4.0,22.0,1.399999976158142,-0.023515303,-0.06502746,0.49554622,0.49554622,0.019545045,0.06899772,-0.023515303,-0.06502746,0.49554622,0.49554622,0.019545045,0.06899772
173.537,4.0202,21.9486,1.1940,4.0,22.0,1.399999976158142,-0.02430592,-0.0648289,0.4911813,0.4911813,0.020430436,0.06870439,-0.02430592,-0.0648289,0.4911813,0.4911813,0.020430436,0.06870439
173.587,4.0202,21.9486,1.1948,4.0,22.0,1.399999976158142,-0.023947762,-0.06510416,0.49576473,0.49576473,0.020013833,0.069038086,-0.023947762,-0.06510416,0.49576473,0.49576473,0.020013833,0.069038086
173.637,4.0202,21.9485,1.1950,4.0,22.0,1.399999976158142,-0.024577148,-0.06496914,0.493259,0.493259,0.020731447,0.06881484,-0.024577148,-0.06496914,0.493259,0.493259,0.020731447,0.06881484
173.687,4.0202,21.9485,1.1954,4.0,22.0,1.399999976158142,-0.024312142,-0.06520809,0.4969398,0.4969398,0.02041143,0.06910881,-0.024312142,-0.06520809,0.4969398,0.4969398,0.02041143,0.06910881
173.737,4.0202,21.9484,1.1956,4.0,22.0,1.399999976158142,-0.024818316,-0.06512749,0.49599248,0.49599248,0.021000905,0.0689449,-0.024818316,-0.06512749,0.49599248,0.49599248,0.021000905,0.0689449
173.787,4.0202,21.9484,1.1958,4.0,22.0,1.399999976158142,-0.02462762,-0.06533463,0.4988728,0.4988728,0.020757524,0.06920473,-0.02462762,-0.06533463,0.4988728,0.4988728,0.020757524,0.06920473
173.838,4.0202,21.9484,1.1958,4.0,22.0,1.399999976158142,-0.02502988,-0.06531171,0.4993073,0.4993073,0.021238318,0.06910327,-0.02502988,-0.06531171,0.4993073,0.4993073,0.021238318,0.06910327
173.887,4.0202,21.9483,1.1958,4.0,22.0,1.399999976158142,-0.024903623,-0.065486126,0.50145704,0.50145704,0.021061905,0.069327846,-0.024903623,-0.065486126,0.50145704,0.50145704,0.021061905,0.069327846
173.937,4.0202,21.9483,1.1957,4.0,22.0,1.399999976158142,-0.025221737,-0.06552447,0.5030889,0.5030889,0.02145386,0.069292344,-0.025221737,-0.06552447,0.5030889,0.5030889,0.02145386,0.069292344
173.987,4.0202,21.9482,1.1955,4.0,22.0,1.399999976158142,-0.025151504,-0.065664746,0.5045954,0.5045954,0.021336596,0.06947965,-0.025151504,-0.065664746,0.5045954,0.5045954,0.021336596,0.06947965
174.037,4.0202,21.9482,1.1954,4.0,22.0,1.399999976158142,-0.025405155,-0.06576291,0.50722414,0.50722414,0.021660408,0.06950766,-0.025405155,-0.06576291,0.50722414,0.50722414,0.021660408,0.06950766
174.087,4.0202,21.9482,1.1953,4.0,22.0,1.399999976158142,-0.025376668,-0.06586984,0.50819504,0.50819504,0.021586575,0.06965993,-0.025376668,-0.06586984,0.50819504,0.50819504,0.021586575,0.06965993
174.138,4.0202,21.9482,1.1949,4.0,22.0,1.399999976158142,-0.025475161,-0.065969005,0.50984335,0.50984335,0.021689842,0.069754325,-0.025475161,-0.065969005,0.50984335,0.50984335,0.021689842,0.069754325
174.189,4.0202,21.9481,1.1944,4.0,22.0,1.399999976158142,-0.025661532,-0.06614627,0.5134988,0.5134988,0.021942155,0.069865644,-0.025661532,-0.06614627,0.5134988,0.5134988,0.021942155,0.069865644
174.237,4.0202,21.9481,1.1942,4.0,22.0,1.399999976158142,-0.025739366,-0.06632453,0.5162362,0.5162362,0.02203657,0.07002733,-0.025739366,-0.06632453,0.5162362,0.5162362,0.02203657,0.07002733
174.287,4.0202,21.9480,1.1936,4.0,22.0,1.399999976158142,-0.025773482,-0.06636959,0.51644313,0.51644313,0.022031188,0.07011189,-0.025773482,-0.06636959,0.51644313,0.51644313,0.022031188,0.07011189
174.337,4.0202,21.9480,1.1934,4.0,22.0,1.399999976158142,-0.025888905,-0.066657044,0.52099687,0.52099687,0.022209091,0.070336856,-0.025888905,-0.066657044,0.52099687,0.52099687,0.022209091,0.070336856
174.389,4.0202,21.9479,1.1933,4.0,22.0,1.399999976158142,-0.042451683,-0.15942873,1.0,1.0,0.034277093,0.16760331,-0.042451683,-0.15942873,1.0,1.0,0.034277093,0.16760331
174.437,4.0202,21.9479,1.1937,4.0,22.0,1.399999976158142,-0.024617821,-0.06520541,0.49656612,0.49656612,0.02111018,0.068713054,-0.024617821,-0.06520541,0.49656612,0.49656612,0.02111018,0.068713054
174.487,4.0202,21.9478,1.1946,4.0,22.0,1.399999976158142,-0.02487141,-0.06505917,0.4936638,0.4936638,0.021333275,0.06859731,-0.02487141,-0.06505917,0.4936638,0.4936638,0.021333275,0.06859731
174.537,4.0202,21.9477,1.1949,4.0,22.0,1.399999976158142,-0.025514517,-0.06498351,0.49028203,0.49028203,0.022056831,0.06844119,-0.025514517,-0.06498351,0.49028203,0.49028203,0.022056831,0.06844119
174.587,4.0202,21.9477,1.1954,4.0,22.0,1.399999976158142,-0.025249014,-0.06518637,0.49438015,0.49438015,0.021740675,0.0686947,-0.025249014,-0.06518637,0.49438015,0.49438015,0.021740675,0.0686947
174.638,4.0202,21.9476,1.1956,4.0,22.0,1.399999976158142,-0.025760585,-0.065164424,0.49272493,0.49272493,0.022328833,0.06859618,-0.025760585,-0.065164424,0.49272493,0.49272493,0.022328833,0.06859618
174.687,4.0202,21.9476,1.1959,4.0,22.0,1.399999976158142,-0.025569335,-0.06533989,0.49598968,0.49598968,0.022089403,0.06881982,-0.025569335,-0.06533989,0.49598968,0.49598968,0.022089403,0.06881982
174.739,4.0202,21.9475,1.1960,4.0,22.0,1.399999976158142,-0.02597261,-0.06536744,0.49585697,0.49585697,0.022565018,0.068775035,-0.02597261,-0.06536744,0.49585697,0.49585697,0.022565018,0.068775035
174.788,4.0202,21.9475,1.1960,4.0,22.0,1.399999976158142,-0.02584638,-0.065517955,0.49837926,0.49837926,0.022391737,0.0689726,-0.02584638,-0.065517955,0.49837926,0.49837926,0.022391737,0.0689726
174.838,4.0202,21.9475,1.1960,4.0,22.0,1.399999976158142,-0.026172658,-0.06559324,0.4994864,0.4994864,0.022791708,0.06897419,-0.026172658,-0.06559324,0.4994864,0.4994864,0.022791708,0.06897419
174.887,4.0203,21.9474,1.1959,4.0,22.0,1.399999976158142,-0.026093688,-0.06571305,0.50126874,0.50126874,0.022666106,0.06914063,-0.026093688,-0.06571305,0.50126874,0.50126874,0.022666106,0.06914063
174.937,4.0203,21.9474,1.1958,4.0,22.0,1.399999976158142,-0.026340082,-0.065846995,0.5035691,0.5035691,0.022979544,0.069207534,-0.026340082,-0.065846995,0.5035691,0.5035691,0.022979544,0.069207534
174.998,4.0203,21.9474,1.1957,4.0,22.0,1.399999976158142,-0.026317945,-0.065932974,0.5047348,0.5047348,0.022915585,0.069335334,-0.026317945,-0.065932974,0.5047348,0.5047348,0.022915585,0.069335334
175.048,4.0203,21.9473,1.1953,4.0,22.0,1.399999976158142,-0.026416108,-0.066036426,0.5063522,0.5063522,0.023018276,0.069434255,-0.026416108,-0.066036426,0.5063522,0.5063522,0.023018276,0.069434255
175.098,4.0203,21.9473,1.1949,4.0,22.0,1.399999976158142,-0.026594564,-0.06623746,0.509833,0.509833,0.023261487,0.069570534,-0.026594564,-0.06623746,0.509833,0.509833,0.023261487,0.069570534
175.134,4.0203,21.9473,1.1949,4.0,22.0,1.399999976158142,-0.026594564,-0.06623746,0.509833,0.509833,0.023261487,0.069570534,-0.026594564,-0.06623746,0.509833,0.509833,0.023261487,0.069570534
175.187,4.0203,21.9473,1.1947,4.0,22.0,1.399999976158142,-0.026668096,-0.06641826,0.512607,0.512607,0.0233528,0.06973355,-0.026668096,-0.06641826,0.512607,0.512607,0.0233528,0.06973355
175.235,4.0203,21.9472,1.1941,4.0,22.0,1.399999976158142,-0.02670936,-0.06645067,0.5128532,0.5128532,0.02335393,0.06980611,-0.02670936,-0.06645067,0.5128532,0.5128532,0.02335393,0.06980611
175.285,4.0203,21.9472,1.1939,4.0,22.0,1.399999976158142,-0.026812684,-0.06675689,0.517461,0.517461,0.023520924,0.070048645,-0.026812684,-0.06675689,0.517461,0.517461,0.023520924,0.070048645
175.336,4.0203,21.9471,1.1932,4.0,22.0,1.399999976158142,-0.026878497,-0.066753395,0.51732594,0.51732594,0.023546638,0.07008525,-0.026878497,-0.066753395,0.51732594,0.51732594,0.023546638,0.07008525
175.386,4.0203,21.9471,1.1930,4.0,22.0,1.399999976158142,-0.026944283,-0.06711999,0.52229774,0.52229774,0.023672814,0.07039146,-0.026944283,-0.06711999,0.52229774,0.52229774,0.023672814,0.07039146
175.436,4.0203,21.9470,1.1928,4.0,22.0,1.399999976158142,-0.04509864,-0.15981829,1.0,1.0,0.037831157,0.16708577,-0.04509864,-0.15981829,1.0,1.0,0.037831157,0.16708577
175.486,4.0203,21.9469,1.1932,4.0,22.0,1.399999976158142,-0.025632236,-0.06568113,0.49797824,0.49797824,0.022521066,0.0687923,-0.025632236,-0.06568113,0.49797824,0.49797824,0.022521066,0.0687923
175.536,4.0203,21.9468,1.1940,4.0,22.0,1.399999976158142,-0.025900064,-0.06549416,0.49495557,0.49495557,0.022756092,0.06863813,-0.025900064,-0.06549416,0.49495557,0.49495557,0.022756092,0.06863813
175.586,4.0203,21.9468,1.1943,4.0,22.0,1.399999976158142,-0.026493732,-0.065499134,0.49183807,0.49183807,0.023428109,0.06856476,-0.026493732,-0.065499134,0.49183807,0.49183807,0.023428109,0.06856476
175.635,4.0203,21.9467,1.1948,4.0,22.0,1.399999976158142,-0.026267134,-0.065654576,0.49573377,0.49573377,0.023154112,0.0687676,-0.026267134,-0.065654576,0.49573377,0.49573377,0.023154112,0.0687676
175.686,4.0203,21.9467,1.1950,4.0,22.0,1.399999976158142,-0.026727399,-0.065705486,0.4943435,0.4943435,0.023687972,0.06874491,-0.026727399,-0.065705486,0.4943435,0.4943435,0.023687972,0.06874491
175.735,4.0203,21.9466,1.1952,4.0,22.0,1.399999976158142,-0.026569046,-0.065840065,0.49746838,0.49746838,0.023483997,0.06892511,-0.026569046,-0.065840065,0.49746838,0.49746838,0.023483997,0.06892511
175.785,4.0203,21.9466,1.1953,4.0,22.0,1.399999976158142,-0.02692864,-0.06593032,0.49752203,0.49752203,0.023913356,0.0689456,-0.02692864,-0.06593032,0.49752203,0.49752203,0.023913356,0.0689456
175.835,4.0203,21.9465,1.1953,4.0,22.0,1.399999976158142,-0.02683264,-0.066041924,0.49988434,0.49988434,0.023773946,0.06910062,-0.02683264,-0.066041924,0.49988434,0.49988434,0.023773946,0.06910062
175.886,4.0203,21.9465,1.1953,4.0,22.0,1.399999976158142,-0.027107483,-0.06617682,0.50120187,0.50120187,0.024114942,0.06916935,-0.027107483,-0.06617682,0.50120187,0.50120187,0.024114942,0.06916935
175.935,4.0203,21.9465,1.1952,4.0,22.0,1.399999976158142,-0.027065191,-0.066265285,0.50289285,0.50289285,0.024031574,0.0692989,-0.027065191,-0.066265285,0.50289285,0.50289285,0.024031574,0.0692989
175.985,4.0203,21.9464,1.1950,4.0,22.0,1.399999976158142,-0.027165148,-0.066369966,0.50438726,0.50438726,0.024136748,0.069398366,-0.027165148,-0.066369966,0.50438726,0.50438726,0.024136748,0.069398366
176.036,4.0203,21.9464,1.1949,4.0,22.0,1.399999976158142,-0.027356014,-0.06656548,0.5070586,0.5070586,0.024390066,0.069531426,-0.027356014,-0.06656548,0.5070586,0.5070586,0.024390066,0.069531426
176.088,4.0204,21.9463,1.1941,4.0,22.0,1.399999976158142,-0.027510155,-0.066864505,0.51156944,0.51156944,0.02456546,0.0698092,-0.027510155,-0.066864505,0.51156944,0.51156944,0.02456546,0.0698092
176.138,4.0204,21.9463,1.1939,4.0,22.0,1.399999976158142,-0.027571008,-0.067058414,0.51436955,0.51436955,0.02464436,0.06998506,-0.027571008,-0.067058414,0.51436955,0.51436955,0.02464436,0.06998506
176.186,4.0204,21.9463,1.1939,4.0,22.0,1.399999976158142,-0.027571008,-0.067058414,0.51436955,0.51436955,0.02464436,0.06998506,-0.027571008,-0.067058414,0.51436955,0.51436955,0.02464436,0.06998506
176.235,4.0204,21.9462,1.1934,4.0,22.0,1.399999976158142,-0.027633691,-0.067064136,0.51452297,0.51452297,0.024668284,0.07002954,-0.027633691,-0.067064136,0.51452297,0.51452297,0.024668284,0.07002954
176.285,4.0204,21.9462,1.1931,4.0,22.0,1.399999976158142,-0.02769859,-0.0674046,0.51907885,0.51907885,0.024790367,0.07031282,-0.02769859,-0.0674046,0.51907885,0.51907885,0.024790367,0.07031282
176.336,4.0204,21.9462,1.1925,4.0,22.0,1.399999976158142,-0.027787715,-0.06738377,0.51897144,0.51897144,0.024843208,0.07032828,-0.027787715,-0.06738377,0.51897144,0.51897144,0.024843208,0.07032828
176.386,4.0204,21.9461,1.1922,4.0,22.0,1.399999976158142,-0.02781526,-0.06778292,0.52389127,0.52389127,0.024924746,0.070673436,-0.02781526,-0.06778292,0.52389127,0.52389127,0.024924746,0.070673436
176.436,4.0204,21.9460,1.1921,4.0,22.0,1.399999976158142,-0.04717483,-0.1602772,1.0,1.0,0.04077801,0.16667402,-0.04717483,-0.1602772,1.0,1.0,0.04077801,0.16667402
176.486,4.0204,21.9460,1.1925,4.0,22.0,1.399999976158142,-0.026464725,-0.06632629,0.49952272,0.49952272,0.023713663,0.06907735,-0.026464725,-0.06632629,0.49952272,0.49952272,0.023713663,0.06907735
176.535,4.0204,21.9459,1.1933,4.0,22.0,1.399999976158142,-0.026756424,-0.06613098,0.49657378,0.49657378,0.023978334,0.06890908,-0.026756424,-0.06613098,0.49657378,0.49657378,0.023978334,0.06890908
176.586,4.0204,21.9459,1.1936,4.0,22.0,1.399999976158142,-0.027310397,-0.06616344,0.49331048,0.49331048,0.024603225,0.06887062,-0.027310397,-0.06616344,0.49331048,0.49331048,0.024603225,0.06887062
176.637,4.0204,21.9458,1.1943,4.0,22.0,1.399999976158142,-0.027529659,-0.066375874,0.49579468,0.49579468,0.024844566,0.06906097,-0.027529659,-0.066375874,0.49579468,0.49579468,0.024844566,0.06906097
176.687,4.0204,21.9457,1.1946,4.0,22.0,1.399999976158142,-0.027396094,-0.06649663,0.49895942,0.49895942,0.024670448,0.06922228,-0.027396094,-0.06649663,0.49895942,0.49895942,0.024670448,0.06922228
176.737,4.0204,21.9457,1.1946,4.0,22.0,1.399999976158142,-0.027720952,-0.06660325,0.4988944,0.4988944,0.02505659,0.069267616,-0.027720952,-0.06660325,0.4988944,0.4988944,0.02505659,0.069267616
176.787,4.0204,21.9456,1.1947,4.0,22.0,1.399999976158142,-0.027647415,-0.066704914,0.501312,0.501312,0.024944713,0.06940762,-0.027647415,-0.066704914,0.501312,0.501312,0.024944713,0.06940762
176.837,4.0204,21.9456,1.1947,4.0,22.0,1.399999976158142,-0.027752833,-0.06680444,0.50263,0.50263,0.025054796,0.06950247,-0.027752833,-0.06680444,0.50263,0.50263,0.025054796,0.06950247
176.887,4.0204,21.9455,1.1945,4.0,22.0,1.399999976158142,-0.027977915,-0.066963,0.5041381,0.5041381,0.025337046,0.069603875,-0.027977915,-0.066963,0.5041381,0.5041381,0.025337046,0.069603875
176.937,4.0204,21.9455,1.1945,4.0,22.0,1.399999976158142,-0.028052928,-0.06712079,0.50647056,0.50647056,0.025427647,0.06974607,-0.028052928,-0.06712079,0.50647056,0.50647056,0.025427647,0.06974607
176.987,4.0204,21.9455,1.1942,4.0,22.0,1.399999976158142,-0.028069861,-0.06717783,0.50765795,0.50765795,0.02540999,0.069837704,-0.028069861,-0.06717783,0.50765795,0.50765795,0.02540999,0.069837704
177.037,4.0204,21.9455,1.1940,4.0,22.0,1.399999976158142,-0.028201248,-0.067411155,0.51075846,0.51075846,0.025594592,0.07001781,-0.028201248,-0.067411155,0.51075846,0.51075846,0.025594592,0.07001781
177.088,4.0204,21.9454,1.1936,4.0,22.0,1.399999976158142,-0.028250515,-0.06744548,0.51147,0.51147,0.025610436,0.07008556,-0.028250515,-0.06744548,0.51147,0.51147,0.025610436,0.07008556
177.140,4.0205,21.9454,1.1934,4.0,22.0,1.399999976158142,-0.028338077,-0.067729294,0.5152775,0.5152775,0.025749663,0.07031771,-0.028338077,-0.067729294,0.5152775,0.5152775,0.025749663,0.07031771
177.184,4.0205,21.9454,1.1934,4.0,22.0,1.399999976158142,-0.028338077,-0.067729294,0.5152775,0.5152775,0.025749663,0.07031771,-0.028338077,-0.067729294,0.5152775,0.5152775,0.025749663,0.07031771
177.236,4.0205,21.9453,1.1929,4.0,22.0,1.399999976158142,-0.028419184,-0.06773755,0.5155941,0.5155941,0.02579703,0.0703597,-0.028419184,-0.06773755,0.5155941,0.5155941,0.02579703,0.0703597
177.285,4.0205,21.9453,1.1927,4.0,22.0,1.399999976158142,-0.028462743,-0.06808847,0.5200879,0.5200879,0.0258948,0.07065641,-0.028462743,-0.06808847,0.5200879,0.5200879,0.0258948,0.07065641
177.335,4.0205,21.9453,1.1921,4.0,22.0,1.399999976158142,-0.028565105,-0.06805775,0.51994455,0.51994455,0.02596287,0.07065999,-0.028565105,-0.06805775,0.51994455,0.51994455,0.02596287,0.07065999
177.385,4.0205,21.9452,1.1918,4.0,22.0,1.399999976158142,-0.02858041,-0.06845342,0.52467155,0.52467155,0.026026513,0.07100732,-0.02858041,-0.06845342,0.52467155,0.52467155,0.026026513,0.07100732
177.435,4.0205,21.9452,1.1917,4.0,22.0,1.399999976158142,-0.04893469,-0.16118234,1.0,1.0,0.04329493,0.1668221,-0.04893469,-0.16118234,1.0,1.0,0.04329493,0.1668221
177.485,4.0205,21.9451,1.1921,4.0,22.0,1.399999976158142,-0.027205694,-0.066957496,0.50010556,0.50010556,0.024777021,0.06938617,-0.027205694,-0.066957496,0.50010556,0.50010556,0.024777021,0.06938617
177.535,4.0205,21.9450,1.1930,4.0,22.0,1.399999976158142,-0.027503872,-0.066765174,0.49724698,0.49724698,0.025051478,0.06921757,-0.027503872,-0.066765174,0.49724698,0.49724698,0.025051478,0.06921757
177.586,4.0205,21.9450,1.1933,4.0,22.0,1.399999976158142,-0.02804607,-0.06679016,0.49383086,0.49383086,0.02565887,0.06917736,-0.02804607,-0.06679016,0.49383086,0.49383086,0.02565887,0.06917736
177.635,4.0205,21.9450,1.1935,4.0,22.0,1.399999976158142,-0.027851354,-0.06693478,0.49789506,0.49789506,0.025424423,0.06936171,-0.027851354,-0.06693478,0.49789506,0.49789506,0.025424423,0.06936171
177.686,4.0205,21.9449,1.1940,4.0,22.0,1.399999976158142,-0.027979014,-0.06702444,0.49878561,0.49878561,0.025557479,0.069445975,-0.027979014,-0.06702444,0.49878561,0.49878561,0.025557479,0.069445975
177.735,4.0205,21.9449,1.1942,4.0,22.0,1.399999976158142,-0.028362827,-0.06709907,0.49755207,0.49755207,0.025999937,0.06946196,-0.028362827,-0.06709907,0.49755207,0.49755207,0.025999937,0.06946196
177.785,4.0205,21.9448,1.1944,4.0,22.0,1.399999976158142,-0.028255023,-0.06722054,0.5005631,0.5005631,0.025855826,0.06961973,-0.028255023,-0.06722054,0.5005631,0.5005631,0.025855826,0.06961973
177.834,4.0205,21.9448,1.1945,4.0,22.0,1.399999976158142,-0.028550895,-0.06732834,0.50070053,0.50070053,0.026206918,0.06967232,-0.028550895,-0.06732834,0.50070053,0.50070053,0.026206918,0.06967232
177.885,4.0205,21.9448,1.1945,4.0,22.0,1.399999976158142,-0.028633362,-0.06746552,0.50271374,0.50271374,0.026303194,0.06979569,-0.028633362,-0.06746552,0.50271374,0.50271374,0.026303194,0.06979569
177.936,4.0205,21.9448,1.1945,4.0,22.0,1.399999976158142,-0.02852706,-0.06751744,0.50451607,0.50451607,0.026128728,0.069915764,-0.02852706,-0.06751744,0.50451607,0.50451607,0.026128728,0.069915764
177.985,4.0205,21.9448,1.1945,4.0,22.0,1.399999976158142,-0.028617632,-0.067603596,0.50574875,0.50574875,0.026214888,0.07000633,-0.028617632,-0.067603596,0.50574875,0.50574875,0.026214888,0.07000633
178.035,4.0205,21.9448,1.1945,4.0,22.0,1.399999976158142,-0.028708145,-0.0676897,0.50698066,0.50698066,0.026300995,0.07009685,-0.028708145,-0.0676897,0.50698066,0.50698066,0.026300995,0.07009685
178.085,4.0205,21.9448,1.1945,4.0,22.0,1.399999976158142,-0.028798828,-0.067775965,0.50821483,0.50821483,0.02638726,0.07018753,-0.028798828,-0.067775965,0.50821483,0.50821483,0.02638726,0.07018753
178.136,4.0205,21.9448,1.1945,4.0,22.0,1.399999976158142,-0.028889578,-0.067862295,0.50944996,0.50944996,0.026473591,0.07027828,-0.028889578,-0.067862295,0.50944996,0.50944996,0.026473591,0.07027828
178.187,4.0205,21.9448,1.1945,4.0,22.0,1.399999976158142,-0.029070636,-0.06803454,0.5119142,0.5119142,0.026645834,0.07045934,-0.029070636,-0.06803454,0.5119142,0.5119142,0.026645834,0.07045934
178.237,4.0205,21.9448,1.1945,4.0,22.0,1.399999976158142,-0.029161,-0.0681205,0.5131441,0.5131441,0.026731797,0.070549704,-0.029161,-0.0681205,0.5131441,0.5131441,0.026731797,0.070549704
178.287,4.0205,21.9448,1.1945,4.0,22.0,1.399999976158142,-0.029251952,-0.068207026,0.51438195,0.51438195,0.026818318,0.07064066,-0.029251952,-0.068207026,0.51438195,0.51438195,0.026818318,0.07064066
178.338,4.0205,21.9448,1.1945,4.0,22.0,1.399999976158142,-0.029342279,-0.06829295,0.5156113,0.5156113,0.026904246,0.070730984,-0.029342279,-0.06829295,0.5156113,0.5156113,0.026904246,0.070730984
178.387,4.0205,21.9448,1.1945,4.0,22.0,1.399999976158142,-0.051301166,-0.1632806,1.0,1.0,0.04594585,0.16863593,-0.051301166,-0.1632806,1.0,1.0,0.04594585,0.16863593
178.437,4.0206,21.9443,1.1920,4.0,22.0,1.399999976158142,-0.027714323,-0.066745594,0.493367,0.493367,0.025356887,0.06910303,-0.027714323,-0.066745594,0.493367,0.493367,0.025356887,0.06910303
178.487,4.0206,21.9442,1.1928,4.0,22.0,1.399999976158142,-0.028572371,-0.06893021,0.5165649,0.5165649,0.026910482,0.0705921,-0.028572371,-0.06893021,0.5165649,0.5165649,0.026910482,0.0705921
178.538,4.0206,21.9442,1.1931,4.0,22.0,1.399999976158142,-0.02885849,-0.06725587,0.49448353,0.49448353,0.026766099,0.06934826,-0.02885849,-0.06725587,0.49448353,0.49448353,0.026766099,0.06934826
178.588,4.0206,21.9441,1.1933,4.0,22.0,1.399999976158142,-0.02864189,-0.06743818,0.4983423,0.4983423,0.026511788,0.06956828,-0.02864189,-0.06743818,0.4983423,0.4983423,0.026511788,0.06956828
178.637,4.0206,21.9441,1.1938,4.0,22.0,1.399999976158142,-0.028773367,-0.06752565,0.4992335,0.4992335,0.026648587,0.06965043,-0.028773367,-0.06752565,0.4992335,0.4992335,0.026648587,0.06965043
178.688,4.0206,21.9440,1.1940,4.0,22.0,1.399999976158142,-0.02918124,-0.06757271,0.49799398,0.49799398,0.027111627,0.06964232,-0.02918124,-0.06757271,0.49799398,0.49799398,0.027111627,0.06964232
178.735,4.0206,21.9440,1.1940,4.0,22.0,1.399999976158142,-0.02918124,-0.06757271,0.49799398,0.49799398,0.027111627,0.06964232,-0.02918124,-0.06757271,0.49799398,0.49799398,0.027111627,0.06964232
178.785,4.0206,21.9440,1.1942,4.0,22.0,1.399999976158142,-0.029058695,-0.06771456,0.5010069,0.5010069,0.0269551,0.069818154,-0.029058695,-0.06771456,0.5010069,0.5010069,0.0269551,0.069818154
178.835,4.0206,21.9439,1.1943,4.0,22.0,1.399999976158142,-0.02936427,-0.0678068,0.50125885,0.50125885,0.027309151,0.069861926,-0.02936427,-0.0678068,0.50125885,0.50125885,0.027309151,0.069861926
178.887,4.0206,21.9439,1.1943,4.0,22.0,1.399999976158142,-0.029468236,-0.06793874,0.5030883,0.5030883,0.027432036,0.06997494,-0.029468236,-0.06793874,0.5030883,0.5030883,0.027432036,0.06997494
178.935,4.0206,21.9439,1.1942,4.0,22.0,1.399999976158142,-0.029428551,-0.06803984,0.50497365,0.50497365,0.027359072,0.07010932,-0.029428551,-0.06803984,0.50497365,0.50497365,0.027359072,0.07010932
178.986,4.0206,21.9439,1.1941,4.0,22.0,1.399999976158142,-0.02962132,-0.06820409,0.5070126,0.5070126,0.027598351,0.07022706,-0.02962132,-0.06820409,0.5070126,0.5070126,0.027598351,0.07022706
179.036,4.0207,21.9438,1.1939,4.0,22.0,1.399999976158142,-0.029635051,-0.06827982,0.5082944,0.5082944,0.027583346,0.07033153,-0.029635051,-0.06827982,0.5082944,0.5082944,0.027583346,0.07033153
179.085,4.0207,21.9438,1.1938,4.0,22.0,1.399999976158142,-0.029774949,-0.0684904,0.5112107,0.5112107,0.027767563,0.07049779,-0.029774949,-0.0684904,0.5112107,0.5112107,0.027767563,0.07049779
179.135,4.0207,21.9438,1.1934,4.0,22.0,1.399999976158142,-0.029821327,-0.068541594,0.51201105,0.51201105,0.027786497,0.07057642,-0.029821327,-0.068541594,0.51201105,0.51201105,0.027786497,0.07057642
179.186,4.0207,21.9437,1.1932,4.0,22.0,1.399999976158142,-0.029918667,-0.068800665,0.5155957,0.5155957,0.027924463,0.070794865,-0.029918667,-0.068800665,0.5155957,0.5155957,0.027924463,0.070794865
179.237,4.0207,21.9437,1.1927,4.0,22.0,1.399999976158142,-0.029990653,-0.06883173,0.51608056,0.51608056,0.027972614,0.07084976,-0.029990653,-0.06883173,0.51608056,0.51608056,0.027972614,0.07084976
179.285,4.0207,21.9437,1.1925,4.0,22.0,1.399999976158142,-0.030047158,-0.06914512,0.520203,0.520203,0.02806915,0.07112313,-0.030047158,-0.06914512,0.520203,0.520203,0.02806915,0.07112313
179.336,4.0207,21.9436,1.1919,4.0,22.0,1.399999976158142,-0.030145872,-0.069143064,0.520307,0.520307,0.028142622,0.07114632,-0.030145872,-0.069143064,0.520307,0.520307,0.028142622,0.07114632
179.386,4.0207,21.9436,1.1917,4.0,22.0,1.399999976158142,-0.030166544,-0.06951806,0.5248668,0.5248668,0.028202744,0.07148186,-0.030166544,-0.06951806,0.5248668,0.5248668,0.028202744,0.07148186
179.435,4.0207,21.9435,1.1916,4.0,22.0,1.399999976158142,-0.05265654,-0.16318515,1.0,1.0,0.04831774,0.16752395,-0.05265654,-0.16318515,1.0,1.0,0.04831774,0.16752395
179.486,4.0207,21.9435,1.1920,4.0,22.0,1.399999976158142,-0.028756188,-0.06795255,0.5001732,0.5001732,0.026892744,0.06981599,-0.028756188,-0.06795255,0.5001732,0.5001732,0.026892744,0.06981599
179.535,4.0207,21.9434,1.1929,4.0,22.0,1.399999976158142,-0.029053655,-0.06777312,0.49738687,0.49738687,0.02717208,0.069654696,-0.029053655,-0.06777312,0.49738687,0.49738687,0.02717208,0.069654696
179.585,4.0207,21.9434,1.1932,4.0,22.0,1.399999976158142,-0.029596433,-0.06777527,0.4938573,0.4938573,0.02777104,0.069600664,-0.029596433,-0.06777527,0.4938573,0.4938573,0.02777104,0.069600664
179.636,4.0207,21.9433,1.1938,4.0,22.0,1.399999976158142,-0.029403532,-0.067936905,0.49797782,0.49797782,0.027544405,0.06979603,-0.029403532,-0.067936905,0.49797782,0.49797782,0.027544405,0.06979603
179.685,4.0207,21.9433,1.1940,4.0,22.0,1.399999976158142,-0.029819576,-0.06797964,0.4961729,0.4961729,0.028011994,0.06978723,-0.029819576,-0.06797964,0.4961729,0.4961729,0.028011994,0.06978723
179.736,4.0207,21.9433,1.1942,4.0,22.0,1.399999976158142,-0.02969464,-0.06812205,0.4994772,0.4994772,0.02785582,0.06996087,-0.02969464,-0.06812205,0.4994772,0.4994772,0.02785582,0.06996087
179.788,4.0207,21.9432,1.1945,4.0,22.0,1.399999976158142,-0.030103697,-0.06830487,0.50061965,0.50061965,0.028315514,0.07009305,-0.030103697,-0.06830487,0.50061965,0.50061965,0.028315514,0.07009305
179.836,4.0207,21.9432,1.1945,4.0,22.0,1.399999976158142,-0.030103697,-0.06830487,0.50061965,0.50061965,0.028315514,0.07009305,-0.030103697,-0.06830487,0.50061965,0.50061965,0.028315514,0.07009305
179.886,4.0208,21.9432,1.1945,4.0,22.0,1.399999976158142,-0.030054608,-0.06842088,0.5029455,0.5029455,0.028238298,0.07023719,-0.030054608,-0.06842088,0.5029455,0.5029455,0.028238298,0.07023719
179.935,4.0208,21.9431,1.1944,4.0,22.0,1.399999976158142,-0.030273149,-0.068550356,0.5042036,0.5042036,0.028499788,0.07032371,-0.030273149,-0.068550356,0.5042036,0.5042036,0.028499788,0.07032371
179.985,4.0208,21.9431,1.1944,4.0,22.0,1.399999976158142,-0.030350026,-0.068700686,0.5064405,0.5064405,0.028589703,0.07046101,-0.030350026,-0.068700686,0.5064405,0.5064405,0.028589703,0.07046101
180.035,4.0208,21.9431,1.1941,4.0,22.0,1.399999976158142,-0.030372078,-0.06877819,0.5077548,0.5077548,0.028585102,0.070565164,-0.030372078,-0.06877819,0.5077548,0.5077548,0.028585102,0.070565164
180.085,4.0208,21.9430,1.1940,4.0,22.0,1.399999976158142,-0.03049985,-0.06898345,0.51062554,0.51062554,0.028753035,0.07073027,-0.03049985,-0.06898345,0.51062554,0.51062554,0.028753035,0.07073027
180.135,4.0208,21.9430,1.1936,4.0,22.0,1.399999976158142,-0.030554993,-0.069038026,0.51145315,0.51145315,0.028783493,0.07080953,-0.030554993,-0.069038026,0.51145315,0.51145315,0.028783493,0.07080953
180.185,4.0208,21.9430,1.1934,4.0,22.0,1.399999976158142,-0.030640522,-0.069292784,0.51504534,0.51504534,0.028907347,0.07102596,-0.030640522,-0.069292784,0.51504534,0.51504534,0.028907347,0.07102596
180.236,4.0208,21.9429,1.1930,4.0,22.0,1.399999976158142,-0.030727882,-0.06932264,0.5154792,0.5154792,0.028969934,0.07108059,-0.030727882,-0.06932264,0.5154792,0.5154792,0.028969934,0.07108059
180.287,4.0208,21.9429,1.1927,4.0,22.0,1.399999976158142,-0.03076995,-0.069642834,0.51978886,0.51978886,0.029052367,0.07136042,-0.03076995,-0.069642834,0.51978886,0.51978886,0.029052367,0.07136042
180.335,4.0208,21.9429,1.1922,4.0,22.0,1.399999976158142,-0.030877303,-0.06963312,0.51973546,0.51973546,0.02913453,0.07137589,-0.030877303,-0.06963312,0.51973546,0.51973546,0.02913453,0.07137589
180.385,4.0208,21.9429,1.1919,4.0,22.0,1.399999976158142,-0.030894466,-0.069997855,0.52429736,0.52429736,0.029187303,0.07170501,-0.030894466,-0.069997855,0.52429736,0.52429736,0.029187303,0.07170501
180.436,4.0208,21.9428,1.1919,4.0,22.0,1.399999976158142,-0.054483127,-0.16419224,1.0,1.0,0.050705288,0.16797008,-0.054483127,-0.16419224,1.0,1.0,0.050705288,0.16797008
180.485,4.0208,21.9428,1.1923,4.0,22.0,1.399999976158142,-0.029470066,-0.068398446,0.49965012,0.49965012,0.027851958,0.070016555,-0.029470066,-0.068398446,0.49965012,0.49965012,0.027851958,0.070016555
180.535,4.0208,21.9427,1.1932,4.0,22.0,1.399999976158142,-0.029770037,-0.068226464,0.49686027,0.49686027,0.028136253,0.06986025,-0.029770037,-0.068226464,0.49686027,0.49686027,0.028136253,0.06986025
180.586,4.0208,21.9426,1.1935,4.0,22.0,1.399999976158142,-0.03031368,-0.06821447,0.49332365,0.49332365,0.028732328,0.06979582,-0.03031368,-0.06821447,0.49332365,0.49332365,0.028732328,0.06979582
180.636,4.0208,21.9426,1.1940,4.0,22.0,1.399999976158142,-0.03012025,-0.06838624,0.49747026,0.49747026,0.028507339,0.06999915,-0.03012025,-0.06838624,0.49747026,0.49747026,0.028507339,0.06999915
180.685,4.0208,21.9426,1.1942,4.0,22.0,1.399999976158142,-0.030540291,-0.06841457,0.49563035,0.49563035,0.02897548,0.06997938,-0.030540291,-0.06841457,0.49563035,0.49563035,0.02897548,0.06997938
180.736,4.0208,21.9425,1.1946,4.0,22.0,1.399999976158142,-0.030412389,-0.0685669,0.49897075,0.49897075,0.028818252,0.070161045,-0.030412389,-0.0685669,0.49897075,0.49897075,0.028818252,0.070161045
180.786,4.0208,21.9425,1.1946,4.0,22.0,1.399999976158142,-0.030733258,-0.06863241,0.49863854,0.49863854,0.02918273,0.070182934,-0.030733258,-0.06863241,0.49863854,0.49863854,0.02918273,0.070182934
180.837,4.0209,21.9424,1.1947,4.0,22.0,1.399999976158142,-0.030667089,-0.06876356,0.5011895,0.5011895,0.029089818,0.070340835,-0.030667089,-0.06876356,0.5011895,0.5011895,0.029089818,0.070340835
180.885,4.0209,21.9424,1.1947,4.0,22.0,1.399999976158142,-0.03090881,-0.068868734,0.50212973,0.50212973,0.029371796,0.07040575,-0.03090881,-0.068868734,0.50212973,0.50212973,0.029371796,0.07040575
180.935,4.0209,21.9424,1.1947,4.0,22.0,1.399999976158142,-0.030891927,-0.06897811,0.5040004,0.5040004,0.029330218,0.07053982,-0.030891927,-0.06897811,0.5040004,0.5040004,0.029330218,0.07053982
180.985,4.0209,21.9424,1.1946,4.0,22.0,1.399999976158142,-0.030992573,-0.06908285,0.5054419,0.5054419,0.029434204,0.07064122,-0.030992573,-0.06908285,0.5054419,0.5054419,0.029434204,0.07064122
181.036,4.0209,21.9424,1.1945,4.0,22.0,1.399999976158142,-0.031156635,-0.06924548,0.50775576,0.50775576,0.029635204,0.07076691,-0.031156635,-0.06924548,0.50775576,0.50775576,0.029635204,0.07076691
181.086,4.0209,21.9423,1.1942,4.0,22.0,1.399999976158142,-0.031190326,-0.06932403,0.50889343,0.50889343,0.029646263,0.0708681,-0.031190326,-0.06932403,0.50889343,0.50889343,0.029646263,0.0708681
181.135,4.0209,21.9423,1.1938,4.0,22.0,1.399999976158142,-0.031306118,-0.06953448,0.51205003,0.51205003,0.029796952,0.07104364,-0.031306118,-0.06953448,0.51205003,0.51205003,0.029796952,0.07104364
181.185,4.0209,21.9423,1.1938,4.0,22.0,1.399999976158142,-0.031375516,-0.0697113,0.51461625,0.51461625,0.029872347,0.07121447,-0.031375516,-0.0697113,0.51461625,0.51461625,0.029872347,0.07121447
181.235,4.0209,21.9423,1.1938,4.0,22.0,1.399999976158142,-0.031460762,-0.06964567,0.5134874,0.5134874,0.029917322,0.071189106,-0.031460762,-0.06964567,0.5134874,0.5134874,0.029917322,0.071189106
181.286,4.0209,21.9423,1.1938,4.0,22.0,1.399999976158142,-0.031553682,-0.0697358,0.5147179,0.5147179,0.030007455,0.07128203,-0.031553682,-0.0697358,0.5147179,0.5147179,0.030007455,0.07128203
181.338,4.0209,21.9423,1.1938,4.0,22.0,1.399999976158142,-0.031740796,-0.0699173,0.51719564,0.51719564,0.03018895,0.07146914,-0.031740796,-0.0699173,0.51719564,0.51719564,0.03018895,0.07146914
181.388,4.0209,21.9423,1.1938,4.0,22.0,1.399999976158142,-0.05688576,-0.16590264,1.0,1.0,0.05349016,0.16929825,-0.05688576,-0.16590264,1.0,1.0,0.05349016,0.16929825
181.438,4.0209,21.9423,1.1938,4.0,22.0,1.399999976158142,-0.030061662,-0.06829098,0.49492636,0.49492636,0.028562633,0.06979001,-0.030061662,-0.06829098,0.49492636,0.49492636,0.028562633,0.06979001
181.488,4.0209,21.9420,1.1932,4.0,22.0,1.399999976158142,-0.030154886,-0.06838141,0.49616084,0.49616084,0.028653057,0.069883235,-0.030154886,-0.06838141,0.49616084,0.49616084,0.028653057,0.069883235
181.537,4.0209,21.9420,1.1935,4.0,22.0,1.399999976158142,-0.03123551,-0.06949736,0.5028284,0.5028284,0.030070554,0.07066232,-0.03123551,-0.06949736,0.5028284,0.5028284,0.030070554,0.07066232
181.587,4.0209,21.9419,1.1940,4.0,22.0,1.399999976158142,-0.030853942,-0.06875248,0.49749914,0.49749914,0.02946333,0.070143096,-0.030853942,-0.06875248,0.49749914,0.49749914,0.02946333,0.070143096
181.638,4.0209,21.9419,1.1942,4.0,22.0,1.399999976158142,-0.031277522,-0.06876956,0.4958185,0.4958185,0.029930674,0.07011641,-0.031277522,-0.06876956,0.4958185,0.4958185,0.029930674,0.07011641
181.687,4.0210,21.9418,1.1945,4.0,22.0,1.399999976158142,-0.031148093,-0.06893399,0.4990617,0.4990617,0.02977468,0.070307404,-0.031148093,-0.06893399,0.4990617,0.4990617,0.02977468,0.070307404
181.738,4.0210,21.9418,1.1946,4.0,22.0,1.399999976158142,-0.031477395,-0.06898693,0.49879113,0.49879113,0.030144883,0.070319444,-0.031477395,-0.06898693,0.49879113,0.49879113,0.030144883,0.070319444
181.788,4.0210,21.9418,1.1946,4.0,22.0,1.399999976158142,-0.031404436,-0.06912791,0.50130546,0.50130546,0.030046958,0.07048538,-0.031404436,-0.06912791,0.50130546,0.50130546,0.030046958,0.07048538
181.838,4.0210,21.9417,1.1947,4.0,22.0,1.399999976158142,-0.031512555,-0.06922713,0.5026071,0.5026071,0.030158434,0.07058125,-0.031512555,-0.06922713,0.5026071,0.5026071,0.030158434,0.07058125
181.885,4.0210,21.9417,1.1947,4.0,22.0,1.399999976158142,-0.031512555,-0.06922713,0.5026071,0.5026071,0.030158434,0.07058125,-0.031512555,-0.06922713,0.5026071,0.5026071,0.030158434,0.07058125
181.936,4.0210,21.9417,1.1946,4.0,22.0,1.399999976158142,-0.031734843,-0.06933987,0.5039701,0.5039701,0.030416971,0.070657745,-0.031734843,-0.06933987,0.5039701,0.5039701,0.030416971,0.070657745
181.986,4.0210,21.9417,1.1945,4.0,22.0,1.399999976158142,-0.03180844,-0.06948916,0.5062628,0.5062628,0.030499661,0.070797935,-0.03180844,-0.06948916,0.5062628,0.5062628,0.030499661,0.070797935
182.036,4.0210,21.9417,1.1942,4.0,22.0,1.399999976158142,-0.031833332,-0.06957961,0.5075238,0.5075238,0.030503748,0.070909195,-0.031833332,-0.06957961,0.5075238,0.5075238,0.030503748,0.070909195
182.085,4.0210,21.9417,1.1941,4.0,22.0,1.399999976158142,-0.03195924,-0.0697732,0.51051235,0.51051235,0.030662207,0.07107023,-0.03195924,-0.0697732,0.51051235,0.51051235,0.030662207,0.07107023
182.135,4.0210,21.9416,1.1937,4.0,22.0,1.399999976158142,-0.032016527,-0.069838144,0.5112786,0.5112786,0.030699527,0.071155146,-0.032016527,-0.069838144,0.5112786,0.5112786,0.030699527,0.071155146
182.186,4.0210,21.9416,1.1935,4.0,22.0,1.399999976158142,-0.032106254,-0.07007937,0.514894,0.514894,0.030816939,0.071368694,-0.032106254,-0.07007937,0.514894,0.514894,0.030816939,0.071368694
182.236,4.0210,21.9416,1.1930,4.0,22.0,1.399999976158142,-0.032182023,-0.07012961,0.51547176,0.51547176,0.030878412,0.071433224,-0.032182023,-0.07012961,0.51547176,0.51547176,0.030878412,0.071433224
182.285,4.0210,21.9416,1.1928,4.0,22.0,1.399999976158142,-0.032226834,-0.070422545,0.51962394,0.51962394,0.030951036,0.071698345,-0.032226834,-0.070422545,0.51962394,0.51962394,0.030951036,0.071698345
182.335,4.0210,21.9415,1.1922,4.0,22.0,1.399999976158142,-0.032335926,-0.07043314,0.51967436,0.51967436,0.031042181,0.07172689,-0.032335926,-0.07043314,0.51967436,0.51967436,0.031042181,0.07172689
182.388,4.0210,21.9414,1.1919,4.0,22.0,1.399999976158142,-0.058010146,-0.16554278,1.0,1.0,0.05520699,0.16834593,-0.058010146,-0.16554278,1.0,1.0,0.05520699,0.16834593
182.437,4.0210,21.9414,1.1923,4.0,22.0,1.399999976158142,-0.030880267,-0.0691502,0.49978456,0.49978456,0.029683894,0.07034658,-0.030880267,-0.0691502,0.49978456,0.49978456,0.029683894,0.07034658
182.487,4.0210,21.9413,1.1931,4.0,22.0,1.399999976158142,-0.03118474,-0.06898459,0.49694407,0.49694407,0.029977258,0.070192076,-0.03118474,-0.06898459,0.49694407,0.49694407,0.029977258,0.070192076
182.538,4.0210,21.9413,1.1934,4.0,22.0,1.399999976158142,-0.03170809,-0.06897559,0.49350455,0.49350455,0.0305451,0.07013858,-0.03170809,-0.06897559,0.49350455,0.49350455,0.0305451,0.07013858
182.588,4.0210,21.9412,1.1940,4.0,22.0,1.399999976158142,-0.03152843,-0.06914844,0.49759394,0.49759394,0.030339021,0.07033785,-0.03152843,-0.06914844,0.49759394,0.49759394,0.030339021,0.07033785
182.638,4.0211,21.9412,1.1942,4.0,22.0,1.399999976158142,-0.031926095,-0.069181085,0.49587193,0.49587193,0.030776588,0.07033059,-0.031926095,-0.069181085,0.49587193,0.49587193,0.030776588,0.07033059
182.687,4.0211,21.9412,1.1943,4.0,22.0,1.399999976158142,-0.031814307,-0.06933406,0.49914598,0.49914598,0.0306408,0.07050756,-0.031814307,-0.06933406,0.49914598,0.49914598,0.0306408,0.07050756
182.738,4.0211,21.9411,1.1946,4.0,22.0,1.399999976158142,-0.031931054,-0.069428064,0.5002259,0.5002259,0.030761361,0.07059776,-0.031931054,-0.069428064,0.5002259,0.5002259,0.030761361,0.07059776
182.788,4.0211,21.9411,1.1947,4.0,22.0,1.399999976158142,-0.032205135,-0.06950884,0.5003682,0.5003682,0.03107014,0.07064384,-0.032205135,-0.06950884,0.5003682,0.5003682,0.03107014,0.07064384
182.838,4.0211,21.9411,1.1947,4.0,22.0,1.399999976158142,-0.032284718,-0.069640785,0.5023742,0.5023742,0.03115841,0.07076709,-0.032284718,-0.069640785,0.5023742,0.5023742,0.03115841,0.07076709
182.884,4.0211,21.9411,1.1947,4.0,22.0,1.399999976158142,-0.032284718,-0.069640785,0.5023742,0.5023742,0.03115841,0.07076709,-0.032284718,-0.069640785,0.5023742,0.5023742,0.03115841,0.07076709
182.936,4.0211,21.9411,1.1946,4.0,22.0,1.399999976158142,-0.032280285,-0.06975195,0.5042305,0.5042305,0.031133773,0.070898466,-0.032280285,-0.06975195,0.5042305,0.5042305,0.031133773,0.070898466
182.985,4.0211,21.9411,1.1945,4.0,22.0,1.399999976158142,-0.032441176,-0.0699031,0.50630754,0.50630754,0.031325076,0.071019195,-0.032441176,-0.0699031,0.50630754,0.50630754,0.031325076,0.071019195
183.036,4.0211,21.9410,1.1942,4.0,22.0,1.399999976158142,-0.03247713,-0.069990255,0.5075721,0.5075721,0.031342637,0.07112475,-0.03247713,-0.069990255,0.5075721,0.5075721,0.031342637,0.07112475
183.087,4.0211,21.9410,1.1941,4.0,22.0,1.399999976158142,-0.032586407,-0.0701875,0.5105369,0.5105369,0.03148018,0.071293734,-0.032586407,-0.0701875,0.5105369,0.5105369,0.03148018,0.071293734
183.135,4.0211,21.9410,1.1937,4.0,22.0,1.399999976158142,-0.032654412,-0.07025076,0.5113156,0.5113156,0.031530812,0.07137436,-0.032654412,-0.07025076,0.5113156,0.5113156,0.031530812,0.07137436
183.185,4.0211,21.9410,1.1935,4.0,22.0,1.399999976158142,-0.032721408,-0.070498675,0.5150005,0.5150005,0.031624354,0.07159573,-0.032721408,-0.070498675,0.5150005,0.5150005,0.031624354,0.07159573
183.236,4.0211,21.9409,1.1930,4.0,22.0,1.399999976158142,-0.03281949,-0.07053666,0.51538426,0.51538426,0.031705745,0.0716504,-0.03281949,-0.07053666,0.51538426,0.51538426,0.031705745,0.0716504
183.286,4.0211,21.9409,1.1928,4.0,22.0,1.399999976158142,-0.03284523,-0.07084423,0.5197092,0.5197092,0.031757817,0.071931645,-0.03284523,-0.07084423,0.5197092,0.5197092,0.031757817,0.071931645
183.336,4.0211,21.9409,1.1922,4.0,22.0,1.399999976158142,-0.03296569,-0.07084826,0.51968557,0.51968557,0.0318619,0.071952045,-0.03296569,-0.07084826,0.51968557,0.51968557,0.0318619,0.071952045
183.386,4.0211,21.9409,1.1920,4.0,20.0,1.399999976158142,-0.03296289,-0.07120815,0.5243431,0.5243431,0.031883094,0.07228795,-0.03296289,-0.07120815,0.5243431,0.5243431,0.031883094,0.07228795
183.437,4.0209,21.9399,1.1912,4.0,20.0,1.399999976158142,0.4801776,0.97581786,0.22141217,0.22141217,-1.0,-0.45599547,0.4801776,0.97581786,0.22141217,0.22141217,-1.0,-0.45599547
183.485,4.0206,21.9387,1.1908,4.0,20.0,1.399999976158142,0.4816711,0.9786389,0.25209913,0.25209913,-1.0,-0.46031,0.4816711,0.9786389,0.25209913,0.25209913,-1.0,-0.46031
183.535,4.0194,21.9341,1.1893,4.0,20.0,1.399999976158142,0.48258308,0.9782206,0.25227442,0.25227442,-1.0,-0.4608037,0.48258308,0.9782206,0.25227442,0.25227442,-1.0,-0.4608037
183.585,4.0187,21.9314,1.1884,4.0,20.0,1.399999976158142,0.49004608,0.9736626,0.25937998,0.25937998,-1.0,-0.4637087,0.49004608,0.9736626,0.25937998,0.25937998,-1.0,-0.4637087
183.635,4.0179,21.9284,1.1875,4.0,20.0,1.399999976158142,0.48767105,0.9755188,0.257811,0.257811,-1.0,-0.46318987,0.48767105,0.9755188,0.257811,0.257811,-1.0,-0.46318987
183.686,4.0158,21.9201,1.1850,4.0,20.0,1.399999976158142,0.48919114,0.9748296,0.25989226,0.25989226,-1.0,-0.46402076,0.48919114,0.9748296,0.25989226,0.25989226,-1.0,-0.46402076
183.735,4.0132,21.9099,1.1820,4.0,20.0,1.399999976158142,0.49893886,0.96956426,0.27149138,0.27149138,-1.0,-0.46850312,0.49893886,0.96956426,0.27149138,0.27149138,-1.0,-0.46850312
183.785,4.0120,21.9051,1.1806,4.0,20.0,1.399999976158142,0.5033676,0.96791667,0.27910855,0.27910855,-1.0,-0.47128427,0.5033676,0.96791667,0.27910855,0.27910855,-1.0,-0.47128427
183.836,4.0088,21.8928,1.1769,4.0,20.0,1.399999976158142,0.4983976,0.97104675,0.27410612,0.27410612,-1.0,-0.46944433,0.4983976,0.97104675,0.27410612,0.27410612,-1.0,-0.46944433
183.886,4.0074,21.8870,1.1752,4.0,20.0,1.399999976158142,0.50862664,0.96670043,0.29124308,0.29124308,-1.0,-0.47532707,0.50862664,0.96670043,0.29124308,0.29124308,-1.0,-0.47532707
183.938,4.0037,21.8728,1.1710,4.0,20.0,1.399999976158142,0.50364107,0.96940684,0.28459346,0.28459346,-1.0,-0.4730479,0.50364107,0.96940684,0.28459346,0.28459346,-1.0,-0.4730479
183.986,4.0021,21.8663,1.1690,4.0,20.0,1.399999976158142,0.5139541,0.9656895,0.30478942,0.30478942,-1.0,-0.47964358,0.5139541,0.9656895,0.30478942,0.30478942,-1.0,-0.47964358
184.036,3.9981,21.8503,1.1643,4.0,20.0,1.399999976158142,0.50801605,0.9681079,0.29672194,0.29672194,-1.0,-0.47612393,0.50801605,0.9681079,0.29672194,0.29672194,-1.0,-0.47612393
184.085,3.9963,21.8432,1.1621,4.0,20.0,1.399999976158142,0.5181188,0.96488774,0.3213652,0.3213652,-1.0,-0.48300657,0.5181188,0.96488774,0.3213652,0.3213652,-1.0,-0.48300657
184.136,3.9919,21.8257,1.1569,4.0,20.0,1.399999976158142,0.5119332,0.9670207,0.3112297,0.3112297,-1.0,-0.47895393,0.5119332,0.9670207,0.3112297,0.3112297,-1.0,-0.47895393
184.186,3.9899,21.8180,1.1546,4.0,20.0,1.399999976158142,0.5213238,0.96479946,0.33780253,0.33780253,-1.0,-0.48612326,0.5213238,0.96479946,0.33780253,0.33780253,-1.0,-0.48612326
184.236,3.9852,21.7993,1.1491,4.0,20.0,1.399999976158142,0.5154711,0.96640986,0.32678273,0.32678273,-1.0,-0.48188093,0.5154711,0.96640986,0.32678273,0.32678273,-1.0,-0.48188093
184.285,3.9831,21.7910,1.1466,4.0,20.0,1.399999976158142,0.5248038,0.96508247,0.35687926,0.35687926,-1.0,-0.48988625,0.5248038,0.96508247,0.35687926,0.35687926,-1.0,-0.48988625
184.335,3.9782,21.7711,1.1407,4.0,20.0,1.399999976158142,0.51897186,0.96623003,0.3441099,0.3441099,-1.0,-0.48520187,0.51897186,0.96623003,0.3441099,0.3441099,-1.0,-0.48520187
184.385,3.9760,21.7623,1.1381,4.0,20.0,1.399999976158142,0.52764094,0.9660211,0.3764206,0.3764206,-1.0,-0.4936621,0.52764094,0.9660211,0.3764206,0.3764206,-1.0,-0.4936621
184.436,3.9707,21.7413,1.1320,4.0,20.0,1.399999976158142,0.5271092,0.95734286,0.30907333,0.30907333,-1.0,-0.48445207,0.5271092,0.95734286,0.30907333,0.30907333,-1.0,-0.48445207
184.487,3.9684,21.7322,1.1293,4.0,20.0,1.399999976158142,0.53847086,0.9670957,0.39226094,0.39226094,-1.0,-0.50556654,0.53847086,0.9670957,0.39226094,0.39226094,-1.0,-0.50556654
184.536,3.9630,21.7102,1.1228,4.0,20.0,1.399999976158142,0.5334501,0.9672781,0.37660807,0.37660807,-1.0,-0.50072825,0.5334501,0.9672781,0.37660807,0.37660807,-1.0,-0.50072825
184.586,3.9606,21.7007,1.1200,4.0,20.0,1.399999976158142,0.54165816,0.9702401,0.41518012,0.41518012,-1.0,-0.51189834,0.54165816,0.9702401,0.41518012,0.41518012,-1.0,-0.51189834
184.635,3.9582,21.6910,1.1172,4.0,20.0,1.399999976158142,0.5374835,0.96905625,0.39762583,0.39762583,-1.0,-0.50653976,0.5374835,0.96905625,0.39762583,0.39762583,-1.0,-0.50653976
184.685,3.9525,21.6679,1.1106,4.0,20.0,1.399999976158142,0.5387091,0.96965945,0.40425932,0.40425932,-1.0,-0.50836855,0.5387091,0.96965945,0.40425932,0.40425932,-1.0,-0.50836855
184.736,3.9467,21.6442,1.1038,4.0,20.0,1.399999976158142,0.5467402,0.97404677,0.4467961,0.4467961,-1.0,-0.5207869,0.5467402,0.97404677,0.4467961,0.4467961,-1.0,-0.5207869
184.786,3.9442,21.6339,1.1009,4.0,20.0,1.399999976158142,0.5496727,0.97629756,0.46494085,0.46494085,-1.0,-0.5259703,0.5496727,0.97629756,0.46494085,0.46494085,-1.0,-0.5259703
184.835,3.9382,21.6094,1.0940,4.0,20.0,1.399999976158142,0.54581004,0.9737232,0.444232,0.444232,-1.0,-0.5195332,0.54581004,0.9737232,0.444232,0.444232,-1.0,-0.5195332
184.885,3.9357,21.5987,1.0911,4.0,20.0,1.399999976158142,0.55461305,0.97934014,0.4924072,0.4924072,-1.0,-0.5339532,0.55461305,0.97934014,0.4924072,0.4924072,-1.0,-0.5339532
184.935,3.9296,21.5735,1.0842,4.0,20.0,1.399999976158142,0.5503843,0.97643137,0.4698558,0.4698558,-1.0,-0.52681565,0.5503843,0.97643137,0.4698558,0.4698558,-1.0,-0.52681565
184.985,3.9270,21.5625,1.0812,4.0,20.0,1.399999976158142,0.5598844,0.9826444,0.5215174,0.5215174,-1.0,-0.5425288,0.5598844,0.9826444,0.5215174,0.5215174,-1.0,-0.5425288
185.037,3.9208,21.5364,1.0743,4.0,20.0,1.399999976158142,0.55543864,0.97929704,0.4972695,0.4972695,-1.0,-0.5347357,0.55543864,0.97929704,0.4972695,0.4972695,-1.0,-0.5347357
185.086,3.9181,21.5251,1.0714,4.0,20.0,1.399999976158142,0.5657653,0.985885,0.5530703,0.5530703,-1.0,-0.55165035,0.5657653,0.985885,0.5530703,0.5530703,-1.0,-0.55165035
185.136,3.9119,21.4983,1.0645,4.0,20.0,1.399999976158142,0.56025696,0.98216844,0.52754164,0.52754164,-1.0,-0.5424254,0.56025696,0.98216844,0.52754164,0.52754164,-1.0,-0.5424254
185.186,3.9092,21.4866,1.0616,4.0,20.0,1.399999976158142,0.5714711,0.9888526,0.58761805,0.58761805,-1.0,-0.5603237,0.5714711,0.9888526,0.58761805,0.58761805,-1.0,-0.5603237
185.235,3.9029,21.4591,1.0548,4.0,20.0,1.399999976158142,0.5653196,0.9849023,0.55972344,0.55972344,-1.0,-0.550222,0.5653196,0.9849023,0.55972344,0.55972344,-1.0,-0.550222
185.286,3.9002,21.4471,1.0520,4.0,20.0,1.399999976158142,0.578665,0.99180704,0.6264161,0.6264161,-1.0,-0.57047206,0.578665,0.99180704,0.6264161,0.6264161,-1.0,-0.57047206
185.336,3.8939,21.4188,1.0454,4.0,20.0,1.399999976158142,0.5715422,0.98765594,0.5951446,0.5951446,-1.0,-0.55919814,0.5715422,0.98765594,0.5951446,0.5951446,-1.0,-0.55919814
185.385,3.8912,21.4065,1.0426,4.0,20.0,1.399999976158142,0.5864208,0.99404216,0.66430384,0.66430384,-1.0,-0.5804629,0.5864208,0.99404216,0.66430384,0.66430384,-1.0,-0.5804629
185.436,3.8885,21.3941,1.0399,4.0,20.0,1.399999976158142,0.5783544,0.9833034,0.5468808,0.5468808,-1.0,-0.56165785,0.5783544,0.9833034,0.5468808,0.5468808,-1.0,-0.56165785
185.489,3.8822,21.3649,1.0336,4.0,20.0,1.399999976158142,0.5881226,0.99043196,0.6361997,0.6361997,-1.0,-0.57855463,0.5881226,0.99043196,0.6361997,0.6361997,-1.0,-0.57855463
185.538,3.8733,21.3223,1.0250,4.0,20.0,1.399999976158142,0.61474717,0.9998089,0.74462664,0.74462664,-1.0,-0.6145561,0.61474717,0.9998089,0.74462664,0.74462664,-1.0,-0.6145561
185.587,3.8671,21.2919,1.0195,4.0,20.0,1.399999976158142,0.60556436,0.9950832,0.70469064,0.70469064,-1.0,-0.60064757,0.60556436,0.9950832,0.70469064,0.70469064,-1.0,-0.60064757
185.638,3.8645,21.2788,1.0172,4.0,20.0,1.399999976158142,0.6293051,1.0,0.7891604,0.7891604,-0.99974406,-0.62956107,0.6293051,1.0,0.7891604,0.7891604,-0.99974406,-0.62956107
185.691,3.8585,21.2478,1.0124,4.0,20.0,1.399999976158142,0.6180846,0.99679977,0.74729335,0.74729335,-1.0,-0.6148843,0.6180846,0.99679977,0.74729335,0.74729335,-1.0,-0.6148843
185.738,3.8560,21.2344,1.0105,4.0,20.0,1.399999976158142,0.64222723,1.0,0.8279922,0.8279922,-0.9992965,-0.64293075,0.64222723,1.0,0.8279922,0.8279922,-0.9992965,-0.64293075
185.788,3.8501,21.2029,1.0064,4.0,20.0,1.399999976158142,0.6329379,0.998355,0.7948138,0.7948138,-1.0,-0.63129294,0.6329379,0.998355,0.7948138,0.7948138,-1.0,-0.63129294
185.837,3.8477,21.1893,1.0049,4.0,20.0,1.399999976158142,0.660698,1.0,0.88256735,0.88256735,-0.9983563,-0.6623418,0.660698,1.0,0.88256735,0.88256735,-0.9983563,-0.6623418
185.887,3.8422,21.1574,1.0019,4.0,20.0,1.399999976158142,0.6472241,0.9991598,0.8372579,0.8372579,-1.0,-0.64638394,0.6472241,0.9991598,0.8372579,0.8372579,-1.0,-0.64638394
185.938,3.8398,21.1436,1.0008,4.0,20.0,1.399999976158142,0.6790543,1.0,0.9307239,0.9307239,-0.9984727,-0.6805817,0.6790543,1.0,0.9307239,0.9307239,-0.9984727,-0.6805817
185.987,3.8346,21.1112,0.9989,4.0,20.0,1.399999976158142,0.6638828,0.9996899,0.8837423,0.8837423,-1.0,-0.66357267,0.6638828,0.9996899,0.8837423,0.8837423,-1.0,-0.66357267
186.038,3.8324,21.0972,0.9983,4.0,20.0,1.399999976158142,0.68763006,0.9827281,0.96474516,0.96474516,-0.9815483,-0.6888099,0.68763006,0.9827281,0.96474516,0.96474516,-0.9815483,-0.6888099
186.087,3.8275,21.0645,0.9977,4.0,20.0,1.399999976158142,0.68199784,0.9999655,0.9312592,0.9312592,-1.0,-0.6819634,0.68199784,0.9999655,0.9312592,0.9312592,-1.0,-0.6819634
186.137,3.8254,21.0505,0.9977,4.0,20.0,1.399999976158142,0.6740943,0.9353105,0.9640705,0.9640705,-0.9344087,-0.67499614,0.6740943,0.9353105,0.9640705,0.9640705,-0.9344087,-0.67499614
186.188,3.8235,21.0364,0.9978,4.0,20.0,1.399999976158142,0.68937695,0.9832415,0.9625228,0.9625228,-0.9830461,-0.68957233,0.68937695,0.9832415,0.9625228,0.9625228,-0.9830461,-0.68957233
186.238,3.8190,21.0036,0.9988,4.0,20.0,1.399999976158142,0.6851695,0.9695092,0.9634247,0.9634247,-0.9690447,-0.685634,0.6851695,0.9695092,0.9634247,0.9634247,-0.9690447,-0.685634
186.288,3.8172,20.9895,0.9995,4.0,20.0,1.399999976158142,0.6535475,0.8729566,0.95831406,0.95831406,-0.87168974,-0.65481436,0.6535475,0.8729566,0.95831406,0.95831406,-0.87168974,-0.65481436
186.337,3.8132,20.9570,1.0017,4.0,20.0,1.399999976158142,0.66795266,0.91943663,0.96128845,0.96128845,-0.9187349,-0.6686544,0.66795266,0.91943663,0.96128845,0.96128845,-0.9187349,-0.6686544
186.387,3.8095,20.9245,1.0046,4.0,20.0,1.399999976158142,0.72636837,1.0,0.9529813,0.9529813,-0.99897724,-0.7273911,0.72636837,1.0,0.9529813,0.9529813,-0.99897724,-0.7273911
186.438,3.8079,20.9107,1.0060,4.0,20.0,1.399999976158142,0.6016256,0.75553465,0.89396936,0.89396936,-0.75297683,-0.60418344,0.6016256,0.75553465,0.89396936,0.89396936,-0.75297683,-0.60418344
186.488,3.8046,20.8789,1.0096,4.0,20.0,1.399999976158142,0.6180922,0.8017925,0.9026881,0.9026881,-0.8000087,-0.619876,0.6180922,0.8017925,0.9026881,0.9026881,-0.8000087,-0.619876
186.538,3.8033,20.8656,1.0114,4.0,20.0,1.399999976158142,0.5848904,0.71368515,0.88251376,0.88251376,-0.70881546,-0.5897601,0.5848904,0.71368515,0.88251376,0.88251376,-0.70881546,-0.5897601
186.588,3.8004,20.8350,1.0157,4.0,20.0,1.399999976158142,0.60196435,0.7598669,0.8935276,0.8935276,-0.7558157,-0.60601556,0.60196435,0.7598669,0.8935276,0.8935276,-0.7558157,-0.60601556
186.638,3.7993,20.8222,1.0177,4.0,20.0,1.399999976158142,0.5684965,0.6762894,0.86938375,0.86938375,-0.6682418,-0.5765441,0.5684965,0.6762894,0.86938375,0.86938375,-0.6682418,-0.5765441
186.687,3.7968,20.7929,1.0227,4.0,20.0,1.399999976158142,0.58617526,0.719511,0.8823188,0.8823188,-0.7134408,-0.5922455,0.58617526,0.719511,0.8823188,0.8823188,-0.7134408,-0.5922455
186.738,3.7959,20.7805,1.0249,4.0,20.0,1.399999976158142,0.55340296,0.6395356,0.85468775,0.85468775,-0.62972873,-0.56320983,0.55340296,0.6395356,0.85468775,0.85468775,-0.62972873,-0.56320983
186.787,3.7938,20.7524,1.0304,4.0,20.0,1.399999976158142,0.57104003,0.6807147,0.86939996,0.86939996,-0.6731504,-0.57860434,0.57104003,0.6807147,0.86939996,0.86939996,-0.6731504,-0.57860434
186.838,3.7930,20.7406,1.0329,4.0,20.0,1.399999976158142,0.5392345,0.6039184,0.83874506,0.83874506,-0.5932813,-0.54987156,0.5392345,0.6039184,0.83874506,0.83874506,-0.5932813,-0.54987156
186.888,3.7914,20.7136,1.0388,4.0,20.0,1.399999976158142,0.55655336,0.6436637,0.85512096,0.85512096,-0.6350502,-0.5651669,0.55655336,0.6436637,0.85512096,0.85512096,-0.6350502,-0.5651669
186.938,3.7908,20.7023,1.0414,4.0,20.0,1.399999976158142,0.5256527,0.56976336,0.8218374,0.8218374,-0.55879354,-0.53662246,0.5256527,0.56976336,0.8218374,0.8218374,-0.55879354,-0.53662246
186.988,3.7895,20.6765,1.0477,4.0,20.0,1.399999976158142,0.5423844,0.6077985,0.8394651,0.8394651,-0.5984747,-0.5517082,0.5423844,0.6077985,0.8394651,0.8394651,-0.5984747,-0.5517082
187.041,3.7890,20.6657,1.0505,4.0,20.0,1.399999976158142,0.5126521,0.537497,0.804359,0.804359,-0.52652377,-0.52362525,0.5126521,0.537497,0.804359,0.804359,-0.52652377,-0.52362525
187.084,3.7890,20.6657,1.0505,4.0,20.0,1.399999976158142,0.5126521,0.537497,0.804359,0.804359,-0.52652377,-0.52362525,0.5126521,0.537497,0.804359,0.804359,-0.52652377,-0.52362525
187.135,3.7882,20.6410,1.0570,4.0,20.0,1.399999976158142,0.5295516,0.5755571,0.82399464,0.82399464,-0.5658591,-0.53924966,0.5295516,0.5755571,0.82399464,0.82399464,-0.5658591,-0.53924966
187.185,3.7878,20.6307,1.0599,4.0,20.0,1.399999976158142,0.49816218,0.5025818,0.784066,0.784066,-0.4917332,-0.50901073,0.49816218,0.5025818,0.784066,0.784066,-0.4917332,-0.50901073
187.235,3.7876,20.6206,1.0628,4.0,20.0,1.399999976158142,0.51523966,0.5407694,0.80539984,0.80539984,-0.53084487,-0.5251641,0.51523966,0.5407694,0.80539984,0.80539984,-0.53084487,-0.5251641
187.286,3.7871,20.5974,1.0696,4.0,20.0,1.399999976158142,0.5118786,0.53230625,0.80123955,0.80123955,-0.522291,-0.52189386,0.5118786,0.53230625,0.80123955,0.80123955,-0.522291,-0.52189386
187.335,3.7869,20.5749,1.0765,4.0,20.0,1.399999976158142,0.48459348,0.46998566,0.7635751,0.7635751,-0.45974627,-0.49483287,0.48459348,0.46998566,0.7635751,0.7635751,-0.45974627,-0.49483287
187.385,3.7869,20.5655,1.0795,4.0,20.0,1.399999976158142,0.4746449,0.44770238,0.7480418,0.7480418,-0.43789023,-0.48445705,0.4746449,0.44770238,0.7480418,0.7480418,-0.43789023,-0.48445705
187.436,3.7871,20.5439,1.0867,4.0,20.0,1.399999976158142,0.7023341,0.71025974,1.0,1.0,-0.69245064,-0.72014314,0.7023341,0.71025974,1.0,1.0,-0.69245064,-0.72014314
187.487,3.7880,20.5136,1.0974,4.0,20.0,1.399999976158142,0.45627093,0.42535207,0.70510125,0.70510125,-0.41780874,-0.4638143,0.45627093,0.42535207,0.70510125,0.70510125,-0.41780874,-0.4638143
187.538,3.7883,20.5049,1.1005,4.0,20.0,1.399999976158142,0.42958513,0.36813465,0.66363037,0.66363037,-0.36220855,-0.43551123,0.42958513,0.36813465,0.66363037,0.66363037,-0.36220855,-0.43551123
187.588,3.7892,20.4852,1.1077,4.0,20.0,1.399999976158142,0.44344348,0.39878798,0.6862875,0.6862875,-0.3912134,-0.4510181,0.44344348,0.39878798,0.6862875,0.6862875,-0.3912134,-0.4510181
187.637,3.7896,20.4770,1.1107,4.0,20.0,1.399999976158142,0.41671622,0.3462342,0.6464634,0.6464634,-0.33878428,-0.42416617,0.41671622,0.3462342,0.6464634,0.6464634,-0.33878428,-0.42416617
187.687,3.7906,20.4585,1.1175,4.0,20.0,1.399999976158142,0.4307441,0.3742277,0.66829616,0.66829616,-0.3661977,-0.43877414,0.4307441,0.3742277,0.66829616,0.66829616,-0.3661977,-0.43877414
187.738,3.7911,20.4508,1.1204,4.0,20.0,1.399999976158142,0.40454733,0.32573843,0.63037807,0.63037807,-0.3171257,-0.41316006,0.40454733,0.32573843,0.63037807,0.63037807,-0.3171257,-0.41316006
187.787,3.7924,20.4333,1.1268,4.0,20.0,1.399999976158142,0.41845483,0.35143015,0.6512848,0.6512848,-0.34287947,-0.42700553,0.41845483,0.35143015,0.6512848,0.6512848,-0.34287947,-0.42700553
187.838,3.7929,20.4261,1.1296,4.0,20.0,1.399999976158142,0.3928487,0.3062225,0.6151424,0.6151424,-0.29678586,-0.40228534,0.3928487,0.3062225,0.6151424,0.6151424,-0.29678586,-0.40228534
187.887,3.7944,20.4097,1.1357,4.0,20.0,1.399999976158142,0.40652406,0.3300647,0.635172,0.635172,-0.32101798,-0.4155708,0.40652406,0.3300647,0.635172,0.635172,-0.32101798,-0.4155708
187.938,3.7950,20.4029,1.1383,4.0,20.0,1.399999976158142,0.38165808,0.2878425,0.60094965,0.60094965,-0.2778553,-0.39164525,0.38165808,0.2878425,0.60094965,0.60094965,-0.2778553,-0.39164525
187.988,3.7957,20.3961,1.1408,4.0,20.0,1.399999976158142,0.39501342,0.31008866,0.6200774,0.6200774,-0.30062103,-0.40448105,0.39501342,0.31008866,0.6200774,0.6200774,-0.30062103,-0.40448105
188.037,3.7973,20.3809,1.1466,4.0,20.0,1.399999976158142,0.39185682,0.30447543,0.61630934,0.61630934,-0.29487514,-0.40145707,0.39185682,0.30447543,0.61630934,0.61630934,-0.29487514,-0.40145707
188.088,3.7981,20.3746,1.1489,4.0,20.0,1.399999976158142,0.36809802,0.26576546,0.5846636,0.5846636,-0.2554273,-0.37843618,0.36809802,0.26576546,0.5846636,0.5846636,-0.2554273,-0.37843618
188.142,3.7999,20.3602,1.1543,4.0,20.0,1.399999976158142,0.38083887,0.2859907,0.6023693,0.6023693,-0.27616832,-0.39066124,0.38083887,0.2859907,0.6023693,0.6023693,-0.27616832,-0.39066124
188.187,3.8018,20.3463,1.1595,4.0,20.0,1.399999976158142,0.35967094,0.25247574,0.5751613,0.5751613,-0.24213417,-0.37001252,0.35967094,0.25247574,0.5751613,0.5751613,-0.24213417,-0.37001252
188.238,3.8026,20.3406,1.1616,4.0,20.0,1.399999976158142,0.3482302,0.23511687,0.56135225,0.56135225,-0.22473621,-0.35861087,0.3482302,0.23511687,0.56135225,0.56135225,-0.22473621,-0.35861087
188.287,3.8046,20.3275,1.1664,4.0,20.0,1.399999976158142,0.36243576,0.25666758,0.58032304,0.58032304,-0.24661371,-0.37248963,0.36243576,0.25666758,0.58032304,0.58032304,-0.24661371,-0.37248963
188.337,3.8055,20.3220,1.1684,4.0,20.0,1.399999976158142,0.3407713,0.22413415,0.5543628,0.5543628,-0.21382198,-0.35108346,0.3407713,0.22413415,0.5543628,0.5543628,-0.21382198,-0.35108346
188.388,3.8079,20.3093,1.1733,4.0,20.0,1.399999976158142,0.69947356,0.49509865,1.0,1.0,-0.46994504,-0.7246272,0.69947356,0.49509865,1.0,1.0,-0.46994504,-0.7246272
188.438,3.8091,20.3038,1.1757,4.0,20.0,1.399999976158142,0.31498972,0.19588415,0.50918776,0.50918776,-0.18696317,-0.32391068,0.31498972,0.19588415,0.50918776,0.50918776,-0.18696317,-0.32391068
188.490,3.8119,20.2912,1.1809,4.0,20.0,1.399999976158142,0.32569796,0.21099892,0.5210813,0.5210813,-0.20274767,-0.3339492,0.32569796,0.21099892,0.5210813,0.5210813,-0.20274767,-0.3339492
188.538,3.8131,20.2859,1.1830,4.0,20.0,1.399999976158142,0.30450916,0.1806711,0.49367097,0.49367097,-0.1742153,-0.31096494,0.30450916,0.1806711,0.49367097,0.49367097,-0.1742153,-0.31096494
188.590,3.8160,20.2741,1.1877,4.0,20.0,1.399999976158142,0.31469685,0.19548644,0.5084935,0.5084935,-0.18782532,-0.32235795,0.31469685,0.19548644,0.5084935,0.5084935,-0.18782532,-0.32235795
188.638,3.8172,20.2692,1.1896,4.0,20.0,1.399999976158142,0.29492465,0.16873801,0.48557678,0.48557678,-0.1621399,-0.30152276,0.29492465,0.16873801,0.48557678,0.48557678,-0.1621399,-0.30152276
188.687,3.8200,20.2581,1.1936,4.0,20.0,1.399999976158142,0.3042385,0.18148504,0.4981393,0.4981393,-0.1741114,-0.31161216,0.3042385,0.18148504,0.4981393,0.4981393,-0.1741114,-0.31161216
188.738,3.8212,20.2535,1.1953,4.0,20.0,1.399999976158142,0.28394544,0.15527147,0.47708496,0.47708496,-0.14864406,-0.29057285,0.28394544,0.15527147,0.47708496,0.47708496,-0.14864406,-0.29057285
188.789,3.8240,20.2430,1.1988,4.0,20.0,1.399999976158142,0.29503837,0.1695941,0.49048883,0.49048883,-0.16237636,-0.3022561,0.29503837,0.1695941,0.49048883,0.49048883,-0.16237636,-0.3022561
188.838,3.8252,20.2386,1.2002,4.0,20.0,1.399999976158142,0.27458495,0.1441579,0.47175404,0.47175404,-0.13748865,-0.2812542,0.27458495,0.1441579,0.47175404,0.47175404,-0.13748865,-0.2812542
188.887,3.8280,20.2287,1.2031,4.0,20.0,1.399999976158142,0.2853478,0.15743901,0.48353574,0.48353574,-0.15038387,-0.29240292,0.2853478,0.15743901,0.48353574,0.48353574,-0.15038387,-0.29240292
188.938,3.8292,20.2246,1.2043,4.0,20.0,1.399999976158142,0.26561,0.13368772,0.46795106,0.46795106,-0.12707199,-0.27222574,0.26561,0.13368772,0.46795106,0.46795106,-0.12707199,-0.27222574
188.988,3.8320,20.2151,1.2068,4.0,20.0,1.399999976158142,0.27606377,0.14610147,0.47822064,0.47822064,-0.13921097,-0.28295428,0.27606377,0.14610147,0.47822064,0.47822064,-0.13921097,-0.28295428
189.038,3.8332,20.2112,1.2077,4.0,20.0,1.399999976158142,0.25698736,0.12378116,0.46557498,0.46557498,-0.11731579,-0.2634527,0.25698736,0.12378116,0.46557498,0.46557498,-0.11731579,-0.2634527
189.088,3.8360,20.2022,1.2097,4.0,20.0,1.399999976158142,0.26697895,0.13526826,0.47429356,0.47429356,-0.12857679,-0.2736704,0.26697895,0.13526826,0.47429356,0.47429356,-0.12857679,-0.2736704
189.138,3.8373,20.1984,1.2105,4.0,20.0,1.399999976158142,0.24858388,0.11426055,0.46444094,0.46444094,-0.10804325,-0.25480118,0.24858388,0.11426055,0.46444094,0.46444094,-0.10804325,-0.25480118
189.188,3.8385,20.1947,1.2112,4.0,20.0,1.399999976158142,0.25811246,0.1249179,0.47171742,0.47171742,-0.11847677,-0.26455358,0.25811246,0.1249179,0.47171742,0.47171742,-0.11847677,-0.26455358
189.238,3.8413,20.1862,1.2127,4.0,20.0,1.399999976158142,0.2556874,0.12199203,0.47165617,0.47165617,-0.11563549,-0.26204392,0.2556874,0.12199203,0.47165617,0.47165617,-0.11563549,-0.26204392
189.287,3.8441,20.1780,1.2138,4.0,20.0,1.399999976158142,0.23779555,0.1021164,0.46495187,0.46495187,-0.09637385,-0.2435381,0.23779555,0.1021164,0.46495187,0.46495187,-0.09637385,-0.2435381
189.338,3.8454,20.1745,1.2142,4.0,20.0,1.399999976158142,0.23182459,0.095678896,0.46531644,0.46531644,-0.09025511,-0.23724838,0.23182459,0.095678896,0.46531644,0.46531644,-0.09025511,-0.23724838
189.387,3.8484,20.1663,1.2155,4.0,20.0,1.399999976158142,0.5990795,0.27561152,1.0,1.0,-0.25637794,-0.6183131,0.5990795,0.27561152,1.0,1.0,-0.25637794,-0.6183131
189.437,3.8499,20.1627,1.2165,4.0,20.0,1.399999976158142,0.21178213,0.08009462,0.43848377,0.43848377,-0.0756304,-0.21624635,0.21178213,0.08009462,0.43848377,0.43848377,-0.0756304,-0.21624635
189.487,3.8534,20.1545,1.2185,4.0,20.0,1.399999976158142,0.22027288,0.089292355,0.43972778,0.43972778,-0.08462488,-0.22494037,0.22027288,0.089292355,0.43972778,0.43972778,-0.08462488,-0.22494037
189.537,3.8549,20.1510,1.2193,4.0,20.0,1.399999976158142,0.20140041,0.070230566,0.4295638,0.4295638,-0.06725557,-0.2043754,0.20140041,0.070230566,0.4295638,0.4295638,-0.06725557,-0.2043754
189.587,3.8582,20.1433,1.2208,4.0,20.0,1.399999976158142,0.21122134,0.08006617,0.43719363,0.43719363,-0.07613406,-0.21515346,0.21122134,0.08006617,0.43719363,0.43719363,-0.07613406,-0.21515346
189.637,3.8597,20.1400,1.2213,4.0,20.0,1.399999976158142,0.19327706,0.062272444,0.4304808,0.4304808,-0.059918877,-0.19563062,0.19327706,0.062272444,0.4304808,0.4304808,-0.059918877,-0.19563062
189.687,3.8629,20.1326,1.2222,4.0,20.0,1.399999976158142,0.20256747,0.07137522,0.43647796,0.43647796,-0.0681342,-0.20580849,0.20256747,0.07137522,0.43647796,0.43647796,-0.0681342,-0.20580849
189.748,3.8643,20.1295,1.2225,4.0,20.0,1.399999976158142,0.185175,0.054406933,0.4327216,0.4327216,-0.052718185,-0.18686375,0.185175,0.054406933,0.4327216,0.4327216,-0.052718185,-0.18686375
189.797,3.8675,20.1224,1.2230,4.0,20.0,1.399999976158142,0.19420424,0.063087456,0.43726352,0.43726352,-0.06054009,-0.19675161,0.19420424,0.063087456,0.43726352,0.43726352,-0.06054009,-0.19675161
189.848,3.8689,20.1194,1.2231,4.0,20.0,1.399999976158142,0.17746541,0.046974827,0.4363083,0.4363083,-0.045976747,-0.17846349,0.17746541,0.046974827,0.4363083,0.4363083,-0.045976747,-0.17846349
189.897,3.8721,20.1126,1.2231,4.0,20.0,1.399999976158142,0.18613698,0.055176027,0.43945375,0.43945375,-0.053336885,-0.1879761,0.18613698,0.055176027,0.43945375,0.43945375,-0.053336885,-0.1879761
189.948,3.8734,20.1098,1.2230,4.0,20.0,1.399999976158142,0.16975781,0.039583012,0.44104356,0.44104356,-0.03934536,-0.16999546,0.16975781,0.039583012,0.44104356,0.44104356,-0.03934536,-0.16999546
189.988,3.8765,20.1032,1.2226,4.0,20.0,1.399999976158142,0.17825231,0.047512993,0.4429087,0.4429087,-0.046415668,-0.17934965,0.17825231,0.047512993,0.4429087,0.4429087,-0.046415668,-0.17934965
190.038,3.8778,20.1005,1.2223,4.0,20.0,1.399999976158142,0.16249178,0.032631263,0.44684455,0.44684455,-0.033184275,-0.16193877,0.16249178,0.032631263,0.44684455,0.44684455,-0.033184275,-0.16193877
190.088,3.8791,20.0978,1.2220,4.0,20.0,1.399999976158142,0.17051843,0.0400374,0.44754472,0.44754472,-0.03973634,-0.17081949,0.17051843,0.0400374,0.44754472,0.44754472,-0.03973634,-0.17081949
190.137,3.8821,20.0915,1.2212,4.0,20.0,1.399999976158142,0.16837871,0.037867084,0.44956675,0.44956675,-0.037826702,-0.16841911,0.16837871,0.037867084,0.44956675,0.44956675,-0.037826702,-0.16841911
190.187,3.8851,20.0854,1.2201,4.0,20.0,1.399999976158142,0.15323891,0.02358665,0.45621166,0.45621166,-0.02540066,-0.1514249,0.15323891,0.02358665,0.45621166,0.45621166,-0.02540066,-0.1514249
190.248,3.8864,20.0828,1.2195,4.0,20.0,1.399999976158142,0.14812358,0.018642552,0.4612135,0.4612135,-0.021283424,-0.1454827,0.14812358,0.018642552,0.4612135,0.4612135,-0.021283424,-0.1454827
190.298,3.8894,20.0769,1.2182,4.0,20.0,1.399999976158142,0.15584978,0.025716616,0.4598152,0.4598152,-0.027354125,-0.15421228,0.15584978,0.025716616,0.4598152,0.4598152,-0.027354125,-0.15421228
190.348,3.8906,20.0744,1.2175,4.0,20.0,1.399999976158142,0.14155516,0.0120115755,0.4693734,0.4693734,-0.01595,-0.13761674,0.14155516,0.0120115755,0.4693734,0.4693734,-0.01595,-0.13761674
190.388,3.8936,20.0687,1.2165,4.0,20.0,1.399999976158142,0.38128293,0.05873268,1.0,1.0,-0.06382607,-0.37618953,0.38128293,0.05873268,1.0,1.0,-0.06382607,-0.37618953
190.437,3.8949,20.0661,1.2165,4.0,20.0,1.399999976158142,0.12751576,0.0030510318,0.45161316,0.45161316,-0.008485033,-0.12208176,0.12751576,0.0030510318,0.45161316,0.45161316,-0.008485033,-0.12208176
190.488,3.8981,20.0604,1.2163,4.0,20.0,1.399999976158142,0.13424034,0.009550019,0.44596195,0.44596195,-0.013712071,-0.13007829,0.13424034,0.009550019,0.44596195,0.44596195,-0.013712071,-0.13007829
190.538,3.8994,20.0580,1.2162,4.0,20.0,1.399999976158142,0.11979785,-0.0037740914,0.4482244,0.4482244,-0.0031254992,-0.11289825,0.11979785,-0.0037740914,0.4482244,0.4482244,-0.0031254992,-0.11289825
190.588,3.9024,20.0524,1.2157,4.0,20.0,1.399999976158142,0.12714903,0.0028981878,0.44967288,0.44967288,-0.008329191,-0.12171803,0.12714903,0.0028981878,0.44967288,0.44967288,-0.008329191,-0.12171803
190.638,3.9037,20.0501,1.2154,4.0,20.0,1.399999976158142,0.113370076,-0.009908183,0.45424068,0.45424068,0.001631232,-0.10509313,0.113370076,-0.009908183,0.45424068,0.45424068,0.001631232,-0.10509313
190.688,3.9066,20.0448,1.2146,4.0,20.0,1.399999976158142,0.12041891,-0.0035150284,0.45463288,0.45463288,-0.0032691245,-0.113634765,0.12041891,-0.0035150284,0.45463288,0.45463288,-0.0032691245,-0.113634765
190.737,3.9078,20.0426,1.2141,4.0,20.0,1.399999976158142,0.10723191,-0.015919173,0.4611587,0.4611587,0.006121487,-0.09743422,0.10723191,-0.015919173,0.4611587,0.4611587,0.006121487,-0.09743422
190.788,3.9107,20.0376,1.2130,4.0,20.0,1.399999976158142,0.11396214,-0.009755205,0.46055263,0.46055263,0.0015239026,-0.10573085,0.11396214,-0.009755205,0.46055263,0.46055263,0.0015239026,-0.10573085
190.838,3.9118,20.0355,1.2124,4.0,20.0,1.399999976158142,0.101359054,-0.021775702,0.4687971,0.4687971,0.010354791,-0.08993814,0.101359054,-0.021775702,0.4687971,0.4687971,0.010354791,-0.08993814
190.888,3.9146,20.0306,1.2111,4.0,20.0,1.399999976158142,0.10783715,-0.01575556,0.46727288,0.46727288,0.0060108695,-0.09809246,0.10783715,-0.01575556,0.46727288,0.46727288,0.0060108695,-0.09809246
190.938,3.9157,20.0286,1.2104,4.0,20.0,1.399999976158142,0.095925614,-0.027293157,0.4769242,0.4769242,0.014215646,-0.0828481,0.095925614,-0.027293157,0.4769242,0.4769242,0.014215646,-0.0828481
190.987,3.9168,20.0266,1.2097,4.0,20.0,1.399999976158142,0.10203268,-0.021528427,0.47466,0.47466,0.010203965,-0.09070822,0.10203268,-0.021528427,0.47466,0.47466,0.010203965,-0.09070822
191.037,3.9194,20.0221,1.2081,4.0,20.0,1.399999976158142,0.10043348,-0.023218814,0.47742558,0.47742558,0.011411752,-0.088626415,0.10043348,-0.023218814,0.47742558,0.47742558,0.011411752,-0.088626415
191.088,3.9219,20.0178,1.2063,4.0,20.0,1.399999976158142,0.089395925,-0.034132704,0.4885303,0.4885303,0.018830946,-0.07409417,0.089395925,-0.034132704,0.4885303,0.4885303,0.018830946,-0.07409417
191.138,3.9230,20.0160,1.2055,4.0,20.0,1.399999976158142,0.085986525,-0.0376097,0.49424234,0.49424234,0.021110166,-0.06948699,0.085986525,-0.0376097,0.49424234,0.49424234,0.021110166,-0.06948699
191.188,3.9254,20.0119,1.2037,4.0,20.0,1.399999976158142,0.091344684,-0.032369155,0.49087083,0.49087083,0.017755097,-0.07673063,0.091344684,-0.032369155,0.49087083,0.49087083,0.017755097,-0.07673063
191.238,3.9264,20.0102,1.2029,4.0,20.0,1.399999976158142,0.08140481,-0.0424291,0.5030718,0.5030718,0.024212867,-0.06318858,0.08140481,-0.0424291,0.5030718,0.5030718,0.024212867,-0.06318858
191.287,3.9287,20.0063,1.2009,4.0,20.0,1.399999976158142,0.08647895,-0.037389547,0.49935612,0.49935612,0.021115337,-0.070204735,0.08647895,-0.037389547,0.49935612,0.49935612,0.021115337,-0.070204735
191.337,3.9296,20.0047,1.2001,4.0,20.0,1.399999976158142,0.077097185,-0.047005225,0.51193464,0.51193464,0.027078064,-0.057170022,0.077097185,-0.047005225,0.51193464,0.51193464,0.027078064,-0.057170022
191.387,3.9318,20.0010,1.1987,4.0,20.0,1.399999976158142,0.19703594,-0.09213301,1.0,1.0,0.045274768,-0.1501777,0.19703594,-0.09213301,1.0,1.0,0.045274768,-0.1501777
191.439,3.9328,19.9994,1.1985,4.0,20.0,1.399999976158142,0.06880502,-0.051240604,0.49322295,0.49322295,0.029623438,-0.04718785,0.06880502,-0.051240604,0.49322295,0.49322295,0.029623438,-0.04718785
191.487,3.9350,19.9957,1.1981,4.0,20.0,1.399999976158142,0.07322626,-0.046652682,0.4865973,0.4865973,0.027085474,-0.053659048,0.07322626,-0.046652682,0.4865973,0.4865973,0.027085474,-0.053659048
191.537,3.9360,19.9942,1.1979,4.0,20.0,1.399999976158142,0.06368278,-0.056258984,0.49038532,0.49038532,0.032866485,-0.04029028,0.06368278,-0.056258984,0.49038532,0.49038532,0.032866485,-0.04029028
191.587,3.9381,19.9907,1.1973,4.0,20.0,1.399999976158142,0.06855198,-0.051359646,0.49082875,0.49082875,0.030130181,-0.04732252,0.06855198,-0.051359646,0.49082875,0.49082875,0.030130181,-0.04732252
191.637,3.9390,19.9892,1.1970,4.0,20.0,1.399999976158142,0.059943914,-0.06002259,0.49585578,0.49585578,0.035251584,-0.035172906,0.059943914,-0.06002259,0.49585578,0.49585578,0.035251584,-0.035172906
191.687,3.9411,19.9859,1.1962,4.0,20.0,1.399999976158142,0.06425131,-0.055706907,0.49579448,0.49579448,0.03290029,-0.041444693,0.06425131,-0.055706907,0.49579448,0.49579448,0.03290029,-0.041444693
191.737,3.9419,19.9846,1.1959,4.0,20.0,1.399999976158142,0.056043454,-0.063985154,0.50186366,0.50186366,0.03767195,-0.029730244,0.056043454,-0.063985154,0.50186366,0.50186366,0.03767195,-0.029730244
191.788,3.9439,19.9814,1.1949,4.0,20.0,1.399999976158142,0.060142905,-0.05987646,0.50124234,0.50124234,0.035496633,-0.035763077,0.060142905,-0.05987646,0.50124234,0.50124234,0.035496633,-0.035763077
191.837,3.9447,19.9801,1.1945,4.0,20.0,1.399999976158142,0.05247421,-0.067645505,0.50808895,0.50808895,0.03984499,-0.024673693,0.05247421,-0.067645505,0.50808895,0.50808895,0.03984499,-0.024673693
191.888,3.9466,19.9772,1.1935,4.0,20.0,1.399999976158142,0.05626654,-0.06383499,0.5070647,0.5070647,0.037899796,-0.03033135,0.05626654,-0.06383499,0.5070647,0.5070647,0.037899796,-0.03033135
191.938,3.9474,19.9760,1.1930,4.0,20.0,1.399999976158142,0.04901445,-0.071231455,0.51454943,0.51454943,0.04189421,-0.019677203,0.04901445,-0.071231455,0.51454943,0.51454943,0.04189421,-0.019677203
191.988,3.9492,19.9732,1.1919,4.0,20.0,1.399999976158142,0.052662395,-0.067545764,0.5131164,0.5131164,0.040091682,-0.025208313,0.052662395,-0.067545764,0.5131164,0.5131164,0.040091682,-0.025208313
192.037,3.9499,19.9720,1.1914,4.0,20.0,1.399999976158142,0.045805432,-0.074594595,0.52106035,0.52106035,0.043748606,-0.014959444,0.045805432,-0.074594595,0.52106035,0.52106035,0.043748606,-0.014959444
192.089,3.9516,19.9695,1.1902,4.0,20.0,1.399999976158142,0.049216334,-0.07112185,0.5193634,0.5193634,0.04213371,-0.020228202,0.049216334,-0.07112185,0.5193634,0.5193634,0.04213371,-0.020228202
192.138,3.9523,19.9684,1.1897,4.0,20.0,1.399999976158142,0.043031838,-0.077539384,0.5273287,0.5273287,0.045326553,-0.010819005,0.043031838,-0.077539384,0.5273287,0.5273287,0.045326553,-0.010819005
192.187,3.9540,19.9660,1.1885,4.0,20.0,1.399999976158142,0.045940254,-0.07455378,0.52573043,0.52573043,0.044023406,-0.015409878,0.045940254,-0.07455378,0.52573043,0.52573043,0.044023406,-0.015409878
192.237,3.9546,19.9649,1.1880,4.0,20.0,1.399999976158142,0.04002297,-0.0807459,0.5338589,0.5338589,0.04695287,-0.0062299417,0.04002297,-0.0807459,0.5338589,0.5338589,0.04695287,-0.0062299417
192.298,3.9562,19.9627,1.1868,4.0,20.0,1.399999976158142,0.043004356,-0.07765182,0.5319037,0.5319037,0.045684434,-0.011036971,0.043004356,-0.07765182,0.5319037,0.5319037,0.045684434,-0.011036971
192.337,3.9568,19.9617,1.1864,4.0,20.0,1.399999976158142,0.037391815,-0.083576314,0.54001397,0.54001397,0.0483429,-0.0021583969,0.037391815,-0.083576314,0.54001397,0.54001397,0.0483429,-0.0021583969
192.388,3.9583,19.9596,1.1857,4.0,20.0,1.399999976158142,0.098464705,-0.1753633,1.0,1.0,0.088555135,-0.011656539,0.098464705,-0.1753633,1.0,1.0,0.088555135,-0.011656539
192.437,3.9590,19.9587,1.1859,4.0,20.0,1.399999976158142,0.032951985,-0.08441586,0.51663303,0.51663303,0.04799468,0.003469199,0.032951985,-0.08441586,0.51663303,0.51663303,0.04799468,0.003469199
192.487,3.9605,19.9566,1.1863,4.0,20.0,1.399999976158142,0.035378695,-0.081679784,0.51233643,0.51233643,0.047144502,-0.0008434128,0.035378695,-0.081679784,0.51233643,0.51233643,0.047144502,-0.0008434128
192.538,3.9611,19.9557,1.1865,4.0,20.0,1.399999976158142,0.02986419,-0.0868434,0.5114569,0.5114569,0.049662746,0.0073164674,0.02986419,-0.0868434,0.5114569,0.5114569,0.049662746,0.0073164674
192.587,3.9625,19.9538,1.1867,4.0,20.0,1.399999976158142,0.032566983,-0.08430983,0.5141284,0.5141284,0.048636984,0.0031058681,0.032566983,-0.08430983,0.5141284,0.5141284,0.048636984,0.0031058681
192.638,3.9631,19.9530,1.1867,4.0,20.0,1.399999976158142,0.027371401,-0.08910688,0.51435816,0.51435816,0.05090614,0.01082934,0.027371401,-0.08910688,0.51435816,0.51435816,0.05090614,0.01082934
192.688,3.9637,19.9522,1.1868,4.0,20.0,1.399999976158142,0.029917562,-0.08677012,0.5165427,0.5165427,0.05000192,0.0068506394,0.029917562,-0.08677012,0.5165427,0.5165427,0.05000192,0.0068506394
192.737,3.9650,19.9504,1.1868,4.0,20.0,1.399999976158142,0.029138409,-0.08754108,0.51785964,0.51785964,0.05044929,0.007953383,0.029138409,-0.08754108,0.51785964,0.51785964,0.05044929,0.007953383
192.798,3.9663,19.9487,1.1867,4.0,20.0,1.399999976158142,0.024307344,-0.09193648,0.5192212,0.5192212,0.052431963,0.01519717,0.024307344,-0.09193648,0.5192212,0.5192212,0.052431963,0.01519717
192.848,3.9669,19.9480,1.1867,4.0,20.0,1.399999976158142,0.022681512,-0.09333765,0.52124345,0.52124345,0.05312983,0.017526304,0.022681512,-0.09333765,0.52124345,0.52124345,0.05312983,0.017526304
192.897,3.9681,19.9464,1.1865,4.0,20.0,1.399999976158142,0.02495006,-0.09130657,0.522549,0.522549,0.05244574,0.0139107695,0.02495006,-0.09130657,0.522549,0.522549,0.05244574,0.0139107695
192.948,3.9686,19.9457,1.1864,4.0,20.0,1.399999976158142,0.020467535,-0.09525807,0.5250565,0.5250565,0.05414014,0.0206504,0.020467535,-0.09525807,0.5250565,0.5250565,0.05414014,0.0206504
192.997,3.9699,19.9442,1.1861,4.0,20.0,1.399999976158142,0.022621188,-0.0933886,0.526016,0.526016,0.05353794,0.017229475,0.022621188,-0.0933886,0.526016,0.526016,0.05353794,0.017229475
193.048,3.9704,19.9436,1.1860,4.0,20.0,1.399999976158142,0.018341796,-0.0970974,0.52901995,0.52901995,0.05506519,0.02369041,0.018341796,-0.0970974,0.52901995,0.52901995,0.05506519,0.02369041
193.098,3.9715,19.9422,1.1856,4.0,20.0,1.399999976158142,0.020407462,-0.09533845,0.52969193,0.52969193,0.05454138,0.020389605,0.020407462,-0.09533845,0.52969193,0.52969193,0.05454138,0.020389605
193.148,3.9720,19.9416,1.1855,4.0,20.0,1.399999976158142,0.016328942,-0.09880294,0.5330632,0.5330632,0.05590967,0.026564326,0.016328942,-0.09880294,0.5330632,0.5330632,0.05590967,0.026564326
193.198,3.9731,19.9403,1.1851,4.0,20.0,1.399999976158142,0.018283822,-0.09717321,0.53351045,0.53351045,0.05546822,0.023421168,0.018283822,-0.09717321,0.53351045,0.53351045,0.05546822,0.023421168
193.248,3.9736,19.9398,1.1849,4.0,20.0,1.399999976158142,0.01443391,-0.10036445,0.537108,0.537108,0.056680195,0.029250344,0.01443391,-0.10036445,0.537108,0.537108,0.056680195,0.029250344
193.287,3.9747,19.9386,1.1845,4.0,20.0,1.399999976158142,0.016265223,-0.09887856,0.5374093,0.5374093,0.05632041,0.02629293,0.016265223,-0.09887856,0.5374093,0.5374093,0.05632041,0.02629293
193.337,3.9751,19.9381,1.1843,4.0,20.0,1.399999976158142,0.012600959,-0.10182768,0.54112136,0.54112136,0.057397787,0.03182894,0.012600959,-0.10182768,0.54112136,0.54112136,0.057397787,0.03182894
193.389,3.9762,19.9369,1.1844,4.0,20.0,1.399999976158142,0.045451593,-0.22080562,1.0,1.0,0.10608128,0.06927274,0.045451593,-0.22080562,1.0,1.0,0.10608128,0.06927274
193.438,3.9766,19.9364,1.1849,4.0,20.0,1.399999976158142,0.01030851,-0.100242786,0.5150162,0.5150162,0.055735584,0.034198694,0.01030851,-0.100242786,0.5150162,0.5150162,0.055735584,0.034198694
193.488,3.9771,19.9360,1.1854,4.0,20.0,1.399999976158142,0.011574175,-0.09898375,0.5126047,0.5126047,0.05569698,0.03171259,0.011574175,-0.09898375,0.5126047,0.5126047,0.05569698,0.03171259
193.538,3.9781,19.9349,1.1864,4.0,20.0,1.399999976158142,0.011020011,-0.09933613,0.51311594,0.51311594,0.056001216,0.032314908,0.011020011,-0.09933613,0.51311594,0.51311594,0.056001216,0.032314908
193.587,3.9790,19.9340,1.1872,4.0,20.0,1.399999976158142,0.0071803527,-0.10118516,0.5089348,0.5089348,0.05725117,0.036753636,0.0071803527,-0.10118516,0.5089348,0.5089348,0.05725117,0.036753636
193.637,3.9794,19.9336,1.1875,4.0,20.0,1.399999976158142,0.0061029857,-0.101691194,0.5095427,0.5095427,0.05758101,0.038007192,0.0061029857,-0.101691194,0.5095427,0.5095427,0.05758101,0.038007192
193.688,3.9803,19.9328,1.1881,4.0,20.0,1.399999976158142,0.007868284,-0.10098914,0.5134315,0.5134315,0.057217848,0.03590301,0.007868284,-0.10098914,0.5134315,0.5134315,0.057217848,0.03590301
193.738,3.9807,19.9325,1.1883,4.0,20.0,1.399999976158142,0.0046351813,-0.10238529,0.51167625,0.51167625,0.05810847,0.039641637,0.0046351813,-0.10238529,0.51167625,0.51167625,0.05810847,0.039641637
193.787,3.9816,19.9317,1.1887,4.0,20.0,1.399999976158142,0.0061816373,-0.101847135,0.51481724,0.51481724,0.057857636,0.037807863,0.0061816373,-0.101847135,0.51481724,0.51481724,0.057857636,0.037807863
193.848,3.9819,19.9314,1.1888,4.0,20.0,1.399999976158142,0.0030407712,-0.10309831,0.5139684,0.5139684,0.058621317,0.04143622,0.0030407712,-0.10309831,0.5139684,0.5139684,0.058621317,0.04143622
193.898,3.9827,19.9308,1.1890,4.0,20.0,1.399999976158142,0.0045993538,-0.10261163,0.5166702,0.5166702,0.05842509,0.03958719,0.0045993538,-0.10261163,0.5166702,0.5166702,0.05842509,0.03958719
193.948,3.9830,19.9305,1.1891,4.0,20.0,1.399999976158142,0.0017010854,-0.10367679,0.5168227,0.5168227,0.059059545,0.042916156,0.0017010854,-0.10367679,0.5168227,0.5168227,0.059059545,0.042916156
193.997,3.9838,19.9299,1.1892,4.0,20.0,1.399999976158142,0.0030914163,-0.10330622,0.518982,0.518982,0.05894422,0.041270584,0.0030914163,-0.10330622,0.518982,0.518982,0.05894422,0.041270584
194.042,3.9841,19.9297,1.1892,4.0,20.0,1.399999976158142,0.00034803044,-0.10423096,0.5199357,0.5199357,0.05948058,0.044402346,0.00034803044,-0.10423096,0.5199357,0.5199357,0.05948058,0.044402346
194.087,3.9849,19.9291,1.1891,4.0,20.0,1.399999976158142,0.0017288445,-0.103927605,0.521765,0.521765,0.05942127,0.04277749,0.0017288445,-0.103927605,0.521765,0.521765,0.05942127,0.04277749
194.138,3.9852,19.9289,1.1891,4.0,20.0,1.399999976158142,-0.0012276853,-0.10481303,0.52330154,0.52330154,0.05991083,0.046129886,-0.0012276853,-0.10481303,0.52330154,0.52330154,0.05991083,0.046129886
194.187,3.9859,19.9284,1.1890,4.0,20.0,1.399999976158142,0.00023462443,-0.10452421,0.5246429,0.5246429,0.05986578,0.044423804,0.00023462443,-0.10452421,0.5246429,0.5246429,0.05986578,0.044423804
194.238,3.9862,19.9282,1.1889,4.0,20.0,1.399999976158142,-0.0022786774,-0.10521351,0.5268049,0.5268049,0.0602607,0.047231488,-0.0022786774,-0.10521351,0.5268049,0.5268049,0.0602607,0.047231488
194.288,3.9869,19.9277,1.1887,4.0,20.0,1.399999976158142,-0.0011083313,-0.10504641,0.5278658,0.5278658,0.06027774,0.045876995,-0.0011083313,-0.10504641,0.5278658,0.5278658,0.06027774,0.045876995
194.348,3.9872,19.9275,1.1886,4.0,20.0,1.399999976158142,-0.0034954578,-0.10562004,0.530444,0.530444,0.060612842,0.048502654,-0.0034954578,-0.10562004,0.530444,0.530444,0.060612842,0.048502654
194.398,3.9875,19.9274,1.1885,4.0,20.0,1.399999976158142,0.010649703,-0.23881102,1.0,1.0,0.115371235,0.11279008,0.010649703,-0.23881102,1.0,1.0,0.115371235,0.11279008
194.448,3.9882,19.9269,1.1894,4.0,20.0,1.399999976158142,-0.0021936514,-0.10275645,0.5073648,0.5073648,0.05788812,0.047061976,-0.0021936514,-0.10275645,0.5073648,0.5073648,0.05788812,0.047061976
194.498,3.9888,19.9266,1.1906,4.0,20.0,1.399999976158142,-0.005577731,-0.10220806,0.5000286,0.5000286,0.05911999,0.048665803,-0.005577731,-0.10220806,0.5000286,0.5000286,0.05911999,0.048665803
194.548,3.9888,19.9266,1.1906,4.0,20.0,1.399999976158142,-0.006743595,-0.10187702,0.49714828,0.49714828,0.05962442,0.048996195,-0.006743595,-0.10187702,0.49714828,0.49714828,0.05962442,0.048996195
194.598,3.9888,19.9266,1.1906,4.0,20.0,1.399999976158142,-0.0033955995,-0.102750726,0.50587,0.50587,0.058792952,0.047353376,-0.0033955995,-0.102750726,0.50587,0.50587,0.058792952,0.047353376
194.648,3.9888,19.9266,1.1906,4.0,20.0,1.399999976158142,-0.0034427454,-0.10290077,0.5071244,0.5071244,0.058943,0.04740052,-0.0034427454,-0.10290077,0.5071244,0.5071244,0.058943,0.04740052
194.698,3.9888,19.9266,1.1906,4.0,20.0,1.399999976158142,-0.0034900967,-0.103051476,0.50838435,0.50838435,0.0590937,0.04744787,-0.0034900967,-0.103051476,0.50838435,0.50838435,0.0590937,0.04744787
194.748,3.9888,19.9266,1.1906,4.0,20.0,1.399999976158142,-0.0035371804,-0.10320132,0.5096371,0.5096371,0.059243545,0.047494955,-0.0035371804,-0.10320132,0.5096371,0.5096371,0.059243545,0.047494955
194.798,3.9888,19.9266,1.1906,4.0,20.0,1.399999976158142,-0.0035845889,-0.103352204,0.5108986,0.5108986,0.059394427,0.047542363,-0.0035845889,-0.103352204,0.5108986,0.5108986,0.059394427,0.047542363
194.838,3.9888,19.9266,1.1906,4.0,20.0,1.399999976158142,-0.0036317112,-0.10350217,0.5121524,0.5121524,0.059544396,0.047589485,-0.0036317112,-0.10350217,0.5121524,0.5121524,0.059544396,0.047589485
194.886,3.9888,19.9266,1.1906,4.0,20.0,1.399999976158142,-0.0036317112,-0.10350217,0.5121524,0.5121524,0.059544396,0.047589485,-0.0036317112,-0.10350217,0.5121524,0.5121524,0.059544396,0.047589485
194.936,3.9888,19.9266,1.1906,4.0,20.0,1.399999976158142,-0.0036795377,-0.103654385,0.51342493,0.51342493,0.059696607,0.047637314,-0.0036795377,-0.103654385,0.51342493,0.51342493,0.059696607,0.047637314
194.985,3.9888,19.9266,1.1906,4.0,20.0,1.399999976158142,-0.0037261702,-0.10380279,0.5146657,0.5146657,0.05984502,0.047683943,-0.0037261702,-0.10380279,0.5146657,0.5146657,0.05984502,0.047683943
195.036,3.9888,19.9266,1.1906,4.0,20.0,1.399999976158142,-0.0037735512,-0.103953585,0.5159264,0.5159264,0.059995815,0.047731325,-0.0037735512,-0.103953585,0.5159264,0.5159264,0.059995815,0.047731325
195.086,3.9888,19.9266,1.1906,4.0,20.0,1.399999976158142,-0.0038208712,-0.10410419,0.5171855,0.5171855,0.060146414,0.047778647,-0.0038208712,-0.10410419,0.5171855,0.5171855,0.060146414,0.047778647
195.135,3.9888,19.9266,1.1906,4.0,20.0,1.399999976158142,-0.0038680432,-0.10425431,0.51844066,0.51844066,0.06029654,0.047825817,-0.0038680432,-0.10425431,0.51844066,0.51844066,0.06029654,0.047825817
195.185,3.9888,19.9266,1.1906,4.0,20.0,1.399999976158142,-0.0039151115,-0.104404114,0.519693,0.519693,0.06044634,0.047872886,-0.0039151115,-0.104404114,0.519693,0.519693,0.06044634,0.047872886
195.236,3.9888,19.9266,1.1906,4.0,20.0,1.399999976158142,-0.003962352,-0.10455446,0.52094996,0.52094996,0.060596686,0.047920126,-0.003962352,-0.10455446,0.52094996,0.52094996,0.060596686,0.047920126
195.285,3.9888,19.9266,1.1906,4.0,20.0,1.399999976158142,-0.0040095733,-0.104704745,0.5222064,0.5222064,0.06074697,0.04796735,-0.0040095733,-0.104704745,0.5222064,0.5222064,0.06074697,0.04796735
195.336,3.9888,19.9266,1.1906,4.0,20.0,1.399999976158142,-0.0040567787,-0.10485498,0.5234625,0.5234625,0.060897205,0.048014555,-0.0040567787,-0.10485498,0.5234625,0.5234625,0.060897205,0.048014555
195.388,3.9888,19.9266,1.1906,4.0,20.0,1.399999976158142,0.0049551884,-0.24039577,1.0,1.0,0.11790373,0.11753684,0.0049551884,-0.24039577,1.0,1.0,0.11790373,0.11753684
195.438,3.9888,19.9266,1.1906,4.0,20.0,1.399999976158142,-0.0032588246,-0.10229978,0.5020772,0.5020772,0.058342006,0.047216598,-0.0032588246,-0.10229978,0.5020772,0.5020772,0.058342006,0.047216598
195.488,3.9956,19.9247,1.1948,4.0,20.0,1.399999976158142,-0.0033061085,-0.10245027,0.5033353,0.5033353,0.058492493,0.047263883,-0.0033061085,-0.10245027,0.5033353,0.5033353,0.058492493,0.047263883
195.538,3.9958,19.9247,1.1952,4.0,20.0,1.399999976158142,-0.04325396,-0.08786869,0.46823245,0.46823245,0.06200462,0.06911804,-0.04325396,-0.08786869,0.46823245,0.46823245,0.06200462,0.06911804
195.588,3.9961,19.9247,1.1959,4.0,20.0,1.399999976158142,-0.014240261,-0.09855548,0.4930656,0.4930656,0.059537526,0.053258214,-0.014240261,-0.09855548,0.4930656,0.4930656,0.059537526,0.053258214
195.639,3.9963,19.9247,1.1962,4.0,20.0,1.399999976158142,-0.015909292,-0.0975065,0.4904669,0.4904669,0.05985902,0.053556778,-0.015909292,-0.0975065,0.4904669,0.4904669,0.05985902,0.053556778
195.688,3.9966,19.9247,1.1966,4.0,20.0,1.399999976158142,-0.014995502,-0.09836897,0.49437988,0.49437988,0.059769586,0.05359489,-0.014995502,-0.09836897,0.49437988,0.49437988,0.059769586,0.05359489
195.737,3.9968,19.9248,1.1967,4.0,20.0,1.399999976158142,-0.016518783,-0.09735371,0.4932449,0.4932449,0.05994648,0.053926017,-0.016518783,-0.09735371,0.4932449,0.4932449,0.05994648,0.053926017
195.787,3.9971,19.9248,1.1969,4.0,20.0,1.399999976158142,-0.015731396,-0.09815501,0.49625814,0.49625814,0.05997213,0.053914268,-0.015731396,-0.09815501,0.49625814,0.49625814,0.05997213,0.053914268
195.838,3.9972,19.9248,1.1969,4.0,20.0,1.399999976158142,-0.017006943,-0.09728573,0.49677396,0.49677396,0.060052775,0.054239903,-0.017006943,-0.09728573,0.49677396,0.49677396,0.060052775,0.054239903
195.884,3.9972,19.9248,1.1969,4.0,20.0,1.399999976158142,-0.017006943,-0.09728573,0.49677396,0.49677396,0.060052775,0.054239903,-0.017006943,-0.09728573,0.49677396,0.49677396,0.060052775,0.054239903
195.935,3.9975,19.9249,1.1969,4.0,20.0,1.399999976158142,-0.016405858,-0.09797017,0.49889246,0.49889246,0.060164325,0.054211702,-0.016405858,-0.09797017,0.49889246,0.49889246,0.060164325,0.054211702
195.985,3.9976,19.9249,1.1968,4.0,20.0,1.399999976158142,-0.017556988,-0.097167745,0.500671,0.500671,0.060218513,0.05450622,-0.017556988,-0.097167745,0.500671,0.500671,0.060218513,0.05450622
196.036,3.9979,19.9250,1.1966,4.0,20.0,1.399999976158142,-0.017073452,-0.09777572,0.5021169,0.5021169,0.06035703,0.054492146,-0.017073452,-0.09777572,0.5021169,0.5021169,0.06035703,0.054492146
196.085,3.9980,19.9250,1.1965,4.0,20.0,1.399999976158142,-0.018151058,-0.09700699,0.5048765,0.5048765,0.060369078,0.05478897,-0.018151058,-0.09700699,0.5048765,0.5048765,0.060369078,0.05478897
196.136,3.9982,19.9251,1.1961,4.0,20.0,1.399999976158142,-0.017651778,-0.09765719,0.5057776,0.5057776,0.060528472,0.054780494,-0.017651778,-0.09765719,0.5057776,0.5057776,0.060528472,0.054780494
196.185,3.9984,19.9251,1.1959,4.0,20.0,1.399999976158142,-0.018632779,-0.096970536,0.509362,0.509362,0.0604886,0.055114713,-0.018632779,-0.096970536,0.509362,0.509362,0.0604886,0.055114713
196.235,3.9985,19.9251,1.1957,4.0,20.0,1.399999976158142,-0.018186456,-0.09758769,0.5098116,0.5098116,0.060679823,0.055094324,-0.018186456,-0.09758769,0.5098116,0.5098116,0.060679823,0.055094324
196.286,3.9987,19.9252,1.1952,4.0,20.0,1.399999976158142,-0.018388081,-0.09760547,0.5115962,0.5115962,0.060767952,0.055225592,-0.018388081,-0.09760547,0.5115962,0.5115962,0.060767952,0.055225592
196.336,3.9989,19.9253,1.1946,4.0,20.0,1.399999976158142,-0.019234,-0.097050674,0.5159378,0.5159378,0.060674485,0.055610184,-0.019234,-0.097050674,0.5159378,0.5159378,0.060674485,0.055610184
196.386,3.9990,19.9253,1.1944,4.0,20.0,1.399999976158142,-0.019506985,-0.09702365,0.51881576,0.51881576,0.060678992,0.055851646,-0.019506985,-0.09702365,0.51881576,0.51881576,0.060678992,0.055851646
196.437,3.9993,19.9253,1.1943,4.0,20.0,1.399999976158142,-0.029653654,-0.22630069,1.0,1.0,0.121937454,0.13401689,-0.029653654,-0.22630069,1.0,1.0,0.121937454,0.13401689
196.485,3.9994,19.9253,1.1947,4.0,20.0,1.399999976158142,-0.019065825,-0.09382428,0.49446836,0.49446836,0.058216218,0.05467389,-0.019065825,-0.09382428,0.49446836,0.49446836,0.058216218,0.05467389
196.536,3.9996,19.9254,1.1955,4.0,20.0,1.399999976158142,-0.018980842,-0.094095126,0.4915892,0.4915892,0.05865078,0.05442519,-0.018980842,-0.094095126,0.4915892,0.4915892,0.05865078,0.05442519
196.585,3.9997,19.9254,1.1958,4.0,20.0,1.399999976158142,-0.020375064,-0.09302928,0.48831668,0.48831668,0.059096646,0.054307703,-0.020375064,-0.09302928,0.48831668,0.48831668,0.059096646,0.054307703
196.635,4.0000,19.9255,1.1963,4.0,20.0,1.399999976158142,-0.019656736,-0.09386042,0.49235484,0.49235484,0.05895709,0.05456007,-0.019656736,-0.09386042,0.49235484,0.49235484,0.05895709,0.05456007
196.686,4.0001,19.9255,1.1965,4.0,20.0,1.399999976158142,-0.02080516,-0.09295321,0.4909844,0.4909844,0.059209015,0.054549355,-0.02080516,-0.09295321,0.4909844,0.4909844,0.059209015,0.054549355
196.735,4.0003,19.9256,1.1967,4.0,20.0,1.399999976158142,-0.020229649,-0.09369301,0.49412096,0.49412096,0.05918445,0.054738205,-0.020229649,-0.09369301,0.49412096,0.49412096,0.05918445,0.054738205
196.785,4.0004,19.9256,1.1968,4.0,20.0,1.399999976158142,-0.021205854,-0.09289832,0.49430028,0.49430028,0.05931149,0.05479268,-0.021205854,-0.09289832,0.49430028,0.49430028,0.05931149,0.05479268
196.835,4.0006,19.9257,1.1968,4.0,20.0,1.399999976158142,-0.020741362,-0.093566954,0.49662822,0.49662822,0.05937864,0.05492968,-0.020741362,-0.093566954,0.49662822,0.49662822,0.05937864,0.05492968
196.885,4.0006,19.9257,1.1967,4.0,20.0,1.399999976158142,-0.021608269,-0.092847705,0.4981321,0.4981321,0.05943832,0.05501765,-0.021608269,-0.092847705,0.4981321,0.4981321,0.05943832,0.05501765
196.936,4.0008,19.9258,1.1965,4.0,20.0,1.399999976158142,-0.021227373,-0.093458906,0.49974835,0.49974835,0.05955942,0.055126857,-0.021227373,-0.093458906,0.49974835,0.49974835,0.05955942,0.055126857
196.988,4.0011,19.9259,1.1961,4.0,20.0,1.399999976158142,-0.02165065,-0.093415454,0.503365,0.503365,0.059695102,0.055371005,-0.02165065,-0.093415454,0.503365,0.503365,0.059695102,0.055371005
197.038,4.0012,19.9260,1.1959,4.0,20.0,1.399999976158142,-0.022292191,-0.09291183,0.5068656,0.5068656,0.059588656,0.05561537,-0.022292191,-0.09291183,0.5068656,0.5068656,0.059588656,0.05561537
197.088,4.0012,19.9260,1.1957,4.0,20.0,1.399999976158142,-0.022027947,-0.093425855,0.5073772,0.5073772,0.059796423,0.05565738,-0.022027947,-0.093425855,0.5073772,0.5073772,0.059796423,0.05565738
197.138,4.0014,19.9261,1.1952,4.0,20.0,1.399999976158142,-0.022163164,-0.09349335,0.5091371,0.5091371,0.059876405,0.055780113,-0.022163164,-0.09349335,0.5091371,0.5091371,0.059876405,0.055780113
197.188,4.0015,19.9261,1.1949,4.0,20.0,1.399999976158142,-0.022687608,-0.09312823,0.5135272,0.5135272,0.05968519,0.056130648,-0.022687608,-0.09312823,0.5135272,0.5135272,0.05968519,0.056130648
197.237,4.0016,19.9262,1.1943,4.0,20.0,1.399999976158142,-0.022501666,-0.09355752,0.51354957,0.51354957,0.059947405,0.056111787,-0.022501666,-0.09355752,0.51354957,0.51354957,0.059947405,0.056111787
197.287,4.0018,19.9262,1.1937,4.0,20.0,1.399999976158142,-0.022957103,-0.09328494,0.5184318,0.5184318,0.059699636,0.05654241,-0.022957103,-0.09328494,0.5184318,0.5184318,0.059699636,0.05654241
197.339,4.0019,19.9262,1.1934,4.0,20.0,1.399999976158142,-0.023110624,-0.093356065,0.5214151,0.5214151,0.059648283,0.0568184,-0.023110624,-0.093356065,0.5214151,0.5214151,0.059648283,0.0568184
197.387,4.0020,19.9263,1.1932,4.0,20.0,1.399999976158142,-0.0392034,-0.21518557,1.0,1.0,0.12042112,0.13396785,-0.0392034,-0.21518557,1.0,1.0,0.12042112,0.13396785
197.438,4.0021,19.9263,1.1936,4.0,20.0,1.399999976158142,-0.022329414,-0.09044223,0.4972539,0.4972539,0.05711743,0.05565422,-0.022329414,-0.09044223,0.4972539,0.4972539,0.05711743,0.05565422
197.484,4.0021,19.9263,1.1936,4.0,20.0,1.399999976158142,-0.022329414,-0.09044223,0.4972539,0.4972539,0.05711743,0.05565422,-0.022329414,-0.09044223,0.4972539,0.4972539,0.05711743,0.05565422
197.536,4.0023,19.9263,1.1944,4.0,20.0,1.399999976158142,-0.022392316,-0.09061194,0.4941518,0.4941518,0.057616957,0.0553873,-0.022392316,-0.09061194,0.4941518,0.4941518,0.057616957,0.0553873
197.586,4.0024,19.9264,1.1947,4.0,20.0,1.399999976158142,-0.023325335,-0.08996464,0.49116603,0.49116603,0.057787966,0.055502012,-0.023325335,-0.08996464,0.49116603,0.49116603,0.057787966,0.055502012
197.636,4.0026,19.9264,1.1951,4.0,20.0,1.399999976158142,-0.022865443,-0.09057352,0.49520144,0.49520144,0.05782059,0.055618376,-0.022865443,-0.09057352,0.49520144,0.49520144,0.05782059,0.055618376
197.686,4.0027,19.9264,1.1953,4.0,20.0,1.399999976158142,-0.023679001,-0.08995788,0.49366376,0.49366376,0.057819203,0.055817675,-0.023679001,-0.08995788,0.49366376,0.49366376,0.057819203,0.055817675
197.736,4.0028,19.9265,1.1955,4.0,20.0,1.399999976158142,-0.023289716,-0.09053088,0.4968917,0.4968917,0.057941727,0.05587887,-0.023289716,-0.09053088,0.4968917,0.4968917,0.057941727,0.05587887
197.785,4.0029,19.9265,1.1955,4.0,20.0,1.399999976158142,-0.023900505,-0.090075806,0.49718326,0.49718326,0.057842817,0.056133494,-0.023900505,-0.090075806,0.49718326,0.49718326,0.057842817,0.056133494
197.836,4.0031,19.9266,1.1955,4.0,20.0,1.399999976158142,-0.023652153,-0.09054213,0.49942863,0.49942863,0.058035858,0.056158423,-0.023652153,-0.09054213,0.49942863,0.49942863,0.058035858,0.056158423
197.886,4.0031,19.9267,1.1955,4.0,20.0,1.399999976158142,-0.02417364,-0.09014679,0.500976,0.500976,0.057872172,0.056448255,-0.02417364,-0.09014679,0.500976,0.500976,0.057872172,0.056448255
197.936,4.0033,19.9267,1.1953,4.0,20.0,1.399999976158142,-0.023989705,-0.09057253,0.50255257,0.50255257,0.058116168,0.056446068,-0.023989705,-0.09057253,0.50255257,0.50255257,0.058116168,0.056446068
197.985,4.0034,19.9268,1.1952,4.0,20.0,1.399999976158142,-0.024424486,-0.09025415,0.5051391,0.5051391,0.057885908,0.05679273,-0.024424486,-0.09025415,0.5051391,0.5051391,0.057885908,0.05679273
198.038,4.0036,19.9269,1.1947,4.0,20.0,1.399999976158142,-0.02439704,-0.09073255,0.50781363,0.50781363,0.058220893,0.0569087,-0.02439704,-0.09073255,0.50781363,0.50781363,0.058220893,0.0569087
198.087,4.0036,19.9269,1.1945,4.0,20.0,1.399999976158142,-0.024722265,-0.090536945,0.51143056,0.51143056,0.057920963,0.05733825,-0.024722265,-0.090536945,0.51143056,0.51143056,0.057920963,0.05733825
198.137,4.0038,19.9270,1.1940,4.0,20.0,1.399999976158142,-0.024647612,-0.09086699,0.51185817,0.51185817,0.058244936,0.057269666,-0.024647612,-0.09086699,0.51185817,0.51185817,0.058244936,0.057269666
198.187,4.0039,19.9270,1.1934,4.0,20.0,1.399999976158142,-0.02491686,-0.090744555,0.5161098,0.5161098,0.057890862,0.057770554,-0.02491686,-0.090744555,0.5161098,0.5161098,0.057890862,0.057770554
198.237,4.0040,19.9270,1.1932,4.0,20.0,1.399999976158142,-0.025018385,-0.090851344,0.5189666,0.5189666,0.057811737,0.058057994,-0.025018385,-0.090851344,0.5189666,0.5189666,0.057811737,0.058057994
198.287,4.0041,19.9271,1.1926,4.0,20.0,1.399999976158142,-0.02500555,-0.091108516,0.51882565,0.51882565,0.05818636,0.0579277,-0.02500555,-0.091108516,0.51882565,0.51882565,0.05818636,0.0579277
198.337,4.0042,19.9271,1.1923,4.0,20.0,1.399999976158142,-0.025198527,-0.091108404,0.5237529,0.5237529,0.05777406,0.05853287,-0.025198527,-0.091108404,0.5237529,0.5237529,0.05777406,0.05853287
198.387,4.0043,19.9272,1.1922,4.0,20.0,1.399999976158142,-0.0442335,-0.20882057,1.0,1.0,0.116331115,0.13672295,-0.0442335,-0.20882057,1.0,1.0,0.116331115,0.13672295
198.439,4.0044,19.9272,1.1926,4.0,20.0,1.399999976158142,-0.024221009,-0.08839253,0.49933058,0.49933058,0.05527801,0.057335533,-0.024221009,-0.08839253,0.49933058,0.49933058,0.05527801,0.057335533
198.487,4.0046,19.9272,1.1934,4.0,20.0,1.399999976158142,-0.024412645,-0.088444896,0.4964606,0.4964606,0.05582925,0.057028294,-0.024412645,-0.088444896,0.4964606,0.4964606,0.05582925,0.057028294
198.534,4.0046,19.9272,1.1934,4.0,20.0,1.399999976158142,-0.024412645,-0.088444896,0.4964606,0.4964606,0.05582925,0.057028294,-0.024412645,-0.088444896,0.4964606,0.4964606,0.05582925,0.057028294
198.585,4.0046,19.9272,1.1937,4.0,20.0,1.399999976158142,-0.0251415,-0.08799867,0.49306482,0.49306482,0.055868465,0.057271708,-0.0251415,-0.08799867,0.49306482,0.49306482,0.055868465,0.057271708
198.635,4.0048,19.9273,1.1942,4.0,20.0,1.399999976158142,-0.024815673,-0.08846629,0.49722973,0.49722973,0.055980552,0.057301413,-0.024815673,-0.08846629,0.49722973,0.49722973,0.055980552,0.057301413
198.686,4.0049,19.9273,1.1943,4.0,20.0,1.399999976158142,-0.025388218,-0.088095285,0.49563056,0.49563056,0.055881906,0.0576016,-0.025388218,-0.088095285,0.49563056,0.49563056,0.055881906,0.0576016
198.736,4.0050,19.9274,1.1946,4.0,20.0,1.399999976158142,-0.025151376,-0.088522345,0.49892753,0.49892753,0.056075364,0.057598356,-0.025151376,-0.088522345,0.49892753,0.49892753,0.056075364,0.057598356
198.786,4.0051,19.9274,1.1947,4.0,20.0,1.399999976158142,-0.0256075,-0.08821359,0.4988506,0.4988506,0.055884678,0.057936415,-0.0256075,-0.08821359,0.4988506,0.4988506,0.055884678,0.057936415
198.836,4.0052,19.9275,1.1947,4.0,20.0,1.399999976158142,-0.025450047,-0.08859254,0.5012786,0.5012786,0.056137398,0.057905186,-0.025450047,-0.08859254,0.5012786,0.5012786,0.056137398,0.057905186
198.886,4.0053,19.9275,1.1947,4.0,20.0,1.399999976158142,-0.025817227,-0.0883501,0.50254965,0.50254965,0.055910278,0.058257047,-0.025817227,-0.0883501,0.50254965,0.50254965,0.055910278,0.058257047
198.936,4.0053,19.9275,1.1946,4.0,20.0,1.399999976158142,-0.025723578,-0.08869566,0.5042994,0.5042994,0.05620594,0.058213297,-0.025723578,-0.08869566,0.5042994,0.5042994,0.05620594,0.058213297
198.985,4.0054,19.9276,1.1945,4.0,20.0,1.399999976158142,-0.025836548,-0.08876562,0.50575405,0.50575405,0.0562513,0.058350872,-0.025836548,-0.08876562,0.50575405,0.50575405,0.0562513,0.058350872
199.036,4.0056,19.9277,1.1942,4.0,20.0,1.399999976158142,-0.026105525,-0.088616215,0.5083252,0.5083252,0.05597058,0.058751162,-0.026105525,-0.088616215,0.5083252,0.5083252,0.05597058,0.058751162
199.087,4.0057,19.9277,1.1936,4.0,20.0,1.399999976158142,-0.026181553,-0.08897903,0.51152563,0.51152563,0.056244355,0.058916222,-0.026181553,-0.08897903,0.51152563,0.51152563,0.056244355,0.058916222
199.138,4.0058,19.9278,1.1934,4.0,20.0,1.399999976158142,-0.026363999,-0.088937715,0.5153339,0.5153339,0.05589063,0.059411086,-0.026363999,-0.088937715,0.5153339,0.5153339,0.05589063,0.059411086
199.187,4.0059,19.9278,1.1929,4.0,20.0,1.399999976158142,-0.02638243,-0.08917144,0.5156337,0.5156337,0.056250807,0.059303056,-0.02638243,-0.08917144,0.5156337,0.5156337,0.056250807,0.059303056
199.237,4.0060,19.9278,1.1927,4.0,20.0,1.399999976158142,-0.026527042,-0.08919204,0.51994896,0.51994896,0.055868167,0.059850913,-0.026527042,-0.08919204,0.51994896,0.51994896,0.055868167,0.059850913
199.290,4.0061,19.9279,1.1921,4.0,20.0,1.399999976158142,-0.026571255,-0.08939084,0.519952,0.519952,0.056247428,0.059714667,-0.026571255,-0.08939084,0.519952,0.519952,0.056247428,0.059714667
199.337,4.0061,19.9279,1.1918,4.0,20.0,1.399999976158142,-0.02668891,-0.089482814,0.52447915,0.52447915,0.05588763,0.060284093,-0.02668891,-0.089482814,0.52447915,0.52447915,0.05588763,0.060284093
199.387,4.0063,19.9279,1.1918,4.0,20.0,1.399999976158142,-0.047474176,-0.20465344,1.0,1.0,0.11181072,0.14031689,-0.047474176,-0.20465344,1.0,1.0,0.11181072,0.14031689
199.440,4.0063,19.9279,1.1922,4.0,20.0,1.399999976158142,-0.025616778,-0.08685548,0.49997485,0.49997485,0.05342693,0.05904533,-0.025616778,-0.08685548,0.49997485,0.49997485,0.05342693,0.05904533
199.488,4.0065,19.9280,1.1930,4.0,20.0,1.399999976158142,-0.025842134,-0.08687757,0.49733868,0.49733868,0.05397641,0.058743298,-0.025842134,-0.08687757,0.49733868,0.49733868,0.05397641,0.058743298
199.537,4.0065,19.9280,1.1933,4.0,20.0,1.399999976158142,-0.026522854,-0.08648884,0.49345288,0.49345288,0.054035474,0.05897622,-0.026522854,-0.08648884,0.49345288,0.49345288,0.054035474,0.05897622
199.587,4.0067,19.9280,1.1939,4.0,20.0,1.399999976158142,-0.026233366,-0.08690772,0.49779433,0.49779433,0.054133043,0.059008043,-0.026233366,-0.08690772,0.49779433,0.49779433,0.054133043,0.059008043
199.638,4.0067,19.9280,1.1941,4.0,20.0,1.399999976158142,-0.026730081,-0.086627826,0.49613518,0.49613518,0.054074418,0.059283487,-0.026730081,-0.086627826,0.49613518,0.49613518,0.054074418,0.059283487
199.687,4.0069,19.9281,1.1944,4.0,20.0,1.399999976158142,-0.026549645,-0.08698855,0.4993992,0.4993992,0.05424154,0.059296656,-0.026549645,-0.08698855,0.4993992,0.4993992,0.05424154,0.059296656
199.737,4.0069,19.9281,1.1944,4.0,20.0,1.399999976158142,-0.026948316,-0.0867551,0.49918717,0.49918717,0.054096498,0.05960691,-0.026948316,-0.0867551,0.49918717,0.49918717,0.054096498,0.05960691
199.789,4.0070,19.9282,1.1945,4.0,20.0,1.399999976158142,-0.026831692,-0.08708551,0.50168276,0.50168276,0.05432215,0.05959505,-0.026831692,-0.08708551,0.50168276,0.50168276,0.05432215,0.05959505
199.838,4.0071,19.9282,1.1945,4.0,20.0,1.399999976158142,-0.02715172,-0.08691143,0.5028009,0.5028009,0.0541421,0.059921056,-0.02715172,-0.08691143,0.5028009,0.5028009,0.0541421,0.059921056
199.887,4.0071,19.9282,1.1945,4.0,20.0,1.399999976158142,-0.027095985,-0.08719411,0.50456554,0.50456554,0.054388598,0.05990149,-0.027095985,-0.08719411,0.50456554,0.50456554,0.054388598,0.05990149
199.937,4.0072,19.9283,1.1943,4.0,20.0,1.399999976158142,-0.027197473,-0.08728901,0.50601685,0.50601685,0.054460138,0.060026348,-0.027197473,-0.08728901,0.50601685,0.50601685,0.054460138,0.060026348
199.987,4.0073,19.9283,1.1941,4.0,20.0,1.399999976158142,-0.027440326,-0.08717483,0.50840765,0.50840765,0.054204166,0.06041099,-0.027440326,-0.08717483,0.50840765,0.50840765,0.054204166,0.06041099
200.038,4.0074,19.9284,1.1939,4.0,20.0,1.399999976158142,-0.027527478,-0.08727444,0.5108807,0.5108807,0.05415522,0.060646694,-0.027527478,-0.08727444,0.5108807,0.5108807,0.05415522,0.060646694
200.088,4.0075,19.9284,1.1935,4.0,20.0,1.399999976158142,-0.02753239,-0.08752056,0.5116464,0.5116464,0.054470986,0.060581964,-0.02753239,-0.08752056,0.5116464,0.5116464,0.054470986,0.060581964
200.137,4.0075,19.9284,1.1934,4.0,20.0,1.399999976158142,-0.02769302,-0.08751163,0.51529324,0.51529324,0.05415153,0.061053116,-0.02769302,-0.08751163,0.51529324,0.51529324,0.05415153,0.061053116
200.187,4.0077,19.9285,1.1929,4.0,20.0,1.399999976158142,-0.027727608,-0.08772371,0.51567495,0.51567495,0.054491274,0.06096004,-0.027727608,-0.08772371,0.51567495,0.51567495,0.054491274,0.06096004
200.239,4.0077,19.9285,1.1927,4.0,20.0,1.399999976158142,-0.027853746,-0.087774254,0.5198389,0.5198389,0.05414579,0.06148221,-0.027853746,-0.087774254,0.5198389,0.5198389,0.05414579,0.06148221
200.288,4.0078,19.9286,1.1921,4.0,20.0,1.399999976158142,-0.027913857,-0.0879572,0.51992303,0.51992303,0.054511335,0.06135973,-0.027913857,-0.0879572,0.51992303,0.51992303,0.054511335,0.06135973
200.338,4.0079,19.9286,1.1919,4.0,20.0,1.399999976158142,-0.028010296,-0.08805951,0.52456385,0.52456385,0.05411593,0.061953876,-0.028010296,-0.08805951,0.52456385,0.52456385,0.05411593,0.061953876
200.388,4.0080,19.9286,1.1918,4.0,20.0,1.399999976158142,-0.05028623,-0.20171031,1.0,1.0,0.10794948,0.14404707,-0.05028623,-0.20171031,1.0,1.0,0.10794948,0.14404707
200.438,4.0080,19.9286,1.1922,4.0,20.0,1.399999976158142,-0.026883,-0.085513584,0.4997449,0.4997449,0.0517991,0.060597487,-0.026883,-0.085513584,0.4997449,0.4997449,0.0517991,0.060597487
200.487,4.0082,19.9286,1.1931,4.0,20.0,1.399999976158142,-0.027131487,-0.085501224,0.49698493,0.49698493,0.052322794,0.060309917,-0.027131487,-0.085501224,0.49698493,0.49698493,0.052322794,0.060309917
200.538,4.0082,19.9286,1.1934,4.0,20.0,1.399999976158142,-0.027760008,-0.085179366,0.49343488,0.49343488,0.05243588,0.06050349,-0.027760008,-0.085179366,0.49343488,0.49343488,0.05243588,0.06050349
200.587,4.0083,19.9287,1.1940,4.0,20.0,1.399999976158142,-0.027509786,-0.08555839,0.49758488,0.49758488,0.052505277,0.060562897,-0.027509786,-0.08555839,0.49758488,0.49758488,0.052505277,0.060562897
200.637,4.0084,19.9287,1.1942,4.0,20.0,1.399999976158142,-0.028000327,-0.085297525,0.49580488,0.49580488,0.052491408,0.060806442,-0.028000327,-0.085297525,0.49580488,0.49580488,0.052491408,0.060806442
200.686,4.0084,19.9287,1.1942,4.0,20.0,1.399999976158142,-0.028000327,-0.085297525,0.49580488,0.49580488,0.052491408,0.060806442,-0.028000327,-0.085297525,0.49580488,0.49580488,0.052491408,0.060806442
200.737,4.0085,19.9287,1.1945,4.0,20.0,1.399999976158142,-0.027826095,-0.08564466,0.4991226,0.4991226,0.05263121,0.060839545,-0.027826095,-0.08564466,0.4991226,0.4991226,0.05263121,0.060839545
200.787,4.0086,19.9287,1.1946,4.0,20.0,1.399999976158142,-0.028214615,-0.08543499,0.49884716,0.49884716,0.052532535,0.061117068,-0.028214615,-0.08543499,0.49884716,0.49884716,0.052532535,0.061117068
200.836,4.0087,19.9288,1.1947,4.0,20.0,1.399999976158142,-0.028106764,-0.08575037,0.5013784,0.5013784,0.05273063,0.061126504,-0.028106764,-0.08575037,0.5013784,0.5013784,0.05273063,0.061126504
200.886,4.0087,19.9288,1.1947,4.0,20.0,1.399999976158142,-0.028424492,-0.08558152,0.50237554,0.50237554,0.05257829,0.06142772,-0.028424492,-0.08558152,0.50237554,0.50237554,0.05257829,0.06142772
200.936,4.0088,19.9288,1.1946,4.0,20.0,1.399999976158142,-0.028365748,-0.08587598,0.5042528,0.5042528,0.052824493,0.061417233,-0.028365748,-0.08587598,0.5042528,0.5042528,0.052824493,0.061417233
200.986,4.0089,19.9289,1.1945,4.0,20.0,1.399999976158142,-0.028473975,-0.0859586,0.5056751,0.5056751,0.05288682,0.061545752,-0.028473975,-0.0859586,0.5056751,0.5056751,0.05288682,0.061545752
201.037,4.0090,19.9289,1.1942,4.0,20.0,1.399999976158142,-0.028706713,-0.08586674,0.50801456,0.50801456,0.052678637,0.06189482,-0.028706713,-0.08586674,0.50801456,0.50801456,0.052678637,0.06189482
201.087,4.0090,19.9290,1.1941,4.0,20.0,1.399999976158142,-0.028793646,-0.08596784,0.5104931,0.5104931,0.05263961,0.06212188,-0.028793646,-0.08596784,0.5104931,0.5104931,0.05263961,0.06212188
201.137,4.0091,19.9290,1.1937,4.0,20.0,1.399999976158142,-0.028804304,-0.08620342,0.51127136,0.51127136,0.052932113,0.06207561,-0.028804304,-0.08620342,0.51127136,0.51127136,0.052932113,0.06207561
201.187,4.0092,19.9291,1.1930,4.0,20.0,1.399999976158142,-0.028998883,-0.08641162,0.51529926,0.51529926,0.052969284,0.062441215,-0.028998883,-0.08641162,0.51529926,0.51529926,0.052969284,0.062441215
201.237,4.0093,19.9291,1.1928,4.0,20.0,1.399999976158142,-0.029118035,-0.08647773,0.5194541,0.5194541,0.052666984,0.06292878,-0.029118035,-0.08647773,0.5194541,0.5194541,0.052666984,0.06292878
201.287,4.0094,19.9291,1.1923,4.0,20.0,1.399999976158142,-0.029182129,-0.08664621,0.51954436,0.51954436,0.052998282,0.06283005,-0.029182129,-0.08664621,0.51954436,0.51954436,0.052998282,0.06283005
201.337,4.0094,19.9291,1.1920,4.0,20.0,1.399999976158142,-0.029273529,-0.08676881,0.52408385,0.52408385,0.052673023,0.06336932,-0.029273529,-0.08676881,0.52408385,0.52408385,0.052673023,0.06336932
201.387,4.0095,19.9292,1.1920,4.0,20.0,1.399999976158142,-0.053019553,-0.19910121,1.0,1.0,0.10470972,0.14741103,-0.053019553,-0.19910121,1.0,1.0,0.10470972,0.14741103
201.438,4.0096,19.9292,1.1924,4.0,20.0,1.399999976158142,-0.028093563,-0.08428256,0.49940374,0.49940374,0.050413735,0.06196239,-0.028093563,-0.08428256,0.49940374,0.49940374,0.050413735,0.06196239
201.488,4.0097,19.9292,1.1932,4.0,20.0,1.399999976158142,-0.02834756,-0.08426147,0.49663576,0.49663576,0.050915413,0.061693616,-0.02834756,-0.08426147,0.49663576,0.49663576,0.050915413,0.061693616
201.537,4.0098,19.9292,1.1936,4.0,20.0,1.399999976158142,-0.028968863,-0.08395784,0.4931022,0.4931022,0.051080007,0.061846696,-0.028968863,-0.08395784,0.4931022,0.4931022,0.051080007,0.061846696
201.587,4.0099,19.9292,1.1941,4.0,20.0,1.399999976158142,-0.02872522,-0.08432487,0.49723908,0.49723908,0.051119708,0.06193038,-0.02872522,-0.08432487,0.49723908,0.49723908,0.051119708,0.06193038
201.638,4.0099,19.9292,1.1943,4.0,20.0,1.399999976158142,-0.029208036,-0.084082596,0.49548602,0.49548602,0.051156163,0.06213447,-0.029208036,-0.084082596,0.49548602,0.49548602,0.051156163,0.06213447
201.687,4.0100,19.9293,1.1946,4.0,20.0,1.399999976158142,-0.029040191,-0.08441867,0.49879435,0.49879435,0.0512669,0.062191956,-0.029040191,-0.08441867,0.49879435,0.49879435,0.0512669,0.062191956
201.738,4.0101,19.9293,1.1947,4.0,20.0,1.399999976158142,-0.029423553,-0.084222995,0.49851677,0.49851677,0.051213536,0.06243301,-0.029423553,-0.084222995,0.49851677,0.49851677,0.051213536,0.06243301
201.788,4.0101,19.9293,1.1948,4.0,20.0,1.399999976158142,-0.029319275,-0.08452973,0.5010496,0.5010496,0.051384017,0.06246499,-0.029319275,-0.08452973,0.5010496,0.5010496,0.051384017,0.06246499
201.837,4.0102,19.9293,1.1948,4.0,20.0,1.399999976158142,-0.029432107,-0.08461616,0.5023438,0.5023438,0.051466063,0.06258221,-0.029432107,-0.08461616,0.5023438,0.5023438,0.051466063,0.06258221
201.887,4.0103,19.9294,1.1947,4.0,20.0,1.399999976158142,-0.029724082,-0.084477864,0.5037056,0.5037056,0.051346008,0.06285594,-0.029724082,-0.084477864,0.5037056,0.5037056,0.051346008,0.06285594
201.937,4.0103,19.9294,1.1946,4.0,20.0,1.399999976158142,-0.029821692,-0.0845586,0.50599504,0.50599504,0.051329795,0.0630505,-0.029821692,-0.0845586,0.50599504,0.50599504,0.051329795,0.0630505
201.987,4.0104,19.9295,1.1944,4.0,20.0,1.399999976158142,-0.029803105,-0.084815115,0.50725234,0.50725234,0.05156752,0.063050695,-0.029803105,-0.084815115,0.50725234,0.50725234,0.05156752,0.063050695
202.037,4.0105,19.9295,1.1942,4.0,20.0,1.399999976158142,-0.029991258,-0.08477967,0.5102123,0.5102123,0.051363967,0.06340696,-0.029991258,-0.08477967,0.5102123,0.5102123,0.051363967,0.06340696
202.088,4.0105,19.9295,1.1938,4.0,20.0,1.399999976158142,-0.030009555,-0.0850021,0.5109858,0.5109858,0.05163104,0.06338062,-0.030009555,-0.0850021,0.5109858,0.5109858,0.05163104,0.06338062
202.137,4.0106,19.9295,1.1936,4.0,20.0,1.399999976158142,-0.030154014,-0.08502692,0.51463866,0.51463866,0.051393606,0.063787326,-0.030154014,-0.08502692,0.51463866,0.51463866,0.051393606,0.063787326
202.188,4.0107,19.9296,1.1932,4.0,20.0,1.399999976158142,-0.03020195,-0.085216366,0.5150322,0.5150322,0.051682975,0.06373534,-0.03020195,-0.085216366,0.5150322,0.5150322,0.051682975,0.06373534
202.237,4.0107,19.9296,1.1929,4.0,20.0,1.399999976158142,-0.030311845,-0.085298605,0.51922256,0.51922256,0.051415518,0.06419493,-0.030311845,-0.085298605,0.51922256,0.51922256,0.051415518,0.06419493
202.288,4.0108,19.9296,1.1924,4.0,20.0,1.399999976158142,-0.030382993,-0.08545666,0.5193086,0.5193086,0.051724084,0.06411557,-0.030382993,-0.08545666,0.5193086,0.5193086,0.051724084,0.06411557
202.338,4.0108,19.9296,1.1921,4.0,20.0,1.399999976158142,-0.03046394,-0.08559464,0.5238979,0.5238979,0.051428244,0.06463034,-0.03046394,-0.08559464,0.5238979,0.5238979,0.051428244,0.06463034
202.389,4.0109,19.9296,1.1921,4.0,20.0,1.399999976158142,-0.055633813,-0.19653016,1.0,1.0,0.1019548,0.15020917,-0.055633813,-0.19653016,1.0,1.0,0.1019548,0.15020917
202.437,4.0110,19.9296,1.1925,4.0,20.0,1.399999976158142,-0.029228507,-0.08317332,0.4992876,0.4992876,0.04923933,0.0631625,-0.029228507,-0.08317332,0.4992876,0.4992876,0.04923933,0.0631625
202.487,4.0111,19.9296,1.1933,4.0,20.0,1.399999976158142,-0.029500967,-0.083130874,0.49638835,0.49638835,0.049715042,0.0629168,-0.029500967,-0.083130874,0.49638835,0.49638835,0.049715042,0.0629168
202.537,4.0111,19.9296,1.1936,4.0,20.0,1.399999976158142,-0.030097041,-0.08285788,0.49299031,0.49299031,0.049907353,0.063047566,-0.030097041,-0.08285788,0.49299031,0.49299031,0.049907353,0.063047566
202.588,4.0112,19.9297,1.1939,4.0,20.0,1.399999976158142,-0.029865263,-0.08320948,0.49709553,0.49709553,0.04992918,0.06314556,-0.029865263,-0.08320948,0.49709553,0.49709553,0.04992918,0.06314556
202.637,4.0113,19.9297,1.1944,4.0,20.0,1.399999976158142,-0.029997896,-0.08328693,0.49798554,0.49798554,0.05003019,0.06325464,-0.029997896,-0.08328693,0.49798554,0.49798554,0.05003019,0.06325464
202.688,4.0114,19.9297,1.1947,4.0,20.0,1.399999976158142,-0.030432547,-0.083082974,0.49672428,0.49672428,0.05006551,0.06345001,-0.030432547,-0.083082974,0.49672428,0.49672428,0.05006551,0.06345001
202.735,4.0114,19.9297,1.1947,4.0,20.0,1.399999976158142,-0.030432547,-0.083082974,0.49672428,0.49672428,0.05006551,0.06345001,-0.030432547,-0.083082974,0.49672428,0.49672428,0.05006551,0.06345001
202.786,4.0114,19.9297,1.1948,4.0,20.0,1.399999976158142,-0.030541712,-0.08314215,0.4984229,0.4984229,0.050062332,0.06362152,-0.030541712,-0.08314215,0.4984229,0.4984229,0.050062332,0.06362152
202.837,4.0115,19.9298,1.1949,4.0,20.0,1.399999976158142,-0.030450087,-0.0834319,0.50093836,0.50093836,0.05021459,0.0636674,-0.030450087,-0.0834319,0.50093836,0.50093836,0.05021459,0.0636674
202.887,4.0115,19.9298,1.1949,4.0,20.0,1.399999976158142,-0.03074399,-0.08330158,0.5019819,0.5019819,0.050127856,0.06391772,-0.03074399,-0.08330158,0.5019819,0.5019819,0.050127856,0.06391772
202.936,4.0116,19.9298,1.1947,4.0,20.0,1.399999976158142,-0.030700905,-0.08356647,0.5038052,0.5038052,0.050325774,0.063941605,-0.030700905,-0.08356647,0.5038052,0.5038052,0.050325774,0.063941605
202.986,4.0117,19.9298,1.1947,4.0,20.0,1.399999976158142,-0.03092966,-0.08349212,0.5059286,0.5059286,0.0501909,0.06423088,-0.03092966,-0.08349212,0.5059286,0.5059286,0.0501909,0.06423088
203.036,4.0117,19.9299,1.1944,4.0,20.0,1.399999976158142,-0.030922838,-0.083733626,0.50717044,0.50717044,0.05041388,0.06424258,-0.030922838,-0.083733626,0.50717044,0.50717044,0.05041388,0.06424258
203.087,4.0118,19.9299,1.1943,4.0,20.0,1.399999976158142,-0.031095775,-0.08371954,0.51016027,0.51016027,0.050233707,0.0645816,-0.031095775,-0.08371954,0.51016027,0.51016027,0.050233707,0.0645816
203.136,4.0119,19.9299,1.1939,4.0,20.0,1.399999976158142,-0.031124745,-0.08392764,0.510924,0.510924,0.0504849,0.06456748,-0.031124745,-0.08392764,0.510924,0.510924,0.0504849,0.06456748
203.186,4.0119,19.9300,1.1937,4.0,20.0,1.399999976158142,-0.031254355,-0.08397151,0.51460785,0.51460785,0.050268028,0.064957835,-0.031254355,-0.08397151,0.51460785,0.51460785,0.050268028,0.064957835
203.236,4.0120,19.9300,1.1932,4.0,20.0,1.399999976158142,-0.031312577,-0.084149316,0.5149828,0.5149828,0.050545894,0.064916,-0.031312577,-0.084149316,0.5149828,0.5149828,0.050545894,0.064916
203.287,4.0121,19.9300,1.1924,4.0,20.0,1.399999976158142,-0.031488612,-0.08439585,0.519274,0.519274,0.050593726,0.06529074,-0.031488612,-0.08439585,0.519274,0.519274,0.050593726,0.06529074
203.337,4.0121,19.9300,1.1921,4.0,20.0,1.399999976158142,-0.031554684,-0.08455252,0.5238991,0.5238991,0.050317593,0.06578961,-0.031554684,-0.08455252,0.5238991,0.5238991,0.050317593,0.06578961
203.387,4.0121,19.9300,1.1919,4.0,20.0,1.399999976158142,-0.058016345,-0.19425385,1.0,1.0,0.099483244,0.15278696,-0.058016345,-0.19425385,1.0,1.0,0.099483244,0.15278696
203.437,4.0122,19.9300,1.1925,4.0,20.0,1.399999976158142,-0.030000102,-0.08233844,0.50081426,0.50081426,0.048226804,0.06411174,-0.030000102,-0.08233844,0.50081426,0.50081426,0.048226804,0.06411174
203.487,4.0123,19.9300,1.1933,4.0,20.0,1.399999976158142,-0.030748516,-0.08201052,0.49531114,0.49531114,0.048597563,0.06416148,-0.030748516,-0.08201052,0.49531114,0.49531114,0.048597563,0.06416148
203.538,4.0124,19.9300,1.1936,4.0,20.0,1.399999976158142,-0.03112608,-0.08188236,0.49304062,0.49304062,0.048857283,0.06415116,-0.03112608,-0.08188236,0.49304062,0.49304062,0.048857283,0.06415116
203.588,4.0125,19.9301,1.1942,4.0,20.0,1.399999976158142,-0.030909956,-0.0822151,0.4970932,0.4970932,0.048865855,0.064259194,-0.030909956,-0.0822151,0.4970932,0.4970932,0.048865855,0.064259194
203.638,4.0125,19.9301,1.1944,4.0,20.0,1.399999976158142,-0.031359572,-0.082018696,0.49542502,0.49542502,0.048954796,0.06442347,-0.031359572,-0.082018696,0.49542502,0.49542502,0.048954796,0.06442347
203.687,4.0126,19.9301,1.1947,4.0,20.0,1.399999976158142,-0.031214003,-0.08232591,0.49868625,0.49868625,0.049033225,0.064506695,-0.031214003,-0.08232591,0.49868625,0.49868625,0.049033225,0.064506695
203.738,4.0126,19.9301,1.1948,4.0,20.0,1.399999976158142,-0.031565227,-0.082175285,0.49848178,0.49848178,0.04903116,0.06470935,-0.031565227,-0.082175285,0.49848178,0.49848178,0.04903116,0.06470935
203.788,4.0127,19.9302,1.1948,4.0,20.0,1.399999976158142,-0.03148283,-0.08245398,0.5009743,0.5009743,0.049169343,0.06476747,-0.03148283,-0.08245398,0.5009743,0.5009743,0.049169343,0.06476747
203.836,4.0127,19.9302,1.1948,4.0,20.0,1.399999976158142,-0.03148283,-0.08245398,0.5009743,0.5009743,0.049169343,0.06476747,-0.03148283,-0.08245398,0.5009743,0.5009743,0.049169343,0.06476747
203.886,4.0128,19.9302,1.1948,4.0,20.0,1.399999976158142,-0.031760022,-0.08234634,0.50204706,0.50204706,0.049105782,0.06500058,-0.031760022,-0.08234634,0.50204706,0.50204706,0.049105782,0.06500058
203.936,4.0128,19.9302,1.1947,4.0,20.0,1.399999976158142,-0.031728175,-0.08259741,0.5038562,0.5038562,0.04928868,0.0650369,-0.031728175,-0.08259741,0.5038562,0.5038562,0.04928868,0.0650369
203.987,4.0129,19.9302,1.1946,4.0,20.0,1.399999976158142,-0.031941038,-0.08254304,0.5059955,0.5059955,0.04917372,0.06531036,-0.031941038,-0.08254304,0.5059955,0.5059955,0.04917372,0.06531036
204.037,4.0129,19.9303,1.1944,4.0,20.0,1.399999976158142,-0.03194476,-0.08277205,0.5072278,0.5072278,0.049384736,0.06533207,-0.03194476,-0.08277205,0.5072278,0.5072278,0.049384736,0.06533207
204.086,4.0130,19.9303,1.1942,4.0,20.0,1.399999976158142,-0.032102995,-0.08277557,0.510235,0.510235,0.049223125,0.06565544,-0.032102995,-0.08277557,0.510235,0.510235,0.049223125,0.06565544
204.137,4.0130,19.9303,1.1938,4.0,20.0,1.399999976158142,-0.032142166,-0.082973324,0.5109874,0.5109874,0.049464803,0.06565068,-0.032142166,-0.082973324,0.5109874,0.5109874,0.049464803,0.06565068
204.186,4.0131,19.9303,1.1936,4.0,20.0,1.399999976158142,-0.032257468,-0.08303337,0.5146992,0.5146992,0.049264133,0.0660267,-0.032257468,-0.08303337,0.5146992,0.5146992,0.049264133,0.0660267
204.236,4.0131,19.9304,1.1931,4.0,20.0,1.399999976158142,-0.03232543,-0.08320057,0.51505405,0.51505405,0.04953224,0.06599376,-0.03232543,-0.08320057,0.51505405,0.51505405,0.04953224,0.06599376
204.287,4.0132,19.9304,1.1929,4.0,20.0,1.399999976158142,-0.032406677,-0.083318174,0.519301,0.519301,0.049302787,0.06642206,-0.032406677,-0.083318174,0.519301,0.519301,0.049302787,0.06642206
204.337,4.0133,19.9304,1.1921,4.0,20.0,1.399999976158142,-0.03258226,-0.08358282,0.5211718,0.5211718,0.049650252,0.06651482,-0.03258226,-0.08358282,0.5211718,0.5211718,0.049650252,0.06651482
204.387,4.0133,19.9304,1.1920,4.0,20.0,1.399999976158142,-0.0601746,-0.19219168,1.0,1.0,0.09725992,0.15510635,-0.0601746,-0.19219168,1.0,1.0,0.09725992,0.15510635
204.437,4.0134,19.9304,1.1924,4.0,20.0,1.399999976158142,-0.031219587,-0.08129528,0.4994157,0.4994157,0.047224395,0.06529047,-0.031219587,-0.08129528,0.4994157,0.4994157,0.047224395,0.06529047
204.487,4.0135,19.9304,1.1933,4.0,20.0,1.399999976158142,-0.031492736,-0.08125697,0.4967207,0.4967207,0.047687087,0.06506262,-0.031492736,-0.08125697,0.4967207,0.4967207,0.047687087,0.06506262
204.537,4.0135,19.9304,1.1936,4.0,20.0,1.399999976158142,-0.032090258,-0.08099669,0.4929539,0.4929539,0.04793169,0.06515526,-0.032090258,-0.08099669,0.4929539,0.4929539,0.04793169,0.06515526
204.587,4.0136,19.9304,1.1941,4.0,20.0,1.399999976158142,-0.031861454,-0.08133487,0.49721745,0.49721745,0.04792105,0.065275274,-0.031861454,-0.08133487,0.49721745,0.49721745,0.04792105,0.065275274
204.637,4.0136,19.9304,1.1943,4.0,20.0,1.399999976158142,-0.032297194,-0.08115696,0.4955402,0.4955402,0.04803117,0.06542299,-0.032297194,-0.08115696,0.4955402,0.4955402,0.04803117,0.06542299
204.687,4.0137,19.9304,1.1946,4.0,20.0,1.399999976158142,-0.032161564,-0.081452176,0.49880207,0.49880207,0.048096932,0.06551681,-0.032161564,-0.081452176,0.49880207,0.49880207,0.048096932,0.06551681
204.737,4.0138,19.9305,1.1947,4.0,20.0,1.399999976158142,-0.0324989,-0.08131945,0.49858907,0.49858907,0.04811498,0.06570337,-0.0324989,-0.08131945,0.49858907,0.49858907,0.04811498,0.06570337
204.787,4.0138,19.9305,1.1948,4.0,20.0,1.399999976158142,-0.032425668,-0.08158699,0.50108474,0.50108474,0.04824057,0.06577209,-0.032425668,-0.08158699,0.50108474,0.50108474,0.04824057,0.06577209
204.837,4.0139,19.9305,1.1948,4.0,20.0,1.399999976158142,-0.032688864,-0.081496306,0.5021445,0.5021445,0.048194315,0.06599085,-0.032688864,-0.081496306,0.5021445,0.5021445,0.048194315,0.06599085
204.887,4.0139,19.9305,1.1947,4.0,20.0,1.399999976158142,-0.032665487,-0.081738,0.5039621,0.5039621,0.048366483,0.06603701,-0.032665487,-0.081738,0.5039621,0.5039621,0.048366483,0.06603701
204.937,4.0140,19.9306,1.1946,4.0,20.0,1.399999976158142,-0.032864645,-0.08169959,0.5060915,0.5060915,0.048267253,0.06629698,-0.032864645,-0.08169959,0.5060915,0.5060915,0.048267253,0.06629698
204.988,4.0140,19.9306,1.1943,4.0,20.0,1.399999976158142,-0.032877658,-0.08191868,0.5073269,0.5073269,0.048469134,0.06632721,-0.032877658,-0.08191868,0.5073269,0.5073269,0.048469134,0.06632721
205.038,4.0140,19.9306,1.1942,4.0,20.0,1.399999976158142,-0.033022735,-0.08193856,0.51032716,0.51032716,0.04832489,0.066636406,-0.033022735,-0.08193856,0.51032716,0.51032716,0.04832489,0.066636406
205.087,4.0141,19.9306,1.1938,4.0,20.0,1.399999976158142,-0.03307108,-0.082125224,0.5110864,0.5110864,0.048554797,0.0666415,-0.03307108,-0.082125224,0.5110864,0.5110864,0.048554797,0.0666415
205.138,4.0141,19.9306,1.1936,4.0,20.0,1.399999976158142,-0.033173367,-0.08220085,0.5147881,0.5147881,0.048371375,0.06700284,-0.033173367,-0.08220085,0.5147881,0.5147881,0.048371375,0.06700284
205.188,4.0142,19.9307,1.1931,4.0,20.0,1.399999976158142,-0.033250183,-0.08235788,0.5151491,0.5151491,0.048628397,0.06697967,-0.033250183,-0.08235788,0.5151491,0.5151491,0.048628397,0.06697967
205.238,4.0142,19.9307,1.1929,4.0,20.0,1.399999976158142,-0.033318248,-0.08248992,0.51939464,0.51939464,0.048413653,0.06739452,-0.033318248,-0.08248992,0.51939464,0.51939464,0.048413653,0.06739452
205.287,4.0143,19.9307,1.1926,4.0,20.0,1.399999976158142,-0.033417806,-0.0826163,0.5194486,0.5194486,0.048690047,0.06734406,-0.033417806,-0.0826163,0.5194486,0.5194486,0.048690047,0.06734406
205.337,4.0143,19.9307,1.1921,4.0,20.0,1.399999976158142,-0.03350232,-0.08274666,0.5212677,0.5212677,0.048753425,0.067495555,-0.03350232,-0.08274666,0.5212677,0.5212677,0.048753425,0.067495555
205.386,4.0143,19.9307,1.1921,4.0,20.0,1.399999976158142,-0.03350232,-0.08274666,0.5212677,0.5212677,0.048753425,0.067495555,-0.03350232,-0.08274666,0.5212677,0.5212677,0.048753425,0.067495555
205.437,4.0144,19.9307,1.1920,4.0,20.0,1.399999976158142,-0.06214291,-0.1903442,1.0,1.0,0.0952736,0.15721351,-0.06214291,-0.1903442,1.0,1.0,0.0952736,0.15721351
205.486,4.0144,19.9307,1.1924,4.0,20.0,1.399999976158142,-0.032085422,-0.080512315,0.4994913,0.4994913,0.04638006,0.066217676,-0.032085422,-0.080512315,0.4994913,0.4994913,0.04638006,0.066217676
205.537,4.0145,19.9307,1.1932,4.0,20.0,1.399999976158142,-0.03237101,-0.08045693,0.49667773,0.49667773,0.04683376,0.06599418,-0.03237101,-0.08045693,0.49667773,0.49667773,0.04683376,0.06599418
205.587,4.0146,19.9307,1.1935,4.0,20.0,1.399999976158142,-0.032927856,-0.080238745,0.49322292,0.49322292,0.047091234,0.06607536,-0.032927856,-0.080238745,0.49322292,0.49322292,0.047091234,0.06607536
205.636,4.0146,19.9307,1.1941,4.0,20.0,1.399999976158142,-0.032729868,-0.08055028,0.49729222,0.49729222,0.047076177,0.06620398,-0.032729868,-0.08055028,0.49729222,0.49729222,0.047076177,0.06620398
205.687,4.0147,19.9307,1.1943,4.0,20.0,1.399999976158142,-0.0331521,-0.080388136,0.49560186,0.49560186,0.04720428,0.066335954,-0.0331521,-0.080388136,0.49560186,0.49560186,0.04720428,0.066335954
205.737,4.0147,19.9307,1.1946,4.0,20.0,1.399999976158142,-0.033024926,-0.08067394,0.49887648,0.49887648,0.047259223,0.06643964,-0.033024926,-0.08067394,0.49887648,0.49887648,0.047259223,0.06643964
205.787,4.0148,19.9308,1.1947,4.0,20.0,1.399999976158142,-0.03334911,-0.08055734,0.49866045,0.49866045,0.047295727,0.066610724,-0.03334911,-0.08055734,0.49866045,0.49866045,0.047295727,0.066610724
205.837,4.0148,19.9308,1.1948,4.0,20.0,1.399999976158142,-0.03328527,-0.08081461,0.50115633,0.50115633,0.047410242,0.06668963,-0.03328527,-0.08081461,0.50115633,0.50115633,0.047410242,0.06668963
205.888,4.0149,19.9308,1.1948,4.0,20.0,1.399999976158142,-0.033536006,-0.08073869,0.502206,0.502206,0.047381096,0.0668936,-0.033536006,-0.08073869,0.502206,0.502206,0.047381096,0.0668936
205.936,4.0149,19.9308,1.1946,4.0,20.0,1.399999976158142,-0.03352088,-0.0809713,0.5040286,0.5040286,0.047542512,0.06694967,-0.03352088,-0.0809713,0.5040286,0.5040286,0.047542512,0.06694967
205.986,4.0149,19.9308,1.1946,4.0,20.0,1.399999976158142,-0.033706572,-0.08096263,0.50617987,0.50617987,0.04747721,0.06719199,-0.033706572,-0.08096263,0.50617987,0.50617987,0.04747721,0.06719199
206.037,4.0150,19.9309,1.1943,4.0,20.0,1.399999976158142,-0.033731397,-0.08115345,0.5074187,0.5074187,0.047645554,0.0672393,-0.033731397,-0.08115345,0.5074187,0.5074187,0.047645554,0.0672393
206.086,4.0150,19.9309,1.1942,4.0,20.0,1.399999976158142,-0.033862643,-0.08118912,0.5103817,0.5103817,0.047521893,0.067529865,-0.033862643,-0.08118912,0.5103817,0.5103817,0.047521893,0.067529865
206.137,4.0151,19.9309,1.1938,4.0,20.0,1.399999976158142,-0.033918887,-0.08136796,0.51113874,0.51113874,0.047743525,0.06754332,-0.033918887,-0.08136796,0.51113874,0.51113874,0.047743525,0.06754332
206.186,4.0151,19.9309,1.1936,4.0,20.0,1.399999976158142,-0.034011137,-0.08145832,0.51481944,0.51481944,0.047581468,0.06788799,-0.034011137,-0.08145832,0.51481944,0.51481944,0.047581468,0.06788799
206.237,4.0151,19.9309,1.1934,4.0,20.0,1.399999976158142,-0.034094464,-0.08160507,0.5152169,0.5152169,0.04782123,0.0678783,-0.034094464,-0.08160507,0.5152169,0.5152169,0.04782123,0.0678783
206.286,4.0152,19.9310,1.1929,4.0,20.0,1.399999976158142,-0.034181755,-0.08172851,0.51696706,0.51696706,0.047890652,0.06801962,-0.034181755,-0.08172851,0.51696706,0.51696706,0.047890652,0.06801962
206.336,4.0152,19.9310,1.1923,4.0,20.0,1.399999976158142,-0.034229677,-0.08188942,0.5213409,0.5213409,0.047684077,0.06843502,-0.034229677,-0.08188942,0.5213409,0.5213409,0.047684077,0.06843502
206.386,4.0153,19.9310,1.1920,4.0,20.0,1.399999976158142,-0.03428757,-0.08206736,0.5241308,0.5241308,0.047667768,0.06868716,-0.03428757,-0.08206736,0.5241308,0.5241308,0.047667768,0.06868716
206.437,4.0154,19.9310,1.1924,4.0,20.0,1.399999976158142,-0.032877564,-0.0798099,0.49949288,0.49949288,0.04563319,0.06705427,-0.032877564,-0.0798099,0.49949288,0.49949288,0.04563319,0.06705427
206.488,4.0155,19.9310,1.1932,4.0,20.0,1.399999976158142,-0.03317199,-0.07974454,0.49667507,0.49667507,0.04607841,0.066838115,-0.03317199,-0.07974454,0.49667507,0.49667507,0.04607841,0.066838115
206.537,4.0155,19.9310,1.1935,4.0,20.0,1.399999976158142,-0.033715125,-0.07954203,0.4932547,0.4932547,0.046356108,0.06690105,-0.033715125,-0.07954203,0.4932547,0.4932547,0.046356108,0.06690105
206.588,4.0156,19.9310,1.1941,4.0,20.0,1.399999976158142,-0.033527356,-0.0798434,0.49729705,0.49729705,0.046329845,0.06704091,-0.033527356,-0.0798434,0.49729705,0.49729705,0.046329845,0.06704091
206.637,4.0156,19.9310,1.1943,4.0,20.0,1.399999976158142,-0.033939373,-0.07969383,0.49560064,0.49560064,0.04647883,0.06715438,-0.033939373,-0.07969383,0.49560064,0.49560064,0.04647883,0.06715438
206.688,4.0156,19.9310,1.1946,4.0,20.0,1.399999976158142,-0.03381973,-0.07997145,0.4988745,0.4988745,0.046521403,0.06726977,-0.03381973,-0.07997145,0.4988745,0.4988745,0.046521403,0.06726977
206.738,4.0157,19.9310,1.1947,4.0,20.0,1.399999976158142,-0.0341353,-0.07986496,0.49863183,0.49863183,0.04657755,0.0674227,-0.0341353,-0.07986496,0.49863183,0.49863183,0.04657755,0.0674227
206.787,4.0157,19.9310,1.1948,4.0,20.0,1.399999976158142,-0.03407709,-0.08011559,0.5011395,0.5011395,0.04667974,0.06751294,-0.03407709,-0.08011559,0.5011395,0.5011395,0.04667974,0.06751294
206.838,4.0158,19.9310,1.1948,4.0,20.0,1.399999976158142,-0.034318253,-0.080051966,0.50217897,0.50217897,0.04667031,0.06769991,-0.034318253,-0.080051966,0.50217897,0.50217897,0.04667031,0.06769991
206.888,4.0158,19.9311,1.1946,4.0,20.0,1.399999976158142,-0.03431004,-0.08027682,0.5040084,0.5040084,0.046819396,0.06776746,-0.03431004,-0.08027682,0.5040084,0.5040084,0.046819396,0.06776746
206.937,4.0158,19.9311,1.1946,4.0,20.0,1.399999976158142,-0.034487847,-0.08026265,0.5061115,0.5061115,0.04675375,0.06799675,-0.034487847,-0.08026265,0.5061115,0.5061115,0.04675375,0.06799675
206.987,4.0158,19.9311,1.1946,4.0,20.0,1.399999976158142,-0.034487847,-0.08026265,0.5061115,0.5061115,0.04675375,0.06799675,-0.034487847,-0.08026265,0.5061115,0.5061115,0.04675375,0.06799675
207.036,4.0159,19.9311,1.1943,4.0,20.0,1.399999976158142,-0.034515478,-0.08046595,0.5073591,0.5073591,0.046934966,0.068046466,-0.034515478,-0.08046595,0.5073591,0.5073591,0.046934966,0.068046466
207.087,4.0159,19.9311,1.1942,4.0,20.0,1.399999976158142,-0.034639977,-0.08050893,0.51033986,0.51033986,0.046823297,0.06832561,-0.034639977,-0.08050893,0.51033986,0.51033986,0.046823297,0.06832561
207.137,4.0159,19.9311,1.1940,4.0,20.0,1.399999976158142,-0.034702506,-0.08068068,0.51111,0.51111,0.047033243,0.06834995,-0.034702506,-0.08068068,0.51111,0.51111,0.047033243,0.06834995
207.188,4.0160,19.9312,1.1931,4.0,20.0,1.399999976158142,-0.034864124,-0.08091168,0.51666045,0.51666045,0.04694542,0.06883039,-0.034864124,-0.08091168,0.51666045,0.51666045,0.04694542,0.06883039
207.236,4.0160,19.9312,1.1931,4.0,20.0,1.399999976158142,-0.034864124,-0.08091168,0.51666045,0.51666045,0.04694542,0.06883039,-0.034864124,-0.08091168,0.51666045,0.51666045,0.04694542,0.06883039
207.287,4.0161,19.9312,1.1929,4.0,20.0,1.399999976158142,-0.034923017,-0.08107455,0.5194085,0.5194085,0.046936285,0.06906128,-0.034923017,-0.08107455,0.5194085,0.5194085,0.046936285,0.06906128
207.337,4.0161,19.9312,1.1923,4.0,20.0,1.399999976158142,-0.035035547,-0.081187144,0.51946855,0.51946855,0.0471909,0.06903179,-0.035035547,-0.081187144,0.51946855,0.51946855,0.0471909,0.06903179
207.387,4.0161,19.9312,1.1920,4.0,20.0,1.399999976158142,-0.03505448,-0.081397556,0.52408886,0.52408886,0.046981297,0.06947073,-0.03505448,-0.081397556,0.52408886,0.52408886,0.046981297,0.06947073
207.436,4.0162,19.9312,1.1920,4.0,20.0,1.399999976158142,-0.065626964,-0.18732212,1.0,1.0,0.092000395,0.16094868,-0.065626964,-0.18732212,1.0,1.0,0.092000395,0.16094868
207.487,4.0163,19.9312,1.1932,4.0,20.0,1.399999976158142,-0.0339111,-0.07910567,0.49667272,0.49667272,0.04541864,0.067598134,-0.0339111,-0.07910567,0.49667272,0.49667272,0.04541864,0.067598134
207.537,4.0163,19.9312,1.1935,4.0,20.0,1.399999976158142,-0.034442987,-0.07891584,0.4932086,0.4932086,0.045710728,0.0676481,-0.034442987,-0.07891584,0.4932086,0.4932086,0.045710728,0.0676481
207.588,4.0164,19.9312,1.1941,4.0,20.0,1.399999976158142,-0.034260795,-0.079211146,0.49730298,0.49730298,0.045675565,0.06779638,-0.034260795,-0.079211146,0.49730298,0.49730298,0.045675565,0.06779638
207.638,4.0164,19.9312,1.1943,4.0,20.0,1.399999976158142,-0.034660574,-0.07907612,0.49560428,0.49560428,0.04583924,0.06789746,-0.034660574,-0.07907612,0.49560428,0.49560428,0.04583924,0.06789746
207.687,4.0165,19.9312,1.1946,4.0,20.0,1.399999976158142,-0.03455061,-0.07934333,0.4988643,0.4988643,0.045873486,0.06802045,-0.03455061,-0.07934333,0.4988643,0.4988643,0.045873486,0.06802045
207.738,4.0165,19.9312,1.1947,4.0,20.0,1.399999976158142,-0.034854233,-0.07925023,0.49861684,0.49861684,0.045943774,0.06816069,-0.034854233,-0.07925023,0.49861684,0.49861684,0.045943774,0.06816069
207.788,4.0166,19.9313,1.1948,4.0,20.0,1.399999976158142,-0.034803733,-0.07949286,0.5011301,0.5011301,0.046037514,0.06825908,-0.034803733,-0.07949286,0.5011301,0.5011301,0.046037514,0.06825908
207.838,4.0166,19.9313,1.1948,4.0,20.0,1.399999976158142,-0.035034027,-0.079440676,0.5021573,0.5021573,0.046040684,0.068434015,-0.035034027,-0.079440676,0.5021573,0.5021573,0.046040684,0.068434015
207.888,4.0166,19.9313,1.1947,4.0,20.0,1.399999976158142,-0.035032593,-0.07965877,0.50399315,0.50399315,0.046181943,0.06850942,-0.035032593,-0.07965877,0.50399315,0.50399315,0.046181943,0.06850942
207.938,4.0166,19.9313,1.1946,4.0,20.0,1.399999976158142,-0.035199516,-0.07965802,0.5060955,0.5060955,0.0461307,0.06872683,-0.035199516,-0.07965802,0.5060955,0.5060955,0.0461307,0.06872683
207.988,4.0167,19.9313,1.1945,4.0,20.0,1.399999976158142,-0.0352348,-0.07985184,0.50734514,0.50734514,0.046302006,0.06878464,-0.0352348,-0.07985184,0.50734514,0.50734514,0.046302006,0.06878464
208.038,4.0167,19.9313,1.1942,4.0,20.0,1.399999976158142,-0.035329685,-0.07996157,0.5089241,0.5089241,0.046381317,0.068909936,-0.035329685,-0.07996157,0.5089241,0.5089241,0.046381317,0.068909936
208.088,4.0167,19.9314,1.1940,4.0,20.0,1.399999976158142,-0.03543035,-0.08003181,0.51213765,0.51213765,0.046269726,0.06919243,-0.03543035,-0.08003181,0.51213765,0.51213765,0.046269726,0.06919243
208.138,4.0168,19.9314,1.1936,4.0,20.0,1.399999976158142,-0.035508536,-0.080187224,0.512781,0.512781,0.04647967,0.069216095,-0.035508536,-0.080187224,0.512781,0.512781,0.04647967,0.069216095
208.188,4.0168,19.9314,1.1931,4.0,20.0,1.399999976158142,-0.035569716,-0.08031333,0.51664466,0.51664466,0.046331853,0.0695512,-0.035569716,-0.08031333,0.51664466,0.51664466,0.046331853,0.0695512
208.238,4.0168,19.9314,1.1929,4.0,20.0,1.399999976158142,-0.035625372,-0.080479175,0.5194018,0.5194018,0.04632472,0.06977983,-0.035625372,-0.080479175,0.5194018,0.5194018,0.04632472,0.06977983
208.287,4.0169,19.9314,1.1923,4.0,20.0,1.399999976158142,-0.035744727,-0.080584995,0.5194551,0.5194551,0.046572614,0.069757104,-0.035744727,-0.080584995,0.5194551,0.5194551,0.046572614,0.069757104
208.337,4.0169,19.9314,1.1921,4.0,20.0,1.399999976158142,-0.03575341,-0.08080588,0.5240821,0.5240821,0.046374314,0.07018498,-0.03575341,-0.08080588,0.5240821,0.5240821,0.046374314,0.07018498
208.387,4.0170,19.9314,1.1920,4.0,20.0,1.399999976158142,-0.06716346,-0.18600588,1.0,1.0,0.090654254,0.16251509,-0.06716346,-0.18600588,1.0,1.0,0.090654254,0.16251509
208.438,4.0170,19.9314,1.1924,4.0,20.0,1.399999976158142,-0.034277808,-0.0786122,0.49947432,0.49947432,0.044403084,0.06848692,-0.034277808,-0.0786122,0.49947432,0.49947432,0.044403084,0.06848692
208.488,4.0171,19.9314,1.1932,4.0,20.0,1.399999976158142,-0.03458364,-0.07853624,0.49665365,0.49665365,0.044832356,0.06828752,-0.03458364,-0.07853624,0.49665365,0.49665365,0.044832356,0.06828752
208.538,4.0171,19.9314,1.1935,4.0,20.0,1.399999976158142,-0.035102453,-0.078360744,0.49320668,0.49320668,0.045137357,0.06832584,-0.035102453,-0.078360744,0.49320668,0.49320668,0.045137357,0.06832584
208.587,4.0171,19.9314,1.1935,4.0,20.0,1.399999976158142,-0.035102453,-0.078360744,0.49320668,0.49320668,0.045137357,0.06832584,-0.035102453,-0.078360744,0.49320668,0.49320668,0.045137357,0.06832584
208.637,4.0172,19.9314,1.1943,4.0,20.0,1.399999976158142,-0.03531905,-0.07852233,0.4955692,0.4955692,0.045272056,0.06856933,-0.03531905,-0.07852233,0.4955692,0.4955692,0.045272056,0.06856933
208.687,4.0172,19.9314,1.1946,4.0,20.0,1.399999976158142,-0.035215054,-0.07878302,0.49884313,0.49884313,0.045297965,0.06870011,-0.035215054,-0.07878302,0.49884313,0.49884313,0.045297965,0.06870011
208.737,4.0172,19.9314,1.1947,4.0,20.0,1.399999976158142,-0.035508014,-0.07870239,0.4986038,0.4986038,0.045382213,0.068828195,-0.035508014,-0.07870239,0.4986038,0.4986038,0.045382213,0.068828195
208.787,4.0173,19.9314,1.1948,4.0,20.0,1.399999976158142,-0.03546516,-0.0789367,0.5011079,0.5011079,0.045467466,0.068934396,-0.03546516,-0.0789367,0.5011079,0.5011079,0.045467466,0.068934396
208.838,4.0173,19.9315,1.1948,4.0,20.0,1.399999976158142,-0.035685048,-0.07889676,0.5021403,0.5021403,0.04548413,0.06909768,-0.035685048,-0.07889676,0.5021403,0.5021403,0.04548413,0.06909768
208.887,4.0174,19.9315,1.1947,4.0,20.0,1.399999976158142,-0.035690844,-0.079108134,0.50397974,0.50397974,0.04561756,0.06918141,-0.035690844,-0.079108134,0.50397974,0.50397974,0.04561756,0.06918141
208.937,4.0174,19.9315,1.1946,4.0,20.0,1.399999976158142,-0.03584811,-0.07911554,0.50607675,0.50607675,0.04557593,0.06938772,-0.03584811,-0.07911554,0.50607675,0.50607675,0.04557593,0.06938772
208.987,4.0174,19.9315,1.1945,4.0,20.0,1.399999976158142,-0.035889473,-0.079304166,0.5073234,0.5073234,0.045741715,0.06945192,-0.035889473,-0.079304166,0.5073234,0.5073234,0.045741715,0.06945192
209.037,4.0174,19.9315,1.1942,4.0,20.0,1.399999976158142,-0.03598395,-0.0794143,0.5089038,0.5089038,0.04582157,0.06957668,-0.03598395,-0.0794143,0.5089038,0.5089038,0.04582157,0.06957668
209.087,4.0175,19.9315,1.1938,4.0,20.0,1.399999976158142,-0.036075164,-0.07949398,0.51211965,0.51211965,0.045721132,0.069848,-0.036075164,-0.07949398,0.51211965,0.51211965,0.045721132,0.069848
209.137,4.0175,19.9316,1.1936,4.0,20.0,1.399999976158142,-0.036132883,-0.07964456,0.51476634,0.51476634,0.04572288,0.07005456,-0.036132883,-0.07964456,0.51476634,0.51476634,0.04572288,0.07005456
209.187,4.0175,19.9316,1.1931,4.0,20.0,1.399999976158142,-0.03623647,-0.07977445,0.5151368,0.5151368,0.045944072,0.07006684,-0.03623647,-0.07977445,0.5151368,0.5151368,0.045944072,0.07006684
209.237,4.0175,19.9316,1.1929,4.0,20.0,1.399999976158142,-0.036264267,-0.07994864,0.519382,0.519382,0.04578266,0.07043025,-0.036264267,-0.07994864,0.519382,0.519382,0.04578266,0.07043025
209.287,4.0176,19.9316,1.1923,4.0,20.0,1.399999976158142,-0.03638984,-0.08004744,0.51943576,0.51943576,0.046024397,0.07041289,-0.03638984,-0.08004744,0.51943576,0.51943576,0.046024397,0.07041289
209.337,4.0176,19.9316,1.1921,4.0,20.0,1.399999976158142,-0.036389913,-0.08027732,0.5240571,0.5240571,0.045838416,0.07082882,-0.036389913,-0.08027732,0.5240571,0.5240571,0.045838416,0.07082882
209.387,4.0177,19.9316,1.1920,4.0,20.0,1.399999976158142,-0.068565495,-0.18481071,1.0,1.0,0.08946501,0.16391121,-0.068565495,-0.18481071,1.0,1.0,0.08946501,0.16391121
209.437,4.0177,19.9316,1.1924,4.0,20.0,1.399999976158142,-0.03488484,-0.07811033,0.49946553,0.49946553,0.04389141,0.069103755,-0.03488484,-0.07811033,0.49946553,0.49946553,0.04389141,0.069103755
209.487,4.0177,19.9316,1.1933,4.0,20.0,1.399999976158142,-0.03519592,-0.0780297,0.4966437,0.4966437,0.044314295,0.06891132,-0.03519592,-0.0780297,0.4966437,0.4966437,0.044314295,0.06891132
209.538,4.0178,19.9316,1.1936,4.0,20.0,1.399999976158142,-0.0357042,-0.07786527,0.49318373,0.49318373,0.044631246,0.068938226,-0.0357042,-0.07786527,0.49318373,0.49318373,0.044631246,0.068938226
209.589,4.0178,19.9316,1.1941,4.0,20.0,1.399999976158142,-0.03553743,-0.07814549,0.49728826,0.49728826,0.04458185,0.069101065,-0.03553743,-0.07814549,0.49728826,0.49728826,0.04458185,0.069101065
209.637,4.0178,19.9316,1.1943,4.0,20.0,1.399999976158142,-0.035911687,-0.07804068,0.49567616,0.49567616,0.04477122,0.06918115,-0.035911687,-0.07804068,0.49567616,0.49567616,0.04477122,0.06918115
209.688,4.0179,19.9316,1.1946,4.0,20.0,1.399999976158142,-0.035823748,-0.078282095,0.4988008,0.4988008,0.044790853,0.069314994,-0.035823748,-0.078282095,0.4988008,0.4988008,0.044790853,0.069314994
209.738,4.0179,19.9316,1.1947,4.0,20.0,1.399999976158142,-0.036103833,-0.07821413,0.49858588,0.49858588,0.044886116,0.06943185,-0.036103833,-0.07821413,0.49858588,0.49858588,0.044886116,0.06943185
209.787,4.0180,19.9316,1.1948,4.0,20.0,1.399999976158142,-0.036067057,-0.07844261,0.50109655,0.50109655,0.044964347,0.06954532,-0.036067057,-0.07844261,0.50109655,0.50109655,0.044964347,0.06954532
209.837,4.0180,19.9316,1.1948,4.0,20.0,1.399999976158142,-0.036277793,-0.078411736,0.50212157,0.50212157,0.04499184,0.069697686,-0.036277793,-0.078411736,0.50212157,0.50212157,0.04499184,0.069697686
209.888,4.0180,19.9316,1.1948,4.0,20.0,1.399999976158142,-0.036288977,-0.078616224,0.50395525,0.50395525,0.045117125,0.069788076,-0.036288977,-0.078616224,0.50395525,0.50395525,0.045117125,0.069788076
209.937,4.0180,19.9316,1.1946,4.0,20.0,1.399999976158142,-0.036389325,-0.078719966,0.5054123,0.5054123,0.045204245,0.06990504,-0.036389325,-0.078719966,0.5054123,0.5054123,0.045204245,0.06990504
209.987,4.0181,19.9317,1.1943,4.0,20.0,1.399999976158142,-0.036520474,-0.07875418,0.5077943,0.5077943,0.04515937,0.07011528,-0.036520474,-0.07875418,0.5077943,0.5077943,0.04515937,0.07011528
210.037,4.0181,19.9317,1.1942,4.0,20.0,1.399999976158142,-0.036581147,-0.07888949,0.51028836,0.51028836,0.045170054,0.07030059,-0.036581147,-0.07888949,0.51028836,0.51028836,0.045170054,0.07030059
210.087,4.0181,19.9317,1.1938,4.0,20.0,1.399999976158142,-0.036662683,-0.07904254,0.51105803,0.51105803,0.045358516,0.070346706,-0.036662683,-0.07904254,0.51105803,0.51105803,0.045358516,0.070346706
210.137,4.0181,19.9317,1.1936,4.0,20.0,1.399999976158142,-0.036716364,-0.079169534,0.5147499,0.5147499,0.045240656,0.07064524,-0.036716364,-0.079169534,0.5147499,0.5147499,0.045240656,0.07064524
210.187,4.0182,19.9317,1.1931,4.0,20.0,1.399999976158142,-0.03682569,-0.079293005,0.5151207,0.5151207,0.045455925,0.070662774,-0.03682569,-0.079293005,0.5151207,0.5151207,0.045455925,0.070662774
210.238,4.0182,19.9317,1.1929,4.0,20.0,1.399999976158142,-0.03684551,-0.079475366,0.51936114,0.51936114,0.04530601,0.071014866,-0.03684551,-0.079475366,0.51936114,0.51936114,0.04530601,0.071014866
210.287,4.0182,19.9317,1.1923,4.0,20.0,1.399999976158142,-0.036977448,-0.07956968,0.51941997,0.51941997,0.0455425,0.07100463,-0.036977448,-0.07956968,0.51941997,0.51941997,0.0455425,0.07100463
210.337,4.0182,19.9317,1.1921,4.0,20.0,1.399999976158142,-0.03696738,-0.079808004,0.5240716,0.5240716,0.045362674,0.07141271,-0.03696738,-0.079808004,0.5240716,0.5240716,0.045362674,0.07141271
210.387,4.0183,19.9317,1.1920,4.0,20.0,1.399999976158142,-0.06982844,-0.18407512,1.0,1.0,0.08842703,0.16547652,-0.06982844,-0.18407512,1.0,1.0,0.08842703,0.16547652
210.438,4.0183,19.9317,1.1924,4.0,20.0,1.399999976158142,-0.035436537,-0.07765589,0.49942338,0.49942338,0.04343942,0.069653004,-0.035436537,-0.07765589,0.49942338,0.49942338,0.04343942,0.069653004
210.487,4.0184,19.9317,1.1933,4.0,20.0,1.399999976158142,-0.035753716,-0.07756996,0.49660978,0.49660978,0.043858178,0.0694655,-0.035753716,-0.07756996,0.49660978,0.49660978,0.043858178,0.0694655
210.538,4.0184,19.9317,1.1936,4.0,20.0,1.399999976158142,-0.036258403,-0.07740872,0.49314335,0.49314335,0.044192325,0.0694748,-0.036258403,-0.07740872,0.49314335,0.49314335,0.044192325,0.0694748
210.588,4.0184,19.9317,1.1941,4.0,20.0,1.399999976158142,-0.03609504,-0.07768525,0.49722975,0.49722975,0.044132695,0.069647595,-0.03609504,-0.07768525,0.49722975,0.49722975,0.044132695,0.069647595
210.637,4.0185,19.9317,1.1943,4.0,20.0,1.399999976158142,-0.03646948,-0.07757635,0.49551675,0.49551675,0.04433753,0.06970829,-0.03646948,-0.07757635,0.49551675,0.49551675,0.04433753,0.06970829
210.687,4.0185,19.9317,1.1945,4.0,20.0,1.399999976158142,-0.036375467,-0.07782817,0.49879783,0.49879783,0.044347085,0.06985655,-0.036375467,-0.07782817,0.49879783,0.49879783,0.044347085,0.06985655
210.738,4.0185,19.9317,1.1947,4.0,20.0,1.399999976158142,-0.036492027,-0.07791915,0.4999048,0.4999048,0.04444972,0.06996146,-0.036492027,-0.07791915,0.4999048,0.4999048,0.04444972,0.06996146
210.788,4.0185,19.9317,1.1948,4.0,20.0,1.399999976158142,-0.03674534,-0.07786783,0.50006616,0.50006616,0.044537168,0.070075996,-0.03674534,-0.07786783,0.50006616,0.50006616,0.044537168,0.070075996
210.837,4.0186,19.9318,1.1948,4.0,20.0,1.399999976158142,-0.036729068,-0.078084216,0.50235224,0.50235224,0.04462201,0.07019127,-0.036729068,-0.078084216,0.50235224,0.50235224,0.04462201,0.07019127
210.887,4.0186,19.9318,1.1947,4.0,20.0,1.399999976158142,-0.036915135,-0.07807157,0.5037105,0.5037105,0.044645518,0.07034119,-0.036915135,-0.07807157,0.5037105,0.5037105,0.044645518,0.07034119
210.938,4.0186,19.9318,1.1946,4.0,20.0,1.399999976158142,-0.03698198,-0.07818865,0.5060035,0.5060035,0.0446673,0.07050333,-0.03698198,-0.07818865,0.5060035,0.5060035,0.0446673,0.07050333
210.987,4.0187,19.9318,1.1943,4.0,20.0,1.399999976158142,-0.03703398,-0.07836655,0.50725925,0.50725925,0.04481792,0.070582606,-0.03703398,-0.07836655,0.50725925,0.50725925,0.04481792,0.070582606
211.037,4.0187,19.9318,1.1942,4.0,20.0,1.399999976158142,-0.037123166,-0.07844602,0.510236,0.510236,0.0447522,0.070816986,-0.037123166,-0.07844602,0.510236,0.510236,0.0447522,0.070816986
211.087,4.0187,19.9318,1.1938,4.0,20.0,1.399999976158142,-0.037208844,-0.07859411,0.51101166,0.51101166,0.04493292,0.070870034,-0.037208844,-0.07859411,0.51101166,0.51101166,0.04493292,0.070870034
211.138,4.0187,19.9318,1.1936,4.0,20.0,1.399999976158142,-0.037255872,-0.0787278,0.51469934,0.51469934,0.04482662,0.07115705,-0.037255872,-0.0787278,0.51469934,0.51469934,0.04482662,0.07115705
211.188,4.0187,19.9319,1.1931,4.0,20.0,1.399999976158142,-0.0373699,-0.07884758,0.5150769,0.5150769,0.04503527,0.07118221,-0.0373699,-0.07884758,0.5150769,0.5150769,0.04503527,0.07118221
211.237,4.0188,19.9319,1.1929,4.0,20.0,1.399999976158142,-0.037381966,-0.0790366,0.5193279,0.5193279,0.04489419,0.071524374,-0.037381966,-0.0790366,0.5193279,0.5193279,0.04489419,0.071524374
211.288,4.0188,19.9319,1.1923,4.0,20.0,1.399999976158142,-0.037518144,-0.07912651,0.51938254,0.51938254,0.045123972,0.07152067,-0.037518144,-0.07912651,0.51938254,0.51938254,0.045123972,0.07152067
211.338,4.0188,19.9319,1.1921,4.0,20.0,1.399999976158142,-0.037501186,-0.079371534,0.5240281,0.5240281,0.044955116,0.0719176,-0.037501186,-0.079371534,0.5240281,0.5240281,0.044955116,0.0719176
211.387,4.0184,19.9317,1.1913,4.0,20.0,1.399999976158142,-0.9982839,0.97188014,0.10401985,0.10401985,1.0,-0.97359616,-0.9982839,0.97188014,0.10401985,0.10401985,1.0,-0.97359616
211.437,4.0178,19.9316,1.1908,4.0,20.0,1.399999976158142,-0.99876904,0.9650822,0.14996201,0.14996201,1.0,-0.9663132,-0.99876904,0.9650822,0.14996201,0.14996201,1.0,-0.9663132
211.487,4.0158,19.9311,1.1891,4.0,20.0,1.399999976158142,-0.9992515,0.9651085,0.15199114,0.15199114,1.0,-0.965857,-0.9992515,0.9651085,0.15199114,0.15199114,1.0,-0.965857
211.537,4.0147,19.9309,1.1882,4.0,20.0,1.399999976158142,-1.0,0.9630152,0.16856799,0.16856799,0.9971867,-0.96020186,-1.0,0.9630152,0.16856799,0.16856799,0.9971867,-0.96020186
211.587,4.0134,19.9308,1.1871,4.0,20.0,1.399999976158142,-1.0,0.9640416,0.16377933,0.16377933,0.9981654,-0.962207,-1.0,0.9640416,0.16377933,0.16377933,0.9981654,-0.962207
211.637,4.0102,19.9307,1.1842,4.0,20.0,1.399999976158142,-1.0,0.96348137,0.1681433,0.1681433,0.9972215,-0.96070296,-1.0,0.96348137,0.1681433,0.1681433,0.9972215,-0.96070296
211.688,4.0087,19.9308,1.1828,4.0,20.0,1.399999976158142,-1.0,0.9597469,0.19737116,0.19737116,0.99086463,-0.95061153,-1.0,0.9597469,0.19737116,0.19737116,0.99086463,-0.95061153
211.737,4.0051,19.9312,1.1792,4.0,20.0,1.399999976158142,-1.0,0.9619042,0.18432732,0.18432732,0.9936175,-0.95552176,-1.0,0.9619042,0.18432732,0.18432732,0.9936175,-0.95552176
211.787,4.0015,19.9323,1.1752,4.0,20.0,1.399999976158142,-1.0,0.9582995,0.22409944,0.22409944,0.98527974,-0.9435793,-1.0,0.9582995,0.22409944,0.22409944,0.98527974,-0.9435793
211.837,3.9999,19.9329,1.1733,4.0,20.0,1.399999976158142,-1.0,0.958019,0.24502471,0.24502471,0.98124194,-0.93926096,-1.0,0.958019,0.24502471,0.24502471,0.98124194,-0.93926096
211.887,3.9964,19.9347,1.1687,4.0,20.0,1.399999976158142,-1.0,0.9604707,0.22048748,0.22048748,0.98623693,-0.9467076,-1.0,0.9604707,0.22048748,0.22048748,0.98623693,-0.9467076
211.938,3.9950,19.9356,1.1666,4.0,20.0,1.399999976158142,-1.0,0.9585256,0.28065553,0.28065553,0.9753003,-0.9338259,-1.0,0.9585256,0.28065553,0.28065553,0.9753003,-0.9338259
211.987,3.9919,19.9382,1.1616,4.0,20.0,1.399999976158142,-1.0,0.9605818,0.24800538,0.24800538,0.9814839,-0.94206566,-1.0,0.9605818,0.24800538,0.24800538,0.9814839,-0.94206566
212.038,3.9907,19.9394,1.1594,4.0,20.0,1.399999976158142,-1.0,0.9601603,0.32543617,0.32543617,0.9691578,-0.92931813,-1.0,0.9601603,0.32543617,0.32543617,0.9691578,-0.92931813
212.087,3.9882,19.9426,1.1541,4.0,20.0,1.399999976158142,-1.0,0.961505,0.28178424,0.28178424,0.976583,-0.93808794,-1.0,0.961505,0.28178424,0.28178424,0.976583,-0.93808794
212.138,3.9872,19.9441,1.1518,4.0,20.0,1.399999976158142,-1.0,0.96299607,0.3800679,0.3800679,0.9633914,-0.9263875,-1.0,0.96299607,0.3800679,0.3800679,0.9633914,-0.9263875
212.188,3.9854,19.9479,1.1463,4.0,20.0,1.399999976158142,-1.0,0.9632984,0.32363626,0.32363626,0.9717139,-0.9350122,-1.0,0.9632984,0.32363626,0.32363626,0.9717139,-0.9350122
212.238,3.9847,19.9496,1.1440,4.0,20.0,1.399999976158142,-1.0,0.9670266,0.45165107,0.45165107,0.95780474,-0.92483133,-1.0,0.9670266,0.45165107,0.45165107,0.95780474,-0.92483133
212.287,3.9836,19.9538,1.1386,4.0,20.0,1.399999976158142,-1.0,0.9659798,0.3757762,0.3757762,0.96710986,-0.93308973,-1.0,0.9659798,0.3757762,0.3757762,0.96710986,-0.93308973
212.337,3.9833,19.9556,1.1363,4.0,20.0,1.399999976158142,-1.0,0.972329,0.547895,0.547895,0.9526492,-0.9249782,-1.0,0.972329,0.547895,0.547895,0.9526492,-0.9249782
212.387,3.9829,19.9600,1.1312,4.0,20.0,1.399999976158142,-1.0,0.97519284,0.26272947,0.26272947,0.97475135,-0.9499442,-1.0,0.97519284,0.26272947,0.26272947,0.97475135,-0.9499442
212.438,3.9830,19.9620,1.1290,4.0,20.0,1.399999976158142,-1.0,0.98231304,0.65437394,0.65437394,0.9491744,-0.9314874,-1.0,0.98231304,0.65437394,0.65437394,0.9491744,-0.9314874
212.487,3.9831,19.9639,1.1270,4.0,20.0,1.399999976158142,-1.0,0.9768209,0.5133402,0.5133402,0.95982254,-0.9366434,-1.0,0.9768209,0.5133402,0.5133402,0.95982254,-0.9366434
212.537,3.9838,19.9685,1.1225,4.0,20.0,1.399999976158142,-1.0,0.97844756,0.5455884,0.5455884,0.95889807,-0.9373456,-1.0,0.97844756,0.5455884,0.5455884,0.95889807,-0.9373456
212.588,3.9850,19.9729,1.1185,4.0,20.0,1.399999976158142,-0.7311566,0.7275351,0.6855846,0.6855846,0.69057417,-0.6869527,-0.7311566,0.7275351,0.6855846,0.6855846,0.69057417,-0.6869527
212.637,3.9857,19.9746,1.1170,4.0,20.0,1.399999976158142,-0.5963141,0.59847546,0.6934328,0.6934328,0.56280005,-0.56496143,-0.5963141,0.59847546,0.6934328,0.6934328,0.56280005,-0.56496143
212.687,3.9874,19.9784,1.1140,4.0,20.0,1.399999976158142,-0.8676992,0.85849077,0.68234974,0.68234974,0.82972986,-0.8205214,-0.8676992,0.85849077,0.68234974,0.68234974,0.82972986,-0.8205214
212.737,3.9883,19.9799,1.1129,4.0,20.0,1.399999976158142,-0.4747322,0.4812505,0.70026755,0.70026755,0.45003796,-0.4565563,-0.4747322,0.4812505,0.70026755,0.70026755,0.45003796,-0.4565563
212.788,3.9905,19.9831,1.1108,4.0,20.0,1.399999976158142,-0.69971395,0.697442,0.6921911,0.6921911,0.66968215,-0.6674102,-0.69971395,0.697442,0.6921911,0.6921911,0.66968215,-0.6674102
212.837,3.9914,19.9844,1.1100,4.0,20.0,1.399999976158142,-0.34500352,0.35514045,0.70490354,0.70490354,0.3294812,-0.33961818,-0.34500352,0.35514045,0.70490354,0.70490354,0.3294812,-0.33961818
212.887,3.9938,19.9870,1.1088,4.0,20.0,1.399999976158142,-0.55771387,0.5605204,0.69937074,0.69937074,0.5355656,-0.5383721,-0.55771387,0.5605204,0.69937074,0.69937074,0.5355656,-0.5383721
212.937,3.9948,19.9880,1.1085,4.0,20.0,1.399999976158142,-0.25051817,0.26268286,0.7071944,0.7071944,0.2428114,-0.2549761,-0.25051817,0.26268286,0.7071944,0.7071944,0.2428114,-0.2549761
212.987,3.9973,19.9900,1.1080,4.0,20.0,1.399999976158142,-0.43808132,0.44462964,0.7041194,0.7041194,0.42339188,-0.42994022,-0.43808132,0.44462964,0.7041194,0.7041194,0.42339188,-0.42994022
213.037,3.9983,19.9908,1.1080,4.0,20.0,1.399999976158142,-0.17728777,0.19084503,0.7073891,0.7073891,0.17627792,-0.18983518,-0.17728777,0.19084503,0.7073891,0.7073891,0.17627792,-0.18983518
213.087,4.0007,19.9924,1.1083,4.0,20.0,1.399999976158142,-0.33927777,0.34862655,0.7065654,0.7065654,0.33139062,-0.3407394,-0.33927777,0.34862655,0.7065654,0.7065654,0.33139062,-0.3407394
213.138,4.0017,19.9929,1.1085,4.0,20.0,1.399999976158142,-0.11844832,0.13313504,0.7056032,0.7056032,0.123224504,-0.13791123,-0.11844832,0.13313504,0.7056032,0.7056032,0.123224504,-0.13791123
213.187,4.0039,19.9941,1.1095,4.0,20.0,1.399999976158142,-0.25778612,0.26926795,0.70689195,0.70689195,0.25597543,-0.26745725,-0.25778612,0.26926795,0.70689195,0.70689195,0.25597543,-0.26745725
213.237,4.0048,19.9945,1.1101,4.0,20.0,1.399999976158142,-0.07311776,0.088679105,0.70202345,0.70202345,0.08267371,-0.098235056,-0.07311776,0.088679105,0.70202345,0.70202345,0.08267371,-0.098235056
213.288,4.0068,19.9953,1.1116,4.0,20.0,1.399999976158142,-0.18932532,0.20250504,0.70523673,0.70523673,0.19291215,-0.20609185,-0.18932532,0.20250504,0.70523673,0.70523673,0.19291215,-0.20609185
213.337,4.0077,19.9956,1.1124,4.0,20.0,1.399999976158142,-0.03890762,0.055265944,0.6970103,0.6970103,0.052332383,-0.0686907,-0.03890762,0.055265944,0.6970103,0.6970103,0.052332383,-0.0686907
213.387,4.0085,19.9958,1.1133,4.0,20.0,1.399999976158142,-0.4246976,0.4465092,1.0,1.0,0.4322483,-0.4540599,-0.4246976,0.4465092,1.0,1.0,0.4322483,-0.4540599
213.437,4.0104,19.9964,1.1163,4.0,20.0,1.399999976158142,-0.11930997,0.13454661,0.6671,0.6671,0.12972984,-0.14496648,-0.11930997,0.13454661,0.6671,0.6671,0.12972984,-0.14496648
213.487,4.0111,19.9966,1.1178,4.0,20.0,1.399999976158142,0.024540974,-0.0070575424,0.6480446,0.6480446,-0.0045687454,-0.012914686,0.024540974,-0.0070575424,0.6480446,0.6480446,-0.0045687454,-0.012914686
213.537,4.0128,19.9969,1.1213,4.0,20.0,1.399999976158142,-0.057988465,0.07416849,0.6566786,0.6566786,0.073194236,-0.08937426,-0.057988465,0.07416849,0.6566786,0.6566786,0.073194236,-0.08937426
213.587,4.0144,19.9971,1.1249,4.0,20.0,1.399999976158142,0.055492368,-0.03730082,0.6375934,0.6375934,-0.032434475,0.014242931,0.055492368,-0.03730082,0.6375934,0.6375934,-0.032434475,0.014242931
213.637,4.0150,19.9972,1.1264,4.0,20.0,1.399999976158142,0.068817385,-0.049997672,0.63112074,0.63112074,-0.04418809,0.02536838,0.068817385,-0.049997672,0.63112074,0.63112074,-0.04418809,0.02536838
213.688,4.0163,19.9972,1.1299,4.0,20.0,1.399999976158142,0.0059178504,0.0119969845,0.6423997,0.6423997,0.014919746,-0.032834582,0.0059178504,0.0119969845,0.6423997,0.6423997,0.014919746,-0.032834582
213.737,4.0168,19.9971,1.1315,4.0,20.0,1.399999976158142,0.084805205,-0.064984195,0.6231498,0.6231498,-0.05832344,0.038502436,0.084805205,-0.064984195,0.6231498,0.6231498,-0.05832344,0.038502436
213.787,4.0179,19.9970,1.1350,4.0,20.0,1.399999976158142,0.03450009,-0.015532902,0.6343289,0.6343289,-0.011110814,-0.007856371,0.03450009,-0.015532902,0.6343289,0.6343289,-0.011110814,-0.007856371
213.838,4.0184,19.9969,1.1365,4.0,20.0,1.399999976158142,0.0981967,-0.07733008,0.6151847,0.6151847,-0.0702632,0.049396582,0.0981967,-0.07733008,0.6151847,0.6151847,-0.0702632,0.049396582
213.887,4.0193,19.9967,1.1401,4.0,20.0,1.399999976158142,0.05721221,-0.037202336,0.6264575,0.6264575,-0.031817295,0.011807416,0.05721221,-0.037202336,0.6264575,0.6264575,-0.031817295,0.011807416
213.938,4.0196,19.9966,1.1416,4.0,20.0,1.399999976158142,0.10880227,-0.08692257,0.6075454,0.6075454,-0.079826586,0.05794689,0.10880227,-0.08692257,0.6075454,0.6075454,-0.079826586,0.05794689
213.988,4.0204,19.9963,1.1450,4.0,20.0,1.399999976158142,0.07571766,-0.054690145,0.6186862,0.6186862,-0.0487618,0.027734287,0.07571766,-0.054690145,0.6186862,0.6186862,-0.0487618,0.027734287
214.038,4.0206,19.9962,1.1465,4.0,20.0,1.399999976158142,0.117209814,-0.09439337,0.60013926,0.60013926,-0.08753828,0.06472183,0.117209814,-0.09439337,0.60013926,0.60013926,-0.08753828,0.06472183
214.087,4.0212,19.9959,1.1498,4.0,20.0,1.399999976158142,0.0901985,-0.06822669,0.61125094,0.61125094,-0.062106606,0.04013479,0.0901985,-0.06822669,0.61125094,0.61125094,-0.062106606,0.04013479
214.138,4.0214,19.9958,1.1512,4.0,20.0,1.399999976158142,0.123472914,-0.09984012,0.5930526,0.5930526,-0.09341623,0.069783434,0.123472914,-0.09984012,0.5930526,0.5930526,-0.09341623,0.069783434
214.188,4.0218,19.9955,1.1545,4.0,20.0,1.399999976158142,0.10173891,-0.078909375,0.6039738,0.6039738,-0.07285414,0.05002461,0.10173891,-0.078909375,0.6039738,0.6039738,-0.07285414,0.05002461
214.238,4.0220,19.9953,1.1558,4.0,20.0,1.399999976158142,0.127548,-0.103261836,0.5865461,0.5865461,-0.097382866,0.07309671,0.127548,-0.103261836,0.5865461,0.5865461,-0.097382866,0.07309671
214.287,4.0222,19.9950,1.1590,4.0,20.0,1.399999976158142,0.11051527,-0.086947866,0.597066,0.597066,-0.081147976,0.057580575,0.11051527,-0.086947866,0.597066,0.597066,-0.081147976,0.057580575
214.338,4.0223,19.9949,1.1603,4.0,20.0,1.399999976158142,0.13023816,-0.10543693,0.5803216,0.5803216,-0.10015988,0.07535865,0.13023816,-0.10543693,0.5803216,0.5803216,-0.10015988,0.07535865
214.388,4.0224,19.9946,1.1638,4.0,20.0,1.399999976158142,0.24755602,-0.20277232,1.0,1.0,-0.19184966,0.14706597,0.24755602,-0.20277232,1.0,1.0,-0.19184966,0.14706597
214.437,4.0224,19.9946,1.1656,4.0,20.0,1.399999976158142,0.12890713,-0.104560904,0.5390636,0.5390636,-0.100064315,0.07571809,0.12890713,-0.104560904,0.5390636,0.5390636,-0.100064315,0.07571809
214.487,4.0224,19.9945,1.1674,4.0,20.0,1.399999976158142,0.11814349,-0.094361134,0.5465699,0.5465699,-0.08961544,0.065833084,0.11814349,-0.094361134,0.5465699,0.5465699,-0.08961544,0.065833084
214.537,4.0223,19.9943,1.1714,4.0,20.0,1.399999976158142,0.11880912,-0.09491227,0.5444074,0.5444074,-0.090336844,0.06643999,0.11880912,-0.09491227,0.5444074,0.5444074,-0.090336844,0.06643999
214.588,4.0223,19.9942,1.1731,4.0,20.0,1.399999976158142,0.12556934,-0.101147555,0.522743,0.522743,-0.09762917,0.07320738,0.12556934,-0.101147555,0.522743,0.522743,-0.09762917,0.07320738
214.638,4.0222,19.9940,1.1767,4.0,20.0,1.399999976158142,0.120634526,-0.09646948,0.5358139,0.5358139,-0.09246784,0.06830279,0.120634526,-0.09646948,0.5358139,0.5358139,-0.09246784,0.06830279
214.687,4.0220,19.9938,1.1799,4.0,20.0,1.399999976158142,0.124562725,-0.10004766,0.5168382,0.5168382,-0.09712866,0.0726136,0.124562725,-0.10004766,0.5168382,0.5168382,-0.09712866,0.0726136
214.737,4.0219,19.9938,1.1813,4.0,20.0,1.399999976158142,0.123377666,-0.0988836,0.51273584,0.51273584,-0.09631841,0.07182434,0.123377666,-0.0988836,0.51273584,0.51273584,-0.09631841,0.07182434
214.787,4.0217,19.9937,1.1841,4.0,20.0,1.399999976158142,0.12106769,-0.0966898,0.52381134,0.52381134,-0.09359195,0.06921407,0.12106769,-0.0966898,0.52381134,0.52381134,-0.09359195,0.06921407
214.837,4.0216,19.9937,1.1852,4.0,20.0,1.399999976158142,0.12107466,-0.096674964,0.50892997,0.50892997,-0.09449291,0.070093215,0.12107466,-0.096674964,0.50892997,0.50892997,-0.09449291,0.070093215
214.887,4.0214,19.9936,1.1877,4.0,20.0,1.399999976158142,0.12018009,-0.09581025,0.51874393,0.51874393,-0.093115285,0.068745434,0.12018009,-0.09581025,0.51874393,0.51874393,-0.093115285,0.068745434
214.948,4.0213,19.9936,1.1887,4.0,20.0,1.399999976158142,0.11843708,-0.09424552,0.50618505,0.50618505,-0.092266165,0.0680746,0.11843708,-0.09424552,0.50618505,0.50618505,-0.092266165,0.0680746
214.997,4.0211,19.9936,1.1908,4.0,20.0,1.399999976158142,0.118665636,-0.09440939,0.51479095,0.51479095,-0.09199212,0.06773587,0.118665636,-0.09440939,0.51479095,0.51479095,-0.09199212,0.06773587
215.048,4.0210,19.9936,1.1916,4.0,20.0,1.399999976158142,0.11553149,-0.09165114,0.50432664,0.50432664,-0.08971194,0.06583159,0.11553149,-0.09165114,0.50432664,0.50432664,-0.08971194,0.06583159
215.087,4.0208,19.9937,1.1933,4.0,20.0,1.399999976158142,0.116671406,-0.09263025,0.5118854,0.5118854,-0.09035272,0.066311575,0.116671406,-0.09263025,0.5118854,0.5118854,-0.09035272,0.066311575
215.137,4.0207,19.9937,1.1940,4.0,20.0,1.399999976158142,0.11240649,-0.08893547,0.50324315,0.50324315,-0.08688779,0.063416764,0.11240649,-0.08893547,0.50324315,0.50324315,-0.08688779,0.063416764
215.187,4.0205,19.9938,1.1955,4.0,20.0,1.399999976158142,0.11429684,-0.090567924,0.509878,0.509878,-0.08829845,0.06456953,0.11429684,-0.090567924,0.509878,0.509878,-0.08829845,0.06456953
215.237,4.0204,19.9938,1.1960,4.0,20.0,1.399999976158142,0.109235466,-0.08624554,0.5030846,0.5030846,-0.083963566,0.060973633,0.109235466,-0.08624554,0.5030846,0.5030846,-0.083963566,0.060973633
215.287,4.0201,19.9940,1.1972,4.0,20.0,1.399999976158142,0.11167376,-0.08833925,0.5087674,0.5087674,-0.08595813,0.06262362,0.11167376,-0.08833925,0.5087674,0.5087674,-0.08595813,0.06262362
215.338,4.0200,19.9941,1.1976,4.0,20.0,1.399999976158142,0.10603366,-0.08359505,0.5035532,0.5035532,-0.08098393,0.05854532,0.10603366,-0.08359505,0.5035532,0.5035532,-0.08098393,0.05854532
215.388,4.0198,19.9943,1.1991,4.0,20.0,1.399999976158142,0.30626154,-0.25436383,1.0,1.0,-0.24894775,0.19705005,0.30626154,-0.25436383,1.0,1.0,-0.24894775,0.19705005
215.437,4.0196,19.9944,1.2001,4.0,20.0,1.399999976158142,0.09866134,-0.077914245,0.474259,0.474259,-0.075052716,0.054305617,0.09866134,-0.077914245,0.474259,0.474259,-0.075052716,0.054305617
215.488,4.0194,19.9945,1.2011,4.0,20.0,1.399999976158142,0.09988755,-0.078786865,0.47559914,0.47559914,-0.07605282,0.054952137,0.09988755,-0.078786865,0.47559914,0.47559914,-0.07605282,0.054952137
215.538,4.0191,19.9945,1.2029,4.0,20.0,1.399999976158142,0.09923154,-0.078249104,0.4751145,0.4751145,-0.07554726,0.054564826,0.09923154,-0.078249104,0.4751145,0.4751145,-0.07554726,0.054564826
215.588,4.0187,19.9946,1.2045,4.0,20.0,1.399999976158142,0.09744119,-0.07704503,0.4664539,0.4664539,-0.07513759,0.05474143,0.09744119,-0.07704503,0.4664539,0.4664539,-0.07513759,0.05474143
215.638,4.0186,19.9946,1.2051,4.0,20.0,1.399999976158142,0.095833875,-0.07569818,0.4660243,0.4660243,-0.07398725,0.05385156,0.095833875,-0.07569818,0.4660243,0.4660243,-0.07398725,0.05385156
215.687,4.0182,19.9947,1.2062,4.0,20.0,1.399999976158142,0.09847528,-0.077894285,0.4723333,0.4723333,-0.07592299,0.055341993,0.09847528,-0.077894285,0.4723333,0.4723333,-0.07592299,0.055341993
215.737,4.0181,19.9947,1.2066,4.0,20.0,1.399999976158142,0.09325501,-0.07351985,0.46745485,0.46745485,-0.07193598,0.052200817,0.09325501,-0.07351985,0.46745485,0.46745485,-0.07193598,0.052200817
215.787,4.0177,19.9948,1.2073,4.0,20.0,1.399999976158142,0.09604583,-0.07585699,0.47245488,0.47245488,-0.07405383,0.053864993,0.09604583,-0.07585699,0.47245488,0.47245488,-0.07405383,0.053864993
215.837,4.0176,19.9949,1.2076,4.0,20.0,1.399999976158142,0.090819016,-0.07148468,0.4698763,0.4698763,-0.07000312,0.050668776,0.090819016,-0.07148468,0.4698763,0.4698763,-0.07000312,0.050668776
215.887,4.0173,19.9949,1.2079,4.0,20.0,1.399999976158142,0.093666755,-0.073876075,0.47369263,0.47369263,-0.07220983,0.05241914,0.093666755,-0.073876075,0.47369263,0.47369263,-0.07220983,0.05241914
215.937,4.0171,19.9950,1.2080,4.0,20.0,1.399999976158142,0.088546894,-0.069625355,0.47314048,0.47314048,-0.06821893,0.04929739,0.088546894,-0.069625355,0.47314048,0.47314048,-0.06821893,0.04929739
215.998,4.0168,19.9951,1.2081,4.0,20.0,1.399999976158142,0.09139148,-0.07201169,0.47589704,0.47589704,-0.070451096,0.051071297,0.09139148,-0.07201169,0.47589704,0.47589704,-0.070451096,0.051071297
216.037,4.0166,19.9951,1.2080,4.0,20.0,1.399999976158142,0.08649647,-0.06801293,0.47711876,0.47711876,-0.06664733,0.048163787,0.08649647,-0.06801293,0.47711876,0.47711876,-0.06664733,0.048163787
216.087,4.0163,19.9952,1.2078,4.0,20.0,1.399999976158142,0.089244924,-0.070301495,0.47894633,0.47894633,-0.068810806,0.04986738,0.089244924,-0.070301495,0.47894633,0.47894633,-0.068810806,0.04986738
216.138,4.0162,19.9953,1.2077,4.0,20.0,1.399999976158142,0.08453996,-0.06654595,0.48169184,0.48169184,-0.06518142,0.04718741,0.08453996,-0.06654595,0.48169184,0.48169184,-0.06518142,0.04718741
216.188,4.0159,19.9954,1.2072,4.0,20.0,1.399999976158142,0.087195076,-0.06871449,0.4827172,0.4827172,-0.06725867,0.048778094,0.087195076,-0.06871449,0.4827172,0.4827172,-0.06725867,0.048778094
216.238,4.0157,19.9954,1.2070,4.0,20.0,1.399999976158142,0.08268016,-0.065181844,0.48676854,0.48676854,-0.063799486,0.046301175,0.08268016,-0.065181844,0.48676854,0.48676854,-0.063799486,0.046301175
216.288,4.0156,19.9955,1.2068,4.0,20.0,1.399999976158142,0.08522195,-0.06721662,0.48709106,0.48709106,-0.065775454,0.047770124,0.08522195,-0.06721662,0.48709106,0.48709106,-0.065775454,0.047770124
216.338,4.0153,19.9956,1.2061,4.0,20.0,1.399999976158142,0.08467698,-0.066800654,0.48896214,0.48896214,-0.065358564,0.047482237,0.08467698,-0.066800654,0.48896214,0.48896214,-0.065358564,0.047482237
216.387,4.0149,19.9957,1.2061,4.0,20.0,1.399999976158142,0.24428762,-0.20259327,1.0,1.0,-0.19924475,0.15755041,0.24428762,-0.20259327,1.0,1.0,-0.19924475,0.15755041
216.437,4.0147,19.9958,1.2065,4.0,20.0,1.399999976158142,0.0754122,-0.059945494,0.46774697,0.46774697,-0.058487646,0.04302094,0.0754122,-0.059945494,0.46774697,0.46774697,-0.058487646,0.04302094
216.490,4.0143,19.9960,1.2074,4.0,20.0,1.399999976158142,0.077041216,-0.061144695,0.46511975,0.46511975,-0.059654765,0.043758243,0.077041216,-0.061144695,0.46511975,0.46511975,-0.059654765,0.043758243
216.537,4.0141,19.9961,1.2077,4.0,20.0,1.399999976158142,0.069659814,-0.05506674,0.46218157,0.46218157,-0.053510964,0.038917888,0.069659814,-0.05506674,0.46218157,0.46218157,-0.053510964,0.038917888
216.587,4.0137,19.9962,1.2081,4.0,20.0,1.399999976158142,0.07370863,-0.05847087,0.465926,0.465926,-0.05696824,0.041730482,0.07370863,-0.05847087,0.465926,0.465926,-0.05696824,0.041730482
216.638,4.0135,19.9963,1.2082,4.0,20.0,1.399999976158142,0.067226484,-0.053194914,0.46510205,0.46510205,-0.05167146,0.03763989,0.067226484,-0.053194914,0.46510205,0.46510205,-0.05167146,0.03763989
216.689,4.0132,19.9964,1.2083,4.0,20.0,1.399999976158142,0.07138156,-0.056654524,0.468177,0.468177,-0.055152494,0.040425457,0.07138156,-0.056654524,0.468177,0.468177,-0.055152494,0.040425457
216.737,4.0130,19.9965,1.2083,4.0,20.0,1.399999976158142,0.065771855,-0.052161176,0.46933088,0.46933088,-0.050646145,0.03703546,0.065771855,-0.052161176,0.46933088,0.46933088,-0.050646145,0.03703546
216.787,4.0127,19.9966,1.2081,4.0,20.0,1.399999976158142,0.06901543,-0.05484022,0.47127393,0.47127393,-0.05332545,0.03915024,0.06901543,-0.05484022,0.47127393,0.47127393,-0.05332545,0.03915024
216.838,4.0126,19.9967,1.2079,4.0,20.0,1.399999976158142,0.06417145,-0.051059626,0.47415528,0.47415528,-0.04951748,0.03640566,0.06417145,-0.051059626,0.47415528,0.47415528,-0.04951748,0.03640566
216.887,4.0122,19.9968,1.2074,4.0,20.0,1.399999976158142,0.067192055,-0.053497,0.4752107,0.4752107,-0.051957827,0.038262773,0.067192055,-0.053497,0.4752107,0.4752107,-0.051957827,0.038262773
216.937,4.0121,19.9969,1.2071,4.0,20.0,1.399999976158142,0.06293958,-0.050256994,0.47959128,0.47959128,-0.048668582,0.035986,0.06293958,-0.050256994,0.47959128,0.47959128,-0.048668582,0.035986
216.987,4.0118,19.9970,1.2064,4.0,20.0,1.399999976158142,0.06551912,-0.05229172,0.47983894,0.47983894,-0.05071141,0.03748401,0.06551912,-0.05229172,0.47983894,0.47983894,-0.05071141,0.03748401
217.037,4.0117,19.9970,1.2061,4.0,20.0,1.399999976158142,0.06178264,-0.04951623,0.4854397,0.4854397,-0.04785262,0.035586216,0.06178264,-0.04951623,0.4854397,0.4854397,-0.04785262,0.035586216
217.098,4.0114,19.9971,1.2052,4.0,20.0,1.399999976158142,0.06401221,-0.05123388,0.48501626,0.48501626,-0.049589377,0.03681105,0.06401221,-0.05123388,0.48501626,0.48501626,-0.049589377,0.03681105
217.138,4.0113,19.9972,1.2048,4.0,20.0,1.399999976158142,0.06066321,-0.04881531,0.49160135,0.49160135,-0.047041222,0.035193324,0.06066321,-0.04881531,0.49160135,0.49160135,-0.047041222,0.035193324
217.187,4.0111,19.9973,1.2038,4.0,20.0,1.399999976158142,0.06263585,-0.05030013,0.49063435,0.49063435,-0.048562005,0.036226287,0.06263585,-0.05030013,0.49063435,0.49063435,-0.048562005,0.036226287
217.238,4.0109,19.9973,1.2033,4.0,20.0,1.399999976158142,0.059605937,-0.048185736,0.49798214,0.49798214,-0.046260912,0.034840714,0.059605937,-0.048185736,0.49798214,0.49798214,-0.046260912,0.034840714
217.287,4.0108,19.9974,1.2028,4.0,20.0,1.399999976158142,0.061376646,-0.049483676,0.4965854,0.4965854,-0.04761735,0.03572438,0.061376646,-0.049483676,0.4965854,0.4965854,-0.04761735,0.03572438
217.337,4.0106,19.9975,1.2017,4.0,20.0,1.399999976158142,0.061030243,-0.04926362,0.49889106,0.49889106,-0.04734924,0.035582617,0.061030243,-0.04926362,0.49889106,0.49889106,-0.04734924,0.035582617
217.387,4.0105,19.9976,1.2013,4.0,20.0,1.399999976158142,0.17228422,-0.1454716,1.0,1.0,-0.14111118,0.11429856,0.17228422,-0.1454716,1.0,1.0,-0.14111118,0.11429856
217.438,4.0102,19.9978,1.2014,4.0,20.0,1.399999976158142,0.059205562,-0.048437573,0.48116335,0.48116335,-0.046383608,0.03561562,0.059205562,-0.048437573,0.48116335,0.48116335,-0.046383608,0.03561562
217.487,4.0099,19.9980,1.2017,4.0,20.0,1.399999976158142,0.05461012,-0.04524399,0.4781233,0.4781233,-0.042523663,0.03315754,0.05461012,-0.04524399,0.4781233,0.4781233,-0.042523663,0.03315754
217.538,4.0098,19.9980,1.2018,4.0,20.0,1.399999976158142,0.053509917,-0.04458557,0.47805083,0.47805083,-0.041620895,0.03269655,0.053509917,-0.04458557,0.47805083,0.47805083,-0.041620895,0.03269655
217.598,4.0096,19.9982,1.2018,4.0,20.0,1.399999976158142,0.055831768,-0.046243746,0.48058152,0.48058152,-0.043560643,0.03397262,0.055831768,-0.046243746,0.48058152,0.48058152,-0.043560643,0.03397262
217.648,4.0095,19.9983,1.2017,4.0,20.0,1.399999976158142,0.052773736,-0.04433086,0.48228246,0.48228246,-0.04108579,0.03264292,0.052773736,-0.04433086,0.48228246,0.48228246,-0.04108579,0.03264292
217.687,4.0093,19.9985,1.2014,4.0,20.0,1.399999976158142,0.05467218,-0.045633156,0.4839126,0.4839126,-0.042647604,0.03360858,0.05467218,-0.045633156,0.4839126,0.4839126,-0.042647604,0.03360858
217.737,4.0092,19.9985,1.2012,4.0,20.0,1.399999976158142,0.05216164,-0.044191863,0.48708367,0.48708367,-0.040653378,0.032683603,0.05216164,-0.044191863,0.48708367,0.48708367,-0.040653378,0.032683603
217.788,4.0089,19.9987,1.2007,4.0,20.0,1.399999976158142,0.053729143,-0.04519505,0.4879384,0.4879384,-0.041915637,0.03338154,0.053729143,-0.04519505,0.4879384,0.4879384,-0.041915637,0.03338154
217.837,4.0089,19.9988,1.2005,4.0,20.0,1.399999976158142,0.051636323,-0.044103824,0.49232078,0.49232078,-0.040279705,0.032747205,0.051636323,-0.044103824,0.49232078,0.49232078,-0.040279705,0.032747205
217.888,4.0087,19.9989,1.1998,4.0,20.0,1.399999976158142,0.052929074,-0.044873636,0.49251848,0.49251848,-0.041299965,0.033244524,0.052929074,-0.044873636,0.49251848,0.49251848,-0.041299965,0.033244524
217.937,4.0086,19.9990,1.1995,4.0,20.0,1.399999976158142,0.05116189,-0.044063,0.49788174,0.49788174,-0.03993946,0.03284057,0.05116189,-0.044063,0.49788174,0.49788174,-0.03993946,0.03284057
217.988,4.0084,19.9991,1.1987,4.0,20.0,1.399999976158142,0.052245475,-0.044652883,0.49753258,0.49753258,-0.040777687,0.0331851,0.052245475,-0.044652883,0.49753258,0.49753258,-0.040777687,0.0331851
218.037,4.0083,19.9992,1.1983,4.0,20.0,1.399999976158142,0.050730053,-0.04407166,0.50368327,0.50368327,-0.03962928,0.032970887,0.050730053,-0.04407166,0.50368327,0.50368327,-0.03962928,0.032970887
218.088,4.0082,19.9994,1.1974,4.0,20.0,1.399999976158142,0.051650476,-0.044517618,0.50288695,0.50288695,-0.040327597,0.03319474,0.051650476,-0.044517618,0.50288695,0.50288695,-0.040327597,0.03319474
218.148,4.0081,19.9994,1.1970,4.0,20.0,1.399999976158142,0.050367583,-0.044147447,0.5095712,0.5095712,-0.039375123,0.033154987,0.050367583,-0.044147447,0.5095712,0.5095712,-0.039375123,0.033154987
218.198,4.0080,19.9995,1.1966,4.0,20.0,1.399999976158142,0.051135365,-0.04446514,0.50849795,0.50849795,-0.039945137,0.03327491,0.051135365,-0.04446514,0.50849795,0.50849795,-0.039945137,0.03327491
218.247,4.0078,19.9997,1.1956,4.0,20.0,1.399999976158142,0.05100659,-0.044469703,0.5106826,0.5106826,-0.039845236,0.03330835,0.05100659,-0.044469703,0.5106826,0.5106826,-0.039845236,0.03330835
218.298,4.0077,19.9998,1.1945,4.0,20.0,1.399999976158142,0.049952917,-0.044337235,0.51790375,0.51790375,-0.039094277,0.033478595,0.049952917,-0.044337235,0.51790375,0.51790375,-0.039094277,0.033478595
218.347,4.0076,19.9999,1.1941,4.0,20.0,1.399999976158142,0.049767043,-0.044487625,0.5216187,0.5216187,-0.03898855,0.03370913,0.049767043,-0.044487625,0.5216187,0.5216187,-0.03898855,0.03370913
218.397,4.0074,20.0001,1.1936,4.0,20.0,1.399999976158142,0.13810699,-0.12478317,1.0,1.0,-0.113886856,0.10056305,0.13810699,-0.12478317,1.0,1.0,-0.113886856,0.10056305
218.448,4.0073,20.0002,1.1938,4.0,20.0,1.399999976158142,0.048642047,-0.044356484,0.49878883,0.49878883,-0.038440876,0.034155313,0.048642047,-0.044356484,0.49878883,0.49878883,-0.038440876,0.034155313
218.498,4.0071,20.0004,1.1942,4.0,20.0,1.399999976158142,0.0488451,-0.044199057,0.49468356,0.49468356,-0.038499285,0.03385324,0.0488451,-0.044199057,0.49468356,0.49468356,-0.038499285,0.03385324
218.548,4.0070,20.0005,1.1944,4.0,20.0,1.399999976158142,0.047234397,-0.043830145,0.49352032,0.49352032,-0.03722826,0.033824008,0.047234397,-0.043830145,0.49352032,0.49352032,-0.03722826,0.033824008
218.598,4.0068,20.0007,1.1946,4.0,20.0,1.399999976158142,0.048221402,-0.04416555,0.49645734,0.49645734,-0.038017854,0.033962004,0.048221402,-0.04416555,0.49645734,0.49645734,-0.038017854,0.033962004
218.635,4.0068,20.0007,1.1946,4.0,20.0,1.399999976158142,0.048221402,-0.04416555,0.49645734,0.49645734,-0.038017854,0.033962004,0.048221402,-0.04416555,0.49645734,0.49645734,-0.038017854,0.033962004
218.687,4.0067,20.0008,1.1946,4.0,20.0,1.399999976158142,0.046927106,-0.044014387,0.4968293,0.4968293,-0.03704769,0.034134977,0.046927106,-0.044014387,0.4968293,0.4968293,-0.03704769,0.034134977
218.737,4.0066,20.0010,1.1946,4.0,20.0,1.399999976158142,0.04772524,-0.04422548,0.49904183,0.49904183,-0.037658606,0.034158845,0.04772524,-0.04422548,0.49904183,0.49904183,-0.037658606,0.034158845
218.787,4.0063,20.0012,1.1943,4.0,20.0,1.399999976158142,0.04731361,-0.044362694,0.5022306,0.5022306,-0.03738149,0.03443058,0.04731361,-0.044362694,0.5022306,0.5022306,-0.03738149,0.03443058
218.837,4.0063,20.0012,1.1943,4.0,20.0,1.399999976158142,0.04731361,-0.044362694,0.5022306,0.5022306,-0.03738149,0.03443058,0.04731361,-0.044362694,0.5022306,0.5022306,-0.03738149,0.03443058
218.888,4.0060,20.0015,1.1939,4.0,20.0,1.399999976158142,0.046977464,-0.04455059,0.5059231,0.5059231,-0.037173785,0.03474691,0.046977464,-0.04455059,0.5059231,0.5059231,-0.037173785,0.03474691
218.937,4.0060,20.0015,1.1939,4.0,20.0,1.399999976158142,0.046977464,-0.04455059,0.5059231,0.5059231,-0.037173785,0.03474691,0.046977464,-0.04455059,0.5059231,0.5059231,-0.037173785,0.03474691
218.987,4.0060,20.0015,1.1937,4.0,20.0,1.399999976158142,0.04627447,-0.044855893,0.50952774,0.50952774,-0.036764875,0.0353463,0.04627447,-0.044855893,0.50952774,0.50952774,-0.036764875,0.0353463
219.036,4.0058,20.0017,1.1932,4.0,20.0,1.399999976158142,0.046697382,-0.044773497,0.51000553,0.51000553,-0.03701577,0.035091884,0.046697382,-0.044773497,0.51000553,0.51000553,-0.03701577,0.035091884
219.088,4.0056,20.0019,1.1924,4.0,20.0,1.399999976158142,0.04646479,-0.045033645,0.5143806,0.5143806,-0.03689921,0.035468064,0.04646479,-0.045033645,0.5143806,0.5143806,-0.03689921,0.035468064
219.137,4.0056,20.0019,1.1924,4.0,20.0,1.399999976158142,0.04646479,-0.045033645,0.5143806,0.5143806,-0.03689921,0.035468064,0.04646479,-0.045033645,0.5143806,0.5143806,-0.03689921,0.035468064
219.187,4.0054,20.0021,1.1918,4.0,20.0,1.399999976158142,0.046274032,-0.04533579,0.5189725,0.5189725,-0.036819026,0.03588078,0.046274032,-0.04533579,0.5189725,0.5189725,-0.036819026,0.03588078
219.237,4.0053,20.0022,1.1911,4.0,20.0,1.399999976158142,0.046230447,-0.045435764,0.5208625,0.5208625,-0.036799118,0.03600443,0.046230447,-0.045435764,0.5208625,0.5208625,-0.036799118,0.03600443
219.287,4.0051,20.0024,1.1905,4.0,20.0,1.399999976158142,0.04589423,-0.04604111,0.5260859,0.5260859,-0.03671278,0.036859658,0.04589423,-0.04604111,0.5260859,0.5260859,-0.03671278,0.036859658
219.337,4.0051,20.0025,1.1902,4.0,20.0,1.399999976158142,0.045842994,-0.04634499,0.5290727,0.5290727,-0.036731604,0.037233606,0.045842994,-0.04634499,0.5290727,0.5290727,-0.036731604,0.037233606
219.387,4.0049,20.0027,1.1900,4.0,20.0,1.399999976158142,0.12501067,-0.12435165,1.0,1.0,-0.104912825,0.1042538,0.12501067,-0.12435165,1.0,1.0,-0.104912825,0.1042538
219.437,4.0048,20.0028,1.1903,4.0,20.0,1.399999976158142,0.04508926,-0.046375792,0.5045352,0.5045352,-0.03644934,0.037735876,0.04508926,-0.046375792,0.5045352,0.5045352,-0.03644934,0.037735876
219.487,4.0046,20.0030,1.1911,4.0,20.0,1.399999976158142,0.04497422,-0.045901533,0.5014368,0.5014368,-0.03621168,0.03713899,0.04497422,-0.045901533,0.5014368,0.5014368,-0.03621168,0.03713899
219.538,4.0045,20.0031,1.1914,4.0,20.0,1.399999976158142,0.043976486,-0.04612259,0.49844798,0.49844798,-0.03547555,0.037621655,0.043976486,-0.04612259,0.49844798,0.49844798,-0.03547555,0.037621655
219.587,4.0044,20.0033,1.1919,4.0,20.0,1.399999976158142,0.044578206,-0.046087768,0.5022866,0.5022866,-0.035917003,0.03742656,0.044578206,-0.046087768,0.5022866,0.5022866,-0.035917003,0.03742656
219.638,4.0043,20.0034,1.1921,4.0,20.0,1.399999976158142,0.043810878,-0.0464146,0.50089043,0.50089043,-0.0353849,0.03798862,0.043810878,-0.0464146,0.50089043,0.50089043,-0.0353849,0.03798862
219.698,4.0041,20.0035,1.1923,4.0,20.0,1.399999976158142,0.0442834,-0.046321344,0.5039844,0.5039844,-0.03571046,0.0377484,0.0442834,-0.046321344,0.5039844,0.5039844,-0.03571046,0.0377484
219.738,4.0041,20.0036,1.1924,4.0,20.0,1.399999976158142,0.043685522,-0.04672611,0.50392205,0.50392205,-0.035323866,0.038364455,0.043685522,-0.04672611,0.50392205,0.50392205,-0.035323866,0.038364455
219.788,4.0039,20.0038,1.1925,4.0,20.0,1.399999976158142,0.044045955,-0.046584547,0.50630236,0.50630236,-0.03555129,0.03808988,0.044045955,-0.046584547,0.50630236,0.50630236,-0.03555129,0.03808988
219.838,4.0039,20.0039,1.1925,4.0,20.0,1.399999976158142,0.043571953,-0.047063164,0.5073836,0.5073836,-0.035269093,0.038760304,0.043571953,-0.047063164,0.5073836,0.5073836,-0.035269093,0.038760304
219.888,4.0038,20.0039,1.1924,4.0,20.0,1.399999976158142,0.04384412,-0.046881758,0.5091595,0.5091595,-0.03542086,0.0384585,0.04384412,-0.046881758,0.5091595,0.5091595,-0.03542086,0.0384585
219.938,4.0037,20.0041,1.1923,4.0,20.0,1.399999976158142,0.043789063,-0.046984088,0.5106036,0.5106036,-0.035380796,0.038575817,0.043789063,-0.046984088,0.5106036,0.5106036,-0.035380796,0.038575817
219.988,4.0036,20.0042,1.1922,4.0,20.0,1.399999976158142,0.04341934,-0.04756709,0.51290286,0.51290286,-0.035187848,0.0393356,0.04341934,-0.04756709,0.51290286,0.51290286,-0.035187848,0.0393356
220.038,4.0035,20.0044,1.1919,4.0,20.0,1.399999976158142,0.043624327,-0.04732338,0.51402193,0.51402193,-0.035280567,0.038979616,0.043624327,-0.04732338,0.51402193,0.51402193,-0.035280567,0.038979616
220.087,4.0033,20.0045,1.1916,4.0,20.0,1.399999976158142,0.043323405,-0.047963604,0.5170632,0.5170632,-0.035144594,0.039784797,0.043323405,-0.047963604,0.5170632,0.5170632,-0.035144594,0.039784797
220.137,4.0033,20.0046,1.1914,4.0,20.0,1.399999976158142,0.043266892,-0.048247833,0.5195803,0.5195803,-0.035128806,0.040109746,0.043266892,-0.048247833,0.5195803,0.5195803,-0.035128806,0.040109746
220.187,4.0031,20.0048,1.1910,4.0,20.0,1.399999976158142,0.04340236,-0.04794677,0.5200375,0.5200375,-0.035162624,0.03970703,0.04340236,-0.04794677,0.5200375,0.5200375,-0.035162624,0.03970703
220.248,4.0031,20.0048,1.1908,4.0,20.0,1.399999976158142,0.043205447,-0.048688337,0.523968,0.523968,-0.035115477,0.040598366,0.043205447,-0.048688337,0.523968,0.523968,-0.035115477,0.040598366
220.287,4.0029,20.0050,1.1903,4.0,20.0,1.399999976158142,0.043305907,-0.048355993,0.52415246,0.52415246,-0.035119265,0.04016935,0.043305907,-0.048355993,0.52415246,0.52415246,-0.035119265,0.04016935
220.337,4.0029,20.0051,1.1900,4.0,20.0,1.399999976158142,0.043162894,-0.049155347,0.5283969,0.5283969,-0.035118595,0.04111105,0.043162894,-0.049155347,0.5283969,0.5283969,-0.035118595,0.04111105
220.387,4.0027,20.0053,1.1900,4.0,20.0,1.399999976158142,0.11919829,-0.13039057,1.0,1.0,-0.1015965,0.112788774,0.11919829,-0.13039057,1.0,1.0,-0.1015965,0.112788774
220.438,4.0027,20.0054,1.1905,4.0,20.0,1.399999976158142,0.04254034,-0.049129352,0.5032737,0.5032737,-0.034879576,0.041468587,0.04254034,-0.049129352,0.5032737,0.5032737,-0.034879576,0.041468587
220.488,4.0025,20.0056,1.1914,4.0,20.0,1.399999976158142,0.042343736,-0.048580635,0.5006823,0.5006823,-0.03460731,0.040844213,0.042343736,-0.048580635,0.5006823,0.5006823,-0.03460731,0.040844213
220.537,4.0024,20.0057,1.1917,4.0,20.0,1.399999976158142,0.04139865,-0.048835512,0.4968052,0.4968052,-0.033842657,0.041279517,0.04139865,-0.048835512,0.4968052,0.4968052,-0.033842657,0.041279517
220.587,4.0023,20.0059,1.1924,4.0,20.0,1.399999976158142,0.041947335,-0.048776478,0.5010767,0.5010767,-0.034279633,0.041108776,0.041947335,-0.048776478,0.5010767,0.5010767,-0.034279633,0.041108776
220.638,4.0022,20.0060,1.1926,4.0,20.0,1.399999976158142,0.0412089,-0.049110163,0.49891564,0.49891564,-0.033709023,0.041610286,0.0412089,-0.049110163,0.49891564,0.49891564,-0.033709023,0.041610286
220.688,4.0021,20.0062,1.1930,4.0,20.0,1.399999976158142,0.041648533,-0.049010023,0.50240684,0.50240684,-0.03404287,0.04140436,0.041648533,-0.049010023,0.50240684,0.50240684,-0.03404287,0.04140436
220.738,4.0020,20.0062,1.1931,4.0,20.0,1.399999976158142,0.041063257,-0.04939928,0.50169677,0.50169677,-0.033614624,0.041950647,0.041063257,-0.04939928,0.50169677,0.50169677,-0.033614624,0.041950647
220.788,4.0019,20.0063,1.1932,4.0,20.0,1.399999976158142,0.0413996,-0.04926818,0.50439286,0.50439286,-0.033853553,0.041722134,0.0413996,-0.04926818,0.50439286,0.50439286,-0.033853553,0.041722134
220.838,4.0018,20.0065,1.1933,4.0,20.0,1.399999976158142,0.041335974,-0.049353607,0.5056154,0.5056154,-0.033800766,0.0418184,0.041335974,-0.049353607,0.5056154,0.5056154,-0.033800766,0.0418184
220.888,4.0017,20.0066,1.1933,4.0,20.0,1.399999976158142,0.04088936,-0.049823932,0.5064428,0.5064428,-0.033503935,0.04243851,0.04088936,-0.049823932,0.5064428,0.5064428,-0.033503935,0.04243851
220.938,4.0016,20.0067,1.1933,4.0,20.0,1.399999976158142,0.0407949,-0.05007107,0.5085158,0.5085158,-0.033453587,0.042729758,0.0407949,-0.05007107,0.5085158,0.5085158,-0.033453587,0.042729758
220.988,4.0015,20.0069,1.1931,4.0,20.0,1.399999976158142,0.04100555,-0.04986622,0.51004314,0.51004314,-0.033571877,0.042432547,0.04100555,-0.04986622,0.51004314,0.51004314,-0.033571877,0.042432547
221.037,4.0014,20.0070,1.1930,4.0,20.0,1.399999976158142,0.040664863,-0.05045207,0.51248837,0.51248837,-0.03337838,0.043165583,0.040664863,-0.05045207,0.51248837,0.51248837,-0.03337838,0.043165583
221.088,4.0013,20.0071,1.1927,4.0,20.0,1.399999976158142,0.04083729,-0.05020806,0.51351786,0.51351786,-0.033459794,0.04283056,0.04083729,-0.05020806,0.51351786,0.51351786,-0.033459794,0.04283056
221.137,4.0013,20.0072,1.1926,4.0,20.0,1.399999976158142,0.040552698,-0.050834782,0.5166767,0.5166767,-0.033317234,0.043599315,0.040552698,-0.050834782,0.5166767,0.5166767,-0.033317234,0.043599315
221.187,4.0011,20.0074,1.1922,4.0,20.0,1.399999976158142,0.040691365,-0.050565276,0.5173144,0.5173144,-0.033367272,0.043241184,0.040691365,-0.050565276,0.5173144,0.5173144,-0.033367272,0.043241184
221.237,4.0011,20.0074,1.1920,4.0,20.0,1.399999976158142,0.04045383,-0.05124599,0.5210335,0.5210335,-0.03326978,0.04406194,0.04045383,-0.05124599,0.5210335,0.5210335,-0.03326978,0.04406194
221.298,4.0010,20.0076,1.1915,4.0,20.0,1.399999976158142,0.04056445,-0.05094798,0.5213419,0.5213419,-0.033292826,0.043676354,0.04056445,-0.05094798,0.5213419,0.5213419,-0.033292826,0.043676354
221.337,4.0009,20.0077,1.1913,4.0,20.0,1.399999976158142,0.040372007,-0.05167541,0.52545327,0.52545327,-0.033236165,0.044539567,0.040372007,-0.05167541,0.52545327,0.52545327,-0.033236165,0.044539567
221.387,4.0008,20.0079,1.1913,4.0,20.0,1.399999976158142,0.11420473,-0.13701959,1.0,1.0,-0.0984793,0.12129416,0.11420473,-0.13701959,1.0,1.0,-0.0984793,0.12129416
221.437,4.0007,20.0080,1.1917,4.0,20.0,1.399999976158142,0.03980288,-0.051500723,0.5004444,0.5004444,-0.0330161,0.044713944,0.03980288,-0.051500723,0.5004444,0.5004444,-0.0330161,0.044713944
221.488,4.0005,20.0082,1.1927,4.0,20.0,1.399999976158142,0.03961179,-0.050986856,0.4978527,0.4978527,-0.03275547,0.044130538,0.03961179,-0.050986856,0.4978527,0.4978527,-0.03275547,0.044130538
221.538,4.0004,20.0083,1.1930,4.0,20.0,1.399999976158142,0.0385797,-0.05111519,0.49396428,0.49396428,-0.031897087,0.04443258,0.0385797,-0.05111519,0.49396428,0.49396428,-0.031897087,0.04443258
221.588,4.0003,20.0085,1.1936,4.0,20.0,1.399999976158142,0.03917802,-0.05113571,0.49827284,0.49827284,-0.03238858,0.044346265,0.03917802,-0.05113571,0.49827284,0.49827284,-0.03238858,0.044346265
221.637,4.0002,20.0085,1.1939,4.0,20.0,1.399999976158142,0.038364314,-0.05135737,0.49614987,0.49614987,-0.03173506,0.04472812,0.038364314,-0.05135737,0.49614987,0.49614987,-0.03173506,0.04472812
221.687,4.0001,20.0087,1.1942,4.0,20.0,1.399999976158142,0.038841236,-0.051330667,0.49961767,0.49961767,-0.032112375,0.044601806,0.038841236,-0.051330667,0.49961767,0.49961767,-0.032112375,0.044601806
221.738,4.0000,20.0088,1.1944,4.0,20.0,1.399999976158142,0.03818529,-0.051623564,0.4989568,0.4989568,-0.031605694,0.045043964,0.03818529,-0.051623564,0.4989568,0.4989568,-0.031605694,0.045043964
221.787,4.0000,20.0089,1.1944,4.0,20.0,1.399999976158142,0.038565133,-0.051550936,0.50167155,0.50167155,-0.031891022,0.04487683,0.038565133,-0.051550936,0.50167155,0.50167155,-0.031891022,0.04487683
221.838,3.9999,20.0090,1.1945,4.0,20.0,1.399999976158142,0.03848814,-0.051629327,0.5029073,0.5029073,-0.03182469,0.044965878,0.03848814,-0.051629327,0.5029073,0.5029073,-0.03182469,0.044965878
221.888,3.9997,20.0092,1.1945,4.0,20.0,1.399999976158142,0.037983533,-0.052010447,0.5038769,0.5038769,-0.031456865,0.04548378,0.037983533,-0.052010447,0.5038769,0.5038769,-0.031456865,0.04548378
221.938,3.9997,20.0092,1.1944,4.0,20.0,1.399999976158142,0.037876744,-0.052230902,0.50605416,0.50605416,-0.031385686,0.04573984,0.037876744,-0.052230902,0.50605416,0.50605416,-0.031385686,0.04573984
221.988,3.9996,20.0094,1.1942,4.0,20.0,1.399999976158142,0.038107947,-0.05208527,0.5074989,0.5074989,-0.0315348,0.04551212,0.038107947,-0.05208527,0.5074989,0.5074989,-0.0315348,0.04551212
222.037,3.9995,20.0095,1.1941,4.0,20.0,1.399999976158142,0.03772291,-0.05257557,0.5101575,0.5101575,-0.031275716,0.04612837,0.03772291,-0.05257557,0.5101575,0.5101575,-0.031275716,0.04612837
222.088,3.9994,20.0096,1.1938,4.0,20.0,1.399999976158142,0.037916336,-0.052387614,0.5111001,0.5111001,-0.031388868,0.045860145,0.037916336,-0.052387614,0.5111001,0.5111001,-0.031388868,0.045860145
222.137,3.9994,20.0097,1.1936,4.0,20.0,1.399999976158142,0.03758724,-0.05293272,0.51451164,0.51451164,-0.031180829,0.046526305,0.03758724,-0.05293272,0.51451164,0.51451164,-0.031180829,0.046526305
222.187,3.9992,20.0099,1.1932,4.0,20.0,1.399999976158142,0.037748627,-0.052713152,0.5150262,0.5150262,-0.0312642,0.04622872,0.037748627,-0.052713152,0.5150262,0.5150262,-0.0312642,0.04622872
222.237,3.9992,20.0099,1.1929,4.0,20.0,1.399999976158142,0.037475087,-0.053315848,0.51902366,0.51902366,-0.03110668,0.046947442,0.037475087,-0.053315848,0.51902366,0.51902366,-0.03110668,0.046947442
222.288,3.9991,20.0101,1.1924,4.0,20.0,1.399999976158142,0.037603352,-0.05306763,0.5192004,0.5192004,-0.031160008,0.046624284,0.037603352,-0.05306763,0.5192004,0.5192004,-0.031160008,0.046624284
222.337,3.9990,20.0101,1.1922,4.0,20.0,1.399999976158142,0.03738203,-0.053725902,0.52361476,0.52361476,-0.031049293,0.047393166,0.03738203,-0.053725902,0.52361476,0.52361476,-0.031049293,0.047393166
222.387,3.9989,20.0103,1.1921,4.0,20.0,1.399999976158142,0.10830992,-0.14228058,1.0,1.0,-0.09431083,0.12828149,0.10830992,-0.14228058,1.0,1.0,-0.09431083,0.12828149
222.438,3.9988,20.0104,1.1926,4.0,20.0,1.399999976158142,0.036905494,-0.053438816,0.49888298,0.49888298,-0.030874286,0.047407605,0.036905494,-0.053438816,0.49888298,0.49888298,-0.030874286,0.047407605
222.488,3.9987,20.0106,1.1934,4.0,20.0,1.399999976158142,0.03672454,-0.052958943,0.49616876,0.49616876,-0.030635523,0.046869926,0.03672454,-0.052958943,0.49616876,0.49616876,-0.030635523,0.046869926
222.537,3.9986,20.0107,1.1938,4.0,20.0,1.399999976158142,0.035646975,-0.05299615,0.49251524,0.49251524,-0.029700786,0.047049962,0.035646975,-0.05299615,0.49251524,0.49251524,-0.029700786,0.047049962
222.588,3.9985,20.0108,1.1940,4.0,20.0,1.399999976158142,0.0362671,-0.053074032,0.49671414,0.49671414,-0.030231247,0.04703818,0.0362671,-0.053074032,0.49671414,0.49671414,-0.030231247,0.04703818
222.638,3.9984,20.0110,1.1946,4.0,20.0,1.399999976158142,0.036148418,-0.053128272,0.49758306,0.49758306,-0.03012283,0.047102686,0.036148418,-0.053128272,0.49758306,0.49758306,-0.03012283,0.047102686
222.687,3.9984,20.0110,1.1947,4.0,20.0,1.399999976158142,0.035350367,-0.053290837,0.49616995,0.49616995,-0.029452212,0.047392678,0.035350367,-0.053290837,0.49616995,0.49616995,-0.029452212,0.047392678
222.737,3.9982,20.0112,1.1950,4.0,20.0,1.399999976158142,0.035813756,-0.053301845,0.49927995,0.49927995,-0.029834015,0.047322106,0.035813756,-0.053301845,0.49927995,0.49927995,-0.029834015,0.047322106
222.788,3.9981,20.0114,1.1951,4.0,20.0,1.399999976158142,0.035167668,-0.05353947,0.49929208,0.49929208,-0.029306319,0.04767812,0.035167668,-0.05353947,0.49929208,0.49929208,-0.029306319,0.04767812
222.837,3.9981,20.0114,1.1951,4.0,20.0,1.399999976158142,0.03505766,-0.053719927,0.50128657,0.50128657,-0.029224664,0.04788693,0.03505766,-0.053719927,0.50128657,0.50128657,-0.029224664,0.04788693
222.887,3.9980,20.0116,1.1950,4.0,20.0,1.399999976158142,0.035359725,-0.053657845,0.50318485,0.50318485,-0.029455017,0.047753137,0.035359725,-0.053657845,0.50318485,0.50318485,-0.029455017,0.047753137
222.938,3.9979,20.0117,1.1949,4.0,20.0,1.399999976158142,0.034881577,-0.054026533,0.5051928,0.5051928,-0.029086106,0.04823106,0.034881577,-0.054026533,0.5051928,0.5051928,-0.029086106,0.04823106
222.988,3.9978,20.0118,1.1947,4.0,20.0,1.399999976158142,0.0351298,-0.05391847,0.50650436,0.50650436,-0.029264545,0.048053216,0.0351298,-0.05391847,0.50650436,0.50650436,-0.029264545,0.048053216
223.037,3.9978,20.0119,1.1945,4.0,20.0,1.399999976158142,0.034727342,-0.054349173,0.50943947,0.50943947,-0.02896671,0.04858854,0.034727342,-0.054349173,0.50943947,0.50943947,-0.02896671,0.04858854
223.087,3.9977,20.0120,1.1941,4.0,20.0,1.399999976158142,0.034929633,-0.05420112,0.5102421,0.5102421,-0.029101558,0.048373047,0.034929633,-0.05420112,0.5102421,0.5102421,-0.029101558,0.048373047
223.138,3.9976,20.0121,1.1940,4.0,20.0,1.399999976158142,0.03459595,-0.054689866,0.5139153,0.5139153,-0.02886814,0.048962057,0.03459595,-0.054689866,0.5139153,0.5139153,-0.02886814,0.048962057
223.187,3.9975,20.0122,1.1935,4.0,20.0,1.399999976158142,0.034758125,-0.054509416,0.5143038,0.5143038,-0.028965114,0.048716404,0.034758125,-0.054509416,0.5143038,0.5143038,-0.028965114,0.048716404
223.237,3.9975,20.0123,1.1932,4.0,20.0,1.399999976158142,0.03448563,-0.055061705,0.5185542,0.5185542,-0.028789898,0.04936597,0.03448563,-0.055061705,0.5185542,0.5185542,-0.028789898,0.04936597
223.287,3.9974,20.0124,1.1927,4.0,20.0,1.399999976158142,0.03461085,-0.054848436,0.5186094,0.5186094,-0.028851891,0.049089476,0.03461085,-0.054848436,0.5186094,0.5186094,-0.028851891,0.049089476
223.337,3.9973,20.0125,1.1924,4.0,20.0,1.399999976158142,0.034395497,-0.055460617,0.5232612,0.5232612,-0.02873028,0.049795404,0.034395497,-0.055460617,0.5232612,0.5232612,-0.02873028,0.049795404
223.398,3.9972,20.0127,1.1923,4.0,20.0,1.399999976158142,0.101525374,-0.14589398,1.0,1.0,-0.08900784,0.13337643,0.101525374,-0.14589398,1.0,1.0,-0.08900784,0.13337643
223.447,3.9971,20.0128,1.1927,4.0,20.0,1.399999976158142,0.034030065,-0.05509364,0.49873567,0.49873567,-0.028633643,0.04969722,0.034030065,-0.05509364,0.49873567,0.49873567,-0.028633643,0.04969722
223.487,3.9971,20.0128,1.1931,4.0,20.0,1.399999976158142,0.033842072,-0.05464023,0.49589273,0.49589273,-0.028396228,0.049194388,0.033842072,-0.05464023,0.49589273,0.49589273,-0.028396228,0.049194388
223.537,3.9969,20.0130,1.1939,4.0,20.0,1.399999976158142,0.033680283,-0.054666672,0.49646688,0.49646688,-0.028245032,0.049231417,0.033680283,-0.054666672,0.49646688,0.49646688,-0.028245032,0.049231417
223.587,3.9969,20.0131,1.1942,4.0,20.0,1.399999976158142,0.0327029,-0.05470653,0.4935674,0.4935674,-0.027389819,0.04939345,0.0327029,-0.05470653,0.4935674,0.4935674,-0.027389819,0.04939345
223.637,3.9967,20.0133,1.1946,4.0,20.0,1.399999976158142,0.033271577,-0.054795083,0.4974385,0.4974385,-0.027881097,0.049404602,0.033271577,-0.054795083,0.4974385,0.4974385,-0.027881097,0.049404602
223.687,3.9966,20.0134,1.1949,4.0,20.0,1.399999976158142,0.032486852,-0.054919984,0.4962031,0.4962031,-0.027209625,0.049642757,0.032486852,-0.054919984,0.4962031,0.4962031,-0.027209625,0.049642757
223.738,3.9966,20.0135,1.1950,4.0,20.0,1.399999976158142,0.03236597,-0.055073097,0.49790907,0.49790907,-0.027115634,0.049822763,0.03236597,-0.055073097,0.49790907,0.49790907,-0.027115634,0.049822763
223.787,3.9965,20.0136,1.1951,4.0,20.0,1.399999976158142,0.032743,-0.05507518,0.5004081,0.5004081,-0.02742388,0.049756058,0.032743,-0.05507518,0.5004081,0.5004081,-0.02742388,0.049756058
223.838,3.9964,20.0137,1.1951,4.0,20.0,1.399999976158142,0.03219238,-0.055328652,0.5014746,0.5014746,-0.02697428,0.050110552,0.03219238,-0.055328652,0.5014746,0.5014746,-0.02697428,0.050110552
223.898,3.9963,20.0138,1.1950,4.0,20.0,1.399999976158142,0.03248635,-0.055289306,0.50328994,0.50328994,-0.02720351,0.050006464,0.03248635,-0.055289306,0.50328994,0.50328994,-0.02720351,0.050006464
223.937,3.9963,20.0139,1.1949,4.0,20.0,1.399999976158142,0.032018125,-0.055623017,0.50544906,0.50544906,-0.026833327,0.050438218,0.032018125,-0.055623017,0.50544906,0.50544906,-0.026833327,0.050438218
223.988,3.9962,20.0140,1.1946,4.0,20.0,1.399999976158142,0.032256898,-0.055536173,0.50667816,0.50667816,-0.027009284,0.05028856,0.032256898,-0.055536173,0.50667816,0.50667816,-0.027009284,0.05028856
224.037,3.9961,20.0141,1.1945,4.0,20.0,1.399999976158142,0.031868923,-0.055926945,0.5097436,0.5097436,-0.02671382,0.050771844,0.031868923,-0.055926945,0.5097436,0.5097436,-0.02671382,0.050771844
224.088,3.9960,20.0142,1.1941,4.0,20.0,1.399999976158142,0.03205923,-0.055804133,0.51048005,0.51048005,-0.026844079,0.050588984,0.03205923,-0.055804133,0.51048005,0.51048005,-0.026844079,0.050588984
224.137,3.9960,20.0143,1.1939,4.0,20.0,1.399999976158142,0.031739432,-0.05625569,0.5142683,0.5142683,-0.02661299,0.05112925,0.031739432,-0.05625569,0.5142683,0.5142683,-0.02661299,0.05112925
224.188,3.9959,20.0144,1.1934,4.0,20.0,1.399999976158142,0.0318894,-0.056101065,0.51459765,0.51459765,-0.026705137,0.050916802,0.0318894,-0.056101065,0.51459765,0.51459765,-0.026705137,0.050916802
224.237,3.9959,20.0145,1.1931,4.0,20.0,1.399999976158142,0.031635053,-0.05661883,0.51893795,0.51893795,-0.026535677,0.051519454,0.031635053,-0.05661883,0.51893795,0.51893795,-0.026535677,0.051519454
224.287,3.9958,20.0146,1.1925,4.0,20.0,1.399999976158142,0.031747427,-0.056431185,0.5189483,0.5189483,-0.026592206,0.051275965,0.031747427,-0.056431185,0.5189483,0.5189483,-0.026592206,0.051275965
224.337,3.9957,20.0147,1.1923,4.0,20.0,1.399999976158142,0.031553484,-0.057015315,0.52367634,0.52367634,-0.026479295,0.051941127,0.031553484,-0.057015315,0.52367634,0.52367634,-0.026479295,0.051941127
224.387,3.9957,20.0148,1.1920,4.0,20.0,1.399999976158142,0.09523071,-0.14927159,1.0,1.0,-0.084024385,0.13806526,0.09523071,-0.14927159,1.0,1.0,-0.084024385,0.13806526
224.448,3.9956,20.0149,1.1926,4.0,20.0,1.399999976158142,0.031905323,-0.05640461,0.5005736,0.5005736,-0.026978407,0.051477693,0.031905323,-0.05640461,0.5005736,0.5005736,-0.026978407,0.051477693
224.498,3.9954,20.0151,1.1934,4.0,20.0,1.399999976158142,0.030626215,-0.05624821,0.49518484,0.49518484,-0.025816549,0.051438544,0.030626215,-0.05624821,0.49518484,0.49518484,-0.025816549,0.051438544
224.548,3.9954,20.0152,1.1937,4.0,20.0,1.399999976158142,0.03007039,-0.05610008,0.49293268,0.49293268,-0.025299832,0.051329523,0.03007039,-0.05610008,0.49293268,0.49293268,-0.025299832,0.051329523
224.598,3.9953,20.0154,1.1943,4.0,20.0,1.399999976158142,0.030639604,-0.056221906,0.49692655,0.49692655,-0.025801785,0.051384088,0.030639604,-0.056221906,0.49692655,0.49692655,-0.025801785,0.051384088
224.648,3.9952,20.0154,1.1944,4.0,20.0,1.399999976158142,0.02983241,-0.056288995,0.49534112,0.49534112,-0.02509367,0.051550254,0.02983241,-0.056288995,0.49534112,0.49534112,-0.02509367,0.051550254
224.698,3.9951,20.0156,1.1947,4.0,20.0,1.399999976158142,0.030292151,-0.056361917,0.49854666,0.49854666,-0.025489865,0.05155963,0.030292151,-0.056361917,0.49854666,0.49854666,-0.025489865,0.05155963
224.748,3.9951,20.0156,1.1948,4.0,20.0,1.399999976158142,0.02964522,-0.05650619,0.49841353,0.49841353,-0.024934411,0.051795382,0.02964522,-0.05650619,0.49841353,0.49841353,-0.024934411,0.051795382
224.787,3.9950,20.0158,1.1949,4.0,20.0,1.399999976158142,0.030001158,-0.056531806,0.50085235,0.50085235,-0.025231373,0.051762022,0.030001158,-0.056531806,0.50085235,0.50085235,-0.025231373,0.051762022
224.837,3.9949,20.0158,1.1949,4.0,20.0,1.399999976158142,0.029468836,-0.056751493,0.5019503,0.5019503,-0.024785725,0.052068383,0.029468836,-0.056751493,0.5019503,0.5019503,-0.024785725,0.052068383
224.887,3.9948,20.0160,1.1948,4.0,20.0,1.399999976158142,0.029748196,-0.05673445,0.503746,0.503746,-0.025008941,0.051995195,0.029748196,-0.05673445,0.503746,0.503746,-0.025008941,0.051995195
224.948,3.9948,20.0160,1.1947,4.0,20.0,1.399999976158142,0.029299332,-0.05703212,0.50592214,0.50592214,-0.024643574,0.052376363,0.029299332,-0.05703212,0.50592214,0.50592214,-0.024643574,0.052376363
224.998,3.9947,20.0161,1.1944,4.0,20.0,1.399999976158142,0.029521871,-0.05696916,0.50714374,0.50714374,-0.024812173,0.05225946,0.029521871,-0.05696916,0.50714374,0.50714374,-0.024812173,0.05225946
225.048,3.9947,20.0162,1.1942,4.0,20.0,1.399999976158142,0.02914945,-0.057326745,0.51021045,0.51021045,-0.024519103,0.052696396,0.02914945,-0.057326745,0.51021045,0.51021045,-0.024519103,0.052696396
225.098,3.9946,20.0163,1.1938,4.0,20.0,1.399999976158142,0.029327856,-0.05722556,0.5109413,0.5109413,-0.02464515,0.05254285,0.029327856,-0.05722556,0.5109413,0.5109413,-0.02464515,0.05254285
225.148,3.9945,20.0164,1.1936,4.0,20.0,1.399999976158142,0.029022789,-0.057646904,0.5147265,0.5147265,-0.024416305,0.053040422,0.029022789,-0.057646904,0.5147265,0.5147265,-0.024416305,0.053040422
225.198,3.9944,20.0165,1.1931,4.0,20.0,1.399999976158142,0.029161472,-0.05751284,0.5150519,0.5150519,-0.024504408,0.05285578,0.029161472,-0.05751284,0.5150519,0.5150519,-0.024504408,0.05285578
225.248,3.9944,20.0166,1.1929,4.0,20.0,1.399999976158142,0.028922569,-0.058001332,0.5193784,0.5193784,-0.024337986,0.053416748,0.028922569,-0.058001332,0.5193784,0.5193784,-0.024337986,0.053416748
225.288,3.9944,20.0166,1.1927,4.0,20.0,1.399999976158142,0.029021371,-0.05783464,0.5193984,0.5193984,-0.024388656,0.053201925,0.029021371,-0.05783464,0.5193984,0.5193984,-0.024388656,0.053201925
225.338,3.9943,20.0168,1.1921,4.0,20.0,1.399999976158142,0.028975679,-0.05794947,0.52122533,0.52122533,-0.024346534,0.053320326,0.028975679,-0.05794947,0.52122533,0.52122533,-0.024346534,0.053320326
225.387,3.9942,20.0169,1.1922,4.0,20.0,1.399999976158142,0.08882883,-0.15176162,1.0,1.0,-0.078771256,0.14170405,0.08882883,-0.15176162,1.0,1.0,-0.078771256,0.14170405
225.438,3.9941,20.0170,1.1927,4.0,20.0,1.399999976158142,0.02848398,-0.057733964,0.49759987,0.49759987,-0.024138166,0.053388152,0.02848398,-0.057733964,0.49759987,0.49759987,-0.024138166,0.053388152
225.487,3.9940,20.0172,1.1937,4.0,20.0,1.399999976158142,0.028367374,-0.057383,0.4954274,0.4954274,-0.023981923,0.05299755,0.028367374,-0.057383,0.4954274,0.4954274,-0.023981923,0.05299755
225.537,3.9939,20.0172,1.1941,4.0,20.0,1.399999976158142,0.027306566,-0.057278465,0.49103066,0.49103066,-0.023018073,0.05298997,0.027306566,-0.057278465,0.49103066,0.49103066,-0.023018073,0.05298997
225.587,3.9938,20.0174,1.1948,4.0,20.0,1.399999976158142,0.027906904,-0.05744875,0.4956145,0.4956145,-0.023557793,0.05309964,0.027906904,-0.05744875,0.4956145,0.4956145,-0.023557793,0.05309964
225.638,3.9938,20.0175,1.1951,4.0,20.0,1.399999976158142,0.027068634,-0.05743818,0.49309593,0.49309593,-0.022808937,0.05317848,0.027068634,-0.05743818,0.49309593,0.49309593,-0.022808937,0.05317848
225.687,3.9937,20.0176,1.1955,4.0,20.0,1.399999976158142,0.027546994,-0.057556786,0.49680087,0.49680087,-0.023229998,0.05323979,0.027546994,-0.057556786,0.49680087,0.49680087,-0.023229998,0.05323979
225.737,3.9936,20.0176,1.1956,4.0,20.0,1.399999976158142,0.026871517,-0.05762334,0.49583766,0.49583766,-0.02263858,0.053390402,0.026871517,-0.05762334,0.49583766,0.49583766,-0.02263858,0.053390402
225.788,3.9936,20.0178,1.1958,4.0,20.0,1.399999976158142,0.027246818,-0.05769429,0.4987148,0.4987148,-0.022959702,0.053407174,0.027246818,-0.05769429,0.4987148,0.4987148,-0.022959702,0.053407174
225.838,3.9935,20.0178,1.1959,4.0,20.0,1.399999976158142,0.026711013,-0.05783503,0.499156,0.499156,-0.02250167,0.053625688,0.026711013,-0.05783503,0.499156,0.499156,-0.02250167,0.053625688
225.887,3.9934,20.0179,1.1958,4.0,20.0,1.399999976158142,0.026996339,-0.057862185,0.5013005,0.5013005,-0.02273618,0.05360203,0.026996339,-0.057862185,0.5013005,0.5013005,-0.02273618,0.05360203
225.938,3.9934,20.0180,1.1958,4.0,20.0,1.399999976158142,0.02655152,-0.058079313,0.5029188,0.5029188,-0.022366006,0.053893797,0.02655152,-0.058079313,0.5029188,0.5029188,-0.022366006,0.053893797
225.988,3.9933,20.0181,1.1956,4.0,20.0,1.399999976158142,0.026771484,-0.058063723,0.50443894,0.50443894,-0.022537356,0.053829595,0.026771484,-0.058063723,0.50443894,0.50443894,-0.022537356,0.053829595
226.048,3.9933,20.0181,1.1955,4.0,20.0,1.399999976158142,0.026398774,-0.058348272,0.50706905,0.50706905,-0.022236088,0.054185584,0.026398774,-0.058348272,0.50706905,0.50706905,-0.022236088,0.054185584
226.098,3.9932,20.0182,1.1951,4.0,20.0,1.399999976158142,0.026573617,-0.05829057,0.5080373,0.5080373,-0.022363765,0.05408072,0.026573617,-0.05829057,0.5080373,0.5080373,-0.022363765,0.05408072
226.138,3.9932,20.0183,1.1949,4.0,20.0,1.399999976158142,0.02626858,-0.05863799,0.51148915,0.51148915,-0.022126343,0.054495756,0.02626858,-0.05863799,0.51148915,0.51148915,-0.022126343,0.054495756
226.188,3.9931,20.0183,1.1948,4.0,20.0,1.399999976158142,0.026402423,-0.05854707,0.5120029,0.5120029,-0.022215167,0.054359812,0.026402423,-0.05854707,0.5120029,0.5120029,-0.022215167,0.054359812
226.238,3.9931,20.0185,1.1943,4.0,20.0,1.399999976158142,0.026345663,-0.05864381,0.51374245,0.51374245,-0.022161845,0.054459993,0.026345663,-0.05864381,0.51374245,0.51374245,-0.022161845,0.054459993
226.288,3.9930,20.0185,1.1940,4.0,20.0,1.399999976158142,0.026118472,-0.05907792,0.5180067,0.5180067,-0.021997808,0.054957252,0.026118472,-0.05907792,0.5180067,0.5180067,-0.021997808,0.054957252
226.338,3.9930,20.0186,1.1935,4.0,20.0,1.399999976158142,0.02620522,-0.058942262,0.5180696,0.5180696,-0.022041982,0.054779027,0.02620522,-0.058942262,0.5180696,0.5180696,-0.022041982,0.054779027
226.387,3.9929,20.0188,1.1934,4.0,20.0,1.399999976158142,0.0829402,-0.15452059,1.0,1.0,-0.073836036,0.14541642,0.0829402,-0.15452059,1.0,1.0,-0.073836036,0.14541642
226.438,3.9928,20.0188,1.1938,4.0,20.0,1.399999976158142,0.025983943,-0.058716916,0.49642834,0.49642834,-0.022067437,0.05480041,0.025983943,-0.058716916,0.49642834,0.49642834,-0.022067437,0.05480041
226.488,3.9927,20.0190,1.1946,4.0,20.0,1.399999976158142,0.025775822,-0.05834136,0.4935787,0.4935787,-0.021826768,0.05439231,0.025775822,-0.05834136,0.4935787,0.4935787,-0.021826768,0.05439231
226.548,3.9926,20.0191,1.1949,4.0,20.0,1.399999976158142,0.024783254,-0.05822726,0.49020216,0.49020216,-0.020915821,0.05435983,0.024783254,-0.05822726,0.49020216,0.49020216,-0.020915821,0.05435983
226.598,3.9925,20.0192,1.1955,4.0,20.0,1.399999976158142,0.0253284,-0.05840144,0.49423668,0.49423668,-0.021409476,0.054482516,0.0253284,-0.05840144,0.49423668,0.49423668,-0.021409476,0.054482516
226.638,3.9925,20.0193,1.1957,4.0,20.0,1.399999976158142,0.024539325,-0.05838874,0.4926456,0.4926456,-0.020696068,0.054545484,0.024539325,-0.05838874,0.4926456,0.4926456,-0.020696068,0.054545484
226.688,3.9924,20.0194,1.1959,4.0,20.0,1.399999976158142,0.02497983,-0.058512796,0.4958728,0.4958728,-0.021087494,0.05462046,0.02497983,-0.058512796,0.4958728,0.4958728,-0.021087494,0.05462046
226.738,3.9924,20.0194,1.1960,4.0,20.0,1.399999976158142,0.024340773,-0.058581073,0.49576738,0.49576738,-0.020519242,0.054759543,0.024340773,-0.058581073,0.49576738,0.49576738,-0.020519242,0.054759543
226.787,3.9923,20.0196,1.1961,4.0,20.0,1.399999976158142,0.024687089,-0.05865584,0.49821618,0.49821618,-0.020818982,0.054787733,0.024687089,-0.05865584,0.49821618,0.49821618,-0.020818982,0.054787733
226.837,3.9923,20.0196,1.1961,4.0,20.0,1.399999976158142,0.024165524,-0.05880259,0.49941838,0.49941838,-0.020363793,0.055000857,0.024165524,-0.05880259,0.49941838,0.49941838,-0.020363793,0.055000857
226.887,3.9922,20.0197,1.1959,4.0,20.0,1.399999976158142,0.024428999,-0.058833465,0.50117457,0.50117457,-0.02058386,0.054988325,0.024428999,-0.058833465,0.50117457,0.50117457,-0.02058386,0.054988325
226.937,3.9922,20.0198,1.1958,4.0,20.0,1.399999976158142,0.02399092,-0.0590574,0.5034977,0.5034977,-0.020209327,0.055275805,0.02399092,-0.0590574,0.5034977,0.5034977,-0.020209327,0.055275805
226.987,3.9921,20.0199,1.1955,4.0,20.0,1.399999976158142,0.024199164,-0.05904121,0.50465655,0.50465655,-0.02037581,0.055217855,0.024199164,-0.05904121,0.50465655,0.50465655,-0.02037581,0.055217855
227.038,3.9920,20.0199,1.1953,4.0,20.0,1.399999976158142,0.023836454,-0.059327614,0.5079019,0.5079019,-0.020073103,0.055564262,0.023836454,-0.059327614,0.5079019,0.5079019,-0.020073103,0.055564262
227.098,3.9920,20.0200,1.1952,4.0,20.0,1.399999976158142,0.02400053,-0.059273526,0.5085541,0.5085541,-0.02019688,0.055469874,0.02400053,-0.059273526,0.5085541,0.5085541,-0.02019688,0.055469874
227.148,3.9919,20.0201,1.1947,4.0,20.0,1.399999976158142,0.023934461,-0.059363484,0.51028275,0.51028275,-0.020133704,0.055562727,0.023934461,-0.059363484,0.51028275,0.51028275,-0.020133704,0.055562727
227.187,3.9919,20.0201,1.1945,4.0,20.0,1.399999976158142,0.023654038,-0.05973459,0.5144776,0.5144776,-0.01990997,0.05599052,0.023654038,-0.05973459,0.5144776,0.5144776,-0.01990997,0.05599052
227.238,3.9918,20.0202,1.1939,4.0,20.0,1.399999976158142,0.023767931,-0.05963635,0.51460564,0.51460564,-0.01998562,0.055854037,0.023767931,-0.05963635,0.51460564,0.51460564,-0.01998562,0.055854037
227.287,3.9917,20.0204,1.1933,4.0,20.0,1.399999976158142,0.023547208,-0.06007551,0.5193104,0.5193104,-0.01981886,0.05634716,0.023547208,-0.06007551,0.5193104,0.5193104,-0.01981886,0.05634716
227.337,3.9917,20.0204,1.1930,4.0,20.0,1.399999976158142,0.023494154,-0.06032358,0.5222742,0.5222742,-0.01977964,0.056609068,0.023494154,-0.06032358,0.5222742,0.5222742,-0.01977964,0.056609068
227.387,3.9916,20.0206,1.1928,4.0,20.0,1.399999976158142,0.07681351,-0.15605646,1.0,1.0,-0.06859705,0.14784001,0.07681351,-0.15605646,1.0,1.0,-0.06859705,0.14784001
227.437,3.9916,20.0206,1.1932,4.0,20.0,1.399999976158142,0.023497975,-0.0596793,0.49796197,0.49796197,-0.019952096,0.056133423,0.023497975,-0.0596793,0.49796197,0.49796197,-0.019952096,0.056133423
227.487,3.9915,20.0208,1.1940,4.0,20.0,1.399999976158142,0.023288602,-0.059308868,0.49496514,0.49496514,-0.019713989,0.055734254,0.023288602,-0.059308868,0.49496514,0.49496514,-0.019713989,0.055734254
227.537,3.9914,20.0208,1.1943,4.0,20.0,1.399999976158142,0.02231628,-0.059213728,0.49181837,0.49181837,-0.018813059,0.055710506,0.02231628,-0.059213728,0.49181837,0.49181837,-0.018813059,0.055710506
227.588,3.9913,20.0210,1.1948,4.0,20.0,1.399999976158142,0.022848971,-0.05938031,0.49575457,0.49575457,-0.0193,0.05583134,0.022848971,-0.05938031,0.49575457,0.49575457,-0.0193,0.05583134
227.648,3.9913,20.0210,1.1950,4.0,20.0,1.399999976158142,0.022083178,-0.05938163,0.49438068,0.49438068,-0.018599952,0.055898406,0.022083178,-0.05938163,0.49438068,0.49438068,-0.018599952,0.055898406
227.698,3.9912,20.0212,1.1952,4.0,20.0,1.399999976158142,0.02250148,-0.05949893,0.49747458,0.49747458,-0.018975586,0.055973034,0.02250148,-0.05949893,0.49747458,0.49747458,-0.018975586,0.055973034
227.748,3.9912,20.0212,1.1953,4.0,20.0,1.399999976158142,0.02188596,-0.059575643,0.49754742,0.49754742,-0.018421438,0.056111123,0.02188596,-0.059575643,0.49754742,0.49754742,-0.018421438,0.056111123
227.798,3.9911,20.0213,1.1953,4.0,20.0,1.399999976158142,0.022212647,-0.059647538,0.49989432,0.49989432,-0.018707573,0.056142464,0.022212647,-0.059647538,0.49989432,0.49989432,-0.018707573,0.056142464
227.848,3.9911,20.0214,1.1953,4.0,20.0,1.399999976158142,0.02170953,-0.05979869,0.50121766,0.50121766,-0.018262612,0.056351773,0.02170953,-0.05979869,0.50121766,0.50121766,-0.018262612,0.056351773
227.898,3.9910,20.0215,1.1951,4.0,20.0,1.399999976158142,0.021958055,-0.05982956,0.5029079,0.5029079,-0.0184729,0.056344405,0.021958055,-0.05982956,0.5029079,0.5029079,-0.0184729,0.056344405
227.948,3.9909,20.0215,1.1950,4.0,20.0,1.399999976158142,0.021536248,-0.060053717,0.5053053,0.5053053,-0.018107496,0.056624968,0.021536248,-0.060053717,0.5053053,0.5053053,-0.018107496,0.056624968
227.998,3.9909,20.0216,1.1949,4.0,20.0,1.399999976158142,0.021734165,-0.060038153,0.5064175,0.5064175,-0.018267771,0.05657176,0.021734165,-0.060038153,0.5064175,0.5064175,-0.018267771,0.05657176
228.048,3.9908,20.0217,1.1946,4.0,20.0,1.399999976158142,0.021659393,-0.06012109,0.5080459,0.5080459,-0.01819593,0.056657627,0.021659393,-0.06012109,0.5080459,0.5080459,-0.01819593,0.056657627
228.097,3.9908,20.0218,1.1941,4.0,20.0,1.399999976158142,0.021336092,-0.0604209,0.5115596,0.5115596,-0.01792497,0.05700978,0.021336092,-0.0604209,0.5115596,0.5115596,-0.01792497,0.05700978
228.136,3.9908,20.0218,1.1941,4.0,20.0,1.399999976158142,0.021336092,-0.0604209,0.5115596,0.5115596,-0.01792497,0.05700978,0.021336092,-0.0604209,0.5115596,0.5115596,-0.01792497,0.05700978
228.187,3.9907,20.0219,1.1934,4.0,20.0,1.399999976158142,0.021370644,-0.060533907,0.51453996,0.51453996,-0.017938238,0.057101503,0.021370644,-0.060533907,0.51453996,0.51453996,-0.017938238,0.057101503
228.237,3.9906,20.0220,1.1931,4.0,20.0,1.399999976158142,0.02115183,-0.060944848,0.51906526,0.51906526,-0.017768415,0.057561435,0.02115183,-0.060944848,0.51906526,0.51906526,-0.017768415,0.057561435
228.287,3.9906,20.0221,1.1925,4.0,20.0,1.399999976158142,0.021226214,-0.060828652,0.5189817,0.5189817,-0.017809458,0.057411898,0.021226214,-0.060828652,0.5189817,0.5189817,-0.017809458,0.057411898
228.337,3.9905,20.0221,1.1922,4.0,20.0,1.399999976158142,0.021062886,-0.06130706,0.52388334,0.52388334,-0.017693114,0.057937287,0.021062886,-0.06130706,0.52388334,0.52388334,-0.017693114,0.057937287
228.387,3.9905,20.0223,1.1921,4.0,20.0,1.399999976158142,0.07077585,-0.15720607,1.0,1.0,-0.0633525,0.14978272,0.07077585,-0.15720607,1.0,1.0,-0.0633525,0.14978272
228.437,3.9904,20.0223,1.1925,4.0,20.0,1.399999976158142,0.021155916,-0.06061104,0.49946675,0.49946675,-0.017938102,0.057393227,0.021155916,-0.06061104,0.49946675,0.49946675,-0.017938102,0.057393227
228.487,3.9903,20.0225,1.1933,4.0,20.0,1.399999976158142,0.020938624,-0.06025423,0.49651322,0.49651322,-0.017694805,0.057010412,0.020938624,-0.06025423,0.49651322,0.49651322,-0.017694805,0.057010412
228.538,3.9903,20.0226,1.1936,4.0,20.0,1.399999976158142,0.02001604,-0.06016068,0.49329263,0.49329263,-0.016834715,0.056979354,0.02001604,-0.06016068,0.49329263,0.49329263,-0.016834715,0.056979354
228.587,3.9902,20.0227,1.1941,4.0,20.0,1.399999976158142,0.020515101,-0.0603267,0.49725989,0.49725989,-0.017293464,0.05710506,0.020515101,-0.0603267,0.49725989,0.49725989,-0.017293464,0.05710506
228.638,3.9901,20.0227,1.1943,4.0,20.0,1.399999976158142,0.019782273,-0.060321737,0.49573976,0.49573976,-0.01661899,0.05715845,0.019782273,-0.060321737,0.49573976,0.49573976,-0.01661899,0.05715845
228.686,3.9901,20.0227,1.1943,4.0,20.0,1.399999976158142,0.019782273,-0.060321737,0.49573976,0.49573976,-0.01661899,0.05715845,0.019782273,-0.060321737,0.49573976,0.49573976,-0.01661899,0.05715845
228.738,3.9900,20.0229,1.1947,4.0,20.0,1.399999976158142,0.019592617,-0.060509834,0.4988386,0.4988386,-0.016445385,0.0573626,0.019592617,-0.060509834,0.4988386,0.4988386,-0.016445385,0.0573626
228.787,3.9900,20.0230,1.1947,4.0,20.0,1.399999976158142,0.019900177,-0.06058813,0.5012589,0.5012589,-0.016716553,0.057404503,0.019900177,-0.06058813,0.5012589,0.5012589,-0.016716553,0.057404503
228.838,3.9899,20.0230,1.1947,4.0,20.0,1.399999976158142,0.019428497,-0.06072464,0.50243175,0.50243175,-0.016295634,0.057591777,0.019428497,-0.06072464,0.50243175,0.50243175,-0.016295634,0.057591777
228.888,3.9899,20.0231,1.1946,4.0,20.0,1.399999976158142,0.019655028,-0.06076393,0.50418586,0.50418586,-0.016488437,0.05759734,0.019655028,-0.06076393,0.50418586,0.50418586,-0.016488437,0.05759734
228.938,3.9898,20.0232,1.1945,4.0,20.0,1.399999976158142,0.019262005,-0.060970705,0.50641763,0.50641763,-0.016144259,0.05785296,0.019262005,-0.060970705,0.50641763,0.50641763,-0.016144259,0.05785296
228.988,3.9898,20.0233,1.1942,4.0,20.0,1.399999976158142,0.019437768,-0.060967132,0.50760645,0.50760645,-0.01628719,0.057816558,0.019437768,-0.060967132,0.50760645,0.50760645,-0.01628719,0.057816558
229.038,3.9897,20.0233,1.1941,4.0,20.0,1.399999976158142,0.019117309,-0.061230294,0.51070833,0.51070833,-0.016012557,0.058125544,0.019117309,-0.061230294,0.51070833,0.51070833,-0.016012557,0.058125544
229.088,3.9897,20.0234,1.1939,4.0,20.0,1.399999976158142,0.019247694,-0.061194036,0.51142514,0.51142514,-0.01611183,0.058058172,0.019247694,-0.061194036,0.51142514,0.51142514,-0.01611183,0.058058172
229.137,3.9896,20.0235,1.1934,4.0,20.0,1.399999976158142,0.019181825,-0.061283886,0.51312274,0.51312274,-0.016047826,0.058149885,0.019181825,-0.061283886,0.51312274,0.51312274,-0.016047826,0.058149885
229.187,3.9896,20.0236,1.1929,4.0,20.0,1.399999976158142,0.018938718,-0.061626613,0.51710564,0.51710564,-0.0158481,0.058535997,0.018938718,-0.061626613,0.51710564,0.51710564,-0.0158481,0.058535997
229.238,3.9896,20.0236,1.1927,4.0,20.0,1.399999976158142,0.018877165,-0.061837945,0.51989985,0.51989985,-0.015797304,0.058758084,0.018877165,-0.061837945,0.51989985,0.51989985,-0.015797304,0.058758084
229.288,3.9895,20.0237,1.1921,4.0,20.0,1.399999976158142,0.018939054,-0.061736524,0.5198942,0.5198942,-0.015829941,0.058627415,0.018939054,-0.061736524,0.5198942,0.5198942,-0.015829941,0.058627415
229.338,3.9895,20.0238,1.1919,4.0,20.0,1.399999976158142,0.018783988,-0.062194675,0.52462643,0.52462643,-0.015715789,0.059126478,0.018783988,-0.062194675,0.52462643,0.52462643,-0.015715789,0.059126478
229.387,3.9894,20.0239,1.1918,4.0,20.0,1.399999976158142,0.0654469,-0.1586921,1.0,1.0,-0.058700994,0.1519462,0.0654469,-0.1586921,1.0,1.0,-0.058700994,0.1519462
229.437,3.9893,20.0239,1.1922,4.0,20.0,1.399999976158142,0.01894595,-0.061436247,0.5000149,0.5000149,-0.016014177,0.058504477,0.01894595,-0.061436247,0.5000149,0.5000149,-0.016014177,0.058504477
229.487,3.9892,20.0241,1.1930,4.0,20.0,1.399999976158142,0.018727066,-0.061096422,0.4971671,0.4971671,-0.015772123,0.058141477,0.018727066,-0.061096422,0.4971671,0.4971671,-0.015772123,0.058141477
229.537,3.9892,20.0241,1.1933,4.0,20.0,1.399999976158142,0.01781611,-0.060983088,0.49375117,0.49375117,-0.014915312,0.05808229,0.01781611,-0.060983088,0.49375117,0.49375117,-0.014915312,0.05808229
229.587,3.9891,20.0243,1.1939,4.0,20.0,1.399999976158142,0.018303523,-0.06116199,0.49781254,0.49781254,-0.015367468,0.058225937,0.018303523,-0.06116199,0.49781254,0.49781254,-0.015367468,0.058225937
229.637,3.9891,20.0243,1.1941,4.0,20.0,1.399999976158142,0.017581113,-0.061136175,0.4961252,0.4961252,-0.014695529,0.058250587,0.017581113,-0.061136175,0.4961252,0.4961252,-0.014695529,0.058250587
229.688,3.9890,20.0244,1.1944,4.0,20.0,1.399999976158142,0.017968724,-0.061271396,0.49938887,0.49938887,-0.015049497,0.05835217,0.017968724,-0.061271396,0.49938887,0.49938887,-0.015049497,0.05835217
229.737,3.9890,20.0245,1.1945,4.0,20.0,1.399999976158142,0.017390609,-0.06131611,0.49915746,0.49915746,-0.014518317,0.05844382,0.017390609,-0.06131611,0.49915746,0.49915746,-0.014518317,0.05844382
229.787,3.9890,20.0245,1.1945,4.0,20.0,1.399999976158142,0.017390609,-0.06131611,0.49915746,0.49915746,-0.014518317,0.05844382,0.017390609,-0.06131611,0.49915746,0.49915746,-0.014518317,0.05844382
229.838,3.9889,20.0246,1.1945,4.0,20.0,1.399999976158142,0.01722448,-0.06152182,0.50267476,0.50267476,-0.014364,0.05866134,0.01722448,-0.06152182,0.50267476,0.50267476,-0.014364,0.05866134
229.888,3.9889,20.0246,1.1945,4.0,20.0,1.399999976158142,0.017440822,-0.061575793,0.50449395,0.50449395,-0.014551139,0.05868611,0.017440822,-0.061575793,0.50449395,0.50449395,-0.014551139,0.05868611
229.937,3.9888,20.0247,1.1944,4.0,20.0,1.399999976158142,0.017357819,-0.06164937,0.5059464,0.5059464,-0.014469996,0.05876155,0.017357819,-0.06164937,0.5059464,0.5059464,-0.014469996,0.05876155
229.987,3.9887,20.0248,1.1941,4.0,20.0,1.399999976158142,0.016989896,-0.061849877,0.50831443,0.50831443,-0.014143505,0.059003484,0.016989896,-0.061849877,0.50831443,0.50831443,-0.014143505,0.059003484
230.038,3.9887,20.0249,1.1940,4.0,20.0,1.399999976158142,0.016899897,-0.062010773,0.5108082,0.5108082,-0.01406324,0.059174117,0.016899897,-0.062010773,0.5108082,0.5108082,-0.01406324,0.059174117
230.087,3.9887,20.0250,1.1936,4.0,20.0,1.399999976158142,0.017027622,-0.061988913,0.51158214,0.51158214,-0.014163282,0.059124574,0.017027622,-0.061988913,0.51158214,0.51158214,-0.014163282,0.059124574
230.138,3.9886,20.0250,1.1934,4.0,20.0,1.399999976158142,0.016763808,-0.06228771,0.5152549,0.5152549,-0.013937423,0.059461325,0.016763808,-0.06228771,0.5152549,0.5152549,-0.013937423,0.059461325
230.188,3.9886,20.0251,1.1929,4.0,20.0,1.399999976158142,0.016855642,-0.062235594,0.5156395,0.5156395,-0.014002773,0.059382726,0.016855642,-0.062235594,0.5156395,0.5156395,-0.014002773,0.059382726
230.237,3.9885,20.0251,1.1927,4.0,20.0,1.399999976158142,0.016644133,-0.062597945,0.51986045,0.51986045,-0.013827749,0.05978156,0.016644133,-0.062597945,0.51986045,0.51986045,-0.013827749,0.05978156
230.288,3.9885,20.0252,1.1921,4.0,20.0,1.399999976158142,0.016704615,-0.06251283,0.51992476,0.51992476,-0.01386257,0.059670787,0.016704615,-0.06251283,0.51992476,0.51992476,-0.01386257,0.059670787
230.338,3.9885,20.0253,1.1919,4.0,20.0,1.399999976158142,0.016541207,-0.06294048,0.52453506,0.52453506,-0.01373427,0.060133543,0.016541207,-0.06294048,0.52453506,0.52453506,-0.01373427,0.060133543
230.387,3.9884,20.0254,1.1918,4.0,20.0,1.399999976158142,0.0601661,-0.15992604,1.0,1.0,-0.054000482,0.15376042,0.0601661,-0.15992604,1.0,1.0,-0.054000482,0.15376042
230.437,3.9883,20.0255,1.1922,4.0,20.0,1.399999976158142,0.016760597,-0.06212695,0.49989176,0.49989176,-0.014076843,0.0594432,0.016760597,-0.06212695,0.49989176,0.49989176,-0.014076843,0.0594432
230.487,3.9882,20.0256,1.1931,4.0,20.0,1.399999976158142,0.016546994,-0.061808508,0.49708757,0.49708757,-0.013842767,0.059104282,0.016546994,-0.061808508,0.49708757,0.49708757,-0.013842767,0.059104282
230.537,3.9882,20.0257,1.1934,4.0,20.0,1.399999976158142,0.015640276,-0.061674938,0.4935805,0.4935805,-0.012982729,0.05901739,0.015640276,-0.061674938,0.4935805,0.4935805,-0.012982729,0.05901739
230.587,3.9881,20.0258,1.1939,4.0,20.0,1.399999976158142,0.016120944,-0.06186731,0.4976853,0.4976853,-0.013432689,0.059179056,0.016120944,-0.06186731,0.4976853,0.4976853,-0.013432689,0.059179056
230.637,3.9881,20.0258,1.1941,4.0,20.0,1.399999976158142,0.015402145,-0.061820175,0.49593562,0.49593562,-0.012757395,0.059175428,0.015402145,-0.061820175,0.49593562,0.49593562,-0.012757395,0.059175428
230.687,3.9881,20.0259,1.1943,4.0,20.0,1.399999976158142,0.015781956,-0.061969284,0.49922493,0.49922493,-0.013107952,0.05929528,0.015781956,-0.061969284,0.49922493,0.49922493,-0.013107952,0.05929528
230.737,3.9880,20.0260,1.1945,4.0,20.0,1.399999976158142,0.01567493,-0.062022977,0.5003264,0.5003264,-0.013002932,0.05935098,0.01567493,-0.062022977,0.5003264,0.5003264,-0.013002932,0.05935098
230.787,3.9880,20.0260,1.1946,4.0,20.0,1.399999976158142,0.015132057,-0.0620655,0.5004126,0.5004126,-0.012499987,0.05943343,0.015132057,-0.0620655,0.5004126,0.5004126,-0.012499987,0.05943343
230.838,3.9879,20.0261,1.1946,4.0,20.0,1.399999976158142,0.015402491,-0.062161487,0.5027328,0.5027328,-0.012742952,0.059501946,0.015402491,-0.062161487,0.5027328,0.5027328,-0.012742952,0.059501946
230.888,3.9879,20.0262,1.1945,4.0,20.0,1.399999976158142,0.014960693,-0.062271878,0.50402194,0.50402194,-0.0123386,0.059649784,0.014960693,-0.062271878,0.50402194,0.50402194,-0.0123386,0.059649784
230.938,3.9878,20.0262,1.1945,4.0,20.0,1.399999976158142,0.0148547515,-0.062416386,0.50629,0.50629,-0.012241942,0.059803575,0.0148547515,-0.062416386,0.50629,0.50629,-0.012241942,0.059803575
230.988,3.9878,20.0263,1.1942,4.0,20.0,1.399999976158142,0.015022039,-0.062445022,0.50758666,0.50758666,-0.0123837795,0.05980676,0.015022039,-0.062445022,0.50758666,0.50758666,-0.0123837795,0.05980676
231.037,3.9877,20.0263,1.1941,4.0,20.0,1.399999976158142,0.014694239,-0.06265959,0.5105085,0.5105085,-0.012090533,0.060055885,0.014694239,-0.06265959,0.5105085,0.5105085,-0.012090533,0.060055885
231.087,3.9877,20.0264,1.1937,4.0,20.0,1.399999976158142,0.014820575,-0.062653735,0.5113067,0.5113067,-0.0121925045,0.060025666,0.014820575,-0.062653735,0.5113067,0.5113067,-0.0121925045,0.060025666
231.138,3.9877,20.0265,1.1935,4.0,20.0,1.399999976158142,0.014550419,-0.06292502,0.5149427,0.5149427,-0.011954991,0.06032959,0.014550419,-0.06292502,0.5149427,0.5149427,-0.011954991,0.06032959
231.188,3.9876,20.0266,1.1930,4.0,20.0,1.399999976158142,0.014641568,-0.06289028,0.5153494,0.5153494,-0.012022864,0.060271572,0.014641568,-0.06289028,0.5153494,0.5153494,-0.012022864,0.060271572
231.238,3.9876,20.0266,1.1928,4.0,20.0,1.399999976158142,0.014420686,-0.06322473,0.51955146,0.51955146,-0.011833534,0.060637582,0.014420686,-0.06322473,0.51955146,0.51955146,-0.011833534,0.060637582
231.288,3.9875,20.0267,1.1922,4.0,20.0,1.399999976158142,0.014482037,-0.06315743,0.5196279,0.5196279,-0.011872296,0.060547687,0.014482037,-0.06315743,0.5196279,0.5196279,-0.011872296,0.060547687
231.338,3.9875,20.0267,1.1920,4.0,20.0,1.399999976158142,0.0143074645,-0.063556604,0.52423084,0.52423084,-0.011728164,0.060977302,0.0143074645,-0.063556604,0.52423084,0.52423084,-0.011728164,0.060977302
231.388,3.9874,20.0268,1.1919,4.0,20.0,1.399999976158142,0.05497392,-0.16103607,1.0,1.0,-0.049307708,0.15536986,0.05497392,-0.16103607,1.0,1.0,-0.049307708,0.15536986
231.438,3.9874,20.0269,1.1923,4.0,20.0,1.399999976158142,0.014581909,-0.06268688,0.4995849,0.4995849,-0.012114055,0.060219027,0.014581909,-0.06268688,0.4995849,0.4995849,-0.012114055,0.060219027
231.488,3.9873,20.0270,1.1932,4.0,20.0,1.399999976158142,0.0143746715,-0.06238999,0.4967794,0.4967794,-0.011888619,0.059903935,0.0143746715,-0.06238999,0.4967794,0.4967794,-0.011888619,0.059903935
231.537,3.9873,20.0271,1.1935,4.0,20.0,1.399999976158142,0.01347327,-0.062237587,0.4932897,0.4932897,-0.011027124,0.05979144,0.01347327,-0.062237587,0.4932897,0.4932897,-0.011027124,0.05979144
231.588,3.9872,20.0271,1.1938,4.0,20.0,1.399999976158142,0.013946269,-0.062442936,0.49738416,0.49738416,-0.011473501,0.059970167,0.013946269,-0.062442936,0.49738416,0.49738416,-0.011473501,0.059970167
231.638,3.9872,20.0273,1.1943,4.0,20.0,1.399999976158142,0.013819851,-0.062487207,0.49827173,0.49827173,-0.01134893,0.060016286,0.013819851,-0.062487207,0.49827173,0.49827173,-0.01134893,0.060016286
231.688,3.9871,20.0273,1.1946,4.0,20.0,1.399999976158142,0.013147017,-0.062441614,0.4969749,0.4969749,-0.010712763,0.06000736,0.013147017,-0.062441614,0.4969749,0.4969749,-0.010712763,0.06000736
231.738,3.9871,20.0274,1.1947,4.0,20.0,1.399999976158142,0.013022178,-0.06254028,0.49861342,0.49861342,-0.010596478,0.060114574,0.013022178,-0.06254028,0.49861342,0.49861342,-0.010596478,0.060114574
231.787,3.9870,20.0275,1.1948,4.0,20.0,1.399999976158142,0.0133124925,-0.06266151,0.5011564,0.5011564,-0.0108623365,0.06021136,0.0133124925,-0.06266151,0.5011564,0.5011564,-0.0108623365,0.06021136
231.837,3.9870,20.0275,1.1948,4.0,20.0,1.399999976158142,0.012840516,-0.0627296,0.50212294,0.50212294,-0.010423312,0.060312394,0.012840516,-0.0627296,0.50212294,0.50212294,-0.010423312,0.060312394
231.887,3.9869,20.0276,1.1947,4.0,20.0,1.399999976158142,0.013058865,-0.0628133,0.50398207,0.50398207,-0.010618445,0.060372878,0.013058865,-0.0628133,0.50398207,0.50398207,-0.010618445,0.060372878
231.937,3.9869,20.0276,1.1946,4.0,20.0,1.399999976158142,0.012665255,-0.06294982,0.506036,0.506036,-0.010256053,0.06054062,0.012665255,-0.06294982,0.506036,0.506036,-0.010256053,0.06054062
231.987,3.9868,20.0277,1.1943,4.0,20.0,1.399999976158142,0.012827794,-0.06299353,0.50731593,0.50731593,-0.010396568,0.060562298,0.012827794,-0.06299353,0.50731593,0.50731593,-0.010396568,0.060562298
232.038,3.9868,20.0278,1.1942,4.0,20.0,1.399999976158142,0.012497404,-0.063183784,0.5102609,0.5102609,-0.010095509,0.060781892,0.012497404,-0.063183784,0.5102609,0.5102609,-0.010095509,0.060781892
232.087,3.9868,20.0278,1.1938,4.0,20.0,1.399999976158142,0.012621773,-0.06319375,0.5110548,0.5110548,-0.010198524,0.0607705,0.012621773,-0.06319375,0.5110548,0.5110548,-0.010198524,0.0607705
232.138,3.9867,20.0279,1.1936,4.0,20.0,1.399999976158142,0.01234297,-0.063442826,0.5147364,0.5147364,-0.009948004,0.06104786,0.01234297,-0.063442826,0.5147364,0.5147364,-0.009948004,0.06104786
232.187,3.9867,20.0280,1.1931,4.0,20.0,1.399999976158142,0.012435455,-0.06342247,0.5151129,0.5151129,-0.010019867,0.061006885,0.012435455,-0.06342247,0.5151129,0.5151129,-0.010019867,0.061006885
232.238,3.9867,20.0280,1.1929,4.0,20.0,1.399999976158142,0.012206975,-0.063732445,0.5193478,0.5193478,-0.009818344,0.06134382,0.012206975,-0.063732445,0.5193478,0.5193478,-0.009818344,0.06134382
232.288,3.9866,20.0281,1.1923,4.0,20.0,1.399999976158142,0.012268523,-0.06368157,0.5194114,0.5194114,-0.009860164,0.061273213,0.012268523,-0.06368157,0.5194114,0.5194114,-0.009860164,0.061273213
232.337,3.9866,20.0281,1.1921,4.0,20.0,1.399999976158142,0.012085156,-0.06405565,0.5240469,0.5240469,-0.009702831,0.061673325,0.012085156,-0.06405565,0.5240469,0.5240469,-0.009702831,0.061673325
232.387,3.9865,20.0282,1.1920,4.0,20.0,1.399999976158142,0.04979076,-0.16188668,1.0,1.0,-0.04455712,0.15665305,0.04979076,-0.16188668,1.0,1.0,-0.04455712,0.15665305
232.437,3.9865,20.0283,1.1924,4.0,20.0,1.399999976158142,0.012413592,-0.0631368,0.49942923,0.49942923,-0.010132514,0.06085572,0.012413592,-0.0631368,0.49942923,0.49942923,-0.010132514,0.06085572
232.488,3.9864,20.0284,1.1928,4.0,20.0,1.399999976158142,0.012213154,-0.062859505,0.4966083,0.4966083,-0.009915833,0.060562186,0.012213154,-0.062859505,0.4966083,0.4966083,-0.009915833,0.060562186
232.538,3.9864,20.0285,1.1936,4.0,20.0,1.399999976158142,0.01204883,-0.06288275,0.49716818,0.49716818,-0.0097531965,0.060587116,0.01204883,-0.06288275,0.49716818,0.49716818,-0.0097531965,0.060587116
232.588,3.9863,20.0286,1.1941,4.0,20.0,1.399999976158142,0.011224997,-0.06275442,0.49429366,0.49429366,-0.008962328,0.06049175,0.011224997,-0.06275442,0.49429366,0.49429366,-0.008962328,0.06049175
232.637,3.9863,20.0286,1.1943,4.0,20.0,1.399999976158142,0.011059541,-0.062828526,0.4954408,0.4954408,-0.008805582,0.060574565,0.011059541,-0.062828526,0.4954408,0.4954408,-0.008805582,0.060574565
232.688,3.9862,20.0287,1.1946,4.0,20.0,1.399999976158142,0.011437821,-0.06300202,0.49877882,0.49877882,-0.009161139,0.06072534,0.011437821,-0.06300202,0.49877882,0.49877882,-0.009161139,0.06072534
232.738,3.9862,20.0288,1.1947,4.0,20.0,1.399999976158142,0.010859393,-0.0629892,0.49852863,0.49852863,-0.008612772,0.06074258,0.010859393,-0.0629892,0.49852863,0.49852863,-0.008612772,0.06074258
232.788,3.9861,20.0288,1.1948,4.0,20.0,1.399999976158142,0.011143236,-0.063121304,0.5010294,0.5010294,-0.00887537,0.06085344,0.011143236,-0.063121304,0.5010294,0.5010294,-0.00887537,0.06085344
232.838,3.9861,20.0289,1.1948,4.0,20.0,1.399999976158142,0.010673257,-0.0631755,0.5020364,0.5020364,-0.0084335385,0.06093578,0.010673257,-0.0631755,0.5020364,0.5020364,-0.0084335385,0.06093578
232.888,3.9860,20.0290,1.1947,4.0,20.0,1.399999976158142,0.010886337,-0.0632697,0.50387657,0.50387657,-0.008626362,0.06100972,0.010886337,-0.0632697,0.50387657,0.50387657,-0.008626362,0.06100972
232.937,3.9860,20.0290,1.1946,4.0,20.0,1.399999976158142,0.010490836,-0.06339138,0.5059609,0.5059609,-0.008257787,0.06115833,0.010490836,-0.06339138,0.5059609,0.5059609,-0.008257787,0.06115833
232.988,3.9860,20.0291,1.1944,4.0,20.0,1.399999976158142,0.010652389,-0.063445225,0.50722367,0.50722367,-0.008399742,0.06119258,0.010652389,-0.063445225,0.50722367,0.50722367,-0.008399742,0.06119258
233.038,3.9860,20.0291,1.1942,4.0,20.0,1.399999976158142,0.010319413,-0.063619405,0.5102023,0.5102023,-0.008091917,0.06139191,0.010319413,-0.063619405,0.5102023,0.5102023,-0.008091917,0.06139191
233.088,3.9859,20.0292,1.1938,4.0,20.0,1.399999976158142,0.010440641,-0.0636409,0.51097804,0.51097804,-0.008194494,0.06139475,0.010440641,-0.0636409,0.51097804,0.51097804,-0.008194494,0.06139475
233.138,3.9859,20.0292,1.1936,4.0,20.0,1.399999976158142,0.010160725,-0.06387174,0.5146779,0.5146779,-0.007938475,0.061649494,0.010160725,-0.06387174,0.5146779,0.5146779,-0.007938475,0.061649494
233.187,3.9858,20.0293,1.1931,4.0,20.0,1.399999976158142,0.010249548,-0.0638645,0.51505405,0.51505405,-0.008009395,0.061624344,0.010249548,-0.0638645,0.51505405,0.51505405,-0.008009395,0.061624344
233.238,3.9858,20.0293,1.1929,4.0,20.0,1.399999976158142,0.010016517,-0.06415685,0.5193191,0.5193191,-0.007799457,0.06193979,0.010016517,-0.06415685,0.5193191,0.5193191,-0.007799457,0.06193979
233.287,3.9858,20.0294,1.1923,4.0,20.0,1.399999976158142,0.010076908,-0.06411816,0.5193671,0.5193671,-0.007842498,0.061883755,0.010076908,-0.06411816,0.5193671,0.5193671,-0.007842498,0.061883755
233.337,3.9857,20.0295,1.1921,4.0,20.0,1.399999976158142,0.009887734,-0.06447424,0.52403295,0.52403295,-0.007675716,0.062262222,0.009887734,-0.06447424,0.52403295,0.52403295,-0.007675716,0.062262222
233.387,3.9857,20.0295,1.1918,4.0,20.0,1.399999976158142,0.9842014,-1.0,0.13410299,0.13410299,-0.9835502,0.9993488,0.9842014,-1.0,0.13410299,0.13410299,-0.9835502,0.9993488
233.437,3.9847,20.0291,1.1908,4.0,20.0,1.399999976158142,0.9802012,-1.0,0.18807636,0.18807636,-0.9793958,0.99919456,0.9802012,-1.0,0.18807636,0.18807636,-0.9793958,0.99919456
233.487,3.9829,20.0280,1.1892,4.0,20.0,1.399999976158142,0.97882164,-1.0,0.20383886,0.20383886,-0.9781763,0.99935466,0.97882164,-1.0,0.20383886,0.20383886,-0.9781763,0.99935466
233.537,3.9820,20.0273,1.1883,4.0,20.0,1.399999976158142,0.97715807,-1.0,0.22570315,0.22570315,-0.97662616,0.9994681,0.97715807,-1.0,0.22570315,0.22570315,-0.97662616,0.9994681
233.587,3.9796,20.0254,1.1858,4.0,20.0,1.399999976158142,0.97790897,-1.0,0.21729375,0.21729375,-0.97727996,0.999371,0.97790897,-1.0,0.21729375,0.21729375,-0.97727996,0.999371
233.637,3.9785,20.0244,1.1845,4.0,20.0,1.399999976158142,0.9743525,-1.0,0.26354873,0.26354873,-0.97378874,0.99943626,0.9743525,-1.0,0.26354873,0.26354873,-0.97378874,0.99943626
233.687,3.9762,20.0218,1.1814,4.0,20.0,1.399999976158142,0.9760468,-1.0,0.24286391,0.24286391,-0.97538024,0.99933344,0.9760468,-1.0,0.24286391,0.24286391,-0.97538024,0.99933344
233.737,3.9752,20.0205,1.1799,4.0,20.0,1.399999976158142,0.97104,-1.0,0.31078848,0.31078848,-0.9701623,0.9991222,0.97104,-1.0,0.31078848,0.31078848,-0.9701623,0.9991222
233.787,3.9733,20.0174,1.1762,4.0,20.0,1.399999976158142,0.97380185,-1.0,0.27569267,0.27569267,-0.97293466,0.9991328,0.97380185,-1.0,0.27569267,0.27569267,-0.97293466,0.9991328
233.838,3.9726,20.0159,1.1745,4.0,20.0,1.399999976158142,0.9672513,-1.0,0.37026176,0.37026176,-0.9657708,0.9985195,0.9672513,-1.0,0.37026176,0.37026176,-0.9657708,0.9985195
233.888,3.9714,20.0123,1.1705,4.0,20.0,1.399999976158142,0.9711624,-1.0,0.31784007,0.31784007,-0.9699257,0.9987633,0.9711624,-1.0,0.31784007,0.31784007,-0.9699257,0.9987633
233.937,3.9710,20.0108,1.1687,4.0,20.0,1.399999976158142,0.9628096,-1.0,0.44845808,0.44845808,-0.96052134,0.99771166,0.9628096,-1.0,0.44845808,0.44845808,-0.96052134,0.99771166
233.988,3.9706,20.0070,1.1645,4.0,20.0,1.399999976158142,0.9680966,-1.0,0.37210324,0.37210324,-0.9663762,0.9982796,0.9680966,-1.0,0.37210324,0.37210324,-0.9663762,0.9982796
234.038,3.9706,20.0054,1.1628,4.0,20.0,1.399999976158142,0.95740956,-1.0,0.55450106,0.55450106,-0.95430946,0.99689984,0.95740956,-1.0,0.55450106,0.55450106,-0.95430946,0.99689984
234.087,3.9711,20.0016,1.1588,4.0,20.0,1.399999976158142,0.9644324,-1.0,0.44361803,0.44361803,-0.9622349,0.9978025,0.9644324,-1.0,0.44361803,0.44361803,-0.9622349,0.9978025
234.137,3.9714,20.0001,1.1572,4.0,20.0,1.399999976158142,0.82543653,-0.86880386,0.61588764,0.61588764,-0.82233363,0.8657009,0.82543653,-0.86880386,0.61588764,0.61588764,-0.82233363,0.8657009
234.188,3.9719,19.9986,1.1556,4.0,20.0,1.399999976158142,0.9599046,-1.0,0.5393545,0.5393545,-0.9574425,0.997538,0.9599046,-1.0,0.5393545,0.5393545,-0.9574425,0.997538
234.237,3.9735,19.9952,1.1523,4.0,20.0,1.399999976158142,0.95847726,-1.0,0.5715171,0.5715171,-0.9559993,0.99752206,0.95847726,-1.0,0.5715171,0.5715171,-0.9559993,0.99752206
234.288,3.9755,19.9921,1.1492,4.0,20.0,1.399999976158142,0.57100636,-0.6103205,0.6311972,0.6311972,-0.5693724,0.60868657,0.57100636,-0.6103205,0.6311972,0.6311972,-0.5693724,0.60868657
234.337,3.9764,19.9910,1.1481,4.0,20.0,1.399999976158142,0.45297635,-0.49008167,0.6369251,0.6369251,-0.4526081,0.48971343,0.45297635,-0.49008167,0.6369251,0.6369251,-0.4526081,0.48971343
234.388,3.9788,19.9887,1.1456,4.0,20.0,1.399999976158142,0.96611005,-1.0,0.45233545,0.45233545,-0.96475667,0.9986466,0.96611005,-1.0,0.45233545,0.45233545,-0.96475667,0.9986466
234.437,3.9800,19.9878,1.1446,4.0,20.0,1.399999976158142,0.34508353,-0.37762478,0.61695755,0.61695755,-0.3467049,0.37924615,0.34508353,-0.37762478,0.61695755,0.61695755,-0.3467049,0.37924615
234.487,3.9827,19.9860,1.1424,4.0,20.0,1.399999976158142,0.54307973,-0.5781253,0.6116739,0.6116739,-0.5441901,0.5792357,0.54307973,-0.5781253,0.6116739,0.6116739,-0.5441901,0.5792357
234.538,3.9839,19.9854,1.1416,4.0,20.0,1.399999976158142,0.20568682,-0.23552002,0.6250115,0.6250115,-0.21010475,0.23993795,0.20568682,-0.23552002,0.6250115,0.6250115,-0.21010475,0.23993795
234.587,3.9866,19.9844,1.1400,4.0,20.0,1.399999976158142,0.41782016,-0.45029494,0.61985266,0.61985266,-0.4208694,0.4533442,0.41782016,-0.45029494,0.61985266,0.61985266,-0.4208694,0.4533442
234.638,3.9877,19.9841,1.1394,4.0,20.0,1.399999976158142,0.1391462,-0.16659017,0.6304453,0.6304453,-0.1458157,0.17325966,0.1391462,-0.16659017,0.6304453,0.6304453,-0.1458157,0.17325966
234.687,3.9902,19.9836,1.1382,4.0,20.0,1.399999976158142,0.31734166,-0.34734106,0.62664986,0.62664986,-0.3224121,0.3524115,0.31734166,-0.34734106,0.62664986,0.62664986,-0.3224121,0.3524115
234.738,3.9912,19.9835,1.1377,4.0,20.0,1.399999976158142,0.086647674,-0.11171113,0.63463044,0.63463044,-0.09552146,0.12058491,0.086647674,-0.11171113,0.63463044,0.63463044,-0.09552146,0.12058491
234.787,3.9935,19.9835,1.1370,4.0,20.0,1.399999976158142,0.23499817,-0.2625359,0.6321178,0.6321178,-0.24211328,0.269651,0.23499817,-0.2625359,0.6321178,0.6321178,-0.24211328,0.269651
234.837,3.9944,19.9836,1.1368,4.0,20.0,1.399999976158142,0.0469693,-0.069607235,0.63756216,0.63756216,-0.057885025,0.08052296,0.0469693,-0.069607235,0.63756216,0.63756216,-0.057885025,0.08052296
234.888,3.9965,19.9839,1.1364,4.0,20.0,1.399999976158142,0.1685075,-0.19355154,0.6362981,0.6362981,-0.17760792,0.20265195,0.1685075,-0.19355154,0.6362981,0.6362981,-0.17760792,0.20265195
234.937,3.9973,19.9841,1.1363,4.0,20.0,1.399999976158142,0.016896911,-0.0370111,0.63933635,0.63933635,-0.029641226,0.049755417,0.016896911,-0.0370111,0.63933635,0.63933635,-0.029641226,0.049755417
234.987,3.9981,19.9843,1.1363,4.0,20.0,1.399999976158142,0.11480769,-0.13729404,0.63925254,0.63925254,-0.12577483,0.14826119,0.11480769,-0.13729404,0.63925254,0.63925254,-0.12577483,0.14826119
235.037,3.9999,19.9849,1.1365,4.0,20.0,1.399999976158142,0.10146765,-0.12320329,0.6405382,0.6405382,-0.11295678,0.13469242,0.10146765,-0.12320329,0.6405382,0.6405382,-0.11295678,0.13469242
235.087,4.0015,19.9857,1.1369,4.0,20.0,1.399999976158142,-0.013818979,-0.0028985594,0.6406473,0.6406473,-0.00096750516,0.017685045,-0.013818979,-0.0028985594,0.6406473,0.6406473,-0.00096750516,0.017685045
235.138,4.0021,19.9860,1.1372,4.0,20.0,1.399999976158142,-0.025991958,0.011109054,0.63965285,0.63965285,0.010335171,0.004547734,-0.025991958,0.011109054,0.63965285,0.63965285,0.010335171,0.004547734
235.187,4.0035,19.9869,1.1379,4.0,20.0,1.399999976158142,0.038349513,-0.055666547,0.64172405,0.64172405,-0.05244236,0.0697594,0.038349513,-0.055666547,0.64172405,0.64172405,-0.05244236,0.0697594
235.238,4.0040,19.9873,1.1383,4.0,20.0,1.399999976158142,-0.040609196,0.02832434,0.6382987,0.6382987,0.02389816,-0.011613303,-0.040609196,0.02832434,0.6382987,0.6382987,0.02389816,-0.011613303
235.287,4.0051,19.9882,1.1394,4.0,20.0,1.399999976158142,0.011461043,-0.026216418,0.64138544,0.64138544,-0.0267702,0.041525576,0.011461043,-0.026216418,0.64138544,0.64138544,-0.0267702,0.041525576
235.337,4.0056,19.9886,1.1399,4.0,20.0,1.399999976158142,-0.050585594,0.04079166,0.6361623,0.6361623,0.03314025,-0.023346312,-0.050585594,0.04079166,0.6361623,0.6361623,0.03314025,-0.023346312
235.388,4.0065,19.9896,1.1417,4.0,20.0,1.399999976158142,0.053567223,-0.07801541,1.0,1.0,-0.0806608,0.105108984,0.053567223,-0.07801541,1.0,1.0,-0.0806608,0.105108984
235.437,4.0069,19.9901,1.1429,4.0,20.0,1.399999976158142,-0.05760182,0.051215023,0.5984414,0.5984414,0.03999477,-0.03360797,-0.05760182,0.051215023,0.5984414,0.5984414,0.03999477,-0.03360797
235.487,4.0076,19.9911,1.1456,4.0,20.0,1.399999976158142,-0.025107512,0.016326936,0.60135126,0.60135126,0.008470598,0.00030997873,-0.025107512,0.016326936,0.60135126,0.60135126,0.008470598,0.00030997873
235.537,4.0079,19.9915,1.1467,4.0,20.0,1.399999976158142,-0.06264797,0.05862183,0.58704174,0.58704174,0.04492263,-0.040896494,-0.06264797,0.05862183,0.58704174,0.58704174,0.04492263,-0.040896494
235.587,4.0085,19.9925,1.1493,4.0,20.0,1.399999976158142,-0.03730276,0.030931732,0.59611565,0.59611565,0.020247348,-0.013876322,-0.03730276,0.030931732,0.59611565,0.59611565,0.020247348,-0.013876322
235.638,4.0087,19.9930,1.1504,4.0,20.0,1.399999976158142,-0.06626034,0.06446507,0.5824698,0.5824698,0.048545644,-0.046750374,-0.06626034,0.06446507,0.5824698,0.5824698,0.048545644,-0.046750374
235.688,4.0092,19.9940,1.1529,4.0,20.0,1.399999976158142,-0.04667405,0.04260233,0.59125894,0.59125894,0.029399246,-0.025327528,-0.04667405,0.04260233,0.59125894,0.59125894,0.029399246,-0.025327528
235.738,4.0093,19.9944,1.1540,4.0,20.0,1.399999976158142,-0.06874808,0.06900222,0.5782706,0.5782706,0.05118866,-0.051442806,-0.06874808,0.06900222,0.5782706,0.5782706,0.05118866,-0.051442806
235.788,4.0095,19.9948,1.1550,4.0,20.0,1.399999976158142,-0.053701807,0.051795013,0.5866822,0.5866822,0.036379334,-0.034472544,-0.053701807,0.051795013,0.5866822,0.5866822,0.036379334,-0.034472544
235.838,4.0098,19.9957,1.1574,4.0,20.0,1.399999976158142,-0.05531662,0.054021437,0.58600646,0.58600646,0.03799884,-0.036703657,-0.05531662,0.054021437,0.58600646,0.58600646,0.03799884,-0.036703657
235.887,4.0100,19.9966,1.1597,4.0,20.0,1.399999976158142,-0.070516735,0.073201634,0.57366407,0.57366407,0.053307954,-0.055992857,-0.070516735,0.073201634,0.57366407,0.57366407,0.053307954,-0.055992857
235.937,4.0101,19.9970,1.1606,4.0,20.0,1.399999976158142,-0.070771046,0.07461285,0.57045895,0.57045895,0.053824376,-0.05766618,-0.070771046,0.07461285,0.57045895,0.57045895,0.053824376,-0.05766618
235.988,4.0102,19.9978,1.1628,4.0,20.0,1.399999976158142,-0.06196622,0.063878454,0.5784335,0.5784335,0.044942345,-0.046854578,-0.06196622,0.063878454,0.5784335,0.5784335,0.044942345,-0.046854578
236.037,4.0102,19.9978,1.1628,4.0,20.0,1.399999976158142,-0.06196622,0.063878454,0.5784335,0.5784335,0.044942345,-0.046854578,-0.06196622,0.063878454,0.5784335,0.5784335,0.044942345,-0.046854578
236.087,4.0104,19.9989,1.1658,4.0,20.0,1.399999976158142,-0.063848175,0.06737719,0.5748007,0.5748007,0.04710613,-0.050635144,-0.063848175,0.06737719,0.5748007,0.5748007,0.04710613,-0.050635144
236.138,4.0104,19.9992,1.1666,4.0,20.0,1.399999976158142,-0.068717845,0.0752169,0.5643197,0.5643197,0.05259096,-0.05909001,-0.068717845,0.0752169,0.5643197,0.5643197,0.05259096,-0.05909001
236.187,4.0104,19.9998,1.1686,4.0,20.0,1.399999976158142,-0.06456139,0.06948527,0.57152075,0.57152075,0.048143677,-0.053067558,-0.06456139,0.06948527,0.57152075,0.57152075,0.048143677,-0.053067558
236.237,4.0104,20.0001,1.1694,4.0,20.0,1.399999976158142,-0.06689542,0.07439215,0.56161636,0.56161636,0.051171537,-0.05866827,-0.06689542,0.07439215,0.56161636,0.56161636,0.051171537,-0.05866827
236.287,4.0104,20.0006,1.1712,4.0,20.0,1.399999976158142,-0.064421356,0.070533305,0.5685087,0.5685087,0.0483486,-0.05446055,-0.064421356,0.070533305,0.5685087,0.5685087,0.0483486,-0.05446055
236.338,4.0104,20.0009,1.1720,4.0,20.0,1.399999976158142,-0.064761534,0.07302738,0.55926144,0.55926144,0.049409777,-0.057675622,-0.064761534,0.07302738,0.55926144,0.55926144,0.049409777,-0.057675622
236.387,4.0103,20.0013,1.1742,4.0,20.0,1.399999976158142,-0.15943372,0.17213432,1.0,1.0,0.12768938,-0.14038998,-0.15943372,0.17213432,1.0,1.0,0.12768938,-0.14038998
236.437,4.0103,20.0015,1.1756,4.0,20.0,1.399999976158142,-0.0605825,0.06937125,0.5239273,0.5239273,0.046282608,-0.055071358,-0.0605825,0.06937125,0.5239273,0.5239273,0.046282608,-0.055071358
236.487,4.0102,20.0018,1.1785,4.0,20.0,1.399999976158142,-0.05975397,0.067507826,0.5279408,0.5279408,0.045117248,-0.052871104,-0.05975397,0.067507826,0.5279408,0.5279408,0.045117248,-0.052871104
236.537,4.0101,20.0019,1.1797,4.0,20.0,1.399999976158142,-0.054705214,0.06371322,0.5122666,0.5122666,0.040933143,-0.049941152,-0.054705214,0.06371322,0.5122666,0.5122666,0.040933143,-0.049941152
236.587,4.0100,20.0022,1.1823,4.0,20.0,1.399999976158142,-0.057150483,0.06548146,0.5224012,0.5224012,0.04289386,-0.051224835,-0.057150483,0.06548146,0.5224012,0.5224012,0.04289386,-0.051224835
236.638,4.0100,20.0023,1.1833,4.0,20.0,1.399999976158142,-0.05188282,0.061228424,0.5091904,0.5091904,0.038392734,-0.04773834,-0.05188282,0.061228424,0.5091904,0.5091904,0.038392734,-0.04773834
236.688,4.0099,20.0024,1.1843,4.0,20.0,1.399999976158142,-0.054578688,0.0633649,0.5181575,0.5181575,0.04064793,-0.04943414,-0.054578688,0.0633649,0.5181575,0.5181575,0.04064793,-0.04943414
236.737,4.0098,20.0026,1.1864,4.0,20.0,1.399999976158142,-0.053817168,0.06272377,0.51761854,0.51761854,0.039964814,-0.048871417,-0.053817168,0.06272377,0.51761854,0.51761854,0.039964814,-0.048871417
236.787,4.0097,20.0028,1.1883,4.0,20.0,1.399999976158142,-0.04838139,0.057996828,0.5070236,0.5070236,0.03518403,-0.044799466,-0.04838139,0.057996828,0.5070236,0.5070236,0.03518403,-0.044799466
236.837,4.0097,20.0028,1.1890,4.0,20.0,1.399999976158142,-0.046576418,0.056244068,0.5056137,0.5056137,0.033528797,-0.043196447,-0.046576418,0.056244068,0.5056137,0.5056137,0.033528797,-0.043196447
236.887,4.0096,20.0029,1.1906,4.0,20.0,1.399999976158142,-0.049545284,0.058880318,0.51263696,0.51263696,0.036140602,-0.045475636,-0.049545284,0.058880318,0.51263696,0.51263696,0.036140602,-0.045475636
236.937,4.0095,20.0030,1.1912,4.0,20.0,1.399999976158142,-0.0442177,0.053883597,0.50521904,0.50521904,0.031344216,-0.041010115,-0.0442177,0.053883597,0.50521904,0.50521904,0.031344216,-0.041010115
236.987,4.0094,20.0030,1.1924,4.0,20.0,1.399999976158142,-0.047129985,0.056572706,0.5112146,0.5112146,0.03394328,-0.043386,-0.047129985,0.056572706,0.5112146,0.5112146,0.03394328,-0.043386
237.038,4.0094,20.0030,1.1929,4.0,20.0,1.399999976158142,-0.04193141,0.051500116,0.50543296,0.50543296,0.029226277,-0.038794983,-0.04193141,0.051500116,0.50543296,0.50543296,0.029226277,-0.038794983
237.087,4.0093,20.0030,1.1939,4.0,20.0,1.399999976158142,-0.04483079,0.05428009,0.5106356,0.5106356,0.031841014,-0.041290317,-0.04483079,0.05428009,0.5106356,0.5106356,0.031841014,-0.041290317
237.137,4.0093,20.0030,1.1943,4.0,20.0,1.399999976158142,-0.039742276,0.049131293,0.5062861,0.5062861,0.027204722,-0.03659374,-0.039742276,0.049131293,0.5062861,0.5062861,0.027204722,-0.03659374
237.187,4.0091,20.0030,1.1951,4.0,20.0,1.399999976158142,-0.042587545,0.051954083,0.51073074,0.51073074,0.029787544,-0.039154086,-0.042587545,0.051954083,0.51073074,0.51073074,0.029787544,-0.039154086
237.237,4.0091,20.0030,1.1953,4.0,20.0,1.399999976158142,-0.037687086,0.046825714,0.50775886,0.50775886,0.025318759,-0.03445739,-0.037687086,0.046825714,0.50775886,0.50775886,0.025318759,-0.03445739
237.287,4.0090,20.0029,1.1959,4.0,20.0,1.399999976158142,-0.0404471,0.04965129,0.5114914,0.5114914,0.027833287,-0.03703748,-0.0404471,0.04965129,0.5114914,0.5114914,0.027833287,-0.03703748
237.337,4.0089,20.0029,1.1961,4.0,20.0,1.399999976158142,-0.03574755,0.04457575,0.5097053,0.5097053,0.0235617,-0.032389898,-0.03574755,0.04457575,0.5097053,0.5097053,0.0235617,-0.032389898
237.387,4.0088,20.0028,1.1970,4.0,20.0,1.399999976158142,-0.115464605,0.13577838,1.0,1.0,0.087625355,-0.107939124,-0.115464605,0.13577838,1.0,1.0,0.087625355,-0.107939124
237.438,4.0087,20.0027,1.1978,4.0,20.0,1.399999976158142,-0.032870717,0.04081412,0.4820338,0.4820338,0.021453563,-0.029396964,-0.032870717,0.04081412,0.4820338,0.4820338,0.021453563,-0.029396964
237.487,4.0085,20.0025,1.1996,4.0,20.0,1.399999976158142,-0.03486926,0.042921383,0.48203787,0.48203787,0.023261294,-0.031313416,-0.03486926,0.042921383,0.48203787,0.48203787,0.023261294,-0.031313416
237.537,4.0084,20.0025,1.2002,4.0,20.0,1.399999976158142,-0.02874154,0.03588294,0.47359785,0.47359785,0.017716516,-0.024857912,-0.02874154,0.03588294,0.47359785,0.47359785,0.017716516,-0.024857912
237.588,4.0083,20.0024,1.2008,4.0,20.0,1.399999976158142,-0.03236937,0.039990973,0.48030993,0.48030993,0.021027496,-0.0286491,-0.03236937,0.039990973,0.48030993,0.48030993,0.021027496,-0.0286491
237.637,4.0081,20.0022,1.2020,4.0,20.0,1.399999976158142,-0.031649802,0.039151084,0.4805151,0.4805151,0.020379107,-0.027880387,-0.031649802,0.039151084,0.4805151,0.4805151,0.020379107,-0.027880387
237.687,4.0081,20.0022,1.2024,4.0,20.0,1.399999976158142,-0.026266571,0.032935344,0.4753028,0.4753028,0.015548326,-0.0222171,-0.026266571,0.032935344,0.4753028,0.4753028,0.015548326,-0.0222171
237.737,4.0079,20.0020,1.2032,4.0,20.0,1.399999976158142,-0.02947133,0.036578808,0.48044127,0.48044127,0.018448228,-0.025555708,-0.02947133,0.036578808,0.48044127,0.48044127,0.018448228,-0.025555708
237.788,4.0077,20.0019,1.2038,4.0,20.0,1.399999976158142,-0.024573954,0.03089041,0.47741285,0.47741285,0.014074284,-0.02039074,-0.024573954,0.03089041,0.47741285,0.47741285,0.014074284,-0.02039074
237.838,4.0076,20.0018,1.2040,4.0,20.0,1.399999976158142,-0.02343075,0.029491777,0.4788962,0.4788962,0.013081763,-0.01914279,-0.02343075,0.029491777,0.4788962,0.4788962,0.013081763,-0.01914279
237.887,4.0075,20.0017,1.2042,4.0,20.0,1.399999976158142,-0.026158536,0.032614302,0.4822146,0.4822146,0.015527587,-0.021983355,-0.026158536,0.032614302,0.4822146,0.4822146,0.015527587,-0.021983355
237.938,4.0074,20.0016,1.2042,4.0,20.0,1.399999976158142,-0.021909721,0.027594674,0.48234147,0.48234147,0.011746343,-0.017431296,-0.021909721,0.027594674,0.48234147,0.48234147,0.011746343,-0.017431296
237.987,4.0073,20.0015,1.2042,4.0,20.0,1.399999976158142,-0.024432914,0.030500712,0.48471847,0.48471847,0.014001808,-0.020069607,-0.024432914,0.030500712,0.48471847,0.48471847,0.014001808,-0.020069607
238.037,4.0072,20.0014,1.2042,4.0,20.0,1.399999976158142,-0.020569656,0.025838345,0.48640212,0.48640212,0.010568992,-0.01583768,-0.020569656,0.025838345,0.48640212,0.48640212,0.010568992,-0.01583768
238.087,4.0070,20.0012,1.2039,4.0,20.0,1.399999976158142,-0.022867743,0.028518757,0.48796,0.48796,0.012618832,-0.018269846,-0.022867743,0.028518757,0.48796,0.48796,0.012618832,-0.018269846
238.138,4.0070,20.0012,1.2037,4.0,20.0,1.399999976158142,-0.019340897,0.024170088,0.4909708,0.4909708,0.009481699,-0.01431089,-0.019340897,0.024170088,0.4909708,0.4909708,0.009481699,-0.01431089
238.187,4.0068,20.0010,1.2033,4.0,20.0,1.399999976158142,-0.02142323,0.026650086,0.49182454,0.49182454,0.011334286,-0.016561141,-0.02142323,0.026650086,0.49182454,0.49182454,0.011334286,-0.016561141
238.237,4.0068,20.0009,1.2030,4.0,20.0,1.399999976158142,-0.018104853,0.022489944,0.49594805,0.49594805,0.008370032,-0.012755123,-0.018104853,0.022489944,0.49594805,0.49594805,0.008370032,-0.012755123
238.287,4.0066,20.0008,1.2024,4.0,20.0,1.399999976158142,-0.020046256,0.024842529,0.49618638,0.49618638,0.010099103,-0.014895374,-0.020046256,0.024842529,0.49618638,0.49618638,0.010099103,-0.014895374
238.337,4.0066,20.0007,1.2021,4.0,20.0,1.399999976158142,-0.01691114,0.02086069,0.50118923,0.50118923,0.0072797476,-0.011229298,-0.01691114,0.02086069,0.50118923,0.50118923,0.0072797476,-0.011229298
238.387,4.0060,20.0007,1.2013,4.0,20.0,1.399999976158142,-0.99745417,1.0,0.23835923,0.23835923,0.9920571,-0.9946029,-0.99745417,1.0,0.23835923,0.23835923,0.9920571,-0.9946029
238.437,4.0054,20.0009,1.2008,4.0,20.0,1.399999976158142,-0.9971973,1.0,0.35962263,0.35962263,0.99282867,-0.9956314,-0.9971973,1.0,0.35962263,0.35962263,0.99282867,-0.9956314
238.488,4.0032,20.0015,1.1993,4.0,20.0,1.399999976158142,-0.9966304,1.0,0.370231,0.370231,0.9934426,-0.9968122,-0.9966304,1.0,0.370231,0.370231,0.9934426,-0.9968122
238.538,4.0021,20.0019,1.1986,4.0,20.0,1.399999976158142,-0.9883084,0.9925921,0.4729669,0.4729669,0.99571633,-1.0,-0.9883084,0.9925921,0.4729669,0.4729669,0.99571633,-1.0
238.587,4.0010,20.0025,1.1978,4.0,20.0,1.399999976158142,-0.9924223,0.99611384,0.43656963,0.43656963,0.99630845,-1.0,-0.9924223,0.99611384,0.43656963,0.43656963,0.99630845,-1.0
238.638,3.9980,20.0039,1.1960,4.0,20.0,1.399999976158142,-0.9897891,0.99332374,0.46303806,0.46303806,0.9964654,-1.0,-0.9897891,0.99332374,0.46303806,0.46303806,0.9964654,-1.0
238.687,3.9952,20.0058,1.1941,4.0,20.0,1.399999976158142,-0.6755236,0.676758,0.5079322,0.5079322,0.6985573,-0.6997917,-0.6755236,0.676758,0.5079322,0.5079322,0.6985573,-0.6997917
238.738,3.9941,20.0065,1.1932,4.0,20.0,1.399999976158142,-0.5258709,0.5238026,0.5138715,0.5138715,0.55460155,-0.5525332,-0.5258709,0.5238026,0.5138715,0.5138715,0.55460155,-0.5525332
238.787,3.9920,20.0084,1.1914,4.0,20.0,1.399999976158142,-0.7494019,0.7485515,0.5098381,0.5098381,0.76986676,-0.7690163,-0.7494019,0.7485515,0.5098381,0.5098381,0.76986676,-0.7690163
238.838,3.9912,20.0092,1.1906,4.0,20.0,1.399999976158142,-0.40675935,0.40026414,0.52221084,0.52221084,0.43893817,-0.43244296,-0.40675935,0.40026414,0.52221084,0.52221084,0.43893817,-0.43244296
238.887,3.9896,20.0110,1.1887,4.0,20.0,1.399999976158142,-0.6049035,0.6005977,0.5181831,0.5181831,0.6305786,-0.62627274,-0.6049035,0.6005977,0.5181831,0.5181831,0.6305786,-0.62627274
238.937,3.9891,20.0117,1.1879,4.0,20.0,1.399999976158142,-0.30055565,0.29014114,0.5301567,0.5301567,0.33525383,-0.32483932,-0.30055565,0.29014114,0.5301567,0.5301567,0.33525383,-0.32483932
238.987,3.9880,20.0133,1.1862,4.0,20.0,1.399999976158142,-0.48254892,0.47489348,0.5263334,0.5263334,0.511981,-0.50432557,-0.48254892,0.47489348,0.5263334,0.5263334,0.511981,-0.50432557
239.037,3.9876,20.0140,1.1854,4.0,20.0,1.399999976158142,-0.21836284,0.20482796,0.53787464,0.53787464,0.254405,-0.24087013,-0.21836284,0.20482796,0.53787464,0.53787464,0.254405,-0.24087013
239.087,3.9870,20.0154,1.1837,4.0,20.0,1.399999976158142,-0.38079843,0.37019336,0.53419787,0.53419787,0.4128218,-0.40221673,-0.38079843,0.37019336,0.53419787,0.53419787,0.4128218,-0.40221673
239.137,3.9868,20.0159,1.1830,4.0,20.0,1.399999976158142,-0.15534496,0.13951348,0.5452024,0.5452024,0.19200659,-0.17617509,-0.15534496,0.13951348,0.5452024,0.5452024,0.19200659,-0.17617509
239.188,3.9864,20.0171,1.1815,4.0,20.0,1.399999976158142,-0.29655305,0.28350013,0.5417292,0.5417292,0.33030495,-0.31725204,-0.29655305,0.28350013,0.5417292,0.5417292,0.33030495,-0.31725204
239.237,3.9864,20.0175,1.1808,4.0,20.0,1.399999976158142,-0.106802486,0.08938418,0.552093,0.552093,0.1436403,-0.126222,-0.106802486,0.08938418,0.552093,0.552093,0.1436403,-0.126222
239.287,3.9863,20.0184,1.1794,4.0,20.0,1.399999976158142,-0.22629976,0.2112971,0.5489223,0.5489223,0.26115388,-0.2461512,-0.22629976,0.2112971,0.5489223,0.5489223,0.26115388,-0.2461512
239.337,3.9862,20.0187,1.1788,4.0,20.0,1.399999976158142,-0.06865963,0.050216537,0.5585484,0.5585484,0.1054008,-0.0869577,-0.06865963,0.050216537,0.5585484,0.5585484,0.1054008,-0.0869577
239.387,3.9863,20.0195,1.1780,4.0,20.0,1.399999976158142,-0.65538156,0.6240262,1.0,1.0,0.72745484,-0.6960995,-0.65538156,0.6240262,1.0,1.0,0.72745484,-0.6960995
239.437,3.9863,20.0199,1.1781,4.0,20.0,1.399999976158142,-0.010591519,-0.009040994,0.53505313,0.53505313,0.046945862,-0.027313348,-0.010591519,-0.009040994,0.53505313,0.53505313,0.046945862,-0.027313348
239.487,3.9865,20.0206,1.1783,4.0,20.0,1.399999976158142,-0.0852676,0.0669212,0.53021926,0.53021926,0.12100355,-0.10265715,-0.0852676,0.0669212,0.53021926,0.53021926,0.12100355,-0.10265715
239.538,3.9866,20.0208,1.1784,4.0,20.0,1.399999976158142,0.058667324,-0.07969893,0.53019315,0.53019315,-0.022303196,0.043334797,0.058667324,-0.07969893,0.53019315,0.53019315,-0.022303196,0.043334797
239.588,3.9867,20.0210,1.1785,4.0,20.0,1.399999976158142,-0.0357799,0.016467817,0.53234696,0.53234696,0.07147145,-0.05215937,-0.0357799,0.016467817,0.53234696,0.53234696,0.07147145,-0.05215937
239.637,3.9870,20.0213,1.1786,4.0,20.0,1.399999976158142,-0.023089208,0.0035717841,0.5336127,0.5336127,0.05872399,-0.03920657,-0.023089208,0.0035717841,0.5336127,0.5336127,0.05872399,-0.03920657
239.687,3.9874,20.0215,1.1787,4.0,20.0,1.399999976158142,0.08646946,-0.10743147,0.5343823,0.5343823,-0.051226508,0.07218853,0.08646946,-0.10743147,0.5343823,0.5343823,-0.051226508,0.07218853
239.738,3.9875,20.0215,1.1787,4.0,20.0,1.399999976158142,0.09774266,-0.11846666,0.53596884,0.53596884,-0.06322059,0.08394459,0.09774266,-0.11846666,0.53596884,0.53596884,-0.06322059,0.08394459
239.787,3.9880,20.0215,1.1786,4.0,20.0,1.399999976158142,0.036543492,-0.05656134,0.53760034,0.53760034,-0.001817096,0.021834942,0.036543492,-0.05656134,0.53760034,0.53760034,-0.001817096,0.021834942
239.837,3.9881,20.0214,1.1786,4.0,20.0,1.399999976158142,0.11133438,-0.1315116,0.53909934,0.53909934,-0.078074545,0.09825176,0.11133438,-0.1315116,0.53909934,0.53909934,-0.078074545,0.09825176
239.887,3.9886,20.0212,1.1786,4.0,20.0,1.399999976158142,0.06212189,-0.082011156,0.54049724,0.54049724,-0.028286843,0.04817611,0.06212189,-0.082011156,0.54049724,0.54049724,-0.028286843,0.04817611
239.938,3.9887,20.0211,1.1785,4.0,20.0,1.399999976158142,0.12029737,-0.13979277,0.54230326,0.54230326,-0.08840041,0.10789581,0.12029737,-0.13979277,0.54230326,0.54230326,-0.08840041,0.10789581
239.987,3.9892,20.0207,1.1784,4.0,20.0,1.399999976158142,0.08184415,-0.10136744,0.5435204,0.5435204,-0.049132112,0.068655394,0.08184415,-0.10136744,0.5435204,0.5435204,-0.049132112,0.068655394
240.038,3.9894,20.0205,1.1784,4.0,20.0,1.399999976158142,0.12697455,-0.14567694,0.54552114,0.54552114,-0.09662529,0.11532768,0.12697455,-0.14567694,0.54552114,0.54552114,-0.09662529,0.11532768
240.088,3.9898,20.0199,1.1782,4.0,20.0,1.399999976158142,0.09670676,-0.115687154,0.54660714,0.54660714,-0.06532168,0.08430206,0.09670676,-0.115687154,0.54660714,0.54660714,-0.06532168,0.08430206
240.137,3.9900,20.0197,1.1782,4.0,20.0,1.399999976158142,0.13099775,-0.14883874,0.54870063,0.54870063,-0.10234996,0.12019096,0.13099775,-0.14883874,0.54870063,0.54870063,-0.10234996,0.12019096
240.187,3.9904,20.0190,1.1780,4.0,20.0,1.399999976158142,0.10766593,-0.12597501,0.54970074,0.54970074,-0.077794485,0.096103564,0.10766593,-0.12597501,0.54970074,0.54970074,-0.077794485,0.096103564
240.237,3.9905,20.0187,1.1780,4.0,20.0,1.399999976158142,0.13307521,-0.15001893,0.5517821,0.5517821,-0.10627052,0.12321424,0.13307521,-0.15001893,0.5517821,0.5517821,-0.10627052,0.12321424
240.288,3.9909,20.0180,1.1779,4.0,20.0,1.399999976158142,0.115194075,-0.13275959,0.5527486,0.5527486,-0.08697066,0.104536176,0.115194075,-0.13275959,0.5527486,0.5527486,-0.08697066,0.104536176
240.337,3.9911,20.0177,1.1778,4.0,20.0,1.399999976158142,0.133239,-0.14931428,0.554731,0.554731,-0.10833435,0.124409616,0.133239,-0.14931428,0.554731,0.554731,-0.10833435,0.124409616
240.387,3.9914,20.0168,1.1782,4.0,20.0,1.399999976158142,0.28937408,-0.3247996,1.0,1.0,-0.23284326,0.2682688,0.28937408,-0.3247996,1.0,1.0,-0.23284326,0.2682688
240.438,3.9915,20.0164,1.1789,4.0,20.0,1.399999976158142,0.12794666,-0.14254712,0.5266441,0.5266441,-0.106416605,0.12101705,0.12794666,-0.14254712,0.5266441,0.5266441,-0.106416605,0.12101705
240.487,3.9918,20.0155,1.1802,4.0,20.0,1.399999976158142,0.1168939,-0.13227019,0.525395,0.525395,-0.093814485,0.10919078,0.1168939,-0.13227019,0.525395,0.525395,-0.093814485,0.10919078
240.537,3.9919,20.0151,1.1807,4.0,20.0,1.399999976158142,0.11732216,-0.13127404,0.51927954,0.51927954,-0.09818324,0.11213513,0.11732216,-0.13127404,0.51927954,0.51927954,-0.09818324,0.11213513
240.587,3.9920,20.0147,1.1811,4.0,20.0,1.399999976158142,0.11559754,-0.13030721,0.5246421,0.5246421,-0.09448302,0.10919269,0.11559754,-0.13030721,0.5246421,0.5246421,-0.09448302,0.10919269
240.638,3.9922,20.0138,1.1821,4.0,20.0,1.399999976158142,0.115081705,-0.12961766,0.5251426,0.5251426,-0.0945139,0.10904986,0.115081705,-0.12961766,0.5251426,0.5251426,-0.0945139,0.10904986
240.687,3.9924,20.0129,1.1830,4.0,20.0,1.399999976158142,0.11263676,-0.12591599,0.5210276,0.5210276,-0.09576548,0.109044716,0.11263676,-0.12591599,0.5210276,0.5210276,-0.09576548,0.109044716
240.738,3.9925,20.0126,1.1833,4.0,20.0,1.399999976158142,0.109933965,-0.12289492,0.5214715,0.5214715,-0.09423387,0.107194826,0.109933965,-0.12289492,0.5214715,0.5214715,-0.09423387,0.107194826
240.787,3.9926,20.0118,1.1839,4.0,20.0,1.399999976158142,0.11110166,-0.12471879,0.52543896,0.52543896,-0.09355421,0.10717134,0.11110166,-0.12471879,0.52543896,0.52543896,-0.09355421,0.10717134
240.837,3.9927,20.0114,1.1841,4.0,20.0,1.399999976158142,0.1060253,-0.118643776,0.5233432,0.5233432,-0.091815166,0.10443363,0.1060253,-0.118643776,0.5233432,0.5233432,-0.091815166,0.10443363
240.887,3.9928,20.0107,1.1846,4.0,20.0,1.399999976158142,0.10813278,-0.12133094,0.5266538,0.5266538,-0.09219761,0.10539577,0.10813278,-0.12133094,0.5266538,0.5266538,-0.09219761,0.10539577
240.938,3.9929,20.0104,1.1847,4.0,20.0,1.399999976158142,0.10208969,-0.11445726,0.5254934,0.5254934,-0.08925915,0.10162672,0.10208969,-0.11445726,0.5254934,0.5254934,-0.08925915,0.10162672
240.988,3.9929,20.0097,1.1851,4.0,20.0,1.399999976158142,0.10488574,-0.11775232,0.5282811,0.5282811,-0.09045035,0.10331692,0.10488574,-0.11775232,0.5282811,0.5282811,-0.09045035,0.10331692
241.038,3.9930,20.0094,1.1852,4.0,20.0,1.399999976158142,0.09818576,-0.11038784,0.52787334,0.52787334,-0.08663303,0.0988351,0.09818576,-0.11038784,0.52787334,0.52787334,-0.08663303,0.0988351
241.087,3.9930,20.0087,1.1854,4.0,20.0,1.399999976158142,0.10150194,-0.11412586,0.5302484,0.5302484,-0.08844472,0.10106864,0.10150194,-0.11412586,0.5302484,0.5302484,-0.08844472,0.10106864
241.138,3.9930,20.0084,1.1855,4.0,20.0,1.399999976158142,0.09439552,-0.10651954,0.5304466,0.5304466,-0.08400299,0.09612701,0.09439552,-0.10651954,0.5304466,0.5304466,-0.08400299,0.09612701
241.187,3.9931,20.0078,1.1856,4.0,20.0,1.399999976158142,0.09806589,-0.11053342,0.53248453,0.53248453,-0.08626896,0.098736495,0.09806589,-0.11053342,0.53248453,0.53248453,-0.08626896,0.098736495
241.237,3.9931,20.0076,1.1856,4.0,20.0,1.399999976158142,0.09075644,-0.10288575,0.5331618,0.5331618,-0.08140508,0.0935344,0.09075644,-0.10288575,0.5331618,0.5331618,-0.08140508,0.0935344
241.287,3.9931,20.0071,1.1857,4.0,20.0,1.399999976158142,0.09461867,-0.10701083,0.53491986,0.53491986,-0.08397474,0.0963669,0.09461867,-0.10701083,0.53491986,0.53491986,-0.08397474,0.0963669
241.338,3.9931,20.0068,1.1857,4.0,20.0,1.399999976158142,0.08729634,-0.09950514,0.5359672,0.5359672,-0.07887488,0.09108368,0.08729634,-0.09950514,0.5359672,0.5359672,-0.07887488,0.09108368
241.388,3.9931,20.0066,1.1858,4.0,20.0,1.399999976158142,0.2585717,-0.28468466,1.0,1.0,-0.2367737,0.26288664,0.2585717,-0.28468466,1.0,1.0,-0.2367737,0.26288664
241.437,3.9930,20.0061,1.1871,4.0,20.0,1.399999976158142,0.08956185,-0.101483464,0.5121051,0.5121051,-0.08092217,0.09284379,0.08956185,-0.101483464,0.5121051,0.5121051,-0.08092217,0.09284379
241.488,3.9929,20.0056,1.1884,4.0,20.0,1.399999976158142,0.07401365,-0.086163,0.5027832,0.5027832,-0.06764581,0.07979516,0.07401365,-0.086163,0.5027832,0.5027832,-0.06764581,0.07979516
241.537,3.9928,20.0054,1.1889,4.0,20.0,1.399999976158142,0.06928006,-0.08156239,0.5005741,0.5005741,-0.06353319,0.07581552,0.06928006,-0.08156239,0.5005741,0.5005741,-0.06353319,0.07581552
241.588,3.9928,20.0049,1.1900,4.0,20.0,1.399999976158142,0.07706448,-0.08929944,0.50616777,0.50616777,-0.070217736,0.08245269,0.07706448,-0.08929944,0.50616777,0.50616777,-0.070217736,0.08245269
241.637,3.9927,20.0048,1.1904,4.0,20.0,1.399999976158142,0.06574384,-0.07817752,0.50169706,0.50169706,-0.06069002,0.07312369,0.06574384,-0.07817752,0.50169706,0.50169706,-0.06069002,0.07312369
241.687,3.9926,20.0044,1.1912,4.0,20.0,1.399999976158142,0.07253875,-0.08492172,0.50634414,0.50634414,-0.06651389,0.07889686,0.07253875,-0.08492172,0.50634414,0.50634414,-0.06651389,0.07889686
241.737,3.9926,20.0042,1.1914,4.0,20.0,1.399999976158142,0.06260885,-0.07522076,0.50346816,0.50346816,-0.05816046,0.07077237,0.06260885,-0.07522076,0.50346816,0.50346816,-0.05816046,0.07077237
241.787,3.9925,20.0039,1.1919,4.0,20.0,1.399999976158142,0.06858826,-0.08113937,0.5072834,0.5072834,-0.06328572,0.07583683,0.06858826,-0.08113937,0.5072834,0.5072834,-0.06328572,0.07583683
241.838,3.9925,20.0037,1.1921,4.0,20.0,1.399999976158142,0.05991471,-0.07273329,0.50578475,0.50578475,-0.056006886,0.06882547,0.05991471,-0.07273329,0.50578475,0.50578475,-0.056006886,0.06882547
241.888,3.9924,20.0034,1.1924,4.0,20.0,1.399999976158142,0.06514937,-0.0778921,0.50886315,0.50886315,-0.060490176,0.07323291,0.06514937,-0.0778921,0.50886315,0.50886315,-0.060490176,0.07323291
241.937,3.9923,20.0033,1.1925,4.0,20.0,1.399999976158142,0.057669587,-0.07072182,0.5085764,0.5085764,-0.0542444,0.06729663,0.057669587,-0.07072182,0.5085764,0.5085764,-0.0542444,0.06729663
241.987,3.9923,20.0030,1.1927,4.0,20.0,1.399999976158142,0.06216294,-0.075122975,0.51100045,0.51100045,-0.058083422,0.07104346,0.06216294,-0.075122975,0.51100045,0.51100045,-0.058083422,0.07104346
242.037,3.9922,20.0029,1.1927,4.0,20.0,1.399999976158142,0.05564681,-0.06896574,0.51171625,0.51171625,-0.05268674,0.06600567,0.05564681,-0.06896574,0.51171625,0.51171625,-0.05268674,0.06600567
242.087,3.9921,20.0027,1.1927,4.0,20.0,1.399999976158142,0.059589367,-0.0727941,0.5136138,0.5136138,-0.05603862,0.06924336,0.059589367,-0.0727941,0.5136138,0.5136138,-0.05603862,0.06924336
242.138,3.9921,20.0026,1.1926,4.0,20.0,1.399999976158142,0.053862084,-0.06748971,0.51517594,0.51517594,-0.05135132,0.06497895,0.053862084,-0.06748971,0.51517594,0.51517594,-0.05135132,0.06497895
242.187,3.9920,20.0025,1.1926,4.0,20.0,1.399999976158142,0.057305858,-0.0707968,0.5166099,0.5166099,-0.054252684,0.06774363,0.057305858,-0.0707968,0.5166099,0.5166099,-0.054252684,0.06774363
242.237,3.9919,20.0022,1.1924,4.0,20.0,1.399999976158142,0.05666424,-0.07026083,0.51807046,0.51807046,-0.053752836,0.06734943,0.05666424,-0.07026083,0.51807046,0.51807046,-0.053752836,0.06734943
242.287,3.9918,20.0021,1.1923,4.0,20.0,1.399999976158142,0.051892433,-0.06600228,0.52052206,0.52052206,-0.049904834,0.06401468,0.051892433,-0.06600228,0.52052206,0.52052206,-0.049904834,0.06401468
242.338,3.9917,20.0019,1.1920,4.0,20.0,1.399999976158142,0.054713763,-0.068645604,0.52146596,0.52146596,-0.052248225,0.066180065,0.054713763,-0.068645604,0.52146596,0.52146596,-0.052248225,0.066180065
242.387,3.9916,20.0022,1.1916,4.0,20.0,1.399999976158142,-0.9994608,0.99641657,0.10068099,0.10068099,1.0,-0.99695575,-0.9994608,0.99641657,0.10068099,0.10068099,1.0,-0.99695575
242.437,3.9916,20.0022,1.1916,4.0,20.0,1.399999976158142,-0.99896854,0.99482965,0.14462978,0.14462978,1.0,-0.9958611,-0.99896854,0.99482965,0.14462978,0.14462978,1.0,-0.9958611
242.487,3.9917,20.0048,1.1897,4.0,20.0,1.399999976158142,-0.99923784,0.99535143,0.14189026,0.14189026,1.0,-0.9961136,-0.99923784,0.99535143,0.14189026,0.14189026,1.0,-0.9961136
242.537,3.9919,20.0059,1.1889,4.0,20.0,1.399999976158142,-0.9952612,0.99014246,0.16712946,0.16712946,1.0,-0.9948813,-0.9952612,0.99014246,0.16712946,0.16712946,1.0,-0.9948813
242.587,3.9925,20.0088,1.1865,4.0,20.0,1.399999976158142,-0.9966999,0.991995,0.15792805,0.15792805,1.0,-0.99529505,-0.9966999,0.991995,0.15792805,0.15792805,1.0,-0.99529505
242.637,3.9929,20.0101,1.1853,4.0,20.0,1.399999976158142,-0.99303716,0.9868244,0.18257917,0.18257917,1.0,-0.9937872,-0.99303716,0.9868244,0.18257917,0.18257917,1.0,-0.9937872
242.687,3.9941,20.0132,1.1821,4.0,20.0,1.399999976158142,-0.9946448,0.9889242,0.17224568,0.17224568,1.0,-0.9942793,-0.9946448,0.9889242,0.17224568,0.17224568,1.0,-0.9942793
242.738,3.9948,20.0146,1.1806,4.0,20.0,1.399999976158142,-0.9901636,0.9818638,0.20635335,0.20635335,1.0,-0.9917002,-0.9901636,0.9818638,0.20635335,0.20635335,1.0,-0.9917002
242.787,3.9966,20.0175,1.1767,4.0,20.0,1.399999976158142,-0.9924862,0.9852393,0.18984969,0.18984969,1.0,-0.99275315,-0.9924862,0.9852393,0.18984969,0.18984969,1.0,-0.99275315
242.837,3.9976,20.0187,1.1749,4.0,20.0,1.399999976158142,-0.9874985,0.97639954,0.23445556,0.23445556,1.0,-0.988901,-0.9874985,0.97639954,0.23445556,0.23445556,1.0,-0.988901
242.887,4.0000,20.0212,1.1705,4.0,20.0,1.399999976158142,-0.9903339,0.98104495,0.21124381,0.21124381,1.0,-0.99071103,-0.9903339,0.98104495,0.21124381,0.21124381,1.0,-0.99071103
242.938,4.0012,20.0222,1.1685,4.0,20.0,1.399999976158142,-0.9851114,0.9706264,0.26760924,0.26760924,1.0,-0.98551506,-0.9851114,0.9706264,0.26760924,0.26760924,1.0,-0.98551506
242.987,4.0041,20.0240,1.1635,4.0,20.0,1.399999976158142,-0.9882631,0.9764552,0.23694281,0.23694281,1.0,-0.9881922,-0.9882631,0.9764552,0.23694281,0.23694281,1.0,-0.9881922
243.037,4.0054,20.0246,1.1614,4.0,20.0,1.399999976158142,-0.98287314,0.9644098,0.30809134,0.30809134,1.0,-0.9815367,-0.98287314,0.9644098,0.30809134,0.30809134,1.0,-0.9815367
243.087,4.0086,20.0256,1.1561,4.0,20.0,1.399999976158142,-0.9862451,0.9714247,0.26830232,0.26830232,1.0,-0.9851796,-0.9862451,0.9714247,0.26830232,0.26830232,1.0,-0.9851796
243.138,4.0100,20.0259,1.1538,4.0,20.0,1.399999976158142,-0.98072934,0.9577459,0.35735112,0.35735112,1.0,-0.97701657,-0.98072934,0.9577459,0.35735112,0.35735112,1.0,-0.97701657
243.187,4.0115,20.0260,1.1515,4.0,20.0,1.399999976158142,-0.984269,0.96596473,0.30634692,0.30634692,1.0,-0.9816957,-0.984269,0.96596473,0.30634692,0.30634692,1.0,-0.9816957
243.238,4.0148,20.0259,1.1460,4.0,20.0,1.399999976158142,-0.9836463,0.9641605,0.31991798,0.31991798,1.0,-0.9805143,-0.9836463,0.9641605,0.31991798,0.31991798,1.0,-0.9805143
243.288,4.0182,20.0252,1.1405,4.0,20.0,1.399999976158142,-0.9776092,0.9474883,0.44300878,0.44300878,1.0,-0.9698791,-0.9776092,0.9474883,0.44300878,0.44300878,1.0,-0.9698791
243.337,4.0196,20.0247,1.1382,4.0,20.0,1.399999976158142,-0.97567666,0.9410298,0.5013718,0.5013718,1.0,-0.96535313,-0.97567666,0.9410298,0.5013718,0.5013718,1.0,-0.96535313
243.387,4.0227,20.0232,1.1328,4.0,20.0,1.399999976158142,-0.9862947,0.9688341,0.24633175,0.24633175,1.0,-0.98253936,-0.9862947,0.9688341,0.24633175,0.24633175,1.0,-0.98253936
243.438,4.0240,20.0223,1.1306,4.0,20.0,1.399999976158142,-0.9726513,0.9306693,0.5880578,0.5880578,1.0,-0.958018,-0.9726513,0.9306693,0.5880578,0.5880578,1.0,-0.958018
243.487,4.0268,20.0200,1.1256,4.0,20.0,1.399999976158142,-0.9777024,0.9453903,0.47050753,0.47050753,1.0,-0.9676879,-0.9777024,0.9453903,0.47050753,0.47050753,1.0,-0.9676879
243.538,4.0279,20.0189,1.1236,4.0,20.0,1.399999976158142,-0.89035463,0.84182745,0.6802596,0.6802596,0.92032176,-0.8717946,-0.89035463,0.84182745,0.6802596,0.6802596,0.92032176,-0.8717946
243.587,4.0301,20.0159,1.1194,4.0,20.0,1.399999976158142,-0.9742177,0.93481696,0.5682478,0.5682478,1.0,-0.96059924,-0.9742177,0.93481696,0.5682478,0.5682478,1.0,-0.96059924
243.638,4.0309,20.0145,1.1177,4.0,20.0,1.399999976158142,-0.69642264,0.64771277,0.69258153,0.69258153,0.7256888,-0.67697895,-0.69642264,0.64771277,0.69258153,0.69258153,0.7256888,-0.67697895
243.687,4.0324,20.0110,1.1144,4.0,20.0,1.399999976158142,-0.94874984,0.9016584,0.6814752,0.6814752,0.97860026,-0.9315089,-0.94874984,0.9016584,0.6814752,0.6814752,0.97860026,-0.9315089
243.738,4.0329,20.0095,1.1132,4.0,20.0,1.399999976158142,-0.5332689,0.48537248,0.70115495,0.70115495,0.5623795,-0.51448303,-0.5332689,0.48537248,0.70115495,0.70115495,0.5623795,-0.51448303
243.788,4.0336,20.0058,1.1108,4.0,20.0,1.399999976158142,-0.76602584,0.71892935,0.69219035,0.69219035,0.7957805,-0.74868405,-0.76602584,0.71892935,0.69219035,0.69219035,0.7957805,-0.74868405
243.837,4.0338,20.0043,1.1100,4.0,20.0,1.399999976158142,-0.39061537,0.34429422,0.7063821,0.7063821,0.42030317,-0.37398198,-0.39061537,0.34429422,0.7063821,0.7063821,0.42030317,-0.37398198
243.887,4.0338,20.0007,1.1086,4.0,20.0,1.399999976158142,-0.6160475,0.569882,0.70005673,0.70005673,0.6461811,-0.6000156,-0.6160475,0.569882,0.70005673,0.70005673,0.6461811,-0.6000156
243.937,4.0336,19.9992,1.1081,4.0,20.0,1.399999976158142,-0.28645596,0.24255693,0.7092247,0.7092247,0.31743768,-0.27353865,-0.28645596,0.24255693,0.7092247,0.7092247,0.31743768,-0.27353865
243.988,4.0329,19.9958,1.1075,4.0,20.0,1.399999976158142,-0.48889688,0.4443747,0.7054198,0.7054198,0.5199561,-0.47543392,-0.48889688,0.4443747,0.7054198,0.7054198,0.5199561,-0.47543392
244.037,4.0325,19.9944,1.1074,4.0,20.0,1.399999976158142,-0.20949057,0.16845568,0.70980287,0.70980287,0.24234965,-0.20131478,-0.20949057,0.16845568,0.70980287,0.70980287,0.24234965,-0.20131478
244.087,4.0321,19.9930,1.1074,4.0,20.0,1.399999976158142,-0.3827292,0.34042135,0.70839804,0.70839804,0.4152111,-0.37290326,-0.3827292,0.34042135,0.70839804,0.70839804,0.4152111,-0.37290326
244.138,4.0308,19.9900,1.1077,4.0,20.0,1.399999976158142,-0.35648605,0.31492954,0.70954114,0.70954114,0.38950092,-0.3479444,-0.35648605,0.31492954,0.70954114,0.70954114,0.38950092,-0.3479444
244.188,4.0292,19.9873,1.1085,4.0,20.0,1.399999976158142,-0.12816668,0.09126463,0.70828384,0.70828384,0.16402589,-0.12712385,-0.12816668,0.09126463,0.70828384,0.70828384,0.16402589,-0.12712385
244.238,4.0285,19.9862,1.1090,4.0,20.0,1.399999976158142,-0.092245705,0.057654586,0.70505273,0.70505273,0.12975074,-0.09515963,-0.092245705,0.057654586,0.70505273,0.70505273,0.12975074,-0.09515963
244.287,4.0268,19.9838,1.1105,4.0,20.0,1.399999976158142,-0.22174874,0.1848898,0.70786655,0.70786655,0.25802663,-0.22116768,-0.22174874,0.1848898,0.70786655,0.70786655,0.25802663,-0.22116768
244.338,4.0260,19.9829,1.1113,4.0,20.0,1.399999976158142,-0.058701914,0.027464908,0.7001156,0.7001156,0.098578446,-0.06734143,-0.058701914,0.027464908,0.7001156,0.7001156,0.098578446,-0.06734143
244.388,4.0241,19.9808,1.1136,4.0,20.0,1.399999976158142,-0.48854908,0.43189803,1.0,1.0,0.5461272,-0.48947617,-0.48854908,0.43189803,1.0,1.0,0.5461272,-0.48947617
244.438,4.0233,19.9799,1.1151,4.0,20.0,1.399999976158142,-0.014764911,-0.011814362,0.6566684,0.6566684,0.055779383,-0.029200109,-0.014764911,-0.011814362,0.6566684,0.6566684,0.055779383,-0.029200109
244.488,4.0213,19.9781,1.1184,4.0,20.0,1.399999976158142,-0.09447653,0.06510427,0.66125095,0.66125095,0.13390395,-0.1045317,-0.09447653,0.06510427,0.66125095,0.66125095,0.13390395,-0.1045317
244.537,4.0205,19.9773,1.1199,4.0,20.0,1.399999976158142,0.033152178,-0.05667232,0.64292604,0.64292604,0.009986038,0.013534105,0.033152178,-0.05667232,0.64292604,0.64292604,0.009986038,0.013534105
244.588,4.0184,19.9758,1.1234,4.0,20.0,1.399999976158142,-0.049486287,0.023233226,0.6535408,0.6535408,0.09090976,-0.0646567,-0.049486287,0.023233226,0.6535408,0.6535408,0.09090976,-0.0646567
244.638,4.0176,19.9753,1.1250,4.0,20.0,1.399999976158142,0.055579096,-0.07571753,0.6344906,0.6344906,-0.010584263,0.030722694,0.055579096,-0.07571753,0.6344906,0.6344906,-0.010584263,0.030722694
244.687,4.0156,19.9740,1.1285,4.0,20.0,1.399999976158142,-0.012001203,-0.01104343,0.645579,0.645579,0.055310737,-0.032266106,-0.012001203,-0.01104343,0.645579,0.645579,0.055310737,-0.032266106
244.737,4.0147,19.9736,1.1300,4.0,20.0,1.399999976158142,0.07300938,-0.08985102,0.6263378,0.6263378,-0.02646674,0.04330838,0.07300938,-0.08985102,0.6263378,0.6263378,-0.02646674,0.04330838
244.787,4.0128,19.9726,1.1336,4.0,20.0,1.399999976158142,0.018466892,-0.03829374,0.6375779,0.6375779,0.026508266,-0.0066814176,0.018466892,-0.03829374,0.6375779,0.6375779,0.026508266,-0.0066814176
244.837,4.0120,19.9723,1.1351,4.0,20.0,1.399999976158142,0.08736826,-0.10101912,0.61838496,0.61838496,-0.03959167,0.053242538,0.08736826,-0.10101912,0.61838496,0.61838496,-0.03959167,0.053242538
244.887,4.0112,19.9720,1.1366,4.0,20.0,1.399999976158142,0.043215845,-0.059883617,0.62966645,0.62966645,0.0031652278,0.013502541,0.043215845,-0.059883617,0.62966645,0.62966645,0.0031652278,0.013502541
244.937,4.0094,19.9713,1.1401,4.0,20.0,1.399999976158142,0.049405254,-0.06516882,0.6280481,0.6280481,-0.0026377845,0.018401355,0.049405254,-0.06516882,0.6280481,0.6280481,-0.0026377845,0.018401355
244.987,4.0077,19.9708,1.1436,4.0,20.0,1.399999976158142,0.1025774,-0.112367645,0.60899687,0.60899687,-0.05360703,0.06339728,0.1025774,-0.112367645,0.60899687,0.60899687,-0.05360703,0.06339728
245.037,4.0070,19.9707,1.1451,4.0,20.0,1.399999976158142,0.10941993,-0.11729855,0.60310817,0.60310817,-0.060039636,0.06791826,0.10941993,-0.11729855,0.60310817,0.60310817,-0.060039636,0.06791826
245.087,4.0054,19.9703,1.1484,4.0,20.0,1.399999976158142,0.079735026,-0.090507366,0.6143337,0.6143337,-0.03133679,0.04210913,0.079735026,-0.090507366,0.6143337,0.6143337,-0.03133679,0.04210913
245.137,4.0048,19.9702,1.1499,4.0,20.0,1.399999976158142,0.115885206,-0.12121995,0.59624946,0.59624946,-0.06617039,0.07150514,0.115885206,-0.12121995,0.59624946,0.59624946,-0.06617039,0.07150514
245.187,4.0034,19.9701,1.1531,4.0,20.0,1.399999976158142,0.09258067,-0.100659,0.60701126,0.60701126,-0.043563966,0.0516423,0.09258067,-0.100659,0.60701126,0.60701126,-0.043563966,0.0516423
245.238,4.0028,19.9700,1.1545,4.0,20.0,1.399999976158142,0.121005885,-0.12401526,0.5894896,0.5894896,-0.071145475,0.07415485,0.121005885,-0.12401526,0.5894896,0.5894896,-0.071145475,0.07415485
245.287,4.0015,19.9700,1.1577,4.0,20.0,1.399999976158142,0.102362484,-0.10797227,0.6000657,0.6000657,-0.052966096,0.058575884,0.102362484,-0.10797227,0.6000657,0.6000657,-0.052966096,0.058575884
245.337,4.0010,19.9700,1.1590,4.0,20.0,1.399999976158142,0.124420196,-0.12533931,0.5831041,0.5831041,-0.07461199,0.07553111,0.124420196,-0.12533931,0.5831041,0.5831041,-0.07461199,0.07553111
245.387,3.9999,19.9701,1.1625,4.0,20.0,1.399999976158142,0.22902302,-0.23835662,1.0,1.0,-0.13615766,0.14549127,0.22902302,-0.23835662,1.0,1.0,-0.13615766,0.14549127
245.437,3.9994,19.9701,1.1644,4.0,20.0,1.399999976158142,0.12412772,-0.12252198,0.54162586,0.54162586,-0.076351464,0.07474572,0.12412772,-0.12252198,0.54162586,0.54162586,-0.076351464,0.07474572
245.487,3.9985,19.9704,1.1685,4.0,20.0,1.399999976158142,0.11221387,-0.11281473,0.5493828,0.5493828,-0.06456571,0.06516657,0.11221387,-0.11281473,0.5493828,0.5493828,-0.06456571,0.06516657
245.538,3.9981,19.9705,1.1702,4.0,20.0,1.399999976158142,0.12133627,-0.118080385,0.5268513,0.5268513,-0.07431557,0.0710597,0.12133627,-0.118080385,0.5268513,0.5268513,-0.07431557,0.0710597
245.587,3.9977,19.9706,1.1718,4.0,20.0,1.399999976158142,0.114771426,-0.11354311,0.54046565,0.54046565,-0.06742319,0.06619486,0.114771426,-0.11354311,0.54046565,0.54046565,-0.06742319,0.06619486
245.638,3.9969,19.9709,1.1754,4.0,20.0,1.399999976158142,0.11533347,-0.11358081,0.5385414,0.5385414,-0.06806051,0.06630785,0.11533347,-0.11358081,0.5385414,0.5385414,-0.06806051,0.06630785
245.687,3.9962,19.9711,1.1787,4.0,20.0,1.399999976158142,0.12035445,-0.115332015,0.5193697,0.5193697,-0.07394058,0.068918146,0.12035445,-0.115332015,0.5193697,0.5193697,-0.07394058,0.068918146
245.737,3.9959,19.9713,1.1801,4.0,20.0,1.399999976158142,0.11939979,-0.11359107,0.5152149,0.5152149,-0.07337509,0.067566365,0.11939979,-0.11359107,0.5152149,0.5152149,-0.07337509,0.067566365
245.787,3.9953,19.9716,1.1830,4.0,20.0,1.399999976158142,0.11659607,-0.11237851,0.5263708,0.5263708,-0.0700423,0.06582473,0.11659607,-0.11237851,0.5263708,0.5263708,-0.0700423,0.06582473
245.837,3.9951,19.9717,1.1841,4.0,20.0,1.399999976158142,0.11749883,-0.110778436,0.5113552,0.5113552,-0.07197106,0.06525067,0.11749883,-0.110778436,0.5113552,0.5113552,-0.07197106,0.06525067
245.887,3.9946,19.9720,1.1866,4.0,20.0,1.399999976158142,0.11619057,-0.11083114,0.52112794,0.52112794,-0.070079334,0.0647199,0.11619057,-0.11083114,0.52112794,0.52112794,-0.070079334,0.0647199
245.937,3.9945,19.9721,1.1876,4.0,20.0,1.399999976158142,0.115358226,-0.10793335,0.50827247,0.50827247,-0.07030967,0.06288479,0.115358226,-0.10793335,0.50827247,0.50827247,-0.07030967,0.06288479
245.987,3.9941,19.9724,1.1898,4.0,20.0,1.399999976158142,0.11518104,-0.10891029,0.51702404,0.51702404,-0.06951164,0.06324089,0.11518104,-0.10891029,0.51702404,0.51702404,-0.06951164,0.06324089
246.038,3.9940,19.9725,1.1906,4.0,20.0,1.399999976158142,0.113012254,-0.10509446,0.50619817,0.50619817,-0.068408996,0.060491204,0.113012254,-0.10509446,0.50619817,0.50619817,-0.068408996,0.060491204
246.087,3.9937,19.9728,1.1924,4.0,20.0,1.399999976158142,0.11372614,-0.10674911,0.5139088,0.5139088,-0.06849069,0.061513662,0.11372614,-0.10674911,0.5139088,0.5139088,-0.06849069,0.061513662
246.138,3.9936,19.9729,1.1931,4.0,20.0,1.399999976158142,0.11054867,-0.102312155,0.50494474,0.50494474,-0.06636353,0.058127012,0.11054867,-0.102312155,0.50494474,0.50494474,-0.06636353,0.058127012
246.188,3.9934,19.9732,1.1946,4.0,20.0,1.399999976158142,0.11195747,-0.10446659,0.51174426,0.51174426,-0.067137286,0.059646405,0.11195747,-0.10446659,0.51174426,0.51174426,-0.067137286,0.059646405
246.238,3.9934,19.9733,1.1952,4.0,20.0,1.399999976158142,0.10805375,-0.09966087,0.50454247,0.50454247,-0.06425074,0.055857852,0.10805375,-0.09966087,0.50454247,0.50454247,-0.06425074,0.055857852
246.288,3.9933,19.9735,1.1964,4.0,20.0,1.399999976158142,0.10996519,-0.102129266,0.5104348,0.5104348,-0.06554044,0.057704516,0.10996519,-0.102129266,0.5104348,0.5104348,-0.06554044,0.057704516
246.338,3.9933,19.9737,1.1969,4.0,20.0,1.399999976158142,0.105561286,-0.09714405,0.5048859,0.5048859,-0.062110163,0.053692926,0.105561286,-0.09714405,0.5048859,0.5048859,-0.062110163,0.053692926
246.387,3.9933,19.9739,1.1984,4.0,20.0,1.399999976158142,0.29916757,-0.2815115,1.0,1.0,-0.20049411,0.18283802,0.29916757,-0.2815115,1.0,1.0,-0.20049411,0.18283802
246.438,3.9933,19.9741,1.1995,4.0,20.0,1.399999976158142,0.09881574,-0.090752356,0.4752032,0.4752032,-0.057679232,0.04961585,0.09881574,-0.090752356,0.4752032,0.4752032,-0.057679232,0.04961585
246.488,3.9934,19.9742,1.2005,4.0,20.0,1.399999976158142,0.09971502,-0.09194751,0.4769347,0.4769347,-0.058151823,0.050384317,0.09971502,-0.09194751,0.4769347,0.4769347,-0.058151823,0.050384317
246.538,3.9935,19.9745,1.2026,4.0,20.0,1.399999976158142,0.09822261,-0.09046705,0.47625408,0.47625408,-0.05682097,0.049065404,0.09822261,-0.09046705,0.47625408,0.47625408,-0.05682097,0.049065404
246.588,3.9935,19.9747,1.2034,4.0,20.0,1.399999976158142,0.08754493,-0.07991312,0.4657394,0.4657394,-0.04755331,0.039921496,0.08754493,-0.07991312,0.4657394,0.4657394,-0.04755331,0.039921496
246.638,3.9937,19.9750,1.2050,4.0,20.0,1.399999976158142,0.09384588,-0.0861712,0.4735729,0.4735729,-0.053024985,0.045350313,0.09384588,-0.0861712,0.4735729,0.4735729,-0.053024985,0.045350313
246.687,3.9938,19.9753,1.2063,4.0,20.0,1.399999976158142,0.084291235,-0.07682007,0.46593517,0.46593517,-0.044765923,0.037294757,0.084291235,-0.07682007,0.46593517,0.46593517,-0.044765923,0.037294757
246.737,3.9939,19.9754,1.2067,4.0,20.0,1.399999976158142,0.08219147,-0.07486207,0.46624658,0.46624658,-0.043000374,0.035670985,0.08219147,-0.07486207,0.46624658,0.46624658,-0.043000374,0.035670985
246.787,3.9940,19.9756,1.2076,4.0,20.0,1.399999976158142,0.08753141,-0.08009174,0.47174698,0.47174698,-0.04760372,0.040164042,0.08753141,-0.08009174,0.47174698,0.47174698,-0.04760372,0.040164042
246.838,3.9941,19.9757,1.2079,4.0,20.0,1.399999976158142,0.079674326,-0.07256954,0.46834502,0.46834502,-0.040869363,0.033764575,0.079674326,-0.07256954,0.46834502,0.46834502,-0.040869363,0.033764575
246.888,3.9942,19.9760,1.2084,4.0,20.0,1.399999976158142,0.08442222,-0.07716991,0.47259495,0.47259495,-0.044933457,0.03768114,0.08442222,-0.07716991,0.47259495,0.47259495,-0.044933457,0.03768114
246.937,3.9943,19.9761,1.2085,4.0,20.0,1.399999976158142,0.07741809,-0.070579045,0.4712929,0.4712929,-0.038974144,0.03213509,0.07741809,-0.070579045,0.4712929,0.4712929,-0.038974144,0.03213509
246.987,3.9945,19.9763,1.2087,4.0,20.0,1.399999976158142,0.08168003,-0.074656844,0.47444293,0.47444293,-0.042596094,0.035572913,0.08168003,-0.074656844,0.47444293,0.47444293,-0.042596094,0.035572913
247.037,3.9945,19.9764,1.2087,4.0,20.0,1.399999976158142,0.07557574,-0.069042325,0.47502884,0.47502884,-0.03746066,0.030927243,0.07557574,-0.069042325,0.47502884,0.47502884,-0.03746066,0.030927243
247.087,3.9947,19.9766,1.2086,4.0,20.0,1.399999976158142,0.07929927,-0.072548784,0.4771879,0.4771879,-0.04059314,0.03384265,0.07929927,-0.072548784,0.4771879,0.4771879,-0.04059314,0.03384265
247.138,3.9948,19.9767,1.2085,4.0,20.0,1.399999976158142,0.07391666,-0.06775003,0.479395,0.479395,-0.036137387,0.029970758,0.07391666,-0.06775003,0.479395,0.479395,-0.036137387,0.029970758
247.187,3.9950,19.9769,1.2081,4.0,20.0,1.399999976158142,0.07718618,-0.07076262,0.4807004,0.4807004,-0.038842797,0.032419235,0.07718618,-0.07076262,0.4807004,0.4807004,-0.038842797,0.032419235
247.237,3.9950,19.9770,1.2079,4.0,20.0,1.399999976158142,0.072451144,-0.06668375,0.48429367,0.48429367,-0.034985356,0.02921796,0.072451144,-0.06668375,0.48429367,0.48429367,-0.034985356,0.02921796
247.287,3.9952,19.9772,1.2074,4.0,20.0,1.399999976158142,0.075322166,-0.069251336,0.48486042,0.48486042,-0.037316706,0.031245874,0.075322166,-0.069251336,0.48486042,0.48486042,-0.037316706,0.031245874
247.337,3.9953,19.9773,1.2071,4.0,20.0,1.399999976158142,0.07108857,-0.06572403,0.4896139,0.4896139,-0.033922702,0.028558167,0.07108857,-0.06572403,0.4896139,0.4896139,-0.033922702,0.028558167
247.387,3.9954,19.9774,1.2068,4.0,20.0,1.399999976158142,0.21342224,-0.19942065,1.0,1.0,-0.124615066,0.11061347,0.21342224,-0.19942065,1.0,1.0,-0.124615066,0.11061347
247.437,3.9957,19.9776,1.2073,4.0,20.0,1.399999976158142,0.072308525,-0.06698504,0.46822506,0.46822506,-0.03616264,0.030839156,0.072308525,-0.06698504,0.46822506,0.46822506,-0.03616264,0.030839156
247.487,3.9960,19.9779,1.2080,4.0,20.0,1.399999976158142,0.06530553,-0.06117584,0.46310467,0.46310467,-0.03030707,0.026177378,0.06530553,-0.06117584,0.46310467,0.46310467,-0.03030707,0.026177378
247.537,3.9961,19.9780,1.2082,4.0,20.0,1.399999976158142,0.0632185,-0.059520584,0.46134973,0.46134973,-0.028612934,0.024915019,0.0632185,-0.059520584,0.46134973,0.46134973,-0.028612934,0.024915019
247.588,3.9964,19.9782,1.2086,4.0,20.0,1.399999976158142,0.06684108,-0.06258517,0.4651569,0.4651569,-0.031606555,0.02735064,0.06684108,-0.06258517,0.4651569,0.4651569,-0.031606555,0.02735064
247.638,3.9964,19.9782,1.2086,4.0,20.0,1.399999976158142,0.061998684,-0.058690544,0.46493906,0.46493906,-0.027747454,0.024439314,0.061998684,-0.058690544,0.46493906,0.46493906,-0.027747454,0.024439314
247.688,3.9964,19.9782,1.2086,4.0,20.0,1.399999976158142,0.068064824,-0.06366426,0.46816343,0.46816343,-0.032567516,0.02816695,0.068064824,-0.06366426,0.46816343,0.46816343,-0.032567516,0.02816695
247.738,3.9964,19.9782,1.2086,4.0,20.0,1.399999976158142,0.06810184,-0.06369311,0.46931332,0.46931332,-0.03253866,0.028129939,0.06810184,-0.06369311,0.46931332,0.46931332,-0.03253866,0.028129939
247.788,3.9964,19.9782,1.2086,4.0,20.0,1.399999976158142,0.068138845,-0.06372197,0.4704632,0.4704632,-0.032509804,0.028092928,0.068138845,-0.06372197,0.4704632,0.4704632,-0.032509804,0.028092928
247.838,3.9964,19.9782,1.2086,4.0,20.0,1.399999976158142,0.06817583,-0.0637508,0.4716122,0.4716122,-0.032480974,0.028055945,0.06817583,-0.0637508,0.4716122,0.4716122,-0.032480974,0.028055945
247.887,3.9964,19.9782,1.2086,4.0,20.0,1.399999976158142,0.06821277,-0.0637796,0.4727599,0.4727599,-0.03245217,0.028019004,0.06821277,-0.0637796,0.4727599,0.4727599,-0.03245217,0.028019004
247.937,3.9964,19.9782,1.2086,4.0,20.0,1.399999976158142,0.06824968,-0.06380838,0.47390673,0.47390673,-0.032423392,0.027982092,0.06824968,-0.06380838,0.47390673,0.47390673,-0.032423392,0.027982092
247.987,3.9964,19.9782,1.2086,4.0,20.0,1.399999976158142,0.06828665,-0.0638372,0.4750551,0.4750551,-0.032394573,0.027945127,0.06828665,-0.0638372,0.4750551,0.4750551,-0.032394573,0.027945127
248.037,3.9964,19.9782,1.2086,4.0,20.0,1.399999976158142,0.068323724,-0.06386611,0.47620702,0.47620702,-0.03236567,0.027908051,0.068323724,-0.06386611,0.47620702,0.47620702,-0.03236567,0.027908051
248.088,3.9964,19.9782,1.2086,4.0,20.0,1.399999976158142,0.06836062,-0.063894875,0.47735336,0.47735336,-0.032336902,0.027871152,0.06836062,-0.063894875,0.47735336,0.47735336,-0.032336902,0.027871152
248.137,3.9964,19.9782,1.2086,4.0,20.0,1.399999976158142,0.068397686,-0.06392377,0.47850487,0.47850487,-0.032308005,0.02783409,0.068397686,-0.06392377,0.47850487,0.47850487,-0.032308005,0.02783409
248.188,3.9964,19.9782,1.2086,4.0,20.0,1.399999976158142,0.06843464,-0.06395258,0.47965297,0.47965297,-0.032279193,0.027797136,0.06843464,-0.06395258,0.47965297,0.47965297,-0.032279193,0.027797136
248.238,3.9964,19.9782,1.2086,4.0,20.0,1.399999976158142,0.0684716,-0.0639814,0.48080143,0.48080143,-0.032250375,0.02776017,0.0684716,-0.0639814,0.48080143,0.48080143,-0.032250375,0.02776017
248.288,3.9964,19.9782,1.2086,4.0,20.0,1.399999976158142,0.06850865,-0.06401028,0.4819523,0.4819523,-0.032221492,0.027723126,0.06850865,-0.06401028,0.4819523,0.4819523,-0.032221492,0.027723126
248.338,3.9964,19.9782,1.2086,4.0,20.0,1.399999976158142,0.06854564,-0.06403912,0.48310158,0.48310158,-0.032192655,0.027686136,0.06854564,-0.06403912,0.48310158,0.48310158,-0.032192655,0.027686136
248.387,3.9964,19.9782,1.2086,4.0,20.0,1.399999976158142,0.19475831,-0.18413894,1.0,1.0,-0.10899513,0.09837576,0.19475831,-0.18413894,1.0,1.0,-0.10899513,0.09837576
248.438,3.9964,19.9782,1.2086,4.0,20.0,1.399999976158142,0.06787335,-0.06351962,0.4623842,0.4623842,-0.032712158,0.028358426,0.06787335,-0.06351962,0.4623842,0.4623842,-0.032712158,0.028358426
248.487,3.9979,19.9808,1.1993,4.0,20.0,1.399999976158142,0.06791042,-0.06354851,0.46353585,0.46353585,-0.032683257,0.028321357,0.06791042,-0.06354851,0.46353585,0.46353585,-0.032683257,0.028321357
248.537,3.9979,19.9808,1.1992,4.0,20.0,1.399999976158142,0.0063284445,-0.010018022,0.54459417,0.54459417,0.012103915,-0.008414338,0.0063284445,-0.010018022,0.54459417,0.54459417,0.012103915,-0.008414338
248.587,3.9979,19.9810,1.1989,4.0,20.0,1.399999976158142,0.052256748,-0.049748663,0.48714426,0.48714426,-0.021685395,0.01917731,0.052256748,-0.049748663,0.48714426,0.48714426,-0.021685395,0.01917731
248.638,3.9979,19.9811,1.1988,4.0,20.0,1.399999976158142,0.049479198,-0.046828426,0.4899066,0.4899066,-0.019663788,0.017013017,0.049479198,-0.046828426,0.4899066,0.4899066,-0.019663788,0.017013017
248.687,3.9979,19.9813,1.1983,4.0,20.0,1.399999976158142,0.051357854,-0.048807766,0.49080318,0.49080318,-0.021058545,0.018508457,0.051357854,-0.048807766,0.49080318,0.49080318,-0.021058545,0.018508457
248.737,3.9979,19.9814,1.1981,4.0,20.0,1.399999976158142,0.049088225,-0.04646004,0.49490622,0.49490622,-0.019467639,0.01683945,0.049088225,-0.04646004,0.49490622,0.49490622,-0.019467639,0.01683945
248.787,3.9979,19.9815,1.1975,4.0,20.0,1.399999976158142,0.05059806,-0.04803115,0.49522233,0.49522233,-0.020538077,0.017971173,0.05059806,-0.04803115,0.49522233,0.49522233,-0.020538077,0.017971173
248.837,3.9979,19.9816,1.1972,4.0,20.0,1.399999976158142,0.048766017,-0.046191677,0.5002567,0.5002567,-0.019313779,0.016739437,0.048766017,-0.046191677,0.5002567,0.5002567,-0.019313779,0.016739437
248.888,3.9979,19.9817,1.1965,4.0,20.0,1.399999976158142,0.049974926,-0.047426783,0.50006056,0.50006056,-0.02012389,0.017575748,0.049974926,-0.047426783,0.50006056,0.50006056,-0.02012389,0.017575748
248.938,3.9979,19.9818,1.1961,4.0,20.0,1.399999976158142,0.048485376,-0.045997974,0.50583524,0.50583524,-0.01918488,0.016697476,0.048485376,-0.045997974,0.50583524,0.50583524,-0.01918488,0.016697476
248.987,3.9980,19.9819,1.1953,4.0,20.0,1.399999976158142,0.049477227,-0.046982795,0.5052251,0.5052251,-0.019810217,0.017315784,0.049477227,-0.046982795,0.5052251,0.5052251,-0.019810217,0.017315784
249.037,3.9980,19.9820,1.1949,4.0,20.0,1.399999976158142,0.048282605,-0.045916762,0.51158226,0.51158226,-0.019122222,0.016756376,0.048282605,-0.045916762,0.51158226,0.51158226,-0.019122222,0.016756376
249.087,3.9980,19.9821,1.1940,4.0,20.0,1.399999976158142,0.04909125,-0.046685807,0.5106328,0.5106328,-0.01959035,0.017184908,0.04909125,-0.046685807,0.5106328,0.5106328,-0.01959035,0.017184908
249.137,3.9980,19.9821,1.1936,4.0,20.0,1.399999976158142,0.048170265,-0.045959033,0.5173619,0.5173619,-0.019133614,0.016922383,0.048170265,-0.045959033,0.5173619,0.5173619,-0.019133614,0.016922383
249.187,3.9981,19.9822,1.1926,4.0,20.0,1.399999976158142,0.048814304,-0.046531823,0.51618344,0.51618344,-0.019460762,0.017178278,0.048814304,-0.046531823,0.51618344,0.51618344,-0.019460762,0.017178278
249.237,3.9981,19.9823,1.1922,4.0,20.0,1.399999976158142,0.048140783,-0.04611622,0.52312684,0.52312684,-0.019216428,0.017191868,0.048140783,-0.04611622,0.52312684,0.52312684,-0.019216428,0.017191868
249.288,3.9982,19.9823,1.1917,4.0,20.0,1.399999976158142,0.048633695,-0.046508886,0.5218234,0.5218234,-0.01941605,0.017291239,0.048633695,-0.046508886,0.5218234,0.5218234,-0.01941605,0.017291239
249.337,3.9982,19.9824,1.1908,4.0,20.0,1.399999976158142,0.048613247,-0.04653991,0.52399015,0.52399015,-0.019410864,0.017337525,0.048613247,-0.04653991,0.52399015,0.52399015,-0.019410864,0.017337525
249.387,3.9983,19.9830,1.1897,4.0,20.0,1.399999976158142,1.0,-0.9983019,0.37946227,0.37946227,-0.97608155,0.9743835,1.0,-0.9983019,0.37946227,0.37946227,-0.97608155,0.9743835
249.437,3.9984,19.9837,1.1892,4.0,20.0,1.399999976158142,0.8765468,-0.87365234,0.51084846,0.51084846,-0.85212785,0.8492334,0.8765468,-0.87365234,0.51084846,0.51084846,-0.85212785,0.8492334
249.487,3.9985,19.9857,1.1879,4.0,20.0,1.399999976158142,0.84104466,-0.8373043,0.5098373,0.5098373,-0.8180999,0.81435955,0.84104466,-0.8373043,0.5098373,0.5098373,-0.8180999,0.81435955
249.538,3.9985,19.9867,1.1873,4.0,20.0,1.399999976158142,0.6207166,-0.6137857,0.51856357,0.51856357,-0.6082528,0.60132194,0.6207166,-0.6137857,0.51856357,0.51856357,-0.6082528,0.60132194
249.587,3.9984,19.9892,1.1860,4.0,20.0,1.399999976158142,0.7052642,-0.69972336,0.516486,0.516486,-0.68928164,0.6837408,0.7052642,-0.69972336,0.516486,0.516486,-0.68928164,0.6837408
249.637,3.9983,19.9902,1.1855,4.0,20.0,1.399999976158142,0.46323296,-0.45554966,0.5254269,0.5254269,-0.4587696,0.45108628,0.46323296,-0.45554966,0.5254269,0.5254269,-0.4587696,0.45108628
249.687,3.9981,19.9926,1.1842,4.0,20.0,1.399999976158142,0.58785886,-0.5816712,0.52318823,0.52318823,-0.5781538,0.5719661,0.58785886,-0.5816712,0.52318823,0.52318823,-0.5781538,0.5719661
249.738,3.9980,19.9936,1.1836,4.0,20.0,1.399999976158142,0.35402682,-0.3471077,0.5320989,0.5320989,-0.35531235,0.34839323,0.35402682,-0.3471077,0.5320989,0.5320989,-0.35531235,0.34839323
249.787,3.9977,19.9957,1.1824,4.0,20.0,1.399999976158142,0.4861123,-0.48009017,0.52983004,0.52983004,-0.48186508,0.47584292,0.4861123,-0.48009017,0.52983004,0.52983004,-0.48186508,0.47584292
249.838,3.9975,19.9965,1.1818,4.0,20.0,1.399999976158142,0.270465,-0.26490173,0.5386257,0.5386257,-0.27611136,0.2705481,0.270465,-0.26490173,0.5386257,0.5386257,-0.27611136,0.2705481
249.888,3.9972,19.9984,1.1806,4.0,20.0,1.399999976158142,0.39781967,-0.39247662,0.53634757,0.53634757,-0.39821765,0.39287463,0.39781967,-0.39247662,0.53634757,0.53634757,-0.39821765,0.39287463
249.938,3.9970,19.9991,1.1801,4.0,20.0,1.399999976158142,0.21027128,-0.2062112,0.544749,0.544749,-0.21901254,0.21495247,0.21027128,-0.2062112,0.544749,0.544749,-0.21901254,0.21495247
249.987,3.9966,20.0007,1.1789,4.0,20.0,1.399999976158142,0.32270268,-0.31833032,0.54267055,0.54267055,-0.32693872,0.3225664,0.32270268,-0.31833032,0.54267055,0.54267055,-0.32693872,0.3225664
250.038,3.9965,20.0013,1.1784,4.0,20.0,1.399999976158142,0.15890698,-0.15631883,0.55067456,0.55067456,-0.17014943,0.16756128,0.15890698,-0.15631883,0.55067456,0.55067456,-0.17014943,0.16756128
250.087,3.9961,20.0026,1.1774,4.0,20.0,1.399999976158142,0.2597677,-0.25649124,0.5487051,0.5487051,-0.26710537,0.2638289,0.2597677,-0.25649124,0.5487051,0.5487051,-0.26710537,0.2638289
250.138,3.9960,20.0031,1.1769,4.0,20.0,1.399999976158142,0.119995385,-0.118743815,0.55619997,0.55619997,-0.13304771,0.13179615,0.119995385,-0.118743815,0.55619997,0.55619997,-0.13304771,0.13179615
250.187,3.9957,20.0041,1.1760,4.0,20.0,1.399999976158142,0.20689698,-0.20474534,0.554433,0.554433,-0.21672677,0.21457513,0.20689698,-0.20474534,0.554433,0.554433,-0.21672677,0.21457513
250.238,3.9955,20.0045,1.1756,4.0,20.0,1.399999976158142,0.0893064,-0.08922784,0.56128967,0.56128967,-0.103702955,0.103624396,0.0893064,-0.08922784,0.56128967,0.56128967,-0.103702955,0.103624396
250.287,3.9953,20.0054,1.1747,4.0,20.0,1.399999976158142,0.16346037,-0.16238716,0.55978334,0.55978334,-0.17523761,0.1741644,0.16346037,-0.16238716,0.55978334,0.55978334,-0.17523761,0.1741644
250.337,3.9952,20.0057,1.1744,4.0,20.0,1.399999976158142,0.06497831,-0.06591888,0.56595063,0.56595063,-0.08034828,0.08128885,0.06497831,-0.06591888,0.56595063,0.56595063,-0.08034828,0.08128885
250.388,3.9950,20.0065,1.1742,4.0,20.0,1.399999976158142,0.4552156,-0.45345578,1.0,1.0,-0.47988263,0.47812277,0.4552156,-0.45345578,1.0,1.0,-0.47988263,0.47812277
250.437,3.9949,20.0068,1.1745,4.0,20.0,1.399999976158142,0.033093486,-0.03533777,0.5397034,0.5397034,-0.049764376,0.052008662,0.033093486,-0.03533777,0.5397034,0.5397034,-0.049764376,0.052008662
250.488,3.9947,20.0075,1.1753,4.0,20.0,1.399999976158142,0.080005884,-0.08144963,0.53657496,0.53657496,-0.0952283,0.09667204,0.080005884,-0.08144963,0.53657496,0.53657496,-0.0952283,0.09667204
250.538,3.9947,20.0078,1.1756,4.0,20.0,1.399999976158142,-0.005663958,0.0019401769,0.5333864,0.5333864,-0.0121197775,0.015843559,-0.005663958,0.0019401769,0.5333864,0.5333864,-0.0121197775,0.015843559
250.587,3.9947,20.0080,1.1759,4.0,20.0,1.399999976158142,0.049515832,-0.052076478,0.53710604,0.53710604,-0.06571072,0.06827137,0.049515832,-0.052076478,0.53710604,0.53710604,-0.06571072,0.06827137
250.637,3.9946,20.0085,1.1765,4.0,20.0,1.399999976158142,0.041619245,-0.044493135,0.53791547,0.53791547,-0.058045283,0.060919173,0.041619245,-0.044493135,0.53791547,0.53791547,-0.058045283,0.060919173
250.687,3.9946,20.0089,1.1771,4.0,20.0,1.399999976158142,-0.02418032,0.019281736,0.53567743,0.53567743,0.0062145973,-0.0013160134,-0.02418032,0.019281736,0.53567743,0.53567743,0.0062145973,-0.0013160134
250.738,3.9946,20.0091,1.1773,4.0,20.0,1.399999976158142,-0.03133997,0.025897408,0.53629225,0.53629225,0.013448977,-0.008006415,-0.03133997,0.025897408,0.53629225,0.53629225,0.013448977,-0.008006415
250.787,3.9947,20.0094,1.1778,4.0,20.0,1.399999976158142,0.0050026625,-0.009483702,0.53933984,0.53933984,-0.02216228,0.026643319,0.0050026625,-0.009483702,0.53933984,0.53933984,-0.02216228,0.026643319
250.837,3.9947,20.0095,1.1780,4.0,20.0,1.399999976158142,-0.040285315,0.034104113,0.5381127,0.5381127,0.022616737,-0.016435534,-0.040285315,0.034104113,0.5381127,0.5381127,0.022616737,-0.016435534
250.887,3.9949,20.0097,1.1783,4.0,20.0,1.399999976158142,-0.01087557,0.0055624614,0.5408493,0.5408493,-0.0063759508,0.0116890585,-0.01087557,0.0055624614,0.5408493,0.5408493,-0.0063759508,0.0116890585
250.938,3.9950,20.0098,1.1785,4.0,20.0,1.399999976158142,-0.046781413,0.039930973,0.5400912,0.5400912,0.029488742,-0.022638302,-0.046781413,0.039930973,0.5400912,0.5400912,0.029488742,-0.022638302
250.987,3.9952,20.0099,1.1788,4.0,20.0,1.399999976158142,-0.02333994,0.017264908,0.54256827,0.54256827,0.0062047453,-0.00012971328,-0.02333994,0.017264908,0.54256827,0.54256827,0.0062047453,-0.00012971328
251.037,3.9952,20.0100,1.1789,4.0,20.0,1.399999976158142,-0.051935937,0.044441283,0.5421513,0.5421513,0.035147466,-0.027652813,-0.051935937,0.044441283,0.5421513,0.5421513,0.035147466,-0.027652813
251.087,3.9955,20.0101,1.1792,4.0,20.0,1.399999976158142,-0.03312876,0.026341569,0.5444243,0.5444243,0.016283842,-0.009496651,-0.03312876,0.026341569,0.5444243,0.5444243,0.016283842,-0.009496651
251.138,3.9956,20.0101,1.1793,4.0,20.0,1.399999976158142,-0.055431288,0.047326915,0.5442829,0.5442829,0.03925695,-0.031152574,-0.055431288,0.047326915,0.5442829,0.5442829,0.03925695,-0.031152574
251.187,3.9959,20.0102,1.1795,4.0,20.0,1.399999976158142,-0.040570304,0.03311401,0.5463964,0.5463964,0.024159504,-0.01670321,-0.040570304,0.03311401,0.5463964,0.5463964,0.024159504,-0.01670321
251.237,3.9960,20.0102,1.1796,4.0,20.0,1.399999976158142,-0.05779908,0.049097694,0.54644376,0.54644376,0.04232753,-0.033626147,-0.05779908,0.049097694,0.54644376,0.54644376,0.04232753,-0.033626147
251.287,3.9964,20.0102,1.1798,4.0,20.0,1.399999976158142,-0.046200503,0.038100366,0.548431,0.548431,0.030341892,-0.022241756,-0.046200503,0.038100366,0.548431,0.548431,0.030341892,-0.022241756
251.337,3.9965,20.0102,1.1799,4.0,20.0,1.399999976158142,-0.059157867,0.049870092,0.5486074,0.5486074,0.044445332,-0.035157554,-0.059157867,0.049870092,0.5486074,0.5486074,0.044445332,-0.035157554
251.387,3.9967,20.0102,1.1799,4.0,20.0,1.399999976158142,-0.109817825,0.09279143,1.0,1.0,0.077506356,-0.060479958,-0.109817825,0.09279143,1.0,1.0,0.077506356,-0.060479958
251.438,3.9971,20.0101,1.1813,4.0,20.0,1.399999976158142,-0.050878182,0.042128194,0.5249779,0.5249779,0.0364445,-0.027694512,-0.050878182,0.042128194,0.5249779,0.5249779,0.0364445,-0.027694512
251.487,3.9976,20.0101,1.1829,4.0,20.0,1.399999976158142,-0.057874218,0.04768301,0.51536286,0.51536286,0.044909786,-0.034718584,-0.057874218,0.04768301,0.51536286,0.51536286,0.044909786,-0.034718584
251.538,3.9977,20.0101,1.1835,4.0,20.0,1.399999976158142,-0.057474397,0.04683005,0.5116208,0.5116208,0.045107726,-0.03446338,-0.057474397,0.04683005,0.5116208,0.5116208,0.045107726,-0.03446338
251.587,3.9981,20.0101,1.1847,4.0,20.0,1.399999976158142,-0.053349484,0.043364085,0.5177735,0.5177735,0.04024959,-0.030264191,-0.053349484,0.043364085,0.5177735,0.5177735,0.04024959,-0.030264191
251.637,3.9983,20.0100,1.1852,4.0,20.0,1.399999976158142,-0.05724029,0.046148106,0.5119522,0.5119522,0.045598537,-0.034506354,-0.05724029,0.046148106,0.5119522,0.5119522,0.045598537,-0.034506354
251.688,3.9987,20.0100,1.1862,4.0,20.0,1.399999976158142,-0.05435163,0.043819755,0.5172307,0.5172307,0.041971084,-0.03143921,-0.05435163,0.043819755,0.5172307,0.5172307,0.041971084,-0.03143921
251.737,3.9989,20.0100,1.1866,4.0,20.0,1.399999976158142,-0.056708433,0.045200292,0.51300937,0.51300937,0.045729805,-0.034221668,-0.056708433,0.045200292,0.51300937,0.51300937,0.045729805,-0.034221668
251.787,3.9992,20.0099,1.1874,4.0,20.0,1.399999976158142,-0.05480115,0.043768045,0.51743007,0.51743007,0.04310901,-0.032075904,-0.05480115,0.043768045,0.51743007,0.51743007,0.04310901,-0.032075904
251.838,3.9994,20.0099,1.1877,4.0,20.0,1.399999976158142,-0.055943407,0.04401836,0.5145606,0.5145606,0.0455852,-0.033660155,-0.055943407,0.04401836,0.5145606,0.5145606,0.0455852,-0.033660155
251.887,3.9997,20.0098,1.1882,4.0,20.0,1.399999976158142,-0.05480676,0.043304984,0.5183037,0.5183037,0.04375267,-0.032250892,-0.05480676,0.043304984,0.5183037,0.5183037,0.04375267,-0.032250892
251.937,3.9999,20.0098,1.1884,4.0,20.0,1.399999976158142,-0.05496097,0.0426121,0.51657265,0.51657265,0.045166522,-0.03281765,-0.05496097,0.0426121,0.51657265,0.51657265,0.045166522,-0.03281765
251.987,4.0002,20.0097,1.1888,4.0,20.0,1.399999976158142,-0.054450598,0.04249217,0.5197151,0.5197151,0.043987192,-0.032028764,-0.054450598,0.04249217,0.5197151,0.5197151,0.043987192,-0.032028764
252.037,4.0004,20.0097,1.1889,4.0,20.0,1.399999976158142,-0.053746723,0.04096474,0.51899433,0.51899433,0.044448122,-0.031666137,-0.053746723,0.04096474,0.51899433,0.51899433,0.044448122,-0.031666137
252.088,4.0007,20.0097,1.1892,4.0,20.0,1.399999976158142,-0.0537698,0.041353542,0.5215864,0.5215864,0.04384642,-0.031430162,-0.0537698,0.041353542,0.5215864,0.5215864,0.04384642,-0.031430162
252.137,4.0008,20.0097,1.1892,4.0,20.0,1.399999976158142,-0.052339066,0.039103027,0.5217359,0.5217359,0.043468207,-0.03023217,-0.052339066,0.039103027,0.5217359,0.5217359,0.043468207,-0.03023217
252.188,4.0009,20.0096,1.1893,4.0,20.0,1.399999976158142,-0.052813187,0.03992335,0.52384436,0.52384436,0.04337763,-0.030487793,-0.052813187,0.03992335,0.52384436,0.52384436,0.04337763,-0.030487793
252.238,4.0012,20.0096,1.1894,4.0,20.0,1.399999976158142,-0.052499812,0.039456796,0.52509904,0.52509904,0.043189637,-0.03014662,-0.052499812,0.039456796,0.52509904,0.52509904,0.043189637,-0.03014662
252.288,4.0015,20.0096,1.1894,4.0,20.0,1.399999976158142,-0.05030556,0.036395546,0.52610177,0.52610177,0.0419233,-0.028013282,-0.05030556,0.036395546,0.52610177,0.52610177,0.0419233,-0.028013282
252.338,4.0016,20.0096,1.1893,4.0,20.0,1.399999976158142,-0.04920119,0.03492585,0.52780175,0.52780175,0.04104158,-0.026766239,-0.04920119,0.03492585,0.52780175,0.52780175,0.04104158,-0.026766239
252.387,4.0019,20.0097,1.1898,4.0,20.0,1.399999976158142,-0.1361384,0.10707468,1.0,1.0,0.11703932,-0.087975614,-0.1361384,0.10707468,1.0,1.0,0.11703932,-0.087975614
252.437,4.0021,20.0097,1.1904,4.0,20.0,1.399999976158142,-0.046216894,0.031631913,0.50095844,0.50095844,0.038803015,-0.024218038,-0.046216894,0.031631913,0.50095844,0.50095844,0.038803015,-0.024218038
252.488,4.0024,20.0098,1.1917,4.0,20.0,1.399999976158142,-0.047142707,0.032880686,0.49967977,0.49967977,0.03933199,-0.025069967,-0.047142707,0.032880686,0.49967977,0.49967977,0.03933199,-0.025069967
252.537,4.0025,20.0098,1.1922,4.0,20.0,1.399999976158142,-0.042434126,0.027034199,0.49352178,0.49352178,0.03535728,-0.019957354,-0.042434126,0.027034199,0.49352178,0.49352178,0.03535728,-0.019957354
252.588,4.0028,20.0099,1.1932,4.0,20.0,1.399999976158142,-0.045149643,0.030307245,0.49898896,0.49898896,0.03765988,-0.02281748,-0.045149643,0.030307245,0.49898896,0.49898896,0.03765988,-0.02281748
252.637,4.0029,20.0099,1.1936,4.0,20.0,1.399999976158142,-0.04071462,0.024854796,0.49483436,0.49483436,0.03386209,-0.018002264,-0.04071462,0.024854796,0.49483436,0.49483436,0.03386209,-0.018002264
252.687,4.0032,20.0100,1.1943,4.0,20.0,1.399999976158142,-0.043280784,0.027908586,0.49935672,0.49935672,0.036065575,-0.020693377,-0.043280784,0.027908586,0.49935672,0.49935672,0.036065575,-0.020693377
252.737,4.0033,20.0100,1.1945,4.0,20.0,1.399999976158142,-0.03902522,0.022719191,0.49690112,0.49690112,0.03236257,-0.016056541,-0.03902522,0.022719191,0.49690112,0.49690112,0.03236257,-0.016056541
252.787,4.0035,20.0100,1.1949,4.0,20.0,1.399999976158142,-0.041490603,0.025618667,0.5005429,0.5005429,0.034510132,-0.018638195,-0.041490603,0.025618667,0.5005429,0.5005429,0.034510132,-0.018638195
252.838,4.0036,20.0101,1.1951,4.0,20.0,1.399999976158142,-0.03744281,0.020689948,0.49958584,0.49958584,0.030940583,-0.014187722,-0.03744281,0.020689948,0.49958584,0.49958584,0.030940583,-0.014187722
252.888,4.0039,20.0101,1.1953,4.0,20.0,1.399999976158142,-0.039801735,0.023442097,0.5024325,0.5024325,0.033022985,-0.016663348,-0.039801735,0.023442097,0.5024325,0.5024325,0.033022985,-0.016663348
252.937,4.0039,20.0102,1.1953,4.0,20.0,1.399999976158142,-0.03600208,0.018781122,0.50276697,0.50276697,0.029638821,-0.012417859,-0.03600208,0.018781122,0.50276697,0.50276697,0.029638821,-0.012417859
252.988,4.0042,20.0102,1.1953,4.0,20.0,1.399999976158142,-0.03824494,0.021392427,0.5049245,0.5049245,0.031641763,-0.014789248,-0.03824494,0.021392427,0.5049245,0.5049245,0.031641763,-0.014789248
253.037,4.0042,20.0103,1.1953,4.0,20.0,1.399999976158142,-0.034694694,0.016966073,0.5063549,0.5063549,0.028464613,-0.0107359905,-0.034694694,0.016966073,0.5063549,0.5063549,0.028464613,-0.0107359905
253.088,4.0043,20.0103,1.1953,4.0,20.0,1.399999976158142,-0.036789503,0.019419748,0.5079242,0.5079242,0.030348597,-0.012978844,-0.036789503,0.019419748,0.5079242,0.5079242,0.030348597,-0.012978844
253.138,4.0045,20.0104,1.1951,4.0,20.0,1.399999976158142,-0.036381137,0.018837871,0.509404,0.509404,0.029981282,-0.012438016,-0.036381137,0.018837871,0.509404,0.509404,0.029981282,-0.012438016
253.187,4.0048,20.0105,1.1948,4.0,20.0,1.399999976158142,-0.033102926,0.014640635,0.5120027,0.5120027,0.027034944,-0.008572652,-0.033102926,0.014640635,0.5120027,0.5120027,0.027034944,-0.008572652
253.237,4.0048,20.0105,1.1946,4.0,20.0,1.399999976158142,-0.03220659,0.013354564,0.5144741,0.5144741,0.026234137,-0.00738211,-0.03220659,0.013354564,0.5144741,0.5144741,0.026234137,-0.00738211
253.287,4.0050,20.0106,1.1942,4.0,20.0,1.399999976158142,-0.0340847,0.015623532,0.51511765,0.51511765,0.027934188,-0.009473018,-0.0340847,0.015623532,0.51511765,0.51511765,0.027934188,-0.009473018
253.337,4.0051,20.0107,1.1940,4.0,20.0,1.399999976158142,-0.03101356,0.01159308,0.51882493,0.51882493,0.02516413,-0.00574365,-0.03101356,0.01159308,0.51882493,0.51882493,0.02516413,-0.00574365
253.387,4.0054,20.0108,1.1941,4.0,20.0,1.399999976158142,-0.08948253,0.048601843,1.0,1.0,0.07607259,-0.0351919,-0.08948253,0.048601843,1.0,1.0,0.07607259,-0.0351919
253.437,4.0055,20.0108,1.1945,4.0,20.0,1.399999976158142,-0.028822364,0.00924291,0.49397135,0.49397135,0.023380902,-0.003801447,-0.028822364,0.00924291,0.49397135,0.49397135,0.023380902,-0.003801447
253.487,4.0058,20.0110,1.1955,4.0,20.0,1.399999976158142,-0.030290553,0.011033863,0.4915084,0.4915084,0.024705827,-0.0054491367,-0.030290553,0.011033863,0.4915084,0.4915084,0.024705827,-0.0054491367
253.538,4.0059,20.0110,1.1959,4.0,20.0,1.399999976158142,-0.02649889,0.006025251,0.48744768,0.48744768,0.021245345,-0.0007717063,-0.02649889,0.006025251,0.48744768,0.48744768,0.021245345,-0.0007717063
253.587,4.0061,20.0112,1.1965,4.0,20.0,1.399999976158142,-0.02879121,0.008898644,0.49187717,0.49187717,0.023360543,-0.0034679775,-0.02879121,0.008898644,0.49187717,0.49187717,0.023360543,-0.0034679775
253.637,4.0062,20.0112,1.1967,4.0,20.0,1.399999976158142,-0.025305588,0.004315814,0.48973352,0.48973352,0.020195533,0.0007942398,-0.025305588,0.004315814,0.48973352,0.48973352,0.020195533,0.0007942398
253.687,4.0064,20.0113,1.1971,4.0,20.0,1.399999976158142,-0.027399158,0.0069219773,0.49325952,0.49325952,0.022117049,-0.0016398685,-0.027399158,0.0069219773,0.49325952,0.49325952,0.022117049,-0.0016398685
253.737,4.0065,20.0114,1.1972,4.0,20.0,1.399999976158142,-0.02415064,0.0026659162,0.4927479,0.4927479,0.019176127,0.0023085957,-0.02415064,0.0026659162,0.4927479,0.4927479,0.019176127,0.0023085957
253.787,4.0067,20.0114,1.1973,4.0,20.0,1.399999976158142,-0.026098607,0.005068912,0.49542513,0.49542513,0.020957736,7.195883e-05,-0.026098607,0.005068912,0.49542513,0.49542513,0.020957736,7.195883e-05
253.838,4.0068,20.0115,1.1973,4.0,20.0,1.399999976158142,-0.023078028,0.0010875739,0.4963216,0.4963216,0.018231982,0.0037584705,-0.023078028,0.0010875739,0.4963216,0.4963216,0.018231982,0.0037584705
253.888,4.0070,20.0116,1.1972,4.0,20.0,1.399999976158142,-0.024889205,0.0033094087,0.49825147,0.49825147,0.019884339,0.001695458,-0.024889205,0.0033094087,0.49825147,0.49825147,0.019884339,0.001695458
253.937,4.0071,20.0116,1.1971,4.0,20.0,1.399999976158142,-0.0220906,-0.00044040644,0.5003617,0.5003617,0.017367896,0.0051631103,-0.0220906,-0.00044040644,0.5003617,0.5003617,0.017367896,0.0051631103
253.987,4.0072,20.0117,1.1970,4.0,20.0,1.399999976158142,-0.023722041,0.0015750417,0.501646,0.501646,0.018850079,0.003296922,-0.023722041,0.0015750417,0.501646,0.501646,0.018850079,0.003296922
254.038,4.0074,20.0118,1.1967,4.0,20.0,1.399999976158142,-0.023416832,0.001091968,0.5032373,0.5032373,0.01857694,0.0037479226,-0.023416832,0.001091968,0.5032373,0.5032373,0.01857694,0.0037479226
254.088,4.0076,20.0119,1.1962,4.0,20.0,1.399999976158142,-0.020771135,-0.0024974463,0.5066176,0.5066176,0.016194835,0.0070737447,-0.020771135,-0.0024974463,0.5066176,0.5066176,0.016194835,0.0070737447
254.138,4.0077,20.0119,1.1960,4.0,20.0,1.399999976158142,-0.020037519,-0.0036006002,0.5094275,0.5094275,0.015538564,0.008099555,-0.020037519,-0.0036006002,0.5094275,0.5094275,0.015538564,0.008099555
254.187,4.0079,20.0120,1.1955,4.0,20.0,1.399999976158142,-0.021538401,-0.0017165879,0.5097127,0.5097127,0.016900895,0.0063540945,-0.021538401,-0.0017165879,0.5097127,0.5097127,0.016900895,0.0063540945
254.237,4.0080,20.0121,1.1952,4.0,20.0,1.399999976158142,-0.018972084,-0.0052274438,0.51426816,0.51426816,0.014572037,0.00962749,-0.018972084,-0.0052274438,0.51426816,0.51426816,0.014572037,0.00962749
254.287,4.0082,20.0122,1.1946,4.0,20.0,1.399999976158142,-0.020448117,-0.0033668315,0.5141938,0.5141938,0.015915968,0.007898981,-0.020448117,-0.0033668315,0.5141938,0.5141938,0.015915968,0.007898981
254.337,4.0082,20.0122,1.1943,4.0,20.0,1.399999976158142,-0.017885381,-0.006882836,0.5192218,0.5192218,0.013574478,0.011193739,-0.017885381,-0.006882836,0.5192218,0.5192218,0.013574478,0.011193739
254.387,4.0085,20.0123,1.1941,4.0,20.0,1.399999976158142,-0.04954016,-0.0031471914,1.0,1.0,0.039640684,0.013046663,-0.04954016,-0.0031471914,1.0,1.0,0.039640684,0.013046663
254.438,4.0086,20.0124,1.1945,4.0,20.0,1.399999976158142,-0.01596037,-0.0087867305,0.49516475,0.49516475,0.011932467,0.012814634,-0.01596037,-0.0087867305,0.49516475,0.49516475,0.011932467,0.012814634
254.487,4.0088,20.0126,1.1953,4.0,20.0,1.399999976158142,-0.017285895,-0.0071637016,0.4921112,0.4921112,0.013151277,0.011298318,-0.017285895,-0.0071637016,0.4921112,0.4921112,0.013151277,0.011298318
254.538,4.0089,20.0126,1.1956,4.0,20.0,1.399999976158142,-0.014295482,-0.011384835,0.48911357,0.48911357,0.010378682,0.015301635,-0.014295482,-0.011384835,0.48911357,0.48911357,0.010378682,0.015301635
254.587,4.0091,20.0128,1.1961,4.0,20.0,1.399999976158142,-0.01613105,-0.008976225,0.49299714,0.49299714,0.012090978,0.013016298,-0.01613105,-0.008976225,0.49299714,0.49299714,0.012090978,0.013016298
254.637,4.0092,20.0128,1.1962,4.0,20.0,1.399999976158142,-0.013376873,-0.012843704,0.49178547,0.49178547,0.009534752,0.016685825,-0.013376873,-0.012843704,0.49178547,0.49178547,0.009534752,0.016685825
254.687,4.0094,20.0129,1.1964,4.0,20.0,1.399999976158142,-0.01505833,-0.010655822,0.49483448,0.49483448,0.011101839,0.014612313,-0.01505833,-0.010655822,0.49483448,0.49483448,0.011101839,0.014612313
254.737,4.0095,20.0130,1.1965,4.0,20.0,1.399999976158142,-0.0124962805,-0.014246805,0.49513575,0.49513575,0.008715147,0.018027939,-0.0124962805,-0.014246805,0.49513575,0.49513575,0.008715147,0.018027939
254.788,4.0097,20.0131,1.1965,4.0,20.0,1.399999976158142,-0.014047914,-0.0122514935,0.49738187,0.49738187,0.010163461,0.016135946,-0.014047914,-0.0122514935,0.49738187,0.49738187,0.010163461,0.016135946
254.838,4.0098,20.0132,1.1964,4.0,20.0,1.399999976158142,-0.011664282,-0.015635468,0.49897522,0.49897522,0.007934083,0.019365666,-0.011664282,-0.015635468,0.49897522,0.49897522,0.007934083,0.019365666
254.888,4.0099,20.0132,1.1963,4.0,20.0,1.399999976158142,-0.013118652,-0.013769927,0.50054455,0.50054455,0.009295901,0.017592678,-0.013118652,-0.013769927,0.50054455,0.50054455,0.009295901,0.017592678
254.938,4.0101,20.0133,1.1961,4.0,20.0,1.399999976158142,-0.012856026,-0.014229266,0.5020872,0.5020872,0.009046994,0.018038297,-0.012856026,-0.014229266,0.5020872,0.5020872,0.009046994,0.018038297
254.988,4.0102,20.0135,1.1957,4.0,20.0,1.399999976158142,-0.010638075,-0.017422367,0.50507647,0.50507647,0.006955718,0.021104723,-0.010638075,-0.017422367,0.50507647,0.50507647,0.006955718,0.021104723
255.038,4.0103,20.0135,1.1955,4.0,20.0,1.399999976158142,-0.010017671,-0.018424239,0.50782937,0.50782937,0.0063600754,0.022081835,-0.010017671,-0.018424239,0.50782937,0.50782937,0.0063600754,0.022081835
255.087,4.0105,20.0136,1.1950,4.0,20.0,1.399999976158142,-0.011321796,-0.016725209,0.50829315,0.50829315,0.007591468,0.020455537,-0.011321796,-0.016725209,0.50829315,0.50829315,0.007591468,0.020455537
255.138,4.0106,20.0137,1.1948,4.0,20.0,1.399999976158142,-0.009157697,-0.0198505,0.5126132,0.5126132,0.005524779,0.023483418,-0.009157697,-0.0198505,0.5126132,0.5126132,0.005524779,0.023483418
255.188,4.0107,20.0138,1.1942,4.0,20.0,1.399999976158142,-0.01043145,-0.018189885,0.5126796,0.5126796,0.0067351046,0.02188623,-0.01043145,-0.018189885,0.5126796,0.5126796,0.0067351046,0.02188623
255.237,4.0108,20.0139,1.1939,4.0,20.0,1.399999976158142,-0.008272068,-0.021310108,0.51754856,0.51754856,0.004659269,0.024922905,-0.008272068,-0.021310108,0.51754856,0.51754856,0.004659269,0.024922905
255.287,4.0110,20.0140,1.1932,4.0,20.0,1.399999976158142,-0.009519644,-0.019686243,0.51730865,0.51730865,0.005852021,0.023353867,-0.009519644,-0.019686243,0.51730865,0.51730865,0.005852021,0.023353867
255.337,4.0111,20.0140,1.1929,4.0,20.0,1.399999976158142,-0.0073579815,-0.022814246,0.52255756,0.52255756,0.0037624836,0.026409743,-0.0073579815,-0.022814246,0.52255756,0.52255756,0.0037624836,0.026409743
255.387,4.0113,20.0142,1.1928,4.0,20.0,1.399999976158142,-0.016989948,-0.047155958,1.0,1.0,0.008998276,0.05514763,-0.016989948,-0.047155958,1.0,1.0,0.008998276,0.05514763
255.437,4.0114,20.0143,1.1931,4.0,20.0,1.399999976158142,-0.005678345,-0.024290875,0.4983909,0.4983909,0.002249614,0.027719606,-0.005678345,-0.024290875,0.4983909,0.4983909,0.002249614,0.027719606
255.488,4.0116,20.0144,1.1939,4.0,20.0,1.399999976158142,-0.0068616574,-0.02281447,0.49528375,0.49528375,0.0033953171,0.02628081,-0.0068616574,-0.02281447,0.49528375,0.49528375,0.0033953171,0.02628081
255.538,4.0117,20.0145,1.1942,4.0,20.0,1.399999976158142,-0.0044658026,-0.026456455,0.4923462,0.4923462,0.0010772488,0.029845009,-0.0044658026,-0.026456455,0.4923462,0.4923462,0.0010772488,0.029845009
255.588,4.0119,20.0147,1.1946,4.0,20.0,1.399999976158142,-0.0059681647,-0.024387425,0.49617955,0.49617955,0.0025312735,0.027824314,-0.0059681647,-0.024387425,0.49617955,0.49617955,0.0025312735,0.027824314
255.638,4.0120,20.0147,1.1948,4.0,20.0,1.399999976158142,-0.0037892365,-0.027685901,0.49498358,0.49498358,0.00042557938,0.031049557,-0.0037892365,-0.027685901,0.49498358,0.49498358,0.00042557938,0.031049557
255.687,4.0121,20.0149,1.1950,4.0,20.0,1.399999976158142,-0.0051497673,-0.025831059,0.49800155,0.49800155,0.0017401014,0.029240724,-0.0051497673,-0.025831059,0.49800155,0.49800155,0.0017401014,0.029240724
255.737,4.0122,20.0149,1.1951,4.0,20.0,1.399999976158142,-0.0031360956,-0.028880766,0.4982366,0.4982366,-0.00020460898,0.03222147,-0.0031360956,-0.028880766,0.4982366,0.4982366,-0.00020460898,0.03222147
255.787,4.0124,20.0151,1.1951,4.0,20.0,1.399999976158142,-0.004393607,-0.027188221,0.5004986,0.5004986,0.0010090269,0.0305728,-0.004393607,-0.027188221,0.5004986,0.5004986,0.0010090269,0.0305728
255.837,4.0125,20.0151,1.1950,4.0,20.0,1.399999976158142,-0.0025323234,-0.03005383,0.5019613,0.5019613,-0.0007870859,0.03337324,-0.0025323234,-0.03005383,0.5019613,0.5019613,-0.0007870859,0.03337324
255.888,4.0127,20.0152,1.1948,4.0,20.0,1.399999976158142,-0.003696658,-0.028492337,0.5035764,0.5035764,0.0003355726,0.031853423,-0.003696658,-0.028492337,0.5035764,0.5035764,0.0003355726,0.031853423
255.937,4.0127,20.0153,1.1947,4.0,20.0,1.399999976158142,-0.0019583162,-0.031220347,0.5060931,0.5060931,-0.001342453,0.034521114,-0.0019583162,-0.031220347,0.5060931,0.5060931,-0.001342453,0.034521114
255.987,4.0128,20.0154,1.1946,4.0,20.0,1.399999976158142,-0.0030209727,-0.029771324,0.5071452,0.5071452,-0.0003196309,0.03311193,-0.0030209727,-0.029771324,0.5071452,0.5071452,-0.0003196309,0.03311193
256.037,4.0130,20.0155,1.1942,4.0,20.0,1.399999976158142,-0.002840391,-0.030151008,0.5087821,0.5087821,-0.00049752824,0.033488926,-0.002840391,-0.030151008,0.5087821,0.5087821,-0.00049752824,0.033488926
256.087,4.0131,20.0156,1.1938,4.0,20.0,1.399999976158142,-0.0011558969,-0.03280062,0.51238155,0.51238155,-0.0021294449,0.03608596,-0.0011558969,-0.03280062,0.51238155,0.51238155,-0.0021294449,0.03608596
256.137,4.0132,20.0157,1.1936,4.0,20.0,1.399999976158142,-0.00067392125,-0.03366706,0.515168,0.515168,-0.00260038,0.036941364,-0.00067392125,-0.03366706,0.515168,0.515168,-0.00260038,0.036941364
256.187,4.0134,20.0158,1.1930,4.0,20.0,1.399999976158142,-0.0016839454,-0.032285962,0.5153435,0.5153435,-0.0016248339,0.035594743,-0.0016839454,-0.032285962,0.5153435,0.5153435,-0.0016248339,0.035594743
256.237,4.0134,20.0158,1.1928,4.0,20.0,1.399999976158142,-2.2709384e-05,-0.03489532,0.51990104,0.51990104,-0.0032411616,0.038159188,-2.2709384e-05,-0.03489532,0.51990104,0.51990104,-0.0032411616,0.038159188
256.287,4.0136,20.0160,1.1921,4.0,20.0,1.399999976158142,-0.0010049269,-0.03355676,0.51981086,0.51981086,-0.002290527,0.036852214,-0.0010049269,-0.03355676,0.51981086,0.51981086,-0.002290527,0.036852214
256.338,4.0137,20.0160,1.1919,4.0,20.0,1.399999976158142,0.00066845096,-0.036183342,0.52473307,0.52473307,-0.00392209,0.03943698,0.00066845096,-0.036183342,0.52473307,0.52473307,-0.00392209,0.03943698
256.388,4.0139,20.0162,1.1917,4.0,20.0,1.399999976158142,0.008600765,-0.08406449,1.0,1.0,-0.015753645,0.09121737,0.008600765,-0.08406449,1.0,1.0,-0.015753645,0.09121737
256.438,4.0140,20.0162,1.1921,4.0,20.0,1.399999976158142,0.002075296,-0.03718048,0.5002614,0.5002614,-0.005188284,0.040293466,0.002075296,-0.03718048,0.5002614,0.5002614,-0.005188284,0.040293466
256.488,4.0142,20.0164,1.1930,4.0,20.0,1.399999976158142,0.0010944887,-0.035920832,0.4973144,0.4973144,-0.004230841,0.039057184,0.0010944887,-0.035920832,0.4973144,0.4973144,-0.004230841,0.039057184
256.538,4.0143,20.0165,1.1932,4.0,20.0,1.399999976158142,0.0027829679,-0.038800817,0.49407366,0.49407366,-0.0058630276,0.04188088,0.0027829679,-0.038800817,0.49407366,0.49407366,-0.0058630276,0.04188088
256.588,4.0144,20.0166,1.1938,4.0,20.0,1.399999976158142,0.0016926277,-0.037182625,0.49804857,0.49804857,-0.0048075793,0.040297575,0.0016926277,-0.037182625,0.49804857,0.49804857,-0.0048075793,0.040297575
256.638,4.0145,20.0167,1.1940,4.0,20.0,1.399999976158142,0.0032238942,-0.039774254,0.4965409,0.4965409,-0.006282981,0.04283334,0.0032238942,-0.039774254,0.4965409,0.4965409,-0.006282981,0.04283334
256.688,4.0147,20.0168,1.1942,4.0,20.0,1.399999976158142,0.0022372673,-0.038335424,0.4997019,0.4997019,-0.005331641,0.0414298,0.0022372673,-0.038335424,0.4997019,0.4997019,-0.005331641,0.0414298
256.738,4.0148,20.0169,1.1943,4.0,20.0,1.399999976158142,0.003650504,-0.04072029,0.4996113,0.4996113,-0.0066908244,0.043760613,0.003650504,-0.04072029,0.4996113,0.4996113,-0.0066908244,0.043760613
256.787,4.0148,20.0169,1.1944,4.0,20.0,1.399999976158142,0.0027354455,-0.03941088,0.5020298,0.5020298,-0.005810975,0.04248641,0.0027354455,-0.03941088,0.5020298,0.5020298,-0.005810975,0.04248641
256.837,4.0150,20.0170,1.1944,4.0,20.0,1.399999976158142,0.0028578474,-0.039730065,0.5033455,0.5033455,-0.0059305565,0.042802773,0.0028578474,-0.039730065,0.5033455,0.5033455,-0.0059305565,0.042802773
256.888,4.0151,20.0172,1.1942,4.0,20.0,1.399999976158142,0.0041371,-0.04193494,0.504801,0.504801,-0.007159625,0.044957466,0.0041371,-0.04193494,0.504801,0.504801,-0.007159625,0.044957466
256.937,4.0152,20.0172,1.1942,4.0,20.0,1.399999976158142,0.0044099884,-0.0425815,0.5071071,0.5071071,-0.00742145,0.04559296,0.0044099884,-0.0425815,0.5071071,0.5071071,-0.00742145,0.04559296
256.987,4.0154,20.0173,1.1939,4.0,20.0,1.399999976158142,0.0036233852,-0.041452326,0.5083206,0.5083206,-0.0066679027,0.04449684,0.0036233852,-0.041452326,0.5083206,0.5083206,-0.0066679027,0.04449684
257.038,4.0154,20.0174,1.1937,4.0,20.0,1.399999976158142,0.0047866777,-0.04351155,0.51136273,0.51136273,-0.0077919373,0.046516813,0.0047866777,-0.04351155,0.51136273,0.51136273,-0.0077919373,0.046516813
257.088,4.0156,20.0175,1.1933,4.0,20.0,1.399999976158142,0.0040498236,-0.042442888,0.51210195,0.51210195,-0.007085128,0.045478195,0.0040498236,-0.042442888,0.51210195,0.51210195,-0.007085128,0.045478195
257.138,4.0156,20.0175,1.1931,4.0,20.0,1.399999976158142,0.0052043195,-0.04447947,0.51583487,0.51583487,-0.008207044,0.047482196,0.0052043195,-0.04447947,0.51583487,0.51583487,-0.008207044,0.047482196
257.187,4.0158,20.0177,1.1926,4.0,20.0,1.399999976158142,0.0044854926,-0.043440744,0.5161884,0.5161884,-0.007514543,0.046469793,0.0044854926,-0.043440744,0.5161884,0.5161884,-0.007514543,0.046469793
257.238,4.0159,20.0177,1.1924,4.0,20.0,1.399999976158142,0.0056511895,-0.045485944,0.5204536,0.5204536,-0.008653039,0.048487794,0.0056511895,-0.045485944,0.5204536,0.5204536,-0.008653039,0.048487794
257.287,4.0160,20.0178,1.1919,4.0,20.0,1.399999976158142,0.004930161,-0.044449884,0.5204919,0.5204919,-0.007955317,0.04747504,0.004930161,-0.044449884,0.5204919,0.5204919,-0.007955317,0.04747504
257.337,4.0161,20.0179,1.1916,4.0,20.0,1.399999976158142,0.0061004194,-0.046499178,0.52512544,0.52512544,-0.009103212,0.04950197,0.0061004194,-0.046499178,0.52512544,0.52512544,-0.009103212,0.04950197
257.387,4.0162,20.0180,1.1915,4.0,20.0,1.399999976158142,0.026743015,-0.11283086,1.0,1.0,-0.033303943,0.11939179,0.026743015,-0.11283086,1.0,1.0,-0.033303943,0.11939179
257.437,4.0163,20.0181,1.1919,4.0,20.0,1.399999976158142,0.00719022,-0.046948537,0.5004499,0.5004499,-0.01007825,0.04983657,0.00719022,-0.046948537,0.5004499,0.5004499,-0.01007825,0.04983657
257.487,4.0165,20.0182,1.1928,4.0,20.0,1.399999976158142,0.0064087855,-0.04593121,0.49762082,0.49762082,-0.009311651,0.048834074,0.0064087855,-0.04593121,0.49762082,0.49762082,-0.009311651,0.048834074
257.537,4.0166,20.0183,1.1931,4.0,20.0,1.399999976158142,0.0073091104,-0.04790768,0.49415755,0.49415755,-0.010183136,0.05078171,0.0073091104,-0.04790768,0.49415755,0.49415755,-0.010183136,0.05078171
257.587,4.0167,20.0184,1.1937,4.0,20.0,1.399999976158142,0.006685247,-0.04682492,0.49824968,0.49824968,-0.009580099,0.04971977,0.006685247,-0.04682492,0.49824968,0.49824968,-0.009580099,0.04971977
257.638,4.0168,20.0185,1.1939,4.0,20.0,1.399999976158142,0.007526638,-0.04862208,0.49650016,0.49650016,-0.010391246,0.051486686,0.007526638,-0.04862208,0.49650016,0.49650016,-0.010391246,0.051486686
257.688,4.0169,20.0185,1.1940,4.0,20.0,1.399999976158142,0.0069449283,-0.047651533,0.49978244,0.49978244,-0.009831416,0.050538022,0.0069449283,-0.047651533,0.49978244,0.49978244,-0.009831416,0.050538022
257.738,4.0170,20.0186,1.1943,4.0,20.0,1.399999976158142,0.007003178,-0.047903307,0.50087374,0.50087374,-0.009889305,0.050789434,0.007003178,-0.047903307,0.50087374,0.50087374,-0.009889305,0.050789434
257.788,4.0171,20.0187,1.1944,4.0,20.0,1.399999976158142,0.0077681,-0.04951298,0.5009547,0.5009547,-0.010624167,0.052369047,0.0077681,-0.04951298,0.5009547,0.5009547,-0.010624167,0.052369047
257.837,4.0172,20.0188,1.1944,4.0,20.0,1.399999976158142,0.007913564,-0.049971458,0.50291336,0.50291336,-0.010762576,0.05282047,0.007913564,-0.049971458,0.50291336,0.50291336,-0.010762576,0.05282047
257.888,4.0173,20.0189,1.1943,4.0,20.0,1.399999976158142,0.007396103,-0.04916273,0.50479615,0.50479615,-0.010267416,0.052034043,0.007396103,-0.04916273,0.50479615,0.50479615,-0.010267416,0.052034043
257.937,4.0174,20.0189,1.1942,4.0,20.0,1.399999976158142,0.008064627,-0.050637297,0.50679314,0.50679314,-0.010907616,0.053480286,0.008064627,-0.050637297,0.50679314,0.50679314,-0.010907616,0.053480286
257.988,4.0175,20.0190,1.1940,4.0,20.0,1.399999976158142,0.0075915903,-0.04989046,0.50809985,0.50809985,-0.010456724,0.052755594,0.0075915903,-0.04989046,0.50809985,0.50809985,-0.010456724,0.052755594
258.038,4.0176,20.0191,1.1938,4.0,20.0,1.399999976158142,0.008235336,-0.051322054,0.510986,0.510986,-0.011076165,0.054162882,0.008235336,-0.051322054,0.510986,0.510986,-0.011076165,0.054162882
258.088,4.0177,20.0192,1.1935,4.0,20.0,1.399999976158142,0.0077908793,-0.050611526,0.51180524,0.51180524,-0.010652715,0.05347336,0.0077908793,-0.050611526,0.51180524,0.51180524,-0.010652715,0.05347336
258.138,4.0178,20.0192,1.1933,4.0,20.0,1.399999976158142,0.008442131,-0.0520367,0.51539767,0.51539767,-0.011283425,0.054877993,0.008442131,-0.0520367,0.51539767,0.51539767,-0.011283425,0.054877993
258.188,4.0179,20.0193,1.1928,4.0,20.0,1.399999976158142,0.00800732,-0.051348474,0.5158261,0.5158261,-0.010867311,0.054208465,0.00800732,-0.051348474,0.5158261,0.5158261,-0.010867311,0.054208465
258.238,4.0179,20.0194,1.1926,4.0,20.0,1.399999976158142,0.008682934,-0.052796546,0.5199643,0.5199643,-0.011524654,0.05563827,0.008682934,-0.052796546,0.5199643,0.5199643,-0.011524654,0.05563827
258.287,4.0181,20.0195,1.1920,4.0,20.0,1.399999976158142,0.008235747,-0.05209928,0.5200725,0.5200725,-0.011094672,0.054958202,0.008235747,-0.05209928,0.5200725,0.5200725,-0.011094672,0.054958202
258.337,4.0181,20.0195,1.1918,4.0,20.0,1.399999976158142,0.008932398,-0.05357301,0.524603,0.524603,-0.011774653,0.056415264,0.008932398,-0.05357301,0.524603,0.524603,-0.011774653,0.056415264
258.388,4.0183,20.0196,1.1917,4.0,20.0,1.399999976158142,0.03739777,-0.13295043,1.0,1.0,-0.043603532,0.13915619,0.03739777,-0.13295043,1.0,1.0,-0.043603532,0.13915619
258.438,4.0183,20.0197,1.1922,4.0,20.0,1.399999976158142,0.009750191,-0.053527933,0.49992567,0.49992567,-0.012484605,0.056262348,0.009750191,-0.053527933,0.49992567,0.49992567,-0.012484605,0.056262348
258.487,4.0184,20.0198,1.1925,4.0,20.0,1.399999976158142,0.009162181,-0.05276889,0.49710292,0.49710292,-0.011908965,0.055515673,0.009162181,-0.05276889,0.49710292,0.49710292,-0.011908965,0.055515673
258.537,4.0186,20.0199,1.1933,4.0,20.0,1.399999976158142,0.009135685,-0.052948,0.49768052,0.49768052,-0.011882678,0.055694994,0.009135685,-0.052948,0.49768052,0.49768052,-0.011882678,0.055694994
258.587,4.0187,20.0200,1.1939,4.0,20.0,1.399999976158142,0.009365792,-0.054101825,0.49467677,0.49467677,-0.012086466,0.0568225,0.009365792,-0.054101825,0.49467677,0.49467677,-0.012086466,0.0568225
258.637,4.0188,20.0201,1.1941,4.0,20.0,1.399999976158142,0.009409943,-0.054434083,0.49585786,0.49585786,-0.012121209,0.05714535,0.009409943,-0.054434083,0.49585786,0.49585786,-0.012121209,0.05714535
258.687,4.0189,20.0202,1.1945,4.0,20.0,1.399999976158142,0.009183497,-0.053880032,0.49921033,0.49921033,-0.011914765,0.0566113,0.009183497,-0.053880032,0.49921033,0.49921033,-0.011914765,0.0566113
258.737,4.0189,20.0202,1.1945,4.0,20.0,1.399999976158142,0.009427302,-0.054885514,0.4988579,0.4988579,-0.012128632,0.057586845,0.009427302,-0.054885514,0.4988579,0.4988579,-0.012128632,0.057586845
258.787,4.0191,20.0203,1.1946,4.0,20.0,1.399999976158142,0.009203896,-0.054392938,0.50140643,0.50140643,-0.011926258,0.057115298,0.009203896,-0.054392938,0.50140643,0.50140643,-0.011926258,0.057115298
258.837,4.0191,20.0203,1.1947,4.0,20.0,1.399999976158142,0.009445174,-0.055344228,0.50231254,0.50231254,-0.012136931,0.058035985,0.009445174,-0.055344228,0.50231254,0.50231254,-0.012136931,0.058035985
258.887,4.0192,20.0204,1.1946,4.0,20.0,1.399999976158142,0.0092208125,-0.05489102,0.5042008,0.5042008,-0.011934239,0.057604447,0.0092208125,-0.05489102,0.5042008,0.5042008,-0.011934239,0.057604447
258.937,4.0193,20.0205,1.1945,4.0,20.0,1.399999976158142,0.009454524,-0.05582599,0.50618625,0.50618625,-0.012136755,0.05850822,0.009454524,-0.05582599,0.50618625,0.50618625,-0.012136755,0.05850822
258.987,4.0194,20.0205,1.1942,4.0,20.0,1.399999976158142,0.009235348,-0.055392023,0.507502,0.507502,-0.011939964,0.05809664,0.009235348,-0.055392023,0.507502,0.507502,-0.011939964,0.05809664
259.037,4.0194,20.0206,1.1941,4.0,20.0,1.399999976158142,0.009478295,-0.056321017,0.51039076,0.51039076,-0.012153603,0.058996323,0.009478295,-0.056321017,0.51039076,0.51039076,-0.012153603,0.058996323
259.087,4.0195,20.0207,1.1937,4.0,20.0,1.399999976158142,0.009264319,-0.055899438,0.511209,0.511209,-0.011961754,0.058596876,0.009264319,-0.055899438,0.511209,0.511209,-0.011961754,0.058596876
259.138,4.0196,20.0207,1.1935,4.0,20.0,1.399999976158142,0.009542242,-0.056855403,0.5148219,0.5148219,-0.012211883,0.059525043,0.009542242,-0.056855403,0.5148219,0.5148219,-0.012211883,0.059525043
259.188,4.0197,20.0208,1.1931,4.0,20.0,1.399999976158142,0.009316887,-0.056430783,0.51523525,0.51523525,-0.012007575,0.05912147,0.009316887,-0.056430783,0.51523525,0.51523525,-0.012007575,0.05912147
259.238,4.0197,20.0208,1.1928,4.0,20.0,1.399999976158142,0.00962926,-0.057417072,0.5193887,0.5193887,-0.012293426,0.06008124,0.00962926,-0.057417072,0.5193887,0.5193887,-0.012293426,0.06008124
259.287,4.0198,20.0209,1.1926,4.0,20.0,1.399999976158142,0.009390639,-0.056993347,0.51951814,0.51951814,-0.01207463,0.059677336,0.009390639,-0.056993347,0.51951814,0.51951814,-0.01207463,0.059677336
259.337,4.0199,20.0209,1.1920,4.0,20.0,1.399999976158142,0.009395162,-0.05717765,0.5213131,0.5213131,-0.01207932,0.05986181,0.009395162,-0.05717765,0.5213131,0.5213131,-0.01207932,0.05986181
259.387,4.0200,20.0210,1.1920,4.0,20.0,1.399999976158142,0.041904714,-0.14568084,1.0,1.0,-0.047735803,0.15151192,0.041904714,-0.14568084,1.0,1.0,-0.047735803,0.15151192
259.438,4.0200,20.0210,1.1920,4.0,20.0,1.399999976158142,0.010400329,-0.05764687,0.49944824,0.49944824,-0.01295241,0.06019895,0.010400329,-0.05764687,0.49944824,0.49944824,-0.01295241,0.06019895
259.487,4.0202,20.0212,1.1933,4.0,20.0,1.399999976158142,0.010094684,-0.05666035,0.5002199,0.5002199,-0.012685385,0.05925105,0.010094684,-0.05666035,0.5002199,0.5002199,-0.012685385,0.05925105
259.537,4.0203,20.0213,1.1936,4.0,20.0,1.399999976158142,0.00955128,-0.05792998,0.49044222,0.49044222,-0.012077097,0.0604558,0.00955128,-0.05792998,0.49044222,0.49044222,-0.012077097,0.0604558
259.587,4.0204,20.0214,1.1941,4.0,20.0,1.399999976158142,0.009746303,-0.057387866,0.49721563,0.49721563,-0.012308312,0.059949875,0.009746303,-0.057387866,0.49721563,0.49721563,-0.012308312,0.059949875
259.637,4.0204,20.0214,1.1943,4.0,20.0,1.399999976158142,0.009556735,-0.057952214,0.49546438,0.49546438,-0.012090633,0.06048611,0.009556735,-0.057952214,0.49546438,0.49546438,-0.012090633,0.06048611
259.687,4.0205,20.0215,1.1947,4.0,20.0,1.399999976158142,0.009594658,-0.05772256,0.49875554,0.49875554,-0.01214905,0.06027695,0.009594658,-0.05772256,0.49875554,0.49875554,-0.01214905,0.06027695
259.737,4.0206,20.0215,1.1947,4.0,20.0,1.399999976158142,0.009463818,-0.058265794,0.4984646,0.4984646,-0.01199078,0.060792755,0.009463818,-0.058265794,0.4984646,0.4984646,-0.01199078,0.060792755
259.787,4.0207,20.0216,1.1948,4.0,20.0,1.399999976158142,0.00946561,-0.058051117,0.5009866,0.5009866,-0.012012803,0.06059831,0.00946561,-0.058051117,0.5009866,0.5009866,-0.012012803,0.06059831
259.837,4.0207,20.0217,1.1948,4.0,20.0,1.399999976158142,0.009376731,-0.05858903,0.501953,0.501953,-0.011897201,0.0611095,0.009376731,-0.05858903,0.501953,0.501953,-0.011897201,0.0611095
259.887,4.0208,20.0217,1.1947,4.0,20.0,1.399999976158142,0.0093501415,-0.05838397,0.50381243,0.50381243,-0.011890439,0.06092427,0.0093501415,-0.05838397,0.50381243,0.50381243,-0.011890439,0.06092427
259.937,4.0209,20.0218,1.1947,4.0,20.0,1.399999976158142,0.009287708,-0.05894043,0.5058607,0.5058607,-0.011801434,0.061454155,0.009287708,-0.05894043,0.5058607,0.5058607,-0.011801434,0.061454155
259.987,4.0209,20.0218,1.1946,4.0,20.0,1.399999976158142,0.009243787,-0.05872924,0.5071468,0.5071468,-0.011777442,0.061262894,0.009243787,-0.05872924,0.5071468,0.5071468,-0.011777442,0.061262894
260.037,4.0210,20.0219,1.1943,4.0,20.0,1.399999976158142,0.009196144,-0.05885248,0.5087247,0.5087247,-0.011729856,0.06138619,0.009196144,-0.05885248,0.5087247,0.5087247,-0.011729856,0.06138619
260.087,4.0210,20.0219,1.1941,4.0,20.0,1.399999976158142,0.009184619,-0.059441596,0.51191545,0.51191545,-0.011693398,0.061950374,0.009184619,-0.059441596,0.51191545,0.51191545,-0.011693398,0.061950374
260.138,4.0211,20.0220,1.1937,4.0,20.0,1.399999976158142,0.00912039,-0.059223495,0.5125763,0.5125763,-0.011648126,0.06175123,0.00912039,-0.059223495,0.5125763,0.5125763,-0.011648126,0.06175123
260.187,4.0212,20.0220,1.1932,4.0,20.0,1.399999976158142,0.009149415,-0.05985111,0.51643187,0.51643187,-0.01165302,0.062354714,0.009149415,-0.05985111,0.51643187,0.51643187,-0.01165302,0.062354714
260.237,4.0213,20.0221,1.1930,4.0,20.0,1.399999976158142,0.009151578,-0.06013864,0.5192039,0.5192039,-0.01164971,0.06263677,0.009151578,-0.06013864,0.5192039,0.5192039,-0.01164971,0.06263677
260.287,4.0214,20.0222,1.1924,4.0,20.0,1.399999976158142,0.009045523,-0.059884015,0.51925486,0.51925486,-0.011562018,0.06240051,0.009045523,-0.059884015,0.51925486,0.51925486,-0.011562018,0.06240051
260.337,4.0214,20.0222,1.1921,4.0,20.0,1.399999976158142,0.009133594,-0.06059139,0.52389413,0.52389413,-0.011626733,0.06308453,0.009133594,-0.06059139,0.52389413,0.52389413,-0.011626733,0.06308453
260.387,4.0215,20.0223,1.1921,4.0,20.0,1.399999976158142,0.04190616,-0.15271935,1.0,1.0,-0.047373455,0.15818664,0.04190616,-0.15271935,1.0,1.0,-0.047373455,0.15818664
260.437,4.0216,20.0223,1.1925,4.0,20.0,1.399999976158142,0.009684383,-0.059954412,0.49931297,0.49931297,-0.012076424,0.062346455,0.009684383,-0.059954412,0.49931297,0.49931297,-0.012076424,0.062346455
260.488,4.0217,20.0224,1.1933,4.0,20.0,1.399999976158142,0.009345808,-0.05951003,0.49647903,0.49647903,-0.011754403,0.061918624,0.009345808,-0.05951003,0.49647903,0.49647903,-0.011754403,0.061918624
260.537,4.0217,20.0225,1.1936,4.0,20.0,1.399999976158142,0.00875477,-0.05970747,0.4930616,0.4930616,-0.011135675,0.062088374,0.00875477,-0.05970747,0.4930616,0.4930616,-0.011135675,0.062088374
260.587,4.0218,20.0226,1.1942,4.0,20.0,1.399999976158142,0.009023951,-0.05969718,0.49709904,0.49709904,-0.011424259,0.062097486,0.009023951,-0.05969718,0.49709904,0.49709904,-0.011424259,0.062097486
260.637,4.0219,20.0226,1.1944,4.0,20.0,1.399999976158142,0.00856133,-0.059923638,0.49539694,0.49539694,-0.010933375,0.062295683,0.00856133,-0.059923638,0.49539694,0.49539694,-0.010933375,0.062295683
260.687,4.0220,20.0227,1.1947,4.0,20.0,1.399999976158142,0.008767209,-0.059902295,0.4986692,0.4986692,-0.011159119,0.062294208,0.008767209,-0.059902295,0.4986692,0.4986692,-0.011159119,0.062294208
260.738,4.0220,20.0227,1.1948,4.0,20.0,1.399999976158142,0.008398287,-0.060150977,0.49841365,0.49841365,-0.010761338,0.06251403,0.008398287,-0.060150977,0.49841365,0.49841365,-0.010761338,0.06251403
260.787,4.0221,20.0228,1.1949,4.0,20.0,1.399999976158142,0.008545547,-0.060117077,0.50092417,0.50092417,-0.010928664,0.06250019,0.008545547,-0.060117077,0.50092417,0.50092417,-0.010928664,0.06250019
260.837,4.0221,20.0228,1.1949,4.0,20.0,1.399999976158142,0.008250814,-0.060395207,0.50193137,0.50193137,-0.010604395,0.06274879,0.008250814,-0.060395207,0.50193137,0.50193137,-0.010604395,0.06274879
260.887,4.0222,20.0229,1.1948,4.0,20.0,1.399999976158142,0.0083486205,-0.06034844,0.5037706,0.5037706,-0.010722369,0.06272219,0.0083486205,-0.06034844,0.5037706,0.5037706,-0.010722369,0.06272219
260.937,4.0223,20.0229,1.1947,4.0,20.0,1.399999976158142,0.00827202,-0.060440768,0.5052219,0.5052219,-0.010644496,0.062813245,0.00827202,-0.060440768,0.5052219,0.5052219,-0.010644496,0.062813245
260.987,4.0223,20.0229,1.1946,4.0,20.0,1.399999976158142,0.008047012,-0.06077132,0.5076058,0.5076058,-0.010388886,0.06311319,0.008047012,-0.06077132,0.5076058,0.5076058,-0.010388886,0.06311319
261.038,4.0224,20.0230,1.1943,4.0,20.0,1.399999976158142,0.00810134,-0.060698148,0.5087128,0.5087128,-0.010463867,0.06306067,0.00810134,-0.060698148,0.5087128,0.5087128,-0.010463867,0.06306067
261.087,4.0225,20.0231,1.1939,4.0,20.0,1.399999976158142,0.007926957,-0.061068017,0.5119389,0.5119389,-0.010258796,0.06339986,0.007926957,-0.061068017,0.5119389,0.5119389,-0.010258796,0.06339986
261.137,4.0225,20.0231,1.1937,4.0,20.0,1.399999976158142,0.007870925,-0.06127628,0.51461893,0.51461893,-0.010193702,0.06359906,0.007870925,-0.06127628,0.51461893,0.51461893,-0.010193702,0.06359906
261.187,4.0226,20.0232,1.1932,4.0,20.0,1.399999976158142,0.007876874,-0.061164975,0.5149733,0.5149733,-0.010220821,0.06350892,0.007876874,-0.061164975,0.5149733,0.5149733,-0.010220821,0.06350892
261.238,4.0226,20.0232,1.1930,4.0,20.0,1.399999976158142,0.007773928,-0.06162,0.51924264,0.51924264,-0.010086903,0.06393298,0.007773928,-0.06162,0.51924264,0.51924264,-0.010086903,0.06393298
261.287,4.0227,20.0233,1.1924,4.0,20.0,1.399999976158142,0.0077550537,-0.061484877,0.5192926,0.5192926,-0.01008906,0.06381888,0.0077550537,-0.061484877,0.5192926,0.5192926,-0.01008906,0.06381888
261.337,4.0227,20.0233,1.1921,4.0,20.0,1.399999976158142,0.007689521,-0.061994866,0.5239671,0.5239671,-0.009992703,0.06429805,0.007689521,-0.061994866,0.5239671,0.5239671,-0.009992703,0.06429805
261.387,4.0228,20.0234,1.1920,4.0,20.0,1.399999976158142,0.03923122,-0.15634038,1.0,1.0,-0.04430042,0.16140957,0.03923122,-0.15634038,1.0,1.0,-0.04430042,0.16140957
261.437,4.0229,20.0234,1.1925,4.0,20.0,1.399999976158142,0.00820948,-0.06119683,0.49937844,0.49937844,-0.010413289,0.06340064,0.00820948,-0.06119683,0.49937844,0.49937844,-0.010413289,0.06340064
261.487,4.0230,20.0235,1.1933,4.0,20.0,1.399999976158142,0.007946836,-0.06085682,0.496531,0.496531,-0.010169958,0.06307994,0.007946836,-0.06085682,0.496531,0.496531,-0.010169958,0.06307994
261.538,4.0231,20.0236,1.1936,4.0,20.0,1.399999976158142,0.00719234,-0.060846504,0.49310958,0.49310958,-0.009380612,0.06303477,0.00719234,-0.060846504,0.49310958,0.49310958,-0.009380612,0.06303477
261.588,4.0232,20.0237,1.1942,4.0,20.0,1.399999976158142,0.007563194,-0.06096459,0.49718004,0.49718004,-0.009774498,0.063175894,0.007563194,-0.06096459,0.49718004,0.49718004,-0.009774498,0.063175894
261.637,4.0232,20.0237,1.1944,4.0,20.0,1.399999976158142,0.0069602127,-0.06100975,0.49548325,0.49548325,-0.009137353,0.06318689,0.0069602127,-0.06100975,0.49548325,0.49548325,-0.009137353,0.06318689
261.688,4.0233,20.0238,1.1947,4.0,20.0,1.399999976158142,0.007249944,-0.06110184,0.4987422,0.4987422,-0.009449653,0.06330155,0.007249944,-0.06110184,0.4987422,0.4987422,-0.009449653,0.06330155
261.738,4.0233,20.0238,1.1947,4.0,20.0,1.399999976158142,0.0067634494,-0.061192326,0.49850795,0.49850795,-0.008929655,0.06335853,0.0067634494,-0.061192326,0.49850795,0.49850795,-0.008929655,0.06335853
261.788,4.0234,20.0239,1.1948,4.0,20.0,1.399999976158142,0.0069824024,-0.06125819,0.50100714,0.50100714,-0.009170779,0.06344657,0.0069824024,-0.06125819,0.50100714,0.50100714,-0.009170779,0.06344657
261.838,4.0234,20.0239,1.1948,4.0,20.0,1.399999976158142,0.0065893983,-0.061397847,0.5020397,0.5020397,-0.008744701,0.06355315,0.0065893983,-0.061397847,0.5020397,0.5020397,-0.008744701,0.06355315
261.887,4.0235,20.0239,1.1948,4.0,20.0,1.399999976158142,0.0067449226,-0.061438013,0.5038619,0.5038619,-0.008921696,0.063614786,0.0067449226,-0.061438013,0.5038619,0.5038619,-0.008921696,0.063614786
261.938,4.0235,20.0240,1.1946,4.0,20.0,1.399999976158142,0.0066575403,-0.06151664,0.50531477,0.50531477,-0.008832425,0.06369153,0.0066575403,-0.06151664,0.50531477,0.50531477,-0.008832425,0.06369153
261.987,4.0236,20.0240,1.1944,4.0,20.0,1.399999976158142,0.0063502737,-0.06172812,0.50770193,0.50770193,-0.008491571,0.06386942,0.0063502737,-0.06172812,0.50770193,0.50770193,-0.008491571,0.06386942
262.038,4.0237,20.0241,1.1942,4.0,20.0,1.399999976158142,0.006261813,-0.061886683,0.51022106,0.51022106,-0.00839312,0.06401799,0.006261813,-0.061886683,0.51022106,0.51022106,-0.00839312,0.06401799
262.088,4.0237,20.0241,1.1938,4.0,20.0,1.399999976158142,0.0063400245,-0.061866432,0.51098144,0.51098144,-0.0084934,0.06401981,0.0063400245,-0.061866432,0.51098144,0.51098144,-0.0084934,0.06401981
262.138,4.0238,20.0241,1.1936,4.0,20.0,1.399999976158142,0.0061183693,-0.062160455,0.5146985,0.5146985,-0.0082385,0.064280584,0.0061183693,-0.062160455,0.5146985,0.5146985,-0.0082385,0.064280584
262.187,4.0238,20.0242,1.1931,4.0,20.0,1.399999976158142,0.006166063,-0.062115308,0.5150639,0.5150639,-0.008307962,0.064257205,0.006166063,-0.062115308,0.5150639,0.5150639,-0.008307962,0.064257205
262.237,4.0239,20.0242,1.1929,4.0,20.0,1.399999976158142,0.0059879385,-0.062464084,0.5193337,0.5193337,-0.008097189,0.06457333,0.0059879385,-0.062464084,0.5193337,0.5193337,-0.008097189,0.06457333
262.287,4.0239,20.0243,1.1923,4.0,20.0,1.399999976158142,0.006009078,-0.062391616,0.51938164,0.51938164,-0.008139823,0.06452236,0.006009078,-0.062391616,0.51938164,0.51938164,-0.008139823,0.06452236
262.337,4.0240,20.0243,1.1921,4.0,20.0,1.399999976158142,0.005870252,-0.0627997,0.52405685,0.52405685,-0.007968925,0.06489837,0.005870252,-0.0627997,0.52405685,0.52405685,-0.007968925,0.06489837
262.387,4.0241,20.0244,1.1920,4.0,20.0,1.399999976158142,0.035208922,-0.15811318,1.0,1.0,-0.03983667,0.16274093,0.035208922,-0.15811318,1.0,1.0,-0.03983667,0.16274093
262.437,4.0241,20.0244,1.1924,4.0,20.0,1.399999976158142,0.006403583,-0.061908025,0.49945447,0.49945447,-0.008409159,0.0639136,0.006403583,-0.061908025,0.49945447,0.49945447,-0.008409159,0.0639136
262.487,4.0242,20.0245,1.1933,4.0,20.0,1.399999976158142,0.0061812224,-0.061625525,0.49661636,0.49661636,-0.008206183,0.06365049,0.0061812224,-0.061625525,0.49661636,0.49661636,-0.008206183,0.06365049
262.538,4.0243,20.0246,1.1936,4.0,20.0,1.399999976158142,0.005362269,-0.061523605,0.49317095,0.49317095,-0.007351592,0.06351293,0.005362269,-0.061523605,0.49317095,0.49317095,-0.007351592,0.06351293
262.587,4.0243,20.0246,1.1938,4.0,20.0,1.399999976158142,0.0057714013,-0.061700474,0.49725553,0.49725553,-0.0077838893,0.06371296,0.0057714013,-0.061700474,0.49725553,0.49725553,-0.0077838893,0.06371296
262.637,4.0244,20.0247,1.1943,4.0,20.0,1.399999976158142,0.005641838,-0.061749928,0.49813676,0.49813676,-0.007652098,0.063760184,0.005641838,-0.061749928,0.49813676,0.49813676,-0.007652098,0.063760184
262.688,4.0245,20.0248,1.1946,4.0,20.0,1.399999976158142,0.005029876,-0.0617343,0.49689788,0.49689788,-0.007006434,0.06371085,0.005029876,-0.0617343,0.49689788,0.49689788,-0.007006434,0.06371085
262.737,4.0245,20.0248,1.1947,4.0,20.0,1.399999976158142,0.0049080616,-0.061833136,0.49856853,0.49856853,-0.0068754824,0.06380056,0.0049080616,-0.061833136,0.49856853,0.49856853,-0.0068754824,0.06380056
262.788,4.0246,20.0248,1.1948,4.0,20.0,1.399999976158142,0.005147766,-0.061942033,0.5010638,0.5010638,-0.00713644,0.063930705,0.005147766,-0.061942033,0.5010638,0.5010638,-0.00713644,0.063930705
262.838,4.0246,20.0249,1.1948,4.0,20.0,1.399999976158142,0.004717526,-0.062021386,0.50208586,0.50208586,-0.0066733994,0.06397726,0.004717526,-0.062021386,0.50208586,0.50208586,-0.0066733994,0.06397726
262.888,4.0247,20.0249,1.1947,4.0,20.0,1.399999976158142,0.004896256,-0.0621006,0.5039221,0.5039221,-0.00687321,0.064077556,0.004896256,-0.0621006,0.5039221,0.5039221,-0.00687321,0.064077556
262.938,4.0247,20.0250,1.1946,4.0,20.0,1.399999976158142,0.004533859,-0.06224169,0.50601596,0.50601596,-0.006477154,0.06418498,0.004533859,-0.06224169,0.50601596,0.50601596,-0.006477154,0.06418498
262.987,4.0248,20.0250,1.1943,4.0,20.0,1.399999976158142,0.004666522,-0.062284783,0.5072737,0.5072737,-0.006631072,0.06424933,0.004666522,-0.062284783,0.5072737,0.5072737,-0.006631072,0.06424933
263.037,4.0248,20.0250,1.1942,4.0,20.0,1.399999976158142,0.0043633375,-0.06247389,0.5102632,0.5102632,-0.0062944405,0.064404994,0.0043633375,-0.06247389,0.5102632,0.5102632,-0.0062944405,0.064404994
263.087,4.0249,20.0251,1.1938,4.0,20.0,1.399999976158142,0.0044567455,-0.06248761,0.511035,0.511035,-0.0064091175,0.06443998,0.0044567455,-0.06248761,0.511035,0.511035,-0.0064091175,0.06443998
263.137,4.0249,20.0251,1.1936,4.0,20.0,1.399999976158142,0.0042017563,-0.06272964,0.51474977,0.51474977,-0.006120669,0.064648554,0.0042017563,-0.06272964,0.51474977,0.51474977,-0.006120669,0.064648554
263.187,4.0250,20.0252,1.1931,4.0,20.0,1.399999976158142,0.004265716,-0.06271637,0.5151124,0.5151124,-0.0062059416,0.0646566,0.004265716,-0.06271637,0.5151124,0.5151124,-0.0062059416,0.0646566
263.237,4.0250,20.0252,1.1929,4.0,20.0,1.399999976158142,0.004054981,-0.063014604,0.5193767,0.5193767,-0.005962292,0.064921916,0.004054981,-0.063014604,0.5193767,0.5193767,-0.005962292,0.064921916
263.287,4.0251,20.0252,1.1923,4.0,20.0,1.399999976158142,0.004091388,-0.06297385,0.51943123,0.51943123,-0.006019648,0.064902104,0.004091388,-0.06297385,0.51943123,0.51943123,-0.006019648,0.064902104
263.337,4.0252,20.0253,1.1921,4.0,20.0,1.399999976158142,0.0039202026,-0.063332714,0.5240981,0.5240981,-0.005816035,0.065228544,0.0039202026,-0.063332714,0.5240981,0.5240981,-0.005816035,0.065228544
263.387,4.0252,20.0254,1.1920,4.0,20.0,1.399999976158142,0.030613812,-0.15897954,1.0,1.0,-0.034801625,0.16316736,0.030613812,-0.15897954,1.0,1.0,-0.034801625,0.16316736
263.438,4.0253,20.0254,1.1924,4.0,20.0,1.399999976158142,0.00448784,-0.062379252,0.4994998,0.4994998,-0.0062969737,0.06418838,0.00448784,-0.062379252,0.4994998,0.4994998,-0.0062969737,0.06418838
263.487,4.0253,20.0254,1.1928,4.0,20.0,1.399999976158142,0.0042817676,-0.06212972,0.49665686,0.49665686,-0.006109526,0.063957475,0.0042817676,-0.06212972,0.49665686,0.49665686,-0.006109526,0.063957475
263.537,4.0254,20.0255,1.1935,4.0,20.0,1.399999976158142,0.0041182935,-0.06215988,0.49721688,0.49721688,-0.0059432685,0.063984856,0.0041182935,-0.06215988,0.49721688,0.49721688,-0.0059432685,0.063984856
263.588,4.0255,20.0256,1.1938,4.0,20.0,1.399999976158142,0.0033455803,-0.062055025,0.49431732,0.49431732,-0.005134629,0.06384408,0.0033455803,-0.062055025,0.49431732,0.49431732,-0.005134629,0.06384408
263.637,4.0256,20.0256,1.1943,4.0,20.0,1.399999976158142,0.0037342866,-0.062244624,0.49817187,0.49817187,-0.0055461666,0.0640565,0.0037342866,-0.062244624,0.49817187,0.49817187,-0.0055461666,0.0640565
263.687,4.0256,20.0257,1.1946,4.0,20.0,1.399999976158142,0.0031038956,-0.062198553,0.4968998,0.4968998,-0.004881201,0.06397586,0.0031038956,-0.062198553,0.4968998,0.4968998,-0.004881201,0.06397586
263.738,4.0257,20.0257,1.1947,4.0,20.0,1.399999976158142,0.0029770394,-0.062290713,0.49856895,0.49856895,-0.0047449325,0.06405861,0.0029770394,-0.062290713,0.49856895,0.49856895,-0.0047449325,0.06405861
263.787,4.0257,20.0258,1.1948,4.0,20.0,1.399999976158142,0.0032258683,-0.062419474,0.50109303,0.50109303,-0.0050151264,0.06420873,0.0032258683,-0.062419474,0.50109303,0.50109303,-0.0050151264,0.06420873
263.837,4.0258,20.0258,1.1948,4.0,20.0,1.399999976158142,0.0027800999,-0.062472582,0.502094,0.502094,-0.004536109,0.064228594,0.0027800999,-0.062472582,0.502094,0.502094,-0.004536109,0.064228594
263.887,4.0258,20.0259,1.1947,4.0,20.0,1.399999976158142,0.0029644421,-0.062569536,0.5039318,0.5039318,-0.0047411895,0.06434628,0.0029644421,-0.062569536,0.5039318,0.5039318,-0.0047411895,0.06434628
263.937,4.0259,20.0259,1.1946,4.0,20.0,1.399999976158142,0.0025917375,-0.062685736,0.5060145,0.5060145,-0.0043350062,0.06442901,0.0025917375,-0.062685736,0.5060145,0.5060145,-0.0043350062,0.06442901
263.988,4.0259,20.0259,1.1943,4.0,20.0,1.399999976158142,0.0027275542,-0.06274578,0.5072797,0.5072797,-0.0044915495,0.06450977,0.0027275542,-0.06274578,0.5072797,0.5072797,-0.0044915495,0.06450977
264.038,4.0260,20.0260,1.1942,4.0,20.0,1.399999976158142,0.002410795,-0.06290989,0.5102591,0.5102591,-0.004141459,0.06464056,0.002410795,-0.06290989,0.5102591,0.5102591,-0.004141459,0.06464056
264.087,4.0260,20.0260,1.1938,4.0,20.0,1.399999976158142,0.0025089148,-0.06294025,0.5110343,0.5110343,-0.004260368,0.0646917,0.0025089148,-0.06294025,0.5110343,0.5110343,-0.004260368,0.0646917
264.138,4.0261,20.0260,1.1936,4.0,20.0,1.399999976158142,0.0022395502,-0.063157044,0.5147402,0.5147402,-0.0039578937,0.06487539,0.0022395502,-0.063157044,0.5147402,0.5147402,-0.0039578937,0.06487539
264.187,4.0261,20.0261,1.1931,4.0,20.0,1.399999976158142,0.0023083345,-0.06316058,0.5151079,0.5151079,-0.004047402,0.064899646,0.0023083345,-0.06316058,0.5151079,0.5151079,-0.004047402,0.064899646
264.238,4.0262,20.0261,1.1929,4.0,20.0,1.399999976158142,0.0020820778,-0.0634337,0.519367,0.519367,-0.0037887618,0.06514039,0.0020820778,-0.0634337,0.519367,0.519367,-0.0037887618,0.06514039
264.287,4.0262,20.0262,1.1923,4.0,20.0,1.399999976158142,0.0021237654,-0.06340962,0.5194252,0.5194252,-0.0038507201,0.065136574,0.0021237654,-0.06340962,0.5194252,0.5194252,-0.0038507201,0.065136574
264.337,4.0263,20.0262,1.1921,4.0,20.0,1.399999976158142,0.0019357664,-0.06374407,0.5240968,0.5240968,-0.003630929,0.06543923,0.0019357664,-0.06374407,0.5240968,0.5240968,-0.003630929,0.06543923
264.387,4.0263,20.0262,1.1918,4.0,20.0,1.399999976158142,0.025668629,-0.1591796,1.0,1.0,-0.029416023,0.162927,0.025668629,-0.1591796,1.0,1.0,-0.029416023,0.162927
264.437,4.0264,20.0263,1.1924,4.0,20.0,1.399999976158142,0.0030101007,-0.06273893,0.5010057,0.5010057,-0.0046575204,0.06438635,0.0030101007,-0.06273893,0.5010057,0.5010057,-0.0046575204,0.06438635
264.488,4.0265,20.0264,1.1928,4.0,20.0,1.399999976158142,0.0019907197,-0.06251355,0.49555215,0.49555215,-0.003600779,0.06412361,0.0019907197,-0.06251355,0.49555215,0.49555215,-0.003600779,0.06412361
264.538,4.0266,20.0264,1.1935,4.0,20.0,1.399999976158142,0.0021868744,-0.0625503,0.49722692,0.49722692,-0.003817641,0.06418106,0.0021868744,-0.0625503,0.49722692,0.49722692,-0.003817641,0.06418106
264.588,4.0266,20.0265,1.1941,4.0,20.0,1.399999976158142,0.0014181349,-0.06244013,0.49432904,0.49432904,-0.0030140784,0.06403607,0.0014181349,-0.06244013,0.49432904,0.49432904,-0.0030140784,0.06403607
264.638,4.0267,20.0266,1.1943,4.0,20.0,1.399999976158142,0.001267672,-0.06251653,0.49558043,0.49558043,-0.0028546466,0.064103514,0.001267672,-0.06251653,0.49558043,0.49558043,-0.0028546466,0.064103514
264.687,4.0267,20.0266,1.1946,4.0,20.0,1.399999976158142,0.0015845599,-0.06268347,0.4988553,0.4988553,-0.003192491,0.0642914,0.0015845599,-0.06268347,0.4988553,0.4988553,-0.003192491,0.0642914
264.737,4.0268,20.0266,1.1947,4.0,20.0,1.399999976158142,0.001036714,-0.062668316,0.49859148,0.49859148,-0.0026123677,0.06424397,0.001036714,-0.062668316,0.49859148,0.49859148,-0.0026123677,0.06424397
264.787,4.0268,20.0267,1.1948,4.0,20.0,1.399999976158142,0.0012853927,-0.062805764,0.50110835,0.50110835,-0.002881399,0.06440177,0.0012853927,-0.062805764,0.50110835,0.50110835,-0.002881399,0.06440177
264.838,4.0269,20.0267,1.1948,4.0,20.0,1.399999976158142,0.00083609764,-0.06284894,0.5021102,0.5021102,-0.002400649,0.064413495,0.00083609764,-0.06284894,0.5021102,0.5021102,-0.002400649,0.064413495
264.887,4.0269,20.0268,1.1947,4.0,20.0,1.399999976158142,0.0010196965,-0.06295421,0.50395447,0.50395447,-0.0026038275,0.06453834,0.0010196965,-0.06295421,0.50395447,0.50395447,-0.0026038275,0.06453834
264.937,4.0270,20.0268,1.1946,4.0,20.0,1.399999976158142,0.000640016,-0.06305897,0.50603706,0.50603706,-0.0021924658,0.06461142,0.000640016,-0.06305897,0.50603706,0.50603706,-0.0021924658,0.06461142
264.987,4.0270,20.0269,1.1943,4.0,20.0,1.399999976158142,0.00077580946,-0.06312727,0.50729936,0.50729936,-0.0023476994,0.064699166,0.00077580946,-0.06312727,0.50729936,0.50729936,-0.0023476994,0.064699166
265.037,4.0271,20.0269,1.1942,4.0,20.0,1.399999976158142,0.00045178807,-0.06327813,0.5102795,0.5102795,-0.0019925016,0.064818844,0.00045178807,-0.06327813,0.5102795,0.5102795,-0.0019925016,0.064818844
265.087,4.0271,20.0269,1.1938,4.0,20.0,1.399999976158142,0.0005500637,-0.06331828,0.51105595,0.51105595,-0.0021100515,0.06487827,0.0005500637,-0.06331828,0.51105595,0.51105595,-0.0021100515,0.06487827
265.137,4.0272,20.0270,1.1936,4.0,20.0,1.399999976158142,0.00027042808,-0.06352073,0.51476794,0.51476794,-0.0017993328,0.06504963,0.00027042808,-0.06352073,0.51476794,0.51476794,-0.0017993328,0.06504963
265.187,4.0272,20.0270,1.1931,4.0,20.0,1.399999976158142,0.00034140746,-0.063534446,0.51512724,0.51512724,-0.0018895547,0.06508259,0.00034140746,-0.063534446,0.51512724,0.51512724,-0.0018895547,0.06508259
265.237,4.0273,20.0270,1.1929,4.0,20.0,1.399999976158142,0.00010394206,-0.06379164,0.51938576,0.51938576,-0.0016218855,0.065309584,0.00010394206,-0.06379164,0.51938576,0.51938576,-0.0016218855,0.065309584
265.287,4.0273,20.0271,1.1923,4.0,20.0,1.399999976158142,0.0001484755,-0.06377841,0.51943916,0.51943916,-0.001685232,0.065315165,0.0001484755,-0.06377841,0.51943916,0.51943916,-0.001685232,0.065315165
265.337,4.0274,20.0271,1.1921,4.0,20.0,1.399999976158142,-5.1782492e-05,-0.064093776,0.52409184,0.52409184,-0.0014557204,0.06560128,-5.1782492e-05,-0.064093776,0.52409184,0.52409184,-0.0014557204,0.06560128
265.388,4.0274,20.0271,1.1918,4.0,20.0,1.399999976158142,0.02085135,-0.15949109,1.0,1.0,-0.024186242,0.16282599,0.02085135,-0.15949109,1.0,1.0,-0.024186242,0.16282599
265.437,4.0275,20.0272,1.1925,4.0,20.0,1.399999976158142,0.0010618676,-0.0630541,0.5009973,0.5009973,-0.0025268828,0.064519115,0.0010618676,-0.0630541,0.5009973,0.5009973,-0.0025268828,0.064519115
265.487,4.0276,20.0273,1.1944,4.0,20.0,1.399999976158142,-2.360127e-05,-0.06278665,0.49446636,0.49446636,-0.0014048603,0.064215116,-2.360127e-05,-0.06278665,0.49446636,0.49446636,-0.0014048603,0.064215116
265.538,4.0277,20.0274,1.1952,4.0,20.0,1.399999976158142,-0.0010551703,-0.06225937,0.4839817,0.4839817,-0.0003567125,0.06367125,-0.0010551703,-0.06225937,0.4839817,0.4839817,-0.0003567125,0.06367125
265.587,4.0278,20.0275,1.1967,4.0,20.0,1.399999976158142,-0.00042393428,-0.06261472,0.49088234,0.49088234,-0.0010108838,0.064049534,-0.00042393428,-0.06261472,0.49088234,0.49088234,-0.0010108838,0.064049534
265.637,4.0278,20.0275,1.1973,4.0,20.0,1.399999976158142,-0.0014420581,-0.062236127,0.4835807,0.4835807,4.1742554e-05,0.063636445,-0.0014420581,-0.062236127,0.4835807,0.4835807,4.1742554e-05,0.063636445
265.687,4.0279,20.0276,1.1984,4.0,20.0,1.399999976158142,-0.0009002014,-0.062582344,0.489751,0.489751,-0.00052173476,0.06400428,-0.0009002014,-0.062582344,0.489751,0.489751,-0.00052173476,0.06400428
265.737,4.0279,20.0276,1.1989,4.0,20.0,1.399999976158142,-0.001736765,-0.062257662,0.4846446,0.4846446,0.00034696746,0.06364746,-0.001736765,-0.062257662,0.4846446,0.4846446,0.00034696746,0.06364746
265.787,4.0279,20.0276,1.1997,4.0,20.0,1.399999976158142,-0.001310414,-0.06256577,0.48967308,0.48967308,-9.940247e-05,0.06397559,-0.001310414,-0.06256577,0.48967308,0.48967308,-9.940247e-05,0.06397559
265.837,4.0280,20.0277,1.2000,4.0,20.0,1.399999976158142,-0.0020028835,-0.062292315,0.4865606,0.4865606,0.00062358216,0.06367161,-0.0020028835,-0.062292315,0.4865606,0.4865606,0.00062358216,0.06367161
265.887,4.0280,20.0277,1.2005,4.0,20.0,1.399999976158142,-0.0016676253,-0.062568165,0.4905789,0.4905789,0.0002693578,0.06396643,-0.0016676253,-0.062568165,0.4905789,0.4905789,0.0002693578,0.06396643
265.937,4.0280,20.0277,1.2006,4.0,20.0,1.399999976158142,-0.0022573166,-0.0623382,0.48922765,0.48922765,0.00088901754,0.063706495,-0.0022573166,-0.0623382,0.48922765,0.48922765,0.00088901754,0.063706495
265.988,4.0281,20.0278,1.2008,4.0,20.0,1.399999976158142,-0.0019963009,-0.06258154,0.49231887,0.49231887,0.0006103472,0.063967496,-0.0019963009,-0.06258154,0.49231887,0.49231887,0.0006103472,0.063967496
266.038,4.0281,20.0278,1.2009,4.0,20.0,1.399999976158142,-0.0025105032,-0.062395226,0.4925382,0.4925382,0.00115838,0.063747354,-0.0025105032,-0.062395226,0.4925382,0.4925382,0.00115838,0.063747354
266.088,4.0281,20.0278,1.2009,4.0,20.0,1.399999976158142,-0.002291409,-0.062625274,0.49481016,0.49481016,0.00092123676,0.06399544,-0.002291409,-0.062625274,0.49481016,0.49481016,0.00092123676,0.06399544
266.137,4.0281,20.0278,1.2008,4.0,20.0,1.399999976158142,-0.0027196424,-0.06252653,0.49636757,0.49636757,0.0013865925,0.06385958,-0.0027196424,-0.06252653,0.49636757,0.49636757,0.0013865925,0.06385958
266.187,4.0282,20.0278,1.2008,4.0,20.0,1.399999976158142,-0.0025496925,-0.06271896,0.49793404,0.49793404,0.0011964154,0.06407223,-0.0025496925,-0.06271896,0.49793404,0.49793404,0.0011964154,0.06407223
266.237,4.0282,20.0279,1.2005,4.0,20.0,1.399999976158142,-0.0026480646,-0.06277764,0.49945822,0.49945822,0.0012991095,0.064126596,-0.0026480646,-0.06277764,0.49945822,0.49945822,0.0012991095,0.064126596
266.287,4.0282,20.0279,1.2001,4.0,20.0,1.399999976158142,-0.002996149,-0.062789366,0.5024744,0.5024744,0.0016863908,0.064099126,-0.002996149,-0.062789366,0.5024744,0.5024744,0.0016863908,0.064099126
266.337,4.0283,20.0279,1.1999,4.0,20.0,1.399999976158142,-0.0031062015,-0.062918715,0.5052595,0.5052595,0.0018104456,0.06421447,-0.0031062015,-0.062918715,0.5052595,0.5052595,0.0018104456,0.06421447
266.387,4.0283,20.0280,1.1999,4.0,20.0,1.399999976158142,0.013777778,-0.16237772,1.0,1.0,-0.016785663,0.1653856,0.013777778,-0.16237772,1.0,1.0,-0.016785663,0.1653856
266.437,4.0284,20.0280,1.2004,4.0,20.0,1.399999976158142,-0.0024782794,-0.061730016,0.48122153,0.48122153,0.0012571388,0.062951155,-0.0024782794,-0.061730016,0.48122153,0.48122153,0.0012571388,0.062951155
266.487,4.0285,20.0281,1.2013,4.0,20.0,1.399999976158142,-0.0025990377,-0.06164483,0.4786673,0.4786673,0.0013574187,0.06288645,-0.0025990377,-0.06164483,0.4786673,0.4786673,0.0013574187,0.06288645
266.537,4.0285,20.0281,1.2016,4.0,20.0,1.399999976158142,-0.0035506824,-0.06126832,0.4748402,0.4748402,0.0023568452,0.062462155,-0.0035506824,-0.06126832,0.4748402,0.4748402,0.0023568452,0.062462155
266.587,4.0286,20.0281,1.2022,4.0,20.0,1.399999976158142,-0.0030761485,-0.061613623,0.47918344,0.47918344,0.0018552768,0.062834494,-0.0030761485,-0.061613623,0.47918344,0.47918344,0.0018552768,0.062834494
266.638,4.0286,20.0282,1.2024,4.0,20.0,1.399999976158142,-0.0038665019,-0.061327018,0.47750992,0.47750992,0.0026909118,0.06250261,-0.0038665019,-0.061327018,0.47750992,0.47750992,0.0026909118,0.06250261
266.688,4.0286,20.0282,1.2026,4.0,20.0,1.399999976158142,-0.00347741,-0.061629012,0.48086357,0.48086357,0.00227593,0.06283049,-0.00347741,-0.061629012,0.48086357,0.48086357,0.00227593,0.06283049
266.738,4.0287,20.0282,1.2027,4.0,20.0,1.399999976158142,-0.0041513005,-0.061417922,0.4809899,0.4809899,0.0029934852,0.062575735,-0.0041513005,-0.061417922,0.4809899,0.4809899,0.0029934852,0.062575735
266.788,4.0287,20.0283,1.2026,4.0,20.0,1.399999976158142,-0.003836983,-0.06167541,0.48339874,0.48339874,0.0026543576,0.06285804,-0.003836983,-0.06167541,0.48339874,0.48339874,0.0026543576,0.06285804
266.838,4.0288,20.0283,1.2026,4.0,20.0,1.399999976158142,-0.004415082,-0.061545372,0.4851255,0.4851255,0.003275919,0.062684536,-0.004415082,-0.061545372,0.4851255,0.4851255,0.003275919,0.062684536
266.887,4.0288,20.0284,1.2023,4.0,20.0,1.399999976158142,-0.0041641793,-0.061759934,0.48669377,0.48669377,0.0030013265,0.06292279,-0.0041641793,-0.061759934,0.48669377,0.48669377,0.0030013265,0.06292279
266.937,4.0288,20.0284,1.2021,4.0,20.0,1.399999976158142,-0.004668278,-0.061706543,0.48978713,0.48978713,0.0035489423,0.06282588,-0.004668278,-0.061706543,0.48978713,0.48978713,0.0035489423,0.06282588
266.987,4.0289,20.0284,1.2017,4.0,20.0,1.399999976158142,-0.004468479,-0.061873537,0.49063146,0.49063146,0.0033252758,0.063016735,-0.004468479,-0.061873537,0.49063146,0.49063146,0.0033252758,0.063016735
267.038,4.0289,20.0285,1.2014,4.0,20.0,1.399999976158142,-0.0049146833,-0.061889417,0.49486622,0.49486622,0.0038142842,0.062989816,-0.0049146833,-0.061889417,0.49486622,0.49486622,0.0038142842,0.062989816
267.088,4.0290,20.0285,1.2012,4.0,20.0,1.399999976158142,-0.004752422,-0.06201915,0.4951018,0.4951018,0.0036283256,0.063143246,-0.004752422,-0.06201915,0.4951018,0.4951018,0.0036283256,0.063143246
267.138,4.0290,20.0285,1.2005,4.0,20.0,1.399999976158142,-0.004859279,-0.062093686,0.49700886,0.49700886,0.0037401184,0.06321285,-0.004859279,-0.062093686,0.49700886,0.49700886,0.0037401184,0.06321285
267.187,4.0291,20.0285,1.2002,4.0,20.0,1.399999976158142,-0.0052455924,-0.062200647,0.5024452,0.5024452,0.004168381,0.063277856,-0.0052455924,-0.062200647,0.5024452,0.5024452,0.004168381,0.063277856
267.237,4.0291,20.0286,1.1993,4.0,20.0,1.399999976158142,-0.0051222104,-0.06228148,0.50203305,0.50203305,0.0040218425,0.06338185,-0.0051222104,-0.06228148,0.50203305,0.50203305,0.0040218425,0.06338185
267.287,4.0292,20.0287,1.1985,4.0,20.0,1.399999976158142,-0.005465344,-0.06246253,0.50814575,0.50814575,0.0044060713,0.0635218,-0.005465344,-0.06246253,0.50814575,0.50814575,0.0044060713,0.0635218
267.338,4.0292,20.0287,1.1981,4.0,20.0,1.399999976158142,-0.005587329,-0.06264577,0.5117617,0.5117617,0.0045411177,0.06369198,-0.005587329,-0.06264577,0.5117617,0.5117617,0.0045411177,0.06369198
267.388,4.0293,20.0288,1.1977,4.0,20.0,1.399999976158142,0.007042546,-0.1589175,1.0,1.0,-0.009465145,0.1613401,0.007042546,-0.1589175,1.0,1.0,-0.009465145,0.1613401
267.438,4.0293,20.0288,1.1977,4.0,20.0,1.399999976158142,-0.0049010604,-0.061553385,0.48902634,0.48902634,0.0039175428,0.0625369,-0.0049010604,-0.061553385,0.48902634,0.48902634,0.0039175428,0.0625369
267.488,4.0293,20.0288,1.1977,4.0,20.0,1.399999976158142,-0.004437902,-0.061544996,0.48763838,0.48763838,0.003404599,0.0625783,-0.004437902,-0.061544996,0.48763838,0.48763838,0.003404599,0.0625783
267.538,4.0295,20.0290,1.1987,4.0,20.0,1.399999976158142,-0.004500514,-0.061605673,0.48885292,0.48885292,0.00346528,0.062640905,-0.004500514,-0.061605673,0.48885292,0.48885292,0.00346528,0.062640905
267.587,4.0296,20.0290,1.1989,4.0,20.0,1.399999976158142,-0.006885783,-0.061145205,0.48147547,0.48147547,0.0059726057,0.06205838,-0.006885783,-0.061145205,0.48147547,0.48147547,0.0059726057,0.06205838
267.637,4.0297,20.0291,1.1990,4.0,20.0,1.399999976158142,-0.006174219,-0.06148245,0.4867896,0.4867896,0.0052278475,0.062428825,-0.006174219,-0.06148245,0.4867896,0.4867896,0.0052278475,0.062428825
267.687,4.0298,20.0292,1.1990,4.0,20.0,1.399999976158142,-0.0058362707,-0.061647877,0.48924494,0.48924494,0.004867032,0.062617116,-0.0058362707,-0.061647877,0.48924494,0.48924494,0.004867032,0.062617116
267.737,4.0298,20.0292,1.1989,4.0,20.0,1.399999976158142,-0.006429364,-0.061693992,0.49081084,0.49081084,0.0054965094,0.062626846,-0.006429364,-0.061693992,0.49081084,0.49081084,0.0054965094,0.062626846
267.787,4.0299,20.0293,1.1987,4.0,20.0,1.399999976158142,-0.0061703604,-0.061819267,0.49244583,0.49244583,0.0052163717,0.06277326,-0.0061703604,-0.061819267,0.49244583,0.49244583,0.0052163717,0.06277326
267.837,4.0299,20.0293,1.1985,4.0,20.0,1.399999976158142,-0.006662414,-0.061932657,0.49529764,0.49529764,0.005741973,0.0628531,-0.006662414,-0.061932657,0.49529764,0.49529764,0.005741973,0.0628531
267.888,4.0300,20.0294,1.1981,4.0,20.0,1.399999976158142,-0.006462911,-0.062013797,0.4962476,0.4962476,0.0055228015,0.06295391,-0.006462911,-0.062013797,0.4962476,0.4962476,0.0055228015,0.06295391
267.937,4.0300,20.0294,1.1979,4.0,20.0,1.399999976158142,-0.0068652504,-0.062182933,0.50015205,0.50015205,0.0059562,0.063091986,-0.0068652504,-0.062182933,0.50015205,0.50015205,0.0059562,0.063091986
267.987,4.0301,20.0294,1.1977,4.0,20.0,1.399999976158142,-0.006724519,-0.062229358,0.5005413,0.5005413,0.0057974234,0.063156456,-0.006724519,-0.062229358,0.5005413,0.5005413,0.0057974234,0.063156456
268.038,4.0302,20.0295,1.1971,4.0,20.0,1.399999976158142,-0.0068232156,-0.062323138,0.5023868,0.5023868,0.005899092,0.06324726,-0.0068232156,-0.062323138,0.5023868,0.5023868,0.005899092,0.06324726
268.087,4.0302,20.0295,1.1968,4.0,20.0,1.399999976158142,-0.0071430327,-0.06255737,0.50739026,0.50739026,0.0062473537,0.06345305,-0.0071430327,-0.06255737,0.50739026,0.50739026,0.0062473537,0.06345305
268.137,4.0303,20.0296,1.1960,4.0,20.0,1.399999976158142,-0.007055172,-0.06256609,0.5071804,0.5071804,0.006142543,0.063478716,-0.007055172,-0.06256609,0.5071804,0.5071804,0.006142543,0.063478716
268.187,4.0303,20.0296,1.1953,4.0,20.0,1.399999976158142,-0.00731786,-0.062854506,0.5127846,0.5127846,0.006430791,0.06374158,-0.00731786,-0.062854506,0.5127846,0.5127846,0.006430791,0.06374158
268.238,4.0304,20.0297,1.1949,4.0,20.0,1.399999976158142,-0.007404166,-0.06305749,0.51617616,0.51617616,0.006523193,0.06393847,-0.007404166,-0.06305749,0.51617616,0.51617616,0.006523193,0.06393847
268.287,4.0304,20.0297,1.1941,4.0,20.0,1.399999976158142,-0.0073691066,-0.06301906,0.51537484,0.51537484,0.006473221,0.06391495,-0.0073691066,-0.06301906,0.51537484,0.51537484,0.006473221,0.06391495
268.337,4.0305,20.0298,1.1937,4.0,20.0,1.399999976158142,-0.0075434945,-0.0634149,0.5216728,0.5216728,0.0066691283,0.064289264,-0.0075434945,-0.0634149,0.5216728,0.5216728,0.0066691283,0.064289264
268.388,4.0306,20.0298,1.1933,4.0,20.0,1.399999976158142,0.0017017245,-0.15627159,1.0,1.0,-0.003659788,0.15822966,0.0017017245,-0.15627159,1.0,1.0,-0.003659788,0.15822966
268.438,4.0306,20.0299,1.1936,4.0,20.0,1.399999976158142,-0.006717136,-0.06234938,0.4982303,0.4982303,0.0058867945,0.063179724,-0.006717136,-0.06234938,0.4982303,0.4982303,0.0058867945,0.063179724
268.487,4.0307,20.0300,1.1942,4.0,20.0,1.399999976158142,-0.00690564,-0.062130738,0.49461737,0.49461737,0.006064883,0.062971495,-0.00690564,-0.062130738,0.49461737,0.49461737,0.006064883,0.062971495
268.537,4.0308,20.0300,1.1944,4.0,20.0,1.399999976158142,-0.007591679,-0.06217324,0.49257904,0.49257904,0.0067754523,0.062989466,-0.007591679,-0.06217324,0.49257904,0.49257904,0.0067754523,0.062989466
268.588,4.0309,20.0301,1.1948,4.0,20.0,1.399999976158142,-0.007278537,-0.06228534,0.49595153,0.49595153,0.0064475713,0.063116305,-0.007278537,-0.06228534,0.49595153,0.49595153,0.0064475713,0.063116305
268.637,4.0309,20.0301,1.1949,4.0,20.0,1.399999976158142,-0.007819442,-0.062375497,0.4955516,0.4955516,0.0070112958,0.06318364,-0.007819442,-0.062375497,0.4955516,0.4955516,0.0070112958,0.06318364
268.687,4.0310,20.0302,1.1950,4.0,20.0,1.399999976158142,-0.007585469,-0.062464427,0.4981658,0.4981658,0.006763563,0.063286334,-0.007585469,-0.062464427,0.4981658,0.4981658,0.006763563,0.063286334
268.738,4.0310,20.0302,1.1950,4.0,20.0,1.399999976158142,-0.008019939,-0.06259698,0.49911228,0.49911228,0.0072198454,0.06339707,-0.008019939,-0.06259698,0.49911228,0.49911228,0.0072198454,0.06339707
268.788,4.0311,20.0303,1.1949,4.0,20.0,1.399999976158142,-0.007855003,-0.062662564,0.50101763,0.50101763,0.007041946,0.063475624,-0.007855003,-0.062662564,0.50101763,0.50101763,0.007041946,0.063475624
268.838,4.0311,20.0303,1.1948,4.0,20.0,1.399999976158142,-0.008210959,-0.06284474,0.50312865,0.50312865,0.0074194293,0.063636266,-0.008210959,-0.06284474,0.50312865,0.50312865,0.0074194293,0.063636266
268.888,4.0311,20.0303,1.1947,4.0,20.0,1.399999976158142,-0.008095774,-0.06288098,0.50441223,0.50441223,0.007291553,0.0636852,-0.008095774,-0.06288098,0.50441223,0.50441223,0.007291553,0.0636852
268.938,4.0312,20.0304,1.1943,4.0,20.0,1.399999976158142,-0.008188663,-0.06297533,0.50601476,0.50601476,0.0073865103,0.063777484,-0.008188663,-0.06297533,0.50601476,0.50601476,0.0073865103,0.063777484
268.987,4.0313,20.0305,1.1939,4.0,20.0,1.399999976158142,-0.008452251,-0.06320875,0.50935495,0.50935495,0.007671009,0.06398999,-0.008452251,-0.06320875,0.50935495,0.50935495,0.007671009,0.06398999
269.037,4.0313,20.0305,1.1937,4.0,20.0,1.399999976158142,-0.008532543,-0.06337788,0.5121181,0.5121181,0.007757512,0.06415291,-0.008532543,-0.06337788,0.5121181,0.5121181,0.007757512,0.06415291
269.088,4.0314,20.0305,1.1932,4.0,20.0,1.399999976158142,-0.008499298,-0.06336959,0.51243883,0.51243883,0.0077122007,0.06415669,-0.008499298,-0.06336959,0.51243883,0.51243883,0.0077122007,0.06415669
269.138,4.0314,20.0306,1.1930,4.0,20.0,1.399999976158142,-0.008672348,-0.06368437,0.51691574,0.51691574,0.0079052355,0.06445148,-0.008672348,-0.06368437,0.51691574,0.51691574,0.0079052355,0.06445148
269.188,4.0314,20.0306,1.1923,4.0,20.0,1.399999976158142,-0.008669714,-0.0636507,0.5168918,0.5168918,0.007890782,0.064429626,-0.008669714,-0.0636507,0.5168918,0.5168918,0.007890782,0.064429626
269.238,4.0315,20.0306,1.1921,4.0,20.0,1.399999976158142,-0.008797001,-0.06402075,0.52181,0.52181,0.008037323,0.06478043,-0.008797001,-0.06402075,0.52181,0.52181,0.008037323,0.06478043
269.287,4.0315,20.0307,1.1914,4.0,20.0,1.399999976158142,-0.008822367,-0.063959375,0.5215208,0.5215208,0.008051142,0.0647306,-0.008822367,-0.063959375,0.5215208,0.5215208,0.008051142,0.0647306
269.338,4.0316,20.0307,1.1911,4.0,20.0,1.399999976158142,-0.008908575,-0.06439151,0.5267567,0.5267567,0.008156004,0.065144084,-0.008908575,-0.06439151,0.5267567,0.5267567,0.008156004,0.065144084
269.387,4.0317,20.0308,1.1909,4.0,20.0,1.399999976158142,-0.0016500405,-0.15621951,1.0,1.0,-1.5174873e-05,0.15788473,-0.0016500405,-0.15621951,1.0,1.0,-1.5174873e-05,0.15788473
269.438,4.0317,20.0308,1.1913,4.0,20.0,1.399999976158142,-0.008011353,-0.06329121,0.5023408,0.5023408,0.00729928,0.06400328,-0.008011353,-0.06329121,0.5023408,0.5023408,0.00729928,0.06400328
269.487,4.0318,20.0309,1.1921,4.0,20.0,1.399999976158142,-0.008245553,-0.06305388,0.49927902,0.49927902,0.0075249854,0.06377445,-0.008245553,-0.06305388,0.49927902,0.49927902,0.0075249854,0.06377445
269.537,4.0318,20.0309,1.1924,4.0,20.0,1.399999976158142,-0.008867856,-0.06312029,0.49622083,0.49622083,0.008173205,0.06381494,-0.008867856,-0.06312029,0.49622083,0.49622083,0.008173205,0.06381494
269.588,4.0319,20.0310,1.1929,4.0,20.0,1.399999976158142,-0.008598762,-0.0632156,0.50009525,0.50009525,0.007889311,0.06392505,-0.008598762,-0.0632156,0.50009525,0.50009525,0.007889311,0.06392505
269.638,4.0319,20.0310,1.1930,4.0,20.0,1.399999976158142,-0.009091405,-0.063318305,0.49869928,0.49869928,0.008406499,0.06400321,-0.009091405,-0.063318305,0.49869928,0.49869928,0.008406499,0.06400321
269.688,4.0320,20.0311,1.1933,4.0,20.0,1.399999976158142,-0.008893145,-0.06339694,0.5017926,0.5017926,0.008194158,0.06409593,-0.008893145,-0.06339694,0.5017926,0.5017926,0.008194158,0.06409593
269.738,4.0320,20.0311,1.1934,4.0,20.0,1.399999976158142,-0.009289906,-0.06353085,0.50176084,0.50176084,0.008614435,0.06420632,-0.009289906,-0.06353085,0.50176084,0.50176084,0.008614435,0.06420632
269.788,4.0321,20.0312,1.1934,4.0,20.0,1.399999976158142,-0.009150144,-0.06359181,0.5041419,0.5041419,0.008461116,0.06428084,-0.009150144,-0.06359181,0.5041419,0.5041419,0.008461116,0.06428084
269.848,4.0321,20.0312,1.1934,4.0,20.0,1.399999976158142,-0.009470133,-0.06376282,0.5052957,0.5052957,0.008803637,0.06442931,-0.009470133,-0.06376282,0.5052957,0.5052957,0.008803637,0.06442931
269.887,4.0322,20.0312,1.1934,4.0,20.0,1.399999976158142,-0.009382867,-0.06380591,0.5070409,0.5070409,0.008703602,0.06448517,-0.009382867,-0.06380591,0.5070409,0.5070409,0.008703602,0.06448517
269.937,4.0322,20.0313,1.1932,4.0,20.0,1.399999976158142,-0.009475971,-0.06390104,0.5085014,0.5085014,0.008799089,0.06457792,-0.009475971,-0.06390104,0.5085014,0.5085014,0.008799089,0.06457792
269.987,4.0323,20.0313,1.1930,4.0,20.0,1.399999976158142,-0.009725596,-0.06412892,0.5109162,0.5109162,0.009070525,0.06478399,-0.009725596,-0.06412892,0.5109162,0.5109162,0.009070525,0.06478399
270.037,4.0323,20.0314,1.1928,4.0,20.0,1.399999976158142,-0.009812582,-0.06429576,0.5133726,0.5133726,0.009163745,0.0649446,-0.009812582,-0.06429576,0.5133726,0.5133726,0.009163745,0.0649446
270.087,4.0324,20.0314,1.1924,4.0,20.0,1.399999976158142,-0.009790493,-0.06429308,0.5141378,0.5141378,0.009129549,0.06495402,-0.009790493,-0.06429308,0.5141378,0.5141378,0.009129549,0.06495402
270.137,4.0324,20.0314,1.1923,4.0,20.0,1.399999976158142,-0.0099677695,-0.0645956,0.5177537,0.5177537,0.009326668,0.0652367,-0.0099677695,-0.0645956,0.5177537,0.5177537,0.009326668,0.0652367
270.188,4.0325,20.0315,1.1918,4.0,20.0,1.399999976158142,-0.009970263,-0.0645695,0.5181558,0.5181558,0.009317423,0.065222345,-0.009970263,-0.0645695,0.5181558,0.5181558,0.009317423,0.065222345
270.237,4.0325,20.0315,1.1916,4.0,20.0,1.399999976158142,-0.010112527,-0.06492404,0.5222751,0.5222751,0.009478206,0.06555836,-0.010112527,-0.06492404,0.5222751,0.5222751,0.009478206,0.06555836
270.287,4.0326,20.0316,1.1910,4.0,20.0,1.399999976158142,-0.010136878,-0.06487269,0.52238697,0.52238697,0.009491442,0.065518126,-0.010136878,-0.06487269,0.52238697,0.52238697,0.009491442,0.065518126
270.337,4.0326,20.0316,1.1908,4.0,20.0,1.399999976158142,-0.010247159,-0.06528329,0.52686393,0.52686393,0.009618784,0.065911666,-0.010247159,-0.06528329,0.52686393,0.52686393,0.009618784,0.065911666
270.387,4.0327,20.0317,1.1907,4.0,20.0,1.399999976158142,-0.004655697,-0.15780789,1.0,1.0,0.0032642162,0.15919937,-0.004655697,-0.15780789,1.0,1.0,0.0032642162,0.15919937
270.437,4.0327,20.0317,1.1912,4.0,20.0,1.399999976158142,-0.009347713,-0.06411258,0.50197905,0.50197905,0.008753745,0.06470655,-0.009347713,-0.06411258,0.50197905,0.50197905,0.008753745,0.06470655
270.487,4.0328,20.0318,1.1921,4.0,20.0,1.399999976158142,-0.009575571,-0.06388459,0.49926028,0.49926028,0.008974325,0.06448584,-0.009575571,-0.06388459,0.49926028,0.49926028,0.008974325,0.06448584
270.538,4.0329,20.0318,1.1924,4.0,20.0,1.399999976158142,-0.010249886,-0.0638988,0.4955959,0.4955959,0.009671377,0.06447731,-0.010249886,-0.0638988,0.4955959,0.4955959,0.009671377,0.06447731
270.588,4.0329,20.0319,1.1930,4.0,20.0,1.399999976158142,-0.009956012,-0.064026326,0.49977607,0.49977607,0.0093641635,0.06461818,-0.009956012,-0.064026326,0.49977607,0.49977607,0.0093641635,0.06461818
270.638,4.0330,20.0319,1.1932,4.0,20.0,1.399999976158142,-0.010502654,-0.0640782,0.49780756,0.49780756,0.009931476,0.06464937,-0.010502654,-0.0640782,0.49780756,0.49780756,0.009931476,0.06464937
270.687,4.0330,20.0320,1.1936,4.0,20.0,1.399999976158142,-0.010277474,-0.064188264,0.5011916,0.5011916,0.009694068,0.06477167,-0.010277474,-0.064188264,0.5011916,0.5011916,0.009694068,0.06477167
270.737,4.0331,20.0320,1.1937,4.0,20.0,1.399999976158142,-0.010725498,-0.064272724,0.5006645,0.5006645,0.010161105,0.06483712,-0.010725498,-0.064272724,0.5006645,0.5006645,0.010161105,0.06483712
270.787,4.0331,20.0320,1.1937,4.0,20.0,1.399999976158142,-0.010560639,-0.064364396,0.5032979,0.5032979,0.009985006,0.064940035,-0.010560639,-0.064364396,0.5032979,0.5032979,0.009985006,0.064940035
270.837,4.0331,20.0321,1.1938,4.0,20.0,1.399999976158142,-0.010667723,-0.064447634,0.5045441,0.5045441,0.010093926,0.065021425,-0.010667723,-0.064447634,0.5045441,0.5045441,0.010093926,0.065021425
270.887,4.0332,20.0322,1.1938,4.0,20.0,1.399999976158142,-0.011016528,-0.06458253,0.50558263,0.50558263,0.010460375,0.06513868,-0.011016528,-0.06458253,0.50558263,0.50558263,0.010460375,0.06513868
270.937,4.0332,20.0322,1.1937,4.0,20.0,1.399999976158142,-0.011127484,-0.06472562,0.50774175,0.50774175,0.010576679,0.06527643,-0.011127484,-0.06472562,0.50774175,0.50774175,0.010576679,0.06527643
270.988,4.0333,20.0322,1.1935,4.0,20.0,1.399999976158142,-0.011052938,-0.06477349,0.50915974,0.50915974,0.010492134,0.0653343,-0.011052938,-0.06477349,0.50915974,0.50915974,0.010492134,0.0653343
271.038,4.0333,20.0322,1.1934,4.0,20.0,1.399999976158142,-0.011321222,-0.06498029,0.5118123,0.5118123,0.010777352,0.06552416,-0.011321222,-0.06498029,0.5118123,0.5118123,0.010777352,0.06552416
271.088,4.0334,20.0323,1.1931,4.0,20.0,1.399999976158142,-0.011275008,-0.06500572,0.5127436,0.5127436,0.010721393,0.065559335,-0.011275008,-0.06500572,0.5127436,0.5127436,0.010721393,0.065559335
271.137,4.0334,20.0323,1.1929,4.0,20.0,1.399999976158142,-0.011504715,-0.06525595,0.5161096,0.5161096,0.010967452,0.06579321,-0.011504715,-0.06525595,0.5161096,0.5161096,0.010967452,0.06579321
271.187,4.0335,20.0324,1.1924,4.0,20.0,1.399999976158142,-0.011482425,-0.065259956,0.5166458,0.5166458,0.010935642,0.06580674,-0.011482425,-0.065259956,0.5166458,0.5166458,0.010935642,0.06580674
271.238,4.0335,20.0324,1.1922,4.0,20.0,1.399999976158142,-0.011678916,-0.06555955,0.5205747,0.5205747,0.011147877,0.06609059,-0.011678916,-0.06555955,0.5205747,0.5205747,0.011147877,0.06609059
271.287,4.0336,20.0325,1.1917,4.0,20.0,1.399999976158142,-0.011677098,-0.065539025,0.5207844,0.5207844,0.01113678,0.06607935,-0.011677098,-0.065539025,0.5207844,0.5207844,0.01113678,0.06607935
271.337,4.0336,20.0325,1.1915,4.0,20.0,1.399999976158142,-0.011842958,-0.0658915,0.5251212,0.5251212,0.011317576,0.066416875,-0.011842958,-0.0658915,0.5251212,0.5251212,0.011317576,0.066416875
271.387,4.0337,20.0325,1.1915,4.0,20.0,1.399999976158142,-0.008328499,-0.1594582,1.0,1.0,0.007160212,0.16062649,-0.008328499,-0.1594582,1.0,1.0,0.007160212,0.16062649
271.438,4.0337,20.0326,1.1919,4.0,20.0,1.399999976158142,-0.010945563,-0.06464151,0.50026083,0.50026083,0.01045121,0.06513587,-0.010945563,-0.06464151,0.50026083,0.50026083,0.01045121,0.06513587
271.487,4.0338,20.0327,1.1928,4.0,20.0,1.399999976158142,-0.011148567,-0.06444435,0.49760416,0.49760416,0.010648379,0.064944535,-0.011148567,-0.06444435,0.49760416,0.49760416,0.010648379,0.064944535
271.537,4.0338,20.0327,1.1931,4.0,20.0,1.399999976158142,-0.011896154,-0.06438172,0.49383005,0.49383005,0.011418837,0.06485903,-0.011896154,-0.06438172,0.49383005,0.49383005,0.011418837,0.06485903
271.587,4.0339,20.0328,1.1937,4.0,20.0,1.399999976158142,-0.011560453,-0.06455773,0.49807137,0.49807137,0.011070095,0.06504809,-0.011560453,-0.06455773,0.49807137,0.49807137,0.011070095,0.06504809
271.637,4.0339,20.0328,1.1940,4.0,20.0,1.399999976158142,-0.012166538,-0.06454277,0.49607736,0.49607736,0.011697,0.06501231,-0.012166538,-0.06454277,0.49607736,0.49607736,0.011697,0.06501231
271.688,4.0340,20.0328,1.1941,4.0,20.0,1.399999976158142,-0.011907175,-0.064696155,0.49949008,0.49949008,0.011425689,0.06517764,-0.011907175,-0.064696155,0.49949008,0.49949008,0.011425689,0.06517764
271.737,4.0340,20.0329,1.1944,4.0,20.0,1.399999976158142,-0.012032659,-0.06476827,0.50054836,0.50054836,0.011553419,0.065247506,-0.012032659,-0.06476827,0.50054836,0.50054836,0.011553419,0.065247506
271.787,4.0341,20.0330,1.1946,4.0,20.0,1.399999976158142,-0.012503556,-0.064807445,0.5004245,0.5004245,0.012043389,0.065267615,-0.012503556,-0.064807445,0.5004245,0.5004245,0.012043389,0.065267615
271.837,4.0341,20.0330,1.1946,4.0,20.0,1.399999976158142,-0.012626848,-0.06492212,0.5023411,0.5023411,0.012172341,0.065376624,-0.012626848,-0.06492212,0.5023411,0.5023411,0.012172341,0.065376624
271.887,4.0342,20.0330,1.1945,4.0,20.0,1.399999976158142,-0.012487887,-0.0650277,0.50431544,0.50431544,0.012023016,0.06549257,-0.012487887,-0.0650277,0.50431544,0.50431544,0.012023016,0.06549257
271.937,4.0342,20.0331,1.1944,4.0,20.0,1.399999976158142,-0.012840462,-0.065147676,0.50615484,0.50615484,0.012394021,0.06559412,-0.012840462,-0.065147676,0.50615484,0.50615484,0.012394021,0.06559412
271.998,4.0343,20.0331,1.1942,4.0,20.0,1.399999976158142,-0.0127442945,-0.06522575,0.5075408,0.5075408,0.012287757,0.06568229,-0.0127442945,-0.06522575,0.5075408,0.5075408,0.012287757,0.06568229
272.048,4.0343,20.0331,1.1942,4.0,20.0,1.399999976158142,-0.013050385,-0.06538667,0.51029617,0.51029617,0.012612134,0.06582492,-0.013050385,-0.06538667,0.51029617,0.51029617,0.012612134,0.06582492
272.098,4.0343,20.0331,1.1942,4.0,20.0,1.399999976158142,-0.012842302,-0.065378316,0.5101,0.5101,0.012382048,0.065838575,-0.012842302,-0.065378316,0.5101,0.5101,0.012382048,0.065838575
272.148,4.0343,20.0331,1.1942,4.0,20.0,1.399999976158142,-0.012914337,-0.06544951,0.5113373,0.5113373,0.012453242,0.06591061,-0.012914337,-0.06544951,0.5113373,0.5113373,0.012453242,0.06591061
272.198,4.0343,20.0331,1.1942,4.0,20.0,1.399999976158142,-0.012986177,-0.06552052,0.5125712,0.5125712,0.012524243,0.065982446,-0.012986177,-0.06552052,0.5125712,0.5125712,0.012524243,0.065982446
272.248,4.0343,20.0331,1.1942,4.0,20.0,1.399999976158142,-0.013058128,-0.065591626,0.51380706,0.51380706,0.012595354,0.0660544,-0.013058128,-0.065591626,0.51380706,0.51380706,0.012595354,0.0660544
272.298,4.0343,20.0331,1.1942,4.0,20.0,1.399999976158142,-0.013129964,-0.06566262,0.51504093,0.51504093,0.01266635,0.066126235,-0.013129964,-0.06566262,0.51504093,0.51504093,0.01266635,0.066126235
272.348,4.0343,20.0331,1.1942,4.0,20.0,1.399999976158142,-0.013201875,-0.06573369,0.51627606,0.51627606,0.012737422,0.06619815,-0.013201875,-0.06573369,0.51627606,0.51627606,0.012737422,0.06619815
272.397,4.0343,20.0331,1.1942,4.0,20.0,1.399999976158142,-0.012084896,-0.16123717,1.0,1.0,0.011067045,0.16225502,-0.012084896,-0.16123717,1.0,1.0,0.011067045,0.16225502
272.448,4.0343,20.0331,1.1942,4.0,20.0,1.399999976158142,-0.011915419,-0.06446315,0.49401584,0.49401584,0.011466879,0.06491169,-0.011915419,-0.06446315,0.49401584,0.49401584,0.011466879,0.06491169
272.488,4.0343,20.0331,1.1942,4.0,20.0,1.399999976158142,-0.011986963,-0.06453386,0.49524468,0.49524468,0.011537587,0.064983234,-0.011986963,-0.06453386,0.49524468,0.49524468,0.011537587,0.064983234
272.537,4.0348,20.0336,1.1935,4.0,20.0,1.399999976158142,-0.012058839,-0.06460489,0.49647924,0.49647924,0.011608624,0.06505511,-0.012058839,-0.06460489,0.49647924,0.49647924,0.011608624,0.06505511
272.587,4.0348,20.0336,1.1937,4.0,20.0,1.399999976158142,-0.015923316,-0.06541337,0.5041679,0.5041679,0.015698798,0.06563789,-0.015923316,-0.06541337,0.5041679,0.5041679,0.015698798,0.06563789
272.638,4.0349,20.0337,1.1942,4.0,20.0,1.399999976158142,-0.013499605,-0.064888656,0.49838218,0.49838218,0.013119698,0.06526856,-0.013499605,-0.064888656,0.49838218,0.49838218,0.013119698,0.06526856
272.688,4.0350,20.0337,1.1945,4.0,20.0,1.399999976158142,-0.014109528,-0.064847395,0.4970948,0.4970948,0.01375096,0.06520597,-0.014109528,-0.064847395,0.4970948,0.4970948,0.01375096,0.06520597
272.737,4.0350,20.0338,1.1946,4.0,20.0,1.399999976158142,-0.014246656,-0.064949915,0.49874043,0.49874043,0.0138934655,0.0653031,-0.014246656,-0.064949915,0.49874043,0.49874043,0.0138934655,0.0653031
272.788,4.0351,20.0338,1.1947,4.0,20.0,1.399999976158142,-0.014034941,-0.06510447,0.5012542,0.5012542,0.013670555,0.065468855,-0.014034941,-0.06510447,0.5012542,0.5012542,0.013670555,0.065468855
272.838,4.0351,20.0338,1.1947,4.0,20.0,1.399999976158142,-0.014470624,-0.06515326,0.50225854,0.50225854,0.014124798,0.06549909,-0.014470624,-0.06515326,0.50225854,0.50225854,0.014124798,0.06549909
272.887,4.0351,20.0339,1.1946,4.0,20.0,1.399999976158142,-0.014319736,-0.06527879,0.50409913,0.50409913,0.013963663,0.06563487,-0.014319736,-0.06527879,0.50409913,0.50409913,0.013963663,0.06563487
272.937,4.0352,20.0339,1.1945,4.0,20.0,1.399999976158142,-0.014689492,-0.06538469,0.50617206,0.50617206,0.014351464,0.06572272,-0.014689492,-0.06538469,0.50617206,0.50617206,0.014351464,0.06572272
272.987,4.0352,20.0340,1.1943,4.0,20.0,1.399999976158142,-0.014584412,-0.06547561,0.50744075,0.50744075,0.014236662,0.06582337,-0.014584412,-0.06547561,0.50744075,0.50744075,0.014236662,0.06582337
273.037,4.0352,20.0340,1.1943,4.0,20.0,1.399999976158142,-0.014584412,-0.06547561,0.50744075,0.50744075,0.014236662,0.06582337,-0.014584412,-0.06547561,0.50744075,0.50744075,0.014236662,0.06582337
273.087,4.0353,20.0340,1.1937,4.0,20.0,1.399999976158142,-0.014831359,-0.06568993,0.5111889,0.5111889,0.014491622,0.06602967,-0.014831359,-0.06568993,0.5111889,0.5111889,0.014491622,0.06602967
273.137,4.0353,20.0341,1.1935,4.0,20.0,1.399999976158142,-0.015105061,-0.06588842,0.5148722,0.5148722,0.014782141,0.06621134,-0.015105061,-0.06588842,0.5148722,0.5148722,0.014782141,0.06621134
273.187,4.0354,20.0341,1.1930,4.0,20.0,1.399999976158142,-0.0150604425,-0.065928765,0.5152515,0.5152515,0.01472822,0.066260986,-0.0150604425,-0.065928765,0.5152515,0.5152515,0.01472822,0.066260986
273.238,4.0354,20.0341,1.1928,4.0,20.0,1.399999976158142,-0.015295266,-0.06618229,0.51950836,0.51950836,0.014979051,0.06649851,-0.015295266,-0.06618229,0.51950836,0.51950836,0.014979051,0.06649851
273.287,4.0355,20.0342,1.1923,4.0,20.0,1.399999976158142,-0.015274534,-0.066194974,0.51955616,0.51955616,0.014949359,0.06652015,-0.015274534,-0.066194974,0.51955616,0.51955616,0.014949359,0.06652015
273.337,4.0355,20.0342,1.1920,4.0,20.0,1.399999976158142,-0.015471668,-0.066505924,0.5242046,0.5242046,0.015161219,0.06681637,-0.015471668,-0.066505924,0.5242046,0.5242046,0.015161219,0.06681637
273.387,4.0356,20.0343,1.1919,4.0,20.0,1.399999976158142,-0.017176397,-0.16024137,1.0,1.0,0.016473964,0.1609438,-0.017176397,-0.16024137,1.0,1.0,0.016473964,0.1609438
273.437,4.0356,20.0343,1.1923,4.0,20.0,1.399999976158142,-0.014511104,-0.06517404,0.49962884,0.49962884,0.0142246755,0.06546047,-0.014511104,-0.06517404,0.49962884,0.49962884,0.0142246755,0.06546047
273.487,4.0357,20.0344,1.1932,4.0,20.0,1.399999976158142,-0.014703447,-0.0650056,0.49680266,0.49680266,0.014412267,0.065296784,-0.014703447,-0.0650056,0.49680266,0.49680266,0.014412267,0.065296784
273.538,4.0357,20.0344,1.1935,4.0,20.0,1.399999976158142,-0.015462483,-0.06492022,0.49333704,0.49333704,0.015194211,0.06518849,-0.015462483,-0.06492022,0.49333704,0.49333704,0.015194211,0.06518849
273.587,4.0358,20.0345,1.1941,4.0,20.0,1.399999976158142,-0.015121874,-0.06511805,0.49742702,0.49742702,0.014840856,0.06539907,-0.015121874,-0.06511805,0.49742702,0.49742702,0.014840856,0.06539907
273.637,4.0358,20.0345,1.1942,4.0,20.0,1.399999976158142,-0.015734537,-0.06508691,0.49570203,0.49570203,0.015473833,0.06534761,-0.015734537,-0.06508691,0.49570203,0.49570203,0.015473833,0.06534761
273.687,4.0359,20.0346,1.1944,4.0,20.0,1.399999976158142,-0.015473964,-0.06525743,0.49897152,0.49897152,0.01520192,0.06552947,-0.015473964,-0.06525743,0.49897152,0.49897152,0.01520192,0.06552947
273.737,4.0359,20.0346,1.1946,4.0,20.0,1.399999976158142,-0.0155996,-0.06533317,0.50008816,0.50008816,0.015329819,0.06560295,-0.0155996,-0.06533317,0.50008816,0.50008816,0.015329819,0.06560295
273.788,4.0360,20.0346,1.1947,4.0,20.0,1.399999976158142,-0.016072078,-0.06536304,0.500196,0.500196,0.01582035,0.06561477,-0.016072078,-0.06536304,0.500196,0.500196,0.01582035,0.06561477
273.838,4.0360,20.0347,1.1947,4.0,20.0,1.399999976158142,-0.015896713,-0.065499194,0.50250393,0.50250393,0.015635012,0.065760896,-0.015896713,-0.065499194,0.50250393,0.50250393,0.015635012,0.065760896
273.887,4.0361,20.0347,1.1946,4.0,20.0,1.399999976158142,-0.016282741,-0.06558138,0.5038268,0.5038268,0.016037885,0.06582624,-0.016282741,-0.06558138,0.5038268,0.5038268,0.016037885,0.06582624
273.938,4.0361,20.0348,1.1946,4.0,20.0,1.399999976158142,-0.01640034,-0.06571896,0.5061087,0.5061087,0.016160855,0.06595844,-0.01640034,-0.06571896,0.5061087,0.5061087,0.016160855,0.06595844
273.988,4.0361,20.0348,1.1943,4.0,20.0,1.399999976158142,-0.016312018,-0.0658035,0.5073857,0.5073857,0.016063727,0.06605179,-0.016312018,-0.0658035,0.5073857,0.5073857,0.016063727,0.06605179
274.038,4.0362,20.0348,1.1942,4.0,20.0,1.399999976158142,-0.016603865,-0.06596519,0.5103415,0.5103415,0.01637151,0.066197544,-0.016603865,-0.06596519,0.5103415,0.5103415,0.01637151,0.066197544
274.088,4.0362,20.0349,1.1938,4.0,20.0,1.399999976158142,-0.016549531,-0.06602541,0.51113176,0.51113176,0.01630871,0.06626624,-0.016549531,-0.06602541,0.51113176,0.51113176,0.01630871,0.06626624
274.137,4.0362,20.0349,1.1936,4.0,20.0,1.399999976158142,-0.01679781,-0.066235766,0.51481473,0.51481473,0.01657229,0.06646129,-0.01679781,-0.066235766,0.51481473,0.51481473,0.01657229,0.06646129
274.188,4.0363,20.0349,1.1931,4.0,20.0,1.399999976158142,-0.016769627,-0.06627161,0.51519436,0.51519436,0.016535824,0.06650541,-0.016769627,-0.06627161,0.51519436,0.51519436,0.016535824,0.06650541
274.238,4.0363,20.0350,1.1929,4.0,20.0,1.399999976158142,-0.01697808,-0.06653547,0.5194323,0.5194323,0.016758552,0.066755,-0.01697808,-0.06653547,0.5194323,0.5194323,0.016758552,0.066755
274.287,4.0364,20.0350,1.1923,4.0,20.0,1.399999976158142,-0.016974762,-0.066545516,0.51950383,0.51950383,0.016747428,0.06677285,-0.016974762,-0.066545516,0.51950383,0.51950383,0.016747428,0.06677285
274.337,4.0364,20.0350,1.1920,4.0,20.0,1.399999976158142,-0.017147025,-0.066866934,0.5241435,0.5241435,0.016932767,0.0670812,-0.017147025,-0.066866934,0.5241435,0.5241435,0.016932767,0.0670812
274.387,4.0365,20.0351,1.1920,4.0,20.0,1.399999976158142,-0.021297986,-0.16066183,1.0,1.0,0.020807028,0.1611528,-0.021297986,-0.16066183,1.0,1.0,0.020807028,0.1611528
274.438,4.0365,20.0351,1.1924,4.0,20.0,1.399999976158142,-0.016138325,-0.06550116,0.4995403,0.4995403,0.015943939,0.06569555,-0.016138325,-0.06550116,0.4995403,0.4995403,0.015943939,0.06569555
274.487,4.0366,20.0352,1.1932,4.0,20.0,1.399999976158142,-0.016344879,-0.065329246,0.4967183,0.4967183,0.01614692,0.0655272,-0.016344879,-0.065329246,0.4967183,0.4967183,0.01614692,0.0655272
274.538,4.0366,20.0353,1.1935,4.0,20.0,1.399999976158142,-0.0170792,-0.0652555,0.4932624,0.4932624,0.016903304,0.06543139,-0.0170792,-0.0652555,0.4932624,0.4932624,0.016903304,0.06543139
274.588,4.0367,20.0353,1.1941,4.0,20.0,1.399999976158142,-0.016756348,-0.065448575,0.4973462,0.4973462,0.016568396,0.06563652,-0.016756348,-0.065448575,0.4973462,0.4973462,0.016568396,0.06563652
274.638,4.0367,20.0354,1.1943,4.0,20.0,1.399999976158142,-0.017348165,-0.06542728,0.49562153,0.49562153,0.017179707,0.06559574,-0.017348165,-0.06542728,0.49562153,0.49562153,0.017179707,0.06559574
274.687,4.0368,20.0354,1.1944,4.0,20.0,1.399999976158142,-0.017102191,-0.0655943,0.49889323,0.49889323,0.016923023,0.06577347,-0.017102191,-0.0655943,0.49889323,0.49889323,0.016923023,0.06577347
274.737,4.0368,20.0354,1.1947,4.0,20.0,1.399999976158142,-0.0172281,-0.06567177,0.49999496,0.49999496,0.017051274,0.0658486,-0.0172281,-0.06567177,0.49999496,0.49999496,0.017051274,0.0658486
274.787,4.0369,20.0355,1.1948,4.0,20.0,1.399999976158142,-0.017679727,-0.06571101,0.5001193,0.5001193,0.01751997,0.06587076,-0.017679727,-0.06571101,0.5001193,0.5001193,0.01751997,0.06587076
274.838,4.0369,20.0355,1.1948,4.0,20.0,1.399999976158142,-0.017795121,-0.065833695,0.50211984,0.50211984,0.017640103,0.06598871,-0.017795121,-0.065833695,0.50211984,0.50211984,0.017640103,0.06598871
274.887,4.0370,20.0356,1.1947,4.0,20.0,1.399999976158142,-0.017674409,-0.065947816,0.5039764,0.5039764,0.017510748,0.066111475,-0.017674409,-0.065947816,0.5039764,0.5039764,0.017510748,0.066111475
274.937,4.0370,20.0356,1.1946,4.0,20.0,1.399999976158142,-0.018001746,-0.06607389,0.5060486,0.5060486,0.017853597,0.066222034,-0.018001746,-0.06607389,0.5060486,0.5060486,0.017853597,0.066222034
274.987,4.0370,20.0356,1.1943,4.0,20.0,1.399999976158142,-0.017925989,-0.06615672,0.50731844,0.50731844,0.017769797,0.06631292,-0.017925989,-0.06615672,0.50731844,0.50731844,0.017769797,0.06631292
275.038,4.0370,20.0356,1.1942,4.0,20.0,1.399999976158142,-0.01820213,-0.066325314,0.51028395,0.51028395,0.018060736,0.06646671,-0.01820213,-0.066325314,0.51028395,0.51028395,0.018060736,0.06646671
275.087,4.0371,20.0357,1.1938,4.0,20.0,1.399999976158142,-0.018158741,-0.0663846,0.5110713,0.5110713,0.018009609,0.06653374,-0.018158741,-0.0663846,0.5110713,0.5110713,0.018009609,0.06653374
275.138,4.0371,20.0357,1.1936,4.0,20.0,1.399999976158142,-0.01839214,-0.06660263,0.51476854,0.51476854,0.0182571,0.066737674,-0.01839214,-0.06660263,0.51476854,0.51476854,0.0182571,0.066737674
275.187,4.0372,20.0358,1.1931,4.0,20.0,1.399999976158142,-0.018374503,-0.06663699,0.5151415,0.5151415,0.018231977,0.06677952,-0.018374503,-0.06663699,0.5151415,0.5151415,0.018231977,0.06677952
275.238,4.0372,20.0358,1.1929,4.0,20.0,1.399999976158142,-0.01856788,-0.0669089,0.5193901,0.5193901,0.01843827,0.06703851,-0.01856788,-0.0669089,0.5193901,0.5193901,0.01843827,0.06703851
275.287,4.0373,20.0358,1.1923,4.0,20.0,1.399999976158142,-0.018574845,-0.066916905,0.5194508,0.5194508,0.018438227,0.06705352,-0.018574845,-0.066916905,0.5194508,0.5194508,0.018438227,0.06705352
275.337,4.0373,20.0358,1.1921,4.0,20.0,1.399999976158142,-0.018732328,-0.067247,0.5241041,0.5241041,0.018607302,0.06737203,-0.018732328,-0.067247,0.5241041,0.5241041,0.018607302,0.06737203
275.388,4.0374,20.0359,1.1920,4.0,20.0,1.399999976158142,-0.025196958,-0.16107842,1.0,1.0,0.024902917,0.16137247,-0.025196958,-0.16107842,1.0,1.0,0.024902917,0.16137247
275.438,4.0374,20.0360,1.1924,4.0,20.0,1.399999976158142,-0.017682506,-0.06585234,0.49951848,0.49951848,0.017573461,0.065961376,-0.017682506,-0.06585234,0.49951848,0.49951848,0.017573461,0.065961376
275.487,4.0374,20.0360,1.1928,4.0,20.0,1.399999976158142,-0.017899746,-0.06567855,0.49667957,0.49667957,0.0177883,0.06579,-0.017899746,-0.06567855,0.49667957,0.49667957,0.0177883,0.06579
275.537,4.0375,20.0361,1.1935,4.0,20.0,1.399999976158142,-0.018066652,-0.065739386,0.49723577,0.49723577,0.017958287,0.06584775,-0.018066652,-0.065739386,0.49723577,0.49723577,0.017958287,0.06584775
275.587,4.0376,20.0361,1.1941,4.0,20.0,1.399999976158142,-0.018730015,-0.065699466,0.49434087,0.49434087,0.01864158,0.065787904,-0.018730015,-0.065699466,0.49434087,0.49434087,0.01864158,0.065787904
275.637,4.0376,20.0362,1.1943,4.0,20.0,1.399999976158142,-0.018878838,-0.065796174,0.49557373,0.49557373,0.01879528,0.06587973,-0.018878838,-0.065796174,0.49557373,0.49557373,0.01879528,0.06587973
275.687,4.0377,20.0362,1.1946,4.0,20.0,1.399999976158142,-0.01864618,-0.06595785,0.49886155,0.49886155,0.018552711,0.06605132,-0.01864618,-0.06595785,0.49886155,0.49886155,0.018552711,0.06605132
275.737,4.0377,20.0362,1.1947,4.0,20.0,1.399999976158142,-0.01911242,-0.06599103,0.49860585,0.49860585,0.019035257,0.06606819,-0.01911242,-0.06599103,0.49860585,0.49860585,0.019035257,0.06606819
275.788,4.0377,20.0363,1.1948,4.0,20.0,1.399999976158142,-0.018944642,-0.06612915,0.5011152,0.5011152,0.018858703,0.06621509,-0.018944642,-0.06612915,0.5011152,0.5011152,0.018858703,0.06621509
275.838,4.0378,20.0363,1.1948,4.0,20.0,1.399999976158142,-0.019320948,-0.06621088,0.5021277,0.5021277,0.0192498,0.06628203,-0.019320948,-0.06621088,0.5021277,0.5021277,0.0192498,0.06628203
275.888,4.0378,20.0364,1.1947,4.0,20.0,1.399999976158142,-0.01921214,-0.06632278,0.5039642,0.5039642,0.019133262,0.06640166,-0.01921214,-0.06632278,0.5039642,0.5039642,0.019133262,0.06640166
275.938,4.0378,20.0364,1.1946,4.0,20.0,1.399999976158142,-0.019526707,-0.06645513,0.506045,0.506045,0.019461947,0.06651989,-0.019526707,-0.06645513,0.506045,0.506045,0.019461947,0.06651989
275.987,4.0379,20.0364,1.1943,4.0,20.0,1.399999976158142,-0.019459207,-0.06653649,0.5073073,0.5073073,0.01938719,0.06660851,-0.019459207,-0.06653649,0.5073073,0.5073073,0.01938719,0.06660851
276.037,4.0379,20.0364,1.1942,4.0,20.0,1.399999976158142,-0.01972207,-0.06671155,0.51028323,0.51028323,0.019663317,0.06677031,-0.01972207,-0.06671155,0.51028323,0.51028323,0.019663317,0.06677031
276.087,4.0380,20.0365,1.1938,4.0,20.0,1.399999976158142,-0.019688342,-0.066769645,0.5110652,0.5110652,0.019622805,0.06683519,-0.019688342,-0.066769645,0.5110652,0.5110652,0.019622805,0.06683519
276.137,4.0380,20.0365,1.1936,4.0,20.0,1.399999976158142,-0.019907247,-0.06699379,0.51476306,0.51476306,0.01985407,0.06704696,-0.019907247,-0.06699379,0.51476306,0.51476306,0.01985407,0.06704696
276.188,4.0380,20.0365,1.1931,4.0,20.0,1.399999976158142,-0.01989982,-0.06702745,0.5151393,0.5151393,0.019840151,0.06708712,-0.01989982,-0.06702745,0.5151393,0.5151393,0.019840151,0.06708712
276.237,4.0381,20.0366,1.1929,4.0,20.0,1.399999976158142,-0.020079201,-0.06730561,0.5193909,0.5193909,0.020030659,0.06735415,-0.020079201,-0.06730561,0.5193909,0.5193909,0.020030659,0.06735415
276.288,4.0381,20.0366,1.1926,4.0,20.0,1.399999976158142,-0.020096477,-0.06731357,0.5194648,0.5194648,0.020042015,0.06736803,-0.020096477,-0.06731357,0.5194648,0.5194648,0.020042015,0.06736803
276.337,4.0381,20.0366,1.1920,4.0,20.0,1.399999976158142,-0.020183798,-0.0674366,0.5212839,0.5212839,0.020130696,0.0674897,-0.020183798,-0.0674366,0.5212839,0.5212839,0.020130696,0.0674897
276.387,4.0382,20.0367,1.1922,4.0,20.0,1.399999976158142,-0.028886182,-0.16156624,1.0,1.0,0.028770402,0.16168202,-0.028886182,-0.16156624,1.0,1.0,0.028770402,0.16168202
276.438,4.0382,20.0367,1.1927,4.0,20.0,1.399999976158142,-0.019289711,-0.06612791,0.49757934,0.49757934,0.019260086,0.066157535,-0.019289711,-0.06612791,0.49757934,0.49757934,0.019260086,0.066157535
276.488,4.0383,20.0368,1.1937,4.0,20.0,1.399999976158142,-0.019448977,-0.06599784,0.49542832,0.49542832,0.019416964,0.066029854,-0.019448977,-0.06599784,0.49542832,0.49542832,0.019416964,0.066029854
276.537,4.0384,20.0369,1.1941,4.0,20.0,1.399999976158142,-0.020191763,-0.06590464,0.49098495,0.49098495,0.020180361,0.06591604,-0.020191763,-0.06590464,0.49098495,0.49098495,0.020180361,0.06591604
276.587,4.0384,20.0369,1.1948,4.0,20.0,1.399999976158142,-0.019861862,-0.06611456,0.49560234,0.49560234,0.019839382,0.06613704,-0.019861862,-0.06611456,0.49560234,0.49560234,0.019839382,0.06613704
276.638,4.0385,20.0369,1.1951,4.0,20.0,1.399999976158142,-0.020458434,-0.0660665,0.49300632,0.49300632,0.020453736,0.0660712,-0.020458434,-0.0660665,0.49300632,0.49300632,0.020453736,0.0660712
276.687,4.0385,20.0370,1.1955,4.0,20.0,1.399999976158142,-0.020210546,-0.066251785,0.49674383,0.49674383,0.020196263,0.06626607,-0.020210546,-0.066251785,0.49674383,0.49674383,0.020196263,0.06626607
276.737,4.0385,20.0370,1.1956,4.0,20.0,1.399999976158142,-0.020695105,-0.06624415,0.4957165,0.4957165,0.020696595,0.06624266,-0.020695105,-0.06624415,0.4957165,0.4957165,0.020696595,0.06624266
276.787,4.0386,20.0371,1.1958,4.0,20.0,1.399999976158142,-0.020516122,-0.06640494,0.4986289,0.4986289,0.020509249,0.06641181,-0.020516122,-0.06640494,0.4986289,0.4986289,0.020509249,0.06641181
276.837,4.0386,20.0371,1.1959,4.0,20.0,1.399999976158142,-0.020903302,-0.06644402,0.49902096,0.49902096,0.020910492,0.06643683,-0.020903302,-0.06644402,0.49902096,0.49902096,0.020910492,0.06643683
276.887,4.0386,20.0371,1.1959,4.0,20.0,1.399999976158142,-0.020785518,-0.0665795,0.5011913,0.5011913,0.020785432,0.06657959,-0.020785518,-0.0665795,0.5011913,0.5011913,0.020785432,0.06657959
276.937,4.0387,20.0371,1.1958,4.0,20.0,1.399999976158142,-0.021100366,-0.06666896,0.50277436,0.50277436,0.021113511,0.06665581,-0.021100366,-0.06666896,0.50277436,0.50277436,0.021113511,0.06665581
276.987,4.0387,20.0372,1.1956,4.0,20.0,1.399999976158142,-0.021032153,-0.066776834,0.50430816,0.50430816,0.021038888,0.0667701,-0.021032153,-0.066776834,0.50430816,0.50430816,0.021038888,0.0667701
277.037,4.0387,20.0372,1.1955,4.0,20.0,1.399999976158142,-0.021294326,-0.0669136,0.5069015,0.5069015,0.02131405,0.066893876,-0.021294326,-0.0669136,0.5069015,0.5069015,0.02131405,0.066893876
277.088,4.0388,20.0372,1.1952,4.0,20.0,1.399999976158142,-0.021260506,-0.06699479,0.50789446,0.50789446,0.021273846,0.06698146,-0.021260506,-0.06699479,0.50789446,0.50789446,0.021273846,0.06698146
277.138,4.0388,20.0372,1.1950,4.0,20.0,1.399999976158142,-0.021476828,-0.06718297,0.5113147,0.5113147,0.021502377,0.067157425,-0.021476828,-0.06718297,0.5113147,0.5113147,0.021502377,0.067157425
277.188,4.0388,20.0373,1.1948,4.0,20.0,1.399999976158142,-0.021471975,-0.06723879,0.5118611,0.5118611,0.021491563,0.067219205,-0.021471975,-0.06723879,0.5118611,0.5118611,0.021491563,0.067219205
277.238,4.0388,20.0373,1.1943,4.0,20.0,1.399999976158142,-0.021564404,-0.06734963,0.51359546,0.51359546,0.021585813,0.067328215,-0.021564404,-0.06734963,0.51359546,0.51359546,0.021585813,0.067328215
277.287,4.0389,20.0373,1.1938,4.0,20.0,1.399999976158142,-0.021731986,-0.06761039,0.5178526,0.5178526,0.021765051,0.067577325,-0.021731986,-0.06761039,0.5178526,0.5178526,0.021765051,0.067577325
277.338,4.0389,20.0374,1.1935,4.0,20.0,1.399999976158142,-0.02181326,-0.067811854,0.5207147,0.5207147,0.021850284,0.067774825,-0.02181326,-0.067811854,0.5207147,0.5207147,0.021850284,0.067774825
277.388,4.0390,20.0374,1.1934,4.0,20.0,1.399999976158142,-0.033017877,-0.16258663,1.0,1.0,0.033077724,0.16252679,-0.033017877,-0.16258663,1.0,1.0,0.033077724,0.16252679
277.438,4.0390,20.0375,1.1938,4.0,20.0,1.399999976158142,-0.02069419,-0.066340946,0.49629408,0.49629408,0.020743094,0.06629204,-0.02069419,-0.066340946,0.49629408,0.49629408,0.020743094,0.06629204
277.487,4.0391,20.0375,1.1947,4.0,20.0,1.399999976158142,-0.02092019,-0.06618623,0.4934605,0.4934605,0.020967362,0.06613906,-0.02092019,-0.06618623,0.4934605,0.4934605,0.020967362,0.06613906
277.538,4.0391,20.0376,1.1950,4.0,20.0,1.399999976158142,-0.021622155,-0.0661018,0.49001765,0.49001765,0.021691855,0.0660321,-0.021622155,-0.0661018,0.49001765,0.49001765,0.021691855,0.0660321
277.587,4.0392,20.0376,1.1955,4.0,20.0,1.399999976158142,-0.021322953,-0.06630788,0.49411392,0.49411392,0.021380851,0.06624998,-0.021322953,-0.06630788,0.49411392,0.49411392,0.021380851,0.06624998
277.637,4.0392,20.0376,1.1957,4.0,20.0,1.399999976158142,-0.021882294,-0.06627968,0.4924932,0.4924932,0.02195951,0.06620247,-0.021882294,-0.06627968,0.4924932,0.4924932,0.02195951,0.06620247
277.687,4.0393,20.0377,1.1960,4.0,20.0,1.399999976158142,-0.021661406,-0.06645767,0.49572352,0.49572352,0.021728478,0.0663906,-0.021661406,-0.06645767,0.49572352,0.49572352,0.021728478,0.0663906
277.738,4.0393,20.0377,1.1961,4.0,20.0,1.399999976158142,-0.022112167,-0.06647777,0.49561906,0.49561906,0.022196064,0.06639387,-0.022112167,-0.06647777,0.49561906,0.49561906,0.022196064,0.06639387
277.788,4.0393,20.0378,1.1961,4.0,20.0,1.399999976158142,-0.021956671,-0.06662889,0.49806982,0.49806982,0.022031782,0.06655378,-0.021956671,-0.06662889,0.49806982,0.49806982,0.022031782,0.06655378
277.838,4.0394,20.0378,1.1961,4.0,20.0,1.399999976158142,-0.022320462,-0.06670072,0.49926934,0.49926934,0.02241052,0.066610664,-0.022320462,-0.06670072,0.49926934,0.49926934,0.02241052,0.066610664
277.887,4.0394,20.0378,1.1960,4.0,20.0,1.399999976158142,-0.022222077,-0.066823915,0.5010248,0.5010248,0.022304578,0.066741414,-0.022222077,-0.066823915,0.5010248,0.5010248,0.022304578,0.066741414
277.937,4.0394,20.0378,1.1959,4.0,20.0,1.399999976158142,-0.022522556,-0.066947415,0.50334334,0.50334334,0.022618769,0.066851206,-0.022522556,-0.066947415,0.50334334,0.50334334,0.022618769,0.066851206
277.987,4.0395,20.0379,1.1956,4.0,20.0,1.399999976158142,-0.022466952,-0.067038625,0.5045052,0.5045052,0.02255635,0.066949226,-0.022466952,-0.067038625,0.5045052,0.5045052,0.02255635,0.066949226
278.037,4.0395,20.0379,1.1954,4.0,20.0,1.399999976158142,-0.022716573,-0.06720879,0.50775546,0.50775546,0.022818465,0.067106895,-0.022716573,-0.06720879,0.50775546,0.50775546,0.022818465,0.067106895
278.087,4.0395,20.0379,1.1952,4.0,20.0,1.399999976158142,-0.022693416,-0.0672755,0.5084148,0.5084148,0.022789098,0.067179814,-0.022693416,-0.0672755,0.5084148,0.5084148,0.022789098,0.067179814
278.137,4.0395,20.0380,1.1947,4.0,20.0,1.399999976158142,-0.022790138,-0.06738476,0.5101427,0.5101427,0.022887563,0.06728733,-0.022790138,-0.06738476,0.5101427,0.5101427,0.022887563,0.06728733
278.187,4.0396,20.0380,1.1942,4.0,20.0,1.399999976158142,-0.02298214,-0.06762446,0.51435316,0.51435316,0.02309009,0.0675165,-0.02298214,-0.06762446,0.51435316,0.51435316,0.02309009,0.0675165
278.237,4.0396,20.0380,1.1939,4.0,20.0,1.399999976158142,-0.02306524,-0.0678202,0.51726955,0.51726955,0.023175683,0.06770976,-0.02306524,-0.0678202,0.51726955,0.51726955,0.023175683,0.06770976
278.287,4.0397,20.0381,1.1933,4.0,20.0,1.399999976158142,-0.023093335,-0.06783196,0.51714873,0.51714873,0.023198819,0.06772648,-0.023093335,-0.06783196,0.51714873,0.51714873,0.023198819,0.06772648
278.338,4.0397,20.0381,1.1930,4.0,20.0,1.399999976158142,-0.023217933,-0.06817637,0.5221589,0.5221589,0.023330806,0.0680635,-0.023217933,-0.06817637,0.5221589,0.5221589,0.023330806,0.0680635
278.387,4.0398,20.0381,1.1929,4.0,20.0,1.399999976158142,-0.036436364,-0.1625172,1.0,1.0,0.036668956,0.16228461,-0.036436364,-0.1625172,1.0,1.0,0.036668956,0.16228461
278.438,4.0398,20.0382,1.1933,4.0,20.0,1.399999976158142,-0.022052629,-0.06670488,0.4979202,0.4979202,0.022170609,0.0665869,-0.022052629,-0.06670488,0.4979202,0.4979202,0.022170609,0.0665869
278.488,4.0399,20.0383,1.1941,4.0,20.0,1.399999976158142,-0.02229045,-0.06653349,0.49489757,0.49489757,0.022409048,0.06641489,-0.02229045,-0.06653349,0.49489757,0.49489757,0.022409048,0.06641489
278.538,4.0399,20.0383,1.1943,4.0,20.0,1.399999976158142,-0.022955168,-0.06650675,0.4917988,0.4917988,0.023090908,0.06637101,-0.022955168,-0.06650675,0.4917988,0.4917988,0.023090908,0.06637101
278.587,4.0400,20.0384,1.1948,4.0,20.0,1.399999976158142,-0.022680767,-0.066682525,0.495711,0.495711,0.022807552,0.066555746,-0.022680767,-0.066682525,0.495711,0.495711,0.022807552,0.066555746
278.638,4.0400,20.0384,1.1950,4.0,20.0,1.399999976158142,-0.023208598,-0.0667051,0.49432352,0.49432352,0.023349684,0.066564016,-0.023208598,-0.0667051,0.49432352,0.49432352,0.023349684,0.066564016
278.687,4.0400,20.0384,1.1953,4.0,20.0,1.399999976158142,-0.023006907,-0.06685664,0.49743828,0.49743828,0.023140458,0.066723086,-0.023006907,-0.06685664,0.49743828,0.49743828,0.023140458,0.066723086
278.737,4.0401,20.0385,1.1953,4.0,20.0,1.399999976158142,-0.023425989,-0.06692283,0.49752164,0.49752164,0.023571605,0.06677721,-0.023425989,-0.06692283,0.49752164,0.49752164,0.023571605,0.06677721
278.788,4.0401,20.0385,1.1953,4.0,20.0,1.399999976158142,-0.023291979,-0.06704885,0.49985978,0.49985978,0.023431407,0.06690942,-0.023291979,-0.06704885,0.49985978,0.49985978,0.023431407,0.06690942
278.837,4.0401,20.0385,1.1953,4.0,20.0,1.399999976158142,-0.02362491,-0.06716232,0.5011989,0.5011989,0.023774745,0.06701248,-0.02362491,-0.06716232,0.5011989,0.5011989,0.023774745,0.06701248
278.887,4.0402,20.0386,1.1952,4.0,20.0,1.399999976158142,-0.023547145,-0.067263395,0.5028766,0.5028766,0.023691818,0.06711873,-0.023547145,-0.067263395,0.5028766,0.5028766,0.023691818,0.06711873
278.938,4.0402,20.0386,1.1951,4.0,20.0,1.399999976158142,-0.023816193,-0.06742428,0.5052833,0.5052833,0.023970185,0.067270294,-0.023816193,-0.06742428,0.5052833,0.5052833,0.023970185,0.067270294
278.988,4.0402,20.0386,1.1947,4.0,20.0,1.399999976158142,-0.023779666,-0.06749606,0.5063908,0.5063908,0.023929153,0.06734657,-0.023779666,-0.06749606,0.5063908,0.5063908,0.023929153,0.06734657
279.037,4.0403,20.0386,1.1946,4.0,20.0,1.399999976158142,-0.023995878,-0.06770032,0.50967926,0.50967926,0.024153512,0.06754268,-0.023995878,-0.06770032,0.50967926,0.50967926,0.024153512,0.06754268
279.087,4.0403,20.0387,1.1944,4.0,20.0,1.399999976158142,-0.023992773,-0.06774985,0.51031286,0.51031286,0.02414648,0.067596145,-0.023992773,-0.06774985,0.51031286,0.51031286,0.02414648,0.067596145
279.138,4.0403,20.0387,1.1939,4.0,20.0,1.399999976158142,-0.024085639,-0.06786416,0.51203537,0.51203537,0.02424054,0.06770925,-0.024085639,-0.06786416,0.51203537,0.51203537,0.02424054,0.06770925
279.187,4.0404,20.0387,1.1934,4.0,20.0,1.399999976158142,-0.024241475,-0.06813481,0.5162178,0.5162178,0.024402773,0.06797351,-0.024241475,-0.06813481,0.5162178,0.5162178,0.024402773,0.06797351
279.238,4.0404,20.0387,1.1931,4.0,20.0,1.399999976158142,-0.024312936,-0.06833864,0.5191002,0.5191002,0.024475416,0.068176165,-0.024312936,-0.06833864,0.5191002,0.5191002,0.024475416,0.068176165
279.288,4.0404,20.0388,1.1925,4.0,20.0,1.399999976158142,-0.02436321,-0.068336144,0.5190046,0.5190046,0.024522921,0.06817643,-0.02436321,-0.068336144,0.5190046,0.5190046,0.024522921,0.06817643
279.337,4.0405,20.0388,1.1922,4.0,20.0,1.399999976158142,-0.0244498,-0.0687079,0.52394897,0.52394897,0.024613285,0.06854442,-0.0244498,-0.0687079,0.52394897,0.52394897,0.024613285,0.06854442
279.387,4.0405,20.0389,1.1921,4.0,20.0,1.399999976158142,-0.039331052,-0.16269869,1.0,1.0,0.039679784,0.16234995,-0.039331052,-0.16269869,1.0,1.0,0.039679784,0.16234995
279.437,4.0406,20.0389,1.1925,4.0,20.0,1.399999976158142,-0.02323064,-0.06721645,0.49954668,0.49954668,0.023395889,0.067051195,-0.02323064,-0.06721645,0.49954668,0.49954668,0.023395889,0.067051195
279.487,4.0406,20.0390,1.1933,4.0,20.0,1.399999976158142,-0.023489675,-0.067033686,0.49656713,0.49656713,0.023657613,0.06686575,-0.023489675,-0.067033686,0.49656713,0.49656713,0.023657613,0.06686575
279.538,4.0407,20.0390,1.1936,4.0,20.0,1.399999976158142,-0.024106508,-0.06703271,0.4933789,0.4933789,0.024289511,0.06684971,-0.024106508,-0.06703271,0.4933789,0.4933789,0.024289511,0.06684971
279.588,4.0407,20.0391,1.1941,4.0,20.0,1.399999976158142,-0.023862187,-0.06719293,0.49732593,0.49732593,0.024037614,0.0670175,-0.023862187,-0.06719293,0.49732593,0.49732593,0.024037614,0.0670175
279.638,4.0408,20.0391,1.1943,4.0,20.0,1.399999976158142,-0.024346078,-0.06723575,0.4958372,0.4958372,0.024534184,0.06704764,-0.024346078,-0.06723575,0.4958372,0.4958372,0.024534184,0.06704764
279.688,4.0408,20.0391,1.1946,4.0,20.0,1.399999976158142,-0.024173262,-0.06737499,0.49898905,0.49898905,0.024354972,0.06719328,-0.024173262,-0.06737499,0.49898905,0.49898905,0.024354972,0.06719328
279.737,4.0408,20.0392,1.1946,4.0,20.0,1.399999976158142,-0.024555704,-0.06745505,0.49892673,0.49892673,0.024748333,0.067262426,-0.024555704,-0.06745505,0.49892673,0.49892673,0.024748333,0.067262426
279.787,4.0409,20.0392,1.1947,4.0,20.0,1.399999976158142,-0.024444608,-0.06757261,0.501333,0.501333,0.024631849,0.06738537,-0.024444608,-0.06757261,0.501333,0.501333,0.024631849,0.06738537
279.838,4.0409,20.0392,1.1947,4.0,20.0,1.399999976158142,-0.024743631,-0.067694835,0.5025142,0.5025142,0.024940366,0.0674981,-0.024743631,-0.067694835,0.5025142,0.5025142,0.024940366,0.0674981
279.888,4.0409,20.0393,1.1945,4.0,20.0,1.399999976158142,-0.024686774,-0.067790605,0.5042655,0.5042655,0.02487899,0.067598395,-0.024686774,-0.067790605,0.5042655,0.5042655,0.02487899,0.067598395
279.937,4.0409,20.0393,1.1944,4.0,20.0,1.399999976158142,-0.024924506,-0.0679582,0.5065029,0.5065029,0.025125189,0.06775752,-0.024924506,-0.0679582,0.5065029,0.5065029,0.025125189,0.06775752
279.987,4.0410,20.0393,1.1943,4.0,20.0,1.399999976158142,-0.024908692,-0.06802749,0.5076927,0.5076927,0.025105504,0.067830674,-0.024908692,-0.06802749,0.5076927,0.5076927,0.025105504,0.067830674
280.038,4.0410,20.0393,1.1940,4.0,20.0,1.399999976158142,-0.025004726,-0.0681362,0.50928813,0.50928813,0.025202926,0.06793799,-0.025004726,-0.0681362,0.50928813,0.50928813,0.025202926,0.06793799
280.088,4.0410,20.0394,1.1936,4.0,20.0,1.399999976158142,-0.025177607,-0.06836058,0.5126205,0.5126205,0.025382845,0.06815535,-0.025177607,-0.06836058,0.5126205,0.5126205,0.025382845,0.06815535
280.137,4.0411,20.0394,1.1934,4.0,20.0,1.399999976158142,-0.025252417,-0.06854403,0.5153247,0.5153247,0.025459424,0.06833702,-0.025252417,-0.06854403,0.5153247,0.5153247,0.025459424,0.06833702
280.187,4.0411,20.0394,1.1929,4.0,20.0,1.399999976158142,-0.025294026,-0.068567,0.5156367,0.5156367,0.025498146,0.06836288,-0.025294026,-0.068567,0.5156367,0.5156367,0.025498146,0.06836288
280.238,4.0411,20.0394,1.1927,4.0,20.0,1.399999976158142,-0.025396692,-0.0688813,0.519982,0.519982,0.025605995,0.068672,-0.025396692,-0.0688813,0.519982,0.519982,0.025605995,0.068672
280.287,4.0412,20.0395,1.1921,4.0,20.0,1.399999976158142,-0.02546358,-0.06887617,0.51998866,0.51998866,0.025670443,0.068669304,-0.02546358,-0.06887617,0.51998866,0.51998866,0.025670443,0.068669304
280.337,4.0412,20.0395,1.1918,4.0,20.0,1.399999976158142,-0.025530145,-0.069250055,0.5247368,0.5247368,0.025740707,0.06903949,-0.025530145,-0.069250055,0.5247368,0.5247368,0.025740707,0.06903949
280.388,4.0412,20.0395,1.1917,4.0,20.0,1.399999976158142,-0.041863054,-0.16323553,1.0,1.0,0.04231327,0.16278532,-0.041863054,-0.16323553,1.0,1.0,0.04231327,0.16278532
280.438,4.0413,20.0396,1.1921,4.0,20.0,1.399999976158142,-0.02427514,-0.06772899,0.50017446,0.50017446,0.024485348,0.06751878,-0.02427514,-0.06772899,0.50017446,0.50017446,0.024485348,0.06751878
280.488,4.0414,20.0397,1.1930,4.0,20.0,1.399999976158142,-0.0245443,-0.06754764,0.497311,0.497311,0.024757335,0.06733461,-0.0245443,-0.06754764,0.497311,0.497311,0.024757335,0.06733461
280.538,4.0414,20.0397,1.1933,4.0,20.0,1.399999976158142,-0.0251451,-0.06754512,0.4939049,0.4939049,0.025372114,0.067318104,-0.0251451,-0.06754512,0.4939049,0.4939049,0.025372114,0.067318104
280.587,4.0414,20.0397,1.1938,4.0,20.0,1.399999976158142,-0.024911994,-0.06770696,0.497971,0.497971,0.025131702,0.06748725,-0.024911994,-0.06770696,0.497971,0.497971,0.025131702,0.06748725
280.638,4.0415,20.0398,1.1940,4.0,20.0,1.399999976158142,-0.025383782,-0.06774612,0.49626952,0.49626952,0.025614306,0.06751559,-0.025383782,-0.06774612,0.49626952,0.49626952,0.025614306,0.06751559
280.687,4.0415,20.0398,1.1943,4.0,20.0,1.399999976158142,-0.02521982,-0.067887984,0.49953073,0.49953073,0.025444612,0.06766319,-0.02521982,-0.067887984,0.49953073,0.49953073,0.025444612,0.06766319
280.737,4.0415,20.0398,1.1944,4.0,20.0,1.399999976158142,-0.025590278,-0.06796399,0.49929765,0.49929765,0.025823357,0.06773091,-0.025590278,-0.06796399,0.49929765,0.49929765,0.025823357,0.06773091
280.787,4.0415,20.0398,1.1945,4.0,20.0,1.399999976158142,-0.025489368,-0.06808451,0.50178385,0.50178385,0.025718173,0.0678557,-0.025489368,-0.06808451,0.50178385,0.50178385,0.025718173,0.0678557
280.837,4.0416,20.0399,1.1945,4.0,20.0,1.399999976158142,-0.02559785,-0.068181716,0.5030801,0.5030801,0.025827838,0.067951724,-0.02559785,-0.068181716,0.5030801,0.5030801,0.025827838,0.067951724
280.888,4.0416,20.0399,1.1945,4.0,20.0,1.399999976158142,-0.025867762,-0.06831142,0.50441843,0.50441843,0.02610364,0.068075545,-0.025867762,-0.06831142,0.50441843,0.50441843,0.02610364,0.068075545
280.948,4.0416,20.0399,1.1943,4.0,20.0,1.399999976158142,-0.025831385,-0.06840398,0.5060777,0.5060777,0.026064424,0.06817094,-0.025831385,-0.06840398,0.5060777,0.5060777,0.026064424,0.06817094
280.988,4.0417,20.0400,1.1940,4.0,20.0,1.399999976158142,-0.02604667,-0.06857638,0.5084303,0.5084303,0.026284339,0.06833871,-0.02604667,-0.06857638,0.5084303,0.5084303,0.026284339,0.06833871
281.038,4.0417,20.0400,1.1939,4.0,20.0,1.399999976158142,-0.026130673,-0.068737805,0.5109314,0.5109314,0.026369158,0.06849932,-0.026130673,-0.068737805,0.5109314,0.5109314,0.026369158,0.06849932
281.088,4.0417,20.0400,1.1935,4.0,20.0,1.399999976158142,-0.02615043,-0.06879007,0.51170903,0.51170903,0.026387213,0.06855329,-0.02615043,-0.06879007,0.51170903,0.51170903,0.026387213,0.06855329
281.138,4.0417,20.0400,1.1933,4.0,20.0,1.399999976158142,-0.02628822,-0.06904246,0.51537776,0.51537776,0.0265276,0.06880308,-0.02628822,-0.06904246,0.51537776,0.51537776,0.0265276,0.06880308
281.188,4.0418,20.0401,1.1928,4.0,20.0,1.399999976158142,-0.02633567,-0.069070294,0.5157691,0.5157691,0.026574016,0.06883195,-0.02633567,-0.069070294,0.5157691,0.5157691,0.026574016,0.06883195
281.238,4.0418,20.0401,1.1926,4.0,20.0,1.399999976158142,-0.026435785,-0.069376886,0.52000004,0.52000004,0.02667585,0.06913683,-0.026435785,-0.069376886,0.52000004,0.52000004,0.02667585,0.06913683
281.288,4.0418,20.0401,1.1921,4.0,20.0,1.399999976158142,-0.026506415,-0.06937689,0.520061,0.520061,0.02674593,0.06913737,-0.026506415,-0.06937689,0.520061,0.520061,0.02674593,0.06913737
281.338,4.0419,20.0401,1.1918,4.0,20.0,1.399999976158142,-0.026572114,-0.06974086,0.52469075,0.52469075,0.026812298,0.06950068,-0.026572114,-0.06974086,0.52469075,0.52469075,0.026812298,0.06950068
281.388,4.0419,20.0402,1.1912,4.0,20.0,1.399999976158142,-0.02666393,-0.06971176,0.52450776,0.52450776,0.02690388,0.06947181,-0.02666393,-0.06971176,0.52450776,0.52450776,0.02690388,0.06947181
281.437,4.0419,20.0402,1.1909,4.0,20.0,1.399999976158142,-0.026696218,-0.070137285,0.52940273,0.52940273,0.02693508,0.06989842,-0.026696218,-0.070137285,0.52940273,0.52940273,0.02693508,0.06989842
281.487,4.0420,20.0402,1.1903,4.0,20.0,1.399999976158142,-0.02680753,-0.070076585,0.5290422,0.5290422,0.027046695,0.06983742,-0.02680753,-0.070076585,0.5290422,0.5290422,0.027046695,0.06983742
281.538,4.0420,20.0403,1.1900,4.0,20.0,1.399999976158142,-0.026808755,-0.07056156,0.5340401,0.5340401,0.027044605,0.07032571,-0.026808755,-0.07056156,0.5340401,0.5340401,0.027044605,0.07032571
281.588,4.0421,20.0403,1.1894,4.0,20.0,1.399999976158142,-0.026939502,-0.070469685,0.53359157,0.53359157,0.02717666,0.070232525,-0.026939502,-0.070469685,0.53359157,0.53359157,0.02717666,0.070232525
281.638,4.0421,20.0403,1.1891,4.0,20.0,1.399999976158142,-0.026910687,-0.071013674,0.5385842,0.5385842,0.027142504,0.07078186,-0.026910687,-0.071013674,0.5385842,0.5385842,0.027142504,0.07078186
281.688,4.0422,20.0404,1.1885,4.0,20.0,1.399999976158142,-0.02705814,-0.070892334,0.53811204,0.53811204,0.027292259,0.070658214,-0.02705814,-0.070892334,0.53811204,0.53811204,0.027292259,0.070658214
281.738,4.0422,20.0404,1.1882,4.0,20.0,1.399999976158142,-0.027001414,-0.071489565,0.542979,0.542979,0.02722807,0.07126291,-0.027001414,-0.071489565,0.542979,0.542979,0.02722807,0.07126291
281.788,4.0422,20.0404,1.1880,4.0,20.0,1.399999976158142,-0.027168358,-0.071335584,0.5425242,0.5425242,0.027397983,0.07110596,-0.027168358,-0.071335584,0.5425242,0.5425242,0.027397983,0.07110596
281.838,4.0423,20.0405,1.1874,4.0,20.0,1.399999976158142,-0.027237091,-0.07150461,0.54431754,0.54431754,0.027465263,0.071276434,-0.027237091,-0.07150461,0.54431754,0.54431754,0.027465263,0.071276434
281.887,4.0423,20.0406,1.1869,4.0,20.0,1.399999976158142,-0.027160093,-0.072151095,0.5489307,0.5489307,0.027377533,0.07193366,-0.027160093,-0.072151095,0.5489307,0.5489307,0.027377533,0.07193366
281.937,4.0424,20.0406,1.1866,4.0,20.0,1.399999976158142,-0.027197052,-0.072449915,0.5512103,0.5512103,0.027409753,0.072237216,-0.027197052,-0.072449915,0.5512103,0.5512103,0.027409753,0.072237216
281.987,4.0424,20.0406,1.1861,4.0,20.0,1.399999976158142,-0.02739035,-0.072246596,0.55089206,0.55089206,0.027608842,0.0720281,-0.02739035,-0.072246596,0.55089206,0.55089206,0.027608842,0.0720281
282.037,4.0425,20.0407,1.1860,4.0,20.0,1.399999976158142,-0.027310336,-0.07291661,0.55493104,0.55493104,0.027518163,0.072708786,-0.027310336,-0.07291661,0.55493104,0.55493104,0.027518163,0.072708786
282.087,4.0425,20.0407,1.1855,4.0,20.0,1.399999976158142,-0.027504828,-0.072705634,0.5547827,0.5547827,0.027718728,0.072491735,-0.027504828,-0.072705634,0.5547827,0.5547827,0.027718728,0.072491735
282.137,4.0426,20.0408,1.1854,4.0,20.0,1.399999976158142,-0.0274268,-0.07337648,0.55841327,0.55841327,0.027631866,0.07317141,-0.0274268,-0.07337648,0.55841327,0.55841327,0.027631866,0.07317141
282.187,4.0426,20.0408,1.1850,4.0,20.0,1.399999976158142,-0.02762215,-0.07316101,0.55843747,0.55843747,0.027832871,0.072950296,-0.02762215,-0.07316101,0.55843747,0.55843747,0.027832871,0.072950296
282.238,4.0427,20.0409,1.1849,4.0,20.0,1.399999976158142,-0.02754288,-0.073833175,0.561629,0.561629,0.027747171,0.07362889,-0.02754288,-0.073833175,0.561629,0.561629,0.027747171,0.07362889
282.287,4.0428,20.0409,1.1846,4.0,20.0,1.399999976158142,-0.027737245,-0.073616154,0.5618374,0.5618374,0.027946193,0.0734072,-0.027737245,-0.073616154,0.5618374,0.5618374,0.027946193,0.0734072
