time,x,y,z,tx,ty,tz,p1,p2,p3,p4,p5,p6,m1,m2,m3,m4,m5,m6
0.048,0.0000,0.0000,0.0000,0.0,0.0,0.0,0.0,0.0,0.0,0.0,0.0,0.0,0.0,0.0,0.0,0.0,0.0,0.0
0.081,0.0000,0.0000,0.0000,0.0,0.0,0.0,0.0,0.0,0.0,0.0,0.0,0.0,0.0,0.0,0.0,0.0,0.0,0.0
0.135,0.0000,0.0000,0.0000,0.0,0.0,0.0,0.0,0.0,0.0,0.0,0.0,0.0,0.0,0.0,0.0,0.0,0.0,0.0
0.188,0.0000,0.0000,0.0000,0.0,0.0,0.0,0.0,0.0,0.0,0.0,0.0,0.0,0.0,0.0,0.0,0.0,0.0,0.0
0.231,0.0000,0.0000,0.0000,0.0,0.0,0.0,0.0,0.0,0.0,0.0,0.0,0.0,0.0,0.0,0.0,0.0,0.0,0.0
0.289,0.0000,0.0000,0.0000,0.0,0.0,0.0,0.0,0.0,0.0,0.0,0.0,0.0,0.0,0.0,0.0,0.0,0.0,0.0
0.331,0.0000,0.0000,0.0000,0.0,0.0,0.0,0.0,0.0,0.0,0.0,0.0,0.0,0.0,0.0,0.0,0.0,0.0,0.0
0.384,0.0000,0.0000,0.0000,0.0,0.0,0.0,0.0,0.0,0.0,0.0,0.0,0.0,0.0,0.0,0.0,0.0,0.0,0.0
0.437,0.0000,0.0000,0.0000,0.0,0.0,0.0,0.0,0.0,0.0,0.0,0.0,0.0,0.0,0.0,0.0,0.0,0.0,0.0
0.489,0.0000,0.0000,0.0000,0.0,0.0,0.0,0.0,0.0,0.0,0.0,0.0,0.0,0.0,0.0,0.0,0.0,0.0,0.0
0.531,0.0000,0.0000,0.0000,0.0,0.0,0.0,0.0,0.0,0.0,0.0,0.0,0.0,0.0,0.0,0.0,0.0,0.0,0.0
0.590,0.0000,0.0000,0.0000,0.0,0.0,0.0,0.0,0.0,0.0,0.0,0.0,0.0,0.0,0.0,0.0,0.0,0.0,0.0
0.633,0.0000,0.0000,0.0000,0.0,0.0,0.0,0.0,0.0,0.0,0.0,0.0,0.0,0.0,0.0,0.0,0.0,0.0,0.0
0.686,0.0000,0.0000,0.0000,0.0,0.0,0.0,0.0,0.0,0.0,0.0,0.0,0.0,0.0,0.0,0.0,0.0,0.0,0.0
0.737,0.0000,0.0000,0.0000,0.0,0.0,0.0,0.0,0.0,0.0,0.0,0.0,0.0,0.0,0.0,0.0,0.0,0.0,0.0
0.791,0.0000,0.0000,0.0000,0.0,0.0,0.0,0.0,0.0,0.0,0.0,0.0,0.0,0.0,0.0,0.0,0.0,0.0,0.0
0.834,0.0000,0.0000,0.0000,0.0,0.0,0.0,0.0,0.0,0.0,0.0,0.0,0.0,0.0,0.0,0.0,0.0,0.0,0.0
0.886,0.0000,0.0000,0.0000,0.0,0.0,0.0,0.0,0.0,0.0,0.0,0.0,0.0,0.0,0.0,0.0,0.0,0.0,0.0
0.939,0.0000,0.0000,0.0000,0.0,0.0,0.0,0.0,0.0,0.0,0.0,0.0,0.0,0.0,0.0,0.0,0.0,0.0,0.0
0.992,0.0000,0.0000,0.0000,0.0,0.0,0.0,0.0,0.0,0.0,0.0,0.0,0.0,0.0,0.0,0.0,0.0,0.0,0.0
1.034,0.0000,0.0000,0.0000,0.0,0.0,0.0,0.0,0.0,0.0,0.0,0.0,0.0,0.0,0.0,0.0,0.0,0.0,0.0
1.086,0.0000,0.0000,0.0000,0.0,0.0,0.0,0.0,0.0,0.0,0.0,0.0,0.0,0.0,0.0,0.0,0.0,0.0,0.0
1.139,0.0000,0.0000,0.0000,0.0,0.0,0.0,0.0,0.0,0.0,0.0,0.0,0.0,0.0,0.0,0.0,0.0,0.0,0.0
1.191,0.0000,0.0000,0.0000,0.0,0.0,0.0,0.0,0.0,0.0,0.0,0.0,0.0,0.0,0.0,0.0,0.0,0.0,0.0
1.234,0.0000,0.0000,0.0000,0.0,0.0,0.0,0.0,0.0,0.0,0.0,0.0,0.0,0.0,0.0,0.0,0.0,0.0,0.0
1.286,0.0000,0.0000,0.0000,0.0,0.0,0.0,0.0,0.0,0.0,0.0,0.0,0.0,0.0,0.0,0.0,0.0,0.0,0.0
1.339,0.0000,0.0000,0.0000,0.0,0.0,0.0,0.0,0.0,0.0,0.0,0.0,0.0,0.0,0.0,0.0,0.0,0.0,0.0
1.393,0.0000,0.0000,0.0000,0.0,0.0,0.0,0.0,0.0,0.0,0.0,0.0,0.0,0.0,0.0,0.0,0.0,0.0,0.0
1.438,0.0000,0.0000,0.0000,0.0,0.0,0.0,0.0,0.0,0.0,0.0,0.0,0.0,0.0,0.0,0.0,0.0,0.0,0.0
1.485,0.0000,0.0000,0.0000,0.0,0.0,0.0,0.0,0.0,0.0,0.0,0.0,0.0,0.0,0.0,0.0,0.0,0.0,0.0
1.535,0.0000,0.0000,0.0000,0.0,0.0,0.0,0.0,0.0,0.0,0.0,0.0,0.0,0.0,0.0,0.0,0.0,0.0,0.0
1.591,0.0000,0.0000,0.0000,0.0,0.0,0.0,0.0,0.0,0.0,0.0,0.0,0.0,0.0,0.0,0.0,0.0,0.0,0.0
1.650,0.0000,0.0000,0.0000,0.0,0.0,0.0,0.0,0.0,0.0,0.0,0.0,0.0,0.0,0.0,0.0,0.0,0.0,0.0
1.681,0.0000,0.0000,0.0000,0.0,0.0,0.0,0.0,0.0,0.0,0.0,0.0,0.0,0.0,0.0,0.0,0.0,0.0,0.0
1.730,0.0000,0.0000,0.0000,0.0,0.0,0.0,0.0,0.0,0.0,0.0,0.0,0.0,0.0,0.0,0.0,0.0,0.0,0.0
1.780,0.0000,0.0000,0.0000,0.0,0.0,0.0,0.0,0.0,0.0,0.0,0.0,0.0,0.0,0.0,0.0,0.0,0.0,0.0
1.830,0.0000,0.0000,0.0000,0.0,0.0,0.0,0.0,0.0,0.0,0.0,0.0,0.0,0.0,0.0,0.0,0.0,0.0,0.0
1.880,0.0000,0.0000,0.0000,0.0,0.0,0.0,0.0,0.0,0.0,0.0,0.0,0.0,0.0,0.0,0.0,0.0,0.0,0.0
1.930,0.0000,0.0000,0.0000,0.0,0.0,0.0,0.0,0.0,0.0,0.0,0.0,0.0,0.0,0.0,0.0,0.0,0.0,0.0
1.980,0.0000,0.0000,0.0000,0.0,0.0,0.0,0.0,0.0,0.0,0.0,0.0,0.0,0.0,0.0,0.0,0.0,0.0,0.0
2.030,0.0000,0.0000,0.0000,0.0,0.0,0.0,0.0,0.0,0.0,0.0,0.0,0.0,0.0,0.0,0.0,0.0,0.0,0.0
2.080,0.0000,0.0000,0.0000,0.0,0.0,0.0,0.0,0.0,0.0,0.0,0.0,0.0,0.0,0.0,0.0,0.0,0.0,0.0
2.130,0.0000,0.0000,0.0000,0.0,0.0,0.0,0.0,0.0,0.0,0.0,0.0,0.0,0.0,0.0,0.0,0.0,0.0,0.0
2.180,0.0000,0.0000,0.0000,0.0,0.0,0.0,0.0,0.0,0.0,0.0,0.0,0.0,0.0,0.0,0.0,0.0,0.0,0.0
2.230,0.0000,0.0000,0.0000,0.0,0.0,0.0,0.0,0.0,0.0,0.0,0.0,0.0,0.0,0.0,0.0,0.0,0.0,0.0
2.280,0.0000,0.0000,0.0000,0.0,0.0,0.0,0.0,0.0,0.0,0.0,0.0,0.0,0.0,0.0,0.0,0.0,0.0,0.0
2.330,0.0000,0.0000,0.0000,0.0,0.0,0.0,0.0,0.0,0.0,0.0,0.0,0.0,0.0,0.0,0.0,0.0,0.0,0.0
2.380,0.0000,0.0000,0.0000,0.0,0.0,0.0,0.0,0.0,0.0,0.0,0.0,0.0,0.0,0.0,0.0,0.0,0.0,0.0
2.430,0.0000,0.0000,0.0000,0.0,0.0,0.0,0.0,0.0,0.0,0.0,0.0,0.0,0.0,0.0,0.0,0.0,0.0,0.0
2.480,0.0000,0.0000,0.0000,0.0,0.0,0.0,0.0,0.0,0.0,0.0,0.0,0.0,0.0,0.0,0.0,0.0,0.0,0.0
2.530,0.0000,0.0000,0.0000,0.0,0.0,0.0,0.0,0.0,0.0,0.0,0.0,0.0,0.0,0.0,0.0,0.0,0.0,0.0
2.580,0.0000,0.0000,0.0000,0.0,0.0,0.0,0.0,0.0,0.0,0.0,0.0,0.0,0.0,0.0,0.0,0.0,0.0,0.0
2.630,0.0000,0.0000,0.0000,0.0,0.0,0.0,0.0,0.0,0.0,0.0,0.0,0.0,0.0,0.0,0.0,0.0,0.0,0.0
2.680,0.0000,0.0000,0.0000,0.0,0.0,0.0,0.0,0.0,0.0,0.0,0.0,0.0,0.0,0.0,0.0,0.0,0.0,0.0
2.730,0.0000,0.0000,0.0000,0.0,0.0,0.0,0.0,0.0,0.0,0.0,0.0,0.0,0.0,0.0,0.0,0.0,0.0,0.0
2.780,0.0000,0.0000,0.0000,0.0,0.0,0.0,0.0,0.0,0.0,0.0,0.0,0.0,0.0,0.0,0.0,0.0,0.0,0.0
2.831,0.0000,0.0000,0.0000,0.0,0.0,0.0,0.0,0.0,0.0,0.0,0.0,0.0,0.0,0.0,0.0,0.0,0.0,0.0
2.880,0.0000,0.0000,0.0000,0.0,0.0,0.0,0.0,0.0,0.0,0.0,0.0,0.0,0.0,0.0,0.0,0.0,0.0,0.0
2.930,0.0000,0.0000,0.0000,0.0,0.0,0.0,0.0,0.0,0.0,0.0,0.0,0.0,0.0,0.0,0.0,0.0,0.0,0.0
2.980,0.0000,0.0000,0.0000,0.0,0.0,0.0,0.0,0.0,0.0,0.0,0.0,0.0,0.0,0.0,0.0,0.0,0.0,0.0
3.030,0.0000,0.0000,0.0000,0.0,0.0,0.0,0.0,0.0,0.0,0.0,0.0,0.0,0.0,0.0,0.0,0.0,0.0,0.0
3.080,0.7000,0.0000,0.4995,0.0,0.0,0.0,0.0,0.0,0.0,0.0,0.0,0.0,0.0,0.0,0.0,0.0,0.0,0.0
3.136,0.7000,0.0000,0.4991,0.0,0.0,0.0,0.0,0.0,0.0,0.0,0.0,0.0,0.0,0.0,0.0,0.0,0.0,0.0
3.183,0.6999,0.0000,0.4975,0.0,0.0,0.0,0.0,0.0,0.0,0.0,0.0,0.0,0.0,0.0,0.0,0.0,0.0,0.0
3.235,0.6999,0.0000,0.4966,0.0,0.0,0.0,0.0,0.0,0.0,0.0,0.0,0.0,0.0,0.0,0.0,0.0,0.0,0.0
3.286,0.6998,0.0000,0.4939,0.0,0.0,0.0,0.0,0.0,0.0,0.0,0.0,0.0,0.0,0.0,0.0,0.0,0.0,0.0
3.333,0.6998,0.0000,0.4926,0.0,0.0,0.0,0.0,0.0,0.0,0.0,0.0,0.0,0.0,0.0,0.0,0.0,0.0,0.0
3.390,0.6997,0.0000,0.4890,0.0,0.0,0.0,0.0,0.0,0.0,0.0,0.0,0.0,0.0,0.0,0.0,0.0,0.0,0.0
3.436,0.6997,0.0000,0.4873,0.0,0.0,0.0,0.0,0.0,0.0,0.0,0.0,0.0,0.0,0.0,0.0,0.0,0.0,0.0
3.486,0.6996,0.0000,0.4829,0.0,0.0,0.0,0.0,0.0,0.0,0.0,0.0,0.0,0.0,0.0,0.0,0.0,0.0,0.0
3.535,0.6996,0.0000,0.4808,0.0,0.0,0.0,0.0,0.0,0.0,0.0,0.0,0.0,0.0,0.0,0.0,0.0,0.0,0.0
3.587,0.6996,0.0000,0.4756,0.0,0.0,0.0,0.0,0.0,0.0,0.0,0.0,0.0,0.0,0.0,0.0,0.0,0.0,0.0
3.637,0.6996,0.0000,0.4732,0.0,0.0,0.0,0.0,0.0,0.0,0.0,0.0,0.0,0.0,0.0,0.0,0.0,0.0,0.0
3.687,0.6996,0.0000,0.4672,0.0,0.0,0.0,0.0,0.0,0.0,0.0,0.0,0.0,0.0,0.0,0.0,0.0,0.0,0.0
3.737,0.6996,0.0000,0.4645,0.0,0.0,0.0,0.0,0.0,0.0,0.0,0.0,0.0,0.0,0.0,0.0,0.0,0.0,0.0
3.786,0.6996,0.0000,0.4579,0.0,0.0,0.0,0.0,0.0,0.0,0.0,0.0,0.0,0.0,0.0,0.0,0.0,0.0,0.0
3.836,0.6996,0.0000,0.4549,0.0,0.0,0.0,0.0,0.0,0.0,0.0,0.0,0.0,0.0,0.0,0.0,0.0,0.0,0.0
3.890,0.6997,0.0000,0.4477,0.0,0.0,0.0,0.0,0.0,0.0,0.0,0.0,0.0,0.0,0.0,0.0,0.0,0.0,0.0
3.936,0.6997,0.0000,0.4445,0.0,0.0,0.0,0.0,0.0,0.0,0.0,0.0,0.0,0.0,0.0,0.0,0.0,0.0,0.0
3.986,0.6998,0.0000,0.4367,0.0,0.0,0.0,0.0,0.0,0.0,0.0,0.0,0.0,0.0,0.0,0.0,0.0,0.0,0.0
4.037,0.6998,0.0000,0.4332,0.0,0.0,0.0,0.0,0.0,0.0,0.0,0.0,0.0,0.0,0.0,0.0,0.0,0.0,0.0
4.087,0.6999,0.0000,0.4249,0.0,0.0,0.0,0.0,0.0,0.0,0.0,0.0,0.0,0.0,0.0,0.0,0.0,0.0,0.0
4.137,0.6999,0.0000,0.4213,0.0,0.0,0.0,0.0,0.0,0.0,0.0,0.0,0.0,0.0,0.0,0.0,0.0,0.0,0.0
4.186,0.7000,0.0000,0.4125,0.0,0.0,0.0,0.0,0.0,0.0,0.0,0.0,0.0,0.0,0.0,0.0,0.0,0.0,0.0
4.236,0.7000,0.0000,0.4086,0.0,0.0,0.0,0.0,0.0,0.0,0.0,0.0,0.0,0.0,0.0,0.0,0.0,0.0,0.0
4.286,0.7001,0.0000,0.3994,0.0,0.0,0.0,0.0,0.0,0.0,0.0,0.0,0.0,0.0,0.0,0.0,0.0,0.0,0.0
4.338,0.7002,0.0000,0.3954,0.0,0.0,0.0,0.0,0.0,0.0,0.0,0.0,0.0,0.0,0.0,0.0,0.0,0.0,0.0
4.389,0.7003,0.0000,0.3858,0.0,0.0,0.0,0.0,0.0,0.0,0.0,0.0,0.0,0.0,0.0,0.0,0.0,0.0,0.0
4.436,0.7003,-0.0000,0.3816,0.0,0.0,0.0,0.0,0.0,0.0,0.0,0.0,0.0,0.0,0.0,0.0,0.0,0.0,0.0
4.486,0.7004,-0.0000,0.3717,0.0,0.0,0.0,0.0,0.0,0.0,0.0,0.0,0.0,0.0,0.0,0.0,0.0,0.0,0.0
4.537,0.7004,-0.0000,0.3673,0.0,0.0,0.0,0.0,0.0,0.0,0.0,0.0,0.0,0.0,0.0,0.0,0.0,0.0,0.0
4.587,0.7005,-0.0000,0.3571,0.0,0.0,0.0,0.0,0.0,0.0,0.0,0.0,0.0,0.0,0.0,0.0,0.0,0.0,0.0
4.637,0.7005,-0.0000,0.3526,0.0,0.0,0.0,0.0,0.0,0.0,0.0,0.0,0.0,0.0,0.0,0.0,0.0,0.0,0.0
4.687,0.7006,-0.0000,0.3420,0.0,0.0,0.0,0.0,0.0,0.0,0.0,0.0,0.0,0.0,0.0,0.0,0.0,0.0,0.0
4.737,0.7006,-0.0000,0.3374,0.0,0.0,0.0,0.0,0.0,0.0,0.0,0.0,0.0,0.0,0.0,0.0,0.0,0.0,0.0
4.787,0.7006,-0.0000,0.3266,0.0,0.0,0.0,0.0,0.0,0.0,0.0,0.0,0.0,0.0,0.0,0.0,0.0,0.0,0.0
4.837,0.7006,-0.0000,0.3219,0.0,0.0,0.0,0.0,0.0,0.0,0.0,0.0,0.0,0.0,0.0,0.0,0.0,0.0,0.0
4.887,0.7006,-0.0000,0.3108,0.0,0.0,0.0,0.0,0.0,0.0,0.0,0.0,0.0,0.0,0.0,0.0,0.0,0.0,0.0
4.939,0.7006,-0.0000,0.3059,0.0,0.0,0.0,0.0,0.0,0.0,0.0,0.0,0.0,0.0,0.0,0.0,0.0,0.0,0.0
4.987,0.7006,-0.0000,0.2946,0.0,0.0,0.0,0.0,0.0,0.0,0.0,0.0,0.0,0.0,0.0,0.0,0.0,0.0,0.0
5.037,0.7006,-0.0000,0.2897,0.0,0.0,0.0,0.0,0.0,0.0,0.0,0.0,0.0,0.0,0.0,0.0,0.0,0.0,0.0
5.087,0.7005,-0.0000,0.2781,0.0,0.0,0.0,0.0,0.0,0.0,0.0,0.0,0.0,0.0,0.0,0.0,0.0,0.0,0.0
5.137,0.7005,-0.0000,0.2731,0.0,0.0,0.0,0.0,0.0,0.0,0.0,0.0,0.0,0.0,0.0,0.0,0.0,0.0,0.0
5.187,0.7004,-0.0000,0.2613,0.0,0.0,0.0,0.0,0.0,0.0,0.0,0.0,0.0,0.0,0.0,0.0,0.0,0.0,0.0
5.237,0.7004,-0.0000,0.2562,0.0,0.0,0.0,0.0,0.0,0.0,0.0,0.0,0.0,0.0,0.0,0.0,0.0,0.0,0.0
5.287,0.7002,-0.0000,0.2442,0.0,0.0,0.0,0.0,0.0,0.0,0.0,0.0,0.0,0.0,0.0,0.0,0.0,0.0,0.0
5.336,0.7002,-0.0000,0.2391,0.0,0.0,0.0,0.0,0.0,0.0,0.0,0.0,0.0,0.0,0.0,0.0,0.0,0.0,0.0
5.387,0.7000,-0.0000,0.2269,0.0,0.0,0.0,0.0,0.0,0.0,0.0,0.0,0.0,0.0,0.0,0.0,0.0,0.0,0.0
5.437,0.7000,-0.0000,0.2217,0.0,0.0,0.0,0.0,0.0,0.0,0.0,0.0,0.0,0.0,0.0,0.0,0.0,0.0,0.0
5.489,0.6998,-0.0000,0.2096,0.0,0.0,0.0,0.0,0.0,0.0,0.0,0.0,0.0,0.0,0.0,0.0,0.0,0.0,0.0
5.537,0.6998,-0.0000,0.2046,0.0,0.0,0.0,0.0,0.0,0.0,0.0,0.0,0.0,0.0,0.0,0.0,0.0,0.0,0.0
5.587,0.6997,-0.0000,0.1935,0.0,0.0,0.0,0.0,0.0,0.0,0.0,0.0,0.0,0.0,0.0,0.0,0.0,0.0,0.0
5.637,0.6996,-0.0000,0.1891,0.0,0.0,0.0,0.0,0.0,0.0,0.0,0.0,0.0,0.0,0.0,0.0,0.0,0.0,0.0
5.687,0.6996,-0.0000,0.1801,0.0,0.0,0.0,0.0,0.0,0.0,0.0,0.0,0.0,0.0,0.0,0.0,0.0,0.0,0.0
5.737,0.6995,-0.0000,0.1768,0.0,0.0,0.0,0.0,0.0,0.0,0.0,0.0,0.0,0.0,0.0,0.0,0.0,0.0,0.0
5.787,0.6995,-0.0000,0.1706,0.0,0.0,0.0,0.0,0.0,0.0,0.0,0.0,0.0,0.0,0.0,0.0,0.0,0.0,0.0
5.837,0.6995,-0.0000,0.1687,0.0,0.0,0.0,0.0,0.0,0.0,0.0,0.0,0.0,0.0,0.0,0.0,0.0,0.0,0.0
5.887,0.6995,-0.0000,0.1661,0.0,0.0,0.0,0.0,0.0,0.0,0.0,0.0,0.0,0.0,0.0,0.0,0.0,0.0,0.0
5.937,0.6995,-0.0000,0.1657,0.0,0.0,0.0,0.0,0.0,0.0,0.0,0.0,0.0,0.0,0.0,0.0,0.0,0.0,0.0
5.989,0.6994,-0.0000,0.1668,0.0,0.0,0.0,0.0,0.0,0.0,0.0,0.0,0.0,0.0,0.0,0.0,0.0,0.0,0.0
6.036,0.6994,-0.0000,0.1680,0.0,0.0,0.0,0.0,0.0,0.0,0.0,0.0,0.0,0.0,0.0,0.0,0.0,0.0,0.0
6.086,0.6994,-0.0001,0.1724,0.0,0.0,0.0,0.0,0.0,0.0,0.0,0.0,0.0,0.0,0.0,0.0,0.0,0.0,0.0
6.137,0.6994,-0.0001,0.1749,0.0,0.0,0.0,0.0,0.0,0.0,0.0,0.0,0.0,0.0,0.0,0.0,0.0,0.0,0.0
6.187,0.6993,-0.0001,0.1820,0.0,0.0,0.0,0.0,0.0,0.0,0.0,0.0,0.0,0.0,0.0,0.0,0.0,0.0,0.0
6.237,0.6993,-0.0001,0.1854,0.0,0.0,0.0,0.0,0.0,0.0,0.0,0.0,0.0,0.0,0.0,0.0,0.0,0.0,0.0
6.287,0.6991,-0.0001,0.1941,0.0,0.0,0.0,0.0,0.0,0.0,0.0,0.0,0.0,0.0,0.0,0.0,0.0,0.0,0.0
6.337,0.6991,-0.0001,0.1980,0.0,0.0,0.0,0.0,0.0,0.0,0.0,0.0,0.0,0.0,0.0,0.0,0.0,0.0,0.0
6.387,0.6989,-0.0001,0.2071,0.0,0.0,0.0,0.0,0.0,0.0,0.0,0.0,0.0,0.0,0.0,0.0,0.0,0.0,0.0
6.437,0.6988,-0.0001,0.2110,0.0,0.0,0.0,0.0,0.0,0.0,0.0,0.0,0.0,0.0,0.0,0.0,0.0,0.0,0.0
6.487,0.6986,-0.0001,0.2196,0.0,0.0,0.0,0.0,0.0,0.0,0.0,0.0,0.0,0.0,0.0,0.0,0.0,0.0,0.0
6.539,0.6984,-0.0001,0.2230,0.0,0.0,0.0,0.0,0.0,0.0,0.0,0.0,0.0,0.0,0.0,0.0,0.0,0.0,0.0
6.586,0.6982,-0.0000,0.2303,0.0,0.0,0.0,0.0,0.0,0.0,0.0,0.0,0.0,0.0,0.0,0.0,0.0,0.0,0.0
6.636,0.6980,-0.0000,0.2331,0.0,0.0,0.0,0.0,0.0,0.0,0.0,0.0,0.0,0.0,0.0,0.0,0.0,0.0,0.0
6.687,0.6977,-0.0000,0.2389,0.0,0.0,0.0,0.0,0.0,0.0,0.0,0.0,0.0,0.0,0.0,0.0,0.0,0.0,0.0
6.737,0.6976,-0.0000,0.2410,0.0,0.0,0.0,0.0,0.0,0.0,0.0,0.0,0.0,0.0,0.0,0.0,0.0,0.0,0.0
6.786,0.6973,-0.0000,0.2451,0.0,0.0,0.0,0.0,0.0,0.0,0.0,0.0,0.0,0.0,0.0,0.0,0.0,0.0,0.0
6.837,0.6972,-0.0000,0.2466,0.0,0.0,0.0,0.0,0.0,0.0,0.0,0.0,0.0,0.0,0.0,0.0,0.0,0.0,0.0
6.886,0.6970,-0.0000,0.2494,0.0,0.0,0.0,0.0,0.0,0.0,0.0,0.0,0.0,0.0,0.0,0.0,0.0,0.0,0.0
6.936,0.6969,-0.0000,0.2503,0.0,0.0,0.0,0.0,0.0,0.0,0.0,0.0,0.0,0.0,0.0,0.0,0.0,0.0,0.0
6.987,0.6968,-0.0000,0.2518,0.0,0.0,0.0,0.0,0.0,0.0,0.0,0.0,0.0,0.0,0.0,0.0,0.0,0.0,0.0
7.037,0.6967,-0.0000,0.2521,0.0,0.0,0.0,0.0,0.0,0.0,0.0,0.0,0.0,0.0,0.0,0.0,0.0,0.0,0.0
7.090,0.6966,-0.0000,0.2524,0.0,0.0,0.0,0.0,0.0,0.0,0.0,0.0,0.0,0.0,0.0,0.0,0.0,0.0,0.0
7.136,0.6966,-0.0000,0.2523,0.0,0.0,0.0,0.0,0.0,0.0,0.0,0.0,0.0,0.0,0.0,0.0,0.0,0.0,0.0
7.187,0.6966,-0.0000,0.2515,0.0,0.0,0.0,0.0,0.0,0.0,0.0,0.0,0.0,0.0,0.0,0.0,0.0,0.0,0.0
7.237,0.6965,-0.0000,0.2510,0.0,0.0,0.0,0.0,0.0,0.0,0.0,0.0,0.0,0.0,0.0,0.0,0.0,0.0,0.0
7.287,0.6966,-0.0000,0.2492,0.0,0.0,0.0,0.0,0.0,0.0,0.0,0.0,0.0,0.0,0.0,0.0,0.0,0.0,0.0
7.337,0.6966,-0.0000,0.2482,0.0,0.0,0.0,0.0,0.0,0.0,0.0,0.0,0.0,0.0,0.0,0.0,0.0,0.0,0.0
7.386,0.6966,-0.0000,0.2454,0.0,0.0,0.0,0.0,0.0,0.0,0.0,0.0,0.0,0.0,0.0,0.0,0.0,0.0,0.0
7.437,0.6966,-0.0000,0.2440,0.0,0.0,0.0,0.0,0.0,0.0,0.0,0.0,0.0,0.0,0.0,0.0,0.0,0.0,0.0
7.488,0.6967,-0.0000,0.2404,0.0,0.0,0.0,0.0,0.0,0.0,0.0,0.0,0.0,0.0,0.0,0.0,0.0,0.0,0.0
7.539,0.6968,-0.0000,0.2386,0.0,0.0,0.0,0.0,0.0,0.0,0.0,0.0,0.0,0.0,0.0,0.0,0.0,0.0,0.0
7.589,0.6969,-0.0000,0.2342,0.0,0.0,0.0,0.0,0.0,0.0,0.0,0.0,0.0,0.0,0.0,0.0,0.0,0.0,0.0
7.636,0.6969,-0.0000,0.2321,0.0,0.0,0.0,0.0,0.0,0.0,0.0,0.0,0.0,0.0,0.0,0.0,0.0,0.0,0.0
7.687,0.6971,-0.0000,0.2271,0.0,0.0,0.0,0.0,0.0,0.0,0.0,0.0,0.0,0.0,0.0,0.0,0.0,0.0,0.0
7.737,0.6971,-0.0001,0.2248,0.0,0.0,0.0,0.0,0.0,0.0,0.0,0.0,0.0,0.0,0.0,0.0,0.0,0.0,0.0
7.795,0.6973,-0.0001,0.2193,0.0,0.0,0.0,0.0,0.0,0.0,0.0,0.0,0.0,0.0,0.0,0.0,0.0,0.0,0.0
7.832,0.6974,-0.0001,0.2170,0.0,0.0,0.0,0.0,0.0,0.0,0.0,0.0,0.0,0.0,0.0,0.0,0.0,0.0,0.0
7.887,0.6976,-0.0001,0.2114,0.0,0.0,0.0,0.0,0.0,0.0,0.0,0.0,0.0,0.0,0.0,0.0,0.0,0.0,0.0
7.941,0.6977,-0.0001,0.2091,0.0,0.0,0.0,0.0,0.0,0.0,0.0,0.0,0.0,0.0,0.0,0.0,0.0,0.0,0.0
7.989,0.6979,-0.0001,0.2039,0.0,0.0,0.0,0.0,0.0,0.0,0.0,0.0,0.0,0.0,0.0,0.0,0.0,0.0,0.0
8.040,0.6980,-0.0001,0.2019,0.0,0.0,0.0,0.0,0.0,0.0,0.0,0.0,0.0,0.0,0.0,0.0,0.0,0.0,0.0
8.081,0.6982,-0.0001,0.1975,0.0,0.0,0.0,0.0,0.0,0.0,0.0,0.0,0.0,0.0,0.0,0.0,0.0,0.0,0.0
8.136,0.6983,-0.0001,0.1959,0.0,0.0,0.0,0.0,0.0,0.0,0.0,0.0,0.0,0.0,0.0,0.0,0.0,0.0,0.0
8.182,0.6986,-0.0001,0.1927,0.0,0.0,0.0,0.0,0.0,0.0,0.0,0.0,0.0,0.0,0.0,0.0,0.0,0.0,0.0
8.235,0.6986,-0.0001,0.1917,0.0,0.0,0.0,0.0,0.0,0.0,0.0,0.0,0.0,0.0,0.0,0.0,0.0,0.0,0.0
8.287,0.6989,-0.0001,0.1900,0.0,0.0,0.0,0.0,0.0,0.0,0.0,0.0,0.0,0.0,0.0,0.0,0.0,0.0,0.0
8.336,0.6990,-0.0001,0.1896,0.0,0.0,0.0,0.0,0.0,0.0,0.0,0.0,0.0,0.0,0.0,0.0,0.0,0.0,0.0
8.387,0.6991,-0.0001,0.1895,0.0,0.0,0.0,0.0,0.0,0.0,0.0,0.0,0.0,0.0,0.0,0.0,0.0,0.0,0.0
8.437,0.6992,-0.0001,0.1897,0.0,0.0,0.0,0.0,0.0,0.0,0.0,0.0,0.0,0.0,0.0,0.0,0.0,0.0,0.0
8.487,0.6993,-0.0001,0.1911,0.0,0.0,0.0,0.0,0.0,0.0,0.0,0.0,0.0,0.0,0.0,0.0,0.0,0.0,0.0
8.537,0.6994,-0.0001,0.1920,0.0,0.0,0.0,0.0,0.0,0.0,0.0,0.0,0.0,0.0,0.0,0.0,0.0,0.0,0.0
8.587,0.6994,-0.0001,0.1946,0.0,0.0,0.0,0.0,0.0,0.0,0.0,0.0,0.0,0.0,0.0,0.0,0.0,0.0,0.0
8.639,0.6994,-0.0001,0.1959,0.0,0.0,0.0,0.0,0.0,0.0,0.0,0.0,0.0,0.0,0.0,0.0,0.0,0.0,0.0
8.686,0.6994,-0.0001,0.1994,0.0,0.0,0.0,0.0,0.0,0.0,0.0,0.0,0.0,0.0,0.0,0.0,0.0,0.0,0.0
8.745,0.6994,-0.0001,0.2010,0.0,0.0,0.0,0.0,0.0,0.0,0.0,0.0,0.0,0.0,0.0,0.0,0.0,0.0,0.0
8.789,0.6993,-0.0001,0.2050,0.0,0.0,0.0,0.0,0.0,0.0,0.0,0.0,0.0,0.0,0.0,0.0,0.0,0.0,0.0
8.838,0.6993,-0.0001,0.2067,0.0,0.0,0.0,0.0,0.0,0.0,0.0,0.0,0.0,0.0,0.0,0.0,0.0,0.0,0.0
8.887,0.6991,-0.0001,0.2106,0.0,0.0,0.0,0.0,0.0,0.0,0.0,0.0,0.0,0.0,0.0,0.0,0.0,0.0,0.0
8.936,0.6991,-0.0001,0.2123,0.0,0.0,0.0,0.0,0.0,0.0,0.0,0.0,0.0,0.0,0.0,0.0,0.0,0.0,0.0
8.986,0.6989,-0.0001,0.2159,0.0,0.0,0.0,0.0,0.0,0.0,0.0,0.0,0.0,0.0,0.0,0.0,0.0,0.0,0.0
9.038,0.6988,-0.0001,0.2173,0.0,0.0,0.0,0.0,0.0,0.0,0.0,0.0,0.0,0.0,0.0,0.0,0.0,0.0,0.0
9.087,0.6986,-0.0001,0.2202,0.0,0.0,0.0,0.0,0.0,0.0,0.0,0.0,0.0,0.0,0.0,0.0,0.0,0.0,0.0
9.139,0.6985,-0.0001,0.2212,0.0,0.0,0.0,0.0,0.0,0.0,0.0,0.0,0.0,0.0,0.0,0.0,0.0,0.0,0.0
9.188,0.6983,-0.0001,0.2233,0.0,0.0,0.0,0.0,0.0,0.0,0.0,0.0,0.0,0.0,0.0,0.0,0.0,0.0,0.0
9.237,0.6982,-0.0001,0.2240,0.0,0.0,0.0,0.0,0.0,0.0,0.0,0.0,0.0,0.0,0.0,0.0,0.0,0.0,0.0
9.287,0.6980,-0.0001,0.2251,0.0,0.0,0.0,0.0,0.0,0.0,0.0,0.0,0.0,0.0,0.0,0.0,0.0,0.0,0.0
9.337,0.6979,-0.0001,0.2254,0.0,0.0,0.0,0.0,0.0,0.0,0.0,0.0,0.0,0.0,0.0,0.0,0.0,0.0,0.0
9.387,0.6978,-0.0001,0.2257,0.0,0.0,0.0,0.0,0.0,0.0,0.0,0.0,0.0,0.0,0.0,0.0,0.0,0.0,0.0
9.437,0.6977,-0.0001,0.2256,0.0,0.0,0.0,0.0,0.0,0.0,0.0,0.0,0.0,0.0,0.0,0.0,0.0,0.0,0.0
9.487,0.6976,-0.0001,0.2250,0.0,0.0,0.0,0.0,0.0,0.0,0.0,0.0,0.0,0.0,0.0,0.0,0.0,0.0,0.0
9.537,0.6976,-0.0001,0.2245,0.0,0.0,0.0,0.0,0.0,0.0,0.0,0.0,0.0,0.0,0.0,0.0,0.0,0.0,0.0
9.587,0.6975,-0.0001,0.2232,0.0,0.0,0.0,0.0,0.0,0.0,0.0,0.0,0.0,0.0,0.0,0.0,0.0,0.0,0.0
9.637,0.6975,-0.0001,0.2224,0.0,0.0,0.0,0.0,0.0,0.0,0.0,0.0,0.0,0.0,0.0,0.0,0.0,0.0,0.0
9.689,0.6974,-0.0001,0.2204,0.0,0.0,0.0,0.0,0.0,0.0,0.0,0.0,0.0,0.0,0.0,0.0,0.0,0.0,0.0
9.737,0.6974,-0.0001,0.2195,0.0,0.0,0.0,0.0,0.0,0.0,0.0,0.0,0.0,0.0,0.0,0.0,0.0,0.0,0.0
9.786,0.6975,-0.0001,0.2170,0.0,0.0,0.0,0.0,0.0,0.0,0.0,0.0,0.0,0.0,0.0,0.0,0.0,0.0,0.0
9.836,0.6975,-0.0001,0.2159,0.0,0.0,0.0,0.0,0.0,0.0,0.0,0.0,0.0,0.0,0.0,0.0,0.0,0.0,0.0
9.887,0.6975,-0.0001,0.2132,0.0,0.0,0.0,0.0,0.0,0.0,0.0,0.0,0.0,0.0,0.0,0.0,0.0,0.0,0.0
9.937,0.6976,-0.0001,0.2121,0.0,0.0,0.0,0.0,0.0,0.0,0.0,0.0,0.0,0.0,0.0,0.0,0.0,0.0,0.0
9.986,0.6977,-0.0001,0.2094,0.0,0.0,0.0,0.0,0.0,0.0,0.0,0.0,0.0,0.0,0.0,0.0,0.0,0.0,0.0
10.036,0.6977,-0.0001,0.2083,0.0,0.0,0.0,0.0,0.0,0.0,0.0,0.0,0.0,0.0,0.0,0.0,0.0,0.0,0.0
10.087,0.6978,-0.0001,0.2059,0.0,0.0,0.0,0.0,0.0,0.0,0.0,0.0,0.0,0.0,0.0,0.0,0.0,0.0,0.0
10.136,0.6979,-0.0001,0.2050,0.0,0.0,0.0,0.0,0.0,0.0,0.0,0.0,0.0,0.0,0.0,0.0,0.0,0.0,0.0
10.186,0.6980,-0.0001,0.2030,0.0,0.0,0.0,0.0,0.0,0.0,0.0,0.0,0.0,0.0,0.0,0.0,0.0,0.0,0.0
10.240,0.6981,-0.0001,0.2023,0.0,0.0,0.0,0.0,0.0,0.0,0.0,0.0,0.0,0.0,0.0,0.0,0.0,0.0,0.0
10.286,0.6983,-0.0001,0.2010,0.0,0.0,0.0,0.0,0.0,0.0,0.0,0.0,0.0,0.0,0.0,0.0,0.0,0.0,0.0
10.337,0.6983,-0.0001,0.2006,0.0,0.0,0.0,0.0,0.0,0.0,0.0,0.0,0.0,0.0,0.0,0.0,0.0,0.0,0.0
10.387,0.6985,-0.0001,0.1999,0.0,0.0,0.0,0.0,0.0,0.0,0.0,0.0,0.0,0.0,0.0,0.0,0.0,0.0,0.0
10.437,0.6985,-0.0001,0.1998,0.0,0.0,0.0,0.0,0.0,0.0,0.0,0.0,0.0,0.0,0.0,0.0,0.0,0.0,0.0
10.487,0.6986,-0.0001,0.1999,0.0,0.0,0.0,0.0,0.0,0.0,0.0,0.0,0.0,0.0,0.0,0.0,0.0,0.0,0.0
10.537,0.6987,-0.0001,0.2001,0.0,0.0,0.0,0.0,0.0,0.0,0.0,0.0,0.0,0.0,0.0,0.0,0.0,0.0,0.0
10.587,0.6988,-0.0001,0.2008,0.0,0.0,0.0,0.0,0.0,0.0,0.0,0.0,0.0,0.0,0.0,0.0,0.0,0.0,0.0
10.637,0.6988,-0.0001,0.2013,0.0,0.0,0.0,0.0,0.0,0.0,0.0,0.0,0.0,0.0,0.0,0.0,0.0,0.0,0.0
10.688,0.6989,-0.0001,0.2026,0.0,0.0,0.0,0.0,0.0,0.0,0.0,0.0,0.0,0.0,0.0,0.0,0.0,0.0,0.0
10.741,0.6989,-0.0001,0.2033,0.0,0.0,0.0,0.0,0.0,0.0,0.0,0.0,0.0,0.0,0.0,0.0,0.0,0.0,0.0
10.788,0.6989,-0.0001,0.2050,0.0,0.0,0.0,0.0,0.0,0.0,0.0,0.0,0.0,0.0,0.0,0.0,0.0,0.0,0.0
10.837,0.6989,-0.0001,0.2058,0.0,0.0,0.0,0.0,0.0,0.0,0.0,0.0,0.0,0.0,0.0,0.0,0.0,0.0,0.0
10.888,0.6989,-0.0001,0.2077,0.0,0.0,0.0,0.0,0.0,0.0,0.0,0.0,0.0,0.0,0.0,0.0,0.0,0.0,0.0
10.938,0.6989,-0.0001,0.2085,0.0,0.0,0.0,0.0,0.0,0.0,0.0,0.0,0.0,0.0,0.0,0.0,0.0,0.0,0.0
10.987,0.6988,-0.0001,0.2103,0.0,0.0,0.0,0.0,0.0,0.0,0.0,0.0,0.0,0.0,0.0,0.0,0.0,0.0,0.0
11.038,0.6988,-0.0001,0.2111,0.0,0.0,0.0,0.0,0.0,0.0,0.0,0.0,0.0,0.0,0.0,0.0,0.0,0.0,0.0
11.087,0.6987,-0.0001,0.2128,0.0,0.0,0.0,0.0,0.0,0.0,0.0,0.0,0.0,0.0,0.0,0.0,0.0,0.0,0.0
11.138,0.6987,-0.0001,0.2135,0.0,0.0,0.0,0.0,0.0,0.0,0.0,0.0,0.0,0.0,0.0,0.0,0.0,0.0,0.0
11.188,0.6986,-0.0001,0.2148,0.0,0.0,0.0,0.0,0.0,0.0,0.0,0.0,0.0,0.0,0.0,0.0,0.0,0.0,0.0
11.238,0.6986,-0.0001,0.2153,0.0,0.0,0.0,0.0,0.0,0.0,0.0,0.0,0.0,0.0,0.0,0.0,0.0,0.0,0.0
11.290,0.6985,-0.0001,0.2163,0.0,0.0,0.0,0.0,0.0,0.0,0.0,0.0,0.0,0.0,0.0,0.0,0.0,0.0,0.0
11.346,0.6984,-0.0001,0.2166,0.0,0.0,0.0,0.0,0.0,0.0,0.0,0.0,0.0,0.0,0.0,0.0,0.0,0.0,0.0
11.382,0.6983,-0.0001,0.2170,0.0,0.0,0.0,0.0,0.0,0.0,0.0,0.0,0.0,0.0,0.0,0.0,0.0,0.0,0.0
11.436,0.6983,-0.0001,0.2171,0.0,0.0,0.0,0.0,0.0,0.0,0.0,0.0,0.0,0.0,0.0,0.0,0.0,0.0,0.0
11.486,0.6982,-0.0001,0.2171,0.0,0.0,0.0,0.0,0.0,0.0,0.0,0.0,0.0,0.0,0.0,0.0,0.0,0.0,0.0
11.534,0.6982,-0.0001,0.2170,0.0,0.0,0.0,0.0,0.0,0.0,0.0,0.0,0.0,0.0,0.0,0.0,0.0,0.0,0.0
11.586,0.6981,-0.0001,0.2166,0.0,0.0,0.0,0.0,0.0,0.0,0.0,0.0,0.0,0.0,0.0,0.0,0.0,0.0,0.0
11.636,0.6981,-0.0001,0.2163,0.0,0.0,0.0,0.0,0.0,0.0,0.0,0.0,0.0,0.0,0.0,0.0,0.0,0.0,0.0
11.686,0.6980,-0.0001,0.2155,0.0,0.0,0.0,0.0,0.0,0.0,0.0,0.0,0.0,0.0,0.0,0.0,0.0,0.0,0.0
11.736,0.6980,-0.0001,0.2151,0.0,0.0,0.0,0.0,0.0,0.0,0.0,0.0,0.0,0.0,0.0,0.0,0.0,0.0,0.0
11.786,0.6980,-0.0001,0.2140,0.0,0.0,0.0,0.0,0.0,0.0,0.0,0.0,0.0,0.0,0.0,0.0,0.0,0.0,0.0
11.840,0.6980,-0.0001,0.2135,0.0,0.0,0.0,0.0,0.0,0.0,0.0,0.0,0.0,0.0,0.0,0.0,0.0,0.0,0.0
11.885,0.6980,-0.0001,0.2122,0.0,0.0,0.0,0.0,0.0,0.0,0.0,0.0,0.0,0.0,0.0,0.0,0.0,0.0,0.0
11.936,0.6980,-0.0001,0.2117,0.0,0.0,0.0,0.0,0.0,0.0,0.0,0.0,0.0,0.0,0.0,0.0,0.0,0.0,0.0
11.987,0.6980,-0.0001,0.2104,0.0,0.0,0.0,0.0,0.0,0.0,0.0,0.0,0.0,0.0,0.0,0.0,0.0,0.0,0.0
12.036,0.6980,-0.0001,0.2098,0.0,0.0,0.0,0.0,0.0,0.0,0.0,0.0,0.0,0.0,0.0,0.0,0.0,0.0,0.0
12.086,0.6981,-0.0001,0.2086,0.0,0.0,0.0,0.0,0.0,0.0,0.0,0.0,0.0,0.0,0.0,0.0,0.0,0.0,0.0
12.135,0.6981,-0.0001,0.2081,0.0,0.0,0.0,0.0,0.0,0.0,0.0,0.0,0.0,0.0,0.0,0.0,0.0,0.0,0.0
12.186,0.6982,-0.0001,0.2070,0.0,0.0,0.0,0.0,0.0,0.0,0.0,0.0,0.0,0.0,0.0,0.0,0.0,0.0,0.0
12.235,0.6982,-0.0001,0.2066,0.0,0.0,0.0,0.0,0.0,0.0,0.0,0.0,0.0,0.0,0.0,0.0,0.0,0.0,0.0
12.286,0.6983,-0.0001,0.2058,0.0,0.0,0.0,0.0,0.0,0.0,0.0,0.0,0.0,0.0,0.0,0.0,0.0,0.0,0.0
12.339,0.6983,-0.0001,0.2056,0.0,0.0,0.0,0.0,0.0,0.0,0.0,0.0,0.0,0.0,0.0,0.0,0.0,0.0,0.0
12.385,0.6984,-0.0001,0.2051,0.0,0.0,0.0,0.0,0.0,0.0,0.0,0.0,0.0,0.0,0.0,0.0,0.0,0.0,0.0
12.436,0.6984,-0.0001,0.2050,0.0,0.0,0.0,0.0,0.0,0.0,0.0,0.0,0.0,0.0,0.0,0.0,0.0,0.0,0.0
12.486,0.6985,-0.0001,0.2049,0.0,0.0,0.0,0.0,0.0,0.0,0.0,0.0,0.0,0.0,0.0,0.0,0.0,0.0,0.0
12.536,0.6985,-0.0001,0.2049,0.0,0.0,0.0,0.0,0.0,0.0,0.0,0.0,0.0,0.0,0.0,0.0,0.0,0.0,0.0
12.585,0.6986,-0.0001,0.2051,0.0,0.0,0.0,0.0,0.0,0.0,0.0,0.0,0.0,0.0,0.0,0.0,0.0,0.0,0.0
12.635,0.6986,-0.0001,0.2053,0.0,0.0,0.0,0.0,0.0,0.0,0.0,0.0,0.0,0.0,0.0,0.0,0.0,0.0,0.0
12.686,0.6986,-0.0001,0.2058,0.0,0.0,0.0,0.0,0.0,0.0,0.0,0.0,0.0,0.0,0.0,0.0,0.0,0.0,0.0
12.736,0.6986,-0.0001,0.2061,0.0,0.0,0.0,0.0,0.0,0.0,0.0,0.0,0.0,0.0,0.0,0.0,0.0,0.0,0.0
12.785,0.6987,-0.0001,0.2069,0.0,0.0,0.0,0.0,0.0,0.0,0.0,0.0,0.0,0.0,0.0,0.0,0.0,0.0,0.0
12.835,0.6987,-0.0001,0.2072,0.0,0.0,0.0,0.0,0.0,0.0,0.0,0.0,0.0,0.0,0.0,0.0,0.0,0.0,0.0
12.888,0.6987,-0.0001,0.2081,0.0,0.0,0.0,0.0,0.0,0.0,0.0,0.0,0.0,0.0,0.0,0.0,0.0,0.0,0.0
12.936,0.6987,-0.0001,0.2085,0.0,0.0,0.0,0.0,0.0,0.0,0.0,0.0,0.0,0.0,0.0,0.0,0.0,0.0,0.0
12.985,0.6987,-0.0001,0.2094,0.0,0.0,0.0,0.0,0.0,0.0,0.0,0.0,0.0,0.0,0.0,0.0,0.0,0.0,0.0
13.036,0.6987,-0.0001,0.2098,0.0,0.0,0.0,0.0,0.0,0.0,0.0,0.0,0.0,0.0,0.0,0.0,0.0,0.0,0.0
13.086,0.6987,-0.0001,0.2107,0.0,0.0,0.0,0.0,0.0,0.0,0.0,0.0,0.0,0.0,0.0,0.0,0.0,0.0,0.0
13.136,0.6986,-0.0001,0.2110,0.0,0.0,0.0,0.0,0.0,0.0,0.0,0.0,0.0,0.0,0.0,0.0,0.0,0.0,0.0
13.186,0.6986,-0.0001,0.2117,0.0,0.0,0.0,0.0,0.0,0.0,0.0,0.0,0.0,0.0,0.0,0.0,0.0,0.0,0.0
13.236,0.6986,-0.0001,0.2120,0.0,0.0,0.0,0.0,0.0,0.0,0.0,0.0,0.0,0.0,0.0,0.0,0.0,0.0,0.0
13.286,0.6985,-0.0001,0.2126,0.0,0.0,0.0,0.0,0.0,0.0,0.0,0.0,0.0,0.0,0.0,0.0,0.0,0.0,0.0
13.337,0.6985,-0.0001,0.2128,0.0,0.0,0.0,0.0,0.0,0.0,0.0,0.0,0.0,0.0,0.0,0.0,0.0,0.0,0.0
13.390,0.6985,-0.0001,0.2131,0.0,0.0,0.0,0.0,0.0,0.0,0.0,0.0,0.0,0.0,0.0,0.0,0.0,0.0,0.0
13.436,0.6985,-0.0001,0.2132,0.0,0.0,0.0,0.0,0.0,0.0,0.0,0.0,0.0,0.0,0.0,0.0,0.0,0.0,0.0
13.487,0.6984,-0.0001,0.2133,0.0,0.0,0.0,0.0,0.0,0.0,0.0,0.0,0.0,0.0,0.0,0.0,0.0,0.0,0.0
13.537,0.6984,-0.0001,0.2133,0.0,0.0,0.0,0.0,0.0,0.0,0.0,0.0,0.0,0.0,0.0,0.0,0.0,0.0,0.0
13.586,0.6983,-0.0001,0.2132,0.0,0.0,0.0,0.0,0.0,0.0,0.0,0.0,0.0,0.0,0.0,0.0,0.0,0.0,0.0
13.637,0.6983,-0.0001,0.2131,0.0,0.0,0.0,0.0,0.0,0.0,0.0,0.0,0.0,0.0,0.0,0.0,0.0,0.0,0.0
13.687,0.6983,-0.0001,0.2128,0.0,0.0,0.0,0.0,0.0,0.0,0.0,0.0,0.0,0.0,0.0,0.0,0.0,0.0,0.0
13.737,0.6983,-0.0001,0.2126,0.0,0.0,0.0,0.0,0.0,0.0,0.0,0.0,0.0,0.0,0.0,0.0,0.0,0.0,0.0
13.786,0.6983,-0.0001,0.2121,0.0,0.0,0.0,0.0,0.0,0.0,0.0,0.0,0.0,0.0,0.0,0.0,0.0,0.0,0.0
13.836,0.6983,-0.0001,0.2119,0.0,0.0,0.0,0.0,0.0,0.0,0.0,0.0,0.0,0.0,0.0,0.0,0.0,0.0,0.0
13.890,0.6983,-0.0001,0.2113,0.0,0.0,0.0,0.0,0.0,0.0,0.0,0.0,0.0,0.0,0.0,0.0,0.0,0.0,0.0
13.937,0.6982,-0.0001,0.2110,0.0,0.0,0.0,0.0,0.0,0.0,0.0,0.0,0.0,0.0,0.0,0.0,0.0,0.0,0.0
13.987,0.6983,-0.0001,0.2104,0.0,0.0,0.0,0.0,0.0,0.0,0.0,0.0,0.0,0.0,0.0,0.0,0.0,0.0,0.0
14.036,0.6983,-0.0001,0.2101,0.0,0.0,0.0,0.0,0.0,0.0,0.0,0.0,0.0,0.0,0.0,0.0,0.0,0.0,0.0
14.087,0.6983,-0.0001,0.2095,0.0,0.0,0.0,0.0,0.0,0.0,0.0,0.0,0.0,0.0,0.0,0.0,0.0,0.0,0.0
14.136,0.6983,-0.0001,0.2092,0.0,0.0,0.0,0.0,0.0,0.0,0.0,0.0,0.0,0.0,0.0,0.0,0.0,0.0,0.0
14.186,0.6983,-0.0001,0.2087,0.0,0.0,0.0,0.0,0.0,0.0,0.0,0.0,0.0,0.0,0.0,0.0,0.0,0.0,0.0
14.237,0.6983,-0.0001,0.2085,0.0,0.0,0.0,0.0,0.0,0.0,0.0,0.0,0.0,0.0,0.0,0.0,0.0,0.0,0.0
14.286,0.6983,-0.0001,0.2080,0.0,0.0,0.0,0.0,0.0,0.0,0.0,0.0,0.0,0.0,0.0,0.0,0.0,0.0,0.0
14.337,0.6984,-0.0001,0.2079,0.0,0.0,0.0,0.0,0.0,0.0,0.0,0.0,0.0,0.0,0.0,0.0,0.0,0.0,0.0
14.389,0.6984,-0.0001,0.2077,0.0,0.0,0.0,0.0,0.0,0.0,0.0,0.0,0.0,0.0,0.0,0.0,0.0,0.0,0.0
14.437,0.6984,-0.0001,0.2075,0.0,0.0,0.0,0.0,0.0,0.0,0.0,0.0,0.0,0.0,0.0,0.0,0.0,0.0,0.0
14.486,0.6984,-0.0001,0.2074,0.0,0.0,0.0,0.0,0.0,0.0,0.0,0.0,0.0,0.0,0.0,0.0,0.0,0.0,0.0
14.536,0.6985,-0.0001,0.2074,0.0,0.0,0.0,0.0,0.0,0.0,0.0,0.0,0.0,0.0,0.0,0.0,0.0,0.0,0.0
14.587,0.6985,-0.0001,0.2075,0.0,0.0,0.0,0.0,0.0,0.0,0.0,0.0,0.0,0.0,0.0,0.0,0.0,0.0,0.0
14.637,0.6985,-0.0001,0.2075,0.0,0.0,0.0,0.0,0.0,0.0,0.0,0.0,0.0,0.0,0.0,0.0,0.0,0.0,0.0
14.687,0.6985,-0.0001,0.2077,0.0,0.0,0.0,0.0,0.0,0.0,0.0,0.0,0.0,0.0,0.0,0.0,0.0,0.0,0.0
14.737,0.6985,-0.0001,0.2078,0.0,0.0,0.0,0.0,0.0,0.0,0.0,0.0,0.0,0.0,0.0,0.0,0.0,0.0,0.0
14.787,0.6986,-0.0001,0.2082,0.0,0.0,0.0,0.0,0.0,0.0,0.0,0.0,0.0,0.0,0.0,0.0,0.0,0.0,0.0
14.836,0.6986,-0.0001,0.2083,0.0,0.0,0.0,0.0,0.0,0.0,0.0,0.0,0.0,0.0,0.0,0.0,0.0,0.0,0.0
14.886,0.6986,-0.0001,0.2087,0.0,0.0,0.0,0.0,0.0,0.0,0.0,0.0,0.0,0.0,0.0,0.0,0.0,0.0,0.0
14.939,0.6986,-0.0001,0.2089,0.0,0.0,0.0,0.0,0.0,0.0,0.0,0.0,0.0,0.0,0.0,0.0,0.0,0.0,0.0
14.986,0.6986,-0.0001,0.2094,0.0,0.0,0.0,0.0,0.0,0.0,0.0,0.0,0.0,0.0,0.0,0.0,0.0,0.0,0.0
15.036,0.6986,-0.0001,0.2096,0.0,0.0,0.0,0.0,0.0,0.0,0.0,0.0,0.0,0.0,0.0,0.0,0.0,0.0,0.0
15.086,0.6986,-0.0001,0.2100,0.0,0.0,0.0,0.0,0.0,0.0,0.0,0.0,0.0,0.0,0.0,0.0,0.0,0.0,0.0
15.136,0.6986,-0.0001,0.2102,0.0,0.0,0.0,0.0,0.0,0.0,0.0,0.0,0.0,0.0,0.0,0.0,0.0,0.0,0.0
15.188,0.6986,-0.0001,0.2104,0.0,0.0,0.0,0.0,0.0,0.0,0.0,0.0,0.0,0.0,0.0,0.0,0.0,0.0,0.0
15.236,0.6985,-0.0001,0.2107,0.0,0.0,0.0,0.0,0.0,0.0,0.0,0.0,0.0,0.0,0.0,0.0,0.0,0.0,0.0
15.287,0.6985,-0.0001,0.2110,0.0,0.0,0.0,0.0,0.0,0.0,0.0,0.0,0.0,0.0,0.0,0.0,0.0,0.0,0.0
15.337,0.6985,-0.0001,0.2111,0.0,0.0,0.0,0.0,0.0,0.0,0.0,0.0,0.0,0.0,0.0,0.0,0.0,0.0,0.0
15.387,0.6985,-0.0001,0.2113,0.0,0.0,0.0,0.0,0.0,0.0,0.0,0.0,0.0,0.0,0.0,0.0,0.0,0.0,0.0
15.439,0.6985,-0.0001,0.2114,0.0,0.0,0.0,0.0,0.0,0.0,0.0,0.0,0.0,0.0,0.0,0.0,0.0,0.0,0.0
15.487,0.6985,-0.0001,0.2115,0.0,0.0,0.0,0.0,0.0,0.0,0.0,0.0,0.0,0.0,0.0,0.0,0.0,0.0,0.0
15.536,0.6985,-0.0001,0.2115,0.0,0.0,0.0,0.0,0.0,0.0,0.0,0.0,0.0,0.0,0.0,0.0,0.0,0.0,0.0
15.586,0.6984,-0.0001,0.2115,0.0,0.0,0.0,0.0,0.0,0.0,0.0,0.0,0.0,0.0,0.0,0.0,0.0,0.0,0.0
15.636,0.6984,-0.0001,0.2114,0.0,0.0,0.0,0.0,0.0,0.0,0.0,0.0,0.0,0.0,0.0,0.0,0.0,0.0,0.0
15.687,0.6984,-0.0001,0.2113,0.0,0.0,0.0,0.0,0.0,0.0,0.0,0.0,0.0,0.0,0.0,0.0,0.0,0.0,0.0
15.736,0.6984,-0.0001,0.2112,0.0,0.0,0.0,0.0,0.0,0.0,0.0,0.0,0.0,0.0,0.0,0.0,0.0,0.0,0.0
15.788,0.6984,-0.0001,0.2110,0.0,0.0,0.0,0.0,0.0,0.0,0.0,0.0,0.0,0.0,0.0,0.0,0.0,0.0,0.0
15.838,0.6984,-0.0001,0.2109,0.0,0.0,0.0,0.0,0.0,0.0,0.0,0.0,0.0,0.0,0.0,0.0,0.0,0.0,0.0
15.886,0.6984,-0.0001,0.2106,0.0,0.0,0.0,0.0,0.0,0.0,0.0,0.0,0.0,0.0,0.0,0.0,0.0,0.0,0.0
15.937,0.6984,-0.0001,0.2105,0.0,0.0,0.0,0.0,0.0,0.0,0.0,0.0,0.0,0.0,0.0,0.0,0.0,0.0,0.0
15.991,0.6984,-0.0001,0.2103,0.0,0.0,0.0,0.0,0.0,0.0,0.0,0.0,0.0,0.0,0.0,0.0,0.0,0.0,0.0
16.036,0.6984,-0.0001,0.2101,0.0,0.0,0.0,0.0,0.0,0.0,0.0,0.0,0.0,0.0,0.0,0.0,0.0,0.0,0.0
16.087,0.6984,-0.0001,0.2098,0.0,0.0,0.0,0.0,0.0,0.0,0.0,0.0,0.0,0.0,0.0,0.0,0.0,0.0,0.0
16.137,0.6984,-0.0001,0.2097,0.0,0.0,0.0,0.0,0.0,0.0,0.0,0.0,0.0,0.0,0.0,0.0,0.0,0.0,0.0
16.187,0.6984,-0.0001,0.2094,0.0,0.0,0.0,0.0,0.0,0.0,0.0,0.0,0.0,0.0,0.0,0.0,0.0,0.0,0.0
16.236,0.6984,-0.0001,0.2093,0.0,0.0,0.0,0.0,0.0,0.0,0.0,0.0,0.0,0.0,0.0,0.0,0.0,0.0,0.0
16.287,0.6984,-0.0001,0.2090,0.0,0.0,0.0,0.0,0.0,0.0,0.0,0.0,0.0,0.0,0.0,0.0,0.0,0.0,0.0
16.337,0.6984,-0.0001,0.2090,0.0,0.0,0.0,0.0,0.0,0.0,0.0,0.0,0.0,0.0,0.0,0.0,0.0,0.0,0.0
16.387,0.6984,-0.0001,0.2088,0.0,0.0,0.0,0.0,0.0,0.0,0.0,0.0,0.0,0.0,0.0,0.0,0.0,0.0,0.0
16.436,0.6984,-0.0001,0.2087,0.0,0.0,0.0,0.0,0.0,0.0,0.0,0.0,0.0,0.0,0.0,0.0,0.0,0.0,0.0
16.487,0.6984,-0.0001,0.2087,0.0,0.0,0.0,0.0,0.0,0.0,0.0,0.0,0.0,0.0,0.0,0.0,0.0,0.0,0.0
16.540,0.6984,-0.0001,0.2087,0.0,0.0,0.0,0.0,0.0,0.0,0.0,0.0,0.0,0.0,0.0,0.0,0.0,0.0,0.0
16.587,0.6985,-0.0001,0.2087,0.0,0.0,0.0,0.0,0.0,0.0,0.0,0.0,0.0,0.0,0.0,0.0,0.0,0.0,0.0
16.636,0.6985,-0.0001,0.2087,0.0,0.0,0.0,0.0,0.0,0.0,0.0,0.0,0.0,0.0,0.0,0.0,0.0,0.0,0.0
16.687,0.6985,-0.0001,0.2087,0.0,0.0,0.0,0.0,0.0,0.0,0.0,0.0,0.0,0.0,0.0,0.0,0.0,0.0,0.0
16.737,0.6985,-0.0001,0.2088,0.0,0.0,0.0,0.0,0.0,0.0,0.0,0.0,0.0,0.0,0.0,0.0,0.0,0.0,0.0
16.787,0.6985,-0.0001,0.2089,0.0,0.0,0.0,0.0,0.0,0.0,0.0,0.0,0.0,0.0,0.0,0.0,0.0,0.0,0.0
16.837,0.6985,-0.0001,0.2090,0.0,0.0,0.0,0.0,0.0,0.0,0.0,0.0,0.0,0.0,0.0,0.0,0.0,0.0,0.0
16.887,0.6985,-0.0001,0.2092,0.0,0.0,0.0,0.0,0.0,0.0,0.0,0.0,0.0,0.0,0.0,0.0,0.0,0.0,0.0
16.937,0.6985,-0.0001,0.2093,0.0,0.0,0.0,0.0,0.0,0.0,0.0,0.0,0.0,0.0,0.0,0.0,0.0,0.0,0.0
16.987,0.6985,-0.0001,0.2095,0.0,0.0,0.0,0.0,0.0,0.0,0.0,0.0,0.0,0.0,0.0,0.0,0.0,0.0,0.0
17.039,0.6985,-0.0001,0.2096,0.0,0.0,0.0,0.0,0.0,0.0,0.0,0.0,0.0,0.0,0.0,0.0,0.0,0.0,0.0
17.087,0.6985,-0.0001,0.2098,0.0,0.0,0.0,0.0,0.0,0.0,0.0,0.0,0.0,0.0,0.0,0.0,0.0,0.0,0.0
17.136,0.6985,-0.0001,0.2099,0.0,0.0,0.0,0.0,0.0,0.0,0.0,0.0,0.0,0.0,0.0,0.0,0.0,0.0,0.0
17.187,0.6985,-0.0001,0.2101,0.0,0.0,0.0,0.0,0.0,0.0,0.0,0.0,0.0,0.0,0.0,0.0,0.0,0.0,0.0
17.236,0.6985,-0.0001,0.2102,0.0,0.0,0.0,0.0,0.0,0.0,0.0,0.0,0.0,0.0,0.0,0.0,0.0,0.0,0.0
17.287,0.6985,-0.0001,0.2103,0.0,0.0,0.0,0.0,0.0,0.0,0.0,0.0,0.0,0.0,0.0,0.0,0.0,0.0,0.0
17.336,0.6985,-0.0001,0.2104,0.0,0.0,0.0,0.0,0.0,0.0,0.0,0.0,0.0,0.0,0.0,0.0,0.0,0.0,0.0
17.386,0.6985,-0.0001,0.2105,0.0,0.0,0.0,0.0,0.0,0.0,0.0,0.0,0.0,0.0,0.0,0.0,0.0,0.0,0.0
17.436,0.6985,-0.0001,0.2105,0.0,0.0,0.0,0.0,0.0,0.0,0.0,0.0,0.0,0.0,0.0,0.0,0.0,0.0,0.0
17.487,0.6985,-0.0001,0.2106,0.0,0.0,0.0,0.0,0.0,0.0,0.0,0.0,0.0,0.0,0.0,0.0,0.0,0.0,0.0
17.540,0.6985,-0.0001,0.2106,0.0,0.0,0.0,0.0,0.0,0.0,0.0,0.0,0.0,0.0,0.0,0.0,0.0,0.0,0.0
17.587,0.6985,-0.0001,0.2106,0.0,0.0,0.0,0.0,0.0,0.0,0.0,0.0,0.0,0.0,0.0,0.0,0.0,0.0,0.0
17.637,0.6985,-0.0001,0.2106,0.0,0.0,0.0,0.0,0.0,0.0,0.0,0.0,0.0,0.0,0.0,0.0,0.0,0.0,0.0
17.687,0.6984,-0.0001,0.2106,0.0,0.0,0.0,0.0,0.0,0.0,0.0,0.0,0.0,0.0,0.0,0.0,0.0,0.0,0.0
17.737,0.6984,-0.0001,0.2105,0.0,0.0,0.0,0.0,0.0,0.0,0.0,0.0,0.0,0.0,0.0,0.0,0.0,0.0,0.0
17.787,0.6984,-0.0001,0.2104,0.0,0.0,0.0,0.0,0.0,0.0,0.0,0.0,0.0,0.0,0.0,0.0,0.0,0.0,0.0
17.837,0.6984,-0.0001,0.2104,0.0,0.0,0.0,0.0,0.0,0.0,0.0,0.0,0.0,0.0,0.0,0.0,0.0,0.0,0.0
17.887,0.6984,-0.0001,0.2103,0.0,0.0,0.0,0.0,0.0,0.0,0.0,0.0,0.0,0.0,0.0,0.0,0.0,0.0,0.0
17.937,0.6984,-0.0001,0.2102,0.0,0.0,0.0,0.0,0.0,0.0,0.0,0.0,0.0,0.0,0.0,0.0,0.0,0.0,0.0
17.987,0.6984,-0.0001,0.2101,0.0,0.0,0.0,0.0,0.0,0.0,0.0,0.0,0.0,0.0,0.0,0.0,0.0,0.0,0.0
18.040,0.6984,-0.0001,0.2100,0.0,0.0,0.0,0.0,0.0,0.0,0.0,0.0,0.0,0.0,0.0,0.0,0.0,0.0,0.0
18.088,0.6984,-0.0001,0.2099,0.0,0.0,0.0,0.0,0.0,0.0,0.0,0.0,0.0,0.0,0.0,0.0,0.0,0.0,0.0
18.137,0.6984,-0.0001,0.2098,0.0,0.0,0.0,0.0,0.0,0.0,0.0,0.0,0.0,0.0,0.0,0.0,0.0,0.0,0.0
18.188,0.6984,-0.0001,0.2097,0.0,0.0,0.0,0.0,0.0,0.0,0.0,0.0,0.0,0.0,0.0,0.0,0.0,0.0,0.0
18.237,0.6984,-0.0001,0.2096,0.0,0.0,0.0,0.0,0.0,0.0,0.0,0.0,0.0,0.0,0.0,0.0,0.0,0.0,0.0
18.287,0.6984,-0.0001,0.2095,0.0,0.0,0.0,0.0,0.0,0.0,0.0,0.0,0.0,0.0,0.0,0.0,0.0,0.0,0.0
18.337,0.6984,-0.0001,0.2094,0.0,0.0,0.0,0.0,0.0,0.0,0.0,0.0,0.0,0.0,0.0,0.0,0.0,0.0,0.0
18.388,0.6984,-0.0001,0.2093,0.0,0.0,0.0,0.0,0.0,0.0,0.0,0.0,0.0,0.0,0.0,0.0,0.0,0.0,0.0
18.437,0.6984,-0.0001,0.2093,0.0,0.0,0.0,0.0,0.0,0.0,0.0,0.0,0.0,0.0,0.0,0.0,0.0,0.0,0.0
18.488,0.6984,-0.0001,0.2093,0.0,0.0,0.0,0.0,0.0,0.0,0.0,0.0,0.0,0.0,0.0,0.0,0.0,0.0,0.0
18.539,0.6985,-0.0001,0.2093,0.0,0.0,0.0,0.0,0.0,0.0,0.0,0.0,0.0,0.0,0.0,0.0,0.0,0.0,0.0
18.587,0.6985,-0.0001,0.2092,0.0,0.0,0.0,0.0,0.0,0.0,0.0,0.0,0.0,0.0,0.0,0.0,0.0,0.0,0.0
18.637,0.6985,-0.0001,0.2092,0.0,0.0,0.0,0.0,0.0,0.0,0.0,0.0,0.0,0.0,0.0,0.0,0.0,0.0,0.0
18.687,0.6985,-0.0001,0.2093,0.0,0.0,0.0,0.0,0.0,0.0,0.0,0.0,0.0,0.0,0.0,0.0,0.0,0.0,0.0
18.737,0.6985,-0.0001,0.2093,0.0,0.0,0.0,0.0,0.0,0.0,0.0,0.0,0.0,0.0,0.0,0.0,0.0,0.0,0.0
18.787,0.6985,-0.0001,0.2094,0.0,0.0,0.0,0.0,0.0,0.0,0.0,0.0,0.0,0.0,0.0,0.0,0.0,0.0,0.0
18.837,0.6985,-0.0001,0.2094,0.0,0.0,0.0,0.0,0.0,0.0,0.0,0.0,0.0,0.0,0.0,0.0,0.0,0.0,0.0
18.888,0.6985,-0.0001,0.2095,0.0,0.0,0.0,0.0,0.0,0.0,0.0,0.0,0.0,0.0,0.0,0.0,0.0,0.0,0.0
18.938,0.6985,-0.0001,0.2095,0.0,0.0,0.0,0.0,0.0,0.0,0.0,0.0,0.0,0.0,0.0,0.0,0.0,0.0,0.0
18.987,0.6985,-0.0001,0.2096,0.0,0.0,0.0,0.0,0.0,0.0,0.0,0.0,0.0,0.0,0.0,0.0,0.0,0.0,0.0
19.037,0.6985,-0.0001,0.2097,0.0,0.0,0.0,0.0,0.0,0.0,0.0,0.0,0.0,0.0,0.0,0.0,0.0,0.0,0.0
19.089,0.6985,-0.0001,0.2098,0.0,0.0,0.0,0.0,0.0,0.0,0.0,0.0,0.0,0.0,0.0,0.0,0.0,0.0,0.0
19.137,0.6985,-0.0001,0.2098,0.0,0.0,0.0,0.0,0.0,0.0,0.0,0.0,0.0,0.0,0.0,0.0,0.0,0.0,0.0
19.188,0.6985,-0.0001,0.2099,0.0,0.0,0.0,0.0,0.0,0.0,0.0,0.0,0.0,0.0,0.0,0.0,0.0,0.0,0.0
19.237,0.6985,-0.0001,0.2099,0.0,0.0,0.0,0.0,0.0,0.0,0.0,0.0,0.0,0.0,0.0,0.0,0.0,0.0,0.0
19.287,0.6985,-0.0001,0.2100,0.0,0.0,0.0,0.0,0.0,0.0,0.0,0.0,0.0,0.0,0.0,0.0,0.0,0.0,0.0
19.337,0.6985,-0.0001,0.2101,0.0,0.0,0.0,0.0,0.0,0.0,0.0,0.0,0.0,0.0,0.0,0.0,0.0,0.0,0.0
19.387,0.6985,-0.0001,0.2101,0.0,0.0,0.0,0.0,0.0,0.0,0.0,0.0,0.0,0.0,0.0,0.0,0.0,0.0,0.0
19.437,0.6985,-0.0001,0.2101,0.0,0.0,0.0,0.0,0.0,0.0,0.0,0.0,0.0,0.0,0.0,0.0,0.0,0.0,0.0
19.488,0.6985,-0.0001,0.2102,0.0,0.0,0.0,0.0,0.0,0.0,0.0,0.0,0.0,0.0,0.0,0.0,0.0,0.0,0.0
19.537,0.6985,-0.0001,0.2102,0.0,0.0,0.0,0.0,0.0,0.0,0.0,0.0,0.0,0.0,0.0,0.0,0.0,0.0,0.0
19.587,0.6985,-0.0001,0.2102,0.0,0.0,0.0,0.0,0.0,0.0,0.0,0.0,0.0,0.0,0.0,0.0,0.0,0.0,0.0
19.640,0.6985,-0.0001,0.2102,0.0,0.0,0.0,0.0,0.0,0.0,0.0,0.0,0.0,0.0,0.0,0.0,0.0,0.0,0.0
19.688,0.6985,-0.0001,0.2102,0.0,0.0,0.0,0.0,0.0,0.0,0.0,0.0,0.0,0.0,0.0,0.0,0.0,0.0,0.0
19.738,0.6985,-0.0001,0.2102,0.0,0.0,0.0,0.0,0.0,0.0,0.0,0.0,0.0,0.0,0.0,0.0,0.0,0.0,0.0
19.787,0.6985,-0.0001,0.2101,0.0,0.0,0.0,0.0,0.0,0.0,0.0,0.0,0.0,0.0,0.0,0.0,0.0,0.0,0.0
19.837,0.6984,-0.0001,0.2101,0.0,0.0,0.0,0.0,0.0,0.0,0.0,0.0,0.0,0.0,0.0,0.0,0.0,0.0,0.0
19.887,0.6984,-0.0001,0.2101,0.0,0.0,0.0,0.0,0.0,0.0,0.0,0.0,0.0,0.0,0.0,0.0,0.0,0.0,0.0
19.937,0.6984,-0.0001,0.2100,0.0,0.0,0.0,0.0,0.0,0.0,0.0,0.0,0.0,0.0,0.0,0.0,0.0,0.0,0.0
19.988,0.6984,-0.0001,0.2100,0.0,0.0,0.0,0.0,0.0,0.0,0.0,0.0,0.0,0.0,0.0,0.0,0.0,0.0,0.0
20.037,0.6984,-0.0001,0.2099,0.0,0.0,0.0,0.0,0.0,0.0,0.0,0.0,0.0,0.0,0.0,0.0,0.0,0.0,0.0
20.086,0.6984,-0.0001,0.2099,0.0,0.0,0.0,0.0,0.0,0.0,0.0,0.0,0.0,0.0,0.0,0.0,0.0,0.0,0.0
20.137,0.6984,-0.0001,0.2098,0.0,0.0,0.0,0.0,0.0,0.0,0.0,0.0,0.0,0.0,0.0,0.0,0.0,0.0,0.0
20.189,0.6984,-0.0001,0.2098,0.0,0.0,0.0,0.0,0.0,0.0,0.0,0.0,0.0,0.0,0.0,0.0,0.0,0.0,0.0
20.236,0.6984,-0.0001,0.2097,0.0,0.0,0.0,0.0,0.0,0.0,0.0,0.0,0.0,0.0,0.0,0.0,0.0,0.0,0.0
20.287,0.6984,-0.0001,0.2097,0.0,0.0,0.0,0.0,0.0,0.0,0.0,0.0,0.0,0.0,0.0,0.0,0.0,0.0,0.0
20.337,0.6984,-0.0001,0.2096,0.0,0.0,0.0,0.0,0.0,0.0,0.0,0.0,0.0,0.0,0.0,0.0,0.0,0.0,0.0
20.387,0.6985,-0.0001,0.2096,0.0,0.0,0.0,0.0,0.0,0.0,0.0,0.0,0.0,0.0,0.0,0.0,0.0,0.0,0.0
20.437,0.6985,-0.0001,0.2096,0.0,0.0,0.0,0.0,0.0,0.0,0.0,0.0,0.0,0.0,0.0,0.0,0.0,0.0,0.0
20.488,0.6985,-0.0001,0.2096,0.0,0.0,0.0,0.0,0.0,0.0,0.0,0.0,0.0,0.0,0.0,0.0,0.0,0.0,0.0
20.536,0.6985,-0.0001,0.2095,0.0,0.0,0.0,0.0,0.0,0.0,0.0,0.0,0.0,0.0,0.0,0.0,0.0,0.0,0.0
20.586,0.6985,-0.0001,0.2095,0.0,0.0,0.0,0.0,0.0,0.0,0.0,0.0,0.0,0.0,0.0,0.0,0.0,0.0,0.0
20.637,0.6985,-0.0001,0.2095,0.0,0.0,0.0,0.0,0.0,0.0,0.0,0.0,0.0,0.0,0.0,0.0,0.0,0.0,0.0
20.691,0.6985,-0.0001,0.2095,0.0,0.0,0.0,0.0,0.0,0.0,0.0,0.0,0.0,0.0,0.0,0.0,0.0,0.0,0.0
20.738,0.6985,-0.0001,0.2096,0.0,0.0,0.0,0.0,0.0,0.0,0.0,0.0,0.0,0.0,0.0,0.0,0.0,0.0,0.0
20.788,0.6985,-0.0001,0.2096,0.0,0.0,0.0,0.0,0.0,0.0,0.0,0.0,0.0,0.0,0.0,0.0,0.0,0.0,0.0
20.838,0.6985,-0.0001,0.2096,0.0,0.0,0.0,0.0,0.0,0.0,0.0,0.0,0.0,0.0,0.0,0.0,0.0,0.0,0.0
20.888,0.6985,-0.0001,0.2096,0.0,0.0,0.0,0.0,0.0,0.0,0.0,0.0,0.0,0.0,0.0,0.0,0.0,0.0,0.0
20.938,0.6985,-0.0001,0.2096,0.0,0.0,0.0,0.0,0.0,0.0,0.0,0.0,0.0,0.0,0.0,0.0,0.0,0.0,0.0
20.988,0.6985,-0.0001,0.2097,0.0,0.0,0.0,0.0,0.0,0.0,0.0,0.0,0.0,0.0,0.0,0.0,0.0,0.0,0.0
21.038,0.6985,-0.0001,0.2097,0.0,0.0,0.0,0.0,0.0,0.0,0.0,0.0,0.0,0.0,0.0,0.0,0.0,0.0,0.0
21.088,0.6985,-0.0001,0.2098,0.0,0.0,0.0,0.0,0.0,0.0,0.0,0.0,0.0,0.0,0.0,0.0,0.0,0.0,0.0
21.138,0.6985,-0.0001,0.2098,0.0,0.0,0.0,0.0,0.0,0.0,0.0,0.0,0.0,0.0,0.0,0.0,0.0,0.0,0.0
21.190,0.6985,-0.0001,0.2098,0.0,0.0,0.0,0.0,0.0,0.0,0.0,0.0,0.0,0.0,0.0,0.0,0.0,0.0,0.0
21.238,0.6985,-0.0001,0.2099,0.0,0.0,0.0,0.0,0.0,0.0,0.0,0.0,0.0,0.0,0.0,0.0,0.0,0.0,0.0
21.288,0.6985,-0.0001,0.2099,0.0,0.0,0.0,0.0,0.0,0.0,0.0,0.0,0.0,0.0,0.0,0.0,0.0,0.0,0.0
21.339,0.6985,-0.0001,0.2099,0.0,0.0,0.0,0.0,0.0,0.0,0.0,0.0,0.0,0.0,0.0,0.0,0.0,0.0,0.0
21.389,0.6985,-0.0001,0.2100,0.0,0.0,0.0,0.0,0.0,0.0,0.0,0.0,0.0,0.0,0.0,0.0,0.0,0.0,0.0
21.439,0.6985,-0.0001,0.2100,0.0,0.0,0.0,0.0,0.0,0.0,0.0,0.0,0.0,0.0,0.0,0.0,0.0,0.0,0.0
21.488,0.6985,-0.0001,0.2100,0.0,0.0,0.0,0.0,0.0,0.0,0.0,0.0,0.0,0.0,0.0,0.0,0.0,0.0,0.0
21.538,0.6985,-0.0001,0.2100,0.0,0.0,0.0,0.0,0.0,0.0,0.0,0.0,0.0,0.0,0.0,0.0,0.0,0.0,0.0
21.588,0.6985,-0.0001,0.2100,0.0,0.0,0.0,0.0,0.0,0.0,0.0,0.0,0.0,0.0,0.0,0.0,0.0,0.0,0.0
21.638,0.6985,-0.0001,0.2100,0.0,0.0,0.0,0.0,0.0,0.0,0.0,0.0,0.0,0.0,0.0,0.0,0.0,0.0,0.0
21.690,0.6985,-0.0001,0.2100,0.0,0.0,0.0,0.0,0.0,0.0,0.0,0.0,0.0,0.0,0.0,0.0,0.0,0.0,0.0
21.738,0.6985,-0.0001,0.2100,0.0,0.0,0.0,0.0,0.0,0.0,0.0,0.0,0.0,0.0,0.0,0.0,0.0,0.0,0.0
21.788,0.6985,-0.0001,0.2100,0.0,0.0,0.0,0.0,0.0,0.0,0.0,0.0,0.0,0.0,0.0,0.0,0.0,0.0,0.0
21.838,0.6985,-0.0001,0.2100,0.0,0.0,0.0,0.0,0.0,0.0,0.0,0.0,0.0,0.0,0.0,0.0,0.0,0.0,0.0
21.889,0.6985,-0.0001,0.2099,0.0,0.0,0.0,0.0,0.0,0.0,0.0,0.0,0.0,0.0,0.0,0.0,0.0,0.0,0.0
21.939,0.6985,-0.0001,0.2099,0.0,0.0,0.0,0.0,0.0,0.0,0.0,0.0,0.0,0.0,0.0,0.0,0.0,0.0,0.0
21.989,0.6985,-0.0001,0.2099,0.0,0.0,0.0,0.0,0.0,0.0,0.0,0.0,0.0,0.0,0.0,0.0,0.0,0.0,0.0
22.038,0.6985,-0.0001,0.2099,0.0,0.0,0.0,0.0,0.0,0.0,0.0,0.0,0.0,0.0,0.0,0.0,0.0,0.0,0.0
22.088,0.6985,-0.0001,0.2098,0.0,0.0,0.0,0.0,0.0,0.0,0.0,0.0,0.0,0.0,0.0,0.0,0.0,0.0,0.0
22.138,0.6985,-0.0001,0.2098,0.0,0.0,0.0,0.0,0.0,0.0,0.0,0.0,0.0,0.0,0.0,0.0,0.0,0.0,0.0
22.189,0.6985,-0.0001,0.2098,0.0,0.0,0.0,0.0,0.0,0.0,0.0,0.0,0.0,0.0,0.0,0.0,0.0,0.0,0.0
22.241,0.6985,-0.0001,0.2098,0.0,0.0,0.0,0.0,0.0,0.0,0.0,0.0,0.0,0.0,0.0,0.0,0.0,0.0,0.0
22.290,0.6985,-0.0001,0.2098,0.0,0.0,0.0,0.0,0.0,0.0,0.0,0.0,0.0,0.0,0.0,0.0,0.0,0.0,0.0
22.338,0.6985,-0.0001,0.2097,0.0,0.0,0.0,0.0,0.0,0.0,0.0,0.0,0.0,0.0,0.0,0.0,0.0,0.0,0.0
22.390,0.6985,-0.0001,0.2097,0.0,0.0,0.0,0.0,0.0,0.0,0.0,0.0,0.0,0.0,0.0,0.0,0.0,0.0,0.0
22.440,0.6985,-0.0001,0.2097,0.0,0.0,0.0,0.0,0.0,0.0,0.0,0.0,0.0,0.0,0.0,0.0,0.0,0.0,0.0
22.496,0.6985,-0.0001,0.2097,0.0,0.0,0.0,0.0,0.0,0.0,0.0,0.0,0.0,0.0,0.0,0.0,0.0,0.0,0.0
22.539,0.6985,-0.0001,0.2097,0.0,0.0,0.0,0.0,0.0,0.0,0.0,0.0,0.0,0.0,0.0,0.0,0.0,0.0,0.0
22.589,0.6985,-0.0001,0.2097,0.0,0.0,0.0,0.0,0.0,0.0,0.0,0.0,0.0,0.0,0.0,0.0,0.0,0.0,0.0
22.640,0.6985,-0.0001,0.2097,0.0,0.0,0.0,0.0,0.0,0.0,0.0,0.0,0.0,0.0,0.0,0.0,0.0,0.0,0.0
22.690,0.6985,-0.0001,0.2097,0.0,0.0,0.0,0.0,0.0,0.0,0.0,0.0,0.0,0.0,0.0,0.0,0.0,0.0,0.0
22.740,0.6985,-0.0001,0.2097,0.0,0.0,0.0,0.0,0.0,0.0,0.0,0.0,0.0,0.0,0.0,0.0,0.0,0.0,0.0
22.790,0.6985,-0.0001,0.2097,0.0,0.0,0.0,0.0,0.0,0.0,0.0,0.0,0.0,0.0,0.0,0.0,0.0,0.0,0.0
22.839,0.6985,-0.0001,0.2097,0.0,0.0,0.0,0.0,0.0,0.0,0.0,0.0,0.0,0.0,0.0,0.0,0.0,0.0,0.0
22.890,0.6985,-0.0001,0.2097,0.0,0.0,0.0,0.0,0.0,0.0,0.0,0.0,0.0,0.0,0.0,0.0,0.0,0.0,0.0
22.940,0.6985,-0.0001,0.2097,0.0,0.0,0.0,0.0,0.0,0.0,0.0,0.0,0.0,0.0,0.0,0.0,0.0,0.0,0.0
22.990,0.6985,-0.0001,0.2097,0.0,0.0,0.0,0.0,0.0,0.0,0.0,0.0,0.0,0.0,0.0,0.0,0.0,0.0,0.0
23.040,0.6985,-0.0001,0.2098,0.0,0.0,0.0,0.0,0.0,0.0,0.0,0.0,0.0,0.0,0.0,0.0,0.0,0.0,0.0
23.090,0.6985,-0.0001,0.2098,0.0,0.0,0.0,0.0,0.0,0.0,0.0,0.0,0.0,0.0,0.0,0.0,0.0,0.0,0.0
23.145,0.6985,-0.0001,0.2098,0.0,0.0,0.0,0.0,0.0,0.0,0.0,0.0,0.0,0.0,0.0,0.0,0.0,0.0,0.0
23.196,0.6985,-0.0001,0.2098,0.0,0.0,0.0,0.0,0.0,0.0,0.0,0.0,0.0,0.0,0.0,0.0,0.0,0.0,0.0
23.239,0.6985,-0.0001,0.2098,0.0,0.0,0.0,0.0,0.0,0.0,0.0,0.0,0.0,0.0,0.0,0.0,0.0,0.0,0.0
23.291,0.6985,-0.0001,0.2098,0.0,0.0,0.0,0.0,0.0,0.0,0.0,0.0,0.0,0.0,0.0,0.0,0.0,0.0,0.0
23.340,0.6985,-0.0001,0.2099,0.0,0.0,0.0,0.0,0.0,0.0,0.0,0.0,0.0,0.0,0.0,0.0,0.0,0.0,0.0
23.390,0.6985,-0.0001,0.2099,0.0,0.0,0.0,0.0,0.0,0.0,0.0,0.0,0.0,0.0,0.0,0.0,0.0,0.0,0.0
23.440,0.6985,-0.0001,0.2099,0.0,0.0,0.0,0.0,0.0,0.0,0.0,0.0,0.0,0.0,0.0,0.0,0.0,0.0,0.0
23.490,0.6985,-0.0001,0.2099,0.0,0.0,0.0,0.0,0.0,0.0,0.0,0.0,0.0,0.0,0.0,0.0,0.0,0.0,0.0
23.540,0.6985,-0.0001,0.2099,0.0,0.0,0.0,0.0,0.0,0.0,0.0,0.0,0.0,0.0,0.0,0.0,0.0,0.0,0.0
23.590,0.6985,-0.0001,0.2099,0.0,0.0,0.0,0.0,0.0,0.0,0.0,0.0,0.0,0.0,0.0,0.0,0.0,0.0,0.0
23.644,0.6985,-0.0001,0.2099,0.0,0.0,0.0,0.0,0.0,0.0,0.0,0.0,0.0,0.0,0.0,0.0,0.0,0.0,0.0
23.695,0.6985,-0.0001,0.2099,0.0,0.0,0.0,0.0,0.0,0.0,0.0,0.0,0.0,0.0,0.0,0.0,0.0,0.0,0.0
23.746,0.6985,-0.0001,0.2099,0.0,0.0,0.0,0.0,0.0,0.0,0.0,0.0,0.0,0.0,0.0,0.0,0.0,0.0,0.0
23.790,0.6985,-0.0001,0.2099,0.0,0.0,0.0,0.0,0.0,0.0,0.0,0.0,0.0,0.0,0.0,0.0,0.0,0.0,0.0
23.840,0.6985,-0.0001,0.2099,0.0,0.0,0.0,0.0,0.0,0.0,0.0,0.0,0.0,0.0,0.0,0.0,0.0,0.0,0.0
23.890,0.6985,-0.0001,0.2099,0.0,0.0,0.0,0.0,0.0,0.0,0.0,0.0,0.0,0.0,0.0,0.0,0.0,0.0,0.0
23.939,0.6985,-0.0001,0.2099,0.0,0.0,0.0,0.0,0.0,0.0,0.0,0.0,0.0,0.0,0.0,0.0,0.0,0.0,0.0
23.990,0.6985,-0.0001,0.2099,0.0,0.0,0.0,0.0,0.0,0.0,0.0,0.0,0.0,0.0,0.0,0.0,0.0,0.0,0.0
24.039,0.6985,-0.0001,0.2099,0.0,0.0,0.0,0.0,0.0,0.0,0.0,0.0,0.0,0.0,0.0,0.0,0.0,0.0,0.0
24.089,0.6985,-0.0001,0.2098,0.0,0.0,0.0,0.0,0.0,0.0,0.0,0.0,0.0,0.0,0.0,0.0,0.0,0.0,0.0
24.140,0.6985,-0.0001,0.2098,0.0,0.0,0.0,0.0,0.0,0.0,0.0,0.0,0.0,0.0,0.0,0.0,0.0,0.0,0.0
24.191,0.6985,-0.0001,0.2098,0.0,0.0,0.0,0.0,0.0,0.0,0.0,0.0,0.0,0.0,0.0,0.0,0.0,0.0,0.0
24.240,0.6985,-0.0001,0.2098,0.0,0.0,0.0,0.0,0.0,0.0,0.0,0.0,0.0,0.0,0.0,0.0,0.0,0.0,0.0
24.297,0.6985,-0.0001,0.2098,0.0,0.0,0.0,0.0,0.0,0.0,0.0,0.0,0.0,0.0,0.0,0.0,0.0,0.0,0.0
24.332,0.6985,-0.0001,0.2098,0.0,0.0,0.0,0.0,0.0,0.0,0.0,0.0,0.0,0.0,0.0,0.0,0.0,0.0,0.0
24.385,0.6985,-0.0001,0.2098,0.0,0.0,0.0,0.0,0.0,0.0,0.0,0.0,0.0,0.0,0.0,0.0,0.0,0.0,0.0
24.436,0.6985,-0.0001,0.2098,0.0,0.0,0.0,0.0,0.0,0.0,0.0,0.0,0.0,0.0,0.0,0.0,0.0,0.0,0.0
24.486,0.6985,-0.0001,0.2098,0.0,0.0,0.0,0.0,0.0,0.0,0.0,0.0,0.0,0.0,0.0,0.0,0.0,0.0,0.0
24.536,0.6985,-0.0001,0.2098,0.0,0.0,0.0,0.0,0.0,0.0,0.0,0.0,0.0,0.0,0.0,0.0,0.0,0.0,0.0
24.586,0.6985,-0.0001,0.2097,0.0,0.0,0.0,0.0,0.0,0.0,0.0,0.0,0.0,0.0,0.0,0.0,0.0,0.0,0.0
24.635,0.6985,-0.0001,0.2097,0.0,0.0,0.0,0.0,0.0,0.0,0.0,0.0,0.0,0.0,0.0,0.0,0.0,0.0,0.0
24.686,0.6985,-0.0001,0.2097,0.0,0.0,0.0,0.0,0.0,0.0,0.0,0.0,0.0,0.0,0.0,0.0,0.0,0.0,0.0
24.736,0.6985,-0.0001,0.2097,0.0,0.0,0.0,0.0,0.0,0.0,0.0,0.0,0.0,0.0,0.0,0.0,0.0,0.0,0.0
24.786,0.6985,-0.0001,0.2097,0.0,0.0,0.0,0.0,0.0,0.0,0.0,0.0,0.0,0.0,0.0,0.0,0.0,0.0,0.0
24.836,0.6985,-0.0001,0.2098,0.0,0.0,0.0,0.0,0.0,0.0,0.0,0.0,0.0,0.0,0.0,0.0,0.0,0.0,0.0
24.889,0.6985,-0.0001,0.2098,0.0,0.0,0.0,0.0,0.0,0.0,0.0,0.0,0.0,0.0,0.0,0.0,0.0,0.0,0.0
24.935,0.6985,-0.0001,0.2098,0.0,0.0,0.0,0.0,0.0,0.0,0.0,0.0,0.0,0.0,0.0,0.0,0.0,0.0,0.0
24.986,0.6985,-0.0001,0.2098,0.0,0.0,0.0,0.0,0.0,0.0,0.0,0.0,0.0,0.0,0.0,0.0,0.0,0.0,0.0
25.036,0.6985,-0.0001,0.2098,0.0,0.0,0.0,0.0,0.0,0.0,0.0,0.0,0.0,0.0,0.0,0.0,0.0,0.0,0.0
25.085,0.6985,-0.0001,0.2098,0.0,0.0,0.0,0.0,0.0,0.0,0.0,0.0,0.0,0.0,0.0,0.0,0.0,0.0,0.0
25.135,0.6985,-0.0001,0.2098,0.0,0.0,0.0,0.0,0.0,0.0,0.0,0.0,0.0,0.0,0.0,0.0,0.0,0.0,0.0
25.185,0.6985,-0.0001,0.2098,0.0,0.0,0.0,0.0,0.0,0.0,0.0,0.0,0.0,0.0,0.0,0.0,0.0,0.0,0.0
25.235,0.6985,-0.0001,0.2098,0.0,0.0,0.0,0.0,0.0,0.0,0.0,0.0,0.0,0.0,0.0,0.0,0.0,0.0,0.0
25.286,0.6985,-0.0001,0.2098,0.0,0.0,0.0,0.0,0.0,0.0,0.0,0.0,0.0,0.0,0.0,0.0,0.0,0.0,0.0
25.335,0.6985,-0.0001,0.2098,0.0,0.0,0.0,0.0,0.0,0.0,0.0,0.0,0.0,0.0,0.0,0.0,0.0,0.0,0.0
25.386,0.6985,-0.0001,0.2098,0.0,0.0,0.0,0.0,0.0,0.0,0.0,0.0,0.0,0.0,0.0,0.0,0.0,0.0,0.0
25.440,0.6985,-0.0001,0.2098,0.0,0.0,0.0,0.0,0.0,0.0,0.0,0.0,0.0,0.0,0.0,0.0,0.0,0.0,0.0
25.485,0.6985,-0.0001,0.2098,0.0,0.0,0.0,0.0,0.0,0.0,0.0,0.0,0.0,0.0,0.0,0.0,0.0,0.0,0.0
25.532,0.6985,-0.0001,0.2099,0.0,0.0,0.0,0.0,0.0,0.0,0.0,0.0,0.0,0.0,0.0,0.0,0.0,0.0,0.0
25.582,0.6985,-0.0001,0.2099,0.0,0.0,0.0,0.0,0.0,0.0,0.0,0.0,0.0,0.0,0.0,0.0,0.0,0.0,0.0
25.643,0.6985,-0.0001,0.2099,0.0,0.0,0.0,0.0,0.0,0.0,0.0,0.0,0.0,0.0,0.0,0.0,0.0,0.0,0.0
25.686,0.6985,-0.0001,0.2099,0.0,0.0,0.0,0.0,0.0,0.0,0.0,0.0,0.0,0.0,0.0,0.0,0.0,0.0,0.0
25.736,0.6985,-0.0001,0.2099,0.0,0.0,0.0,0.0,0.0,0.0,0.0,0.0,0.0,0.0,0.0,0.0,0.0,0.0,0.0
25.786,0.6985,-0.0001,0.2099,0.0,0.0,0.0,0.0,0.0,0.0,0.0,0.0,0.0,0.0,0.0,0.0,0.0,0.0,0.0
25.836,0.6985,-0.0001,0.2099,0.0,0.0,0.0,0.0,0.0,0.0,0.0,0.0,0.0,0.0,0.0,0.0,0.0,0.0,0.0
25.886,0.6985,-0.0001,0.2098,0.0,0.0,0.0,0.0,0.0,0.0,0.0,0.0,0.0,0.0,0.0,0.0,0.0,0.0,0.0
25.940,0.6985,-0.0001,0.2098,0.0,0.0,0.0,0.0,0.0,0.0,0.0,0.0,0.0,0.0,0.0,0.0,0.0,0.0,0.0
25.986,0.6985,-0.0001,0.2098,0.0,0.0,0.0,0.0,0.0,0.0,0.0,0.0,0.0,0.0,0.0,0.0,0.0,0.0,0.0
26.036,0.6985,-0.0001,0.2098,0.0,0.0,0.0,0.0,0.0,0.0,0.0,0.0,0.0,0.0,0.0,0.0,0.0,0.0,0.0
26.086,0.6985,-0.0001,0.2098,0.0,0.0,0.0,0.0,0.0,0.0,0.0,0.0,0.0,0.0,0.0,0.0,0.0,0.0,0.0
26.136,0.6985,-0.0001,0.2098,0.0,0.0,0.0,0.0,0.0,0.0,0.0,0.0,0.0,0.0,0.0,0.0,0.0,0.0,0.0
26.186,0.6985,-0.0001,0.2098,0.0,0.0,0.0,0.0,0.0,0.0,0.0,0.0,0.0,0.0,0.0,0.0,0.0,0.0,0.0
26.236,0.6985,-0.0001,0.2098,0.0,0.0,0.0,0.0,0.0,0.0,0.0,0.0,0.0,0.0,0.0,0.0,0.0,0.0,0.0
26.287,0.6985,-0.0001,0.2098,0.0,0.0,0.0,0.0,0.0,0.0,0.0,0.0,0.0,0.0,0.0,0.0,0.0,0.0,0.0
26.336,0.6985,-0.0001,0.2098,0.0,0.0,0.0,0.0,0.0,0.0,0.0,0.0,0.0,0.0,0.0,0.0,0.0,0.0,0.0
26.386,0.6985,-0.0001,0.2098,0.0,0.0,0.0,0.0,0.0,0.0,0.0,0.0,0.0,0.0,0.0,0.0,0.0,0.0,0.0
26.436,0.6985,-0.0001,0.2098,0.0,0.0,0.0,0.0,0.0,0.0,0.0,0.0,0.0,0.0,0.0,0.0,0.0,0.0,0.0
26.489,0.6985,-0.0001,0.2098,0.0,0.0,0.0,0.0,0.0,0.0,0.0,0.0,0.0,0.0,0.0,0.0,0.0,0.0,0.0
26.535,0.6985,-0.0001,0.2098,0.0,0.0,0.0,0.0,0.0,0.0,0.0,0.0,0.0,0.0,0.0,0.0,0.0,0.0,0.0
26.587,0.6985,-0.0001,0.2098,0.0,0.0,0.0,0.0,0.0,0.0,0.0,0.0,0.0,0.0,0.0,0.0,0.0,0.0,0.0
26.636,0.6985,-0.0001,0.2098,0.0,0.0,0.0,0.0,0.0,0.0,0.0,0.0,0.0,0.0,0.0,0.0,0.0,0.0,0.0
26.686,0.6985,-0.0001,0.2098,0.0,0.0,0.0,0.0,0.0,0.0,0.0,0.0,0.0,0.0,0.0,0.0,0.0,0.0,0.0
26.736,0.6985,-0.0001,0.2098,0.0,0.0,0.0,0.0,0.0,0.0,0.0,0.0,0.0,0.0,0.0,0.0,0.0,0.0,0.0
26.787,0.6985,-0.0001,0.2098,0.0,0.0,0.0,0.0,0.0,0.0,0.0,0.0,0.0,0.0,0.0,0.0,0.0,0.0,0.0
26.836,0.6985,-0.0001,0.2098,0.0,0.0,0.0,0.0,0.0,0.0,0.0,0.0,0.0,0.0,0.0,0.0,0.0,0.0,0.0
26.886,0.6985,-0.0001,0.2098,0.0,0.0,0.0,0.0,0.0,0.0,0.0,0.0,0.0,0.0,0.0,0.0,0.0,0.0,0.0
26.940,0.6985,-0.0001,0.2098,0.0,0.0,0.0,0.0,0.0,0.0,0.0,0.0,0.0,0.0,0.0,0.0,0.0,0.0,0.0
26.990,0.6985,-0.0001,0.2098,0.0,0.0,0.0,0.0,0.0,0.0,0.0,0.0,0.0,0.0,0.0,0.0,0.0,0.0,0.0
27.047,0.6985,-0.0001,0.2098,0.0,0.0,0.0,0.0,0.0,0.0,0.0,0.0,0.0,0.0,0.0,0.0,0.0,0.0,0.0
27.090,0.6985,-0.0001,0.2098,0.0,0.0,0.0,0.0,0.0,0.0,0.0,0.0,0.0,0.0,0.0,0.0,0.0,0.0,0.0
27.141,0.6985,-0.0001,0.2098,0.0,0.0,0.0,0.0,0.0,0.0,0.0,0.0,0.0,0.0,0.0,0.0,0.0,0.0,0.0
27.191,0.6985,-0.0001,0.2098,0.0,0.0,0.0,0.0,0.0,0.0,0.0,0.0,0.0,0.0,0.0,0.0,0.0,0.0,0.0
27.246,0.6985,-0.0001,0.2098,0.0,0.0,0.0,0.0,0.0,0.0,0.0,0.0,0.0,0.0,0.0,0.0,0.0,0.0,0.0
27.297,0.6985,-0.0001,0.2098,0.0,0.0,0.0,0.0,0.0,0.0,0.0,0.0,0.0,0.0,0.0,0.0,0.0,0.0,0.0
27.332,0.6985,-0.0001,0.2098,0.0,0.0,0.0,0.0,0.0,0.0,0.0,0.0,0.0,0.0,0.0,0.0,0.0,0.0,0.0
27.386,0.6985,-0.0001,0.2098,0.0,0.0,0.0,0.0,0.0,0.0,0.0,0.0,0.0,0.0,0.0,0.0,0.0,0.0,0.0
27.435,0.6985,-0.0001,0.2098,0.0,0.0,0.0,0.0,0.0,0.0,0.0,0.0,0.0,0.0,0.0,0.0,0.0,0.0,0.0
27.486,0.6985,-0.0001,0.2098,0.0,0.0,0.0,0.0,0.0,0.0,0.0,0.0,0.0,0.0,0.0,0.0,0.0,0.0,0.0
27.539,0.6985,-0.0001,0.2098,0.0,0.0,0.0,0.0,0.0,0.0,0.0,0.0,0.0,0.0,0.0,0.0,0.0,0.0,0.0
27.583,0.6985,-0.0001,0.2098,0.0,0.0,0.0,0.0,0.0,0.0,0.0,0.0,0.0,0.0,0.0,0.0,0.0,0.0,0.0
27.636,0.6985,-0.0001,0.2098,0.0,0.0,0.0,0.0,0.0,0.0,0.0,0.0,0.0,0.0,0.0,0.0,0.0,0.0,0.0
27.688,0.6985,-0.0001,0.2098,0.0,0.0,0.0,0.0,0.0,0.0,0.0,0.0,0.0,0.0,0.0,0.0,0.0,0.0,0.0
27.737,0.6985,-0.0001,0.2098,0.0,0.0,0.0,0.0,0.0,0.0,0.0,0.0,0.0,0.0,0.0,0.0,0.0,0.0,0.0
27.786,0.6985,-0.0001,0.2098,0.0,0.0,0.0,0.0,0.0,0.0,0.0,0.0,0.0,0.0,0.0,0.0,0.0,0.0,0.0
27.836,0.6985,-0.0001,0.2098,0.0,0.0,0.0,0.0,0.0,0.0,0.0,0.0,0.0,0.0,0.0,0.0,0.0,0.0,0.0
27.886,0.6985,-0.0001,0.2098,0.0,0.0,0.0,0.0,0.0,0.0,0.0,0.0,0.0,0.0,0.0,0.0,0.0,0.0,0.0
27.936,0.6985,-0.0001,0.2098,0.0,0.0,0.0,0.0,0.0,0.0,0.0,0.0,0.0,0.0,0.0,0.0,0.0,0.0,0.0
27.987,0.6985,-0.0001,0.2098,0.0,0.0,0.0,0.0,0.0,0.0,0.0,0.0,0.0,0.0,0.0,0.0,0.0,0.0,0.0
28.040,0.6985,-0.0001,0.2098,0.0,0.0,0.0,0.0,0.0,0.0,0.0,0.0,0.0,0.0,0.0,0.0,0.0,0.0,0.0
28.092,0.6985,-0.0001,0.2098,0.0,0.0,0.0,0.0,0.0,0.0,0.0,0.0,0.0,0.0,0.0,0.0,0.0,0.0,0.0
28.140,0.6985,-0.0001,0.2098,0.0,0.0,0.0,0.0,0.0,0.0,0.0,0.0,0.0,0.0,0.0,0.0,0.0,0.0,0.0
28.190,0.6985,-0.0001,0.2098,0.0,0.0,0.0,0.0,0.0,0.0,0.0,0.0,0.0,0.0,0.0,0.0,0.0,0.0,0.0
28.243,0.6985,-0.0001,0.2098,0.0,0.0,0.0,0.0,0.0,0.0,0.0,0.0,0.0,0.0,0.0,0.0,0.0,0.0,0.0
28.296,0.6985,-0.0001,0.2098,0.0,0.0,0.0,0.0,0.0,0.0,0.0,0.0,0.0,0.0,0.0,0.0,0.0,0.0,0.0
28.343,0.6985,-0.0001,0.2098,0.0,0.0,0.0,0.0,0.0,0.0,0.0,0.0,0.0,0.0,0.0,0.0,0.0,0.0,0.0
28.386,0.6985,-0.0001,0.2098,0.0,0.0,0.0,0.0,0.0,0.0,0.0,0.0,0.0,0.0,0.0,0.0,0.0,0.0,0.0
28.435,0.6985,-0.0001,0.2098,0.0,0.0,0.0,0.0,0.0,0.0,0.0,0.0,0.0,0.0,0.0,0.0,0.0,0.0,0.0
28.486,0.6985,-0.0001,0.2098,0.0,0.0,0.0,0.0,0.0,0.0,0.0,0.0,0.0,0.0,0.0,0.0,0.0,0.0,0.0
28.536,0.6985,-0.0001,0.2098,0.0,0.0,0.0,0.0,0.0,0.0,0.0,0.0,0.0,0.0,0.0,0.0,0.0,0.0,0.0
28.590,0.6985,-0.0001,0.2098,0.0,0.0,0.0,0.0,0.0,0.0,0.0,0.0,0.0,0.0,0.0,0.0,0.0,0.0,0.0
28.636,0.6985,-0.0001,0.2098,0.0,0.0,0.0,0.0,0.0,0.0,0.0,0.0,0.0,0.0,0.0,0.0,0.0,0.0,0.0
28.686,0.6985,-0.0001,0.2098,0.0,0.0,0.0,0.0,0.0,0.0,0.0,0.0,0.0,0.0,0.0,0.0,0.0,0.0,0.0
28.736,0.6985,-0.0001,0.2098,0.0,0.0,0.0,0.0,0.0,0.0,0.0,0.0,0.0,0.0,0.0,0.0,0.0,0.0,0.0
28.785,0.6985,-0.0001,0.2098,0.0,0.0,0.0,0.0,0.0,0.0,0.0,0.0,0.0,0.0,0.0,0.0,0.0,0.0,0.0
28.834,0.6985,-0.0001,0.2098,0.0,0.0,0.0,0.0,0.0,0.0,0.0,0.0,0.0,0.0,0.0,0.0,0.0,0.0,0.0
28.886,0.6985,-0.0001,0.2098,0.0,0.0,0.0,0.0,0.0,0.0,0.0,0.0,0.0,0.0,0.0,0.0,0.0,0.0,0.0
28.935,0.6985,-0.0001,0.2098,0.0,0.0,0.0,0.0,0.0,0.0,0.0,0.0,0.0,0.0,0.0,0.0,0.0,0.0,0.0
28.986,0.6985,-0.0001,0.2098,0.0,0.0,0.0,0.0,0.0,0.0,0.0,0.0,0.0,0.0,0.0,0.0,0.0,0.0,0.0
29.035,0.6985,-0.0001,0.2098,0.0,0.0,0.0,0.0,0.0,0.0,0.0,0.0,0.0,0.0,0.0,0.0,0.0,0.0,0.0
29.090,0.6985,-0.0001,0.2098,0.0,0.0,0.0,0.0,0.0,0.0,0.0,0.0,0.0,0.0,0.0,0.0,0.0,0.0,0.0
29.130,0.6985,-0.0001,0.2098,0.0,0.0,0.0,0.0,0.0,0.0,0.0,0.0,0.0,0.0,0.0,0.0,0.0,0.0,0.0
29.181,0.6985,-0.0001,0.2098,0.0,0.0,0.0,0.0,0.0,0.0,0.0,0.0,0.0,0.0,0.0,0.0,0.0,0.0,0.0
29.231,0.6985,-0.0001,0.2098,0.0,0.0,0.0,0.0,0.0,0.0,0.0,0.0,0.0,0.0,0.0,0.0,0.0,0.0,0.0
29.285,0.6985,-0.0001,0.2098,0.0,0.0,0.0,0.0,0.0,0.0,0.0,0.0,0.0,0.0,0.0,0.0,0.0,0.0,0.0
29.335,0.6985,-0.0001,0.2098,0.0,0.0,0.0,0.0,0.0,0.0,0.0,0.0,0.0,0.0,0.0,0.0,0.0,0.0,0.0
29.385,0.6985,-0.0001,0.2098,0.0,0.0,0.0,0.0,0.0,0.0,0.0,0.0,0.0,0.0,0.0,0.0,0.0,0.0,0.0
29.436,0.6985,-0.0001,0.2098,0.0,0.0,0.0,0.0,0.0,0.0,0.0,0.0,0.0,0.0,0.0,0.0,0.0,0.0,0.0
29.486,0.6985,-0.0001,0.2098,0.0,0.0,0.0,0.0,0.0,0.0,0.0,0.0,0.0,0.0,0.0,0.0,0.0,0.0,0.0
29.532,0.6985,-0.0001,0.2098,0.0,0.0,0.0,0.0,0.0,0.0,0.0,0.0,0.0,0.0,0.0,0.0,0.0,0.0,0.0
29.585,0.6985,-0.0001,0.2098,0.0,0.0,0.0,0.0,0.0,0.0,0.0,0.0,0.0,0.0,0.0,0.0,0.0,0.0,0.0
29.636,0.6985,-0.0001,0.2098,0.0,0.0,0.0,0.0,0.0,0.0,0.0,0.0,0.0,0.0,0.0,0.0,0.0,0.0,0.0
29.689,0.6985,-0.0001,0.2098,0.0,0.0,0.0,0.0,0.0,0.0,0.0,0.0,0.0,0.0,0.0,0.0,0.0,0.0,0.0
29.734,0.6985,-0.0001,0.2098,0.0,0.0,0.0,0.0,0.0,0.0,0.0,0.0,0.0,0.0,0.0,0.0,0.0,0.0,0.0
29.786,0.6985,-0.0001,0.2098,0.0,0.0,0.0,0.0,0.0,0.0,0.0,0.0,0.0,0.0,0.0,0.0,0.0,0.0,0.0
29.836,0.6985,-0.0001,0.2098,0.0,0.0,0.0,0.0,0.0,0.0,0.0,0.0,0.0,0.0,0.0,0.0,0.0,0.0,0.0
29.886,0.6985,-0.0001,0.2098,0.0,0.0,0.0,0.0,0.0,0.0,0.0,0.0,0.0,0.0,0.0,0.0,0.0,0.0,0.0
29.936,0.6985,-0.0001,0.2098,0.0,0.0,0.0,0.0,0.0,0.0,0.0,0.0,0.0,0.0,0.0,0.0,0.0,0.0,0.0
29.987,0.6985,-0.0001,0.2098,0.0,0.0,0.0,0.0,0.0,0.0,0.0,0.0,0.0,0.0,0.0,0.0,0.0,0.0,0.0
30.035,0.6985,-0.0001,0.2098,0.0,0.0,0.0,0.0,0.0,0.0,0.0,0.0,0.0,0.0,0.0,0.0,0.0,0.0,0.0
30.086,0.6985,-0.0001,0.2098,0.0,0.0,0.0,0.0,0.0,0.0,0.0,0.0,0.0,0.0,0.0,0.0,0.0,0.0,0.0
30.136,0.6985,-0.0001,0.2098,0.0,0.0,0.0,0.0,0.0,0.0,0.0,0.0,0.0,0.0,0.0,0.0,0.0,0.0,0.0
30.189,0.6985,-0.0001,0.2098,0.0,0.0,0.0,0.0,0.0,0.0,0.0,0.0,0.0,0.0,0.0,0.0,0.0,0.0,0.0
30.236,0.6985,-0.0001,0.2098,0.0,0.0,0.0,0.0,0.0,0.0,0.0,0.0,0.0,0.0,0.0,0.0,0.0,0.0,0.0
30.285,0.6985,-0.0001,0.2098,0.0,0.0,0.0,0.0,0.0,0.0,0.0,0.0,0.0,0.0,0.0,0.0,0.0,0.0,0.0
30.335,0.6985,-0.0001,0.2098,0.0,0.0,0.0,0.0,0.0,0.0,0.0,0.0,0.0,0.0,0.0,0.0,0.0,0.0,0.0
30.386,0.6985,-0.0001,0.2098,0.0,0.0,0.0,0.0,0.0,0.0,0.0,0.0,0.0,0.0,0.0,0.0,0.0,0.0,0.0
30.435,0.6985,-0.0001,0.2098,0.0,0.0,0.0,0.0,0.0,0.0,0.0,0.0,0.0,0.0,0.0,0.0,0.0,0.0,0.0
30.486,0.6985,-0.0001,0.2098,0.0,0.0,0.0,0.0,0.0,0.0,0.0,0.0,0.0,0.0,0.0,0.0,0.0,0.0,0.0
30.536,0.6985,-0.0001,0.2098,0.0,0.0,0.0,0.0,0.0,0.0,0.0,0.0,0.0,0.0,0.0,0.0,0.0,0.0,0.0
30.585,0.6985,-0.0001,0.2098,0.0,0.0,0.0,0.0,0.0,0.0,0.0,0.0,0.0,0.0,0.0,0.0,0.0,0.0,0.0
30.635,0.6985,-0.0001,0.2098,0.0,0.0,0.0,0.0,0.0,0.0,0.0,0.0,0.0,0.0,0.0,0.0,0.0,0.0,0.0
30.685,0.6985,-0.0001,0.2098,0.0,0.0,0.0,0.0,0.0,0.0,0.0,0.0,0.0,0.0,0.0,0.0,0.0,0.0,0.0
30.739,0.6985,-0.0001,0.2098,0.0,0.0,0.0,0.0,0.0,0.0,0.0,0.0,0.0,0.0,0.0,0.0,0.0,0.0,0.0
30.786,0.6985,-0.0001,0.2098,0.0,0.0,0.0,0.0,0.0,0.0,0.0,0.0,0.0,0.0,0.0,0.0,0.0,0.0,0.0
30.836,0.6985,-0.0001,0.2098,0.0,0.0,0.0,0.0,0.0,0.0,0.0,0.0,0.0,0.0,0.0,0.0,0.0,0.0,0.0
30.885,0.6985,-0.0001,0.2098,0.0,0.0,0.0,0.0,0.0,0.0,0.0,0.0,0.0,0.0,0.0,0.0,0.0,0.0,0.0
30.936,0.6985,-0.0001,0.2098,0.0,0.0,0.0,0.0,0.0,0.0,0.0,0.0,0.0,0.0,0.0,0.0,0.0,0.0,0.0
30.986,0.6985,-0.0001,0.2098,0.0,0.0,0.0,0.0,0.0,0.0,0.0,0.0,0.0,0.0,0.0,0.0,0.0,0.0,0.0
31.036,0.6985,-0.0001,0.2098,0.0,0.0,0.0,0.0,0.0,0.0,0.0,0.0,0.0,0.0,0.0,0.0,0.0,0.0,0.0
31.086,0.6985,-0.0001,0.2098,0.0,0.0,0.0,0.0,0.0,0.0,0.0,0.0,0.0,0.0,0.0,0.0,0.0,0.0,0.0
31.136,0.6985,-0.0001,0.2098,0.0,0.0,0.0,0.0,0.0,0.0,0.0,0.0,0.0,0.0,0.0,0.0,0.0,0.0,0.0
31.186,0.6985,-0.0001,0.2098,0.0,0.0,0.0,0.0,0.0,0.0,0.0,0.0,0.0,0.0,0.0,0.0,0.0,0.0,0.0
31.239,0.6985,-0.0001,0.2098,0.0,0.0,0.0,0.0,0.0,0.0,0.0,0.0,0.0,0.0,0.0,0.0,0.0,0.0,0.0
31.286,0.6985,-0.0001,0.2098,0.0,0.0,0.0,0.0,0.0,0.0,0.0,0.0,0.0,0.0,0.0,0.0,0.0,0.0,0.0
31.335,0.6985,-0.0001,0.2098,0.0,0.0,0.0,0.0,0.0,0.0,0.0,0.0,0.0,0.0,0.0,0.0,0.0,0.0,0.0
31.386,0.6985,-0.0001,0.2098,0.0,0.0,0.0,0.0,0.0,0.0,0.0,0.0,0.0,0.0,0.0,0.0,0.0,0.0,0.0
31.436,0.6985,-0.0001,0.2098,0.0,0.0,0.0,0.0,0.0,0.0,0.0,0.0,0.0,0.0,0.0,0.0,0.0,0.0,0.0
31.486,0.6985,-0.0001,0.2098,0.0,0.0,0.0,0.0,0.0,0.0,0.0,0.0,0.0,0.0,0.0,0.0,0.0,0.0,0.0
31.536,0.6985,-0.0001,0.2098,0.0,0.0,0.0,0.0,0.0,0.0,0.0,0.0,0.0,0.0,0.0,0.0,0.0,0.0,0.0
31.586,0.6985,-0.0001,0.2098,0.0,0.0,0.0,0.0,0.0,0.0,0.0,0.0,0.0,0.0,0.0,0.0,0.0,0.0,0.0
31.636,0.6985,-0.0001,0.2098,0.0,0.0,0.0,0.0,0.0,0.0,0.0,0.0,0.0,0.0,0.0,0.0,0.0,0.0,0.0
31.685,0.6985,-0.0001,0.2098,0.0,0.0,0.0,0.0,0.0,0.0,0.0,0.0,0.0,0.0,0.0,0.0,0.0,0.0,0.0
31.736,0.6985,-0.0001,0.2098,0.0,0.0,0.0,0.0,0.0,0.0,0.0,0.0,0.0,0.0,0.0,0.0,0.0,0.0,0.0
31.789,0.6985,-0.0001,0.2098,0.0,0.0,0.0,0.0,0.0,0.0,0.0,0.0,0.0,0.0,0.0,0.0,0.0,0.0,0.0
31.836,0.6985,-0.0001,0.2098,0.0,0.0,0.0,0.0,0.0,0.0,0.0,0.0,0.0,0.0,0.0,0.0,0.0,0.0,0.0
31.886,0.6985,-0.0001,0.2098,0.0,0.0,0.0,0.0,0.0,0.0,0.0,0.0,0.0,0.0,0.0,0.0,0.0,0.0,0.0
31.936,0.6985,-0.0001,0.2098,0.0,0.0,0.0,0.0,0.0,0.0,0.0,0.0,0.0,0.0,0.0,0.0,0.0,0.0,0.0
31.986,0.6985,-0.0001,0.2098,0.0,0.0,0.0,0.0,0.0,0.0,0.0,0.0,0.0,0.0,0.0,0.0,0.0,0.0,0.0
32.036,0.6985,-0.0001,0.2098,0.0,0.0,0.0,0.0,0.0,0.0,0.0,0.0,0.0,0.0,0.0,0.0,0.0,0.0,0.0
32.086,0.6985,-0.0001,0.2098,0.0,0.0,0.0,0.0,0.0,0.0,0.0,0.0,0.0,0.0,0.0,0.0,0.0,0.0,0.0
32.136,0.6985,-0.0001,0.2098,0.0,0.0,0.0,0.0,0.0,0.0,0.0,0.0,0.0,0.0,0.0,0.0,0.0,0.0,0.0
32.186,0.6985,-0.0001,0.2098,0.0,0.0,0.0,0.0,0.0,0.0,0.0,0.0,0.0,0.0,0.0,0.0,0.0,0.0,0.0
32.236,0.6985,-0.0001,0.2098,0.0,0.0,0.0,0.0,0.0,0.0,0.0,0.0,0.0,0.0,0.0,0.0,0.0,0.0,0.0
32.286,0.6985,-0.0001,0.2098,0.0,0.0,0.0,0.0,0.0,0.0,0.0,0.0,0.0,0.0,0.0,0.0,0.0,0.0,0.0
32.340,0.6985,-0.0001,0.2098,0.0,0.0,0.0,0.0,0.0,0.0,0.0,0.0,0.0,0.0,0.0,0.0,0.0,0.0,0.0
32.386,0.6985,-0.0001,0.2098,0.0,0.0,0.0,0.0,0.0,0.0,0.0,0.0,0.0,0.0,0.0,0.0,0.0,0.0,0.0
32.435,0.6985,-0.0001,0.2098,0.0,0.0,0.0,0.0,0.0,0.0,0.0,0.0,0.0,0.0,0.0,0.0,0.0,0.0,0.0
32.486,0.6985,-0.0001,0.2098,0.0,0.0,0.0,0.0,0.0,0.0,0.0,0.0,0.0,0.0,0.0,0.0,0.0,0.0,0.0
32.536,0.6985,-0.0001,0.2098,0.0,0.0,0.0,0.0,0.0,0.0,0.0,0.0,0.0,0.0,0.0,0.0,0.0,0.0,0.0
32.586,0.6985,-0.0001,0.2098,0.0,0.0,0.0,0.0,0.0,0.0,0.0,0.0,0.0,0.0,0.0,0.0,0.0,0.0,0.0
32.636,0.6985,-0.0001,0.2098,0.0,0.0,0.0,0.0,0.0,0.0,0.0,0.0,0.0,0.0,0.0,0.0,0.0,0.0,0.0
32.688,0.6985,-0.0001,0.2098,0.0,0.0,0.0,0.0,0.0,0.0,0.0,0.0,0.0,0.0,0.0,0.0,0.0,0.0,0.0
32.736,0.6985,-0.0001,0.2098,0.0,0.0,0.0,0.0,0.0,0.0,0.0,0.0,0.0,0.0,0.0,0.0,0.0,0.0,0.0
32.786,0.6985,-0.0001,0.2098,0.0,0.0,0.0,0.0,0.0,0.0,0.0,0.0,0.0,0.0,0.0,0.0,0.0,0.0,0.0
32.836,0.6985,-0.0001,0.2098,0.0,0.0,0.0,0.0,0.0,0.0,0.0,0.0,0.0,0.0,0.0,0.0,0.0,0.0,0.0
32.889,0.6985,-0.0001,0.2098,0.0,0.0,0.0,0.0,0.0,0.0,0.0,0.0,0.0,0.0,0.0,0.0,0.0,0.0,0.0
32.935,0.6985,-0.0001,0.2098,0.0,0.0,0.0,0.0,0.0,0.0,0.0,0.0,0.0,0.0,0.0,0.0,0.0,0.0,0.0
32.986,0.6985,-0.0001,0.2098,0.0,0.0,0.0,0.0,0.0,0.0,0.0,0.0,0.0,0.0,0.0,0.0,0.0,0.0,0.0
33.036,0.6985,-0.0001,0.2098,0.0,0.0,0.0,0.0,0.0,0.0,0.0,0.0,0.0,0.0,0.0,0.0,0.0,0.0,0.0
33.086,0.6985,-0.0001,0.2098,0.0,0.0,0.0,0.0,0.0,0.0,0.0,0.0,0.0,0.0,0.0,0.0,0.0,0.0,0.0
33.136,0.6985,-0.0001,0.2098,0.0,0.0,0.0,0.0,0.0,0.0,0.0,0.0,0.0,0.0,0.0,0.0,0.0,0.0,0.0
33.186,0.6985,-0.0001,0.2098,0.0,0.0,0.0,0.0,0.0,0.0,0.0,0.0,0.0,0.0,0.0,0.0,0.0,0.0,0.0
33.236,0.6985,-0.0001,0.2098,0.0,0.0,0.0,0.0,0.0,0.0,0.0,0.0,0.0,0.0,0.0,0.0,0.0,0.0,0.0
33.286,0.6985,-0.0001,0.2098,0.0,0.0,0.0,0.0,0.0,0.0,0.0,0.0,0.0,0.0,0.0,0.0,0.0,0.0,0.0
33.336,0.6985,-0.0001,0.2098,0.0,0.0,0.0,0.0,0.0,0.0,0.0,0.0,0.0,0.0,0.0,0.0,0.0,0.0,0.0
33.389,0.6985,-0.0001,0.2098,0.0,0.0,0.0,0.0,0.0,0.0,0.0,0.0,0.0,0.0,0.0,0.0,0.0,0.0,0.0
33.436,0.6985,-0.0001,0.2098,0.0,0.0,0.0,0.0,0.0,0.0,0.0,0.0,0.0,0.0,0.0,0.0,0.0,0.0,0.0
33.486,0.6985,-0.0001,0.2098,0.0,0.0,0.0,0.0,0.0,0.0,0.0,0.0,0.0,0.0,0.0,0.0,0.0,0.0,0.0
33.535,0.6985,-0.0001,0.2098,0.0,0.0,0.0,0.0,0.0,0.0,0.0,0.0,0.0,0.0,0.0,0.0,0.0,0.0,0.0
33.586,0.6985,-0.0001,0.2098,0.0,0.0,0.0,0.0,0.0,0.0,0.0,0.0,0.0,0.0,0.0,0.0,0.0,0.0,0.0
33.636,0.6985,-0.0001,0.2098,0.0,0.0,0.0,0.0,0.0,0.0,0.0,0.0,0.0,0.0,0.0,0.0,0.0,0.0,0.0
33.686,0.6985,-0.0001,0.2098,13.0,-4.0,1.0,0.0,0.0,0.0,0.0,0.0,0.0,0.0,0.0,0.0,0.0,0.0,0.0
33.736,0.6986,-0.0002,0.2098,13.0,-4.0,1.0,0.5093371,0.99998665,0.12949392,0.12949392,-1.0,-0.5093238,0.5093371,0.99998665,0.12949392,0.12949392,-1.0,-0.5093238
33.786,0.7008,-0.0016,0.2099,13.0,-4.0,1.0,0.5097327,0.99992865,0.13651003,0.13651003,-1.0,-0.5096614,0.5097327,0.99992865,0.13651003,0.13651003,-1.0,-0.5096614
33.836,0.7025,-0.0026,0.2100,13.0,-4.0,1.0,0.51506495,0.9990673,0.13700306,0.13700306,-1.0,-0.51413226,0.51506495,0.9990673,0.13700306,0.13700306,-1.0,-0.51413226
33.891,0.7078,-0.0059,0.2101,13.0,-4.0,1.0,0.51403594,0.9991548,0.13729368,0.13729368,-1.0,-0.5131908,0.51403594,0.9991548,0.13729368,0.13729368,-1.0,-0.5131908
33.937,0.7107,-0.0077,0.2102,13.0,-4.0,1.0,0.52286685,0.99773264,0.13812032,0.13812032,-1.0,-0.5205995,0.52286685,0.99773264,0.13812032,0.13812032,-1.0,-0.5205995
33.987,0.7188,-0.0127,0.2105,13.0,-4.0,1.0,0.519151,0.99827474,0.13827263,0.13827263,-1.0,-0.5174258,0.519151,0.99827474,0.13827263,0.13827263,-1.0,-0.5174258
34.038,0.7228,-0.0152,0.2106,13.0,-4.0,1.0,0.5313637,0.99646246,0.13935044,0.13935044,-1.0,-0.5278262,0.5313637,0.99646246,0.13935044,0.13935044,-1.0,-0.5278262
34.087,0.7333,-0.0216,0.2109,13.0,-4.0,1.0,0.5264915,0.9973004,0.1394528,0.1394528,-1.0,-0.52379197,0.5264915,0.9973004,0.1394528,0.1394528,-1.0,-0.52379197
34.137,0.7383,-0.0247,0.2110,13.0,-4.0,1.0,0.5403646,0.9952537,0.14068107,0.14068107,-1.0,-0.5356183,0.5403646,0.9952537,0.14068107,0.14068107,-1.0,-0.5356183
34.189,0.7454,-0.0290,0.2112,13.0,-4.0,1.0,0.53433853,0.9962782,0.14070381,0.14070381,-1.0,-0.53061676,0.53433853,0.9962782,0.14070381,0.14070381,-1.0,-0.53061676
34.237,0.7570,-0.0360,0.2115,13.0,-4.0,1.0,0.5394408,0.9955654,0.14143191,0.14143191,-1.0,-0.5350062,0.5394408,0.9955654,0.14143191,0.14143191,-1.0,-0.5350062
34.287,0.7717,-0.0449,0.2118,13.0,-4.0,1.0,0.55070376,0.99393296,0.1425487,0.1425487,-1.0,-0.54463667,0.55070376,0.99393296,0.1425487,0.1425487,-1.0,-0.54463667
34.337,0.7784,-0.0490,0.2120,13.0,-4.0,1.0,0.5585833,0.99286747,0.14351425,0.14351425,-1.0,-0.5514508,0.5585833,0.99286747,0.14351425,0.14351425,-1.0,-0.5514508
34.390,0.7949,-0.0589,0.2123,13.0,-4.0,1.0,0.55100465,0.9941373,0.14339428,0.14339428,-1.0,-0.5451419,0.55100465,0.9941373,0.14339428,0.14339428,-1.0,-0.5451419
34.446,0.8024,-0.0634,0.2124,13.0,-4.0,1.0,0.567142,0.9917788,0.14499989,0.14499989,-1.0,-0.55892074,0.567142,0.9917788,0.14499989,0.14499989,-1.0,-0.55892074
34.488,0.8206,-0.0742,0.2126,13.0,-4.0,1.0,0.55929506,0.9930864,0.14482346,0.14482346,-1.0,-0.5523815,0.55929506,0.9930864,0.14482346,0.14482346,-1.0,-0.5523815
34.537,0.8287,-0.0790,0.2127,13.0,-4.0,1.0,0.57498366,0.9908062,0.14651988,0.14651988,-1.0,-0.5657899,0.57498366,0.9908062,0.14651988,0.14651988,-1.0,-0.5657899
34.588,0.8483,-0.0907,0.2129,13.0,-4.0,1.0,0.5671943,0.99209803,0.14630234,0.14630234,-1.0,-0.5592923,0.5671943,0.99209803,0.14630234,0.14630234,-1.0,-0.5592923
34.638,0.8570,-0.0959,0.2129,13.0,-4.0,1.0,0.5819315,0.9899736,0.14807719,0.14807719,-1.0,-0.5719051,0.5819315,0.9899736,0.14807719,0.14807719,-1.0,-0.5719051
34.687,0.8780,-0.1084,0.2129,13.0,-4.0,1.0,0.57438004,0.9912166,0.14781876,0.14781876,-1.0,-0.5655966,0.57438004,0.9912166,0.14781876,0.14781876,-1.0,-0.5655966
34.738,0.8873,-0.1138,0.2129,13.0,-4.0,1.0,0.5875897,0.98933774,0.14965117,0.14965117,-1.0,-0.5769274,0.5875897,0.98933774,0.14965117,0.14965117,-1.0,-0.5769274
34.788,0.9094,-0.1270,0.2127,13.0,-4.0,1.0,0.5777027,0.9892853,0.13413477,0.13413477,-1.0,-0.56698793,0.5777027,0.9892853,0.13413477,0.13413477,-1.0,-0.56698793
34.838,0.9191,-0.1328,0.2126,13.0,-4.0,1.0,0.59495854,0.9888397,0.14365529,0.14365529,-1.0,-0.5837982,0.59495854,0.9888397,0.14365529,0.14365529,-1.0,-0.5837982
34.889,0.9424,-0.1465,0.2123,13.0,-4.0,1.0,0.588188,0.98988456,0.14319102,0.14319102,-1.0,-0.5780725,0.588188,0.98988456,0.14319102,0.14319102,-1.0,-0.5780725
34.938,0.9526,-0.1526,0.2121,13.0,-4.0,1.0,0.5971993,0.9885907,0.14501914,0.14501914,-1.0,-0.58579004,0.5971993,0.9885907,0.14501914,0.14501914,-1.0,-0.58579004
34.987,0.9768,-0.1669,0.2116,13.0,-4.0,1.0,0.59110284,0.98944765,0.1446435,0.1446435,-1.0,-0.5805505,0.59110284,0.98944765,0.1446435,0.1446435,-1.0,-0.5805505
35.039,0.9873,-0.1732,0.2113,13.0,-4.0,1.0,0.59824747,0.98845303,0.14651372,0.14651372,-1.0,-0.5867005,0.59824747,0.98845303,0.14651372,0.14651372,-1.0,-0.5867005
35.087,1.0107,-0.1878,0.2107,13.0,-4.0,1.0,0.5931926,0.9891257,0.14612429,0.14612429,-1.0,-0.5823183,0.5931926,0.9891257,0.14612429,0.14612429,-1.0,-0.5823183
35.137,1.0171,-0.1936,0.2106,13.0,-4.0,1.0,0.5609316,0.9946439,0.1460194,0.1460194,-1.0,-0.5555755,0.5609316,0.9946439,0.1460194,0.1460194,-1.0,-0.5555755
35.187,1.0313,-0.2073,0.2106,13.0,-4.0,1.0,0.49636844,1.0,0.14187355,0.14187355,-0.9954825,-0.50088596,0.49636844,1.0,0.14187355,0.14187355,-0.9954825,-0.50088596
35.237,1.0353,-0.2135,0.2107,13.0,-4.0,1.0,0.3677752,1.0,0.13461973,0.13461973,-0.97630304,-0.39147213,0.3677752,1.0,0.13461973,0.13461973,-0.97630304,-0.39147213
35.288,1.0453,-0.2284,0.2110,13.0,-4.0,1.0,0.47643846,1.0,0.14169963,0.14169963,-0.99377936,-0.48265907,0.47643846,1.0,0.14169963,0.14169963,-0.99377936,-0.48265907
35.337,1.0502,-0.2350,0.2111,13.0,-4.0,1.0,0.44950402,1.0,0.14072494,0.14072494,-0.989459,-0.46004504,0.44950402,1.0,0.14072494,0.14072494,-0.989459,-0.46004504
35.391,1.0613,-0.2504,0.2110,13.0,-4.0,1.0,0.4727115,1.0,0.14244393,0.14244393,-0.993479,-0.4792325,0.4727115,1.0,0.14244393,0.14244393,-0.993479,-0.4792325
35.439,1.0663,-0.2570,0.2109,13.0,-4.0,1.0,0.47550777,1.0,0.14356482,0.14356482,-0.99352556,-0.4819822,0.47550777,1.0,0.14356482,0.14356482,-0.99352556,-0.4819822
35.488,1.0777,-0.2726,0.2102,13.0,-4.0,1.0,0.48618445,1.0,0.1444134,0.1444134,-0.99544436,-0.4907401,0.48618445,1.0,0.1444134,0.1444134,-0.99544436,-0.4907401
35.538,1.0826,-0.2792,0.2098,13.0,-4.0,1.0,0.47736079,1.0,0.14509332,0.14509332,-0.9936185,-0.48374233,0.47736079,1.0,0.14509332,0.14509332,-0.9936185,-0.48374233
35.588,1.0937,-0.2948,0.2083,13.0,-4.0,1.0,0.47081348,1.0,0.14479814,0.14479814,-0.9929149,-0.47789854,0.47081348,1.0,0.14479814,0.14479814,-0.9929149,-0.47789854
35.638,1.0987,-0.3015,0.2075,13.0,-4.0,1.0,0.45945156,1.0,0.14573704,0.14573704,-0.99077123,-0.46868032,0.45945156,1.0,0.14573704,0.14573704,-0.99077123,-0.46868032
35.688,1.1101,-0.3173,0.2051,13.0,-4.0,1.0,0.46987376,1.0,0.14629641,0.14629641,-0.9927152,-0.47715858,0.46987376,1.0,0.14629641,0.14629641,-0.9927152,-0.47715858
35.738,1.1152,-0.3241,0.2040,13.0,-4.0,1.0,0.46469152,1.0,0.14805245,0.14805245,-0.9914639,-0.47322765,0.46469152,1.0,0.14805245,0.14805245,-0.9914639,-0.47322765
35.789,1.1270,-0.3401,0.2008,13.0,-4.0,1.0,0.47092098,1.0,0.14815901,0.14815901,-0.9927151,-0.47820586,0.47092098,1.0,0.14815901,0.14815901,-0.9927151,-0.47820586
35.838,1.1323,-0.3470,0.1993,13.0,-4.0,1.0,0.47209543,1.0,0.13415198,0.13415198,-0.9910839,-0.48101154,0.47209543,1.0,0.13415198,0.13415198,-0.9910839,-0.48101154
35.890,1.1449,-0.3631,0.1954,13.0,-4.0,1.0,0.47723877,1.0,0.14296626,0.14296626,-0.9930852,-0.48415357,0.47723877,1.0,0.14296626,0.14296626,-0.9930852,-0.48415357
35.947,1.1504,-0.3700,0.1936,13.0,-4.0,1.0,0.48168203,1.0,0.14589538,0.14589538,-0.9932908,-0.48839125,0.48168203,1.0,0.14589538,0.14589538,-0.9932908,-0.48839125
35.988,1.1638,-0.3862,0.1891,13.0,-4.0,1.0,0.48287782,1.0,0.14531784,0.14531784,-0.993818,-0.48905987,0.48287782,1.0,0.14531784,0.14531784,-0.993818,-0.48905987
36.039,1.1696,-0.3932,0.1869,13.0,-4.0,1.0,0.5013565,1.0,0.14962462,0.14962462,-0.9961998,-0.5051567,0.5013565,1.0,0.14962462,0.14962462,-0.9961998,-0.5051567
36.088,1.1829,-0.4079,0.1814,13.0,-4.0,1.0,0.49247706,1.0,0.14832292,0.14832292,-0.9950762,-0.4974009,0.49247706,1.0,0.14832292,0.14832292,-0.9950762,-0.4974009
36.138,1.1878,-0.4107,0.1789,13.0,-4.0,1.0,0.519441,1.0,0.15368557,0.15368557,-0.9987142,-0.5207268,0.519441,1.0,0.15368557,0.15368557,-0.9987142,-0.5207268
36.188,1.1994,-0.4163,0.1731,13.0,-4.0,1.0,0.524419,1.0,0.1528909,0.1528909,-0.9997275,-0.5246915,0.524419,1.0,0.1528909,0.1528909,-0.9997275,-0.5246915
36.238,1.2044,-0.4184,0.1705,13.0,-4.0,1.0,0.57070744,0.9928884,0.15882854,0.15882854,-1.0,-0.5635958,0.57070744,0.9928884,0.15882854,0.15882854,-1.0,-0.5635958
36.288,1.2162,-0.4224,0.1642,13.0,-4.0,1.0,0.5484123,0.99692357,0.15678768,0.15678768,-1.0,-0.5453359,0.5484123,0.99692357,0.15678768,0.15678768,-1.0,-0.5453359
36.338,1.2214,-0.4238,0.1614,13.0,-4.0,1.0,0.58787906,0.9905573,0.16275953,0.16275953,-1.0,-0.5784364,0.58787906,0.9905573,0.16275953,0.16275953,-1.0,-0.5784364
36.390,1.2336,-0.4266,0.1547,13.0,-4.0,1.0,0.5616768,0.9952497,0.16031863,0.16031863,-1.0,-0.5569265,0.5616768,0.9952497,0.16031863,0.16031863,-1.0,-0.5569265
36.446,1.2389,-0.4276,0.1518,13.0,-4.0,1.0,0.5870839,0.99109674,0.1658347,0.1658347,-1.0,-0.5781806,0.5870839,0.99109674,0.1658347,0.1658347,-1.0,-0.5781806
36.483,1.2440,-0.4294,0.1501,13.0,-4.0,1.0,0.57245755,0.9937847,0.16382715,0.16382715,-1.0,-0.5662423,0.57245755,0.9937847,0.16382715,0.16382715,-1.0,-0.5662423
36.536,1.2447,-0.4300,0.1505,13.0,-4.0,1.0,0.49288434,1.0,0.15888372,0.15888372,-0.9934465,-0.49943784,0.49288434,1.0,0.15888372,0.15888372,-0.9934465,-0.49943784
36.586,1.2457,-0.4309,0.1512,13.0,-4.0,1.0,0.5158327,1.0,0.15971406,0.15971406,-0.99729806,-0.5185346,0.5158327,1.0,0.15971406,0.15971406,-0.99729806,-0.5185346
36.633,1.2460,-0.4312,0.1514,13.0,-4.0,1.0,0.49923694,1.0,0.15867928,0.15867928,-0.9949003,-0.50433666,0.49923694,1.0,0.15867928,0.15867928,-0.9949003,-0.50433666
36.685,1.2463,-0.4312,0.1518,13.0,-4.0,1.0,0.52607596,1.0,0.16120966,0.16120966,-0.9992239,-0.52685213,0.52607596,1.0,0.16120966,0.16120966,-0.9992239,-0.52685213
36.736,1.2463,-0.4312,0.1518,13.0,-4.0,1.0,0.5301258,1.0,0.16177621,0.16177621,-0.99986225,-0.53026354,0.5301258,1.0,0.16177621,0.16177621,-0.99986225,-0.53026354
36.786,1.2461,-0.4309,0.1517,13.0,-4.0,1.0,0.5316982,0.9999004,0.16244711,0.16244711,-1.0,-0.5315986,0.5316982,0.9999004,0.16244711,0.16244711,-1.0,-0.5315986
36.836,1.2458,-0.4307,0.1515,13.0,-4.0,1.0,0.54531825,0.9976461,0.16366757,0.16366757,-1.0,-0.54296434,0.54531825,0.9976461,0.16366757,0.16366757,-1.0,-0.54296434
36.886,1.2452,-0.4301,0.1511,13.0,-4.0,1.0,0.5385691,0.9992477,0.14893119,0.14893119,-1.0,-0.5378168,0.5385691,0.9992477,0.14893119,0.14893119,-1.0,-0.5378168
36.933,1.2449,-0.4297,0.1509,13.0,-4.0,1.0,0.5691079,0.9942798,0.15772913,0.15772913,-1.0,-0.56338775,0.5691079,0.9942798,0.15772913,0.15772913,-1.0,-0.56338775
36.986,1.2439,-0.4287,0.1503,13.0,-4.0,1.0,0.56107956,0.99573064,0.15762015,0.15762015,-1.0,-0.5568102,0.56107956,0.99573064,0.15762015,0.15762015,-1.0,-0.5568102
37.034,1.2433,-0.4283,0.1502,13.0,-4.0,1.0,0.58747745,0.99131024,0.15961097,0.15961097,-1.0,-0.5787877,0.58747745,0.99131024,0.15961097,0.15961097,-1.0,-0.5787877
37.086,1.2416,-0.4271,0.1497,13.0,-4.0,1.0,0.5702611,0.99432313,0.1589665,0.1589665,-1.0,-0.56458426,0.5702611,0.99432313,0.1589665,0.1589665,-1.0,-0.56458426
37.134,1.2408,-0.4265,0.1495,13.0,-4.0,1.0,0.5900779,0.9909803,0.16055907,0.16055907,-1.0,-0.5810582,0.5900779,0.9909803,0.16055907,0.16055907,-1.0,-0.5810582
37.186,1.2390,-0.4251,0.1490,13.0,-4.0,1.0,0.58032906,0.99274975,0.16042654,0.16042654,-1.0,-0.5730789,0.58032906,0.99274975,0.16042654,0.16042654,-1.0,-0.5730789
37.236,1.2382,-0.4245,0.1487,13.0,-4.0,1.0,0.60061044,0.98942983,0.16214429,0.16214429,-1.0,-0.59004027,0.60061044,0.98942983,0.16214429,0.16214429,-1.0,-0.59004027
37.288,1.2371,-0.4236,0.1484,13.0,-4.0,1.0,0.59056324,0.99130076,0.16197877,0.16197877,-1.0,-0.581864,0.59056324,0.99130076,0.16197877,0.16197877,-1.0,-0.581864
37.337,1.2355,-0.4221,0.1478,13.0,-4.0,1.0,0.59661555,0.9903674,0.16284965,0.16284965,-1.0,-0.58698297,0.59661555,0.9903674,0.16284965,0.16284965,-1.0,-0.58698297
37.387,1.2337,-0.4203,0.1471,13.0,-4.0,1.0,0.6084102,0.98846555,0.16411182,0.16411182,-1.0,-0.5968758,0.6084102,0.98846555,0.16411182,0.16411182,-1.0,-0.5968758
37.440,1.2330,-0.4195,0.1467,13.0,-4.0,1.0,0.6105097,0.9882321,0.16483213,0.16483213,-1.0,-0.59874177,0.6105097,0.9882321,0.16483213,0.16483213,-1.0,-0.59874177
37.489,1.2313,-0.4176,0.1460,13.0,-4.0,1.0,0.60243917,0.9897188,0.16469686,0.16469686,-1.0,-0.59215796,0.60243917,0.9897188,0.16469686,0.16469686,-1.0,-0.59215796
37.538,1.2307,-0.4167,0.1457,13.0,-4.0,1.0,0.61057854,0.9883536,0.16587384,0.16587384,-1.0,-0.59893215,0.61057854,0.9883536,0.16587384,0.16587384,-1.0,-0.59893215
37.588,1.2292,-0.4148,0.1449,13.0,-4.0,1.0,0.6052957,0.9893423,0.16588144,0.16588144,-1.0,-0.594638,0.6052957,0.9893423,0.16588144,0.16588144,-1.0,-0.594638
37.640,1.2286,-0.4141,0.1446,13.0,-4.0,1.0,0.6105067,0.9884476,0.16688938,0.16688938,-1.0,-0.5989543,0.6105067,0.9884476,0.16688938,0.16688938,-1.0,-0.5989543
37.689,1.2273,-0.4123,0.1440,13.0,-4.0,1.0,0.6067659,0.9891551,0.1669746,0.1669746,-1.0,-0.59592104,0.6067659,0.9891551,0.1669746,0.1669746,-1.0,-0.59592104
37.730,1.2268,-0.4115,0.1437,13.0,-4.0,1.0,0.60934633,0.9886875,0.16781203,0.16781203,-1.0,-0.59803385,0.60934633,0.9886875,0.16781203,0.16781203,-1.0,-0.59803385
37.782,1.2257,-0.4100,0.1431,13.0,-4.0,1.0,0.60707664,0.98912615,0.16798048,0.16798048,-1.0,-0.5962028,0.60707664,0.98912615,0.16798048,0.16798048,-1.0,-0.5962028
37.836,1.2253,-0.4094,0.1427,13.0,-4.0,1.0,0.6076361,0.98898953,0.16866136,0.16866136,-1.0,-0.5966257,0.6076361,0.98898953,0.16866136,0.16866136,-1.0,-0.5966257
37.884,1.2244,-0.4094,0.1418,13.0,-4.0,1.0,0.6103592,0.98681664,0.15378073,0.15378073,-1.0,-0.59717584,0.6103592,0.98681664,0.15378073,0.15378073,-1.0,-0.59717584
37.937,1.2241,-0.4096,0.1416,13.0,-4.0,1.0,0.61383134,0.98853874,0.16199462,0.16199462,-1.0,-0.6023701,0.61383134,0.98853874,0.16199462,0.16199462,-1.0,-0.6023701
37.983,1.2239,-0.4106,0.1408,13.0,-4.0,1.0,0.60985357,0.9891582,0.16177057,0.16177057,-1.0,-0.59901184,0.60985357,0.9891582,0.16177057,0.16177057,-1.0,-0.59901184
38.036,1.2239,-0.4108,0.1405,13.0,-4.0,1.0,0.59328985,0.9918497,0.1617463,0.1617463,-1.0,-0.58513963,0.59328985,0.9918497,0.1617463,0.1617463,-1.0,-0.58513963
38.086,1.2240,-0.4108,0.1405,13.0,-4.0,1.0,0.5993061,0.9906185,0.16221267,0.16221267,-1.0,-0.58992463,0.5993061,0.9906185,0.16221267,0.16221267,-1.0,-0.58992463
38.136,1.2240,-0.4108,0.1405,13.0,-4.0,1.0,0.60205203,0.9900283,0.16266711,0.16266711,-1.0,-0.59208035,0.60205203,0.9900283,0.16266711,0.16266711,-1.0,-0.59208035
38.186,1.2240,-0.4109,0.1405,13.0,-4.0,1.0,0.60191745,0.9899484,0.16303484,0.16303484,-1.0,-0.59186584,0.60191745,0.9899484,0.16303484,0.16303484,-1.0,-0.59186584
38.236,1.2241,-0.4109,0.1406,13.0,-4.0,1.0,0.60113215,0.99004805,0.16339728,0.16339728,-1.0,-0.5911802,0.60113215,0.99004805,0.16339728,0.16339728,-1.0,-0.5911802
38.286,1.2241,-0.4109,0.1406,13.0,-4.0,1.0,0.6013045,0.9900145,0.16383348,0.16383348,-1.0,-0.59131896,0.6013045,0.9900145,0.16383348,0.16383348,-1.0,-0.59131896
38.333,1.2242,-0.4109,0.1406,13.0,-4.0,1.0,0.6005334,0.9901406,0.16419996,0.16419996,-1.0,-0.59067404,0.6005334,0.9901406,0.16419996,0.16419996,-1.0,-0.59067404
38.386,1.2243,-0.4110,0.1407,13.0,-4.0,1.0,0.6008405,0.9900826,0.16465239,0.16465239,-1.0,-0.5909232,0.6008405,0.9900826,0.16465239,0.16465239,-1.0,-0.5909232
38.436,1.2243,-0.4110,0.1407,13.0,-4.0,1.0,0.59996647,0.9902254,0.16501054,0.16501054,-1.0,-0.59019184,0.59996647,0.9902254,0.16501054,0.16501054,-1.0,-0.59019184
38.486,1.2244,-0.4111,0.1407,13.0,-4.0,1.0,0.6003524,0.9901532,0.16546905,0.16546905,-1.0,-0.59050554,0.6003524,0.9901532,0.16546905,0.16546905,-1.0,-0.59050554
38.533,1.2245,-0.4111,0.1407,13.0,-4.0,1.0,0.59944355,0.99030143,0.16582392,0.16582392,-1.0,-0.589745,0.59944355,0.99030143,0.16582392,0.16582392,-1.0,-0.589745
38.586,1.2246,-0.4112,0.1408,13.0,-4.0,1.0,0.5998706,0.9902219,0.16628322,0.16628322,-1.0,-0.59009254,0.5998706,0.9902219,0.16628322,0.16628322,-1.0,-0.59009254
38.636,1.2246,-0.4112,0.1408,13.0,-4.0,1.0,0.59899145,0.990365,0.166642,0.166642,-1.0,-0.5893565,0.59899145,0.990365,0.166642,0.166642,-1.0,-0.5893565
38.686,1.2247,-0.4113,0.1409,13.0,-4.0,1.0,0.5994281,0.990284,0.16710351,0.16710351,-1.0,-0.5897122,0.5994281,0.990284,0.16710351,0.16710351,-1.0,-0.5897122
38.736,1.2247,-0.4113,0.1409,13.0,-4.0,1.0,0.598619,0.9904157,0.16746701,0.16746701,-1.0,-0.5890347,0.598619,0.9904157,0.16746701,0.16746701,-1.0,-0.5890347
38.786,1.2248,-0.4113,0.1409,13.0,-4.0,1.0,0.59904265,0.99033743,0.16792792,0.16792792,-1.0,-0.5893801,0.59904265,0.99033743,0.16792792,0.16792792,-1.0,-0.5893801
38.836,1.2248,-0.4114,0.1409,13.0,-4.0,1.0,0.5983426,0.9904512,0.1682975,0.1682975,-1.0,-0.5887938,0.5983426,0.9904512,0.1682975,0.1682975,-1.0,-0.5887938
38.886,1.2249,-0.4114,0.1410,13.0,-4.0,1.0,0.6024553,0.98819333,0.1536829,0.1536829,-1.0,-0.59064865,0.6024553,0.98819333,0.1536829,0.1536829,-1.0,-0.59064865
38.936,1.2249,-0.4114,0.1410,13.0,-4.0,1.0,0.6011741,0.9904465,0.1609525,0.1609525,-1.0,-0.5916206,0.6011741,0.9904465,0.1609525,0.1609525,-1.0,-0.5916206
38.987,1.2250,-0.4114,0.1410,13.0,-4.0,1.0,0.6010235,0.9903926,0.16129884,0.16129884,-1.0,-0.5914162,0.6010235,0.9903926,0.16129884,0.16129884,-1.0,-0.5914162
39.037,1.2250,-0.4114,0.1410,13.0,-4.0,1.0,0.6000395,0.9904591,0.16163622,0.16163622,-1.0,-0.59049857,0.6000395,0.9904591,0.16163622,0.16163622,-1.0,-0.59049857
39.086,1.2250,-0.4115,0.1410,13.0,-4.0,1.0,0.5996916,0.9904177,0.16202155,0.16202155,-1.0,-0.59010935,0.5996916,0.9904177,0.16202155,0.16202155,-1.0,-0.59010935
39.136,1.2250,-0.4115,0.1410,13.0,-4.0,1.0,0.5988489,0.9904605,0.16237205,0.16237205,-1.0,-0.5893094,0.5988489,0.9904605,0.16237205,0.16237205,-1.0,-0.5893094
39.186,1.2250,-0.4115,0.1410,13.0,-4.0,1.0,0.5984304,0.99043286,0.16274926,0.16274926,-1.0,-0.5888632,0.5984304,0.99043286,0.16274926,0.16274926,-1.0,-0.5888632
39.236,1.2250,-0.4115,0.1410,13.0,-4.0,1.0,0.59814847,0.99045837,0.16315225,0.16315225,-1.0,-0.58860683,0.59814847,0.99045837,0.16315225,0.16315225,-1.0,-0.58860683
39.285,1.2251,-0.4115,0.1410,13.0,-4.0,1.0,0.59825075,0.9904397,0.16358669,0.16358669,-1.0,-0.58869046,0.59825075,0.9904397,0.16358669,0.16358669,-1.0,-0.58869046
39.335,1.2251,-0.4115,0.1410,13.0,-4.0,1.0,0.5981391,0.9904577,0.16400634,0.16400634,-1.0,-0.5885969,0.5981391,0.9904577,0.16400634,0.16400634,-1.0,-0.5885969
39.386,1.2251,-0.4115,0.1410,13.0,-4.0,1.0,0.5982091,0.99044496,0.16443877,0.16443877,-1.0,-0.58865404,0.5982091,0.99044496,0.16443877,0.16443877,-1.0,-0.58865404
39.436,1.2251,-0.4115,0.1410,13.0,-4.0,1.0,0.5981408,0.9904559,0.16485956,0.16485956,-1.0,-0.5885967,0.5981408,0.9904559,0.16485956,0.16485956,-1.0,-0.5885967
39.486,1.2251,-0.4115,0.1410,13.0,-4.0,1.0,0.5981918,0.9904467,0.1652919,0.1652919,-1.0,-0.5886385,0.5981918,0.9904467,0.1652919,0.1652919,-1.0,-0.5886385
39.536,1.2251,-0.4115,0.1410,13.0,-4.0,1.0,0.59816444,0.990451,0.16571702,0.16571702,-1.0,-0.5886154,0.59816444,0.990451,0.16571702,0.16571702,-1.0,-0.5886154
39.591,1.2251,-0.4115,0.1410,13.0,-4.0,1.0,0.5981939,0.99044573,0.16614632,0.16614632,-1.0,-0.5886396,0.5981939,0.99044573,0.16614632,0.16614632,-1.0,-0.5886396
39.636,1.2251,-0.4115,0.1410,13.0,-4.0,1.0,0.5981868,0.9904468,0.16657865,0.16657865,-1.0,-0.5886336,0.5981868,0.9904468,0.16657865,0.16657865,-1.0,-0.5886336
39.686,1.2251,-0.4115,0.1410,13.0,-4.0,1.0,0.59819204,0.99044585,0.16700166,0.16700166,-1.0,-0.5886379,0.59819204,0.99044585,0.16700166,0.16700166,-1.0,-0.5886379
39.736,1.2251,-0.4115,0.1410,13.0,-4.0,1.0,0.59818834,0.99044645,0.16743122,0.16743122,-1.0,-0.5886348,0.59818834,0.99044645,0.16743122,0.16743122,-1.0,-0.5886348
39.786,1.2251,-0.4115,0.1410,13.0,-4.0,1.0,0.59818137,0.9904475,0.1678533,0.1678533,-1.0,-0.5886289,0.59818137,0.9904475,0.1678533,0.1678533,-1.0,-0.5886289
39.836,1.2251,-0.4115,0.1410,13.0,-4.0,2.0,0.59817505,0.9904485,0.16828178,0.16828178,-1.0,-0.5886235,0.59817505,0.9904485,0.16828178,0.16828178,-1.0,-0.5886235
39.886,1.2251,-0.4115,0.1411,13.0,-4.0,2.0,0.6015898,0.988332,0.3318745,0.3318745,-1.0,-0.5899218,0.6015898,0.988332,0.3318745,0.3318745,-1.0,-0.5899218
39.937,1.2251,-0.4115,0.1411,13.0,-4.0,2.0,0.6011138,0.9904343,0.344447,0.344447,-1.0,-0.5915481,0.6011138,0.9904343,0.344447,0.344447,-1.0,-0.5915481
39.987,1.2251,-0.4115,0.1411,13.0,-4.0,2.0,0.6006056,0.99044704,0.34513125,0.34513125,-1.0,-0.59105265,0.6006056,0.99044704,0.34513125,0.34513125,-1.0,-0.59105265
40.036,1.2251,-0.4115,0.1411,13.0,-4.0,2.0,0.5997753,0.9904892,0.34589598,0.34589598,-1.0,-0.5902645,0.5997753,0.9904892,0.34589598,0.34589598,-1.0,-0.5902645
40.086,1.2252,-0.4116,0.1411,13.0,-4.0,2.0,0.5992358,0.99048173,0.3466977,0.3466977,-1.0,-0.58971745,0.5992358,0.99048173,0.3466977,0.3466977,-1.0,-0.58971745
40.140,1.2252,-0.4116,0.1411,13.0,-4.0,2.0,0.598299,0.990541,0.34744877,0.34744877,-1.0,-0.58884,0.598299,0.990541,0.34744877,0.34744877,-1.0,-0.58884
40.187,1.2252,-0.4116,0.1411,13.0,-4.0,2.0,0.59782594,0.9905215,0.34825704,0.34825704,-1.0,-0.58834743,0.59782594,0.9905215,0.34825704,0.34825704,-1.0,-0.58834743
40.236,1.2252,-0.4116,0.1411,13.0,-4.0,2.0,0.59728116,0.9905895,0.34909815,0.34909815,-1.0,-0.5878706,0.59728116,0.9905895,0.34909815,0.34909815,-1.0,-0.5878706
40.287,1.2253,-0.4116,0.1411,13.0,-4.0,2.0,0.59745187,0.9905574,0.3500466,0.3500466,-1.0,-0.58800924,0.59745187,0.9905574,0.3500466,0.3500466,-1.0,-0.58800924
40.337,1.2253,-0.4116,0.1412,13.0,-4.0,2.0,0.5969933,0.99063224,0.35090378,0.35090378,-1.0,-0.58762556,0.5969933,0.99063224,0.35090378,0.35090378,-1.0,-0.58762556
40.387,1.2254,-0.4117,0.1412,13.0,-4.0,2.0,0.5972009,0.9905935,0.3518589,0.3518589,-1.0,-0.58779436,0.5972009,0.9905935,0.3518589,0.3518589,-1.0,-0.58779436
40.437,1.2254,-0.4117,0.1412,13.0,-4.0,2.0,0.5967302,0.99067026,0.35271603,0.35271603,-1.0,-0.58740044,0.5967302,0.99067026,0.35271603,0.35271603,-1.0,-0.58740044
40.487,1.2254,-0.4117,0.1412,13.0,-4.0,2.0,0.59695315,0.9906288,0.35367477,0.35367477,-1.0,-0.5875819,0.59695315,0.9906288,0.35367477,0.35367477,-1.0,-0.5875819
40.538,1.2254,-0.4117,0.1412,13.0,-4.0,2.0,0.596779,0.990656,0.35406458,0.35406458,-1.0,-0.58743507,0.596779,0.990656,0.35406458,0.35406458,-1.0,-0.58743507
40.588,1.2255,-0.4118,0.1412,13.0,-4.0,2.0,0.59650636,0.99069905,0.3540267,0.3540267,-1.0,-0.5872054,0.59650636,0.99069905,0.3540267,0.3540267,-1.0,-0.5872054
40.639,1.2255,-0.4118,0.1413,13.0,-4.0,2.0,0.59630454,0.99072915,0.35399806,0.35399806,-1.0,-0.5870337,0.59630454,0.99072915,0.35399806,0.35399806,-1.0,-0.5870337
40.687,1.2256,-0.4118,0.1413,13.0,-4.0,2.0,0.59651667,0.9906899,0.3540263,0.3540263,-1.0,-0.58720654,0.59651667,0.9906899,0.3540263,0.3540263,-1.0,-0.58720654
40.737,1.2256,-0.4118,0.1413,13.0,-4.0,2.0,0.5961445,0.9907504,0.35397515,0.35397515,-1.0,-0.58689487,0.5961445,0.9907504,0.35397515,0.35397515,-1.0,-0.58689487
40.787,1.2256,-0.4118,0.1413,13.0,-4.0,2.0,0.5963466,0.99071306,0.3540018,0.3540018,-1.0,-0.5870597,0.5963466,0.99071306,0.3540018,0.3540018,-1.0,-0.5870597
40.837,1.2256,-0.4118,0.1413,13.0,0.0,2.0,0.59602606,0.99076515,0.35395783,0.35395783,-1.0,-0.5867913,0.59602606,0.99076515,0.35395783,0.35395783,-1.0,-0.5867913
40.887,1.2257,-0.4118,0.1413,13.0,0.0,2.0,1.0,0.8325694,0.38905257,0.38905257,-0.8458728,-0.9866966,1.0,0.8325694,0.38905257,0.38905257,-0.8458728,-0.9866966
40.938,1.2257,-0.4118,0.1414,13.0,0.0,2.0,1.0,0.83589315,0.40400282,0.40400282,-0.8466729,-0.98922026,1.0,0.83589315,0.40400282,0.40400282,-0.8466729,-0.98922026
40.987,1.2258,-0.4115,0.1416,13.0,0.0,2.0,1.0,0.8354248,0.4047974,0.4047974,-0.84624225,-0.98918253,1.0,0.8354248,0.4047974,0.4047974,-0.84624225,-0.98918253
41.037,1.2259,-0.4114,0.1418,13.0,0.0,2.0,1.0,0.8368731,0.40604043,0.40604043,-0.8474824,-0.98939073,1.0,0.8368731,0.40604043,0.40604043,-0.8474824,-0.98939073
41.087,1.2262,-0.4108,0.1422,13.0,0.0,2.0,1.0,0.83651054,0.4070699,0.4070699,-0.84713876,-0.9893718,1.0,0.83651054,0.4070699,0.4070699,-0.84713876,-0.9893718
41.138,1.2264,-0.4105,0.1424,13.0,0.0,2.0,1.0,0.84121764,0.4088789,0.4088789,-0.8512288,-0.98998886,1.0,0.84121764,0.4088789,0.4088789,-0.8512288,-0.98998886
41.189,1.2268,-0.4098,0.1430,13.0,0.0,2.0,1.0,0.8405823,0.4098965,0.4098965,-0.85066175,-0.9899205,1.0,0.8405823,0.4098965,0.4098965,-0.85066175,-0.9899205
41.237,1.2270,-0.4097,0.1432,13.0,0.0,2.0,1.0,0.84874356,0.41237208,0.41237208,-0.8577782,-0.9909653,1.0,0.84874356,0.41237208,0.41237208,-0.8577782,-0.9909653
41.287,1.2277,-0.4097,0.1439,13.0,0.0,2.0,1.0,0.84107554,0.41202232,0.41202232,-0.85109586,-0.9899797,1.0,0.84107554,0.41202232,0.41202232,-0.85109586,-0.9899797
41.337,1.2280,-0.4097,0.1441,13.0,0.0,2.0,1.0,0.84742886,0.41408154,0.41408154,-0.85657716,-0.99085176,1.0,0.84742886,0.41408154,0.41408154,-0.85657716,-0.99085176
41.388,1.2288,-0.4095,0.1448,13.0,0.0,2.0,1.0,0.8473983,0.41531378,0.41531378,-0.85656077,-0.9908375,1.0,0.8473983,0.41531378,0.41531378,-0.85656077,-0.9908375
41.438,1.2291,-0.4094,0.1451,13.0,0.0,2.0,1.0,0.8565712,0.41798717,0.41798717,-0.8645301,-0.9920411,1.0,0.8565712,0.41798717,0.41798717,-0.8645301,-0.9920411
41.488,1.2300,-0.4093,0.1459,13.0,0.0,2.0,1.0,0.85185534,0.41823703,0.41823703,-0.8604618,-0.9913935,1.0,0.85185534,0.41823703,0.41823703,-0.8604618,-0.9913935
41.538,1.2303,-0.4092,0.1462,13.0,0.0,2.0,1.0,0.86226064,0.420579,0.420579,-0.869501,-0.99275964,1.0,0.86226064,0.420579,0.420579,-0.869501,-0.99275964
41.587,1.2312,-0.4091,0.1469,13.0,0.0,2.0,1.0,0.857359,0.41970083,0.41970083,-0.86527956,-0.99207944,1.0,0.857359,0.41970083,0.41970083,-0.86527956,-0.99207944
41.637,1.2316,-0.4091,0.1472,13.0,0.0,2.0,1.0,0.86897707,0.42181814,0.42181814,-0.8753756,-0.99360144,1.0,0.86897707,0.42181814,0.42181814,-0.8753756,-0.99360144
41.688,1.2325,-0.4090,0.1479,13.0,0.0,2.0,1.0,0.86338305,0.42079508,0.42079508,-0.8705629,-0.99282014,1.0,0.86338305,0.42079508,0.42079508,-0.8705629,-0.99282014
41.741,1.2329,-0.4089,0.1482,13.0,0.0,2.0,1.0,0.8758913,0.42312455,0.42312455,-0.88143516,-0.9944562,1.0,0.8758913,0.42312455,0.42312455,-0.88143516,-0.9944562
41.789,1.2338,-0.4089,0.1488,13.0,0.0,2.0,1.0,0.86973363,0.42197546,0.42197546,-0.876141,-0.9935926,1.0,0.86973363,0.42197546,0.42197546,-0.876141,-0.9935926
41.839,1.2342,-0.4088,0.1491,13.0,0.0,2.0,1.0,0.88260347,0.4244168,0.4244168,-0.88733,-0.99527353,1.0,0.88260347,0.4244168,0.4244168,-0.88733,-0.99527353
41.890,1.2350,-0.4088,0.1497,13.0,0.0,2.0,1.0,0.87334585,0.395757,0.395757,-0.88127285,-0.99207294,1.0,0.87334585,0.395757,0.395757,-0.88127285,-0.99207294
41.939,1.2354,-0.4088,0.1499,13.0,0.0,2.0,1.0,0.8941678,0.41419435,0.41419435,-0.89812446,-0.9960433,1.0,0.8941678,0.41419435,0.41419435,-0.89812446,-0.9960433
41.989,1.2362,-0.4087,0.1504,13.0,0.0,2.0,1.0,0.8874565,0.41388783,0.41388783,-0.8923593,-0.99509716,1.0,0.8874565,0.41388783,0.41388783,-0.8923593,-0.99509716
42.040,1.2365,-0.4087,0.1506,13.0,0.0,2.0,1.0,0.899809,0.41734895,0.41734895,-0.903105,-0.996704,1.0,0.899809,0.41734895,0.41734895,-0.903105,-0.996704
42.089,1.2372,-0.4087,0.1510,13.0,0.0,2.0,1.0,0.8930511,0.41717145,0.41717145,-0.89729345,-0.99575764,1.0,0.8930511,0.41717145,0.41717145,-0.89729345,-0.99575764
42.139,1.2375,-0.4087,0.1512,13.0,0.0,2.0,1.0,0.9040343,0.42040116,0.42040116,-0.90684724,-0.997187,1.0,0.9040343,0.42040116,0.42040116,-0.90684724,-0.997187
42.189,1.2380,-0.4087,0.1516,13.0,0.0,2.0,1.0,0.8977176,0.42029682,0.42029682,-0.90141207,-0.99630547,1.0,0.8977176,0.42029682,0.42029682,-0.90141207,-0.99630547
42.240,1.2382,-0.4087,0.1517,13.0,0.0,2.0,1.0,0.9069711,0.42321587,0.42321587,-0.90945953,-0.9975116,1.0,0.9069711,0.42321587,0.42321587,-0.90945953,-0.9975116
42.297,1.2385,-0.4087,0.1521,13.0,0.0,2.0,1.0,0.89567375,0.42198074,0.42198074,-0.89968663,-0.9959871,1.0,0.89567375,0.42198074,0.42198074,-0.89968663,-0.9959871
42.333,1.2386,-0.4087,0.1523,13.0,0.0,2.0,1.0,0.89504933,0.4227708,0.4227708,-0.8991209,-0.9959284,1.0,0.89504933,0.4227708,0.4227708,-0.8991209,-0.9959284
42.386,1.2389,-0.4087,0.1526,13.0,0.0,2.0,1.0,0.8951805,0.4240108,0.4240108,-0.89920837,-0.9959722,1.0,0.8951805,0.4240108,0.4240108,-0.89920837,-0.9959722
42.436,1.2390,-0.4087,0.1527,13.0,0.0,2.0,1.0,0.8948904,0.4249045,0.4249045,-0.898933,-0.9959574,1.0,0.8948904,0.4249045,0.4249045,-0.898933,-0.9959574
42.486,1.2392,-0.4086,0.1529,13.0,0.0,2.0,1.0,0.8948129,0.4260924,0.4260924,-0.8988408,-0.9959721,1.0,0.8948129,0.4260924,0.4260924,-0.8988408,-0.9959721
42.533,1.2393,-0.4086,0.1530,13.0,0.0,2.0,1.0,0.8945792,0.42649022,0.42649022,-0.8986145,-0.9959646,1.0,0.8945792,0.42649022,0.42649022,-0.8986145,-0.9959646
42.586,1.2394,-0.4086,0.1532,13.0,0.0,2.0,1.0,0.89445215,0.42652962,0.42652962,-0.89848,-0.99597216,1.0,0.89445215,0.42652962,0.42652962,-0.89848,-0.99597216
42.636,1.2395,-0.4086,0.1532,13.0,0.0,2.0,1.0,0.8942483,0.42641672,0.42641672,-0.89827967,-0.99596864,1.0,0.8942483,0.42641672,0.42641672,-0.89827967,-0.99596864
42.686,1.2395,-0.4086,0.1533,13.0,0.0,2.0,1.0,0.8941006,0.4264324,0.4264324,-0.8981275,-0.9959731,1.0,0.8941006,0.4264324,0.4264324,-0.8981275,-0.9959731
42.735,1.2396,-0.4086,0.1533,13.0,0.0,2.0,1.0,0.89392567,0.42636943,0.42636943,-0.89795226,-0.9959734,1.0,0.89392567,0.42636943,0.42636943,-0.89795226,-0.9959734
42.790,1.2396,-0.4086,0.1533,13.0,0.0,2.0,1.0,0.8937584,0.4263599,0.4263599,-0.8977832,-0.9959752,1.0,0.8937584,0.4263599,0.4263599,-0.8977832,-0.9959752
42.835,1.2396,-0.4086,0.1533,1.0,0.0,2.0,1.0,0.8935827,0.42632347,0.42632347,-0.8976074,-0.9959753,1.0,0.8935827,0.42632347,0.42632347,-0.8976074,-0.9959753
42.886,1.2396,-0.4086,0.1534,1.0,0.0,2.0,0.037997935,-0.13762178,1.0,1.0,0.12531172,-0.025687875,0.037997935,-0.13762178,1.0,1.0,0.12531172,-0.025687875
42.936,1.2397,-0.4086,0.1535,1.0,0.0,2.0,0.035616145,-0.13182203,1.0,1.0,0.12185227,-0.025646389,0.035616145,-0.13182203,1.0,1.0,0.12185227,-0.025646389
42.986,1.2401,-0.4086,0.1539,1.0,0.0,2.0,0.03545954,-0.13168061,1.0,1.0,0.12194358,-0.025722502,0.03545954,-0.13168061,1.0,1.0,0.12194358,-0.025722502
43.036,1.2403,-0.4086,0.1541,1.0,0.0,2.0,0.035196155,-0.13183238,1.0,1.0,0.12215722,-0.025521,0.035196155,-0.13183238,1.0,1.0,0.12215722,-0.025521
43.086,1.2409,-0.4085,0.1548,1.0,0.0,2.0,0.035229903,-0.13170098,1.0,1.0,0.12196426,-0.025493182,0.035229903,-0.13170098,1.0,1.0,0.12196426,-0.025493182
43.136,1.2412,-0.4085,0.1552,1.0,0.0,2.0,0.034875587,-0.13211077,1.0,1.0,0.1222889,-0.025053712,0.034875587,-0.13211077,1.0,1.0,0.1222889,-0.025053712
43.186,1.2421,-0.4085,0.1561,1.0,0.0,2.0,0.034940172,-0.13182972,1.0,1.0,0.12206677,-0.025177218,0.034940172,-0.13182972,1.0,1.0,0.12206677,-0.025177218
43.236,1.2425,-0.4084,0.1565,1.0,0.0,2.0,0.03449401,-0.13242568,1.0,1.0,0.12250863,-0.024576962,0.03449401,-0.13242568,1.0,1.0,0.12250863,-0.024576962
43.290,1.2436,-0.4084,0.1577,1.0,0.0,2.0,0.03460991,-0.1320512,1.0,1.0,0.12222165,-0.02478036,0.03460991,-0.1320512,1.0,1.0,0.12222165,-0.02478036
43.336,1.2440,-0.4084,0.1582,1.0,0.0,2.0,0.03408071,-0.13279033,1.0,1.0,0.122770175,-0.02406056,0.03408071,-0.13279033,1.0,1.0,0.122770175,-0.02406056
43.387,1.2453,-0.4083,0.1595,1.0,0.0,2.0,0.034229033,-0.13229942,1.0,1.0,0.12244653,-0.024376137,0.034229033,-0.13229942,1.0,1.0,0.12244653,-0.024376137
43.436,1.2458,-0.4083,0.1600,1.0,0.0,2.0,0.0336061,-0.1330971,1.0,1.0,0.12312342,-0.02363243,0.0336061,-0.1330971,1.0,1.0,0.12312342,-0.02363243
43.487,1.2471,-0.4082,0.1614,1.0,0.0,2.0,0.03382015,-0.13257222,1.0,1.0,0.12271201,-0.023959942,0.03382015,-0.13257222,1.0,1.0,0.12271201,-0.023959942
43.537,1.2477,-0.4082,0.1620,1.0,0.0,2.0,0.03317058,-0.13355917,1.0,1.0,0.12362313,-0.023234544,0.03317058,-0.13355917,1.0,1.0,0.12362313,-0.023234544
43.587,1.2491,-0.4081,0.1633,1.0,0.0,2.0,0.033503454,-0.13334228,1.0,1.0,0.123495534,-0.023656698,0.033503454,-0.13334228,1.0,1.0,0.123495534,-0.023656698
43.637,1.2497,-0.4081,0.1638,1.0,0.0,2.0,0.032829214,-0.13452765,1.0,1.0,0.12466159,-0.022963148,0.032829214,-0.13452765,1.0,1.0,0.12466159,-0.022963148
43.686,1.2512,-0.4080,0.1652,1.0,0.0,2.0,0.0332425,-0.1344088,1.0,1.0,0.12440979,-0.023243485,0.0332425,-0.1344088,1.0,1.0,0.12440979,-0.023243485
43.737,1.2518,-0.4080,0.1657,1.0,0.0,2.0,0.032598227,-0.13555324,1.0,1.0,0.12556021,-0.022605198,0.032598227,-0.13555324,1.0,1.0,0.12556021,-0.022605198
43.789,1.2531,-0.4080,0.1670,1.0,0.0,2.0,0.032956716,-0.13529964,1.0,1.0,0.12540571,-0.023062786,0.032956716,-0.13529964,1.0,1.0,0.12540571,-0.023062786
43.837,1.2537,-0.4080,0.1675,1.0,0.0,2.0,0.03229159,-0.13641226,1.0,1.0,0.12657614,-0.022455463,0.03229159,-0.13641226,1.0,1.0,0.12657614,-0.022455463
43.887,1.2551,-0.4079,0.1687,1.0,0.0,2.0,0.035367966,-0.14162526,1.0,1.0,0.12875342,-0.02249614,0.035367966,-0.14162526,1.0,1.0,0.12875342,-0.02249614
43.937,1.2556,-0.4079,0.1692,1.0,0.0,2.0,0.031935375,-0.1367526,1.0,1.0,0.12667982,-0.0218626,0.031935375,-0.1367526,1.0,1.0,0.12667982,-0.0218626
43.987,1.2569,-0.4079,0.1703,1.0,0.0,2.0,0.032262318,-0.13619974,1.0,1.0,0.12611587,-0.022178447,0.032262318,-0.13619974,1.0,1.0,0.12611587,-0.022178447
44.036,1.2574,-0.4079,0.1707,1.0,0.0,2.0,0.031575643,-0.1368641,1.0,1.0,0.12686668,-0.021578219,0.031575643,-0.1368641,1.0,1.0,0.12686668,-0.021578219
44.087,1.2585,-0.4078,0.1717,1.0,0.0,2.0,0.03188112,-0.13635229,1.0,1.0,0.12633234,-0.021861183,0.03188112,-0.13635229,1.0,1.0,0.12633234,-0.021861183
44.137,1.2590,-0.4078,0.1721,1.0,0.0,2.0,0.031250086,-0.13692224,1.0,1.0,0.1270132,-0.021341052,0.031250086,-0.13692224,1.0,1.0,0.1270132,-0.021341052
44.187,1.2600,-0.4078,0.1729,1.0,0.0,2.0,0.031510975,-0.13640212,1.0,1.0,0.12654798,-0.021656841,0.031510975,-0.13640212,1.0,1.0,0.12654798,-0.021656841
44.237,1.2604,-0.4078,0.1732,1.0,0.0,2.0,0.030929659,-0.13681254,1.0,1.0,0.12717752,-0.021294642,0.030929659,-0.13681254,1.0,1.0,0.12717752,-0.021294642
44.290,1.2612,-0.4078,0.1739,1.0,0.0,2.0,0.031196134,-0.13640466,1.0,1.0,0.12669471,-0.021486184,0.031196134,-0.13640466,1.0,1.0,0.12669471,-0.021486184
44.336,1.2615,-0.4078,0.1741,1.0,0.0,2.0,0.030698907,-0.13670245,1.0,1.0,0.12720811,-0.021204574,0.030698907,-0.13670245,1.0,1.0,0.12720811,-0.021204574
44.387,1.2621,-0.4078,0.1746,1.0,0.0,2.0,0.030933693,-0.13634688,1.0,1.0,0.12676735,-0.021354167,0.030933693,-0.13634688,1.0,1.0,0.12676735,-0.021354167
44.437,1.2624,-0.4078,0.1748,1.0,0.0,2.0,0.030546073,-0.13653266,1.0,1.0,0.12713991,-0.02115332,0.030546073,-0.13653266,1.0,1.0,0.12713991,-0.02115332
44.487,1.2628,-0.4078,0.1752,1.0,0.0,2.0,0.030734763,-0.13623615,1.0,1.0,0.12676424,-0.02126285,0.030734763,-0.13623615,1.0,1.0,0.12676424,-0.02126285
44.537,1.2630,-0.4078,0.1753,1.0,0.0,2.0,0.030488482,-0.13643976,1.0,1.0,0.12710176,-0.021150494,0.030488482,-0.13643976,1.0,1.0,0.12710176,-0.021150494
44.586,1.2632,-0.4077,0.1755,1.0,0.0,2.0,0.03070516,-0.13654973,1.0,1.0,0.12712479,-0.021280225,0.03070516,-0.13654973,1.0,1.0,0.12712479,-0.021280225
44.637,1.2633,-0.4077,0.1755,1.0,0.0,2.0,0.03062703,-0.13689113,1.0,1.0,0.12752965,-0.02126554,0.03062703,-0.13689113,1.0,1.0,0.12752965,-0.02126554
44.686,1.2634,-0.4077,0.1756,1.0,0.0,2.0,0.030786254,-0.13704716,1.0,1.0,0.12762518,-0.021364268,0.030786254,-0.13704716,1.0,1.0,0.12762518,-0.021364268
44.737,1.2634,-0.4077,0.1756,1.0,0.0,2.0,0.030820664,-0.13729793,1.0,1.0,0.12788199,-0.02140472,0.030820664,-0.13729793,1.0,1.0,0.12788199,-0.02140472
44.787,1.2633,-0.4077,0.1756,1.0,0.0,2.0,0.030914385,-0.13750453,1.0,1.0,0.12806486,-0.021474708,0.030914385,-0.13750453,1.0,1.0,0.12806486,-0.021474708
44.840,1.2633,-0.4077,0.1756,1.0,0.0,2.0,0.030982153,-0.13771328,1.0,1.0,0.1282799,-0.021548761,0.030982153,-0.13771328,1.0,1.0,0.1282799,-0.021548761
44.887,1.2632,-0.4077,0.1755,1.0,0.0,2.0,0.033292025,-0.143784,1.0,1.0,0.13148138,-0.020989396,0.033292025,-0.143784,1.0,1.0,0.13148138,-0.020989396
44.937,1.2632,-0.4077,0.1755,1.0,0.0,2.0,0.031107292,-0.13751931,1.0,1.0,0.12780155,-0.021389533,0.031107292,-0.13751931,1.0,1.0,0.12780155,-0.021389533
44.987,1.2630,-0.4077,0.1754,1.0,0.0,2.0,0.03106096,-0.13741598,1.0,1.0,0.12772043,-0.021365425,0.03106096,-0.13741598,1.0,1.0,0.12772043,-0.021365425
45.037,1.2630,-0.4077,0.1754,1.0,0.0,2.0,0.031099923,-0.13718984,1.0,1.0,0.12753887,-0.021448962,0.031099923,-0.13718984,1.0,1.0,0.12753887,-0.021448962
45.087,1.2628,-0.4077,0.1753,1.0,0.0,2.0,0.031040864,-0.13710622,1.0,1.0,0.12747358,-0.021408208,0.031040864,-0.13710622,1.0,1.0,0.12747358,-0.021408208
45.137,1.2627,-0.4077,0.1752,1.0,0.0,2.0,0.0311,-0.13685289,1.0,1.0,0.12726945,-0.021516558,0.0311,-0.13685289,1.0,1.0,0.12726945,-0.021516558
45.187,1.2625,-0.4077,0.1751,1.0,0.0,2.0,0.031030474,-0.13678654,1.0,1.0,0.12721798,-0.021461919,0.031030474,-0.13678654,1.0,1.0,0.12721798,-0.021461919
45.238,1.2624,-0.4077,0.1750,1.0,0.0,2.0,0.031106234,-0.13651161,1.0,1.0,0.12699586,-0.021590482,0.031106234,-0.13651161,1.0,1.0,0.12699586,-0.021590482
45.287,1.2621,-0.4077,0.1749,1.0,0.0,2.0,0.031027509,-0.13646032,1.0,1.0,0.12695651,-0.0215237,0.031027509,-0.13646032,1.0,1.0,0.12695651,-0.0215237
45.341,1.2620,-0.4077,0.1748,1.0,0.0,2.0,0.03111571,-0.13616934,1.0,1.0,0.12672092,-0.0216673,0.03111571,-0.13616934,1.0,1.0,0.12672092,-0.0216673
45.388,1.2617,-0.4077,0.1747,1.0,0.0,2.0,0.031030012,-0.13613006,1.0,1.0,0.12669125,-0.021591213,0.031030012,-0.13613006,1.0,1.0,0.12669125,-0.021591213
45.439,1.2616,-0.4077,0.1746,1.0,0.0,2.0,0.031126207,-0.13582884,1.0,1.0,0.12644698,-0.021744352,0.031126207,-0.13582884,1.0,1.0,0.12644698,-0.021744352
45.488,1.2613,-0.4077,0.1745,1.0,0.0,2.0,0.031035984,-0.1357982,1.0,1.0,0.12642431,-0.021662088,0.031035984,-0.1357982,1.0,1.0,0.12642431,-0.021662088
45.539,1.2612,-0.4077,0.1744,1.0,0.0,2.0,0.031162752,-0.13560867,1.0,1.0,0.12628429,-0.021838361,0.031162752,-0.13560867,1.0,1.0,0.12628429,-0.021838361
45.588,1.2609,-0.4077,0.1742,1.0,0.0,2.0,0.031151112,-0.13593638,1.0,1.0,0.12659466,-0.021809397,0.031151112,-0.13593638,1.0,1.0,0.12659466,-0.021809397
45.639,1.2608,-0.4077,0.1742,1.0,0.0,2.0,0.031332795,-0.13598996,1.0,1.0,0.12668091,-0.022023732,0.031332795,-0.13598996,1.0,1.0,0.12668091,-0.022023732
45.688,1.2605,-0.4077,0.1740,1.0,0.0,2.0,0.031321585,-0.1363116,1.0,1.0,0.1269856,-0.021995578,0.031321585,-0.1363116,1.0,1.0,0.1269856,-0.021995578
45.738,1.2604,-0.4077,0.1739,1.0,0.0,2.0,0.03150322,-0.1363582,1.0,1.0,0.12706494,-0.022209957,0.03150322,-0.1363582,1.0,1.0,0.12706494,-0.022209957
45.788,1.2601,-0.4077,0.1738,1.0,0.0,2.0,0.031487904,-0.13669206,1.0,1.0,0.12738056,-0.02217641,0.031487904,-0.13669206,1.0,1.0,0.12738056,-0.02217641
45.840,1.2600,-0.4077,0.1737,1.0,0.0,2.0,0.031667043,-0.13674188,1.0,1.0,0.12746236,-0.022387523,0.031667043,-0.13674188,1.0,1.0,0.12746236,-0.022387523
45.888,1.2597,-0.4077,0.1735,1.0,0.0,2.0,0.033913676,-0.14292875,1.0,1.0,0.13077316,-0.021758072,0.033913676,-0.14292875,1.0,1.0,0.13077316,-0.021758072
45.939,1.2596,-0.4077,0.1735,1.0,0.0,2.0,0.031836197,-0.13649146,1.0,1.0,0.12693302,-0.022277769,0.031836197,-0.13649146,1.0,1.0,0.12693302,-0.022277769
45.989,1.2594,-0.4077,0.1733,1.0,0.0,2.0,0.031737626,-0.13646486,1.0,1.0,0.12691419,-0.02218695,0.031737626,-0.13646486,1.0,1.0,0.12691419,-0.02218695
46.038,1.2593,-0.4077,0.1733,1.0,0.0,2.0,0.03182163,-0.13617389,1.0,1.0,0.12667751,-0.022325253,0.03182163,-0.13617389,1.0,1.0,0.12667751,-0.022325253
46.088,1.2590,-0.4077,0.1731,1.0,0.0,2.0,0.03172718,-0.13614264,1.0,1.0,0.12665497,-0.022239503,0.03172718,-0.13614264,1.0,1.0,0.12665497,-0.022239503
46.139,1.2589,-0.4077,0.1731,1.0,0.0,2.0,0.031800356,-0.13586912,1.0,1.0,0.1264326,-0.022363847,0.031800356,-0.13586912,1.0,1.0,0.1264326,-0.022363847
46.189,1.2588,-0.4077,0.1730,1.0,0.0,2.0,0.031710885,-0.13583235,1.0,1.0,0.12640564,-0.022284163,0.031710885,-0.13583235,1.0,1.0,0.12640564,-0.022284163
46.239,1.2587,-0.4077,0.1729,1.0,0.0,2.0,0.03171064,-0.13566488,1.0,1.0,0.12627117,-0.022316936,0.03171064,-0.13566488,1.0,1.0,0.12627117,-0.022316936
46.289,1.2585,-0.4077,0.1728,1.0,0.0,2.0,0.031733807,-0.13546841,1.0,1.0,0.12611237,-0.02237776,0.031733807,-0.13546841,1.0,1.0,0.12611237,-0.02237776
46.340,1.2584,-0.4077,0.1728,1.0,0.0,2.0,0.031735636,-0.13530211,1.0,1.0,0.12597825,-0.022411764,0.031735636,-0.13530211,1.0,1.0,0.12597825,-0.022411764
46.397,1.2583,-0.4077,0.1727,1.0,0.0,2.0,0.03165821,-0.13525084,1.0,1.0,0.12593955,-0.022346914,0.03165821,-0.13525084,1.0,1.0,0.12593955,-0.022346914
46.432,1.2582,-0.4077,0.1726,1.0,0.0,2.0,0.031691957,-0.13503915,1.0,1.0,0.12576829,-0.02242109,0.031691957,-0.13503915,1.0,1.0,0.12576829,-0.02242109
46.486,1.2581,-0.4077,0.1726,1.0,0.0,2.0,0.031621754,-0.13498,1.0,1.0,0.12572317,-0.022364922,0.031621754,-0.13498,1.0,1.0,0.12572317,-0.022364922
46.534,1.2580,-0.4077,0.1725,1.0,0.0,2.0,0.031667013,-0.13490078,1.0,1.0,0.12567309,-0.02243932,0.031667013,-0.13490078,1.0,1.0,0.12567309,-0.02243932
46.586,1.2580,-0.4077,0.1725,1.0,0.0,2.0,0.031685956,-0.13518265,1.0,1.0,0.12594672,-0.022450022,0.031685956,-0.13518265,1.0,1.0,0.12594672,-0.022450022
46.636,1.2579,-0.4077,0.1725,1.0,0.0,2.0,0.031774286,-0.13536571,1.0,1.0,0.12613896,-0.022547541,0.031774286,-0.13536571,1.0,1.0,0.12613896,-0.022547541
46.685,1.2579,-0.4077,0.1724,1.0,0.0,2.0,0.03180007,-0.13564138,1.0,1.0,0.12640813,-0.022566812,0.03180007,-0.13564138,1.0,1.0,0.12640813,-0.022566812
46.736,1.2578,-0.4077,0.1724,1.0,0.0,2.0,0.03187498,-0.13584036,1.0,1.0,0.12661321,-0.02264784,0.03187498,-0.13584036,1.0,1.0,0.12661321,-0.02264784
46.785,1.2578,-0.4077,0.1724,1.0,0.0,2.0,0.031906765,-0.13610576,1.0,1.0,0.12687384,-0.022674834,0.031906765,-0.13610576,1.0,1.0,0.12687384,-0.022674834
46.836,1.2578,-0.4077,0.1724,1.0,0.0,2.0,0.031968534,-0.13632354,1.0,1.0,0.12709458,-0.02273959,0.031968534,-0.13632354,1.0,1.0,0.12709458,-0.02273959
46.889,1.2578,-0.4077,0.1724,1.0,0.0,2.0,0.03432597,-0.14235277,1.0,1.0,0.13029386,-0.02226706,0.03432597,-0.14235277,1.0,1.0,0.13029386,-0.02226706
46.936,1.2578,-0.4077,0.1724,1.0,0.0,2.0,0.032050196,-0.13619676,1.0,1.0,0.12667455,-0.022527978,0.032050196,-0.13619676,1.0,1.0,0.12667455,-0.022527978
46.985,1.2578,-0.4077,0.1724,1.0,0.0,2.0,0.03200956,-0.13608354,1.0,1.0,0.12658568,-0.022511693,0.03200956,-0.13608354,1.0,1.0,0.12658568,-0.022511693
47.035,1.2578,-0.4077,0.1724,1.0,0.0,2.0,0.03196408,-0.13598053,1.0,1.0,0.12650524,-0.022488795,0.03196408,-0.13598053,1.0,1.0,0.12650524,-0.022488795
47.085,1.2579,-0.4077,0.1724,1.0,0.0,2.0,0.031929616,-0.13585983,1.0,1.0,0.12641025,-0.022480037,0.031929616,-0.13585983,1.0,1.0,0.12641025,-0.022480037
47.136,1.2579,-0.4077,0.1724,1.0,0.0,2.0,0.031874273,-0.1357724,1.0,1.0,0.1263428,-0.022444667,0.031874273,-0.1357724,1.0,1.0,0.1263428,-0.022444667
47.185,1.2579,-0.4077,0.1725,1.0,0.0,2.0,0.03184565,-0.1356459,1.0,1.0,0.12624303,-0.022442777,0.03184565,-0.1356459,1.0,1.0,0.12624303,-0.022442777
47.236,1.2580,-0.4077,0.1725,1.0,0.0,2.0,0.031781998,-0.13557182,1.0,1.0,0.12618667,-0.022396855,0.031781998,-0.13557182,1.0,1.0,0.12618667,-0.022396855
47.286,1.2580,-0.4077,0.1725,1.0,0.0,2.0,0.031758323,-0.13543944,1.0,1.0,0.12608209,-0.022400973,0.031758323,-0.13543944,1.0,1.0,0.12608209,-0.022400973
47.336,1.2581,-0.4077,0.1726,1.0,0.0,2.0,0.031687826,-0.13537613,1.0,1.0,0.12603469,-0.022346402,0.031687826,-0.13537613,1.0,1.0,0.12603469,-0.022346402
47.390,1.2582,-0.4077,0.1726,1.0,0.0,2.0,0.031668387,-0.13523985,1.0,1.0,0.1259269,-0.02235544,0.031668387,-0.13523985,1.0,1.0,0.1259269,-0.02235544
47.436,1.2582,-0.4077,0.1726,1.0,0.0,2.0,0.03159261,-0.13518634,1.0,1.0,0.12588762,-0.022293894,0.03159261,-0.13518634,1.0,1.0,0.12588762,-0.022293894
47.486,1.2583,-0.4077,0.1727,1.0,0.0,2.0,0.03157691,-0.13504598,1.0,1.0,0.12577647,-0.022307405,0.03157691,-0.13504598,1.0,1.0,0.12577647,-0.022307405
47.536,1.2583,-0.4077,0.1727,1.0,0.0,2.0,0.031522952,-0.13511047,1.0,1.0,0.12584628,-0.022258757,0.031522952,-0.13511047,1.0,1.0,0.12584628,-0.022258757
47.586,1.2584,-0.4077,0.1728,1.0,0.0,2.0,0.03159242,-0.13531907,1.0,1.0,0.1260605,-0.02233386,0.03159242,-0.13531907,1.0,1.0,0.1260605,-0.02233386
47.637,1.2585,-0.4077,0.1728,1.0,0.0,2.0,0.031593006,-0.13563083,1.0,1.0,0.12636049,-0.022322655,0.031593006,-0.13563083,1.0,1.0,0.12636049,-0.022322655
47.686,1.2586,-0.4077,0.1729,1.0,0.0,2.0,0.031663023,-0.13583532,1.0,1.0,0.12657093,-0.022398625,0.031663023,-0.13583532,1.0,1.0,0.12657093,-0.022398625
47.736,1.2586,-0.4077,0.1729,1.0,0.0,2.0,0.031660922,-0.1361472,1.0,1.0,0.1268705,-0.02238422,0.031660922,-0.1361472,1.0,1.0,0.1268705,-0.02238422
47.786,1.2588,-0.4077,0.1730,1.0,0.0,2.0,0.031733863,-0.13635159,1.0,1.0,0.12708147,-0.022463739,0.031733863,-0.13635159,1.0,1.0,0.12708147,-0.022463739
47.836,1.2588,-0.4077,0.1730,1.0,0.0,2.0,0.03173293,-0.1366673,1.0,1.0,0.12738496,-0.022450589,0.03173293,-0.1366673,1.0,1.0,0.12738496,-0.022450589
47.889,1.2589,-0.4077,0.1730,1.0,0.0,2.0,0.03413592,-0.14261161,1.0,1.0,0.1305107,-0.022035012,0.03413592,-0.14261161,1.0,1.0,0.1305107,-0.022035012
47.936,1.2590,-0.4077,0.1731,1.0,0.0,2.0,0.03181796,-0.1365251,1.0,1.0,0.1269533,-0.022246178,0.03181796,-0.1365251,1.0,1.0,0.1269533,-0.022246178
47.987,1.2591,-0.4077,0.1731,1.0,0.0,2.0,0.03175062,-0.13645162,1.0,1.0,0.12689781,-0.022196801,0.03175062,-0.13645162,1.0,1.0,0.12689781,-0.022196801
48.037,1.2591,-0.4077,0.1732,1.0,0.0,2.0,0.031690437,-0.13636881,1.0,1.0,0.12683469,-0.02215632,0.031690437,-0.13636881,1.0,1.0,0.12683469,-0.02215632
48.087,1.2592,-0.4077,0.1732,1.0,0.0,2.0,0.031680413,-0.13621251,1.0,1.0,0.12671079,-0.02217868,0.031680413,-0.13621251,1.0,1.0,0.12671079,-0.02217868
48.137,1.2592,-0.4077,0.1732,1.0,0.0,2.0,0.031599145,-0.13616207,1.0,1.0,0.12667416,-0.022111231,0.031599145,-0.13616207,1.0,1.0,0.12667416,-0.022111231
48.187,1.2593,-0.4077,0.1733,1.0,0.0,2.0,0.031588253,-0.13600853,1.0,1.0,0.12655248,-0.022132197,0.031588253,-0.13600853,1.0,1.0,0.12655248,-0.022132197
48.236,1.2594,-0.4077,0.1733,1.0,0.0,2.0,0.031511188,-0.13595422,1.0,1.0,0.12651254,-0.02206952,0.031511188,-0.13595422,1.0,1.0,0.12651254,-0.02206952
48.287,1.2595,-0.4077,0.1734,1.0,0.0,2.0,0.031499308,-0.13580447,1.0,1.0,0.12639391,-0.02208875,0.031499308,-0.13580447,1.0,1.0,0.12639391,-0.02208875
48.336,1.2595,-0.4077,0.1734,1.0,0.0,2.0,0.031427275,-0.13574325,1.0,1.0,0.12634823,-0.02203226,0.031427275,-0.13574325,1.0,1.0,0.12634823,-0.02203226
48.390,1.2596,-0.4077,0.1734,1.0,0.0,2.0,0.031413525,-0.13559811,1.0,1.0,0.12623331,-0.022048734,0.031413525,-0.13559811,1.0,1.0,0.12623331,-0.022048734
48.437,1.2596,-0.4077,0.1735,1.0,0.0,2.0,0.03134675,-0.13553207,1.0,1.0,0.12618352,-0.021998215,0.03134675,-0.13553207,1.0,1.0,0.12618352,-0.021998215
48.486,1.2597,-0.4077,0.1735,1.0,0.0,2.0,0.03133148,-0.13539085,1.0,1.0,0.12607177,-0.0220124,0.03133148,-0.13539085,1.0,1.0,0.12607177,-0.0220124
48.537,1.2597,-0.4077,0.1735,1.0,0.0,2.0,0.03129535,-0.1354276,1.0,1.0,0.1261182,-0.021985954,0.03129535,-0.1354276,1.0,1.0,0.1261182,-0.021985954
48.587,1.2597,-0.4077,0.1735,1.0,0.0,2.0,0.03136005,-0.13564467,1.0,1.0,0.12633963,-0.022055015,0.03136005,-0.13564467,1.0,1.0,0.12633963,-0.022055015
48.637,1.2598,-0.4077,0.1735,1.0,0.0,2.0,0.031385716,-0.13591707,1.0,1.0,0.12660643,-0.02207508,0.031385716,-0.13591707,1.0,1.0,0.12660643,-0.02207508
48.687,1.2598,-0.4077,0.1736,1.0,0.0,2.0,0.031447582,-0.13613759,1.0,1.0,0.12683056,-0.022140557,0.031447582,-0.13613759,1.0,1.0,0.12683056,-0.022140557
48.737,1.2598,-0.4077,0.1736,1.0,0.0,2.0,0.031478617,-0.13640237,1.0,1.0,0.12709105,-0.022167299,0.031478617,-0.13640237,1.0,1.0,0.12709105,-0.022167299
48.786,1.2598,-0.4077,0.1736,1.0,0.0,2.0,0.03153773,-0.13662556,1.0,1.0,0.12731715,-0.022229318,0.03153773,-0.13662556,1.0,1.0,0.12731715,-0.022229318
48.837,1.2599,-0.4077,0.1736,1.0,0.0,2.0,0.031574156,-0.13688293,1.0,1.0,0.12757152,-0.022262752,0.031574156,-0.13688293,1.0,1.0,0.12757152,-0.022262752
48.889,1.2599,-0.4077,0.1736,1.0,0.0,2.0,0.033935815,-0.14287178,1.0,1.0,0.13073009,-0.021794133,0.033935815,-0.14287178,1.0,1.0,0.13073009,-0.021794133
48.937,1.2599,-0.4077,0.1736,1.0,0.0,2.0,0.03165958,-0.13674629,1.0,1.0,0.12714289,-0.022056183,0.03165958,-0.13674629,1.0,1.0,0.12714289,-0.022056183
48.986,1.2599,-0.4077,0.1736,1.0,0.0,2.0,0.031630497,-0.13661706,1.0,1.0,0.127041,-0.022054426,0.031630497,-0.13661706,1.0,1.0,0.127041,-0.022054426
49.037,1.2599,-0.4077,0.1736,1.0,0.0,2.0,0.031593557,-0.13650079,1.0,1.0,0.1269497,-0.022042459,0.031593557,-0.13650079,1.0,1.0,0.1269497,-0.022042459
49.087,1.2599,-0.4077,0.1736,1.0,0.0,2.0,0.0315622,-0.13637644,1.0,1.0,0.12685172,-0.02203748,0.0315622,-0.13637644,1.0,1.0,0.12685172,-0.02203748
49.136,1.2599,-0.4077,0.1736,1.0,0.0,2.0,0.031530183,-0.13625468,1.0,1.0,0.1267558,-0.022031311,0.031530183,-0.13625468,1.0,1.0,0.1267558,-0.022031311
49.187,1.2599,-0.4077,0.1736,1.0,0.0,2.0,0.031496778,-0.13613482,1.0,1.0,0.12666145,-0.022023406,0.031496778,-0.13613482,1.0,1.0,0.12666145,-0.022023406
49.237,1.2599,-0.4077,0.1736,1.0,0.0,2.0,0.031469263,-0.13600849,1.0,1.0,0.12656167,-0.022022452,0.031469263,-0.13600849,1.0,1.0,0.12656167,-0.022022452
49.286,1.2598,-0.4077,0.1736,1.0,0.0,2.0,0.03143422,-0.13589348,1.0,1.0,0.1264712,-0.022011945,0.03143422,-0.13589348,1.0,1.0,0.1264712,-0.022011945
49.337,1.2598,-0.4077,0.1736,1.0,0.0,2.0,0.031410553,-0.1357631,1.0,1.0,0.12636802,-0.022015473,0.031410553,-0.1357631,1.0,1.0,0.12636802,-0.022015473
49.389,1.2598,-0.4077,0.1736,1.0,0.0,2.0,0.03137391,-0.1356519,1.0,1.0,0.12628062,-0.02200262,0.03137391,-0.1356519,1.0,1.0,0.12628062,-0.02200262
49.437,1.2598,-0.4077,0.1736,1.0,0.0,2.0,0.031345557,-0.13552995,1.0,1.0,0.12618433,-0.021999935,0.031345557,-0.13552995,1.0,1.0,0.12618433,-0.021999935
49.487,1.2598,-0.4077,0.1735,1.0,0.0,2.0,0.031321637,-0.13540223,1.0,1.0,0.12608324,-0.022002634,0.031321637,-0.13540223,1.0,1.0,0.12608324,-0.022002634
49.541,1.2597,-0.4077,0.1735,1.0,0.0,2.0,0.031324055,-0.13538717,1.0,1.0,0.12608688,-0.02202377,0.031324055,-0.13538717,1.0,1.0,0.12608688,-0.02202377
49.586,1.2597,-0.4077,0.1735,1.0,0.0,2.0,0.03136669,-0.13563578,1.0,1.0,0.12633371,-0.022064632,0.03136669,-0.13563578,1.0,1.0,0.12633371,-0.022064632
49.636,1.2597,-0.4077,0.1735,1.0,0.0,2.0,0.031432804,-0.13585119,1.0,1.0,0.12655331,-0.022134928,0.031432804,-0.13585119,1.0,1.0,0.12655331,-0.022134928
49.686,1.2597,-0.4077,0.1735,1.0,0.0,2.0,0.031474397,-0.13610107,1.0,1.0,0.12680113,-0.022174468,0.031474397,-0.13610107,1.0,1.0,0.12680113,-0.022174468
49.744,1.2596,-0.4077,0.1735,1.0,0.0,2.0,0.031541593,-0.13631126,1.0,1.0,0.1270159,-0.022246243,0.031541593,-0.13631126,1.0,1.0,0.1270159,-0.022246243
49.790,1.2596,-0.4077,0.1735,1.0,0.0,2.0,0.03158224,-0.13656366,1.0,1.0,0.12726595,-0.022284528,0.03158224,-0.13656366,1.0,1.0,0.12726595,-0.022284528
49.849,1.2596,-0.4077,0.1734,1.0,0.0,2.0,0.03165062,-0.1367746,1.0,1.0,0.12748165,-0.02235767,0.03165062,-0.1367746,1.0,1.0,0.12748165,-0.02235767
49.883,1.2595,-0.4077,0.1734,1.0,0.0,2.0,0.03398732,-0.14280336,1.0,1.0,0.13067271,-0.021856679,0.03398732,-0.14280336,1.0,1.0,0.13067271,-0.021856679
49.937,1.2595,-0.4077,0.1734,1.0,0.0,2.0,0.031751998,-0.13661519,1.0,1.0,0.12703271,-0.022169517,0.031751998,-0.13661519,1.0,1.0,0.12703271,-0.022169517
49.986,1.2595,-0.4077,0.1734,1.0,0.0,2.0,0.031707354,-0.13650829,1.0,1.0,0.12694891,-0.02214798,0.031707354,-0.13650829,1.0,1.0,0.12694891,-0.02214798
50.036,1.2595,-0.4077,0.1734,1.0,0.0,2.0,0.031693313,-0.13635883,1.0,1.0,0.12682998,-0.02216446,0.031693313,-0.13635883,1.0,1.0,0.12682998,-0.02216446
50.085,1.2594,-0.4077,0.1733,1.0,0.0,2.0,0.031648885,-0.13625346,1.0,1.0,0.1267474,-0.022142818,0.031648885,-0.13625346,1.0,1.0,0.1267474,-0.022142818
50.136,1.2594,-0.4077,0.1733,1.0,0.0,2.0,0.031634815,-0.13610663,1.0,1.0,0.12663054,-0.022158744,0.031634815,-0.13610663,1.0,1.0,0.12663054,-0.022158744
50.186,1.2594,-0.4077,0.1733,1.0,0.0,2.0,0.031590715,-0.13600238,1.0,1.0,0.12654886,-0.022137193,0.031590715,-0.13600238,1.0,1.0,0.12654886,-0.022137193
50.241,1.2593,-0.4077,0.1733,1.0,0.0,2.0,0.031575777,-0.13585798,1.0,1.0,0.126434,-0.02215179,0.031575777,-0.13585798,1.0,1.0,0.126434,-0.02215179
50.290,1.2593,-0.4077,0.1733,1.0,0.0,2.0,0.031532463,-0.13575445,1.0,1.0,0.12635286,-0.022130864,0.031532463,-0.13575445,1.0,1.0,0.12635286,-0.022130864
50.340,1.2593,-0.4077,0.1733,1.0,0.0,2.0,0.0315165,-0.13561329,1.0,1.0,0.12624063,-0.02214383,0.0315165,-0.13561329,1.0,1.0,0.12624063,-0.02214383
50.392,1.2593,-0.4077,0.1733,1.0,0.0,2.0,0.031474203,-0.13551062,1.0,1.0,0.12616014,-0.022123715,0.031474203,-0.13551062,1.0,1.0,0.12616014,-0.022123715
50.440,1.2592,-0.4077,0.1732,1.0,0.0,2.0,0.031454638,-0.13536906,1.0,1.0,0.12604773,-0.02213331,0.031454638,-0.13536906,1.0,1.0,0.12604773,-0.02213331
50.491,1.2592,-0.4077,0.1732,1.0,0.0,2.0,0.03141583,-0.13526985,1.0,1.0,0.12596989,-0.022115871,0.03141583,-0.13526985,1.0,1.0,0.12596989,-0.022115871
50.540,1.2592,-0.4077,0.1732,1.0,0.0,2.0,0.031422876,-0.13524985,1.0,1.0,0.12596966,-0.022142684,0.031422876,-0.13524985,1.0,1.0,0.12596966,-0.022142684
50.590,1.2592,-0.4077,0.1732,1.0,0.0,2.0,0.03146458,-0.13549961,1.0,1.0,0.1262174,-0.022182366,0.03146458,-0.13549961,1.0,1.0,0.1262174,-0.022182366
50.645,1.2592,-0.4077,0.1732,1.0,0.0,2.0,0.031525444,-0.13571978,1.0,1.0,0.1264405,-0.022246161,0.031525444,-0.13571978,1.0,1.0,0.1264405,-0.022246161
