time,x,y,z,tx,ty,tz,p1,p2,p3,p4,p5,p6,m1,m2,m3,m4,m5,m6
0.044,2.9992,19.9584,0.8344,3.0,20.0,1.0,-0.04250889,-0.08402483,0.5482839,0.5482839,0.04310157,0.08343215,-0.04250889,-0.08402483,0.5482839,0.5482839,0.04310157,0.08343215
0.057,2.9992,19.9584,0.8344,3.0,20.0,1.0,-0.04250889,-0.08402483,0.5482839,0.5482839,0.04310157,0.08343215,-0.04250889,-0.08402483,0.5482839,0.5482839,0.04310157,0.08343215
0.107,2.9992,19.9584,0.8344,3.0,20.0,1.0,-0.04250881,-0.08402491,0.5482839,0.5482839,0.04310165,0.08343207,-0.04250881,-0.08402491,0.5482839,0.5482839,0.04310165,0.08343207
0.157,2.9992,19.9584,0.8344,3.0,20.0,1.0,-0.042508733,-0.08402499,0.5482839,0.5482839,0.043101728,0.083432,-0.042508733,-0.08402499,0.5482839,0.5482839,0.043101728,0.083432
0.207,2.9992,19.9584,0.8344,3.0,20.0,1.0,-0.04250865,-0.08402507,0.5482839,0.5482839,0.043101806,0.083431914,-0.04250865,-0.08402507,0.5482839,0.5482839,0.043101806,0.083431914
0.257,2.9992,19.9584,0.8344,3.0,20.0,1.0,-0.042508572,-0.08402515,0.5482839,0.5482839,0.04310189,0.08343183,-0.042508572,-0.08402515,0.5482839,0.5482839,0.04310189,0.08343183
0.307,2.9992,19.9584,0.8344,3.0,20.0,1.0,-0.042508494,-0.08402523,0.5482839,0.5482839,0.043101966,0.08343176,-0.042508494,-0.08402523,0.5482839,0.5482839,0.043101966,0.08343176
0.357,2.9992,19.9584,0.8344,3.0,20.0,1.0,-0.042508412,-0.08402531,0.5482839,0.5482839,0.043102045,0.083431676,-0.042508412,-0.08402531,0.5482839,0.5482839,0.043102045,0.083431676
0.407,2.9992,19.9584,0.8344,3.0,20.0,1.0,-0.042508334,-0.08402539,0.5482839,0.5482839,0.043102127,0.083431594,-0.042508334,-0.08402539,0.5482839,0.5482839,0.043102127,0.083431594
0.457,2.9992,19.9584,0.8344,3.0,20.0,1.0,-0.042508256,-0.084025465,0.5482839,0.5482839,0.043102205,0.08343152,-0.042508256,-0.084025465,0.5482839,0.5482839,0.043102205,0.08343152
0.507,2.9992,19.9584,0.8344,3.0,20.0,1.0,-0.042508177,-0.08402555,0.5482839,0.5482839,0.043102283,0.08343144,-0.042508177,-0.08402555,0.5482839,0.5482839,0.043102283,0.08343144
0.557,2.9992,19.9584,0.8344,3.0,20.0,1.0,-0.042508096,-0.08402562,0.5482839,0.5482839,0.04310236,0.083431356,-0.042508096,-0.08402562,0.5482839,0.5482839,0.04310236,0.083431356
0.607,2.9992,19.9584,0.8344,3.0,20.0,1.0,-0.042508017,-0.0840257,0.5482839,0.5482839,0.043102443,0.08343128,-0.042508017,-0.0840257,0.5482839,0.5482839,0.043102443,0.08343128
0.657,2.9992,19.9584,0.8344,3.0,20.0,1.0,-0.04250794,-0.084025785,0.5482839,0.5482839,0.04310252,0.0834312,-0.04250794,-0.084025785,0.5482839,0.5482839,0.04310252,0.0834312
0.707,2.9992,19.9584,0.8344,3.0,20.0,1.0,-0.04250786,-0.08402586,0.5482839,0.5482839,0.0431026,0.083431125,-0.04250786,-0.08402586,0.5482839,0.5482839,0.0431026,0.083431125
0.757,2.9992,19.9584,0.8344,3.0,20.0,1.0,-0.04250778,-0.08402594,0.5482839,0.5482839,0.043102678,0.08343104,-0.04250778,-0.08402594,0.5482839,0.5482839,0.043102678,0.08343104
0.807,2.9992,19.9584,0.8344,3.0,20.0,1.0,-0.0425077,-0.084026024,0.5482839,0.5482839,0.04310276,0.08343096,-0.0425077,-0.084026024,0.5482839,0.5482839,0.04310276,0.08343096
0.857,2.9992,19.9584,0.8344,3.0,20.0,1.0,-0.042507622,-0.0840261,0.5482839,0.5482839,0.043102838,0.083430886,-0.042507622,-0.0840261,0.5482839,0.5482839,0.043102838,0.083430886
0.907,2.9992,19.9584,0.8344,3.0,20.0,1.0,-0.04250754,-0.08402618,0.5482839,0.5482839,0.043102916,0.083430804,-0.04250754,-0.08402618,0.5482839,0.5482839,0.043102916,0.083430804
0.957,2.9992,19.9584,0.8344,3.0,20.0,1.0,-0.042507462,-0.08402626,0.5482839,0.5482839,0.043103,0.08343072,-0.042507462,-0.08402626,0.5482839,0.5482839,0.043103,0.08343072
1.007,2.9992,19.9584,0.8344,3.0,20.0,1.0,-0.042507384,-0.08402634,0.5482839,0.5482839,0.043103077,0.08343065,-0.042507384,-0.08402634,0.5482839,0.5482839,0.043103077,0.08343065
1.056,2.9992,19.9584,0.8344,3.0,20.0,1.0,-0.042507306,-0.08402642,0.5482839,0.5482839,0.043103155,0.083430566,-0.042507306,-0.08402642,0.5482839,0.5482839,0.043103155,0.083430566
1.107,2.9992,19.9584,0.8344,3.0,20.0,1.0,-0.042507224,-0.08402649,0.5482839,0.5482839,0.043103233,0.083430484,-0.042507224,-0.08402649,0.5482839,0.5482839,0.043103233,0.083430484
1.157,2.9992,19.9584,0.8344,3.0,20.0,1.0,-0.042507146,-0.084026575,0.5482839,0.5482839,0.043103315,0.08343041,-0.042507146,-0.084026575,0.5482839,0.5482839,0.043103315,0.08343041
1.207,2.9992,19.9584,0.8344,3.0,20.0,1.0,-0.042507067,-0.08402666,0.5482839,0.5482839,0.043103393,0.08343033,-0.042507067,-0.08402666,0.5482839,0.5482839,0.043103393,0.08343033
1.257,2.9992,19.9584,0.8344,3.0,20.0,1.0,-0.042506985,-0.08402673,0.5482839,0.5482839,0.04310347,0.08343025,-0.042506985,-0.08402673,0.5482839,0.5482839,0.04310347,0.08343025
1.307,2.9992,19.9584,0.8344,3.0,20.0,1.0,-0.042506907,-0.08402681,0.5482839,0.5482839,0.04310355,0.08343017,-0.042506907,-0.08402681,0.5482839,0.5482839,0.04310355,0.08343017
1.357,2.9992,19.9584,0.8344,3.0,20.0,1.0,-0.04250683,-0.084026895,0.5482839,0.5482839,0.04310363,0.08343009,-0.04250683,-0.084026895,0.5482839,0.5482839,0.04310363,0.08343009
1.406,2.9992,19.9584,0.8344,3.0,20.0,1.0,-0.04250675,-0.08402697,0.5482839,0.5482839,0.04310371,0.083430015,-0.04250675,-0.08402697,0.5482839,0.5482839,0.04310371,0.083430015
1.462,2.9992,19.9584,0.8344,3.0,20.0,1.0,-0.04250667,-0.08402705,0.5482839,0.5482839,0.043103788,0.08342993,-0.04250667,-0.08402705,0.5482839,0.5482839,0.043103788,0.08342993
1.514,2.9992,19.9584,0.8344,3.0,20.0,1.0,-0.04250659,-0.084027134,0.5482839,0.5482839,0.04310387,0.08342985,-0.04250659,-0.084027134,0.5482839,0.5482839,0.04310387,0.08342985
1.565,2.9992,19.9584,0.8344,3.0,20.0,1.0,-0.042506512,-0.08402721,0.5482839,0.5482839,0.04310395,0.083429776,-0.042506512,-0.08402721,0.5482839,0.5482839,0.04310395,0.083429776
1.609,0.0000,0.0000,0.0000,0.0,0.0,0.0,0.0,0.0,0.0,0.0,0.0,0.0,0.0,0.0,0.0,0.0,0.0,0.0
1.660,0.0000,0.0000,0.0000,0.0,0.0,0.0,0.0,0.0,0.0,0.0,0.0,0.0,0.0,0.0,0.0,0.0,0.0,0.0
1.710,0.0000,0.0000,0.0000,0.0,0.0,0.0,0.0,0.0,0.0,0.0,0.0,0.0,0.0,0.0,0.0,0.0,0.0,0.0
1.760,0.0000,0.0000,0.0000,0.0,0.0,0.0,0.0,0.0,0.0,0.0,0.0,0.0,0.0,0.0,0.0,0.0,0.0,0.0
1.809,0.0000,0.0000,0.0000,0.0,0.0,0.0,0.0,0.0,0.0,0.0,0.0,0.0,0.0,0.0,0.0,0.0,0.0,0.0
1.859,0.0000,0.0000,0.0000,0.0,0.0,0.0,0.0,0.0,0.0,0.0,0.0,0.0,0.0,0.0,0.0,0.0,0.0,0.0
1.909,0.0000,0.0000,0.0000,0.0,0.0,0.0,0.0,0.0,0.0,0.0,0.0,0.0,0.0,0.0,0.0,0.0,0.0,0.0
1.960,0.0000,0.0000,0.0000,0.0,0.0,0.0,0.0,0.0,0.0,0.0,0.0,0.0,0.0,0.0,0.0,0.0,0.0,0.0
2.009,0.0000,0.0000,0.0000,0.0,0.0,0.0,0.0,0.0,0.0,0.0,0.0,0.0,0.0,0.0,0.0,0.0,0.0,0.0
2.059,0.0000,0.0000,0.0000,0.0,0.0,0.0,0.0,0.0,0.0,0.0,0.0,0.0,0.0,0.0,0.0,0.0,0.0,0.0
2.110,0.0000,0.0000,0.0000,0.0,0.0,0.0,0.0,0.0,0.0,0.0,0.0,0.0,0.0,0.0,0.0,0.0,0.0,0.0
2.159,0.0000,0.0000,0.0000,0.0,0.0,0.0,0.0,0.0,0.0,0.0,0.0,0.0,0.0,0.0,0.0,0.0,0.0,0.0
2.209,0.0000,0.0000,0.0000,0.0,0.0,0.0,0.0,0.0,0.0,0.0,0.0,0.0,0.0,0.0,0.0,0.0,0.0,0.0
2.259,0.0000,0.0000,0.0000,0.0,0.0,0.0,0.0,0.0,0.0,0.0,0.0,0.0,0.0,0.0,0.0,0.0,0.0,0.0
2.309,0.0000,0.0000,0.0000,0.0,0.0,0.0,0.0,0.0,0.0,0.0,0.0,0.0,0.0,0.0,0.0,0.0,0.0,0.0
2.359,0.0000,0.0000,0.0000,0.0,0.0,0.0,0.0,0.0,0.0,0.0,0.0,0.0,0.0,0.0,0.0,0.0,0.0,0.0
2.409,0.0000,0.0000,0.0000,0.0,0.0,0.0,0.0,0.0,0.0,0.0,0.0,0.0,0.0,0.0,0.0,0.0,0.0,0.0
2.459,0.0000,0.0000,0.0000,0.0,0.0,0.0,0.0,0.0,0.0,0.0,0.0,0.0,0.0,0.0,0.0,0.0,0.0,0.0
2.509,0.0000,0.0000,0.0000,0.0,0.0,0.0,0.0,0.0,0.0,0.0,0.0,0.0,0.0,0.0,0.0,0.0,0.0,0.0
2.559,0.0000,0.0000,0.0000,0.0,0.0,0.0,0.0,0.0,0.0,0.0,0.0,0.0,0.0,0.0,0.0,0.0,0.0,0.0
2.609,0.0000,0.0000,0.0000,0.0,0.0,0.0,0.0,0.0,0.0,0.0,0.0,0.0,0.0,0.0,0.0,0.0,0.0,0.0
2.659,0.0000,0.0000,0.0000,0.0,0.0,0.0,0.0,0.0,0.0,0.0,0.0,0.0,0.0,0.0,0.0,0.0,0.0,0.0
2.709,0.0000,0.0000,0.0000,0.0,0.0,0.0,0.0,0.0,0.0,0.0,0.0,0.0,0.0,0.0,0.0,0.0,0.0,0.0
2.759,0.0000,0.0000,0.0000,0.0,0.0,0.0,0.0,0.0,0.0,0.0,0.0,0.0,0.0,0.0,0.0,0.0,0.0,0.0
2.809,0.0000,0.0000,0.0000,0.0,0.0,0.0,0.0,0.0,0.0,0.0,0.0,0.0,0.0,0.0,0.0,0.0,0.0,0.0
2.859,2.9992,19.9584,0.8344,3.0,20.0,1.0,-0.042504452,-0.08402927,0.5482839,0.5482839,0.04310601,0.08342771,-0.042504452,-0.08402927,0.5482839,0.5482839,0.04310601,0.08342771
2.909,2.9992,19.9584,0.8344,3.0,20.0,1.0,-0.04250437,-0.08402935,0.5482839,0.5482839,0.043106087,0.08342763,-0.04250437,-0.08402935,0.5482839,0.5482839,0.043106087,0.08342763
2.959,2.9992,19.9584,0.8344,3.0,20.0,1.0,-0.042504292,-0.08402943,0.5482839,0.5482839,0.04310617,0.083427556,-0.042504292,-0.08402943,0.5482839,0.5482839,0.04310617,0.083427556
3.009,-0.0000,0.7000,0.5000,3.0,20.0,1.0,-0.042504214,-0.08402951,0.5482839,0.5482839,0.043106247,0.083427474,-0.042504214,-0.08402951,0.5482839,0.5482839,0.043106247,0.083427474
3.060,0.0001,0.7007,0.4999,3.0,20.0,1.0,0.7829188,0.61523366,0.03869698,0.03869698,-1.0,-0.39815247,0.7829188,0.61523366,0.03869698,0.03869698,-1.0,-0.39815247
3.109,0.0003,0.7020,0.4996,3.0,20.0,1.0,0.75772804,0.66892546,0.059386905,0.059386905,-1.0,-0.42665347,0.75772804,0.66892546,0.059386905,0.059386905,-1.0,-0.42665347
3.159,0.0008,0.7052,0.4986,3.0,20.0,1.0,0.73874164,0.6732626,0.059027128,0.059027128,-1.0,-0.41200426,0.73874164,0.6732626,0.059027128,0.059027128,-1.0,-0.41200426
3.209,0.0013,0.7080,0.4977,3.0,20.0,1.0,0.69412106,0.6833189,0.058254436,0.058254436,-1.0,-0.37743992,0.69412106,0.6833189,0.058254436,0.058254436,-1.0,-0.37743992
3.260,0.0024,0.7132,0.4958,3.0,20.0,1.0,0.69206184,0.68341315,0.058285255,0.058285255,-1.0,-0.37547502,0.69206184,0.68341315,0.058285255,0.058285255,-1.0,-0.37547502
3.309,0.0033,0.7172,0.4943,3.0,20.0,1.0,0.6356887,0.6957194,0.057493567,0.057493567,-1.0,-0.33140814,0.6356887,0.6957194,0.057493567,0.057493567,-1.0,-0.33140814
3.360,0.0050,0.7240,0.4916,3.0,20.0,1.0,0.6413245,0.6939283,0.057675846,0.057675846,-1.0,-0.33525285,0.6413245,0.6939283,0.057675846,0.057675846,-1.0,-0.33525285
3.411,0.0063,0.7290,0.4896,3.0,20.0,1.0,0.5885672,0.7049372,0.0571447,0.0571447,-1.0,-0.29350445,0.5885672,0.7049372,0.0571447,0.0571447,-1.0,-0.29350445
3.461,-0.0000,0.7000,0.5000,0.0,0.0,0.0,0.0,0.0,0.0,0.0,0.0,0.0,0.0,0.0,0.0,0.0,0.0,0.0
3.512,-0.0000,0.7000,0.5000,0.0,0.0,0.0,0.0,0.0,0.0,0.0,0.0,0.0,0.0,0.0,0.0,0.0,0.0,0.0
3.560,-0.0000,0.7000,0.5000,0.0,0.0,0.0,0.0,0.0,0.0,0.0,0.0,0.0,0.0,0.0,0.0,0.0,0.0,0.0
3.611,0.0155,0.7590,0.4764,3.0,20.0,1.0,0.5478763,0.71127045,0.057261538,0.057261538,-1.0,-0.25914675,0.5478763,0.71127045,0.057261538,0.057261538,-1.0,-0.25914675
3.660,-0.0000,0.7000,0.5000,0.0,0.0,0.0,0.0,0.0,0.0,0.0,0.0,0.0,0.0,0.0,0.0,0.0,0.0,0.0
3.711,-0.0000,0.7000,0.5000,0.0,0.0,0.0,0.0,0.0,0.0,0.0,0.0,0.0,0.0,0.0,0.0,0.0,0.0,0.0
3.761,-0.0000,0.7000,0.5000,0.0,0.0,0.0,0.0,0.0,0.0,0.0,0.0,0.0,0.0,0.0,0.0,0.0,0.0,0.0
3.812,-0.0000,0.7000,0.5000,0.0,0.0,0.0,0.0,0.0,0.0,0.0,0.0,0.0,0.0,0.0,0.0,0.0,0.0,0.0
3.861,-0.0000,0.7000,0.5000,0.0,0.0,0.0,0.0,0.0,0.0,0.0,0.0,0.0,0.0,0.0,0.0,0.0,0.0,0.0
3.910,0.0361,0.8153,0.4490,3.0,20.0,1.0,0.38398454,0.73868906,0.05853218,0.05853218,-1.0,-0.122673586,0.38398454,0.73868906,0.05853218,0.05853218,-1.0,-0.122673586
3.960,0.0410,0.8278,0.4427,0.0,0.0,0.0,0.0,0.0,0.0,0.0,0.0,0.0,0.0,0.0,0.0,0.0,0.0,0.0
4.011,0.0445,0.8362,0.4383,0.0,0.0,0.0,0.0,0.0,0.0,0.0,0.0,0.0,0.0,0.0,0.0,0.0,0.0,0.0
4.060,0.0498,0.8491,0.4315,0.0,0.0,0.0,0.0,0.0,0.0,0.0,0.0,0.0,0.0,0.0,0.0,0.0,0.0,0.0
4.112,0.0534,0.8579,0.4269,0.0,0.0,0.0,0.0,0.0,0.0,0.0,0.0,0.0,0.0,0.0,0.0,0.0,0.0,0.0
4.160,0.0591,0.8712,0.4197,0.0,0.0,0.0,0.0,0.0,0.0,0.0,0.0,0.0,0.0,0.0,0.0,0.0,0.0,0.0
4.212,0.0629,0.8802,0.4148,0.0,0.0,0.0,0.0,0.0,0.0,0.0,0.0,0.0,0.0,0.0,0.0,0.0,0.0,0.0
4.260,0.0689,0.8939,0.4074,0.0,0.0,0.0,0.0,0.0,0.0,0.0,0.0,0.0,0.0,0.0,0.0,0.0,0.0,0.0
4.310,0.0729,0.9031,0.4023,0.0,0.0,0.0,0.0,0.0,0.0,0.0,0.0,0.0,0.0,0.0,0.0,0.0,0.0,0.0
4.360,0.0790,0.9171,0.3945,0.0,0.0,0.0,0.0,0.0,0.0,0.0,0.0,0.0,0.0,0.0,0.0,0.0,0.0,0.0
4.412,0.0832,0.9265,0.3893,0.0,0.0,0.0,0.0,0.0,0.0,0.0,0.0,0.0,0.0,0.0,0.0,0.0,0.0,0.0
4.460,0.0895,0.9408,0.3812,0.0,0.0,0.0,0.0,0.0,0.0,0.0,0.0,0.0,0.0,0.0,0.0,0.0,0.0,0.0
4.512,0.0937,0.9503,0.3758,0.0,0.0,0.0,0.0,0.0,0.0,0.0,0.0,0.0,0.0,0.0,0.0,0.0,0.0,0.0
4.560,0.1002,0.9648,0.3675,0.0,0.0,0.0,0.0,0.0,0.0,0.0,0.0,0.0,0.0,0.0,0.0,0.0,0.0,0.0
4.612,0.1045,0.9745,0.3619,0.0,0.0,0.0,0.0,0.0,0.0,0.0,0.0,0.0,0.0,0.0,0.0,0.0,0.0,0.0
4.661,0.1111,0.9892,0.3534,0.0,0.0,0.0,0.0,0.0,0.0,0.0,0.0,0.0,0.0,0.0,0.0,0.0,0.0,0.0
4.711,0.1154,0.9991,0.3476,0.0,0.0,0.0,0.0,0.0,0.0,0.0,0.0,0.0,0.0,0.0,0.0,0.0,0.0,0.0
4.760,0.1220,1.0139,0.3389,0.0,0.0,0.0,0.0,0.0,0.0,0.0,0.0,0.0,0.0,0.0,0.0,0.0,0.0,0.0
4.812,0.1264,1.0239,0.3330,0.0,0.0,0.0,0.0,0.0,0.0,0.0,0.0,0.0,0.0,0.0,0.0,0.0,0.0,0.0
4.861,0.1330,1.0378,0.3257,0.0,0.0,0.0,0.0,0.0,0.0,0.0,0.0,0.0,0.0,0.0,0.0,0.0,0.0,0.0
4.912,0.1374,1.0442,0.3257,0.0,0.0,0.0,0.0,0.0,0.0,0.0,0.0,0.0,0.0,0.0,0.0,0.0,0.0,0.0
4.960,0.1439,1.0542,0.3253,0.0,0.0,0.0,0.0,0.0,0.0,0.0,0.0,0.0,0.0,0.0,0.0,0.0,0.0,0.0
5.012,0.1483,1.0611,0.3246,0.0,0.0,0.0,0.0,0.0,0.0,0.0,0.0,0.0,0.0,0.0,0.0,0.0,0.0,0.0
5.061,0.1548,1.0720,0.3230,0.0,0.0,0.0,0.0,0.0,0.0,0.0,0.0,0.0,0.0,0.0,0.0,0.0,0.0,0.0
5.110,0.1591,1.0796,0.3216,0.0,0.0,0.0,0.0,0.0,0.0,0.0,0.0,0.0,0.0,0.0,0.0,0.0,0.0,0.0
5.160,0.1655,1.0913,0.3191,0.0,0.0,0.0,0.0,0.0,0.0,0.0,0.0,0.0,0.0,0.0,0.0,0.0,0.0,0.0
5.210,0.1729,1.1054,0.3155,0.0,0.0,0.0,0.0,0.0,0.0,0.0,0.0,0.0,0.0,0.0,0.0,0.0,0.0,0.0
5.260,0.1760,1.1117,0.3137,0.0,0.0,0.0,0.0,0.0,0.0,0.0,0.0,0.0,0.0,0.0,0.0,0.0,0.0,0.0
5.311,0.1801,1.1201,0.3112,0.0,0.0,0.0,0.0,0.0,0.0,0.0,0.0,0.0,0.0,0.0,0.0,0.0,0.0,0.0
5.360,0.1863,1.1330,0.3071,0.0,0.0,0.0,0.0,0.0,0.0,0.0,0.0,0.0,0.0,0.0,0.0,0.0,0.0,0.0
5.410,0.1903,1.1419,0.3041,0.0,0.0,0.0,0.0,0.0,0.0,0.0,0.0,0.0,0.0,0.0,0.0,0.0,0.0,0.0
5.461,0.1963,1.1553,0.2993,0.0,0.0,0.0,0.0,0.0,0.0,0.0,0.0,0.0,0.0,0.0,0.0,0.0,0.0,0.0
5.511,0.2002,1.1644,0.2960,0.0,0.0,0.0,0.0,0.0,0.0,0.0,0.0,0.0,0.0,0.0,0.0,0.0,0.0,0.0
5.560,0.2060,1.1783,0.2906,0.0,0.0,0.0,0.0,0.0,0.0,0.0,0.0,0.0,0.0,0.0,0.0,0.0,0.0,0.0
5.612,0.2097,1.1877,0.2883,0.0,0.0,0.0,0.0,0.0,0.0,0.0,0.0,0.0,0.0,0.0,0.0,0.0,0.0,0.0
5.660,0.2153,1.2019,0.2855,0.0,0.0,0.0,0.0,0.0,0.0,0.0,0.0,0.0,0.0,0.0,0.0,0.0,0.0,0.0
5.712,0.2189,1.2115,0.2840,0.0,0.0,0.0,0.0,0.0,0.0,0.0,0.0,0.0,0.0,0.0,0.0,0.0,0.0,0.0
5.760,0.2242,1.2260,0.2818,0.0,0.0,0.0,0.0,0.0,0.0,0.0,0.0,0.0,0.0,0.0,0.0,0.0,0.0,0.0
5.811,0.2277,1.2357,0.2805,0.0,0.0,0.0,0.0,0.0,0.0,0.0,0.0,0.0,0.0,0.0,0.0,0.0,0.0,0.0
5.860,0.2328,1.2503,0.2787,0.0,0.0,0.0,0.0,0.0,0.0,0.0,0.0,0.0,0.0,0.0,0.0,0.0,0.0,0.0
5.911,0.2355,1.2589,0.2792,0.0,0.0,0.0,0.0,0.0,0.0,0.0,0.0,0.0,0.0,0.0,0.0,0.0,0.0,0.0
5.960,0.2396,1.2717,0.2804,0.0,0.0,0.0,0.0,0.0,0.0,0.0,0.0,0.0,0.0,0.0,0.0,0.0,0.0,0.0
6.011,0.2423,1.2804,0.2814,3.0,20.0,1.0,-0.14786549,0.782304,0.07588076,0.07588076,-1.0,0.3655615,-0.14786549,0.782304,0.07588076,0.07588076,-1.0,0.3655615
6.060,0.2463,1.2936,0.2827,0.0,0.0,0.0,0.0,0.0,0.0,0.0,0.0,0.0,0.0,0.0,0.0,0.0,0.0,0.0
6.112,0.2489,1.3027,0.2834,0.0,0.0,0.0,0.0,0.0,0.0,0.0,0.0,0.0,0.0,0.0,0.0,0.0,0.0,0.0
6.160,0.2529,1.3167,0.2843,0.0,0.0,0.0,0.0,0.0,0.0,0.0,0.0,0.0,0.0,0.0,0.0,0.0,0.0,0.0
6.210,0.2553,1.3261,0.2850,0.0,0.0,0.0,0.0,0.0,0.0,0.0,0.0,0.0,0.0,0.0,0.0,0.0,0.0,0.0
6.260,0.2589,1.3405,0.2860,0.0,0.0,0.0,0.0,0.0,0.0,0.0,0.0,0.0,0.0,0.0,0.0,0.0,0.0,0.0
6.309,0.2613,1.3504,0.2863,0.0,0.0,0.0,0.0,0.0,0.0,0.0,0.0,0.0,0.0,0.0,0.0,0.0,0.0,0.0
6.360,0.2647,1.3657,0.2863,0.0,0.0,0.0,0.0,0.0,0.0,0.0,0.0,0.0,0.0,0.0,0.0,0.0,0.0,0.0
6.410,0.2669,1.3760,0.2862,0.0,0.0,0.0,0.0,0.0,0.0,0.0,0.0,0.0,0.0,0.0,0.0,0.0,0.0,0.0
6.459,0.2701,1.3918,0.2862,0.0,0.0,0.0,0.0,0.0,0.0,0.0,0.0,0.0,0.0,0.0,0.0,0.0,0.0,0.0
6.511,0.2722,1.4025,0.2861,0.0,0.0,0.0,0.0,0.0,0.0,0.0,0.0,0.0,0.0,0.0,0.0,0.0,0.0,0.0
6.560,0.2751,1.4189,0.2856,0.0,0.0,0.0,0.0,0.0,0.0,0.0,0.0,0.0,0.0,0.0,0.0,0.0,0.0,0.0
6.611,0.2770,1.4301,0.2850,0.0,0.0,0.0,0.0,0.0,0.0,0.0,0.0,0.0,0.0,0.0,0.0,0.0,0.0,0.0
6.659,0.2798,1.4470,0.2837,0.0,0.0,0.0,0.0,0.0,0.0,0.0,0.0,0.0,0.0,0.0,0.0,0.0,0.0,0.0
6.710,0.2816,1.4585,0.2827,0.0,0.0,0.0,0.0,0.0,0.0,0.0,0.0,0.0,0.0,0.0,0.0,0.0,0.0,0.0
6.759,0.2842,1.4761,0.2808,0.0,0.0,0.0,0.0,0.0,0.0,0.0,0.0,0.0,0.0,0.0,0.0,0.0,0.0,0.0
6.810,0.2859,1.4879,0.2794,0.0,0.0,0.0,0.0,0.0,0.0,0.0,0.0,0.0,0.0,0.0,0.0,0.0,0.0,0.0
6.861,0.2885,1.5059,0.2770,0.0,0.0,0.0,0.0,0.0,0.0,0.0,0.0,0.0,0.0,0.0,0.0,0.0,0.0,0.0
6.911,0.2902,1.5181,0.2753,0.0,0.0,0.0,0.0,0.0,0.0,0.0,0.0,0.0,0.0,0.0,0.0,0.0,0.0,0.0
6.960,0.2927,1.5365,0.2724,0.0,0.0,0.0,0.0,0.0,0.0,0.0,0.0,0.0,0.0,0.0,0.0,0.0,0.0,0.0
7.011,0.2943,1.5490,0.2704,0.0,0.0,0.0,0.0,0.0,0.0,0.0,0.0,0.0,0.0,0.0,0.0,0.0,0.0,0.0
7.060,0.2968,1.5678,0.2671,0.0,0.0,0.0,0.0,0.0,0.0,0.0,0.0,0.0,0.0,0.0,0.0,0.0,0.0,0.0
7.111,0.2985,1.5805,0.2649,0.0,0.0,0.0,0.0,0.0,0.0,0.0,0.0,0.0,0.0,0.0,0.0,0.0,0.0,0.0
7.160,0.3010,1.5997,0.2613,0.0,0.0,0.0,0.0,0.0,0.0,0.0,0.0,0.0,0.0,0.0,0.0,0.0,0.0,0.0
7.211,0.3027,1.6127,0.2589,0.0,0.0,0.0,0.0,0.0,0.0,0.0,0.0,0.0,0.0,0.0,0.0,0.0,0.0,0.0
7.260,0.3053,1.6324,0.2550,0.0,0.0,0.0,0.0,0.0,0.0,0.0,0.0,0.0,0.0,0.0,0.0,0.0,0.0,0.0
7.309,0.3071,1.6458,0.2523,0.0,0.0,0.0,0.0,0.0,0.0,0.0,0.0,0.0,0.0,0.0,0.0,0.0,0.0,0.0
7.360,0.3098,1.6661,0.2479,0.0,0.0,0.0,0.0,0.0,0.0,0.0,0.0,0.0,0.0,0.0,0.0,0.0,0.0,0.0
7.411,0.3117,1.6798,0.2449,0.0,0.0,0.0,0.0,0.0,0.0,0.0,0.0,0.0,0.0,0.0,0.0,0.0,0.0,0.0
7.460,0.3146,1.7009,0.2399,0.0,0.0,0.0,0.0,0.0,0.0,0.0,0.0,0.0,0.0,0.0,0.0,0.0,0.0,0.0
7.512,0.3166,1.7151,0.2364,0.0,0.0,0.0,0.0,0.0,0.0,0.0,0.0,0.0,0.0,0.0,0.0,0.0,0.0,0.0
7.560,0.3196,1.7368,0.2310,0.0,0.0,0.0,0.0,0.0,0.0,0.0,0.0,0.0,0.0,0.0,0.0,0.0,0.0,0.0
7.612,0.3217,1.7515,0.2273,0.0,0.0,0.0,0.0,0.0,0.0,0.0,0.0,0.0,0.0,0.0,0.0,0.0,0.0,0.0
7.661,0.3249,1.7739,0.2216,0.0,0.0,0.0,0.0,0.0,0.0,0.0,0.0,0.0,0.0,0.0,0.0,0.0,0.0,0.0
7.712,0.3272,1.7890,0.2179,0.0,0.0,0.0,0.0,0.0,0.0,0.0,0.0,0.0,0.0,0.0,0.0,0.0,0.0,0.0
7.760,0.3306,1.8120,0.2124,0.0,0.0,0.0,0.0,0.0,0.0,0.0,0.0,0.0,0.0,0.0,0.0,0.0,0.0,0.0
7.810,0.3330,1.8274,0.2088,0.0,0.0,0.0,0.0,0.0,0.0,0.0,0.0,0.0,0.0,0.0,0.0,0.0,0.0,0.0
7.860,0.3367,1.8508,0.2037,0.0,0.0,0.0,0.0,0.0,0.0,0.0,0.0,0.0,0.0,0.0,0.0,0.0,0.0,0.0
7.913,0.3393,1.8665,0.2006,0.0,0.0,0.0,0.0,0.0,0.0,0.0,0.0,0.0,0.0,0.0,0.0,0.0,0.0,0.0
7.960,0.3432,1.8901,0.1965,0.0,0.0,0.0,0.0,0.0,0.0,0.0,0.0,0.0,0.0,0.0,0.0,0.0,0.0,0.0
8.012,0.3459,1.9059,0.1941,0.0,0.0,0.0,0.0,0.0,0.0,0.0,0.0,0.0,0.0,0.0,0.0,0.0,0.0,0.0
8.060,0.3500,1.9296,0.1912,0.0,0.0,0.0,0.0,0.0,0.0,0.0,0.0,0.0,0.0,0.0,0.0,0.0,0.0,0.0
8.112,0.3528,1.9454,0.1898,0.0,0.0,0.0,0.0,0.0,0.0,0.0,0.0,0.0,0.0,0.0,0.0,0.0,0.0,0.0
8.160,0.3572,1.9691,0.1885,0.0,0.0,0.0,0.0,0.0,0.0,0.0,0.0,0.0,0.0,0.0,0.0,0.0,0.0,0.0
8.212,0.3601,1.9849,0.1882,0.0,0.0,0.0,0.0,0.0,0.0,0.0,0.0,0.0,0.0,0.0,0.0,0.0,0.0,0.0
8.260,0.3647,2.0085,0.1885,0.0,0.0,0.0,0.0,0.0,0.0,0.0,0.0,0.0,0.0,0.0,0.0,0.0,0.0,0.0
8.309,0.3678,2.0242,0.1893,0.0,0.0,0.0,0.0,0.0,0.0,0.0,0.0,0.0,0.0,0.0,0.0,0.0,0.0,0.0
8.360,0.3725,2.0478,0.1910,0.0,0.0,0.0,0.0,0.0,0.0,0.0,0.0,0.0,0.0,0.0,0.0,0.0,0.0,0.0
8.410,0.3758,2.0635,0.1927,0.0,0.0,0.0,0.0,0.0,0.0,0.0,0.0,0.0,0.0,0.0,0.0,0.0,0.0,0.0
8.460,0.3808,2.0870,0.1956,0.0,0.0,0.0,0.0,0.0,0.0,0.0,0.0,0.0,0.0,0.0,0.0,0.0,0.0,0.0
8.512,0.3842,2.1026,0.1979,0.0,0.0,0.0,0.0,0.0,0.0,0.0,0.0,0.0,0.0,0.0,0.0,0.0,0.0,0.0
8.560,0.3894,2.1259,0.2016,0.0,0.0,0.0,0.0,0.0,0.0,0.0,0.0,0.0,0.0,0.0,0.0,0.0,0.0,0.0
8.612,0.3929,2.1414,0.2042,0.0,0.0,0.0,0.0,0.0,0.0,0.0,0.0,0.0,0.0,0.0,0.0,0.0,0.0,0.0
8.660,0.3981,2.1645,0.2082,0.0,0.0,0.0,0.0,0.0,0.0,0.0,0.0,0.0,0.0,0.0,0.0,0.0,0.0,0.0
8.712,0.4017,2.1799,0.2108,0.0,0.0,0.0,0.0,0.0,0.0,0.0,0.0,0.0,0.0,0.0,0.0,0.0,0.0,0.0
8.760,0.4070,2.2029,0.2145,0.0,0.0,0.0,0.0,0.0,0.0,0.0,0.0,0.0,0.0,0.0,0.0,0.0,0.0,0.0
8.810,0.4106,2.2182,0.2168,0.0,0.0,0.0,0.0,0.0,0.0,0.0,0.0,0.0,0.0,0.0,0.0,0.0,0.0,0.0
8.860,0.4160,2.2411,0.2200,0.0,0.0,0.0,0.0,0.0,0.0,0.0,0.0,0.0,0.0,0.0,0.0,0.0,0.0,0.0
8.912,0.4195,2.2563,0.2218,0.0,0.0,0.0,0.0,0.0,0.0,0.0,0.0,0.0,0.0,0.0,0.0,0.0,0.0,0.0
8.961,0.4249,2.2791,0.2240,0.0,0.0,0.0,0.0,0.0,0.0,0.0,0.0,0.0,0.0,0.0,0.0,0.0,0.0,0.0
9.013,0.4285,2.2943,0.2253,0.0,0.0,0.0,0.0,0.0,0.0,0.0,0.0,0.0,0.0,0.0,0.0,0.0,0.0,0.0
9.060,0.4338,2.3171,0.2267,0.0,0.0,0.0,0.0,0.0,0.0,0.0,0.0,0.0,0.0,0.0,0.0,0.0,0.0,0.0
9.112,0.4373,2.3323,0.2273,0.0,0.0,0.0,0.0,0.0,0.0,0.0,0.0,0.0,0.0,0.0,0.0,0.0,0.0,0.0
9.160,0.4425,2.3550,0.2279,0.0,0.0,0.0,0.0,0.0,0.0,0.0,0.0,0.0,0.0,0.0,0.0,0.0,0.0,0.0
9.209,0.4460,2.3702,0.2280,0.0,0.0,0.0,0.0,0.0,0.0,0.0,0.0,0.0,0.0,0.0,0.0,0.0,0.0,0.0
9.260,0.4512,2.3929,0.2278,0.0,0.0,0.0,0.0,0.0,0.0,0.0,0.0,0.0,0.0,0.0,0.0,0.0,0.0,0.0
9.310,0.4547,2.4080,0.2275,0.0,0.0,0.0,0.0,0.0,0.0,0.0,0.0,0.0,0.0,0.0,0.0,0.0,0.0,0.0
9.361,0.4599,2.4306,0.2267,0.0,0.0,0.0,0.0,0.0,0.0,0.0,0.0,0.0,0.0,0.0,0.0,0.0,0.0,0.0
9.411,0.4633,2.4457,0.2259,0.0,0.0,0.0,0.0,0.0,0.0,0.0,0.0,0.0,0.0,0.0,0.0,0.0,0.0,0.0
9.460,0.4685,2.4684,0.2246,0.0,0.0,0.0,0.0,0.0,0.0,0.0,0.0,0.0,0.0,0.0,0.0,0.0,0.0,0.0
9.512,0.4719,2.4835,0.2235,0.0,0.0,0.0,0.0,0.0,0.0,0.0,0.0,0.0,0.0,0.0,0.0,0.0,0.0,0.0
9.561,0.4771,2.5062,0.2216,0.0,0.0,0.0,0.0,0.0,0.0,0.0,0.0,0.0,0.0,0.0,0.0,0.0,0.0,0.0
9.608,0.4806,2.5213,0.2203,3.0,20.0,1.0,-0.85669965,0.2615649,0.094185,0.094185,-0.40486526,1.0,-0.85669965,0.2615649,0.094185,0.094185,-0.40486526,1.0
9.657,0.4857,2.5441,0.2181,3.0,20.0,1.0,-0.85592186,0.2647577,0.09424086,0.09424086,-0.40883583,1.0,-0.85592186,0.2647577,0.09424086,0.09424086,-0.40883583,1.0
9.707,0.4891,2.5593,0.2166,3.0,20.0,1.0,-0.8586524,0.24748339,0.09448335,0.09448335,-0.38883096,1.0,-0.8586524,0.24748339,0.09448335,0.09448335,-0.38883096,1.0
9.757,0.4943,2.5820,0.2142,3.0,20.0,1.0,-0.8579626,0.25023657,0.09450456,0.09450456,-0.39227396,1.0,-0.8579626,0.25023657,0.09450456,0.09450456,-0.39227396,1.0
9.810,0.4977,2.5972,0.2126,3.0,20.0,1.0,-0.860639,0.23310117,0.09480288,0.09480288,-0.37246218,1.0,-0.860639,0.23310117,0.09480288,0.09480288,-0.37246218,1.0
9.859,0.5028,2.6200,0.2102,0.0,0.0,0.0,0.0,0.0,0.0,0.0,0.0,0.0,0.0,0.0,0.0,0.0,0.0,0.0
9.909,0.5063,2.6351,0.2086,3.0,20.0,1.0,-0.8625608,0.21897222,0.09509233,0.09509233,-0.3564114,1.0,-0.8625608,0.21897222,0.09509233,0.09509233,-0.3564114,1.0
9.961,0.5114,2.6579,0.2065,0.0,0.0,0.0,0.0,0.0,0.0,0.0,0.0,0.0,0.0,0.0,0.0,0.0,0.0,0.0
10.009,0.5148,2.6730,0.2051,0.0,0.0,0.0,0.0,0.0,0.0,0.0,0.0,0.0,0.0,0.0,0.0,0.0,0.0,0.0
10.060,0.5200,2.6958,0.2034,0.0,0.0,0.0,0.0,0.0,0.0,0.0,0.0,0.0,0.0,0.0,0.0,0.0,0.0,0.0
10.110,0.5234,2.7109,0.2024,3.0,20.0,1.0,-0.86352754,0.2083558,0.09519235,0.09519235,-0.34482825,1.0,-0.86352754,0.2083558,0.09519235,0.09519235,-0.34482825,1.0
10.159,0.5286,2.7336,0.2013,3.0,20.0,1.0,-0.86755586,0.18227199,0.09548043,0.09548043,-0.31471613,1.0,-0.86755586,0.18227199,0.09548043,0.09548043,-0.31471613,1.0
10.210,0.5346,2.7602,0.2004,0.0,0.0,0.0,0.0,0.0,0.0,0.0,0.0,0.0,0.0,0.0,0.0,0.0,0.0,0.0
10.259,0.5372,2.7716,0.2003,3.0,20.0,1.0,-0.86709356,0.18214393,0.0952941,0.0952941,-0.31505033,1.0,-0.86709356,0.18214393,0.0952941,0.0952941,-0.31505033,1.0
10.309,0.5433,2.7982,0.2002,0.0,0.0,0.0,0.0,0.0,0.0,0.0,0.0,0.0,0.0,0.0,0.0,0.0,0.0,0.0
10.360,0.5459,2.8096,0.2004,0.0,0.0,0.0,0.0,0.0,0.0,0.0,0.0,0.0,0.0,0.0,0.0,0.0,0.0,0.0
10.411,0.5494,2.8249,0.2007,0.0,0.0,0.0,0.0,0.0,0.0,0.0,0.0,0.0,0.0,0.0,0.0,0.0,0.0,0.0
10.460,0.5546,2.8478,0.2016,0.0,0.0,0.0,0.0,0.0,0.0,0.0,0.0,0.0,0.0,0.0,0.0,0.0,0.0,0.0
10.511,0.5581,2.8631,0.2023,0.0,0.0,0.0,0.0,0.0,0.0,0.0,0.0,0.0,0.0,0.0,0.0,0.0,0.0,0.0
10.560,0.5633,2.8861,0.2037,0.0,0.0,0.0,0.0,0.0,0.0,0.0,0.0,0.0,0.0,0.0,0.0,0.0,0.0,0.0
10.612,0.5667,2.9015,0.2047,0.0,0.0,0.0,0.0,0.0,0.0,0.0,0.0,0.0,0.0,0.0,0.0,0.0,0.0,0.0
10.659,0.5718,2.9245,0.2063,0.0,0.0,0.0,0.0,0.0,0.0,0.0,0.0,0.0,0.0,0.0,0.0,0.0,0.0,0.0
10.711,0.5752,2.9399,0.2074,3.0,20.0,1.0,-0.8750336,0.119775325,0.09402201,0.09402201,-0.24474174,1.0,-0.8750336,0.119775325,0.09402201,0.09402201,-0.24474174,1.0
10.761,0.5801,2.9630,0.2092,0.0,0.0,0.0,0.0,0.0,0.0,0.0,0.0,0.0,0.0,0.0,0.0,0.0,0.0,0.0
10.811,0.5834,2.9784,0.2103,0.0,0.0,0.0,0.0,0.0,0.0,0.0,0.0,0.0,0.0,0.0,0.0,0.0,0.0,0.0
10.860,0.5882,3.0015,0.2120,0.0,0.0,0.0,0.0,0.0,0.0,0.0,0.0,0.0,0.0,0.0,0.0,0.0,0.0,0.0
10.911,0.5913,3.0169,0.2130,0.0,0.0,0.0,0.0,0.0,0.0,0.0,0.0,0.0,0.0,0.0,0.0,0.0,0.0,0.0
10.960,0.5960,3.0400,0.2144,0.0,0.0,0.0,0.0,0.0,0.0,0.0,0.0,0.0,0.0,0.0,0.0,0.0,0.0,0.0
11.013,0.5990,3.0555,0.2153,0.0,0.0,0.0,0.0,0.0,0.0,0.0,0.0,0.0,0.0,0.0,0.0,0.0,0.0,0.0
11.060,0.6035,3.0787,0.2163,0.0,0.0,0.0,0.0,0.0,0.0,0.0,0.0,0.0,0.0,0.0,0.0,0.0,0.0,0.0
11.111,0.6064,3.0942,0.2169,0.0,0.0,0.0,0.0,0.0,0.0,0.0,0.0,0.0,0.0,0.0,0.0,0.0,0.0,0.0
11.161,0.6107,3.1175,0.2175,0.0,0.0,0.0,0.0,0.0,0.0,0.0,0.0,0.0,0.0,0.0,0.0,0.0,0.0,0.0
11.209,0.6136,3.1330,0.2178,0.0,0.0,0.0,0.0,0.0,0.0,0.0,0.0,0.0,0.0,0.0,0.0,0.0,0.0,0.0
11.260,0.6177,3.1563,0.2180,0.0,0.0,0.0,0.0,0.0,0.0,0.0,0.0,0.0,0.0,0.0,0.0,0.0,0.0,0.0
11.311,0.6205,3.1719,0.2180,0.0,0.0,0.0,0.0,0.0,0.0,0.0,0.0,0.0,0.0,0.0,0.0,0.0,0.0,0.0
11.360,0.6245,3.1954,0.2178,0.0,0.0,0.0,0.0,0.0,0.0,0.0,0.0,0.0,0.0,0.0,0.0,0.0,0.0,0.0
11.410,0.6272,3.2110,0.2175,0.0,0.0,0.0,0.0,0.0,0.0,0.0,0.0,0.0,0.0,0.0,0.0,0.0,0.0,0.0
11.461,0.6311,3.2345,0.2170,0.0,0.0,0.0,0.0,0.0,0.0,0.0,0.0,0.0,0.0,0.0,0.0,0.0,0.0,0.0
11.512,0.6337,3.2502,0.2165,0.0,0.0,0.0,0.0,0.0,0.0,0.0,0.0,0.0,0.0,0.0,0.0,0.0,0.0,0.0
11.560,0.6376,3.2739,0.2156,0.0,0.0,0.0,0.0,0.0,0.0,0.0,0.0,0.0,0.0,0.0,0.0,0.0,0.0,0.0
11.611,0.6401,3.2897,0.2149,0.0,0.0,0.0,0.0,0.0,0.0,0.0,0.0,0.0,0.0,0.0,0.0,0.0,0.0,0.0
11.659,0.6439,3.3134,0.2138,0.0,0.0,0.0,0.0,0.0,0.0,0.0,0.0,0.0,0.0,0.0,0.0,0.0,0.0,0.0
11.711,0.6463,3.3292,0.2130,3.0,20.0,1.0,-0.88348234,0.038151342,0.09496208,0.09496208,-0.15466899,1.0,-0.88348234,0.038151342,0.09496208,0.09496208,-0.15466899,1.0
11.760,0.6500,3.3531,0.2119,0.0,0.0,0.0,0.0,0.0,0.0,0.0,0.0,0.0,0.0,0.0,0.0,0.0,0.0,0.0
11.809,0.6541,3.3809,0.2105,0.0,0.0,0.0,0.0,0.0,0.0,0.0,0.0,0.0,0.0,0.0,0.0,0.0,0.0,0.0
11.860,0.6559,3.3929,0.2099,0.0,0.0,0.0,0.0,0.0,0.0,0.0,0.0,0.0,0.0,0.0,0.0,0.0,0.0,0.0
11.903,0.6582,3.4089,0.2092,3.0,20.0,1.0,-0.88665044,0.009552136,0.096254155,0.096254155,-0.1229017,1.0,-0.88665044,0.009552136,0.096254155,0.096254155,-0.1229017,1.0
11.956,0.6617,3.4329,0.2081,3.0,20.0,1.0,-0.8862998,0.011238911,0.0961682,0.0961682,-0.124939114,1.0,-0.8862998,0.011238911,0.0961682,0.0961682,-0.124939114,1.0
12.007,0.6639,3.4489,0.2075,3.0,20.0,1.0,-0.8875516,0.0004672577,0.09663188,0.09663188,-0.112915635,1.0,-0.8875516,0.0004672577,0.09663188,0.09663188,-0.112915635,1.0
12.056,0.6672,3.4730,0.2067,3.0,20.0,1.0,-0.8871927,0.002237056,0.096528925,0.096528925,-0.11504434,1.0,-0.8871927,0.002237056,0.096528925,0.096528925,-0.11504434,1.0
12.106,0.6694,3.4891,0.2062,3.0,20.0,1.0,-0.8884182,-0.008434022,0.09694829,0.09694829,-0.10314775,1.0,-0.8884182,-0.008434022,0.09694829,0.09694829,-0.10314775,1.0
12.156,0.6726,3.5133,0.2057,3.0,20.0,1.0,-0.88805205,-0.00659352,0.09683754,0.09683754,-0.105354406,1.0,-0.88805205,-0.00659352,0.09683754,0.09683754,-0.105354406,1.0
12.206,0.6747,3.5295,0.2055,3.0,20.0,1.0,-0.8892324,-0.017023263,0.097197205,0.097197205,-0.093744345,1.0,-0.8892324,-0.017023263,0.097197205,0.097197205,-0.093744345,1.0
12.256,0.6763,3.5417,0.2053,3.0,20.0,1.0,-0.8888759,-0.01523257,0.09708986,0.09708986,-0.09589153,1.0,-0.8888759,-0.01523257,0.09708986,0.09708986,-0.09589153,1.0
12.306,0.6798,3.5701,0.2052,3.0,20.0,1.0,-0.8887935,-0.015291836,0.09706875,0.09706875,-0.09591464,1.0,-0.8887935,-0.015291836,0.09706875,0.09706875,-0.09591464,1.0
12.356,0.6813,3.5823,0.2053,3.0,20.0,1.0,-0.89071184,-0.031817526,0.097546965,0.097546965,-0.07747063,1.0,-0.89071184,-0.031817526,0.097546965,0.097546965,-0.07747063,1.0
12.406,0.6847,3.6107,0.2055,3.0,20.0,1.0,-0.88959855,-0.023844354,0.09726874,0.09726874,-0.0865571,1.0,-0.88959855,-0.023844354,0.09726874,0.09726874,-0.0865571,1.0
12.456,0.6861,3.6229,0.2057,3.0,20.0,1.0,-0.8914025,-0.039651413,0.09764649,0.09764649,-0.068946086,1.0,-0.8914025,-0.039651413,0.09764649,0.09764649,-0.068946086,1.0
12.506,0.6892,3.6514,0.2063,3.0,20.0,1.0,-0.89040154,-0.032457832,0.09743115,0.09743115,-0.07714063,1.0,-0.89040154,-0.032457832,0.09743115,0.09743115,-0.07714063,1.0
12.556,0.6918,3.6759,0.2069,3.0,20.0,1.0,-0.8920784,-0.047430098,0.09772538,0.09772538,-0.060491513,1.0,-0.8920784,-0.047430098,0.09772538,0.09772538,-0.060491513,1.0
12.603,0.6934,3.6922,0.2074,3.0,20.0,1.0,-0.892276,-0.050452683,0.09773565,0.09773565,-0.05727134,1.0,-0.892276,-0.050452683,0.09773565,0.09773565,-0.05727134,1.0
12.656,0.6958,3.7166,0.2082,3.0,20.0,1.0,-0.8918623,-0.04804694,0.09766604,0.09766604,-0.06009081,1.0,-0.8918623,-0.04804694,0.09766604,0.09766604,-0.06009081,1.0
12.706,0.6974,3.7329,0.2088,3.0,20.0,1.0,-0.8930803,-0.059352927,0.09784329,0.09784329,-0.047566775,1.0,-0.8930803,-0.059352927,0.09784329,0.09784329,-0.047566775,1.0
12.756,0.6995,3.7574,0.2096,3.0,20.0,1.0,-0.89258873,-0.056250084,0.097777225,0.097777225,-0.05116116,1.0,-0.89258873,-0.056250084,0.097777225,0.097777225,-0.05116116,1.0
12.807,0.7009,3.7736,0.2102,3.0,20.0,1.0,-0.8935862,-0.06585455,0.0979315,0.0979315,-0.040559214,1.0,-0.8935862,-0.06585455,0.0979315,0.0979315,-0.040559214,1.0
12.857,0.7029,3.7981,0.2110,3.0,20.0,1.0,-0.89326185,-0.064072676,0.097900786,0.097900786,-0.04266548,1.0,-0.89326185,-0.064072676,0.097900786,0.097900786,-0.04266548,1.0
12.906,0.7042,3.8143,0.2115,3.0,20.0,1.0,-0.89420193,-0.073294714,0.098073095,0.098073095,-0.032503333,1.0,-0.89420193,-0.073294714,0.098073095,0.098073095,-0.032503333,1.0
12.956,0.7059,3.8388,0.2122,3.0,20.0,1.0,-0.89389354,-0.07159881,0.09805222,0.09805222,-0.034507632,1.0,-0.89389354,-0.07159881,0.09805222,0.09805222,-0.034507632,1.0
13.006,0.7071,3.8550,0.2127,3.0,20.0,1.0,-0.8947852,-0.08049674,0.09825716,0.09825716,-0.02471803,1.0,-0.8947852,-0.08049674,0.09825716,0.09825716,-0.02471803,1.0
13.056,0.7079,3.8672,0.2130,3.0,20.0,1.0,-0.89453983,-0.0792944,0.098251164,0.098251164,-0.02616577,1.0,-0.89453983,-0.0792944,0.098251164,0.098251164,-0.02616577,1.0
13.107,0.7096,3.8957,0.2135,3.0,20.0,1.0,-0.89443856,-0.07907601,0.09825654,0.09825654,-0.02648543,1.0,-0.89443856,-0.07907601,0.09825654,0.09825654,-0.02648543,1.0
13.156,0.7104,3.9079,0.2137,3.0,20.0,1.0,-0.8959067,-0.0932574,0.09867658,0.09867658,-0.010835893,1.0,-0.8959067,-0.0932574,0.09867658,0.09867658,-0.010835893,1.0
13.207,0.7119,3.9364,0.2141,3.0,20.0,1.0,-0.89507043,-0.086677596,0.09850621,0.09850621,-0.018251983,1.0,-0.89507043,-0.086677596,0.09850621,0.09850621,-0.018251983,1.0
13.257,0.7131,3.9608,0.2142,3.0,20.0,1.0,-0.8964748,-0.100414224,0.0989995,0.0989995,-0.0031109715,1.0,-0.8964748,-0.100414224,0.0989995,0.0989995,-0.0031109715,1.0
13.306,0.7139,3.9771,0.2143,3.0,20.0,1.0,-0.8967029,-0.103733316,0.09918249,0.09918249,0.0004362123,1.0,-0.8967029,-0.103733316,0.09918249,0.09918249,0.0004362123,1.0
13.356,0.7149,4.0016,0.2142,3.0,20.0,1.0,-0.89636886,-0.10167298,0.09913211,0.09913211,-0.0019581357,1.0,-0.89636886,-0.10167298,0.09913211,0.09913211,-0.0019581357,1.0
13.406,0.7155,4.0179,0.2141,3.0,20.0,1.0,-0.8972487,-0.11071844,0.09956056,0.09956056,0.0079671,1.0,-0.8972487,-0.11071844,0.09956056,0.09956056,0.0079671,1.0
13.460,0.7164,4.0424,0.2138,3.0,20.0,1.0,-0.897002,-0.10941489,0.09952955,0.09952955,0.0064168987,1.0,-0.897002,-0.10941489,0.09952955,0.09952955,0.0064168987,1.0
13.510,0.7169,4.0588,0.2136,0.0,0.0,0.0,0.0,0.0,0.0,0.0,0.0,0.0,0.0,0.0,0.0,0.0,0.0,0.0
13.560,0.7176,4.0833,0.2132,0.0,0.0,0.0,0.0,0.0,0.0,0.0,0.0,0.0,0.0,0.0,0.0,0.0,0.0,0.0
13.612,0.7180,4.0997,0.2129,0.0,0.0,0.0,0.0,0.0,0.0,0.0,0.0,0.0,0.0,0.0,0.0,0.0,0.0,0.0
13.660,0.7186,4.1243,0.2124,0.0,0.0,0.0,0.0,0.0,0.0,0.0,0.0,0.0,0.0,0.0,0.0,0.0,0.0,0.0
13.710,0.7189,4.1408,0.2120,0.0,0.0,0.0,0.0,0.0,0.0,0.0,0.0,0.0,0.0,0.0,0.0,0.0,0.0,0.0
13.760,0.7193,4.1655,0.2114,0.0,0.0,0.0,0.0,0.0,0.0,0.0,0.0,0.0,0.0,0.0,0.0,0.0,0.0,0.0
13.810,0.7195,4.1820,0.2110,0.0,0.0,0.0,0.0,0.0,0.0,0.0,0.0,0.0,0.0,0.0,0.0,0.0,0.0,0.0
13.860,0.7197,4.2067,0.2104,0.0,0.0,0.0,0.0,0.0,0.0,0.0,0.0,0.0,0.0,0.0,0.0,0.0,0.0,0.0
13.912,0.7199,4.2233,0.2101,0.0,0.0,0.0,0.0,0.0,0.0,0.0,0.0,0.0,0.0,0.0,0.0,0.0,0.0,0.0
13.960,0.7199,4.2481,0.2095,0.0,0.0,0.0,0.0,0.0,0.0,0.0,0.0,0.0,0.0,0.0,0.0,0.0,0.0,0.0
14.013,0.7199,4.2647,0.2092,0.0,0.0,0.0,0.0,0.0,0.0,0.0,0.0,0.0,0.0,0.0,0.0,0.0,0.0,0.0
14.060,0.7199,4.2895,0.2088,0.0,0.0,0.0,0.0,0.0,0.0,0.0,0.0,0.0,0.0,0.0,0.0,0.0,0.0,0.0
14.112,0.7198,4.3061,0.2085,0.0,0.0,0.0,0.0,0.0,0.0,0.0,0.0,0.0,0.0,0.0,0.0,0.0,0.0,0.0
14.161,0.7196,4.3311,0.2082,0.0,0.0,0.0,0.0,0.0,0.0,0.0,0.0,0.0,0.0,0.0,0.0,0.0,0.0,0.0
14.210,0.7194,4.3477,0.2081,0.0,0.0,0.0,0.0,0.0,0.0,0.0,0.0,0.0,0.0,0.0,0.0,0.0,0.0,0.0
14.260,0.7190,4.3726,0.2079,0.0,0.0,0.0,0.0,0.0,0.0,0.0,0.0,0.0,0.0,0.0,0.0,0.0,0.0,0.0
14.310,0.7187,4.3893,0.2079,0.0,0.0,0.0,0.0,0.0,0.0,0.0,0.0,0.0,0.0,0.0,0.0,0.0,0.0,0.0
14.360,0.7182,4.4142,0.2079,0.0,0.0,0.0,0.0,0.0,0.0,0.0,0.0,0.0,0.0,0.0,0.0,0.0,0.0,0.0
14.410,0.7178,4.4309,0.2080,0.0,0.0,0.0,0.0,0.0,0.0,0.0,0.0,0.0,0.0,0.0,0.0,0.0,0.0,0.0
14.460,0.7171,4.4558,0.2081,0.0,0.0,0.0,0.0,0.0,0.0,0.0,0.0,0.0,0.0,0.0,0.0,0.0,0.0,0.0
14.509,0.7166,4.4724,0.2083,0.0,0.0,0.0,0.0,0.0,0.0,0.0,0.0,0.0,0.0,0.0,0.0,0.0,0.0,0.0
14.559,0.7157,4.4974,0.2086,0.0,0.0,0.0,0.0,0.0,0.0,0.0,0.0,0.0,0.0,0.0,0.0,0.0,0.0,0.0
14.609,0.7151,4.5140,0.2088,0.0,0.0,0.0,0.0,0.0,0.0,0.0,0.0,0.0,0.0,0.0,0.0,0.0,0.0,0.0
14.659,0.7142,4.5389,0.2092,0.0,0.0,0.0,0.0,0.0,0.0,0.0,0.0,0.0,0.0,0.0,0.0,0.0,0.0,0.0
14.709,0.7134,4.5555,0.2094,0.0,0.0,0.0,0.0,0.0,0.0,0.0,0.0,0.0,0.0,0.0,0.0,0.0,0.0,0.0
14.760,0.7123,4.5804,0.2099,0.0,0.0,0.0,0.0,0.0,0.0,0.0,0.0,0.0,0.0,0.0,0.0,0.0,0.0,0.0
14.810,0.7115,4.5970,0.2101,0.0,0.0,0.0,0.0,0.0,0.0,0.0,0.0,0.0,0.0,0.0,0.0,0.0,0.0,0.0
14.859,0.7102,4.6219,0.2106,0.0,0.0,0.0,0.0,0.0,0.0,0.0,0.0,0.0,0.0,0.0,0.0,0.0,0.0,0.0
14.909,0.7093,4.6385,0.2108,0.0,0.0,0.0,0.0,0.0,0.0,0.0,0.0,0.0,0.0,0.0,0.0,0.0,0.0,0.0
14.960,0.7079,4.6633,0.2112,0.0,0.0,0.0,0.0,0.0,0.0,0.0,0.0,0.0,0.0,0.0,0.0,0.0,0.0,0.0
15.009,0.7061,4.6923,0.2116,0.0,0.0,0.0,0.0,0.0,0.0,0.0,0.0,0.0,0.0,0.0,0.0,0.0,0.0,0.0
15.059,0.7053,4.7047,0.2118,0.0,0.0,0.0,0.0,0.0,0.0,0.0,0.0,0.0,0.0,0.0,0.0,0.0,0.0,0.0
15.109,0.7042,4.7213,0.2120,0.0,0.0,0.0,0.0,0.0,0.0,0.0,0.0,0.0,0.0,0.0,0.0,0.0,0.0,0.0
15.159,0.7025,4.7461,0.2122,0.0,0.0,0.0,0.0,0.0,0.0,0.0,0.0,0.0,0.0,0.0,0.0,0.0,0.0,0.0
15.209,0.7013,4.7626,0.2123,0.0,0.0,0.0,0.0,0.0,0.0,0.0,0.0,0.0,0.0,0.0,0.0,0.0,0.0,0.0
15.260,0.6995,4.7875,0.2125,0.0,0.0,0.0,0.0,0.0,0.0,0.0,0.0,0.0,0.0,0.0,0.0,0.0,0.0,0.0
15.310,0.6983,4.8040,0.2125,0.0,0.0,0.0,0.0,0.0,0.0,0.0,0.0,0.0,0.0,0.0,0.0,0.0,0.0,0.0
15.359,0.6963,4.8289,0.2125,0.0,0.0,0.0,0.0,0.0,0.0,0.0,0.0,0.0,0.0,0.0,0.0,0.0,0.0,0.0
15.410,0.6950,4.8455,0.2125,0.0,0.0,0.0,0.0,0.0,0.0,0.0,0.0,0.0,0.0,0.0,0.0,0.0,0.0,0.0
15.460,0.6929,4.8703,0.2124,0.0,0.0,0.0,0.0,0.0,0.0,0.0,0.0,0.0,0.0,0.0,0.0,0.0,0.0,0.0
15.512,0.6915,4.8869,0.2123,0.0,0.0,0.0,0.0,0.0,0.0,0.0,0.0,0.0,0.0,0.0,0.0,0.0,0.0,0.0
15.561,0.6893,4.9118,0.2121,0.0,0.0,0.0,0.0,0.0,0.0,0.0,0.0,0.0,0.0,0.0,0.0,0.0,0.0,0.0
15.611,0.6878,4.9284,0.2120,0.0,0.0,0.0,0.0,0.0,0.0,0.0,0.0,0.0,0.0,0.0,0.0,0.0,0.0,0.0
15.659,0.6855,4.9534,0.2118,0.0,0.0,0.0,0.0,0.0,0.0,0.0,0.0,0.0,0.0,0.0,0.0,0.0,0.0,0.0
15.711,0.6840,4.9700,0.2116,0.0,0.0,0.0,0.0,0.0,0.0,0.0,0.0,0.0,0.0,0.0,0.0,0.0,0.0,0.0
15.760,0.6816,4.9950,0.2113,0.0,0.0,0.0,0.0,0.0,0.0,0.0,0.0,0.0,0.0,0.0,0.0,0.0,0.0,0.0
15.812,0.6800,5.0117,0.2111,0.0,0.0,0.0,0.0,0.0,0.0,0.0,0.0,0.0,0.0,0.0,0.0,0.0,0.0,0.0
15.860,0.6775,5.0367,0.2108,0.0,0.0,0.0,0.0,0.0,0.0,0.0,0.0,0.0,0.0,0.0,0.0,0.0,0.0,0.0
15.911,0.6758,5.0534,0.2106,0.0,0.0,0.0,0.0,0.0,0.0,0.0,0.0,0.0,0.0,0.0,0.0,0.0,0.0,0.0
15.959,0.6733,5.0785,0.2103,0.0,0.0,0.0,0.0,0.0,0.0,0.0,0.0,0.0,0.0,0.0,0.0,0.0,0.0,0.0
16.011,0.6716,5.0953,0.2101,3.0,20.0,1.0,-0.9148688,-0.34370717,0.11311898,0.11311898,0.25857598,1.0,-0.9148688,-0.34370717,0.11311898,0.11311898,0.25857598,1.0
16.060,0.6690,5.1204,0.2099,0.0,0.0,0.0,0.0,0.0,0.0,0.0,0.0,0.0,0.0,0.0,0.0,0.0,0.0,0.0
16.103,0.6672,5.1372,0.2097,3.0,20.0,1.0,-0.9156222,-0.3542655,0.11388719,0.11388719,0.26988772,1.0,-0.9156222,-0.3542655,0.11388719,0.11388719,0.26988772,1.0
16.157,0.6659,5.1498,0.2097,3.0,20.0,1.0,-0.91518176,-0.35114473,0.11364323,0.11364323,0.2663265,1.0,-0.91518176,-0.35114473,0.11364323,0.11364323,0.2663265,1.0
16.207,0.6627,5.1792,0.2095,3.0,20.0,1.0,-0.9152617,-0.35287735,0.11376403,0.11376403,0.26813906,1.0,-0.9152617,-0.35287735,0.11376403,0.11376403,0.26813906,1.0
16.256,0.6613,5.1918,0.2094,3.0,20.0,1.0,-0.9169206,-0.37159875,0.115136854,0.115136854,0.28851935,1.0,-0.9169206,-0.37159875,0.115136854,0.115136854,0.28851935,1.0
16.306,0.6581,5.2212,0.2093,3.0,20.0,1.0,-0.91593325,-0.3627217,0.114466295,0.114466295,0.27865496,1.0,-0.91593325,-0.3627217,0.114466295,0.114466295,0.27865496,1.0
16.356,0.6567,5.2338,0.2093,3.0,20.0,1.0,-0.917667,-0.38227418,0.11589008,0.11589008,0.29994118,1.0,-0.917667,-0.38227418,0.11589008,0.11589008,0.29994118,1.0
16.408,0.6534,5.2633,0.2093,3.0,20.0,1.0,-0.91671497,-0.37373474,0.115248166,0.115248166,0.29044974,1.0,-0.91671497,-0.37373474,0.115248166,0.115248166,0.29044974,1.0
16.457,0.6505,5.2886,0.2094,3.0,20.0,1.0,-0.91834897,-0.3923772,0.11659443,0.11659443,0.31072617,1.0,-0.91834897,-0.3923772,0.11659443,0.11659443,0.31072617,1.0
16.506,0.6486,5.3055,0.2094,3.0,20.0,1.0,-0.91875535,-0.39844573,0.11701592,0.11701592,0.31720105,1.0,-0.91875535,-0.39844573,0.11701592,0.11701592,0.31720105,1.0
16.557,0.6457,5.3308,0.2096,3.0,20.0,1.0,-0.9182672,-0.39486817,0.11674126,0.11674126,0.31313536,1.0,-0.9182672,-0.39486817,0.11674126,0.11674126,0.31313536,1.0
16.606,0.6437,5.3477,0.2097,3.0,20.0,1.0,-0.91942,-0.40847757,0.117715046,0.117715046,0.32789755,1.0,-0.91942,-0.40847757,0.117715046,0.117715046,0.32789755,1.0
16.659,0.6408,5.3731,0.2099,3.0,20.0,1.0,-0.91903836,-0.40597793,0.11752197,0.11752197,0.32501632,1.0,-0.91903836,-0.40597793,0.11752197,0.11752197,0.32501632,1.0
16.709,0.6388,5.3900,0.2100,3.0,20.0,1.0,-0.9201984,-0.419727,0.118509315,0.118509315,0.33992535,1.0,-0.9201984,-0.419727,0.118509315,0.118509315,0.33992535,1.0
16.759,0.6358,5.4154,0.2102,3.0,20.0,1.0,-0.91979885,-0.4170505,0.11830632,0.11830632,0.33684936,1.0,-0.91979885,-0.4170505,0.11830632,0.11830632,0.33684936,1.0
16.810,0.6338,5.4324,0.2104,3.0,20.0,1.0,-0.9209862,-0.43114325,0.11932846,0.11932846,0.3521294,1.0,-0.9209862,-0.43114325,0.11932846,0.11932846,0.3521294,1.0
16.859,0.6308,5.4578,0.2106,3.0,20.0,1.0,-0.92059946,-0.4285996,0.11913767,0.11913767,0.34919903,1.0,-0.92059946,-0.4285996,0.11913767,0.11913767,0.34919903,1.0
16.909,0.6288,5.4748,0.2107,3.0,20.0,1.0,-0.92174816,-0.44236693,0.120151944,0.120151944,0.36411512,1.0,-0.92174816,-0.44236693,0.120151944,0.120151944,0.36411512,1.0
16.959,0.6258,5.5003,0.2110,3.0,20.0,1.0,-0.9213804,-0.4400186,0.11997718,0.11997718,0.36139897,1.0,-0.9213804,-0.4400186,0.11997718,0.11997718,0.36139897,1.0
17.010,0.6238,5.5173,0.2111,3.0,20.0,1.0,-0.9224979,-0.4535325,0.120994255,0.120994255,0.3760304,1.0,-0.9224979,-0.4535325,0.120994255,0.120994255,0.3760304,1.0
17.059,0.6222,5.5301,0.2112,3.0,20.0,1.0,-0.9221449,-0.45133856,0.12083147,0.12083147,0.37348345,1.0,-0.9221449,-0.45133856,0.12083147,0.12083147,0.37348345,1.0
17.109,0.6187,5.5599,0.2114,3.0,20.0,1.0,-0.9220837,-0.4517706,0.12086476,0.12086476,0.37385428,1.0,-0.9220837,-0.4517706,0.12086476,0.12086476,0.37385428,1.0
17.159,0.6172,5.5727,0.2115,3.0,20.0,1.0,-0.9239793,-0.4737045,0.122571364,0.122571364,0.39768374,1.0,-0.9239793,-0.4737045,0.122571364,0.122571364,0.39768374,1.0
17.209,0.6136,5.6026,0.2117,3.0,20.0,1.0,-0.9228917,-0.46361586,0.12178775,0.12178775,0.38650754,1.0,-0.9228917,-0.46361586,0.12178775,0.12178775,0.38650754,1.0
17.260,0.6121,5.6155,0.2117,3.0,20.0,1.0,-0.9247231,-0.48497587,0.12349743,0.12349743,0.40969896,1.0,-0.9247231,-0.48497587,0.12349743,0.12349743,0.40969896,1.0
17.310,0.6085,5.6455,0.2118,0.0,0.0,0.0,0.0,0.0,0.0,0.0,0.0,0.0,0.0,0.0,0.0,0.0,0.0,0.0
17.359,0.6055,5.6713,0.2119,3.0,20.0,1.0,-0.92557096,-0.49738303,0.12454703,0.12454703,0.42295396,1.0,-0.92557096,-0.49738303,0.12454703,0.12454703,0.42295396,1.0
17.410,0.6035,5.6885,0.2119,3.0,20.0,1.0,-0.9259095,-0.50309557,0.1250495,0.1250495,0.4290051,1.0,-0.9259095,-0.50309557,0.1250495,0.1250495,0.4290051,1.0
17.459,0.6005,5.7144,0.2119,3.0,20.0,1.0,-0.92540103,-0.49931523,0.12474201,0.12474201,0.42471626,1.0,-0.92540103,-0.49931523,0.12474201,0.12474201,0.42471626,1.0
17.510,0.5985,5.7317,0.2118,3.0,20.0,1.0,-0.9266714,-0.5147037,0.126077,0.126077,0.44137502,1.0,-0.9266714,-0.5147037,0.126077,0.126077,0.44137502,1.0
17.559,0.5955,5.7577,0.2118,3.0,20.0,1.0,-0.92625993,-0.51193947,0.12584816,0.12584816,0.4381994,1.0,-0.92625993,-0.51193947,0.12584816,0.12584816,0.4381994,1.0
17.610,0.5935,5.7751,0.2117,3.0,20.0,1.0,-0.92750657,-0.5271378,0.1272014,0.1272014,0.45464438,1.0,-0.92750657,-0.5271378,0.1272014,0.1272014,0.45464438,1.0
17.659,0.5906,5.8013,0.2116,3.0,20.0,1.0,-0.92706245,-0.5240451,0.12693498,0.12693498,0.4511076,1.0,-0.92706245,-0.5240451,0.12693498,0.12693498,0.4511076,1.0
17.710,0.5887,5.8187,0.2115,3.0,20.0,1.0,-0.92846787,-0.54094684,0.12847428,0.12847428,0.4694147,1.0,-0.92846787,-0.54094684,0.12847428,0.12847428,0.4694147,1.0
17.760,0.5858,5.8450,0.2114,3.0,20.0,1.0,-0.927967,-0.5372774,0.12814704,0.12814704,0.46524438,1.0,-0.927967,-0.5372774,0.12814704,0.12814704,0.46524438,1.0
17.810,0.5839,5.8626,0.2113,3.0,20.0,1.0,-0.9292764,-0.5532335,0.12962922,0.12962922,0.48250988,1.0,-0.9292764,-0.5532335,0.12962922,0.12962922,0.48250988,1.0
17.860,0.5811,5.8890,0.2111,0.0,0.0,0.0,0.0,0.0,0.0,0.0,0.0,0.0,0.0,0.0,0.0,0.0,0.0,0.0
17.910,0.5792,5.9067,0.2110,3.0,20.0,1.0,-0.93010336,-0.5657757,0.13082181,0.13082181,0.49587902,1.0,-0.93010336,-0.5657757,0.13082181,0.13082181,0.49587902,1.0
17.960,0.5778,5.9200,0.2109,3.0,20.0,1.0,-0.92975456,-0.5637205,0.13062938,0.13062938,0.49347505,1.0,-0.92975456,-0.5637205,0.13062938,0.13062938,0.49347505,1.0
18.010,0.5747,5.9511,0.2107,3.0,20.0,1.0,-0.9296683,-0.5640123,0.13065517,0.13065517,0.4936806,1.0,-0.9296683,-0.5640123,0.13065517,0.13065517,0.4936806,1.0
18.059,0.5733,5.9645,0.2107,3.0,20.0,1.0,-0.9318097,-0.58917445,0.13307115,0.13307115,0.5209842,1.0,-0.9318097,-0.58917445,0.13307115,0.13307115,0.5209842,1.0
18.110,0.5703,5.9958,0.2105,3.0,20.0,1.0,-0.9305922,-0.57767123,0.131959,0.131959,0.50826335,1.0,-0.9305922,-0.57767123,0.131959,0.131959,0.50826335,1.0
18.159,0.5677,6.0228,0.2104,3.0,20.0,1.0,-0.9327751,-0.6033288,0.13444862,0.13444862,0.53610396,1.0,-0.9327751,-0.6033288,0.13444862,0.13444862,0.53610396,1.0
18.210,0.5660,6.0408,0.2103,3.0,20.0,1.0,-0.9330224,-0.6083774,0.13494198,0.13494198,0.54139984,1.0,-0.9330224,-0.6083774,0.13494198,0.13494198,0.54139984,1.0
18.260,0.5636,6.0680,0.2102,0.0,0.0,0.0,0.0,0.0,0.0,0.0,0.0,0.0,0.0,0.0,0.0,0.0,0.0,0.0
18.310,0.5620,6.0861,0.2102,0.0,0.0,0.0,0.0,0.0,0.0,0.0,0.0,0.0,0.0,0.0,0.0,0.0,0.0,0.0
18.360,0.5597,6.1135,0.2102,0.0,0.0,0.0,0.0,0.0,0.0,0.0,0.0,0.0,0.0,0.0,0.0,0.0,0.0,0.0
18.410,0.5582,6.1318,0.2101,0.0,0.0,0.0,0.0,0.0,0.0,0.0,0.0,0.0,0.0,0.0,0.0,0.0,0.0,0.0
18.460,0.5560,6.1594,0.2102,0.0,0.0,0.0,0.0,0.0,0.0,0.0,0.0,0.0,0.0,0.0,0.0,0.0,0.0,0.0
18.510,0.5546,6.1779,0.2102,0.0,0.0,0.0,0.0,0.0,0.0,0.0,0.0,0.0,0.0,0.0,0.0,0.0,0.0,0.0
18.560,0.5525,6.2057,0.2102,0.0,0.0,0.0,0.0,0.0,0.0,0.0,0.0,0.0,0.0,0.0,0.0,0.0,0.0,0.0
18.612,0.5512,6.2243,0.2103,0.0,0.0,0.0,0.0,0.0,0.0,0.0,0.0,0.0,0.0,0.0,0.0,0.0,0.0,0.0
18.659,0.5502,6.2383,0.2103,3.0,20.0,1.0,-0.93647665,-0.6631953,0.14036267,0.14036267,0.5996719,1.0,-0.93647665,-0.6631953,0.14036267,0.14036267,0.5996719,1.0
18.710,0.5481,6.2712,0.2104,3.0,20.0,1.0,-0.93640566,-0.6637585,0.14041543,0.14041543,0.6001642,1.0,-0.93640566,-0.6637585,0.14041543,0.14041543,0.6001642,1.0
18.760,0.5463,6.2995,0.2105,0.0,0.0,0.0,0.0,0.0,0.0,0.0,0.0,0.0,0.0,0.0,0.0,0.0,0.0,0.0
18.809,0.5452,6.3184,0.2106,3.0,20.0,1.0,-0.93736553,-0.67821974,0.14188248,0.14188248,0.61558527,1.0,-0.93736553,-0.67821974,0.14188248,0.14188248,0.61558527,1.0
18.860,0.5437,6.3470,0.2108,3.0,20.0,1.0,-0.93996114,-0.70856035,0.14502269,0.14502269,0.6485215,1.0,-0.93996114,-0.70856035,0.14502269,0.14502269,0.6485215,1.0
18.910,0.5427,6.3662,0.2109,3.0,20.0,1.0,-0.9400357,-0.71201396,0.14539401,0.14539401,0.65204966,1.0,-0.9400357,-0.71201396,0.14539401,0.14539401,0.65204966,1.0
18.959,0.5413,6.3951,0.2110,0.0,0.0,0.0,0.0,0.0,0.0,0.0,0.0,0.0,0.0,0.0,0.0,0.0,0.0,0.0
19.012,0.5405,6.4144,0.2111,0.0,0.0,0.0,0.0,0.0,0.0,0.0,0.0,0.0,0.0,0.0,0.0,0.0,0.0,0.0
19.060,0.5394,6.4436,0.2112,0.0,0.0,0.0,0.0,0.0,0.0,0.0,0.0,0.0,0.0,0.0,0.0,0.0,0.0,0.0
19.110,0.5387,6.4632,0.2113,0.0,0.0,0.0,0.0,0.0,0.0,0.0,0.0,0.0,0.0,0.0,0.0,0.0,0.0,0.0
19.161,0.5377,6.4927,0.2114,0.0,0.0,0.0,0.0,0.0,0.0,0.0,0.0,0.0,0.0,0.0,0.0,0.0,0.0,0.0
19.211,0.5372,6.5125,0.2115,3.0,20.0,1.0,-0.9433474,-0.7603275,0.15067798,0.15067798,0.70367485,1.0,-0.9433474,-0.7603275,0.15067798,0.15067798,0.70367485,1.0
19.260,0.5365,6.5424,0.2115,0.0,0.0,0.0,0.0,0.0,0.0,0.0,0.0,0.0,0.0,0.0,0.0,0.0,0.0,0.0
19.310,0.5361,6.5625,0.2116,0.0,0.0,0.0,0.0,0.0,0.0,0.0,0.0,0.0,0.0,0.0,0.0,0.0,0.0,0.0
19.360,0.5357,6.5928,0.2116,0.0,0.0,0.0,0.0,0.0,0.0,0.0,0.0,0.0,0.0,0.0,0.0,0.0,0.0,0.0
19.410,0.5355,6.6131,0.2116,0.0,0.0,0.0,0.0,0.0,0.0,0.0,0.0,0.0,0.0,0.0,0.0,0.0,0.0,0.0
19.459,0.5353,6.6438,0.2117,0.0,0.0,0.0,0.0,0.0,0.0,0.0,0.0,0.0,0.0,0.0,0.0,0.0,0.0,0.0
19.510,0.5352,6.6644,0.2116,0.0,0.0,0.0,0.0,0.0,0.0,0.0,0.0,0.0,0.0,0.0,0.0,0.0,0.0,0.0
19.560,0.5353,6.6955,0.2116,0.0,0.0,0.0,0.0,0.0,0.0,0.0,0.0,0.0,0.0,0.0,0.0,0.0,0.0,0.0
19.610,0.5355,6.7164,0.2116,0.0,0.0,0.0,0.0,0.0,0.0,0.0,0.0,0.0,0.0,0.0,0.0,0.0,0.0,0.0
19.659,0.5358,6.7480,0.2115,0.0,0.0,0.0,0.0,0.0,0.0,0.0,0.0,0.0,0.0,0.0,0.0,0.0,0.0,0.0
19.710,0.5362,6.7693,0.2115,0.0,0.0,0.0,0.0,0.0,0.0,0.0,0.0,0.0,0.0,0.0,0.0,0.0,0.0,0.0
19.760,0.5369,6.8014,0.2114,0.0,0.0,0.0,0.0,0.0,0.0,0.0,0.0,0.0,0.0,0.0,0.0,0.0,0.0,0.0
19.811,0.5375,6.8229,0.2113,0.0,0.0,0.0,0.0,0.0,0.0,0.0,0.0,0.0,0.0,0.0,0.0,0.0,0.0,0.0
19.859,0.5385,6.8555,0.2112,0.0,0.0,0.0,0.0,0.0,0.0,0.0,0.0,0.0,0.0,0.0,0.0,0.0,0.0,0.0
19.910,0.5393,6.8775,0.2111,0.0,0.0,0.0,0.0,0.0,0.0,0.0,0.0,0.0,0.0,0.0,0.0,0.0,0.0,0.0
19.960,0.5407,6.9107,0.2110,0.0,0.0,0.0,0.0,0.0,0.0,0.0,0.0,0.0,0.0,0.0,0.0,0.0,0.0,0.0
20.010,0.5417,6.9330,0.2109,3.0,20.0,1.0,-0.9528118,-0.8963541,0.16762999,0.16762999,0.84916586,1.0,-0.9528118,-0.8963541,0.16762999,0.16762999,0.84916586,1.0
20.060,0.5434,6.9667,0.2108,0.0,0.0,0.0,0.0,0.0,0.0,0.0,0.0,0.0,0.0,0.0,0.0,0.0,0.0,0.0
20.114,0.5447,6.9894,0.2107,0.0,0.0,0.0,0.0,0.0,0.0,0.0,0.0,0.0,0.0,0.0,0.0,0.0,0.0,0.0
20.160,0.5468,7.0238,0.2106,0.0,0.0,0.0,0.0,0.0,0.0,0.0,0.0,0.0,0.0,0.0,0.0,0.0,0.0,0.0
20.210,0.5484,7.0469,0.2105,0.0,0.0,0.0,0.0,0.0,0.0,0.0,0.0,0.0,0.0,0.0,0.0,0.0,0.0,0.0
20.260,0.5509,7.0819,0.2104,0.0,0.0,0.0,0.0,0.0,0.0,0.0,0.0,0.0,0.0,0.0,0.0,0.0,0.0,0.0
20.304,0.5527,7.1054,0.2103,3.0,20.0,1.0,-0.956668,-0.9501787,0.17510252,0.17510252,0.90684664,1.0,-0.956668,-0.9501787,0.17510252,0.17510252,0.90684664,1.0
20.356,0.5541,7.1232,0.2103,3.0,20.0,1.0,-0.95602506,-0.9454525,0.17446062,0.17446062,0.9014775,1.0,-0.95602506,-0.9454525,0.17446062,0.17446062,0.9014775,1.0
20.406,0.5576,7.1651,0.2102,3.0,20.0,1.0,-0.95595026,-0.94609874,0.17455852,0.17455852,0.902049,1.0,-0.95595026,-0.94609874,0.17455852,0.17455852,0.902049,1.0
20.457,0.5592,7.1832,0.2102,3.0,20.0,1.0,-0.95905954,-0.98116744,0.17956172,0.17956172,0.940227,1.0,-0.95905954,-0.98116744,0.17956172,0.17956172,0.940227,1.0
20.507,0.5633,7.2259,0.2102,3.0,20.0,1.0,-0.95716876,-0.96325916,0.1770159,0.1770159,0.9204279,1.0,-0.95716876,-0.96325916,0.1770159,0.1770159,0.9204279,1.0
20.557,0.5670,7.2629,0.2101,3.0,20.0,1.0,-0.9602693,-0.9980815,0.18207824,0.18207824,0.9583508,1.0,-0.9602693,-0.9980815,0.18207824,0.18207824,0.9583508,1.0
20.606,0.5697,7.2878,0.2101,3.0,20.0,1.0,-0.9558438,-1.0,0.18222973,0.18222973,0.9608871,0.9949568,-0.9558438,-1.0,0.18222973,0.18222973,0.9608871,0.9949568
20.656,0.5739,7.3256,0.2102,3.0,20.0,1.0,-0.9599022,-0.99891174,0.18227312,0.18227312,0.95881397,1.0,-0.9599022,-0.99891174,0.18227312,0.18227312,0.95881397,1.0
20.707,0.5769,7.3510,0.2102,3.0,20.0,1.0,-0.9414394,-1.0,0.18176866,0.18176866,0.96269846,0.97874093,-0.9414394,-1.0,0.18176866,0.18176866,0.96269846,0.97874093
20.757,0.5815,7.3895,0.2102,3.0,20.0,1.0,-0.9454409,-1.0,0.18195269,0.18195269,0.96184707,0.9835938,-0.9454409,-1.0,0.18195269,0.18195269,0.96184707,0.9835938
20.808,0.5848,7.4153,0.2103,3.0,20.0,1.0,-0.92802656,-1.0,0.18139793,0.18139793,0.96437377,0.9636528,-0.92802656,-1.0,0.18139793,0.18139793,0.96437377,0.9636528
20.856,0.5898,7.4543,0.2104,3.0,20.0,1.0,-0.93151724,-1.0,0.18154995,0.18154995,0.9636037,0.9679135,-0.93151724,-1.0,0.18154995,0.18154995,0.9636037,0.9679135
20.907,0.5933,7.4805,0.2105,3.0,20.0,1.0,-0.91425693,-1.0,0.18107946,0.18107946,0.9661305,0.9481265,-0.91425693,-1.0,0.18107946,0.18107946,0.9661305,0.9481265
20.957,0.5988,7.5200,0.2106,3.0,20.0,1.0,-0.91806346,-1.0,0.18122716,0.18122716,0.9653098,0.95275366,-0.91806346,-1.0,0.18122716,0.18122716,0.9653098,0.95275366
21.006,0.6025,7.5465,0.2107,3.0,20.0,1.0,-0.90231013,-1.0,0.18088576,0.18088576,0.9676145,0.93469566,-0.90231013,-1.0,0.18088576,0.18088576,0.9676145,0.93469566
21.056,0.6054,7.5664,0.2108,3.0,20.0,1.0,-0.9058075,-1.0,0.18100688,0.18100688,0.96684736,0.93896013,-0.9058075,-1.0,0.18100688,0.18100688,0.96684736,0.93896013
21.106,0.6124,7.6132,0.2110,3.0,20.0,1.0,-0.90561926,-1.0,0.18102089,0.18102089,0.96673226,0.93888694,-0.90561926,-1.0,0.18102089,0.18102089,0.96673226,0.93888694
21.157,0.6154,7.6333,0.2111,3.0,20.0,1.0,-0.88366616,-1.0,0.18070973,0.18070973,0.9700543,0.9136119,-0.88366616,-1.0,0.18070973,0.18070973,0.9700543,0.9136119
21.208,0.6228,7.6805,0.2113,3.0,20.0,1.0,-0.8942721,-1.0,0.18089445,0.18089445,0.96815306,0.926119,-0.8942721,-1.0,0.18089445,0.18089445,0.96815306,0.926119
21.257,0.6260,7.7008,0.2114,3.0,20.0,1.0,-0.8750246,-1.0,0.1807731,0.1807731,0.97105616,0.9039685,-0.8750246,-1.0,0.1807731,0.1807731,0.97105616,0.9039685
21.307,0.6338,7.7483,0.2116,3.0,20.0,1.0,-0.88335735,-1.0,0.18086255,0.18086255,0.969531,0.9138263,-0.88335735,-1.0,0.18086255,0.18086255,0.969531,0.9138263
21.356,0.6406,7.7891,0.2118,3.0,20.0,1.0,-0.8643649,-1.0,0.18091911,0.18091911,0.9724239,0.891941,-0.8643649,-1.0,0.18091911,0.18091911,0.9724239,0.891941
21.410,0.6453,7.8164,0.2119,3.0,20.0,1.0,-0.862816,-1.0,0.18104148,0.18104148,0.97244895,0.89036703,-0.862816,-1.0,0.18104148,0.18104148,0.97244895,0.89036703
21.460,0.6524,7.8573,0.2120,3.0,20.0,1.0,-0.86550426,-1.0,0.18106972,0.18106972,0.9718341,0.8936702,-0.86550426,-1.0,0.18106972,0.18106972,0.9718341,0.8936702
21.510,0.6572,7.8846,0.2121,3.0,20.0,1.0,-0.8545474,-1.0,0.18133394,0.18133394,0.9734567,0.88109064,-0.8545474,-1.0,0.18133394,0.18133394,0.9734567,0.88109064
21.560,0.6646,7.9255,0.2123,3.0,20.0,1.0,-0.8573172,-1.0,0.18132639,0.18132639,0.9728351,0.88448215,-0.8573172,-1.0,0.18132639,0.18132639,0.9728351,0.88448215
21.609,0.6696,7.9528,0.2123,3.0,20.0,1.0,-0.8479074,-1.0,0.18169437,0.18169437,0.9742162,0.8736912,-0.8479074,-1.0,0.18169437,0.18169437,0.9742162,0.8736912
21.659,0.6773,7.9936,0.2124,3.0,20.0,1.0,-0.85009825,-1.0,0.18167016,0.18167016,0.9736987,0.8763995,-0.85009825,-1.0,0.18167016,0.18167016,0.9736987,0.8763995
21.710,0.6824,8.0208,0.2125,3.0,20.0,1.0,-0.8416207,-1.0,0.18215255,0.18215255,0.9749405,0.8666802,-0.8416207,-1.0,0.18215255,0.18215255,0.9749405,0.8666802
21.760,0.6903,8.0615,0.2126,3.0,20.0,1.0,-0.8436717,-1.0,0.18209483,0.18209483,0.9744535,0.86921823,-0.8436717,-1.0,0.18209483,0.18209483,0.9744535,0.86921823
21.810,0.6956,8.0886,0.2126,3.0,20.0,1.0,-0.8361796,-1.0,0.18266676,0.18266676,0.9755452,0.86063445,-0.8361796,-1.0,0.18266676,0.18266676,0.9755452,0.86063445
21.860,0.6996,8.1089,0.2126,3.0,20.0,1.0,-0.8378605,-1.0,0.18259226,0.18259226,0.9751272,0.8627333,-0.8378605,-1.0,0.18259226,0.18259226,0.9751272,0.8627333
21.910,0.6372,7.7687,0.2117,0.0,0.0,0.0,0.0,0.0,0.0,0.0,0.0,0.0,0.0,0.0,0.0,0.0,0.0,0.0
21.960,0.7132,8.1762,0.2126,3.0,20.0,1.0,-0.82731783,-1.0,0.18370114,0.18370114,0.9766361,0.8506817,-0.82731783,-1.0,0.18370114,0.18370114,0.9766361,0.8506817
22.009,0.6372,7.7687,0.2117,0.0,0.0,0.0,0.0,0.0,0.0,0.0,0.0,0.0,0.0,0.0,0.0,0.0,0.0,0.0
22.061,0.7313,8.2632,0.2125,0.0,0.0,0.0,0.0,0.0,0.0,0.0,0.0,0.0,0.0,0.0,0.0,0.0,0.0,0.0
22.113,0.7413,8.3097,0.2124,0.0,0.0,0.0,0.0,0.0,0.0,0.0,0.0,0.0,0.0,0.0,0.0,0.0,0.0,0.0
22.159,0.7456,8.3296,0.2124,3.0,20.0,1.0,-0.8199288,-1.0,0.18506946,0.18506946,0.9773705,0.8425583,-0.8199288,-1.0,0.18506946,0.18506946,0.9773705,0.8425583
22.210,0.7513,8.3560,0.2124,0.0,0.0,0.0,0.0,0.0,0.0,0.0,0.0,0.0,0.0,0.0,0.0,0.0,0.0,0.0
22.261,0.7600,8.3955,0.2123,0.0,0.0,0.0,0.0,0.0,0.0,0.0,0.0,0.0,0.0,0.0,0.0,0.0,0.0,0.0
22.310,0.7659,8.4217,0.2122,0.0,0.0,0.0,0.0,0.0,0.0,0.0,0.0,0.0,0.0,0.0,0.0,0.0,0.0,0.0
22.360,0.7747,8.4609,0.2121,0.0,0.0,0.0,0.0,0.0,0.0,0.0,0.0,0.0,0.0,0.0,0.0,0.0,0.0,0.0
22.412,0.7806,8.4869,0.2121,0.0,0.0,0.0,0.0,0.0,0.0,0.0,0.0,0.0,0.0,0.0,0.0,0.0,0.0,0.0
22.460,0.7896,8.5258,0.2120,0.0,0.0,0.0,0.0,0.0,0.0,0.0,0.0,0.0,0.0,0.0,0.0,0.0,0.0,0.0
22.510,0.7956,8.5516,0.2119,0.0,0.0,0.0,0.0,0.0,0.0,0.0,0.0,0.0,0.0,0.0,0.0,0.0,0.0,0.0
22.560,0.8046,8.5902,0.2118,0.0,0.0,0.0,0.0,0.0,0.0,0.0,0.0,0.0,0.0,0.0,0.0,0.0,0.0,0.0
22.612,0.8107,8.6158,0.2118,0.0,0.0,0.0,0.0,0.0,0.0,0.0,0.0,0.0,0.0,0.0,0.0,0.0,0.0,0.0
22.660,0.8198,8.6542,0.2117,0.0,0.0,0.0,0.0,0.0,0.0,0.0,0.0,0.0,0.0,0.0,0.0,0.0,0.0,0.0
22.712,0.8260,8.6796,0.2117,0.0,0.0,0.0,0.0,0.0,0.0,0.0,0.0,0.0,0.0,0.0,0.0,0.0,0.0,0.0
22.760,0.8352,8.7176,0.2117,0.0,0.0,0.0,0.0,0.0,0.0,0.0,0.0,0.0,0.0,0.0,0.0,0.0,0.0,0.0
22.812,0.8414,8.7429,0.2117,0.0,0.0,0.0,0.0,0.0,0.0,0.0,0.0,0.0,0.0,0.0,0.0,0.0,0.0,0.0
22.861,0.8507,8.7807,0.2117,0.0,0.0,0.0,0.0,0.0,0.0,0.0,0.0,0.0,0.0,0.0,0.0,0.0,0.0,0.0
22.912,0.8570,8.8058,0.2117,0.0,0.0,0.0,0.0,0.0,0.0,0.0,0.0,0.0,0.0,0.0,0.0,0.0,0.0,0.0
22.959,0.8664,8.8433,0.2117,0.0,0.0,0.0,0.0,0.0,0.0,0.0,0.0,0.0,0.0,0.0,0.0,0.0,0.0,0.0
23.010,0.8727,8.8682,0.2117,0.0,0.0,0.0,0.0,0.0,0.0,0.0,0.0,0.0,0.0,0.0,0.0,0.0,0.0,0.0
23.059,0.8822,8.9055,0.2118,0.0,0.0,0.0,0.0,0.0,0.0,0.0,0.0,0.0,0.0,0.0,0.0,0.0,0.0,0.0
23.109,0.8885,8.9303,0.2118,0.0,0.0,0.0,0.0,0.0,0.0,0.0,0.0,0.0,0.0,0.0,0.0,0.0,0.0,0.0
23.159,0.8981,8.9674,0.2119,0.0,0.0,0.0,0.0,0.0,0.0,0.0,0.0,0.0,0.0,0.0,0.0,0.0,0.0,0.0
23.209,0.9045,8.9920,0.2119,0.0,0.0,0.0,0.0,0.0,0.0,0.0,0.0,0.0,0.0,0.0,0.0,0.0,0.0,0.0
23.259,0.9141,9.0289,0.2120,0.0,0.0,0.0,0.0,0.0,0.0,0.0,0.0,0.0,0.0,0.0,0.0,0.0,0.0,0.0
23.309,0.9205,9.0534,0.2121,0.0,0.0,0.0,0.0,0.0,0.0,0.0,0.0,0.0,0.0,0.0,0.0,0.0,0.0,0.0
23.360,0.9302,9.0900,0.2122,0.0,0.0,0.0,0.0,0.0,0.0,0.0,0.0,0.0,0.0,0.0,0.0,0.0,0.0,0.0
23.409,0.9367,9.1144,0.2122,0.0,0.0,0.0,0.0,0.0,0.0,0.0,0.0,0.0,0.0,0.0,0.0,0.0,0.0,0.0
23.459,0.9464,9.1509,0.2123,0.0,0.0,0.0,0.0,0.0,0.0,0.0,0.0,0.0,0.0,0.0,0.0,0.0,0.0,0.0
23.509,0.9530,9.1752,0.2124,0.0,0.0,0.0,0.0,0.0,0.0,0.0,0.0,0.0,0.0,0.0,0.0,0.0,0.0,0.0
23.559,0.9628,9.2115,0.2125,0.0,0.0,0.0,0.0,0.0,0.0,0.0,0.0,0.0,0.0,0.0,0.0,0.0,0.0,0.0
23.611,0.9742,9.2538,0.2125,0.0,0.0,0.0,0.0,0.0,0.0,0.0,0.0,0.0,0.0,0.0,0.0,0.0,0.0,0.0
23.660,0.9792,9.2719,0.2126,0.0,0.0,0.0,0.0,0.0,0.0,0.0,0.0,0.0,0.0,0.0,0.0,0.0,0.0,0.0
23.710,0.9907,9.3140,0.2126,0.0,0.0,0.0,0.0,0.0,0.0,0.0,0.0,0.0,0.0,0.0,0.0,0.0,0.0,0.0
23.760,0.9956,9.3320,0.2127,0.0,0.0,0.0,0.0,0.0,0.0,0.0,0.0,0.0,0.0,0.0,0.0,0.0,0.0,0.0
23.810,1.0072,9.3740,0.2127,0.0,0.0,0.0,0.0,0.0,0.0,0.0,0.0,0.0,0.0,0.0,0.0,0.0,0.0,0.0
23.859,1.0122,9.3920,0.2127,0.0,0.0,0.0,0.0,0.0,0.0,0.0,0.0,0.0,0.0,0.0,0.0,0.0,0.0,0.0
23.910,1.0188,9.4159,0.2127,0.0,0.0,0.0,0.0,0.0,0.0,0.0,0.0,0.0,0.0,0.0,0.0,0.0,0.0,0.0
23.960,1.0288,9.4517,0.2127,0.0,0.0,0.0,0.0,0.0,0.0,0.0,0.0,0.0,0.0,0.0,0.0,0.0,0.0,0.0
24.009,1.0355,9.4755,0.2127,0.0,0.0,0.0,0.0,0.0,0.0,0.0,0.0,0.0,0.0,0.0,0.0,0.0,0.0,0.0
24.060,1.0455,9.5113,0.2127,0.0,0.0,0.0,0.0,0.0,0.0,0.0,0.0,0.0,0.0,0.0,0.0,0.0,0.0,0.0
24.109,1.0522,9.5351,0.2127,0.0,0.0,0.0,0.0,0.0,0.0,0.0,0.0,0.0,0.0,0.0,0.0,0.0,0.0,0.0
24.159,1.0622,9.5707,0.2126,0.0,0.0,0.0,0.0,0.0,0.0,0.0,0.0,0.0,0.0,0.0,0.0,0.0,0.0,0.0
24.209,1.0689,9.5944,0.2126,0.0,0.0,0.0,0.0,0.0,0.0,0.0,0.0,0.0,0.0,0.0,0.0,0.0,0.0,0.0
24.259,1.0790,9.6300,0.2126,0.0,0.0,0.0,0.0,0.0,0.0,0.0,0.0,0.0,0.0,0.0,0.0,0.0,0.0,0.0
24.310,1.0857,9.6536,0.2125,0.0,0.0,0.0,0.0,0.0,0.0,0.0,0.0,0.0,0.0,0.0,0.0,0.0,0.0,0.0
24.359,1.0958,9.6891,0.2124,0.0,0.0,0.0,0.0,0.0,0.0,0.0,0.0,0.0,0.0,0.0,0.0,0.0,0.0,0.0
24.409,1.1026,9.7127,0.2124,0.0,0.0,0.0,0.0,0.0,0.0,0.0,0.0,0.0,0.0,0.0,0.0,0.0,0.0,0.0
24.459,1.1127,9.7481,0.2123,0.0,0.0,0.0,0.0,0.0,0.0,0.0,0.0,0.0,0.0,0.0,0.0,0.0,0.0,0.0
24.509,1.1194,9.7717,0.2123,0.0,0.0,0.0,0.0,0.0,0.0,0.0,0.0,0.0,0.0,0.0,0.0,0.0,0.0,0.0
24.560,1.1296,9.8071,0.2122,0.0,0.0,0.0,0.0,0.0,0.0,0.0,0.0,0.0,0.0,0.0,0.0,0.0,0.0,0.0
24.610,1.1414,9.8482,0.2121,0.0,0.0,0.0,0.0,0.0,0.0,0.0,0.0,0.0,0.0,0.0,0.0,0.0,0.0,0.0
24.660,1.1465,9.8659,0.2121,0.0,0.0,0.0,0.0,0.0,0.0,0.0,0.0,0.0,0.0,0.0,0.0,0.0,0.0,0.0
24.710,1.1583,9.9070,0.2120,0.0,0.0,0.0,0.0,0.0,0.0,0.0,0.0,0.0,0.0,0.0,0.0,0.0,0.0,0.0
24.759,1.1634,9.9246,0.2120,0.0,0.0,0.0,0.0,0.0,0.0,0.0,0.0,0.0,0.0,0.0,0.0,0.0,0.0,0.0
24.809,1.1702,9.9480,0.2120,0.0,0.0,0.0,0.0,0.0,0.0,0.0,0.0,0.0,0.0,0.0,0.0,0.0,0.0,0.0
24.859,1.1803,9.9832,0.2119,0.0,0.0,0.0,0.0,0.0,0.0,0.0,0.0,0.0,0.0,0.0,0.0,0.0,0.0,0.0
24.910,1.1871,10.0066,0.2119,0.0,0.0,0.0,0.0,0.0,0.0,0.0,0.0,0.0,0.0,0.0,0.0,0.0,0.0,0.0
24.960,1.1973,10.0417,0.2119,0.0,0.0,0.0,0.0,0.0,0.0,0.0,0.0,0.0,0.0,0.0,0.0,0.0,0.0,0.0
25.009,1.2040,10.0651,0.2119,0.0,0.0,0.0,0.0,0.0,0.0,0.0,0.0,0.0,0.0,0.0,0.0,0.0,0.0,0.0
25.060,1.2142,10.1002,0.2119,0.0,0.0,0.0,0.0,0.0,0.0,0.0,0.0,0.0,0.0,0.0,0.0,0.0,0.0,0.0
25.109,1.2210,10.1236,0.2119,0.0,0.0,0.0,0.0,0.0,0.0,0.0,0.0,0.0,0.0,0.0,0.0,0.0,0.0,0.0
25.153,1.2312,10.1586,0.2120,3.0,20.0,1.0,-0.7881917,-1.0,0.2154663,0.2154663,0.98117024,0.80702144,-0.7881917,-1.0,0.2154663,0.2154663,0.98117024,0.80702144
25.205,1.2379,10.1819,0.2120,3.0,20.0,1.0,-0.788297,-1.0,0.21702157,0.21702157,0.98124,0.807057,-0.788297,-1.0,0.21702157,0.21702157,0.98124,0.807057
25.255,1.2430,10.1994,0.2120,3.0,20.0,1.0,-0.7882891,-1.0,0.21677181,0.21677181,0.9812071,0.8070821,-0.7882891,-1.0,0.21677181,0.21677181,0.9812071,0.8070821
25.305,1.2549,10.2402,0.2121,3.0,20.0,1.0,-0.7882885,-1.0,0.2167587,0.2167587,0.981194,0.8070945,-0.7882885,-1.0,0.2167587,0.2167587,0.981194,0.8070945
25.355,1.2600,10.2577,0.2122,3.0,20.0,1.0,-0.7885124,-1.0,0.21926644,0.21926644,0.98131245,0.8071999,-0.7885124,-1.0,0.21926644,0.21926644,0.98131245,0.8071999
25.406,1.2718,10.2984,0.2122,3.0,20.0,1.0,-0.7883876,-1.0,0.21805556,0.21805556,0.98123306,0.8071546,-0.7883876,-1.0,0.21805556,0.21805556,0.98123306,0.8071546
25.455,1.2820,10.3333,0.2123,3.0,20.0,1.0,-0.78863055,-1.0,0.22050312,0.22050312,0.98134756,0.807283,-0.78863055,-1.0,0.22050312,0.22050312,0.98134756,0.807283
25.506,1.2887,10.3566,0.2124,3.0,20.0,1.0,-0.78870624,-1.0,0.22104971,0.22104971,0.9813518,0.80735445,-0.78870624,-1.0,0.22104971,0.22104971,0.9813518,0.80735445
25.559,1.2989,10.3915,0.2125,3.0,20.0,1.0,-0.7886662,-1.0,0.22068667,0.22068667,0.9813147,0.80735147,-0.7886662,-1.0,0.22068667,0.22068667,0.9813147,0.80735147
25.608,1.3056,10.4147,0.2125,3.0,20.0,1.0,-0.7888697,-1.0,0.22235002,0.22235002,0.9813836,0.80748606,-0.7888697,-1.0,0.22235002,0.22235002,0.9813836,0.80748606
25.659,1.3158,10.4496,0.2126,3.0,20.0,1.0,-0.7888236,-1.0,0.22204787,0.22204787,0.9813524,0.8074712,-0.7888236,-1.0,0.22204787,0.22204787,0.9813524,0.8074712
25.709,1.3225,10.4728,0.2127,3.0,20.0,1.0,-0.78903985,-1.0,0.22368902,0.22368902,0.9814186,0.80762124,-0.78903985,-1.0,0.22368902,0.22368902,0.9814186,0.80762124
25.759,1.3327,10.5076,0.2128,3.0,20.0,1.0,-0.7890032,-1.0,0.22342186,0.22342186,0.9813872,0.807616,-0.7890032,-1.0,0.22342186,0.22342186,0.9813872,0.807616
25.809,1.3394,10.5308,0.2128,3.0,20.0,1.0,-0.7892421,-1.0,0.2250819,0.2250819,0.9814516,0.80779046,-0.7892421,-1.0,0.2250819,0.2250819,0.9814516,0.80779046
25.859,1.3495,10.5656,0.2129,3.0,20.0,1.0,-0.7891971,-1.0,0.22481026,0.22481026,0.9814213,0.8077758,-0.7891971,-1.0,0.22481026,0.22481026,0.9814213,0.8077758
25.909,1.3563,10.5888,0.2129,3.0,20.0,1.0,-0.7894569,-1.0,0.22651227,0.22651227,0.9814859,0.807971,-0.7894569,-1.0,0.22651227,0.22651227,0.9814859,0.807971
25.958,1.3664,10.6236,0.2130,3.0,20.0,1.0,-0.789411,-1.0,0.22622819,0.22622819,0.9814541,0.80795693,-0.789411,-1.0,0.22622819,0.22622819,0.9814541,0.80795693
26.009,1.3731,10.6468,0.2130,3.0,20.0,1.0,-0.7897043,-1.0,0.22794366,0.22794366,0.9815127,0.8081916,-0.7897043,-1.0,0.22794366,0.22794366,0.9815127,0.8081916
26.059,1.3781,10.6642,0.2130,3.0,20.0,1.0,-0.78966206,-1.0,0.22768664,0.22768664,0.9814822,0.80817986,-0.78966206,-1.0,0.22768664,0.22768664,0.9814822,0.80817986
26.109,1.3899,10.7048,0.2131,3.0,20.0,1.0,-0.78965896,-1.0,0.22767615,0.22767615,0.98146886,0.8081901,-0.78965896,-1.0,0.22767615,0.22767615,0.98146886,0.8081901
26.159,1.3950,10.7222,0.2131,3.0,20.0,1.0,-0.79017854,-1.0,0.2304742,0.2304742,0.98156863,0.8086099,-0.79017854,-1.0,0.2304742,0.2304742,0.98156863,0.8086099
26.209,1.4067,10.7627,0.2131,3.0,20.0,1.0,-0.7899292,-1.0,0.22916314,0.22916314,0.98149586,0.80843335,-0.7899292,-1.0,0.22916314,0.22916314,0.98149586,0.80843335
26.259,1.4117,10.7801,0.2131,3.0,20.0,1.0,-0.79050297,-1.0,0.23202792,0.23202792,0.9815893,0.80891365,-0.79050297,-1.0,0.23202792,0.23202792,0.9815893,0.80891365
26.309,1.4235,10.8207,0.2131,3.0,20.0,1.0,-0.7902276,-1.0,0.23066604,0.23066604,0.981518,0.8087096,-0.7902276,-1.0,0.23066604,0.23066604,0.981518,0.8087096
26.359,1.4335,10.8554,0.2131,3.0,20.0,1.0,-0.7908397,-1.0,0.23352416,0.23352416,0.98160213,0.80923754,-0.7908397,-1.0,0.23352416,0.23352416,0.98160213,0.80923754
26.409,1.4402,10.8786,0.2131,3.0,20.0,1.0,-0.79099107,-1.0,0.23413055,0.23413055,0.9815954,0.8093957,-0.79099107,-1.0,0.23413055,0.23413055,0.9815954,0.8093957
26.459,1.4503,10.9134,0.2130,3.0,20.0,1.0,-0.7909175,-1.0,0.23376605,0.23376605,0.98156273,0.8093548,-0.7909175,-1.0,0.23376605,0.23376605,0.98156273,0.8093548
26.509,1.4569,10.9366,0.2130,3.0,20.0,1.0,-0.7913737,-1.0,0.23566511,0.23566511,0.98160124,0.80977243,-0.7913737,-1.0,0.23566511,0.23566511,0.98160124,0.80977243
26.559,1.4669,10.9713,0.2130,0.0,0.0,0.0,0.0,0.0,0.0,0.0,0.0,0.0,0.0,0.0,0.0,0.0,0.0,0.0
26.610,1.4736,10.9945,0.2130,0.0,0.0,0.0,0.0,0.0,0.0,0.0,0.0,0.0,0.0,0.0,0.0,0.0,0.0,0.0
26.659,1.4836,11.0293,0.2129,0.0,0.0,0.0,0.0,0.0,0.0,0.0,0.0,0.0,0.0,0.0,0.0,0.0,0.0,0.0
26.709,1.4903,11.0525,0.2129,0.0,0.0,0.0,0.0,0.0,0.0,0.0,0.0,0.0,0.0,0.0,0.0,0.0,0.0,0.0
26.759,1.5002,11.0872,0.2129,3.0,20.0,1.0,-0.7921456,-1.0,0.2386111,0.2386111,0.98158675,0.81055886,-0.7921456,-1.0,0.2386111,0.2386111,0.98158675,0.81055886
26.809,1.5069,11.1104,0.2128,3.0,20.0,1.0,-0.7926855,-1.0,0.24059324,0.24059324,0.9816139,0.81107163,-0.7926855,-1.0,0.24059324,0.24059324,0.9816139,0.81107163
26.859,1.5168,11.1452,0.2128,3.0,20.0,1.0,-0.79259944,-1.0,0.24026516,0.24026516,0.9815889,0.81101054,-0.79259944,-1.0,0.24026516,0.24026516,0.9815889,0.81101054
26.909,1.5235,11.1684,0.2128,3.0,20.0,1.0,-0.79318166,-1.0,0.24228257,0.24228257,0.9816091,0.81157255,-0.79318166,-1.0,0.24228257,0.24228257,0.9816091,0.81157255
26.959,1.5334,11.2032,0.2128,3.0,20.0,1.0,-0.79308856,-1.0,0.24194245,0.24194245,0.9815851,0.81150347,-0.79308856,-1.0,0.24194245,0.24194245,0.9815851,0.81150347
27.009,1.5400,11.2264,0.2128,3.0,20.0,1.0,-0.79369646,-1.0,0.24397728,0.24397728,0.98160124,0.8120953,-0.79369646,-1.0,0.24397728,0.24397728,0.98160124,0.8120953
27.059,1.5450,11.2438,0.2128,3.0,20.0,1.0,-0.7935967,-1.0,0.24363954,0.24363954,0.98157954,0.81201714,-0.7935967,-1.0,0.24363954,0.24363954,0.98157954,0.81201714
27.109,1.5565,11.2844,0.2128,0.0,0.0,0.0,0.0,0.0,0.0,0.0,0.0,0.0,0.0,0.0,0.0,0.0,0.0,0.0
27.159,1.5614,11.3018,0.2128,3.0,20.0,1.0,-0.7945846,-1.0,0.24690947,0.24690947,0.9816035,0.81298107,-0.7945846,-1.0,0.24690947,0.24690947,0.9816035,0.81298107
27.209,1.5730,11.3424,0.2128,3.0,20.0,1.0,-0.79409295,-1.0,0.2453441,0.2453441,0.98156804,0.8125249,-0.79409295,-1.0,0.2453441,0.2453441,0.98156804,0.8125249
27.259,1.5779,11.3598,0.2128,3.0,20.0,1.0,-0.7950964,-1.0,0.24865669,0.24865669,0.9816048,0.8134916,-0.7950964,-1.0,0.24865669,0.24865669,0.9816048,0.8134916
27.309,1.5894,11.4004,0.2129,3.0,20.0,1.0,-0.7945924,-1.0,0.24706246,0.24706246,0.98156875,0.8130236,-0.7945924,-1.0,0.24706246,0.24706246,0.98156875,0.8130236
27.359,1.5943,11.4178,0.2129,3.0,20.0,1.0,-0.79560304,-1.0,0.25041842,0.25041842,0.9816095,0.8139935,-0.79560304,-1.0,0.25041842,0.25041842,0.9816095,0.8139935
27.410,1.5943,11.4178,0.2129,3.0,20.0,1.0,-0.79510313,-1.0,0.24880473,0.24880473,0.981569,0.81353414,-0.79510313,-1.0,0.24880473,0.24880473,0.981569,0.81353414
27.459,1.5943,11.4178,0.2129,3.0,20.0,1.0,-0.79461694,-1.0,0.24723008,0.24723008,0.9815399,0.81307703,-0.79461694,-1.0,0.24723008,0.24723008,0.9815399,0.81307703
27.509,1.5943,11.4178,0.2129,3.0,20.0,1.0,-0.79461694,-1.0,0.24723008,0.24723008,0.9815399,0.81307703,-0.79461694,-1.0,0.24723008,0.24723008,0.9815399,0.81307703
27.559,1.5943,11.4178,0.2129,3.0,20.0,1.0,-0.79461694,-1.0,0.24723008,0.24723008,0.9815399,0.81307703,-0.79461694,-1.0,0.24723008,0.24723008,0.9815399,0.81307703
27.609,1.5943,11.4178,0.2129,3.0,20.0,1.0,-0.79461694,-1.0,0.24723008,0.24723008,0.9815399,0.81307703,-0.79461694,-1.0,0.24723008,0.24723008,0.9815399,0.81307703
27.660,1.6481,11.6094,0.2133,0.0,0.0,0.0,0.0,0.0,0.0,0.0,0.0,0.0,0.0,0.0,0.0,0.0,0.0,0.0
27.710,1.6546,11.6327,0.2133,0.0,0.0,0.0,0.0,0.0,0.0,0.0,0.0,0.0,0.0,0.0,0.0,0.0,0.0,0.0
27.759,1.6644,11.6675,0.2134,0.0,0.0,0.0,0.0,0.0,0.0,0.0,0.0,0.0,0.0,0.0,0.0,0.0,0.0,0.0
27.809,1.5943,11.4178,0.2129,3.0,20.0,1.0,-0.79461694,-1.0,0.24723008,0.24723008,0.9815399,0.81307703,-0.79461694,-1.0,0.24723008,0.24723008,0.9815399,0.81307703
27.859,1.5943,11.4178,0.2129,3.0,20.0,1.0,-0.79461694,-1.0,0.24723008,0.24723008,0.9815399,0.81307703,-0.79461694,-1.0,0.24723008,0.24723008,0.9815399,0.81307703
27.909,1.5943,11.4178,0.2129,3.0,20.0,1.0,-0.79461694,-1.0,0.24723008,0.24723008,0.9815399,0.81307703,-0.79461694,-1.0,0.24723008,0.24723008,0.9815399,0.81307703
27.959,1.5943,11.4178,0.2129,3.0,20.0,1.0,-0.79461694,-1.0,0.24723008,0.24723008,0.9815399,0.81307703,-0.79461694,-1.0,0.24723008,0.24723008,0.9815399,0.81307703
28.009,1.7032,11.8070,0.2135,0.0,0.0,0.0,0.0,0.0,0.0,0.0,0.0,0.0,0.0,0.0,0.0,0.0,0.0,0.0
28.059,1.7080,11.8244,0.2135,3.0,20.0,1.0,-0.79461694,-1.0,0.24723008,0.24723008,0.9815399,0.81307703,-0.79461694,-1.0,0.24723008,0.24723008,0.9815399,0.81307703
28.109,1.7193,11.8651,0.2136,3.0,20.0,1.0,-0.8127097,-1.0,0.30820388,0.30820388,0.9826348,0.8300749,-0.8127097,-1.0,0.30820388,0.30820388,0.9826348,0.8300749
28.159,1.7289,11.9000,0.2136,0.0,0.0,0.0,0.0,0.0,0.0,0.0,0.0,0.0,0.0,0.0,0.0,0.0,0.0,0.0
28.209,1.7401,11.9408,0.2137,0.0,0.0,0.0,0.0,0.0,0.0,0.0,0.0,0.0,0.0,0.0,0.0,0.0,0.0,0.0
28.259,1.7449,11.9583,0.2137,3.0,20.0,1.0,-0.8001125,-1.0,0.26569885,0.26569885,0.9815859,0.81852657,-0.8001125,-1.0,0.26569885,0.26569885,0.9815859,0.81852657
28.309,1.7513,11.9816,0.2138,3.0,20.0,1.0,-0.8009203,-1.0,0.26813772,0.26813772,0.981589,0.8193313,-0.8009203,-1.0,0.26813772,0.26813772,0.981589,0.8193313
28.359,1.7609,12.0166,0.2138,3.0,20.0,1.0,-0.80076003,-1.0,0.26771933,0.26771933,0.9815744,0.81918555,-0.80076003,-1.0,0.26771933,0.26771933,0.9815744,0.81918555
28.409,1.7672,12.0399,0.2139,3.0,20.0,1.0,-0.8015797,-1.0,0.27021724,0.27021724,0.9815787,0.820001,-0.8015797,-1.0,0.27021724,0.27021724,0.9815787,0.820001
28.459,1.7768,12.0749,0.2139,3.0,20.0,1.0,-0.8014221,-1.0,0.26979235,0.26979235,0.9815623,0.8198598,-0.8014221,-1.0,0.26979235,0.26979235,0.9815623,0.8198598
28.509,1.7831,12.0982,0.2140,3.0,20.0,1.0,-0.80223596,-1.0,0.27229917,0.27229917,0.9815676,0.82066834,-0.80223596,-1.0,0.27229917,0.27229917,0.9815676,0.82066834
28.559,1.7926,12.1332,0.2140,3.0,20.0,1.0,-0.8020637,-1.0,0.27185652,0.27185652,0.9815538,0.8205099,-0.8020637,-1.0,0.27185652,0.27185652,0.9815538,0.8205099
28.609,1.7989,12.1566,0.2141,3.0,20.0,1.0,-0.8029105,-1.0,0.27451822,0.27451822,0.98156434,0.82134616,-0.8029105,-1.0,0.27451822,0.27451822,0.98156434,0.82134616
28.659,1.8084,12.1916,0.2141,3.0,20.0,1.0,-0.80272716,-1.0,0.2740174,0.2740174,0.9815471,0.82118005,-0.80272716,-1.0,0.2740174,0.2740174,0.9815471,0.82118005
28.710,1.8147,12.2150,0.2142,0.0,0.0,0.0,0.0,0.0,0.0,0.0,0.0,0.0,0.0,0.0,0.0,0.0,0.0,0.0
28.760,1.8241,12.2500,0.2142,0.0,0.0,0.0,0.0,0.0,0.0,0.0,0.0,0.0,0.0,0.0,0.0,0.0,0.0,0.0
28.809,1.8303,12.2734,0.2142,3.0,20.0,1.0,-0.80419457,-1.0,0.2787888,0.2787888,0.9815519,0.8226427,-0.80419457,-1.0,0.2787888,0.2787888,0.9815519,0.8226427
28.859,1.8350,12.2910,0.2143,3.0,20.0,1.0,-0.80407053,-1.0,0.27842242,0.27842242,0.9815309,0.8225396,-0.80407053,-1.0,0.27842242,0.27842242,0.9815309,0.8225396
28.909,1.8460,12.3319,0.2143,3.0,20.0,1.0,-0.804055,-1.0,0.27838647,0.27838647,0.981518,0.822537,-0.804055,-1.0,0.27838647,0.27838647,0.981518,0.822537
28.959,1.8507,12.3495,0.2143,3.0,20.0,1.0,-0.80542254,-1.0,0.28265914,0.28265914,0.9815324,0.82389015,-0.80542254,-1.0,0.28265914,0.28265914,0.9815324,0.82389015
29.010,1.8662,12.4080,0.2144,0.0,0.0,0.0,0.0,0.0,0.0,0.0,0.0,0.0,0.0,0.0,0.0,0.0,0.0,0.0
29.059,1.8709,12.4256,0.2144,0.0,0.0,0.0,0.0,0.0,0.0,0.0,0.0,0.0,0.0,0.0,0.0,0.0,0.0,0.0
29.109,1.8771,12.4490,0.2144,3.0,20.0,1.0,-0.8064262,-1.0,0.2857793,0.2857793,0.98148584,0.8249404,-0.8064262,-1.0,0.2857793,0.2857793,0.98148584,0.8249404
29.159,1.8864,12.4842,0.2145,3.0,20.0,1.0,-0.8062452,-1.0,0.285249,0.285249,0.9814663,0.824779,-0.8062452,-1.0,0.285249,0.285249,0.9814663,0.824779
29.209,1.8925,12.5076,0.2145,3.0,20.0,1.0,-0.80716634,-1.0,0.2880976,0.2880976,0.9814601,0.8257063,-0.80716634,-1.0,0.2880976,0.2880976,0.9814601,0.8257063
29.259,1.9018,12.5428,0.2145,0.0,0.0,0.0,0.0,0.0,0.0,0.0,0.0,0.0,0.0,0.0,0.0,0.0,0.0,0.0
29.309,1.9079,12.5663,0.2146,3.0,20.0,1.0,-0.8079448,-1.0,0.2905319,0.2905319,0.9814328,0.826512,-0.8079448,-1.0,0.2905319,0.2905319,0.9814328,0.826512
29.360,1.9171,12.6015,0.2146,0.0,0.0,0.0,0.0,0.0,0.0,0.0,0.0,0.0,0.0,0.0,0.0,0.0,0.0,0.0
29.410,1.9233,12.6250,0.2146,0.0,0.0,0.0,0.0,0.0,0.0,0.0,0.0,0.0,0.0,0.0,0.0,0.0,0.0,0.0
29.460,1.9324,12.6602,0.2147,0.0,0.0,0.0,0.0,0.0,0.0,0.0,0.0,0.0,0.0,0.0,0.0,0.0,0.0,0.0
29.510,1.9385,12.6837,0.2147,0.0,0.0,0.0,0.0,0.0,0.0,0.0,0.0,0.0,0.0,0.0,0.0,0.0,0.0,0.0
29.560,1.9476,12.7190,0.2147,0.0,0.0,0.0,0.0,0.0,0.0,0.0,0.0,0.0,0.0,0.0,0.0,0.0,0.0,0.0
29.609,1.9537,12.7425,0.2148,3.0,20.0,1.0,0.0,0.0,0.0,0.0,0.0,0.0,0.0,0.0,0.0,0.0,0.0,0.0
29.659,1.9628,12.7778,0.2148,3.0,20.0,1.0,-0.8135005,-1.0,0.26358604,0.26358604,0.9776408,0.8358597,-0.8135005,-1.0,0.26358604,0.26358604,0.9776408,0.8358597
29.710,1.9688,12.8013,0.2148,3.0,20.0,1.0,-0.8188189,-1.0,0.28102106,0.28102106,0.98123884,0.83758,-0.8188189,-1.0,0.28102106,0.28102106,0.98123884,0.83758
29.760,1.9779,12.8367,0.2148,3.0,20.0,1.0,-0.81847036,-1.0,0.2808668,0.2808668,0.9812849,0.8371854,-0.81847036,-1.0,0.2808668,0.2808668,0.9812849,0.8371854
29.810,1.9839,12.8603,0.2148,3.0,20.0,1.0,-0.8191957,-1.0,0.28454792,0.28454792,0.9812857,0.83791,-0.8191957,-1.0,0.28454792,0.28454792,0.9812857,0.83791
29.860,1.9928,12.8957,0.2148,3.0,20.0,1.0,-0.81878537,-1.0,0.28480974,0.28480974,0.9812518,0.8375336,-0.81878537,-1.0,0.28480974,0.28480974,0.9812518,0.8375336
29.910,1.9988,12.9193,0.2148,3.0,20.0,1.0,-0.81954753,-1.0,0.2885806,0.2885806,0.9812404,0.83830714,-0.81954753,-1.0,0.2885806,0.2885806,0.9812404,0.83830714
29.960,2.0077,12.9548,0.2147,3.0,20.0,1.0,-0.8190893,-1.0,0.28878844,0.28878844,0.9812199,0.8378694,-0.8190893,-1.0,0.28878844,0.28878844,0.9812199,0.8378694
30.009,2.0136,12.9785,0.2147,3.0,20.0,1.0,-0.8188937,-1.0,0.28927338,0.28927338,0.98120856,0.8376851,-0.8188937,-1.0,0.28927338,0.28927338,0.98120856,0.8376851
30.059,2.0225,13.0140,0.2147,3.0,20.0,1.0,-0.8202906,-1.0,0.29504034,0.29504034,0.9811975,0.83909315,-0.8202906,-1.0,0.29504034,0.29504034,0.9811975,0.83909315
30.109,2.0284,13.0377,0.2147,3.0,20.0,1.0,-0.8202532,-1.0,0.2965841,0.2965841,0.9811797,0.8390735,-0.8202532,-1.0,0.2965841,0.2965841,0.9811797,0.8390735
30.160,2.0372,13.0733,0.2146,3.0,20.0,1.0,-0.8207272,-1.0,0.3003079,0.3003079,0.98117596,0.83955127,-0.8207272,-1.0,0.3003079,0.3003079,0.98117596,0.83955127
30.210,2.0431,13.0970,0.2146,3.0,20.0,1.0,-0.8196127,-1.0,0.29851818,0.29851818,0.9811649,0.8384478,-0.8196127,-1.0,0.29851818,0.29851818,0.9811649,0.8384478
30.260,2.0518,13.1326,0.2146,3.0,20.0,1.0,-0.8199174,-1.0,0.30117843,0.30117843,0.98116714,0.83875024,-0.8199174,-1.0,0.30117843,0.30117843,0.98116714,0.83875024
30.310,2.0576,13.1564,0.2146,3.0,20.0,1.0,-0.8206232,-1.0,0.30526465,0.30526465,0.9811782,0.839445,-0.8206232,-1.0,0.30526465,0.30526465,0.9811782,0.839445
30.359,2.0664,13.1921,0.2146,3.0,20.0,1.0,-0.82024455,-1.0,0.30520898,0.30520898,0.98116493,0.8390796,-0.82024455,-1.0,0.30520898,0.30520898,0.98116493,0.8390796
30.409,2.0722,13.2159,0.2147,3.0,20.0,1.0,-0.8209478,-1.0,0.30935133,0.30935133,0.9811776,0.8397702,-0.8209478,-1.0,0.30935133,0.30935133,0.9811776,0.8397702
30.459,2.0809,13.2516,0.2147,3.0,20.0,1.0,-0.82047665,-1.0,0.30948362,0.30948362,0.9811597,0.83931696,-0.82047665,-1.0,0.30948362,0.30948362,0.9811597,0.83931696
30.509,2.0866,13.2755,0.2148,3.0,20.0,1.0,-0.82119703,-1.0,0.3137289,0.3137289,0.9811722,0.8400248,-0.82119703,-1.0,0.3137289,0.3137289,0.9811722,0.8400248
30.560,2.0953,13.3112,0.2148,3.0,20.0,1.0,-0.8206351,-1.0,0.31406823,0.31406823,0.98115087,0.8394842,-0.8206351,-1.0,0.31406823,0.31406823,0.98115087,0.8394842
30.609,2.1010,13.3351,0.2149,3.0,20.0,1.0,-0.8213911,-1.0,0.28739694,0.28739694,0.9774055,0.8439856,-0.8213911,-1.0,0.28739694,0.28739694,0.9774055,0.8439856
30.660,2.1096,13.3709,0.2150,3.0,20.0,1.0,-0.8260042,-1.0,0.3046821,0.3046821,0.9810976,0.8449066,-0.8260042,-1.0,0.3046821,0.3046821,0.9810976,0.8449066
30.711,2.1153,13.3948,0.2150,3.0,20.0,1.0,-0.82691824,-1.0,0.30838773,0.30838773,0.9812024,0.8457158,-0.82691824,-1.0,0.30838773,0.30838773,0.9812024,0.8457158
30.759,2.1238,13.4306,0.2151,3.0,20.0,1.0,-0.8264934,-1.0,0.3084872,0.3084872,0.98114884,0.8453446,-0.8264934,-1.0,0.3084872,0.3084872,0.98114884,0.8453446
30.809,2.1295,13.4546,0.2152,3.0,20.0,1.0,-0.8263526,-1.0,0.30907875,0.30907875,0.98112714,0.8452255,-0.8263526,-1.0,0.30907875,0.30907875,0.98112714,0.8452255
30.860,2.1380,13.4905,0.2153,3.0,20.0,1.0,-0.8279248,-1.0,0.3166725,0.3166725,0.9811465,0.8467783,-0.8279248,-1.0,0.3166725,0.3166725,0.9811465,0.8467783
30.909,2.1478,13.5324,0.2154,3.0,20.0,1.0,-0.82687056,-1.0,0.3147301,0.3147301,0.9810966,0.84577394,-0.82687056,-1.0,0.3147301,0.3147301,0.9810966,0.84577394
30.959,2.1520,13.5504,0.2155,3.0,20.0,1.0,-0.8273139,-1.0,0.31738007,0.31738007,0.9810914,0.8462225,-0.8273139,-1.0,0.31738007,0.31738007,0.9810914,0.8462225
31.009,2.1576,13.5744,0.2155,3.0,20.0,1.0,-0.82813823,-1.0,0.32187796,0.32187796,0.9810845,0.8470537,-0.82813823,-1.0,0.32187796,0.32187796,0.9810845,0.8470537
31.059,2.1660,13.6104,0.2157,3.0,20.0,1.0,-0.82768375,-1.0,0.32205206,0.32205206,0.9810629,0.84662086,-0.82768375,-1.0,0.32205206,0.32205206,0.9810629,0.84662086
31.109,2.1715,13.6344,0.2158,3.0,20.0,1.0,-0.8285147,-1.0,0.32662925,0.32662925,0.9810528,0.8474619,-0.8285147,-1.0,0.32662925,0.32662925,0.9810528,0.8474619
31.160,2.1799,13.6704,0.2159,3.0,20.0,1.0,-0.82795876,-1.0,0.32701984,0.32701984,0.98103577,0.846923,-0.82795876,-1.0,0.32701984,0.32701984,0.98103577,0.846923
31.209,2.1854,13.6944,0.2160,3.0,20.0,1.0,-0.8288939,-1.0,0.33147842,0.33147842,0.9810237,0.8478702,-0.8288939,-1.0,0.33147842,0.33147842,0.9810237,0.8478702
31.259,2.1937,13.7305,0.2161,3.0,20.0,1.0,-0.8283394,-1.0,0.331881,0.331881,0.9810094,0.84733,-0.8283394,-1.0,0.331881,0.331881,0.9810094,0.84733
31.310,2.1992,13.7546,0.2162,3.0,20.0,1.0,-0.829197,-1.0,0.33668923,0.33668923,0.9809961,0.8482009,-0.829197,-1.0,0.33668923,0.33668923,0.9809961,0.8482009
31.359,2.2074,13.7907,0.2164,3.0,20.0,1.0,-0.828804,-1.0,0.3365414,0.3365414,0.98097944,0.8478246,-0.828804,-1.0,0.3365414,0.3365414,0.98097944,0.8478246
31.410,2.2129,13.8148,0.2165,3.0,20.0,1.0,-0.8296013,-1.0,0.3417368,0.3417368,0.98096234,0.84863895,-0.8296013,-1.0,0.3417368,0.3417368,0.98096234,0.84863895
31.459,2.2211,13.8509,0.2166,3.0,20.0,1.0,-0.8291242,-1.0,0.34182644,0.34182644,0.9809455,0.8481787,-0.8291242,-1.0,0.34182644,0.34182644,0.9809455,0.8481787
31.509,2.2265,13.8750,0.2167,3.0,20.0,1.0,-0.8300837,-1.0,0.3465453,0.3465453,0.9809244,0.84915936,-0.8300837,-1.0,0.3465453,0.3465453,0.9809244,0.84915936
31.559,2.2347,13.9112,0.2169,3.0,20.0,1.0,-0.8286647,-1.0,0.31099594,0.31099594,0.97617084,0.8524939,-0.8286647,-1.0,0.31099594,0.31099594,0.97617084,0.8524939
31.609,2.2401,13.9353,0.2170,3.0,20.0,1.0,-0.8297133,-1.0,0.31506562,0.31506562,0.97697735,0.852736,-0.8297133,-1.0,0.31506562,0.31506562,0.97697735,0.852736
31.659,2.2441,13.9534,0.2171,3.0,20.0,1.0,-0.8357479,-1.0,0.33931765,0.33931765,0.9809151,0.8548328,-0.8357479,-1.0,0.33931765,0.33931765,0.9809151,0.8548328
31.710,2.2535,13.9956,0.2172,3.0,20.0,1.0,-0.8349277,-1.0,0.33642572,0.33642572,0.9808837,0.85404396,-0.8349277,-1.0,0.33642572,0.33642572,0.9808837,0.85404396
31.760,2.2616,14.0318,0.2173,3.0,20.0,1.0,-0.83564365,-1.0,0.34073555,0.34073555,0.9808921,0.8547516,-0.83564365,-1.0,0.34073555,0.34073555,0.9808921,0.8547516
31.810,2.2709,14.0742,0.2174,3.0,20.0,1.0,-0.83663833,-1.0,0.34617165,0.34617165,0.9808822,0.8557561,-0.83663833,-1.0,0.34617165,0.34617165,0.9808822,0.8557561
31.860,2.2749,14.0923,0.2174,3.0,20.0,1.0,-0.8373903,-1.0,0.35070717,0.35070717,0.98084176,0.85654855,-0.8373903,-1.0,0.35070717,0.35070717,0.98084176,0.85654855
31.910,2.2841,14.1347,0.2175,3.0,20.0,1.0,-0.83620703,-1.0,0.34815377,0.34815377,0.980811,0.85539603,-0.83620703,-1.0,0.34815377,0.34815377,0.980811,0.85539603
31.959,2.2881,14.1528,0.2176,3.0,20.0,1.0,-0.837944,-1.0,0.3563119,0.3563119,0.98076516,0.8571788,-0.837944,-1.0,0.3563119,0.3563119,0.98076516,0.8571788
32.009,2.2933,14.1770,0.2176,3.0,20.0,1.0,-0.83674026,-1.0,0.3537158,0.3537158,0.98075515,0.8559851,-0.83674026,-1.0,0.3537158,0.3537158,0.98075515,0.8559851
32.059,2.3012,14.2134,0.2177,3.0,20.0,1.0,-0.8372228,-1.0,0.35730225,0.35730225,0.98072743,0.85649544,-0.8372228,-1.0,0.35730225,0.35730225,0.98072743,0.85649544
32.109,2.3064,14.2377,0.2177,3.0,20.0,1.0,-0.8383743,-1.0,0.36267066,0.36267066,0.98065645,0.8577179,-0.8383743,-1.0,0.36267066,0.36267066,0.98065645,0.8577179
32.159,2.3143,14.2741,0.2178,3.0,20.0,1.0,-0.8378291,-1.0,0.36305842,0.36305842,0.98063976,0.8571893,-0.8378291,-1.0,0.36305842,0.36305842,0.98063976,0.8571893
32.209,2.3195,14.2983,0.2178,3.0,20.0,1.0,-0.83897805,-1.0,0.368569,0.368569,0.9805754,0.85840267,-0.83897805,-1.0,0.368569,0.368569,0.9805754,0.85840267
32.259,2.3272,14.3348,0.2179,3.0,20.0,1.0,-0.8384804,-1.0,0.3686305,0.3686305,0.98057234,0.85790807,-0.8384804,-1.0,0.3686305,0.3686305,0.98057234,0.85790807
32.309,2.3324,14.3591,0.2180,3.0,20.0,1.0,-0.8395434,-1.0,0.37455353,0.37455353,0.9805122,0.8590312,-0.8395434,-1.0,0.37455353,0.37455353,0.9805122,0.8590312
32.360,2.3401,14.3956,0.2181,3.0,20.0,1.0,-0.8389689,-1.0,0.37490213,0.37490213,0.9805092,0.85845965,-0.8389689,-1.0,0.37490213,0.37490213,0.9805092,0.85845965
32.410,2.3452,14.4199,0.2182,3.0,20.0,1.0,-0.84004515,-1.0,0.38094208,0.38094208,0.98044133,0.8596038,-0.84004515,-1.0,0.38094208,0.38094208,0.98044133,0.8596038
32.460,2.3529,14.4564,0.2183,3.0,20.0,1.0,-0.8395549,-1.0,0.38098744,0.38098744,0.9804372,0.8591177,-0.8395549,-1.0,0.38098744,0.38098744,0.9804372,0.8591177
32.509,2.3580,14.4807,0.2184,3.0,20.0,1.0,-0.8393858,-1.0,0.38160866,0.38160866,0.98042727,0.8589586,-0.8393858,-1.0,0.38160866,0.38160866,0.98042727,0.8589586
32.559,2.3618,14.4990,0.2185,3.0,20.0,1.0,-0.8412798,-1.0,0.391004,0.391004,0.9803285,0.86095136,-0.8412798,-1.0,0.391004,0.391004,0.9803285,0.86095136
32.609,2.3707,14.5416,0.2186,3.0,20.0,1.0,-0.83977544,-1.0,0.3511964,0.3511964,0.9763523,0.8634232,-0.83977544,-1.0,0.3511964,0.3511964,0.9763523,0.8634232
32.659,2.3745,14.5599,0.2187,3.0,20.0,1.0,-0.8463682,-1.0,0.3796777,0.3796777,0.98031133,0.8660568,-0.8463682,-1.0,0.3796777,0.3796777,0.98031133,0.8660568
32.710,2.3833,14.6025,0.2189,3.0,20.0,1.0,-0.8453882,-1.0,0.37596053,0.37596053,0.98031163,0.86507654,-0.8453882,-1.0,0.37596053,0.37596053,0.98031163,0.86507654
32.760,2.3908,14.6391,0.2190,3.0,20.0,1.0,-0.8464617,-1.0,0.3814184,0.3814184,0.9803082,0.86615354,-0.8464617,-1.0,0.3814184,0.3814184,0.9803082,0.86615354
32.809,2.3958,14.6635,0.2191,3.0,20.0,1.0,-0.8475886,-1.0,0.38728693,0.38728693,0.9802627,0.8673259,-0.8475886,-1.0,0.38728693,0.38728693,0.9802627,0.8673259
32.860,2.4032,14.7002,0.2192,3.0,20.0,1.0,-0.8484168,-1.0,0.39320216,0.39320216,0.9801956,0.8682212,-0.8484168,-1.0,0.39320216,0.39320216,0.9801956,0.8682212
32.910,2.4119,14.7429,0.2194,3.0,20.0,1.0,-0.84711874,-1.0,0.38992313,0.38992313,0.9801946,0.8669241,-0.84711874,-1.0,0.38992313,0.38992313,0.9801946,0.8669241
32.960,2.4156,14.7613,0.2195,3.0,20.0,1.0,-0.849046,-1.0,0.39993918,0.39993918,0.98012775,0.86891824,-0.849046,-1.0,0.39993918,0.39993918,0.98012775,0.86891824
33.010,2.4205,14.7858,0.2196,3.0,20.0,1.0,-0.8477462,-1.0,0.39660987,0.39660987,0.9801381,0.8676081,-0.8477462,-1.0,0.39660987,0.39660987,0.9801381,0.8676081
33.060,2.4278,14.8225,0.2197,3.0,20.0,1.0,-0.8482874,-1.0,0.40095085,0.40095085,0.9801116,0.8681758,-0.8482874,-1.0,0.40095085,0.40095085,0.9801116,0.8681758
33.109,2.4327,14.8470,0.2198,3.0,20.0,1.0,-0.8494028,-1.0,0.40789637,0.40789637,0.98007286,0.86932987,-0.8494028,-1.0,0.40789637,0.40789637,0.98007286,0.86932987
33.159,2.4400,14.8837,0.2200,3.0,20.0,1.0,-0.84890133,-1.0,0.40787876,0.40787876,0.9800655,0.86883575,-0.84890133,-1.0,0.40787876,0.40787876,0.9800655,0.86883575
33.209,2.4448,14.9082,0.2202,3.0,20.0,1.0,-0.85008746,-1.0,0.41462192,0.41462192,0.9800268,0.8700607,-0.85008746,-1.0,0.41462192,0.41462192,0.9800268,0.8700607
33.259,2.4520,14.9450,0.2204,3.0,20.0,1.0,-0.8495257,-1.0,0.41493046,0.41493046,0.980013,0.8695127,-0.8495257,-1.0,0.41493046,0.41493046,0.980013,0.8695127
33.310,2.4568,14.9695,0.2205,3.0,20.0,1.0,-0.8506462,-1.0,0.422174,0.422174,0.9799725,0.8706737,-0.8506462,-1.0,0.422174,0.422174,0.9799725,0.8706737
33.360,2.4640,15.0063,0.2208,3.0,20.0,1.0,-0.8501588,-1.0,0.42212614,0.42212614,0.9799572,0.8702016,-0.8501588,-1.0,0.42212614,0.42212614,0.9799572,0.8702016
33.410,2.4687,15.0309,0.2210,3.0,20.0,1.0,-0.8513093,-1.0,0.42960337,0.42960337,0.9799127,0.8713966,-0.8513093,-1.0,0.42960337,0.42960337,0.9799127,0.8713966
33.460,2.4759,15.0677,0.2212,3.0,20.0,1.0,-0.8508183,-1.0,0.4295065,0.4295065,0.9798963,0.87092197,-0.8508183,-1.0,0.4295065,0.4295065,0.9798963,0.87092197
33.509,2.4806,15.0923,0.2214,3.0,20.0,1.0,-0.850663,-1.0,0.43021515,0.43021515,0.9798826,0.87078047,-0.850663,-1.0,0.43021515,0.43021515,0.9798826,0.87078047
33.560,2.4877,15.1291,0.2218,3.0,20.0,1.0,-0.85149646,-1.0,0.4370763,0.4370763,0.9798346,0.87166184,-0.85149646,-1.0,0.4370763,0.4370763,0.9798346,0.87166184
33.610,2.4923,15.1537,0.2220,3.0,20.0,1.0,-0.85090923,-1.0,0.39778072,0.39778072,0.9756757,0.87523353,-0.85090923,-1.0,0.39778072,0.39778072,0.9756757,0.87523353
33.660,2.4994,15.1906,0.2222,3.0,20.0,1.0,-0.8564551,-1.0,0.42482144,0.42482144,0.9797283,0.8767268,-0.8564551,-1.0,0.42482144,0.42482144,0.9797283,0.8767268
33.710,2.5075,15.2336,0.2225,3.0,20.0,1.0,-0.8577315,-1.0,0.43184987,0.43184987,0.9798433,0.87788826,-0.8577315,-1.0,0.43184987,0.43184987,0.9798433,0.87788826
33.760,2.5109,15.2520,0.2227,3.0,20.0,1.0,-0.8589372,-1.0,0.43795162,0.43795162,0.9798432,0.879094,-0.8589372,-1.0,0.43795162,0.43795162,0.9798432,0.879094
33.810,2.5190,15.2951,0.2230,3.0,20.0,1.0,-0.85774076,-1.0,0.43360898,0.43360898,0.97977483,0.8779659,-0.85774076,-1.0,0.43360898,0.43360898,0.97977483,0.8779659
33.859,2.5224,15.3136,0.2231,3.0,20.0,1.0,-0.85977954,-1.0,0.44585332,0.44585332,0.97976613,0.8800134,-0.85977954,-1.0,0.44585332,0.44585332,0.97976613,0.8800134
33.909,2.5304,15.3567,0.2234,3.0,20.0,1.0,-0.8584588,-1.0,0.44163248,0.44163248,0.9797238,0.87873507,-0.8584588,-1.0,0.44163248,0.44163248,0.9797238,0.87873507
33.960,2.5338,15.3752,0.2235,3.0,20.0,1.0,-0.86054945,-1.0,0.45432574,0.45432574,0.979697,0.88085246,-0.86054945,-1.0,0.45432574,0.45432574,0.979697,0.88085246
34.010,2.5383,15.3998,0.2237,3.0,20.0,1.0,-0.85917974,-1.0,0.44982386,0.44982386,0.9796703,0.87950945,-0.85917974,-1.0,0.44982386,0.44982386,0.9796703,0.87950945
34.059,2.5451,15.4368,0.2239,3.0,20.0,1.0,-0.8598116,-1.0,0.45530728,0.45530728,0.97964907,0.88016254,-0.8598116,-1.0,0.45530728,0.45530728,0.97964907,0.88016254
34.109,2.5495,15.4615,0.2241,3.0,20.0,1.0,-0.86106116,-1.0,0.46410465,0.46410465,0.9796184,0.8814427,-0.86106116,-1.0,0.46410465,0.46410465,0.9796184,0.8814427
34.160,2.5562,15.4985,0.2244,3.0,20.0,1.0,-0.8605554,-1.0,0.46390522,0.46390522,0.9795957,0.8809597,-0.8605554,-1.0,0.46390522,0.46390522,0.9795957,0.8809597
34.209,2.5607,15.5232,0.2246,3.0,20.0,1.0,-0.86178535,-1.0,0.47287884,0.47287884,0.9795721,0.88221323,-0.86178535,-1.0,0.47287884,0.47287884,0.9795721,0.88221323
34.259,2.5673,15.5603,0.2248,3.0,20.0,1.0,-0.8612914,-1.0,0.47275305,0.47275305,0.97955614,0.88173527,-0.8612914,-1.0,0.47275305,0.47275305,0.97955614,0.88173527
34.310,2.5717,15.5850,0.2250,3.0,20.0,1.0,-0.86253947,-1.0,0.48201776,0.48201776,0.97953314,0.88300633,-0.86253947,-1.0,0.48201776,0.48201776,0.97953314,0.88300633
34.360,2.5783,15.6221,0.2254,3.0,20.0,1.0,-0.8620417,-1.0,0.48178324,0.48178324,0.97950846,0.88253325,-0.8620417,-1.0,0.48178324,0.48178324,0.97950846,0.88253325
34.409,2.5827,15.6468,0.2256,3.0,20.0,1.0,-0.8633053,-1.0,0.49129927,0.49129927,0.97948164,0.88382363,-0.8633053,-1.0,0.49129927,0.49129927,0.97948164,0.88382363
34.460,2.5892,15.6839,0.2259,3.0,20.0,1.0,-0.86281353,-1.0,0.49107742,0.49107742,0.979459,0.8833546,-0.86281353,-1.0,0.49107742,0.49107742,0.979459,0.8833546
34.509,2.5935,15.7086,0.2262,3.0,20.0,1.0,-0.8640838,-1.0,0.5008477,0.5008477,0.9794368,0.88464695,-0.8640838,-1.0,0.5008477,0.5008477,0.9794368,0.88464695
34.560,2.6000,15.7457,0.2266,3.0,20.0,1.0,-0.8607397,-1.0,0.44716302,0.44716302,0.9742484,0.88649136,-0.8607397,-1.0,0.44716302,0.44716302,0.9742484,0.88649136
34.610,2.6042,15.7705,0.2268,3.0,20.0,1.0,-0.8684513,-1.0,0.48940718,0.48940718,0.97929734,0.88915396,-0.8684513,-1.0,0.48940718,0.48940718,0.97929734,0.88915396
34.660,2.6106,15.8076,0.2272,3.0,20.0,1.0,-0.86797833,-1.0,0.48832646,0.48832646,0.97944224,0.8885361,-0.86797833,-1.0,0.48832646,0.48832646,0.97944224,0.8885361
34.710,2.6180,15.8509,0.2276,3.0,20.0,1.0,-0.86943907,-1.0,0.49750158,0.49750158,0.9795469,0.88989216,-0.86943907,-1.0,0.49750158,0.49750158,0.9795469,0.88989216
34.760,2.6212,15.8695,0.2277,3.0,20.0,1.0,-0.8707496,-1.0,0.5056511,0.5056511,0.9795813,0.8911683,-0.8707496,-1.0,0.5056511,0.5056511,0.9795813,0.8911683
34.809,2.6285,15.9128,0.2281,3.0,20.0,1.0,-0.8695129,-1.0,0.499338,0.499338,0.97947145,0.8900415,-0.8695129,-1.0,0.499338,0.499338,0.97947145,0.8900415
34.859,2.6316,15.9314,0.2283,3.0,20.0,1.0,-0.87175965,-1.0,0.5154685,0.5154685,0.9795462,0.89221346,-0.87175965,-1.0,0.5154685,0.5154685,0.9795462,0.89221346
34.910,2.6358,15.9562,0.2286,3.0,20.0,1.0,-0.87033623,-1.0,0.50954115,0.50954115,0.97945136,0.8908849,-0.87033623,-1.0,0.50954115,0.50954115,0.97945136,0.8908849
34.959,2.6420,15.9934,0.2289,3.0,20.0,1.0,-0.87101585,-1.0,0.516322,0.516322,0.9794638,0.8915521,-0.87101585,-1.0,0.516322,0.516322,0.9794638,0.8915521
35.010,2.6461,16.0182,0.2292,3.0,20.0,1.0,-0.87235576,-1.0,0.52743757,0.52743757,0.97950286,0.8928529,-0.87235576,-1.0,0.52743757,0.52743757,0.97950286,0.8928529
35.060,2.6522,16.0554,0.2296,3.0,20.0,1.0,-0.871842,-1.0,0.527034,0.527034,0.9794603,0.8923817,-0.871842,-1.0,0.527034,0.527034,0.9794603,0.8923817
35.110,2.6562,16.0802,0.2299,3.0,20.0,1.0,-0.87318766,-1.0,0.5384526,0.5384526,0.9795023,0.89368534,-0.87318766,-1.0,0.5384526,0.5384526,0.9795023,0.89368534
35.160,2.6623,16.1174,0.2303,3.0,20.0,1.0,-0.87268126,-1.0,0.53802997,0.53802997,0.97945714,0.8932241,-0.87268126,-1.0,0.53802997,0.53802997,0.97945714,0.8932241
35.210,2.6663,16.1423,0.2306,3.0,20.0,1.0,-0.8740433,-1.0,0.5497306,0.5497306,0.979491,0.8945523,-0.8740433,-1.0,0.5497306,0.5497306,0.979491,0.8945523
35.260,2.6723,16.1795,0.2311,3.0,20.0,1.0,-0.8735403,-1.0,0.5492938,0.5492938,0.97944593,0.8940943,-0.8735403,-1.0,0.5492938,0.5492938,0.97944593,0.8940943
35.310,2.6762,16.2043,0.2315,3.0,20.0,1.0,-0.87491673,-1.0,0.5613448,0.5613448,0.97948545,0.89543134,-0.87491673,-1.0,0.5613448,0.5613448,0.97948545,0.89543134
35.359,2.6822,16.2416,0.2321,3.0,20.0,1.0,-0.87440497,-1.0,0.5608425,0.5608425,0.97944283,0.8949621,-0.87440497,-1.0,0.5608425,0.5608425,0.97944283,0.8949621
35.411,2.6861,16.2664,0.2325,3.0,20.0,1.0,-0.8758052,-1.0,0.5732926,0.5732926,0.9794881,0.8963171,-0.8758052,-1.0,0.5732926,0.5732926,0.9794881,0.8963171
35.460,2.6919,16.3036,0.2331,3.0,20.0,1.0,-0.8752324,-1.0,0.5724245,0.5724245,0.97944176,0.89579064,-0.8752324,-1.0,0.5724245,0.5724245,0.97944176,0.89579064
35.509,2.6958,16.3285,0.2336,3.0,20.0,1.0,-0.876798,-1.0,0.58614296,0.58614296,0.97949874,0.89729923,-0.876798,-1.0,0.58614296,0.58614296,0.97949874,0.89729923
35.559,2.7016,16.3657,0.2343,3.0,20.0,1.0,-0.8727642,-1.0,0.5212623,0.5212623,0.97413075,0.89863354,-0.8727642,-1.0,0.5212623,0.5212623,0.97413075,0.89863354
35.611,2.7083,16.4091,0.2350,3.0,20.0,1.0,-0.8808047,-1.0,0.5734216,0.5734216,0.9794105,0.9013942,-0.8808047,-1.0,0.5734216,0.5734216,0.9794105,0.9013942
35.660,2.7112,16.4277,0.2354,3.0,20.0,1.0,-0.8818374,-1.0,0.58333474,0.58333474,0.9798075,0.90202993,-0.8818374,-1.0,0.58333474,0.58333474,0.9798075,0.90202993
35.710,2.7178,16.4712,0.2362,3.0,20.0,1.0,-0.8807197,-1.0,0.5754304,0.5754304,0.97956145,0.9011583,-0.8807197,-1.0,0.5754304,0.5754304,0.97956145,0.9011583
35.759,2.7206,16.4898,0.2365,3.0,20.0,1.0,-0.88331234,-1.0,0.5948235,0.5948235,0.97990036,0.903412,-0.88331234,-1.0,0.5948235,0.5948235,0.97990036,0.903412
35.810,2.7271,16.5332,0.2374,3.0,20.0,1.0,-0.8820289,-1.0,0.5859542,0.5859542,0.979692,0.9023369,-0.8820289,-1.0,0.5859542,0.5859542,0.979692,0.9023369
35.860,2.7299,16.5518,0.2377,3.0,20.0,1.0,-0.88462186,-1.0,0.6066763,0.6066763,0.97997755,0.90464437,-0.88462186,-1.0,0.6066763,0.6066763,0.97997755,0.90464437
35.910,2.7336,16.5766,0.2382,3.0,20.0,1.0,-0.8830877,-1.0,0.5986063,0.5986063,0.9797675,0.9033202,-0.8830877,-1.0,0.5986063,0.5986063,0.9797675,0.9033202
35.960,2.7391,16.6139,0.2389,3.0,20.0,1.0,-0.8838809,-1.0,0.6074867,0.6074867,0.97983974,0.9040412,-0.8838809,-1.0,0.6074867,0.6074867,0.97983974,0.9040412
36.009,2.7427,16.6387,0.2394,3.0,20.0,1.0,-0.88540584,-1.0,0.62216794,0.62216794,0.9799921,0.90541375,-0.88540584,-1.0,0.62216794,0.62216794,0.9799921,0.90541375
36.060,2.7481,16.6759,0.2402,3.0,20.0,1.0,-0.8848764,-1.0,0.6214252,0.6214252,0.9799067,0.9049697,-0.8848764,-1.0,0.6214252,0.6214252,0.9799067,0.9049697
36.110,2.7517,16.7007,0.2408,3.0,20.0,1.0,-0.88642246,-1.0,0.63648313,0.63648313,0.9800445,0.906378,-0.88642246,-1.0,0.63648313,0.63648313,0.9800445,0.906378
36.160,2.7570,16.7379,0.2416,3.0,20.0,1.0,-0.8859019,-1.0,0.63577735,0.63577735,0.9799638,0.9059382,-0.8859019,-1.0,0.63577735,0.63577735,0.9799638,0.9059382
36.210,2.7606,16.7627,0.2422,3.0,20.0,1.0,-0.88750327,-1.0,0.6515192,0.6515192,0.9801066,0.9073967,-0.88750327,-1.0,0.6515192,0.6515192,0.9801066,0.9073967
36.260,2.7658,16.8000,0.2431,3.0,20.0,1.0,-0.88695216,-1.0,0.6505407,0.6505407,0.98002297,0.9069292,-0.88695216,-1.0,0.6505407,0.6505407,0.98002297,0.9069292
36.310,2.7693,16.8248,0.2438,3.0,20.0,1.0,-0.88857245,-1.0,0.6667107,0.6667107,0.9801649,0.90840757,-0.88857245,-1.0,0.6667107,0.6667107,0.9801649,0.90840757
36.359,2.7745,16.8620,0.2448,3.0,20.0,1.0,-0.8880353,-1.0,0.66582114,0.66582114,0.9800881,0.9079472,-0.8880353,-1.0,0.66582114,0.66582114,0.9800881,0.9079472
36.410,2.7780,16.8868,0.2455,3.0,20.0,1.0,-0.88968086,-1.0,0.6824943,0.6824943,0.9802397,0.9094412,-0.88968086,-1.0,0.6824943,0.6824943,0.9802397,0.9094412
36.460,2.7831,16.9240,0.2467,3.0,20.0,1.0,-0.88910764,-1.0,0.6813404,0.6813404,0.9801624,0.90894526,-0.88910764,-1.0,0.6813404,0.6813404,0.9801624,0.90894526
36.510,2.7890,16.9673,0.2481,3.0,20.0,1.0,-0.8908546,-1.0,0.69899887,0.69899887,0.980316,0.9105386,-0.8908546,-1.0,0.69899887,0.69899887,0.980316,0.9105386
36.560,2.7915,16.9859,0.2487,3.0,20.0,1.0,-0.88664526,-1.0,0.62408257,0.62408257,0.9749235,0.9117218,-0.88664526,-1.0,0.62408257,0.62408257,0.9749235,0.9117218
36.610,2.7974,17.0292,0.2501,3.0,20.0,1.0,-0.89319426,-1.0,0.6751834,0.6751834,0.98004216,0.9131521,-0.89319426,-1.0,0.6751834,0.6751834,0.98004216,0.9131521
36.660,2.7999,17.0478,0.2507,3.0,20.0,1.0,-0.8961018,-1.0,0.70155245,0.70155245,0.9808903,0.9152115,-0.8961018,-1.0,0.70155245,0.70155245,0.9808903,0.9152115
36.710,2.8031,17.0725,0.2515,3.0,20.0,1.0,-0.8945843,-1.0,0.6893966,0.6893966,0.98046774,0.91411656,-0.8945843,-1.0,0.6893966,0.6893966,0.98046774,0.91411656
36.760,2.8080,17.1096,0.2527,3.0,20.0,1.0,-0.8957251,-1.0,0.69958925,0.69958925,0.98068076,0.91504425,-0.8957251,-1.0,0.69958925,0.69958925,0.98068076,0.91504425
36.810,2.8113,17.1343,0.2536,3.0,20.0,1.0,-0.89767575,-1.0,0.7169276,0.7169276,0.9810393,0.91663647,-0.89767575,-1.0,0.7169276,0.7169276,0.9810393,0.91663647
36.860,2.8161,17.1714,0.2549,3.0,20.0,1.0,-0.89730984,-1.0,0.71456105,0.71456105,0.98090583,0.916404,-0.89730984,-1.0,0.71456105,0.71456105,0.98090583,0.916404
36.910,2.8192,17.1961,0.2557,3.0,20.0,1.0,-0.8993025,-1.0,0.73303926,0.73303926,0.98121595,0.9180865,-0.8993025,-1.0,0.73303926,0.73303926,0.98121595,0.9180865
36.960,2.8240,17.2331,0.2571,3.0,20.0,1.0,-0.89873034,-1.0,0.73181194,0.73181194,0.98106307,0.91766727,-0.89873034,-1.0,0.73181194,0.73181194,0.98106307,0.91766727
37.010,2.8271,17.2578,0.2580,3.0,20.0,1.0,-0.9006487,-1.0,0.7519184,0.7519184,0.9813202,0.9193285,-0.9006487,-1.0,0.7519184,0.7519184,0.9813202,0.9193285
37.059,2.8317,17.2948,0.2595,3.0,20.0,1.0,-0.9000594,-1.0,0.7505486,0.7505486,0.9811823,0.9188771,-0.9000594,-1.0,0.7505486,0.7505486,0.9811823,0.9188771
37.109,2.8348,17.3195,0.2605,3.0,20.0,1.0,-0.90203667,-1.0,0.7714859,0.7714859,0.98143655,0.9206002,-0.90203667,-1.0,0.7714859,0.7714859,0.98143655,0.9206002
37.159,2.8393,17.3565,0.2621,3.0,20.0,1.0,-0.9014289,-1.0,0.7699436,0.7699436,0.9813102,0.92011863,-0.9014289,-1.0,0.7699436,0.7699436,0.9813102,0.92011863
37.210,2.8423,17.3812,0.2632,3.0,20.0,1.0,-0.9034531,-1.0,0.791626,0.791626,0.9815649,0.9218882,-0.9034531,-1.0,0.791626,0.791626,0.9815649,0.9218882
37.260,2.8468,17.4181,0.2650,3.0,20.0,1.0,-0.9028412,-1.0,0.7899967,0.7899967,0.9814429,0.9213983,-0.9028412,-1.0,0.7899967,0.7899967,0.9814429,0.9213983
37.310,2.8498,17.4428,0.2662,3.0,20.0,1.0,-0.90492135,-1.0,0.81249374,0.81249374,0.9817054,0.9232159,-0.90492135,-1.0,0.81249374,0.81249374,0.9817054,0.9232159
37.360,2.8542,17.4798,0.2682,3.0,20.0,1.0,-0.9042894,-1.0,0.810656,0.810656,0.98158586,0.92270356,-0.9042894,-1.0,0.810656,0.810656,0.98158586,0.92270356
37.409,2.8571,17.5044,0.2695,3.0,20.0,1.0,-0.9064434,-1.0,0.8340034,0.8340034,0.9818357,0.92460763,-0.9064434,-1.0,0.8340034,0.8340034,0.9818357,0.92460763
37.460,2.8614,17.5413,0.2717,3.0,20.0,1.0,-0.90577865,-1.0,0.8318687,0.8318687,0.9817265,0.92405206,-0.90577865,-1.0,0.8318687,0.8318687,0.9817265,0.92405206
37.510,2.8663,17.5844,0.2744,3.0,20.0,1.0,-0.90798724,-1.0,0.85596526,0.85596526,0.98198026,0.926007,-0.90798724,-1.0,0.85596526,0.85596526,0.98198026,0.926007
37.560,2.8684,17.6028,0.2756,3.0,20.0,1.0,-0.9031047,-1.0,0.7631179,0.7631179,0.9767726,0.9263321,-0.9031047,-1.0,0.7631179,0.7631179,0.9767726,0.9263321
37.610,2.8733,17.6457,0.2783,3.0,20.0,1.0,-0.90983385,-1.0,0.8288457,0.8288457,0.9817086,0.92812526,-0.90983385,-1.0,0.8288457,0.8288457,0.9817086,0.92812526
37.660,2.8753,17.6641,0.2795,3.0,20.0,1.0,-0.9136608,-1.0,0.86609674,0.86609674,0.98301923,0.9306416,-0.9136608,-1.0,0.86609674,0.86609674,0.98301923,0.9306416
37.710,2.8781,17.6886,0.2812,3.0,20.0,1.0,-0.91164917,-1.0,0.84858155,0.84858155,0.98234487,0.9293043,-0.91164917,-1.0,0.84858155,0.84858155,0.98234487,0.9293043
37.760,2.8821,17.7253,0.2837,3.0,20.0,1.0,-0.9130852,-1.0,0.86257786,0.86257786,0.98265207,0.93043315,-0.9130852,-1.0,0.86257786,0.86257786,0.98265207,0.93043315
37.810,2.8847,17.7498,0.2855,3.0,20.0,1.0,-0.91563946,-1.0,0.8873291,0.8873291,0.9832629,0.9323765,-0.91563946,-1.0,0.8873291,0.8873291,0.9832629,0.9323765
37.859,2.8887,17.7865,0.2882,3.0,20.0,1.0,-0.9150908,-1.0,0.8833283,0.8833283,0.98304003,0.93205076,-0.9150908,-1.0,0.8833283,0.8833283,0.98304003,0.93205076
37.910,2.8913,17.8109,0.2901,3.0,20.0,1.0,-0.91774493,-1.0,0.90886784,0.90886784,0.98357713,0.9341678,-0.91774493,-1.0,0.90886784,0.90886784,0.98357713,0.9341678
37.960,2.8951,17.8475,0.2931,3.0,20.0,1.0,-0.91716725,-1.0,0.90460134,0.90460134,0.9833716,0.9337957,-0.91716725,-1.0,0.90460134,0.90460134,0.9833716,0.9337957
38.009,2.8977,17.8719,0.2951,3.0,20.0,1.0,-0.9198313,-1.0,0.93136525,0.93136525,0.9838828,0.9359485,-0.9198313,-1.0,0.93136525,0.93136525,0.9838828,0.9359485
38.060,2.9014,17.9085,0.2984,3.0,20.0,1.0,-0.9191052,-1.0,0.9287831,0.9287831,0.9836769,0.93542826,-0.9191052,-1.0,0.9287831,0.9287831,0.9836769,0.93542826
38.110,2.9039,17.9329,0.3006,3.0,20.0,1.0,-0.9217423,-1.0,0.9575167,0.9575167,0.98418534,0.93755704,-0.9217423,-1.0,0.9575167,0.9575167,0.98418534,0.93755704
38.160,2.9076,17.9695,0.3042,3.0,20.0,1.0,-0.9209993,-1.0,0.95472234,0.95472234,0.984002,0.9369973,-0.9209993,-1.0,0.95472234,0.95472234,0.984002,0.9369973
38.209,2.9100,17.9938,0.3067,3.0,20.0,1.0,-0.92370206,-1.0,0.9842638,0.9842638,0.9845581,0.9391439,-0.92370206,-1.0,0.9842638,0.9842638,0.9845581,0.9391439
38.260,2.9135,18.0303,0.3106,3.0,20.0,1.0,-0.9229466,-1.0,0.9813005,0.9813005,0.9843745,0.93857205,-0.9229466,-1.0,0.9813005,0.9813005,0.9843745,0.93857205
38.309,2.9159,18.0546,0.3133,3.0,20.0,1.0,-0.91556305,-0.98907214,1.0,1.0,0.9740967,0.9305385,-0.91556305,-0.98907214,1.0,1.0,0.9740967,0.9305385
38.360,2.9193,18.0910,0.3177,3.0,20.0,1.0,-0.9168707,-0.99118155,1.0,1.0,0.9759956,0.9320566,-0.9168707,-0.99118155,1.0,1.0,0.9759956,0.9320566
38.410,2.9216,18.1152,0.3207,3.0,20.0,1.0,-0.8926294,-0.9620162,1.0,1.0,0.9476946,0.906951,-0.8926294,-0.9620162,1.0,1.0,0.9476946,0.906951
38.459,2.9250,18.1513,0.3255,3.0,20.0,1.0,-0.8948751,-0.965266,1.0,1.0,0.950703,0.9094381,-0.8948751,-0.965266,1.0,1.0,0.950703,0.9094381
38.509,2.9288,18.1931,0.3313,3.0,20.0,1.0,-0.8710879,-0.9365912,1.0,1.0,0.92282534,0.8848538,-0.8710879,-0.9365912,1.0,1.0,0.92282534,0.8848538
38.560,2.9304,18.2109,0.3338,3.0,20.0,1.0,-0.92449003,-1.0,0.9512255,0.9512255,0.98050135,0.9439887,-0.92449003,-1.0,0.9512255,0.9512255,0.98050135,0.9439887
38.611,2.9325,18.2346,0.3372,3.0,20.0,1.0,-0.89883834,-0.96507716,1.0,1.0,0.95039654,0.91351897,-0.89883834,-0.96507716,1.0,1.0,0.95039654,0.91351897
38.659,2.9356,18.2701,0.3424,3.0,20.0,1.0,-0.8855825,-0.94894874,1.0,1.0,0.9351267,0.8994046,-0.8855825,-0.94894874,1.0,1.0,0.9351267,0.8994046
38.710,2.9377,18.2935,0.3459,3.0,20.0,1.0,-0.862174,-0.92033124,1.0,1.0,0.9074979,0.8750073,-0.862174,-0.92033124,1.0,1.0,0.9074979,0.8750073
38.760,2.9407,18.3285,0.3514,3.0,20.0,1.0,-0.8666427,-0.92597723,1.0,1.0,0.91255504,0.88006485,-0.8666427,-0.92597723,1.0,1.0,0.91255504,0.88006485
38.810,2.9426,18.3517,0.3551,3.0,20.0,1.0,-0.84499466,-0.89950794,1.0,1.0,0.88648677,0.85801584,-0.84499466,-0.89950794,1.0,1.0,0.88648677,0.85801584
38.860,2.9455,18.3861,0.3607,3.0,20.0,1.0,-0.84887564,-0.9044182,1.0,1.0,0.89102906,0.86226475,-0.84887564,-0.9044182,1.0,1.0,0.89102906,0.86226475
38.910,2.9474,18.4089,0.3646,3.0,20.0,1.0,-0.82771444,-0.8785722,1.0,1.0,0.8653585,0.84092814,-0.82771444,-0.8785722,1.0,1.0,0.8653585,0.84092814
38.959,2.9501,18.4428,0.3705,3.0,20.0,1.0,-0.8315551,-0.88341224,1.0,1.0,0.8699757,0.8449917,-0.8315551,-0.88341224,1.0,1.0,0.8699757,0.8449917
39.009,2.9519,18.4651,0.3745,3.0,20.0,1.0,-0.8110765,-0.8584469,1.0,1.0,0.8450169,0.82450646,-0.8110765,-0.8584469,1.0,1.0,0.8450169,0.82450646
39.060,2.9545,18.4984,0.3806,3.0,20.0,1.0,-0.8149313,-0.86327964,1.0,1.0,0.8497264,0.82848454,-0.8149313,-0.86327964,1.0,1.0,0.8497264,0.82848454
39.110,2.9562,18.5204,0.3847,3.0,20.0,1.0,-0.7949716,-0.8389998,1.0,1.0,0.8253353,0.80863607,-0.7949716,-0.8389998,1.0,1.0,0.8253353,0.80863607
39.160,2.9587,18.5530,0.3911,3.0,20.0,1.0,-0.79873204,-0.8436909,1.0,1.0,0.8299825,0.8124404,-0.79873204,-0.8436909,1.0,1.0,0.8299825,0.8124404
39.209,2.9604,18.5746,0.3954,3.0,20.0,1.0,-0.7781532,-0.8190038,1.0,1.0,0.8050676,0.79208934,-0.7781532,-0.8190038,1.0,1.0,0.8050676,0.79208934
39.260,2.9627,18.6066,0.4020,3.0,20.0,1.0,-0.7803102,-0.8220459,1.0,1.0,0.80811304,0.7942431,-0.7803102,-0.8220459,1.0,1.0,0.80811304,0.7942431
39.310,2.9643,18.6277,0.4065,3.0,20.0,1.0,-0.7604341,-0.7983123,1.0,1.0,0.78407633,0.77467006,-0.7604341,-0.7983123,1.0,1.0,0.78407633,0.77467006
39.359,2.9665,18.6590,0.4134,3.0,20.0,1.0,-0.7624745,-0.801172,1.0,1.0,0.7869744,0.7766721,-0.7624745,-0.801172,1.0,1.0,0.7869744,0.7766721
39.410,2.9690,18.6950,0.4216,3.0,20.0,1.0,-0.7431916,-0.7781955,1.0,1.0,0.76362723,0.75775987,-0.7431916,-0.7781955,1.0,1.0,0.76362723,0.75775987
39.460,2.9701,18.7103,0.4253,3.0,20.0,1.0,-0.7279704,-0.7601597,1.0,1.0,0.745236,0.74289405,-0.7279704,-0.7601597,1.0,1.0,0.745236,0.74289405
39.509,2.9724,18.7454,0.4339,3.0,20.0,1.0,-0.74037516,-0.77547514,1.0,1.0,0.76087713,0.7549732,-0.74037516,-0.77547514,1.0,1.0,0.76087713,0.7549732
39.560,2.9734,18.7604,0.4376,3.0,20.0,1.0,-0.80819875,-0.8505971,1.0,1.0,0.83036613,0.8284297,-0.80819875,-0.8505971,1.0,1.0,0.83036613,0.8284297
39.610,2.9747,18.7803,0.4427,3.0,20.0,1.0,-0.74591374,-0.7785961,1.0,1.0,0.76296675,0.76154304,-0.74591374,-0.7785961,1.0,1.0,0.76296675,0.76154304
39.660,2.9766,18.8099,0.4503,3.0,20.0,1.0,-0.7357111,-0.7661775,1.0,1.0,0.75083995,0.75104856,-0.7357111,-0.7661775,1.0,1.0,0.75083995,0.75104856
39.709,2.9779,18.8294,0.4556,3.0,20.0,1.0,-0.7193363,-0.7462982,1.0,1.0,0.7310117,0.73462284,-0.7193363,-0.7462982,1.0,1.0,0.7310117,0.73462284
39.759,2.9796,18.8584,0.4636,3.0,20.0,1.0,-0.72264796,-0.75041175,1.0,1.0,0.73502046,0.7380392,-0.72264796,-0.75041175,1.0,1.0,0.73502046,0.7380392
39.809,2.9808,18.8775,0.4690,3.0,20.0,1.0,-0.70719653,-0.73169625,1.0,1.0,0.7161063,0.7227865,-0.70719653,-0.73169625,1.0,1.0,0.7161063,0.7227865
39.860,2.9825,18.9058,0.4774,3.0,20.0,1.0,-0.7106509,-0.7359516,1.0,1.0,0.7203232,0.7262793,-0.7106509,-0.7359516,1.0,1.0,0.7203232,0.7262793
39.909,2.9835,18.9245,0.4831,3.0,20.0,1.0,-0.6960382,-0.7182428,1.0,1.0,0.7023321,0.71194893,-0.6960382,-0.7182428,1.0,1.0,0.7023321,0.71194893
39.960,2.9851,18.9523,0.4918,3.0,20.0,1.0,-0.69937766,-0.7223298,1.0,1.0,0.70643735,0.7152701,-0.69937766,-0.7223298,1.0,1.0,0.70643735,0.7152701
40.010,2.9861,18.9706,0.4977,3.0,20.0,1.0,-0.68572,-0.70574605,1.0,1.0,0.68952006,0.70194596,-0.68572,-0.70574605,1.0,1.0,0.68952006,0.70194596
40.060,2.9875,18.9977,0.5068,3.0,20.0,1.0,-0.6890113,-0.7097539,1.0,1.0,0.6935867,0.70517844,-0.6890113,-0.7097539,1.0,1.0,0.6935867,0.70517844
40.110,2.9885,19.0156,0.5130,3.0,20.0,1.0,-0.67631656,-0.69427997,1.0,1.0,0.6777522,0.69284433,-0.67631656,-0.69427997,1.0,1.0,0.6777522,0.69284433
40.160,2.9898,19.0422,0.5224,3.0,20.0,1.0,-0.6795128,-0.698159,1.0,1.0,0.68172085,0.69595087,-0.6795128,-0.698159,1.0,1.0,0.68172085,0.69595087
40.210,2.9907,19.0597,0.5288,3.0,20.0,1.0,-0.6678919,-0.6839063,1.0,1.0,0.6670942,0.6847041,-0.6678919,-0.6839063,1.0,1.0,0.6670942,0.6847041
40.260,2.9919,19.0857,0.5386,3.0,20.0,1.0,-0.6710252,-0.6877058,1.0,1.0,0.6709982,0.6877328,-0.6710252,-0.6877058,1.0,1.0,0.6709982,0.6877328
40.309,2.9933,19.1155,0.5504,3.0,20.0,1.0,-0.6604119,-0.67456496,1.0,1.0,0.65748566,0.6774912,-0.6604119,-0.67456496,1.0,1.0,0.65748566,0.6774912
40.359,2.9938,19.1282,0.5555,3.0,20.0,1.0,-0.65307695,-0.6653029,1.0,1.0,0.64793783,0.670442,-0.65307695,-0.6653029,1.0,1.0,0.64793783,0.670442
40.409,2.9951,19.1574,0.5676,3.0,20.0,1.0,-0.66203195,-0.67639047,1.0,1.0,0.659353,0.6790694,-0.66203195,-0.67639047,1.0,1.0,0.659353,0.6790694
40.460,2.9956,19.1698,0.5729,3.0,20.0,1.0,-0.62701184,-0.6372304,0.9679066,0.9679066,0.6202052,0.64403695,-0.62701184,-0.6372304,0.9679066,0.9679066,0.6202052,0.64403695
40.510,2.9967,19.1982,0.5854,3.0,20.0,1.0,-0.6558097,-0.66840863,1.0,1.0,0.65113646,0.6730819,-0.6558097,-0.66840863,1.0,1.0,0.65113646,0.6730819
40.560,2.9972,19.2103,0.5908,3.0,20.0,1.0,-0.7135425,-0.7328194,1.0,1.0,0.7084181,0.7379438,-0.7135425,-0.7328194,1.0,1.0,0.7084181,0.7379438
40.610,2.9978,19.2264,0.5981,3.0,20.0,1.0,-0.598991,-0.60908973,0.9082847,0.9082847,0.59237415,0.6157066,-0.598991,-0.60908973,0.9082847,0.9082847,0.59237415,0.6157066
40.659,2.9987,19.2501,0.6090,3.0,20.0,1.0,-0.5785469,-0.58677894,0.8826948,0.8826948,0.5710945,0.59423125,-0.5785469,-0.58677894,0.8826948,0.8826948,0.5710945,0.59423125
40.709,2.9992,19.2656,0.6162,3.0,20.0,1.0,-0.5438286,-0.5493405,0.83810043,0.83810043,0.5348145,0.5583546,-0.5438286,-0.5493405,0.83810043,0.83810043,0.5348145,0.5583546
40.759,3.0000,19.2882,0.6268,3.0,20.0,1.0,-0.55193233,-0.558249,0.84822637,0.84822637,0.5432502,0.5669311,-0.55193233,-0.558249,0.84822637,0.84822637,0.5432502,0.5669311
40.810,3.0005,19.3030,0.6338,3.0,20.0,1.0,-0.51864815,-0.52267385,0.80482304,0.80482304,0.5084414,0.53288066,-0.51864815,-0.52267385,0.80482304,0.80482304,0.5084414,0.53288066
40.859,3.0012,19.3247,0.6442,3.0,20.0,1.0,-0.5266833,-0.5314183,0.81517977,0.81517977,0.5168141,0.5412875,-0.5266833,-0.5314183,0.81517977,0.81517977,0.5168141,0.5412875
40.909,3.0016,19.3388,0.6509,3.0,20.0,1.0,-0.4946048,-0.49731168,0.7728125,0.7728125,0.48334202,0.5085745,-0.4946048,-0.49731168,0.7728125,0.7728125,0.48334202,0.5085745
40.959,3.0022,19.3594,0.6609,3.0,20.0,1.0,-0.502176,-0.5054803,0.7828009,0.7828009,0.4912317,0.5164246,-0.502176,-0.5054803,0.7828009,0.7828009,0.4912317,0.5164246
41.010,3.0026,19.3729,0.6675,3.0,20.0,1.0,-0.47195047,-0.4734958,0.74255306,0.74255306,0.45977882,0.48566747,-0.47195047,-0.4734958,0.74255306,0.74255306,0.45977882,0.48566747
41.059,3.0031,19.3926,0.6771,3.0,20.0,1.0,-0.4791339,-0.48118517,0.7521878,0.7521878,0.4672567,0.4930624,-0.4791339,-0.48118517,0.7521878,0.7521878,0.4672567,0.4930624
41.110,3.0035,19.4054,0.6834,3.0,20.0,1.0,-0.4499998,-0.45048645,0.7132356,0.7132356,0.43702957,0.4634567,-0.4499998,-0.45048645,0.7132356,0.7132356,0.43702957,0.4634567
41.160,3.0040,19.4241,0.6926,3.0,20.0,1.0,-0.45688888,-0.4578158,0.7226338,0.7226338,0.44418466,0.47052002,-0.45688888,-0.4578158,0.7226338,0.7226338,0.44418466,0.47052002
41.209,3.0045,19.4453,0.7030,3.0,20.0,1.0,-0.42935318,-0.4289159,0.6858592,0.6858592,0.41570354,0.44256553,-0.42935318,-0.4289159,0.6858592,0.6858592,0.41570354,0.44256553
41.259,3.0047,19.4542,0.7073,3.0,20.0,1.0,-0.4076424,-0.40625027,0.6567613,0.6567613,0.39334476,0.4205479,-0.4076424,-0.40625027,0.6567613,0.6567613,0.39334476,0.4205479
41.310,3.0051,19.4743,0.7171,3.0,20.0,1.0,-0.43062675,-0.4303741,0.6880607,0.6880607,0.41705495,0.44394588,-0.43062675,-0.4303741,0.6880607,0.6880607,0.41705495,0.44394588
41.360,3.0053,19.4827,0.7212,3.0,20.0,1.0,-0.38951105,-0.3874431,0.63348466,0.63348466,0.37473944,0.40221468,-0.38951105,-0.3874431,0.63348466,0.63348466,0.37473944,0.40221468
41.410,3.0055,19.4937,0.7265,3.0,20.0,1.0,-0.41072625,-0.4096189,0.6621955,0.6621955,0.39656302,0.42378214,-0.41072625,-0.4096189,0.6621955,0.6621955,0.39656302,0.42378214
41.460,3.0059,19.5096,0.7343,3.0,20.0,1.0,-0.39679727,-0.39510363,0.644221,0.644221,0.38224676,0.40965414,-0.39679727,-0.39510363,0.644221,0.644221,0.38224676,0.40965414
41.510,3.0061,19.5199,0.7394,3.0,20.0,1.0,-0.3732156,-0.37087077,0.61272615,0.61272615,0.3579492,0.38613716,-0.3732156,-0.37087077,0.61272615,0.61272615,0.3579492,0.38613716
41.560,3.0063,19.5351,0.7470,3.0,20.0,1.0,-0.6863062,-0.6903888,1.0,1.0,0.6610192,0.7156758,-0.6863062,-0.6903888,1.0,1.0,0.6610192,0.7156758
41.610,3.0065,19.5454,0.7523,3.0,20.0,1.0,-0.33764747,-0.3349027,0.5500254,0.5500254,0.322539,0.35001114,-0.33764747,-0.3349027,0.5500254,0.5500254,0.322539,0.35001114
41.659,3.0067,19.5605,0.7599,3.0,20.0,1.0,-0.34182897,-0.33847064,0.5540733,0.5540733,0.32721663,0.35308298,-0.34182897,-0.33847064,0.5540733,0.5540733,0.32721663,0.35308298
41.709,3.0069,19.5703,0.7648,3.0,20.0,1.0,-0.31974983,-0.3150986,0.5238148,0.5238148,0.30501336,0.3298351,-0.31974983,-0.3150986,0.5238148,0.5238148,0.30501336,0.3298351
41.760,3.0070,19.5845,0.7718,3.0,20.0,1.0,-0.325151,-0.3210079,0.5323725,0.5323725,0.31039858,0.3357603,-0.325151,-0.3210079,0.5323725,0.5323725,0.31039858,0.3357603
41.809,3.0072,19.5938,0.7762,3.0,20.0,1.0,-0.30428663,-0.2992106,0.5052884,0.5052884,0.28936493,0.3141323,-0.30428663,-0.2992106,0.5052884,0.5052884,0.28936493,0.3141323
41.860,3.0073,19.6072,0.7824,3.0,20.0,1.0,-0.30903414,-0.30434904,0.5127551,0.5127551,0.294109,0.31927416,-0.30903414,-0.30434904,0.5127551,0.5127551,0.294109,0.31927416
41.910,3.0074,19.6158,0.7864,3.0,20.0,1.0,-0.28941128,-0.28401986,0.48871437,0.48871437,0.2743298,0.29910132,-0.28941128,-0.28401986,0.48871437,0.48871437,0.2743298,0.29910132
41.960,3.0076,19.6285,0.7920,3.0,20.0,1.0,-0.2941384,-0.28906187,0.49594975,0.49594975,0.27906317,0.3041371,-0.2941384,-0.28906187,0.49594975,0.49594975,0.27906317,0.3041371
42.009,3.0077,19.6427,0.7980,3.0,20.0,1.0,-0.27539384,-0.26977992,0.4744572,0.4744572,0.26018688,0.28498688,-0.27539384,-0.26977992,0.4744572,0.4744572,0.26018688,0.28498688
42.060,3.0077,19.6486,0.8005,3.0,20.0,1.0,-0.26071623,-0.2548435,0.4592711,0.4592711,0.24542737,0.27013236,-0.26071623,-0.2548435,0.4592711,0.4592711,0.24542737,0.27013236
42.110,3.0078,19.6621,0.8058,3.0,20.0,1.0,-0.27633426,-0.27096382,0.47846708,0.47846708,0.26110315,0.28619492,-0.27633426,-0.27096382,0.47846708,0.47846708,0.26110315,0.28619492
42.159,3.0079,19.6677,0.8079,3.0,20.0,1.0,-0.24835081,-0.24244066,0.44960374,0.44960374,0.2329964,0.25779507,-0.24835081,-0.24244066,0.44960374,0.44960374,0.2329964,0.25779507
42.210,3.0080,19.6804,0.8125,3.0,20.0,1.0,-0.2628816,-0.25731522,0.46631432,0.46631432,0.24756666,0.27263018,-0.2628816,-0.25731522,0.46631432,0.46631432,0.24756666,0.27263018
42.259,3.0080,19.6858,0.8143,3.0,20.0,1.0,-0.23654464,-0.23064356,0.44170454,0.44170454,0.22116043,0.24602777,-0.23654464,-0.23064356,0.44170454,0.44170454,0.22116043,0.24602777
42.309,3.0080,19.6927,0.8166,3.0,20.0,1.0,-0.25005195,-0.24437198,0.45616347,0.45616347,0.2346824,0.25974151,-0.25005195,-0.24437198,0.45616347,0.45616347,0.2346824,0.25974151
42.359,3.0081,19.7029,0.8198,3.0,20.0,1.0,-0.24115165,-0.23540506,0.44924212,0.44924212,0.22575948,0.25079724,-0.24115165,-0.23540506,0.44924212,0.44924212,0.22575948,0.25079724
42.410,3.0081,19.7095,0.8218,3.0,20.0,1.0,-0.22576666,-0.21997264,0.4376469,0.4376469,0.2103771,0.2353622,-0.22576666,-0.21997264,0.4376469,0.4376469,0.2103771,0.2353622
42.459,3.0081,19.7192,0.8245,3.0,20.0,1.0,-0.22941598,-0.2236826,0.44237366,0.44237366,0.21401899,0.23907958,-0.22941598,-0.2236826,0.44237366,0.44237366,0.21401899,0.23907958
42.510,3.0081,19.7255,0.8261,3.0,20.0,1.0,-0.21463865,-0.20895022,0.43295708,0.43295708,0.19927618,0.22431268,-0.21463865,-0.20895022,0.43295708,0.43295708,0.19927618,0.22431268
42.560,3.0081,19.7350,0.8286,3.0,20.0,1.0,-0.59266996,-0.5851036,1.0,1.0,0.55274963,0.6250239,-0.59266996,-0.5851036,1.0,1.0,0.55274963,0.6250239
42.610,3.0081,19.7416,0.8308,3.0,20.0,1.0,-0.1924838,-0.18703318,0.40213877,0.40213877,0.17789592,0.20162106,-0.1924838,-0.18703318,0.40213877,0.40213877,0.17789592,0.20162106
42.659,3.0081,19.7512,0.8339,3.0,20.0,1.0,-0.19487388,-0.18875097,0.40028036,0.40028036,0.1805355,0.20308936,-0.19487388,-0.18875097,0.40028036,0.40028036,0.1805355,0.20308936
42.710,3.0080,19.7574,0.8358,3.0,20.0,1.0,-0.18049838,-0.1739156,0.38868722,0.38868722,0.16653027,0.1878837,-0.18049838,-0.1739156,0.38868722,0.38868722,0.16653027,0.1878837
42.759,3.0080,19.7665,0.8382,3.0,20.0,1.0,-0.18388359,-0.17762442,0.3935949,0.3935949,0.16979773,0.19171028,-0.18388359,-0.17762442,0.3935949,0.3935949,0.16979773,0.19171028
42.810,3.0080,19.7724,0.8397,3.0,20.0,1.0,-0.17005482,-0.16363576,0.3850702,0.3850702,0.15629055,0.17740005,-0.17005482,-0.16363576,0.3850702,0.3850702,0.15629055,0.17740005
42.860,3.0079,19.7810,0.8416,3.0,20.0,1.0,-0.1732544,-0.1670661,0.3894564,0.3894564,0.15938719,0.18093333,-0.1732544,-0.1670661,0.3894564,0.3894564,0.15938719,0.18093333
42.909,3.0079,19.7866,0.8426,3.0,20.0,1.0,-0.16020168,-0.1540513,0.3836188,0.3836188,0.14663503,0.16761796,-0.16020168,-0.1540513,0.3836188,0.3836188,0.14663503,0.16761796
42.959,3.0078,19.7948,0.8439,3.0,20.0,1.0,-0.16318437,-0.1571843,0.38746372,0.38746372,0.14952667,0.17084202,-0.16318437,-0.1571843,0.38746372,0.38746372,0.14952667,0.17084202
43.009,3.0078,19.8001,0.8446,3.0,20.0,1.0,-0.1505593,-0.14476082,0.38398102,0.38398102,0.13719665,0.15812348,-0.1505593,-0.14476082,0.38398102,0.38398102,0.13719665,0.15812348
43.060,3.0077,19.8080,0.8453,3.0,20.0,1.0,-0.15343404,-0.14771923,0.3873639,0.3873639,0.13998672,0.16116655,-0.15343404,-0.14771923,0.3873639,0.3873639,0.13998672,0.16116655
43.109,3.0076,19.8168,0.8458,3.0,20.0,1.0,-0.14130896,-0.13593681,0.3861789,0.3861789,0.12815353,0.14909223,-0.14130896,-0.13593681,0.3861789,0.3861789,0.12815353,0.14909223
43.159,3.0076,19.8206,0.8459,3.0,20.0,1.0,-0.13168542,-0.12675032,0.3877385,0.3877385,0.118769504,0.13966623,-0.13168542,-0.12675032,0.3877385,0.3877385,0.118769504,0.13966623
43.210,3.0075,19.8291,0.8458,3.0,20.0,1.0,-0.1414869,-0.1363084,0.3910625,0.3910625,0.12830687,0.14948845,-0.1414869,-0.1363084,0.3910625,0.3910625,0.12830687,0.14948845
43.260,3.0074,19.8327,0.8457,3.0,20.0,1.0,-0.12316525,-0.11880705,0.39327607,0.39327607,0.11046036,0.13151193,-0.12316525,-0.11880705,0.39327607,0.39327607,0.11046036,0.13151193
43.310,3.0074,19.8375,0.8454,3.0,20.0,1.0,-0.13231595,-0.12760603,0.39497602,0.39497602,0.11935733,0.14056465,-0.13231595,-0.12760603,0.39497602,0.39497602,0.11935733,0.14056465
43.359,3.0073,19.8445,0.8447,3.0,20.0,1.0,-0.1257973,-0.12145228,0.39759526,0.39759526,0.11300472,0.13424486,-0.1257973,-0.12145228,0.39759526,0.39759526,0.11300472,0.13424486
43.410,3.0072,19.8490,0.8441,3.0,20.0,1.0,-0.11480237,-0.111160256,0.40241686,0.40241686,0.102309555,0.12365307,-0.11480237,-0.111160256,0.40241686,0.40241686,0.102309555,0.12365307
43.460,3.0071,19.8558,0.8430,3.0,20.0,1.0,-0.11727472,-0.1135516,0.40408027,0.40408027,0.10470468,0.12612164,-0.11727472,-0.1135516,0.40408027,0.40408027,0.10470468,0.12612164
43.510,3.0071,19.8601,0.8421,3.0,20.0,1.0,-0.10641788,-0.10353974,0.41065404,0.41065404,0.0941568,0.11580082,-0.10641788,-0.10353974,0.41065404,0.41065404,0.0941568,0.11580082
43.560,3.0070,19.8666,0.8411,3.0,20.0,1.0,-0.33227944,-0.3284874,1.0,1.0,0.2963684,0.36439848,-0.33227944,-0.3284874,1.0,1.0,0.2963684,0.36439848
43.610,3.0069,19.8710,0.8410,3.0,20.0,1.0,-0.09211962,-0.09051437,0.39743888,0.39743888,0.08064744,0.10198654,-0.09211962,-0.09051437,0.39743888,0.39743888,0.08064744,0.10198654
43.660,3.0068,19.8775,0.8408,3.0,20.0,1.0,-0.09395521,-0.09217179,0.39214176,0.39214176,0.08249714,0.10362985,-0.09395521,-0.09217179,0.39214176,0.39214176,0.08249714,0.10362985
43.710,3.0067,19.8817,0.8406,3.0,20.0,1.0,-0.08348253,-0.08267201,0.3943203,0.3943203,0.07244232,0.093712226,-0.08348253,-0.08267201,0.3943203,0.3943203,0.07244232,0.093712226
43.760,3.0066,19.8880,0.8399,3.0,20.0,1.0,-0.08575656,-0.08476592,0.39647025,0.39647025,0.074620806,0.095901676,-0.08575656,-0.08476592,0.39647025,0.39647025,0.074620806,0.095901676
43.810,3.0065,19.8920,0.8393,3.0,20.0,1.0,-0.07550295,-0.07559807,0.40119332,0.40119332,0.06478052,0.08632049,-0.07550295,-0.07559807,0.40119332,0.40119332,0.06478052,0.08632049
43.860,3.0064,19.8980,0.8383,3.0,20.0,1.0,-0.07770995,-0.0776203,0.40297383,0.40297383,0.06689164,0.08843861,-0.07770995,-0.0776203,0.40297383,0.40297383,0.06689164,0.08843861
43.910,3.0062,19.9048,0.8367,3.0,20.0,1.0,-0.06789983,-0.06898875,0.4094411,0.4094411,0.05748799,0.07940059,-0.06789983,-0.06898875,0.4094411,0.4094411,0.05748799,0.07940059
43.959,3.0062,19.9076,0.8360,3.0,20.0,1.0,-0.060215972,-0.062360596,0.41681075,0.41681075,0.050134283,0.072442286,-0.060215972,-0.062360596,0.41681075,0.41681075,0.050134283,0.072442286
44.010,3.0060,19.9141,0.8341,3.0,20.0,1.0,-0.06805191,-0.06922259,0.4143771,0.4143771,0.057627182,0.07964732,-0.06805191,-0.06922259,0.4143771,0.4143771,0.057627182,0.07964732
44.060,3.0060,19.9167,0.8331,3.0,20.0,1.0,-0.053234763,-0.056548655,0.42730075,0.42730075,0.04345737,0.066326044,-0.053234763,-0.056548655,0.42730075,0.42730075,0.04345737,0.066326044
44.110,3.0058,19.9228,0.8309,3.0,20.0,1.0,-0.060836278,-0.06306607,0.4236603,0.4236603,0.050718274,0.07318408,-0.060836278,-0.06306607,0.4236603,0.4236603,0.050718274,0.07318408
44.159,3.0058,19.9254,0.8298,3.0,20.0,1.0,-0.04664295,-0.05118956,0.43859503,0.43859503,0.03716581,0.060666703,-0.04664295,-0.05118956,0.43859503,0.43859503,0.03716581,0.060666703
44.210,3.0057,19.9287,0.8284,3.0,20.0,1.0,-0.053904593,-0.057281815,0.4339258,0.4339258,0.04409229,0.06709412,-0.053904593,-0.057281815,0.4339258,0.4339258,0.04409229,0.06709412
44.259,3.0056,19.9335,0.8261,3.0,20.0,1.0,-0.04910574,-0.05335538,0.44066647,0.44066647,0.039510485,0.06295064,-0.04910574,-0.05335538,0.44066647,0.44066647,0.039510485,0.06295064
44.310,3.0055,19.9366,0.8245,3.0,20.0,1.0,-0.040876385,-0.046719436,0.45215875,0.45215875,0.031671543,0.055924278,-0.040876385,-0.046719436,0.45215875,0.45215875,0.031671543,0.055924278
44.359,3.0054,19.9411,0.8220,3.0,20.0,1.0,-0.04276695,-0.04829718,0.45220557,0.45220557,0.033471067,0.057593066,-0.04276695,-0.04829718,0.45220557,0.45220557,0.033471067,0.057593066
44.409,3.0053,19.9441,0.8203,3.0,20.0,1.0,-0.034987032,-0.04222613,0.464323,0.464323,0.026074028,0.05113913,-0.034987032,-0.04222613,0.464323,0.464323,0.026074028,0.05113913
44.460,3.0052,19.9483,0.8178,3.0,20.0,1.0,-0.036788773,-0.043692246,0.46412793,0.46412793,0.027786503,0.052694514,-0.036788773,-0.043692246,0.46412793,0.46412793,0.027786503,0.052694514
44.510,3.0051,19.9510,0.8160,3.0,20.0,1.0,-0.029489355,-0.038206186,0.476605,0.476605,0.020860523,0.046835016,-0.029489355,-0.038206186,0.476605,0.476605,0.020860523,0.046835016
44.559,3.0050,19.9549,0.8137,3.0,20.0,1.0,-0.086033285,-0.11265594,1.0,1.0,0.06393481,0.13475442,-0.086033285,-0.11265594,1.0,1.0,0.06393481,0.13475442
44.610,3.0049,19.9575,0.8129,3.0,20.0,1.0,-0.021197634,-0.032146383,0.4656886,0.4656886,0.013252136,0.040091883,-0.021197634,-0.032146383,0.4656886,0.4656886,0.013252136,0.040091883
44.660,3.0048,19.9612,0.8116,3.0,20.0,1.0,-0.022513423,-0.033494264,0.4594048,0.4594048,0.014502062,0.041505627,-0.022513423,-0.033494264,0.4594048,0.4594048,0.014502062,0.041505627
44.709,3.0047,19.9636,0.8107,3.0,20.0,1.0,-0.0154850595,-0.028935406,0.46601126,0.46601126,0.007870027,0.03655044,-0.0154850595,-0.028935406,0.46601126,0.46601126,0.007870027,0.03655044
44.760,3.0046,19.9672,0.8092,3.0,20.0,1.0,-0.017004723,-0.029869735,0.46695822,0.46695822,0.009309297,0.03756516,-0.017004723,-0.029869735,0.46695822,0.46695822,0.009309297,0.03756516
44.810,3.0046,19.9695,0.8082,3.0,20.0,1.0,-0.010383496,-0.02568372,0.47482905,0.47482905,0.0030770975,0.032990117,-0.010383496,-0.02568372,0.47482905,0.47482905,0.0030770975,0.032990117
44.860,3.0044,19.9728,0.8066,3.0,20.0,1.0,-0.011854812,-0.026574824,0.47555923,0.47555923,0.0044668578,0.03396278,-0.011854812,-0.026574824,0.47555923,0.47555923,0.0044668578,0.03396278
44.910,3.0043,19.9766,0.8045,3.0,20.0,1.0,-0.0054125623,-0.022670599,0.48417258,0.48417258,-0.0015813509,0.02966451,-0.0054125623,-0.022670599,0.48417258,0.48417258,-0.0015813509,0.02966451
44.960,3.0043,19.9781,0.8037,3.0,20.0,1.0,-0.00047515563,-0.019802526,0.4921582,0.4921582,-0.0061983997,0.026476081,-0.00047515563,-0.019802526,0.4921582,0.4921582,-0.0061983997,0.026476081
45.010,3.0042,19.9802,0.8025,3.0,20.0,1.0,-0.00562872,-0.022777746,0.48806497,0.48806497,-0.0013646448,0.02977111,-0.00562872,-0.022777746,0.48806497,0.48806497,-0.0013646448,0.02977111
45.060,3.0041,19.9831,0.8006,3.0,20.0,1.0,-0.0021395271,-0.02080913,0.49392644,0.49392644,-0.0046310117,0.02757967,-0.0021395271,-0.02080913,0.49392644,0.49392644,-0.0046310117,0.02757967
45.109,3.0040,19.9850,0.7994,3.0,20.0,1.0,0.003714777,-0.01763109,0.5032999,0.5032999,-0.010095972,0.024012284,0.003714777,-0.01763109,0.5032999,0.5032999,-0.010095972,0.024012284
45.160,3.0039,19.9877,0.7975,3.0,20.0,1.0,0.002362465,-0.01836322,0.503393,0.503393,-0.008826752,0.024827508,0.002362465,-0.01836322,0.503393,0.503393,-0.008826752,0.024827508
45.210,3.0039,19.9894,0.7962,3.0,20.0,1.0,0.007896384,-0.015564172,0.51280147,0.51280147,-0.013976329,0.021644115,0.007896384,-0.015564172,0.51280147,0.51280147,-0.013976329,0.021644115
45.259,3.0038,19.9920,0.7943,3.0,20.0,1.0,0.006621048,-0.016207071,0.512805,0.512805,-0.012781757,0.022367781,0.006621048,-0.016207071,0.512805,0.512805,-0.012781757,0.022367781
45.310,3.0037,19.9936,0.7931,3.0,20.0,1.0,0.011929143,-0.013721982,0.52222776,0.52222776,-0.017704668,0.019497506,0.011929143,-0.013721982,0.52222776,0.52222776,-0.017704668,0.019497506
45.360,3.0036,19.9959,0.7912,3.0,20.0,1.0,0.010677804,-0.014300631,0.5220996,0.5220996,-0.016535427,0.020158254,0.010677804,-0.014300631,0.5220996,0.5220996,-0.016535427,0.020158254
45.410,3.0035,19.9974,0.7900,3.0,20.0,1.0,0.01565471,-0.01216341,0.53124344,0.53124344,-0.02113492,0.017643621,0.01565471,-0.01216341,0.53124344,0.53124344,-0.02113492,0.017643621
45.460,3.0034,19.9995,0.7883,3.0,20.0,1.0,0.014494434,-0.0126495315,0.5311174,0.5311174,-0.020053344,0.01820844,0.014494434,-0.0126495315,0.5311174,0.5311174,-0.020053344,0.01820844
45.509,3.0034,20.0009,0.7871,3.0,20.0,1.0,0.019233618,-0.010804751,0.5399691,0.5399691,-0.02441724,0.015988372,0.019233618,-0.010804751,0.5399691,0.5399691,-0.02441724,0.015988372
45.560,3.0033,20.0029,0.7857,3.0,20.0,1.0,0.039082672,-0.03575416,1.0,1.0,-0.050892342,0.04756383,0.039082672,-0.03575416,1.0,1.0,-0.050892342,0.04756383
45.609,3.0032,20.0041,0.7855,3.0,20.0,1.0,0.023440646,-0.009404132,0.5213965,0.5213965,-0.028063852,0.014027339,0.023440646,-0.009404132,0.5213965,0.5213965,-0.028063852,0.014027339
45.659,3.0031,20.0059,0.7852,3.0,20.0,1.0,0.02275159,-0.010042347,0.5161269,0.5161269,-0.02742395,0.014714707,0.02275159,-0.010042347,0.5161269,0.5161269,-0.02742395,0.014714707
45.710,3.0031,20.0071,0.7850,3.0,20.0,1.0,0.027317848,-0.008906664,0.5185863,0.5185863,-0.03159887,0.013187686,0.027317848,-0.008906664,0.5185863,0.5185863,-0.03159887,0.013187686
45.759,3.0030,20.0089,0.7845,3.0,20.0,1.0,0.026276674,-0.008969109,0.5199386,0.5199386,-0.030633764,0.013326198,0.026276674,-0.008969109,0.5199386,0.5199386,-0.030633764,0.013326198
45.809,3.0029,20.0109,0.7840,3.0,20.0,1.0,0.030613504,-0.007851894,0.52317333,0.52317333,-0.034584194,0.011822584,0.030613504,-0.007851894,0.52317333,0.52317333,-0.034584194,0.011822584
45.860,3.0028,20.0117,0.7838,3.0,20.0,1.0,0.03396773,-0.0069335243,0.5264546,0.5264546,-0.037620693,0.010586489,0.03396773,-0.0069335243,0.5264546,0.5264546,-0.037620693,0.010586489
45.910,3.0027,20.0135,0.7832,3.0,20.0,1.0,0.030377613,-0.007562676,0.52642953,0.52642953,-0.034342505,0.011527568,0.030377613,-0.007562676,0.52642953,0.52642953,-0.034342505,0.011527568
45.960,3.0027,20.0143,0.7829,3.0,20.0,1.0,0.036868814,-0.0060212393,0.53132343,0.53132343,-0.040226698,0.009379123,0.036868814,-0.0060212393,0.53132343,0.53132343,-0.040226698,0.009379123
46.010,3.0026,20.0153,0.7825,3.0,20.0,1.0,0.033509657,-0.006609182,0.53108644,0.53108644,-0.037170675,0.0102702,0.033509657,-0.006609182,0.53108644,0.53108644,-0.037170675,0.0102702
46.060,3.0025,20.0168,0.7820,3.0,20.0,1.0,0.035709247,-0.006043978,0.5337908,0.5337908,-0.03915864,0.009493369,0.035709247,-0.006043978,0.5337908,0.5337908,-0.03915864,0.009493369
46.111,3.0025,20.0177,0.7816,3.0,20.0,1.0,0.039376713,-0.0051735765,0.5375483,0.5375483,-0.042462386,0.00825925,0.039376713,-0.0051735765,0.5375483,0.5375483,-0.042462386,0.00825925
46.160,3.0024,20.0191,0.7811,3.0,20.0,1.0,0.0384524,-0.0052458406,0.53851324,0.53851324,-0.0416185,0.008411941,0.0384524,-0.0052458406,0.53851324,0.53851324,-0.0416185,0.008411941
46.210,3.0024,20.0199,0.7807,3.0,20.0,1.0,0.042023282,-0.00444228,0.542323,0.542323,-0.044822663,0.007241663,0.042023282,-0.00444228,0.542323,0.542323,-0.044822663,0.007241663
46.260,3.0023,20.0212,0.7801,3.0,20.0,1.0,0.041136768,-0.004506354,0.5432014,0.5432014,-0.044016015,0.0073856027,0.041136768,-0.004506354,0.5432014,0.5432014,-0.044016015,0.0073856027
46.310,3.0022,20.0220,0.7798,3.0,20.0,1.0,0.044340003,-0.0038252138,0.54684734,0.54684734,-0.046877973,0.006363185,0.044340003,-0.0038252138,0.54684734,0.54684734,-0.046877973,0.006363185
46.359,3.0022,20.0231,0.7793,3.0,20.0,1.0,0.04358373,-0.0038620264,0.54774344,0.54774344,-0.046191584,0.0064698826,0.04358373,-0.0038620264,0.54774344,0.54774344,-0.046191584,0.0064698826
46.409,3.0021,20.0239,0.7789,3.0,20.0,1.0,0.046600632,-0.0032724515,0.55124706,0.55124706,-0.04887551,0.0055473307,0.046600632,-0.0032724515,0.55124706,0.55124706,-0.04887551,0.0055473307
46.459,3.0020,20.0249,0.7785,3.0,20.0,1.0,0.045864265,-0.0032991262,0.5521075,0.5521075,-0.04821002,0.0056448826,0.045864265,-0.0032991262,0.5521075,0.5521075,-0.04821002,0.0056448826
46.510,3.0020,20.0256,0.7781,3.0,20.0,1.0,0.04868073,-0.0028017433,0.5554017,0.5554017,-0.050704405,0.004825419,0.04868073,-0.0028017433,0.5554017,0.5554017,-0.050704405,0.004825419
46.560,3.0019,20.0266,0.7781,3.0,20.0,1.0,0.1069708,-0.020630956,1.0,1.0,-0.11176561,0.025425768,0.1069708,-0.020630956,1.0,1.0,-0.11176561,0.025425768
46.610,3.0019,20.0271,0.7786,3.0,20.0,1.0,0.05019701,-0.0029962868,0.5303917,0.5303917,-0.051836602,0.004635879,0.05019701,-0.0029962868,0.5303917,0.5303917,-0.051836602,0.004635879
46.660,3.0018,20.0280,0.7795,3.0,20.0,1.0,0.04956278,-0.0031121692,0.52628064,0.52628064,-0.05125709,0.0048064785,0.04956278,-0.0031121692,0.52628064,0.52628064,-0.05125709,0.0048064785
46.708,3.0018,20.0285,0.7800,3.0,20.0,1.0,0.04948786,-0.0030476004,0.5269742,0.5269742,-0.05118634,0.004746083,0.04948786,-0.0030476004,0.5269742,0.5269742,-0.05118634,0.004746083
46.758,3.0017,20.0289,0.7803,3.0,20.0,1.0,0.053214062,-0.0027496764,0.52305776,0.52305776,-0.05443835,0.0039739613,0.053214062,-0.0027496764,0.52305776,0.52305776,-0.05443835,0.0039739613
46.808,3.0017,20.0297,0.7811,3.0,20.0,1.0,0.0512116,-0.0027301842,0.5272994,0.5272994,-0.052682634,0.004201217,0.0512116,-0.0027301842,0.5272994,0.5272994,-0.052682634,0.004201217
46.858,3.0016,20.0304,0.7817,3.0,20.0,1.0,0.05456846,-0.002462285,0.52448595,0.52448595,-0.05559868,0.003492508,0.05456846,-0.002462285,0.52448595,0.52448595,-0.05559868,0.003492508
46.908,3.0016,20.0308,0.7820,3.0,20.0,1.0,0.05491548,-0.0023188852,0.5256838,0.5256838,-0.05588516,0.0032885652,0.05491548,-0.0023188852,0.5256838,0.5256838,-0.05588516,0.0032885652
46.958,3.0015,20.0315,0.7824,3.0,20.0,1.0,0.05435753,-0.0022352217,0.5278054,0.5278054,-0.055394955,0.0032726468,0.05435753,-0.0022352217,0.5278054,0.5278054,-0.055394955,0.0032726468
47.008,3.0015,20.0318,0.7827,3.0,20.0,1.0,0.056134306,-0.0020650295,0.5274758,0.5274758,-0.056921743,0.002852468,0.056134306,-0.0020650295,0.5274758,0.5274758,-0.056921743,0.002852468
47.058,3.0014,20.0324,0.7830,3.0,20.0,1.0,0.05568663,-0.0019839539,0.5293912,0.5293912,-0.05652993,0.0028272544,0.05568663,-0.0019839539,0.5293912,0.5293912,-0.05652993,0.0028272544
47.108,3.0014,20.0327,0.7832,3.0,20.0,1.0,0.05730275,-0.0018427261,0.5294793,0.5294793,-0.05790956,0.0024495353,0.05730275,-0.0018427261,0.5294793,0.5294793,-0.05790956,0.0024495353
47.158,3.0013,20.0332,0.7834,3.0,20.0,1.0,0.056910682,-0.001768207,0.5312615,0.5312615,-0.05756843,0.002425955,0.056910682,-0.001768207,0.5312615,0.5312615,-0.05756843,0.002425955
47.208,3.0013,20.0335,0.7836,3.0,20.0,1.0,0.058373917,-0.0016533976,0.5317056,0.5317056,-0.0588077,0.002087181,0.058373917,-0.0016533976,0.5317056,0.5317056,-0.0588077,0.002087181
47.258,3.0012,20.0340,0.7837,3.0,20.0,1.0,0.0580237,-0.0015793926,0.5333819,0.5333819,-0.058504883,0.0020605784,0.0580237,-0.0015793926,0.5333819,0.5333819,-0.058504883,0.0020605784
47.309,3.0012,20.0343,0.7838,3.0,20.0,1.0,0.059350602,-0.001496549,0.5341102,0.5341102,-0.05961877,0.001764719,0.059350602,-0.001496549,0.5341102,0.5341102,-0.05961877,0.001764719
47.358,3.0011,20.0346,0.7839,3.0,20.0,1.0,0.059041046,-0.0014230135,0.5356905,0.5356905,-0.05935307,0.0017350364,0.059041046,-0.0014230135,0.5356905,0.5356905,-0.05935307,0.0017350364
47.409,3.0011,20.0349,0.7840,3.0,20.0,1.0,0.06024129,-0.0013755908,0.53664196,0.53664196,-0.06035048,0.0014847855,0.06024129,-0.0013755908,0.53664196,0.53664196,-0.06035048,0.0014847855
47.459,3.0011,20.0351,0.7840,3.0,20.0,1.0,0.059962027,-0.0013025738,0.53814954,0.53814954,-0.06011311,0.001453656,0.059962027,-0.0013025738,0.53814954,0.53814954,-0.06011311,0.001453656
47.508,3.0010,20.0354,0.7841,3.0,20.0,1.0,0.059944343,-0.001235793,0.53951144,0.53951144,-0.06009949,0.0013909406,0.059944343,-0.001235793,0.53951144,0.53951144,-0.06009949,0.0013909406
47.558,3.0010,20.0356,0.7841,3.0,20.0,1.0,0.061664104,-0.0012944347,0.54052454,0.54052454,-0.061510656,0.0011409865,0.061664104,-0.0012944347,0.54052454,0.54052454,-0.061510656,0.0011409865
47.608,3.0010,20.0358,0.7853,3.0,20.0,1.0,0.13784605,-0.017220462,1.0,1.0,-0.13806601,0.01744041,0.13784605,-0.017220462,1.0,1.0,-0.13806601,0.01744041
47.658,3.0009,20.0359,0.7859,3.0,20.0,1.0,0.06080749,-0.0021234807,0.507025,0.507025,-0.060499765,0.001815759,0.06080749,-0.0021234807,0.507025,0.507025,-0.060499765,0.001815759
47.709,3.0009,20.0361,0.7873,3.0,20.0,1.0,0.0601742,-0.0020088376,0.5105169,0.5105169,-0.06000853,0.0018431656,0.0601742,-0.0020088376,0.5105169,0.5105169,-0.06000853,0.0018431656
47.759,3.0009,20.0362,0.7878,3.0,20.0,1.0,0.061095715,-0.0021011138,0.5046328,0.5046328,-0.06068528,0.0016906795,0.061095715,-0.0021011138,0.5046328,0.5046328,-0.06068528,0.0016906795
47.809,3.0008,20.0363,0.7888,3.0,20.0,1.0,0.06070982,-0.0019866072,0.5097149,0.5097149,-0.060414314,0.0016911005,0.06070982,-0.0019866072,0.5097149,0.5097149,-0.060414314,0.0016911005
47.859,3.0008,20.0364,0.7896,3.0,20.0,1.0,0.061573137,-0.0021450708,0.5053134,0.5053134,-0.06104502,0.0016169561,0.061573137,-0.0021450708,0.5053134,0.5053134,-0.06104502,0.0016169561
47.908,3.0008,20.0365,0.7900,3.0,20.0,1.0,0.061658014,-0.0021404687,0.5068868,0.5068868,-0.06110733,0.0015897854,0.061658014,-0.0021404687,0.5068868,0.5068868,-0.06110733,0.0015897854
47.959,3.0007,20.0366,0.7905,3.0,20.0,1.0,0.0615658,-0.0020589055,0.50928545,0.50928545,-0.06104629,0.0015393959,0.0615658,-0.0020589055,0.50928545,0.50928545,-0.06104629,0.0015393959
48.008,3.0007,20.0366,0.7908,3.0,20.0,1.0,0.06201104,-0.0021930437,0.50864464,0.50864464,-0.061363276,0.0015452796,0.06201104,-0.0021930437,0.50864464,0.50864464,-0.061363276,0.0015452796
48.059,3.0007,20.0366,0.7912,3.0,20.0,1.0,0.061929815,-0.0021082435,0.51081306,0.51081306,-0.06131068,0.0014891106,0.061929815,-0.0021082435,0.51081306,0.51081306,-0.06131068,0.0014891106
48.108,3.0006,20.0367,0.7913,3.0,20.0,1.0,0.06231079,-0.0022754774,0.5109084,0.5109084,-0.061573353,0.0015380424,0.06231079,-0.0022754774,0.5109084,0.5109084,-0.061573353,0.0015380424
48.159,3.0006,20.0367,0.7915,3.0,20.0,1.0,0.062244978,-0.0021890544,0.5128571,0.5128571,-0.061532836,0.001476913,0.062244978,-0.0021890544,0.5128571,0.5128571,-0.061532836,0.001476913
48.208,3.0006,20.0367,0.7916,3.0,20.0,1.0,0.0625649,-0.0023910906,0.5135712,0.5135712,-0.06174319,0.001569378,0.0625649,-0.0023910906,0.5135712,0.5135712,-0.06174319,0.001569378
48.259,3.0006,20.0367,0.7917,3.0,20.0,1.0,0.062512144,-0.0023010736,0.51534665,0.51534665,-0.06171353,0.0015024563,0.062512144,-0.0023010736,0.51534665,0.51534665,-0.06171353,0.0015024563
48.309,3.0005,20.0367,0.7917,3.0,20.0,1.0,0.062777095,-0.0025427938,0.51657814,0.51657814,-0.061875124,0.0016408198,0.062777095,-0.0025427938,0.51657814,0.51657814,-0.061875124,0.0016408198
48.360,3.0005,20.0366,0.7916,3.0,20.0,1.0,0.06275653,-0.0024340393,0.5185952,0.5185952,-0.06187414,0.0015516472,0.06275653,-0.0024340393,0.5185952,0.5185952,-0.06187414,0.0015516472
48.409,3.0005,20.0366,0.7916,3.0,20.0,1.0,0.06295702,-0.0027417736,0.5198614,0.5198614,-0.061974935,0.001759691,0.06295702,-0.0027417736,0.5198614,0.5198614,-0.061974935,0.001759691
48.459,3.0005,20.0365,0.7915,3.0,20.0,1.0,0.06293017,-0.0026470164,0.5213552,0.5213552,-0.061966863,0.0016837151,0.06293017,-0.0026470164,0.5213552,0.5213552,-0.061966863,0.0016837151
48.509,3.0004,20.0364,0.7913,3.0,20.0,1.0,0.063103,-0.0029890055,0.52336645,0.52336645,-0.062045727,0.001931738,0.063103,-0.0029890055,0.52336645,0.52336645,-0.062045727,0.001931738
48.558,3.0004,20.0364,0.7912,3.0,20.0,1.0,0.0630871,-0.0028731602,0.52476346,0.52476346,-0.062050644,0.0018367086,0.0630871,-0.0028731602,0.52476346,0.52476346,-0.062050644,0.0018367086
48.609,3.0004,20.0362,0.7922,3.0,20.0,1.0,0.149417,-0.021905802,1.0,1.0,-0.14733297,0.019821772,0.149417,-0.021905802,1.0,1.0,-0.14733297,0.019821772
48.659,3.0004,20.0361,0.7927,3.0,20.0,1.0,0.06133955,-0.004252471,0.49340945,0.49340945,-0.060228102,0.003141021,0.06133955,-0.004252471,0.49340945,0.49340945,-0.060228102,0.003141021
48.709,3.0004,20.0359,0.7938,3.0,20.0,1.0,0.06149842,-0.0039425394,0.496156,0.496156,-0.060443595,0.0028877135,0.06149842,-0.0039425394,0.496156,0.496156,-0.060443595,0.0028877135
48.759,3.0003,20.0358,0.7942,3.0,20.0,1.0,0.06101898,-0.004349992,0.49147475,0.49147475,-0.059871953,0.003202962,0.06101898,-0.004349992,0.49147475,0.49147475,-0.059871953,0.003202962
48.809,3.0003,20.0355,0.7949,3.0,20.0,1.0,0.061370026,-0.004099406,0.4962515,0.4962515,-0.06026558,0.0029949592,0.061370026,-0.004099406,0.4962515,0.4962515,-0.06026558,0.0029949592
48.858,3.0003,20.0354,0.7954,3.0,20.0,1.0,0.06097039,-0.0045364797,0.49343765,0.49343765,-0.05977818,0.0033442692,0.06097039,-0.0045364797,0.49343765,0.49343765,-0.05977818,0.0033442692
48.909,3.0003,20.0352,0.7957,3.0,20.0,1.0,0.061004516,-0.0045947954,0.4952809,0.4952809,-0.059799466,0.0033897476,0.061004516,-0.0045947954,0.4952809,0.4952809,-0.059799466,0.0033897476
48.959,3.0003,20.0351,0.7960,3.0,20.0,1.0,0.06112987,-0.0045055677,0.49751016,0.49751016,-0.05993348,0.0033091768,0.06112987,-0.0045055677,0.49751016,0.49751016,-0.05993348,0.0033091768
49.009,3.0003,20.0349,0.7961,3.0,20.0,1.0,0.06095982,-0.004813855,0.497999,0.497999,-0.059711657,0.0035656926,0.06095982,-0.004813855,0.497999,0.497999,-0.059711657,0.0035656926
49.059,3.0002,20.0347,0.7962,3.0,20.0,1.0,0.06106889,-0.0047243675,0.499977,0.499977,-0.05982851,0.0034839876,0.06106889,-0.0047243675,0.499977,0.499977,-0.05982851,0.0034839876
49.109,3.0002,20.0346,0.7962,3.0,20.0,1.0,0.060915984,-0.0050710207,0.5012359,0.5012359,-0.059625693,0.00378073,0.060915984,-0.0050710207,0.5012359,0.5012359,-0.059625693,0.00378073
49.159,3.0002,20.0344,0.7961,3.0,20.0,1.0,0.06100965,-0.004984729,0.5030013,0.5030013,-0.05972584,0.0037009174,0.06100965,-0.004984729,0.5030013,0.5030013,-0.05972584,0.0037009174
49.209,3.0002,20.0343,0.7960,3.0,20.0,1.0,0.06086209,-0.0053895214,0.5049186,0.5049186,-0.0595284,0.004055831,0.06086209,-0.0053895214,0.5049186,0.5049186,-0.0595284,0.004055831
49.259,3.0002,20.0341,0.7958,3.0,20.0,1.0,0.060950186,-0.0052941525,0.5065054,0.5065054,-0.0596227,0.00396667,0.060950186,-0.0052941525,0.5065054,0.5065054,-0.0596227,0.00396667
49.309,3.0002,20.0339,0.7956,3.0,20.0,1.0,0.060818814,-0.0057436693,0.5089719,0.5089719,-0.05944265,0.004367507,0.060818814,-0.0057436693,0.5089719,0.5089719,-0.05944265,0.004367507
49.360,3.0001,20.0337,0.7952,3.0,20.0,1.0,0.06092085,-0.0056187743,0.5107878,0.5107878,-0.059550107,0.0042480296,0.06092085,-0.0056187743,0.5107878,0.5107878,-0.059550107,0.0042480296
49.409,3.0001,20.0336,0.7950,3.0,20.0,1.0,0.060788773,-0.0061280536,0.51329505,0.51329505,-0.059371192,0.00471047,0.060788773,-0.0061280536,0.51329505,0.51329505,-0.059371192,0.00471047
49.459,3.0001,20.0335,0.7948,3.0,20.0,1.0,0.060868952,-0.006007059,0.51457155,0.51457155,-0.059457336,0.0045954417,0.060868952,-0.006007059,0.51457155,0.51457155,-0.059457336,0.0045954417
49.510,3.0001,20.0332,0.7942,3.0,20.0,1.0,0.060786482,-0.0065321284,0.5182067,0.5182067,-0.05932706,0.0050727073,0.060786482,-0.0065321284,0.5182067,0.5182067,-0.05932706,0.0050727073
49.559,3.0001,20.0331,0.7940,3.0,20.0,1.0,0.060748946,-0.0068255635,0.52029103,0.52029103,-0.05926471,0.0053413236,0.060748946,-0.0068255635,0.52029103,0.52029103,-0.05926471,0.0053413236
49.610,3.0001,20.0327,0.7946,3.0,20.0,1.0,0.059443265,-0.007902345,0.49523708,0.49523708,-0.058001917,0.0064609954,0.059443265,-0.007902345,0.49523708,0.49523708,-0.058001917,0.0064609954
49.660,3.0000,20.0324,0.7954,3.0,20.0,1.0,0.059097532,-0.0076371194,0.49096698,0.49096698,-0.05768254,0.006222128,0.059097532,-0.0076371194,0.49096698,0.49096698,-0.05768254,0.006222128
49.710,3.0000,20.0320,0.7961,3.0,20.0,1.0,0.058591627,-0.008045939,0.48909545,0.48909545,-0.057156835,0.006611145,0.058591627,-0.008045939,0.48909545,0.48909545,-0.057156835,0.006611145
49.759,3.0000,20.0319,0.7963,3.0,20.0,1.0,0.058364887,-0.0083067315,0.48883852,0.48883852,-0.056915414,0.0068572587,0.058364887,-0.0083067315,0.48883852,0.48883852,-0.056915414,0.0068572587
49.809,3.0000,20.0317,0.7966,3.0,20.0,1.0,0.058792494,-0.008029673,0.4928878,0.4928878,-0.057346888,0.006584067,0.058792494,-0.008029673,0.4928878,0.4928878,-0.057346888,0.006584067
49.860,3.0000,20.0314,0.7968,3.0,20.0,1.0,0.058591276,-0.008295266,0.49303383,0.49303383,-0.057130348,0.006834339,0.058591276,-0.008295266,0.49303383,0.49303383,-0.057130348,0.006834339
49.909,3.0000,20.0312,0.7969,3.0,20.0,1.0,0.05827531,-0.008769422,0.4936012,0.4936012,-0.056787644,0.007281757,0.05827531,-0.008769422,0.4936012,0.4936012,-0.056787644,0.007281757
49.959,3.0000,20.0309,0.7970,3.0,20.0,1.0,0.05842355,-0.0086631365,0.49558812,0.49558812,-0.05693542,0.0071750046,0.05842355,-0.0086631365,0.49558812,0.49558812,-0.05693542,0.0071750046
50.010,3.0000,20.0307,0.7970,3.0,20.0,1.0,0.058422532,-0.008761199,0.4976417,0.4976417,-0.056923162,0.0072618304,0.058422532,-0.008761199,0.4976417,0.4976417,-0.056923162,0.0072618304
50.059,2.9999,20.0305,0.7969,3.0,20.0,1.0,0.0582709,-0.009073727,0.49875826,0.49875826,-0.056753807,0.0075566326,0.0582709,-0.009073727,0.49875826,0.49875826,-0.056753807,0.0075566326
50.109,2.9999,20.0303,0.7967,3.0,20.0,1.0,0.058034107,-0.00963242,0.50124216,0.50124216,-0.056485195,0.008083508,0.058034107,-0.00963242,0.50124216,0.50124216,-0.056485195,0.008083508
50.159,2.9999,20.0300,0.7965,3.0,20.0,1.0,0.058133088,-0.009520672,0.5024559,0.5024559,-0.056585755,0.00797334,0.058133088,-0.009520672,0.5024559,0.5024559,-0.056585755,0.00797334
50.209,2.9999,20.0298,0.7962,3.0,20.0,1.0,0.0579325,-0.010123134,0.50554585,0.50554585,-0.056351736,0.008542367,0.0579325,-0.010123134,0.50554585,0.50554585,-0.056351736,0.008542367
50.260,2.9999,20.0295,0.7958,3.0,20.0,1.0,0.058037374,-0.009984918,0.5069655,0.5069655,-0.05645776,0.008405308,0.058037374,-0.009984918,0.5069655,0.5069655,-0.05645776,0.008405308
50.310,2.9999,20.0293,0.7955,3.0,20.0,1.0,0.057860415,-0.010634207,0.5101526,0.5101526,-0.056247354,0.009021148,0.057860415,-0.010634207,0.5101526,0.5101526,-0.056247354,0.009021148
50.360,2.9999,20.0290,0.7950,3.0,20.0,1.0,0.057955246,-0.010481335,0.5114053,0.5114053,-0.05634393,0.008870019,0.057955246,-0.010481335,0.5114053,0.5114053,-0.05634393,0.008870019
50.409,2.9999,20.0288,0.7947,3.0,20.0,1.0,0.05779257,-0.011202216,0.5146417,0.5146417,-0.056147028,0.009556674,0.05779257,-0.011202216,0.5146417,0.5146417,-0.056147028,0.009556674
50.459,2.9999,20.0287,0.7944,3.0,20.0,1.0,0.05787874,-0.011028053,0.51571065,0.51571065,-0.05623575,0.009385065,0.05787874,-0.011028053,0.51571065,0.51571065,-0.05623575,0.009385065
50.509,2.9998,20.0284,0.7937,3.0,20.0,1.0,0.05792224,-0.010983823,0.51705045,0.51705045,-0.056276184,0.009337765,0.05792224,-0.010983823,0.51705045,0.51705045,-0.056276184,0.009337765
50.559,2.9998,20.0282,0.7934,3.0,20.0,1.0,0.05773828,-0.012157436,0.5223408,0.5223408,-0.056039203,0.010458358,0.05773828,-0.012157436,0.5223408,0.5223408,-0.056039203,0.010458358
50.609,2.9998,20.0278,0.7939,3.0,20.0,1.0,0.14072339,-0.040879693,1.0,1.0,-0.13719027,0.037346568,0.14072339,-0.040879693,1.0,1.0,-0.13719027,0.037346568
50.659,2.9998,20.0276,0.7943,3.0,20.0,1.0,0.055993605,-0.013402146,0.49245894,0.49245894,-0.054355357,0.011763897,0.055993605,-0.013402146,0.49245894,0.49245894,-0.054355357,0.011763897
50.709,2.9998,20.0272,0.7949,3.0,20.0,1.0,0.05629559,-0.012804215,0.49387437,0.49387437,-0.054670062,0.011178688,0.05629559,-0.012804215,0.49387437,0.49387437,-0.054670062,0.011178688
50.759,2.9998,20.0269,0.7953,3.0,20.0,1.0,0.05560732,-0.013816078,0.491613,0.491613,-0.05395825,0.012167006,0.05560732,-0.013816078,0.491613,0.491613,-0.05395825,0.012167006
50.809,2.9998,20.0266,0.7955,3.0,20.0,1.0,0.055628147,-0.013959936,0.49351215,0.49351215,-0.053969376,0.012301165,0.055628147,-0.013959936,0.49351215,0.49351215,-0.053969376,0.012301165
50.859,2.9998,20.0263,0.7957,3.0,20.0,1.0,0.055436186,-0.0144796595,0.49510425,0.49510425,-0.053758472,0.012801946,0.055436186,-0.0144796595,0.49510425,0.49510425,-0.053758472,0.012801946
50.909,2.9997,20.0261,0.7958,3.0,20.0,1.0,0.055502772,-0.01445388,0.49652883,0.49652883,-0.05382182,0.01277293,0.055502772,-0.01445388,0.49652883,0.49652883,-0.05382182,0.01277293
50.959,2.9997,20.0258,0.7958,3.0,20.0,1.0,0.05562463,-0.014312711,0.4984405,0.4984405,-0.053941958,0.01263004,0.05562463,-0.014312711,0.4984405,0.4984405,-0.053941958,0.01263004
51.009,2.9997,20.0256,0.7957,3.0,20.0,1.0,0.055372175,-0.015008302,0.50004417,0.50004417,-0.05366764,0.013303767,0.055372175,-0.015008302,0.50004417,0.50004417,-0.05366764,0.013303767
51.059,2.9997,20.0252,0.7956,3.0,20.0,1.0,0.055469632,-0.014866673,0.5017631,0.5017631,-0.053763855,0.013160898,0.055469632,-0.014866673,0.5017631,0.5017631,-0.053763855,0.013160898
51.109,2.9997,20.0250,0.7954,3.0,20.0,1.0,0.055248294,-0.01560061,0.50403696,0.50403696,-0.053519435,0.013871751,0.055248294,-0.01560061,0.50403696,0.50403696,-0.053519435,0.013871751
51.159,2.9997,20.0247,0.7951,3.0,20.0,1.0,0.055340596,-0.015439087,0.50557774,0.50557774,-0.053611126,0.013709617,0.055340596,-0.015439087,0.50557774,0.50557774,-0.053611126,0.013709617
51.209,2.9997,20.0245,0.7949,3.0,20.0,1.0,0.055157956,-0.016204203,0.50840354,0.50840354,-0.053404436,0.014450683,0.055157956,-0.016204203,0.50840354,0.50840354,-0.053404436,0.014450683
51.259,2.9997,20.0242,0.7945,3.0,20.0,1.0,0.055242576,-0.01602389,0.50976765,0.50976765,-0.053488985,0.014270295,0.055242576,-0.01602389,0.50976765,0.50976765,-0.053488985,0.014270295
51.309,2.9997,20.0240,0.7942,3.0,20.0,1.0,0.055093963,-0.016829789,0.51304436,0.51304436,-0.05331544,0.015051262,0.055093963,-0.016829789,0.51304436,0.51304436,-0.05331544,0.015051262
51.360,2.9996,20.0236,0.7937,3.0,20.0,1.0,0.055179287,-0.01662954,0.5146412,0.5146412,-0.053400043,0.014850299,0.055179287,-0.01662954,0.5146412,0.5146412,-0.053400043,0.014850299
51.409,2.9996,20.0234,0.7933,3.0,20.0,1.0,0.05505743,-0.01744616,0.5178016,0.5178016,-0.05325459,0.015643323,0.05505743,-0.01744616,0.5178016,0.5178016,-0.05325459,0.015643323
51.460,2.9996,20.0231,0.7927,3.0,20.0,1.0,0.05513384,-0.017220823,0.51926583,0.51926583,-0.05333074,0.015417727,0.05513384,-0.017220823,0.51926583,0.51926583,-0.05333074,0.015417727
51.510,2.9996,20.0229,0.7924,3.0,20.0,1.0,0.055044837,-0.018140143,0.52321374,0.52321374,-0.053214904,0.01631021,0.055044837,-0.018140143,0.52321374,0.52321374,-0.053214904,0.01631021
51.560,2.9996,20.0226,0.7921,3.0,20.0,1.0,0.14124773,-0.05887919,1.0,1.0,-0.1373282,0.054959655,0.14124773,-0.05887919,1.0,1.0,-0.1373282,0.054959655
51.609,2.9996,20.0223,0.7926,3.0,20.0,1.0,0.13471796,-0.05470403,1.0,1.0,-0.13087273,0.050858807,0.13471796,-0.05470403,1.0,1.0,-0.13087273,0.050858807
51.659,2.9996,20.0221,0.7929,3.0,20.0,1.0,0.053447947,-0.019750865,0.49540216,0.49540216,-0.051677857,0.017980775,0.053447947,-0.019750865,0.49540216,0.49540216,-0.051677857,0.017980775
51.709,2.9996,20.0217,0.7936,3.0,20.0,1.0,0.053701144,-0.019062582,0.4968623,0.4968623,-0.051936578,0.017298017,0.053701144,-0.019062582,0.4968623,0.4968623,-0.051936578,0.017298017
51.759,2.9996,20.0213,0.7940,3.0,20.0,1.0,0.05307141,-0.020236474,0.49444732,0.49444732,-0.05129716,0.018462224,0.05307141,-0.020236474,0.49444732,0.49444732,-0.05129716,0.018462224
51.809,2.9996,20.0211,0.7942,3.0,20.0,1.0,0.05309502,-0.0203728,0.49635497,0.49635497,-0.05131368,0.018591458,0.05309502,-0.0203728,0.49635497,0.49635497,-0.05131368,0.018591458
51.859,2.9995,20.0208,0.7945,3.0,20.0,1.0,0.053226218,-0.020202395,0.4985097,0.4985097,-0.051441107,0.018417282,0.053226218,-0.020202395,0.4985097,0.4985097,-0.051441107,0.018417282
51.910,2.9995,20.0204,0.7946,3.0,20.0,1.0,0.053211316,-0.020340774,0.5004122,0.5004122,-0.051419094,0.018548554,0.053211316,-0.020340774,0.5004122,0.5004122,-0.051419094,0.018548554
51.959,2.9995,20.0202,0.7946,3.0,20.0,1.0,0.053070784,-0.020772291,0.50114316,0.50114316,-0.0512715,0.01897301,0.053070784,-0.020772291,0.50114316,0.50114316,-0.0512715,0.01897301
52.009,2.9995,20.0200,0.7945,3.0,20.0,1.0,0.053048547,-0.020928094,0.5031831,0.5031831,-0.051241957,0.019121503,0.053048547,-0.020928094,0.5031831,0.5031831,-0.051241957,0.019121503
52.059,2.9995,20.0197,0.7944,3.0,20.0,1.0,0.052924328,-0.021373946,0.5043373,0.5043373,-0.05111,0.01955962,0.052924328,-0.021373946,0.5043373,0.5043373,-0.05111,0.01955962
52.109,2.9995,20.0195,0.7943,3.0,20.0,1.0,0.05271955,-0.022188863,0.50643003,0.50643003,-0.050891828,0.02036114,0.05271955,-0.022188863,0.50643003,0.50643003,-0.050891828,0.02036114
52.159,2.9995,20.0191,0.7940,3.0,20.0,1.0,0.052791294,-0.02200986,0.50798094,0.50798094,-0.050961297,0.020179866,0.052791294,-0.02200986,0.50798094,0.50798094,-0.050961297,0.020179866
52.209,2.9995,20.0189,0.7938,3.0,20.0,1.0,0.05262591,-0.022826018,0.5106084,0.5106084,-0.05078194,0.020982046,0.05262591,-0.022826018,0.5106084,0.5106084,-0.05078194,0.020982046
52.259,2.9995,20.0186,0.7935,3.0,20.0,1.0,0.052686814,-0.022648936,0.51200724,0.51200724,-0.0508407,0.020802824,0.052686814,-0.022648936,0.51200724,0.51200724,-0.0508407,0.020802824
52.309,2.9995,20.0184,0.7932,3.0,20.0,1.0,0.052553482,-0.023485804,0.5150529,0.5150529,-0.050692838,0.02162516,0.052553482,-0.023485804,0.5150529,0.5150529,-0.050692838,0.02162516
52.359,2.9995,20.0181,0.7927,3.0,20.0,1.0,0.052615445,-0.023287656,0.5166968,0.5166968,-0.050751925,0.021424133,0.052615445,-0.023287656,0.5166968,0.5166968,-0.050751925,0.021424133
52.409,2.9994,20.0179,0.7924,3.0,20.0,1.0,0.052510504,-0.024151381,0.52006507,0.52006507,-0.05063208,0.022272954,0.052510504,-0.024151381,0.52006507,0.52006507,-0.05063208,0.022272954
52.459,2.9994,20.0177,0.7922,3.0,20.0,1.0,0.05254173,-0.023971794,0.52081394,0.52081394,-0.05066264,0.022092702,0.05254173,-0.023971794,0.52081394,0.52081394,-0.05066264,0.022092702
52.511,2.9994,20.0173,0.7915,3.0,20.0,1.0,0.05256113,-0.023923472,0.52213955,0.52213955,-0.05067867,0.022041012,0.05256113,-0.023923472,0.52213955,0.52213955,-0.05067867,0.022041012
52.560,2.9994,20.0170,0.7913,3.0,20.0,1.0,0.13581014,-0.07394597,1.0,1.0,-0.13174692,0.06988276,0.13581014,-0.07394597,1.0,1.0,-0.13174692,0.06988276
52.611,2.9994,20.0167,0.7918,3.0,20.0,1.0,0.05156784,-0.026055751,0.5018297,0.5018297,-0.049733184,0.024221094,0.05156784,-0.026055751,0.5018297,0.5018297,-0.049733184,0.024221094
52.660,2.9994,20.0163,0.7925,3.0,20.0,1.0,0.05123503,-0.025655786,0.4975382,0.4975382,-0.049415607,0.023836361,0.05123503,-0.025655786,0.4975382,0.4975382,-0.049415607,0.023836361
52.709,2.9994,20.0159,0.7932,3.0,20.0,1.0,0.050772324,-0.026385147,0.4956729,0.4956729,-0.04895761,0.024570435,0.050772324,-0.026385147,0.4956729,0.4956729,-0.04895761,0.024570435
52.759,2.9994,20.0157,0.7934,3.0,20.0,1.0,0.050541487,-0.026949544,0.49592718,0.49592718,-0.048725426,0.025133481,0.050541487,-0.026949544,0.49592718,0.49592718,-0.048725426,0.025133481
52.810,2.9994,20.0154,0.7938,3.0,20.0,1.0,0.050902274,-0.026344579,0.4994381,0.4994381,-0.04907749,0.024519797,0.050902274,-0.026344579,0.4994381,0.4994381,-0.04907749,0.024519797
52.860,2.9994,20.0152,0.7939,3.0,20.0,1.0,0.05041621,-0.02749243,0.49873757,0.49873757,-0.048592918,0.025669139,0.05041621,-0.02749243,0.49873757,0.49873757,-0.048592918,0.025669139
52.909,2.9994,20.0148,0.7941,3.0,20.0,1.0,0.050703112,-0.026901536,0.5014519,0.5014519,-0.048872914,0.025071338,0.050703112,-0.026901536,0.5014519,0.5014519,-0.048872914,0.025071338
52.959,2.9994,20.0147,0.7941,3.0,20.0,1.0,0.050294295,-0.028078578,0.50200045,0.50200045,-0.04846332,0.026247602,0.050294295,-0.028078578,0.50200045,0.50200045,-0.04846332,0.026247602
53.010,2.9993,20.0144,0.7941,3.0,20.0,1.0,0.050529063,-0.027471475,0.5040713,0.5040713,-0.04869254,0.025634952,0.050529063,-0.027471475,0.5040713,0.5040713,-0.04869254,0.025634952
53.059,2.9993,20.0141,0.7940,3.0,20.0,1.0,0.05040534,-0.02790529,0.5054915,0.5054915,-0.048565708,0.026065663,0.05040534,-0.02790529,0.5054915,0.5054915,-0.048565708,0.026065663
53.109,2.9993,20.0139,0.7939,3.0,20.0,1.0,0.050195463,-0.028678514,0.507395,0.507395,-0.048352446,0.026835497,0.050195463,-0.028678514,0.507395,0.507395,-0.048352446,0.026835497
53.159,2.9993,20.0136,0.7937,3.0,20.0,1.0,0.050252482,-0.028530475,0.50898933,0.50898933,-0.048405476,0.026683468,0.050252482,-0.028530475,0.50898933,0.50898933,-0.048405476,0.026683468
53.209,2.9993,20.0134,0.7935,3.0,20.0,1.0,0.050072156,-0.029325219,0.5114319,0.5114319,-0.048221085,0.02747415,0.050072156,-0.029325219,0.5114319,0.5114319,-0.048221085,0.02747415
53.260,2.9993,20.0131,0.7932,3.0,20.0,1.0,0.05012396,-0.029163014,0.5128664,0.5128664,-0.048269093,0.02730815,0.05012396,-0.029163014,0.5128664,0.5128664,-0.048269093,0.02730815
53.310,2.9993,20.0128,0.7930,3.0,20.0,1.0,0.04997454,-0.029967045,0.515731,0.515731,-0.048115034,0.028107543,0.04997454,-0.029967045,0.515731,0.515731,-0.048115034,0.028107543
53.360,2.9993,20.0125,0.7926,3.0,20.0,1.0,0.050017063,-0.029801281,0.51703113,0.51703113,-0.048153993,0.02793821,0.050017063,-0.029801281,0.51703113,0.51703113,-0.048153993,0.02793821
53.410,2.9993,20.0123,0.7923,3.0,20.0,1.0,0.049893036,-0.030628854,0.5202239,0.5202239,-0.048025,0.028760817,0.049893036,-0.030628854,0.5202239,0.5202239,-0.048025,0.028760817
53.460,2.9993,20.0120,0.7918,3.0,20.0,1.0,0.049927615,-0.030452667,0.52139425,0.52139425,-0.048056193,0.028581247,0.049927615,-0.030452667,0.52139425,0.52139425,-0.048056193,0.028581247
53.510,2.9993,20.0118,0.7915,3.0,20.0,1.0,0.049829386,-0.031287808,0.5247931,0.5247931,-0.047952704,0.029411124,0.049829386,-0.031287808,0.5247931,0.5247931,-0.047952704,0.029411124
53.560,2.9993,20.0115,0.7913,3.0,20.0,1.0,0.1316983,-0.089509375,1.0,1.0,-0.1276493,0.08546038,0.1316983,-0.089509375,1.0,1.0,-0.1276493,0.08546038
53.609,2.9993,20.0110,0.7922,3.0,20.0,1.0,0.04904245,-0.032242253,0.5016671,0.5016671,-0.04723659,0.030436398,0.04904245,-0.032242253,0.5016671,0.5016671,-0.04723659,0.030436398
53.660,2.9993,20.0109,0.7925,3.0,20.0,1.0,0.048101768,-0.03254935,0.49403742,0.49403742,-0.046328757,0.030776342,0.048101768,-0.03254935,0.49403742,0.49403742,-0.046328757,0.030776342
53.709,2.9992,20.0105,0.7932,3.0,20.0,1.0,0.048551615,-0.031995934,0.49801898,0.49801898,-0.04676115,0.03020547,0.048551615,-0.031995934,0.49801898,0.49801898,-0.04676115,0.03020547
53.759,2.9992,20.0103,0.7935,3.0,20.0,1.0,0.048304774,-0.032367267,0.4975612,0.4975612,-0.046520885,0.03058338,0.048304774,-0.032367267,0.4975612,0.4975612,-0.046520885,0.03058338
53.809,2.9992,20.0099,0.7939,3.0,20.0,1.0,0.04826814,-0.032500412,0.49924552,0.49924552,-0.04648176,0.03071403,0.04826814,-0.032500412,0.49924552,0.49924552,-0.04648176,0.03071403
53.860,2.9992,20.0098,0.7940,3.0,20.0,1.0,0.047703166,-0.03352922,0.49833903,0.49833903,-0.045933887,0.03175994,0.047703166,-0.03352922,0.49833903,0.49833903,-0.045933887,0.03175994
53.910,2.9992,20.0095,0.7941,3.0,20.0,1.0,0.048030246,-0.03300858,0.50117403,0.50117403,-0.046246402,0.031224733,0.048030246,-0.03300858,0.50117403,0.50117403,-0.046246402,0.031224733
53.959,2.9992,20.0092,0.7943,3.0,20.0,1.0,0.04786198,-0.0333824,0.5017494,0.5017494,-0.04608216,0.031602584,0.04786198,-0.0333824,0.5017494,0.5017494,-0.04608216,0.031602584
54.010,2.9992,20.0090,0.7943,3.0,20.0,1.0,0.047598884,-0.034044884,0.5032986,0.5032986,-0.045824762,0.03227076,0.047598884,-0.034044884,0.5032986,0.5032986,-0.045824762,0.03227076
54.059,2.9992,20.0087,0.7942,3.0,20.0,1.0,0.04767399,-0.03392634,0.5050804,0.5050804,-0.045893885,0.032146234,0.04767399,-0.03392634,0.5050804,0.5050804,-0.045893885,0.032146234
54.110,2.9992,20.0085,0.7941,3.0,20.0,1.0,0.047428425,-0.03462714,0.5069019,0.5069019,-0.045654077,0.03285279,0.047428425,-0.03462714,0.5069019,0.5069019,-0.045654077,0.03285279
54.159,2.9992,20.0082,0.7939,3.0,20.0,1.0,0.047489345,-0.034502063,0.50851625,0.50851625,-0.045709465,0.032722183,0.047489345,-0.034502063,0.50851625,0.50851625,-0.045709465,0.032722183
54.210,2.9992,20.0080,0.7937,3.0,20.0,1.0,0.047274422,-0.035227716,0.5108919,0.5108919,-0.04549938,0.033452675,0.047274422,-0.035227716,0.5108919,0.5108919,-0.04549938,0.033452675
54.259,2.9992,20.0077,0.7934,3.0,20.0,1.0,0.04732932,-0.03508796,0.5123434,0.5123434,-0.045548912,0.033307552,0.04732932,-0.03508796,0.5123434,0.5123434,-0.045548912,0.033307552
54.310,2.9992,20.0075,0.7932,3.0,20.0,1.0,0.0471453,-0.03583016,0.51516056,0.51516056,-0.045368876,0.034053735,0.0471453,-0.03583016,0.51516056,0.51516056,-0.045368876,0.034053735
54.360,2.9992,20.0072,0.7928,3.0,20.0,1.0,0.04719111,-0.03568089,0.5164637,0.5164637,-0.045409597,0.033899374,0.04719111,-0.03568089,0.5164637,0.5164637,-0.045409597,0.033899374
54.410,2.9992,20.0070,0.7925,3.0,20.0,1.0,0.047034897,-0.036438998,0.5196163,0.5196163,-0.045256756,0.034660857,0.047034897,-0.036438998,0.5196163,0.5196163,-0.045256756,0.034660857
54.460,2.9992,20.0068,0.7920,3.0,20.0,1.0,0.047073085,-0.036274824,0.5207892,0.5207892,-0.045289963,0.034491703,0.047073085,-0.036274824,0.5207892,0.5207892,-0.045289963,0.034491703
54.510,2.9992,20.0066,0.7917,3.0,20.0,1.0,0.046938308,-0.03707445,0.5242169,0.5242169,-0.045158237,0.03529438,0.046938308,-0.03707445,0.5242169,0.5242169,-0.045158237,0.03529438
54.560,2.9991,20.0063,0.7916,3.0,20.0,1.0,0.1267175,-0.10330592,1.0,1.0,-0.12285386,0.09944228,0.1267175,-0.10330592,1.0,1.0,-0.12285386,0.09944228
54.609,2.9991,20.0058,0.7926,3.0,20.0,1.0,0.046266552,-0.03776215,0.50102824,0.50102824,-0.04456179,0.036057387,0.046266552,-0.03776215,0.50102824,0.50102824,-0.04456179,0.036057387
54.660,2.9991,20.0057,0.7931,3.0,20.0,1.0,0.045112837,-0.037869576,0.4919052,0.4919052,-0.043452173,0.036208916,0.045112837,-0.037869576,0.4919052,0.4919052,-0.043452173,0.036208916
54.709,2.9991,20.0053,0.7940,3.0,20.0,1.0,0.04564944,-0.03745383,0.49622902,0.49622902,-0.043964036,0.035768423,0.04564944,-0.03745383,0.49622902,0.49622902,-0.043964036,0.035768423
54.760,2.9991,20.0051,0.7943,3.0,20.0,1.0,0.044794943,-0.038254764,0.49261373,0.49261373,-0.043145124,0.036604945,0.044794943,-0.038254764,0.49261373,0.49261373,-0.043145124,0.036604945
54.810,2.9991,20.0047,0.7949,3.0,20.0,1.0,0.045299534,-0.037869044,0.49688035,0.49688035,-0.04362543,0.03619494,0.045299534,-0.037869044,0.49688035,0.49688035,-0.04362543,0.03619494
54.860,2.9991,20.0046,0.7951,3.0,20.0,1.0,0.044608265,-0.0386769,0.49497443,0.49497443,-0.042964276,0.037032913,0.044608265,-0.0386769,0.49497443,0.49497443,-0.042964276,0.037032913
54.910,2.9991,20.0044,0.7953,3.0,20.0,1.0,0.045006517,-0.038291555,0.49831775,0.49831775,-0.043341685,0.036626723,0.045006517,-0.038291555,0.49831775,0.49831775,-0.043341685,0.036626723
54.960,2.9991,20.0041,0.7955,3.0,20.0,1.0,0.044808142,-0.038587134,0.49898562,0.49898562,-0.043150622,0.036929615,0.044808142,-0.038587134,0.49898562,0.49898562,-0.043150622,0.036929615
55.010,2.9991,20.0040,0.7956,3.0,20.0,1.0,0.04449001,-0.039121356,0.4996611,0.4996611,-0.04284641,0.03747776,0.04449001,-0.039121356,0.4996611,0.4996611,-0.04284641,0.03747776
55.060,2.9991,20.0037,0.7957,3.0,20.0,1.0,0.044590328,-0.039034836,0.50157946,0.50157946,-0.042939205,0.037383713,0.044590328,-0.039034836,0.50157946,0.50157946,-0.042939205,0.037383713
55.110,2.9991,20.0035,0.7956,3.0,20.0,1.0,0.044315316,-0.039592672,0.5030092,0.5030092,-0.042676326,0.037953682,0.044315316,-0.039592672,0.5030092,0.5030092,-0.042676326,0.037953682
55.160,2.9991,20.0032,0.7955,3.0,20.0,1.0,0.044386152,-0.039509658,0.50473714,0.50473714,-0.04274044,0.037863944,0.044386152,-0.039509658,0.50473714,0.50473714,-0.04274044,0.037863944
55.209,2.9991,20.0031,0.7954,3.0,20.0,1.0,0.044132918,-0.040115595,0.5067995,0.5067995,-0.04249853,0.038481206,0.044132918,-0.040115595,0.5067995,0.5067995,-0.04249853,0.038481206
55.260,2.9991,20.0028,0.7951,3.0,20.0,1.0,0.044195704,-0.040016152,0.5083469,0.5083469,-0.042554863,0.038375307,0.044195704,-0.040016152,0.5083469,0.5083469,-0.042554863,0.038375307
55.310,2.9991,20.0026,0.7949,3.0,20.0,1.0,0.043980602,-0.040633824,0.510936,0.510936,-0.042349596,0.03900282,0.043980602,-0.040633824,0.510936,0.510936,-0.042349596,0.03900282
55.360,2.9991,20.0024,0.7946,3.0,20.0,1.0,0.044031475,-0.04052743,0.5123296,0.5123296,-0.04239445,0.038890406,0.044031475,-0.04052743,0.5123296,0.5123296,-0.04239445,0.038890406
55.410,2.9991,20.0022,0.7943,3.0,20.0,1.0,0.043845717,-0.04116675,0.51532686,0.51532686,-0.042217672,0.039538704,0.043845717,-0.04116675,0.51532686,0.51532686,-0.042217672,0.039538704
55.460,2.9991,20.0019,0.7939,3.0,20.0,1.0,0.0438861,-0.041055072,0.51657647,0.51657647,-0.042252403,0.03942138,0.0438861,-0.041055072,0.51657647,0.51657647,-0.042252403,0.03942138
55.510,2.9991,20.0016,0.7933,3.0,20.0,1.0,0.043728523,-0.0417132,0.51987064,0.51987064,-0.042102985,0.040087663,0.043728523,-0.0417132,0.51987064,0.51987064,-0.042102985,0.040087663
55.560,2.9991,20.0015,0.7932,3.0,20.0,1.0,0.12124504,-0.11548959,1.0,1.0,-0.11768388,0.11192843,0.12124504,-0.11548959,1.0,1.0,-0.11768388,0.11192843
55.610,2.9991,20.0011,0.7941,3.0,20.0,1.0,0.04340119,-0.04173363,0.49669003,0.49669003,-0.041837454,0.040169895,0.04340119,-0.04173363,0.49669003,0.49669003,-0.041837454,0.040169895
55.660,2.9991,20.0010,0.7945,3.0,20.0,1.0,0.04208597,-0.04217873,0.48997995,0.48997995,-0.04057695,0.04066971,0.04208597,-0.04217873,0.48997995,0.48997995,-0.04057695,0.04066971
55.710,2.9991,20.0008,0.7949,3.0,20.0,1.0,0.042608302,-0.04187811,0.4936211,0.4936211,-0.041073266,0.04034308,0.042608302,-0.04187811,0.4936211,0.4936211,-0.041073266,0.04034308
55.759,2.9991,20.0005,0.7954,3.0,20.0,1.0,0.042289965,-0.042101685,0.49346912,0.49346912,-0.040767625,0.040579345,0.042289965,-0.042101685,0.49346912,0.49346912,-0.040767625,0.040579345
55.810,2.9991,20.0003,0.7957,3.0,20.0,1.0,0.041804135,-0.042495236,0.49293685,0.49293685,-0.040303234,0.040994335,0.041804135,-0.042495236,0.49293685,0.49293685,-0.040303234,0.040994335
55.860,2.9991,20.0000,0.7960,3.0,20.0,1.0,0.041976016,-0.042453773,0.49521276,0.49521276,-0.040465217,0.040942974,0.041976016,-0.042453773,0.49521276,0.49521276,-0.040465217,0.040942974
55.910,2.9991,19.9998,0.7961,3.0,20.0,1.0,0.04157271,-0.042868156,0.49563152,0.49563152,-0.040080126,0.041375574,0.04157271,-0.042868156,0.49563152,0.49563152,-0.040080126,0.041375574
55.960,2.9991,19.9996,0.7962,3.0,20.0,1.0,0.04170175,-0.04282575,0.49764204,0.49764204,-0.040200662,0.041324668,0.04170175,-0.04282575,0.49764204,0.49764204,-0.040200662,0.041324668
56.010,2.9991,19.9994,0.7962,3.0,20.0,1.0,0.041356813,-0.04327156,0.49887145,0.49887145,-0.03987149,0.04178624,0.041356813,-0.04327156,0.49887145,0.49887145,-0.03987149,0.04178624
56.060,2.9990,19.9992,0.7962,3.0,20.0,1.0,0.04145254,-0.043227315,0.50067544,0.50067544,-0.039959703,0.04173448,0.04145254,-0.043227315,0.50067544,0.50067544,-0.039959703,0.04173448
56.109,2.9990,19.9990,0.7961,3.0,20.0,1.0,0.041140676,-0.043719497,0.5026093,0.5026093,-0.03966204,0.042240858,0.041140676,-0.043719497,0.5026093,0.5026093,-0.03966204,0.042240858
56.160,2.9990,19.9988,0.7958,3.0,20.0,1.0,0.04121891,-0.043664057,0.5042313,0.5042313,-0.03973333,0.04217848,0.04121891,-0.043664057,0.5042313,0.5042313,-0.03973333,0.04217848
56.210,2.9990,19.9986,0.7956,3.0,20.0,1.0,0.04122922,-0.04367163,0.505291,0.505291,-0.039741118,0.04218353,0.04122922,-0.04367163,0.505291,0.505291,-0.039741118,0.04218353
56.260,2.9990,19.9983,0.7953,3.0,20.0,1.0,0.041023415,-0.044099506,0.5082092,0.5082092,-0.039543267,0.042619362,0.041023415,-0.044099506,0.5082092,0.5082092,-0.039543267,0.042619362
56.312,2.9990,19.9982,0.7950,3.0,20.0,1.0,0.040778566,-0.044675007,0.5112725,0.5112725,-0.03931037,0.04320681,0.040778566,-0.044675007,0.5112725,0.5112725,-0.03931037,0.04320681
56.360,2.9990,19.9979,0.7946,3.0,20.0,1.0,0.040850066,-0.04455293,0.51248807,0.51248807,-0.039374612,0.043077476,0.040850066,-0.04455293,0.51248807,0.51248807,-0.039374612,0.043077476
56.410,2.9990,19.9978,0.7942,3.0,20.0,1.0,0.040634718,-0.04517831,0.5159898,0.5159898,-0.03917059,0.04371418,0.040634718,-0.04517831,0.5159898,0.5159898,-0.03917059,0.04371418
56.460,2.9990,19.9976,0.7937,3.0,20.0,1.0,0.040689137,-0.0450555,0.51702756,0.51702756,-0.0392185,0.04358487,0.040689137,-0.0450555,0.51702756,0.51702756,-0.0392185,0.04358487
56.509,2.9990,19.9973,0.7931,3.0,20.0,1.0,0.040522605,-0.04566112,0.52067626,0.52067626,-0.039061107,0.044199623,0.040522605,-0.04566112,0.52067626,0.52067626,-0.039061107,0.044199623
56.560,2.9990,19.9972,0.7930,3.0,20.0,1.0,0.11462938,-0.1245528,1.0,1.0,-0.11142659,0.121350005,0.11462938,-0.1245528,1.0,1.0,-0.11142659,0.121350005
56.610,2.9990,19.9968,0.7938,3.0,20.0,1.0,0.040332243,-0.045545254,0.49750417,0.49750417,-0.038926296,0.044139307,0.040332243,-0.045545254,0.49750417,0.49750417,-0.038926296,0.044139307
56.659,2.9990,19.9967,0.7941,3.0,20.0,1.0,0.038981188,-0.045836106,0.4912452,0.4912452,-0.037627053,0.04448197,0.038981188,-0.045836106,0.4912452,0.4912452,-0.037627053,0.04448197
56.709,2.9990,19.9963,0.7948,3.0,20.0,1.0,0.03951142,-0.0456233,0.494651,0.494651,-0.03813256,0.044244442,0.03951142,-0.0456233,0.494651,0.494651,-0.03813256,0.044244442
56.759,2.9990,19.9962,0.7950,3.0,20.0,1.0,0.038599897,-0.04608803,0.4924205,0.4924205,-0.037258428,0.044746555,0.038599897,-0.04608803,0.4924205,0.4924205,-0.037258428,0.044746555
56.810,2.9990,19.9960,0.7952,3.0,20.0,1.0,0.039127007,-0.04591488,0.49597266,0.49597266,-0.03776106,0.044548932,0.039127007,-0.04591488,0.49597266,0.49597266,-0.03776106,0.044548932
56.860,2.9990,19.9958,0.7955,3.0,20.0,1.0,0.03885822,-0.046111137,0.49655288,0.49655288,-0.037502017,0.044754934,0.03885822,-0.046111137,0.49655288,0.49655288,-0.037502017,0.044754934
56.910,2.9990,19.9956,0.7956,3.0,20.0,1.0,0.03844325,-0.046459846,0.4971355,0.4971355,-0.03710396,0.045120556,0.03844325,-0.046459846,0.4971355,0.4971355,-0.03710396,0.045120556
56.960,2.9990,19.9954,0.7956,3.0,20.0,1.0,0.03857603,-0.046441194,0.4991097,0.4991097,-0.037228636,0.0450938,0.03857603,-0.046441194,0.4991097,0.4991097,-0.037228636,0.0450938
57.010,2.9990,19.9953,0.7956,3.0,20.0,1.0,0.038222257,-0.046824377,0.5000876,0.5000876,-0.036890235,0.04549236,0.038222257,-0.046824377,0.5000876,0.5000876,-0.036890235,0.04549236
57.060,2.9990,19.9950,0.7955,3.0,20.0,1.0,0.03832972,-0.046792284,0.5022884,0.5022884,-0.036989167,0.045451734,0.03832972,-0.046792284,0.5022884,0.5022884,-0.036989167,0.045451734
57.110,2.9990,19.9949,0.7954,3.0,20.0,1.0,0.037982363,-0.047260545,0.504328,0.504328,-0.036656387,0.04593457,0.037982363,-0.047260545,0.504328,0.504328,-0.036656387,0.04593457
57.160,2.9990,19.9947,0.7951,3.0,20.0,1.0,0.03808201,-0.047200184,0.50588423,0.50588423,-0.036748607,0.04586678,0.03808201,-0.047200184,0.50588423,0.50588423,-0.036748607,0.04586678
57.210,2.9990,19.9945,0.7949,3.0,20.0,1.0,0.037816793,-0.04765585,0.5085004,0.5085004,-0.036494438,0.04633349,0.037816793,-0.04765585,0.5085004,0.5085004,-0.036494438,0.04633349
57.259,2.9990,19.9944,0.7947,3.0,20.0,1.0,0.037882052,-0.047606647,0.5095296,0.5095296,-0.036554657,0.04627925,0.037882052,-0.047606647,0.5095296,0.5095296,-0.036554657,0.04627925
57.310,2.9990,19.9941,0.7943,3.0,20.0,1.0,0.03788681,-0.047618534,0.51093125,0.51093125,-0.03655639,0.046288114,0.03788681,-0.047618534,0.51093125,0.51093125,-0.03655639,0.046288114
57.360,2.9990,19.9939,0.7938,3.0,20.0,1.0,0.037711404,-0.04802539,0.5142345,0.5142345,-0.036387276,0.046701264,0.037711404,-0.04802539,0.5142345,0.5142345,-0.036387276,0.046701264
57.412,2.9990,19.9938,0.7935,3.0,20.0,1.0,0.03751992,-0.048548803,0.51765966,0.51765966,-0.036204934,0.047233816,0.03751992,-0.048548803,0.51765966,0.51765966,-0.036204934,0.047233816
57.460,2.9990,19.9937,0.7932,3.0,20.0,1.0,0.037428815,-0.048854195,0.5198724,0.5198724,-0.036118176,0.04754355,0.037428815,-0.048854195,0.5198724,0.5198724,-0.036118176,0.04754355
57.510,2.9990,19.9933,0.7923,3.0,20.0,1.0,0.0373977,-0.049049757,0.5225362,0.5225362,-0.036086213,0.04773827,0.0373977,-0.049049757,0.5225362,0.5225362,-0.036086213,0.04773827
57.559,2.9990,19.9932,0.7922,3.0,20.0,1.0,0.037319858,-0.049386933,0.5249095,0.5249095,-0.036012597,0.048079673,0.037319858,-0.049386933,0.5249095,0.5249095,-0.036012597,0.048079673
57.610,2.9990,19.9929,0.7930,3.0,20.0,1.0,0.037335202,-0.04880272,0.4991691,0.4991691,-0.03607329,0.047540803,0.037335202,-0.04880272,0.4991691,0.4991691,-0.03607329,0.047540803
57.660,2.9990,19.9928,0.7934,3.0,20.0,1.0,0.036021702,-0.048969302,0.49293673,0.49293673,-0.03480558,0.04775318,0.036021702,-0.048969302,0.49293673,0.49293673,-0.03480558,0.04775318
57.710,2.9990,19.9926,0.7938,3.0,20.0,1.0,0.03600674,-0.048945494,0.49345815,0.49345815,-0.034789372,0.047728125,0.03600674,-0.048945494,0.49345815,0.49345815,-0.034789372,0.047728125
57.760,2.9990,19.9924,0.7942,3.0,20.0,1.0,0.03622133,-0.048963707,0.4963964,0.4963964,-0.034993287,0.047735665,0.03622133,-0.048963707,0.4963964,0.4963964,-0.034993287,0.047735665
57.809,2.9989,19.9922,0.7945,3.0,20.0,1.0,0.035694927,-0.0492345,0.49584386,0.49584386,-0.034486465,0.048026036,0.035694927,-0.0492345,0.49584386,0.49584386,-0.034486465,0.048026036
57.860,2.9989,19.9920,0.7947,3.0,20.0,1.0,0.03588031,-0.049238402,0.49811986,0.49811986,-0.03466277,0.048020862,0.03588031,-0.049238402,0.49811986,0.49811986,-0.03466277,0.048020862
57.909,2.9989,19.9919,0.7949,3.0,20.0,1.0,0.03548795,-0.049521625,0.49868473,0.49868473,-0.034285083,0.048318755,0.03548795,-0.049521625,0.49868473,0.49868473,-0.034285083,0.048318755
57.960,2.9989,19.9917,0.7949,3.0,20.0,1.0,0.035610095,-0.049525227,0.50064886,0.50064886,-0.034400124,0.048315257,0.035610095,-0.049525227,0.50064886,0.50064886,-0.034400124,0.048315257
58.010,2.9989,19.9915,0.7949,3.0,20.0,1.0,0.035271876,-0.049848296,0.50195104,0.50195104,-0.03407469,0.04865111,0.035271876,-0.049848296,0.50195104,0.50195104,-0.03407469,0.04865111
58.059,2.9989,19.9913,0.7948,3.0,20.0,1.0,0.035361454,-0.04984639,0.50371915,0.50371915,-0.034158025,0.048642956,0.035361454,-0.04984639,0.50371915,0.50371915,-0.034158025,0.048642956
58.109,2.9989,19.9912,0.7947,3.0,20.0,1.0,0.03506263,-0.050215438,0.5056844,0.5056844,-0.033870503,0.04902331,0.03506263,-0.050215438,0.5056844,0.5056844,-0.033870503,0.04902331
58.160,2.9989,19.9910,0.7945,3.0,20.0,1.0,0.035134543,-0.0501993,0.5072763,0.5072763,-0.033936672,0.04900143,0.035134543,-0.0501993,0.5072763,0.5072763,-0.033936672,0.04900143
58.209,2.9989,19.9909,0.7943,3.0,20.0,1.0,0.034883585,-0.050595637,0.509792,0.509792,-0.033695374,0.049407426,0.034883585,-0.050595637,0.509792,0.509792,-0.033695374,0.049407426
58.260,2.9989,19.9907,0.7940,3.0,20.0,1.0,0.03494122,-0.050565988,0.51121587,0.51121587,-0.03374772,0.04937249,0.03494122,-0.050565988,0.51121587,0.51121587,-0.03374772,0.04937249
58.310,2.9989,19.9906,0.7937,3.0,20.0,1.0,0.03494109,-0.050587576,0.51224154,0.51224154,-0.033745788,0.049392276,0.03494109,-0.050587576,0.51224154,0.51224154,-0.033745788,0.049392276
58.360,2.9989,19.9904,0.7933,3.0,20.0,1.0,0.03459926,-0.051363062,0.517201,0.517201,-0.033419512,0.05018332,0.03459926,-0.051363062,0.517201,0.517201,-0.033419512,0.05018332
58.410,2.9989,19.9901,0.7927,3.0,20.0,1.0,0.034726325,-0.051092297,0.5174005,0.5174005,-0.03353661,0.04990258,0.034726325,-0.051092297,0.5174005,0.5174005,-0.03353661,0.04990258
58.460,2.9989,19.9900,0.7925,3.0,20.0,1.0,0.03448519,-0.051817384,0.521928,0.521928,-0.033308357,0.050640553,0.03448519,-0.051817384,0.521928,0.521928,-0.033308357,0.050640553
58.510,2.9989,19.9899,0.7921,3.0,20.0,1.0,0.034587286,-0.051498532,0.52180773,0.52180773,-0.033400584,0.050311834,0.034587286,-0.051498532,0.52180773,0.52180773,-0.033400584,0.050311834
58.560,2.9989,19.9897,0.7919,3.0,20.0,1.0,0.10127788,-0.13760817,1.0,1.0,-0.09870029,0.13503058,0.10127788,-0.13760817,1.0,1.0,-0.09870029,0.13503058
58.610,2.9989,19.9896,0.7924,3.0,20.0,1.0,0.03429666,-0.051805694,0.50035125,0.50035125,-0.033173054,0.050682086,0.03429666,-0.051805694,0.50035125,0.50035125,-0.033173054,0.050682086
58.659,2.9989,19.9893,0.7932,3.0,20.0,1.0,0.03379632,-0.05141506,0.49607965,0.49607965,-0.032681946,0.05030068,0.03379632,-0.05141506,0.49607965,0.49607965,-0.032681946,0.05030068
58.710,2.9989,19.9892,0.7936,3.0,20.0,1.0,0.033186954,-0.05155186,0.49390435,0.49390435,-0.03209289,0.050457798,0.033186954,-0.05155186,0.49390435,0.49390435,-0.03209289,0.050457798
58.760,2.9989,19.9890,0.7940,3.0,20.0,1.0,0.033390746,-0.05159567,0.4968173,0.4968173,-0.032287214,0.050492138,0.033390746,-0.05159567,0.4968173,0.4968173,-0.032287214,0.050492138
58.810,2.9989,19.9888,0.7943,3.0,20.0,1.0,0.032884497,-0.0518064,0.49627495,0.49627495,-0.03179791,0.050719813,0.032884497,-0.0518064,0.49627495,0.49627495,-0.03179791,0.050719813
58.860,2.9989,19.9886,0.7945,3.0,20.0,1.0,0.033063743,-0.05182956,0.49857277,0.49857277,-0.031968944,0.05073476,0.033063743,-0.05182956,0.49857277,0.49857277,-0.031968944,0.05073476
58.910,2.9989,19.9885,0.7947,3.0,20.0,1.0,0.032683283,-0.052061975,0.4991255,0.4991255,-0.031601153,0.050979845,0.032683283,-0.052061975,0.4991255,0.4991255,-0.031601153,0.050979845
58.960,2.9989,19.9883,0.7947,3.0,20.0,1.0,0.032796323,-0.052082933,0.5010819,0.5010819,-0.03170791,0.05099452,0.032796323,-0.052082933,0.5010819,0.5010819,-0.03170791,0.05099452
59.010,2.9989,19.9882,0.7947,3.0,20.0,1.0,0.03247389,-0.05235243,0.50238025,0.50238025,-0.031396173,0.051274713,0.03247389,-0.05235243,0.50238025,0.50238025,-0.031396173,0.051274713
59.060,2.9989,19.9880,0.7946,3.0,20.0,1.0,0.032554384,-0.052368116,0.50413996,0.50413996,-0.031471204,0.051284935,0.032554384,-0.052368116,0.50413996,0.50413996,-0.031471204,0.051284935
59.110,2.9989,19.9878,0.7944,3.0,20.0,1.0,0.03227035,-0.052682806,0.50608695,0.50608695,-0.031196471,0.051608928,0.03227035,-0.052682806,0.50608695,0.50608695,-0.031196471,0.051608928
59.159,2.9989,19.9877,0.7943,3.0,20.0,1.0,0.03207948,-0.05299036,0.5085688,0.5085688,-0.03101148,0.05192236,0.03207948,-0.05299036,0.5085688,0.5085688,-0.03101148,0.05192236
59.209,2.9989,19.9875,0.7940,3.0,20.0,1.0,0.032281086,-0.052799948,0.50950646,0.50950646,-0.03120196,0.05172082,0.032281086,-0.052799948,0.50950646,0.50950646,-0.03120196,0.05172082
59.259,2.9989,19.9875,0.7938,3.0,20.0,1.0,0.031931974,-0.053357244,0.5129753,0.5129753,-0.030866029,0.0522913,0.031931974,-0.053357244,0.5129753,0.5129753,-0.030866029,0.0522913
59.309,2.9989,19.9873,0.7935,3.0,20.0,1.0,0.032093477,-0.05313758,0.5134772,0.5134772,-0.031017603,0.052061707,0.032093477,-0.05313758,0.5134772,0.5134772,-0.031017603,0.052061707
59.359,2.9989,19.9872,0.7931,3.0,20.0,1.0,0.031975526,-0.05337333,0.5157815,0.5157815,-0.030902693,0.052300498,0.031975526,-0.05337333,0.5157815,0.5157815,-0.030902693,0.052300498
59.410,2.9989,19.9871,0.7928,3.0,20.0,1.0,0.03180658,-0.05378263,0.5190257,0.5190257,-0.030740017,0.052716065,0.03180658,-0.05378263,0.5190257,0.5190257,-0.030740017,0.052716065
59.459,2.9989,19.9869,0.7923,3.0,20.0,1.0,0.031831075,-0.05375344,0.5201813,0.5201813,-0.030760659,0.052683026,0.031831075,-0.05375344,0.5201813,0.5201813,-0.030760659,0.052683026
59.510,2.9989,19.9868,0.7920,3.0,20.0,1.0,0.0316925,-0.054196965,0.52365124,0.52365124,-0.030627849,0.05313231,0.0316925,-0.054196965,0.52365124,0.52365124,-0.030627849,0.05313231
59.560,2.9989,19.9866,0.7918,3.0,20.0,1.0,0.09503462,-0.14260277,1.0,1.0,-0.09271108,0.14027923,0.09503462,-0.14260277,1.0,1.0,-0.09271108,0.14027923
59.610,2.9989,19.9864,0.7923,3.0,20.0,1.0,0.03160241,-0.05402726,0.50060594,0.50060594,-0.030587377,0.05301223,0.03160241,-0.05402726,0.50060594,0.50060594,-0.030587377,0.05301223
59.660,2.9989,19.9862,0.7930,3.0,20.0,1.0,0.031096172,-0.05364055,0.49633563,0.49633563,-0.030089315,0.05263369,0.031096172,-0.05364055,0.49633563,0.49633563,-0.030089315,0.05263369
59.710,2.9989,19.9861,0.7934,3.0,20.0,1.0,0.030480959,-0.05373172,0.49450696,0.49450696,-0.029491058,0.05274182,0.030480959,-0.05373172,0.49450696,0.49450696,-0.029491058,0.05274182
59.759,2.9989,19.9859,0.7939,3.0,20.0,1.0,0.030673986,-0.053790934,0.496954,0.496954,-0.029676747,0.052793693,0.030673986,-0.053790934,0.496954,0.496954,-0.029676747,0.052793693
59.810,2.9989,19.9858,0.7942,3.0,20.0,1.0,0.030204182,-0.053944774,0.4965613,0.4965613,-0.029220194,0.052960787,0.030204182,-0.053944774,0.4965613,0.4965613,-0.029220194,0.052960787
59.859,2.9989,19.9856,0.7945,3.0,20.0,1.0,0.030356837,-0.053991765,0.49877417,0.49877417,-0.029366331,0.05300126,0.030356837,-0.053991765,0.49877417,0.49877417,-0.029366331,0.05300126
59.910,2.9989,19.9855,0.7946,3.0,20.0,1.0,0.029975219,-0.054179456,0.4992837,0.4992837,-0.028995395,0.053199634,0.029975219,-0.054179456,0.4992837,0.4992837,-0.028995395,0.053199634
59.960,2.9989,19.9853,0.7947,3.0,20.0,1.0,0.03008727,-0.054215737,0.5012496,0.5012496,-0.029101817,0.053230282,0.03008727,-0.054215737,0.5012496,0.5012496,-0.029101817,0.053230282
60.010,2.9989,19.9851,0.7946,3.0,20.0,1.0,0.029768286,-0.0544392,0.50251865,0.50251865,-0.028791538,0.053462453,0.029768286,-0.0544392,0.50251865,0.50251865,-0.028791538,0.053462453
60.060,2.9989,19.9851,0.7946,3.0,20.0,1.0,0.029548425,-0.05468563,0.50452894,0.50452894,-0.028577212,0.053714417,0.029548425,-0.05468563,0.50452894,0.50452894,-0.028577212,0.053714417
60.109,2.9988,19.9849,0.7944,3.0,20.0,1.0,0.029785665,-0.054579552,0.5060163,0.5060163,-0.028803896,0.05359778,0.029785665,-0.054579552,0.5060163,0.5060163,-0.028803896,0.05359778
60.160,2.9988,19.9848,0.7943,3.0,20.0,1.0,0.029373534,-0.05501053,0.50865406,0.50865406,-0.028403979,0.054040976,0.029373534,-0.05501053,0.50865406,0.50865406,-0.028403979,0.054040976
60.210,2.9988,19.9846,0.7939,3.0,20.0,1.0,0.02956973,-0.054865215,0.5096159,0.5096159,-0.028590772,0.053886257,0.02956973,-0.054865215,0.5096159,0.5096159,-0.028590772,0.053886257
60.260,2.9988,19.9846,0.7937,3.0,20.0,1.0,0.02922841,-0.05534498,0.51302904,0.51302904,-0.028259676,0.05437625,0.02922841,-0.05534498,0.51302904,0.51302904,-0.028259676,0.05437625
60.310,2.9988,19.9844,0.7935,3.0,20.0,1.0,0.029379085,-0.055176277,0.5135725,0.5135725,-0.028402288,0.054199483,0.029379085,-0.055176277,0.5135725,0.5135725,-0.028402288,0.054199483
60.360,2.9988,19.9843,0.7931,3.0,20.0,1.0,0.029261714,-0.055387326,0.5158506,0.5158506,-0.028287053,0.054412667,0.029261714,-0.055387326,0.5158506,0.5158506,-0.028287053,0.054412667
60.410,2.9988,19.9842,0.7928,3.0,20.0,1.0,0.029094914,-0.055753704,0.51906276,0.51906276,-0.028124949,0.05478374,0.029094914,-0.055753704,0.51906276,0.51906276,-0.028124949,0.05478374
60.460,2.9988,19.9840,0.7923,3.0,20.0,1.0,0.029115079,-0.055741563,0.52023095,0.52023095,-0.028141866,0.054768346,0.029115079,-0.055741563,0.52023095,0.52023095,-0.028141866,0.054768346
60.510,2.9988,19.9839,0.7920,3.0,20.0,1.0,0.028979411,-0.056141105,0.52365875,0.52365875,-0.028010476,0.05517217,0.028979411,-0.056141105,0.52365875,0.52365875,-0.028010476,0.05517217
60.560,2.9988,19.9838,0.7918,3.0,20.0,1.0,0.088953555,-0.14672638,1.0,1.0,-0.08684136,0.14461419,0.088953555,-0.14672638,1.0,1.0,-0.08684136,0.14461419
60.610,2.9988,19.9836,0.7923,3.0,20.0,1.0,0.028978258,-0.05586296,0.50059676,0.50059676,-0.028053662,0.054938365,0.028978258,-0.05586296,0.50059676,0.50059676,-0.028053662,0.054938365
60.659,2.9988,19.9834,0.7930,3.0,20.0,1.0,0.028473798,-0.05548274,0.4963368,0.4963368,-0.027556347,0.05456529,0.028473798,-0.05548274,0.4963368,0.4963368,-0.027556347,0.05456529
60.710,2.9988,19.9833,0.7934,3.0,20.0,1.0,0.028479118,-0.0555053,0.4971335,0.4971335,-0.027560325,0.054586507,0.028479118,-0.0555053,0.4971335,0.4971335,-0.027560325,0.054586507
60.759,2.9988,19.9831,0.7939,3.0,20.0,1.0,0.028061436,-0.055606183,0.49701092,0.49701092,-0.027151681,0.054696426,0.028061436,-0.055606183,0.49701092,0.49701092,-0.027151681,0.054696426
60.809,2.9988,19.9830,0.7942,3.0,20.0,1.0,0.02756312,-0.055720184,0.49643394,0.49643394,-0.026665457,0.05482252,0.02756312,-0.055720184,0.49643394,0.49643394,-0.026665457,0.05482252
60.860,2.9988,19.9829,0.7945,3.0,20.0,1.0,0.027730448,-0.055780582,0.49872598,0.49872598,-0.026826596,0.05487673,0.027730448,-0.055780582,0.49872598,0.49872598,-0.026826596,0.05487673
60.910,2.9988,19.9828,0.7946,3.0,20.0,1.0,0.027756885,-0.055822045,0.4998841,0.4998841,-0.026851078,0.054916237,0.027756885,-0.055822045,0.4998841,0.4998841,-0.026851078,0.054916237
60.960,2.9988,19.9826,0.7947,3.0,20.0,1.0,0.02712124,-0.056103934,0.5007312,0.5007312,-0.026231274,0.055213965,0.02712124,-0.056103934,0.5007312,0.5007312,-0.026231274,0.055213965
61.010,2.9988,19.9825,0.7946,3.0,20.0,1.0,0.027404264,-0.056074705,0.5028136,0.5028136,-0.026504064,0.055174503,0.027404264,-0.056074705,0.5028136,0.5028136,-0.026504064,0.055174503
61.060,2.9988,19.9824,0.7946,3.0,20.0,1.0,0.02692657,-0.056379028,0.5044594,0.5044594,-0.026038311,0.055490773,0.02692657,-0.056379028,0.5044594,0.5044594,-0.026038311,0.055490773
61.109,2.9988,19.9823,0.7945,3.0,20.0,1.0,0.027159458,-0.056311335,0.50595206,0.50595206,-0.026262088,0.055413965,0.027159458,-0.056311335,0.50595206,0.50595206,-0.026262088,0.055413965
61.159,2.9988,19.9821,0.7943,3.0,20.0,1.0,0.027005808,-0.056457233,0.50733405,0.50733405,-0.026111482,0.055562906,0.027005808,-0.056457233,0.50733405,0.50733405,-0.026111482,0.055562906
61.209,2.9988,19.9821,0.7941,3.0,20.0,1.0,0.026763637,-0.056727875,0.51017493,0.51017493,-0.02587357,0.055837806,0.026763637,-0.056727875,0.51017493,0.51017493,-0.02587357,0.055837806
61.259,2.9988,19.9819,0.7938,3.0,20.0,1.0,0.026804406,-0.056745935,0.511612,0.511612,-0.025910825,0.055852354,0.026804406,-0.056745935,0.511612,0.511612,-0.025910825,0.055852354
61.310,2.9988,19.9818,0.7935,3.0,20.0,1.0,0.026607418,-0.057041235,0.51448774,0.51448774,-0.025717778,0.056151595,0.026607418,-0.057041235,0.51448774,0.51448774,-0.025717778,0.056151595
61.359,2.9988,19.9817,0.7931,3.0,20.0,1.0,0.026636178,-0.057049815,0.5157774,0.5157774,-0.02574335,0.05615699,0.026636178,-0.057049815,0.5157774,0.5157774,-0.02574335,0.05615699
61.410,2.9988,19.9816,0.7928,3.0,20.0,1.0,0.02647449,-0.057382893,0.5189801,0.5189801,-0.025584789,0.05649319,0.02647449,-0.057382893,0.5189801,0.5189801,-0.025584789,0.05649319
61.459,2.9988,19.9815,0.7923,3.0,20.0,1.0,0.026493503,-0.057380874,0.52014065,0.52014065,-0.02560068,0.05648805,0.026493503,-0.057380874,0.52014065,0.52014065,-0.02560068,0.05648805
61.509,2.9988,19.9814,0.7920,3.0,20.0,1.0,0.026360596,-0.057764262,0.5236248,0.5236248,-0.025470449,0.056874115,0.026360596,-0.057764262,0.5236248,0.5236248,-0.025470449,0.056874115
61.559,2.9988,19.9812,0.7918,3.0,20.0,1.0,0.08308273,-0.15014774,1.0,1.0,-0.08114429,0.1482093,0.08308273,-0.15014774,1.0,1.0,-0.08114429,0.1482093
61.609,2.9988,19.9811,0.7923,3.0,20.0,1.0,0.02645113,-0.0573824,0.5005145,0.5005145,-0.025600245,0.056531515,0.02645113,-0.0573824,0.5005145,0.5005145,-0.025600245,0.056531515
61.659,2.9988,19.9809,0.7931,3.0,20.0,1.0,0.025944654,-0.057010595,0.49625722,0.49625722,-0.025100375,0.056166314,0.025944654,-0.057010595,0.49625722,0.49625722,-0.025100375,0.056166314
61.710,2.9988,19.9808,0.7935,3.0,20.0,1.0,0.025341978,-0.057028063,0.49440888,0.49440888,-0.024509856,0.05619594,0.025341978,-0.057028063,0.49440888,0.49440888,-0.024509856,0.05619594
61.759,2.9988,19.9806,0.7940,3.0,20.0,1.0,0.025520895,-0.057114217,0.49684078,0.49684078,-0.024683557,0.056276876,0.025520895,-0.057114217,0.49684078,0.49684078,-0.024683557,0.056276876
61.810,2.9988,19.9805,0.7942,3.0,20.0,1.0,0.025060944,-0.05719683,0.49643484,0.49643484,-0.024233298,0.05636918,0.025060944,-0.05719683,0.49643484,0.49643484,-0.024233298,0.05636918
61.860,2.9988,19.9804,0.7945,3.0,20.0,1.0,0.02520894,-0.057269827,0.4986884,0.4986884,-0.024376318,0.056437206,0.02520894,-0.057269827,0.4986884,0.4986884,-0.024376318,0.056437206
61.910,2.9988,19.9802,0.7947,3.0,20.0,1.0,0.024821328,-0.05739039,0.49912208,0.49912208,-0.023997048,0.05656611,0.024821328,-0.05739039,0.49912208,0.49912208,-0.023997048,0.05656611
61.960,2.9988,19.9801,0.7947,3.0,20.0,1.0,0.024609318,-0.05754131,0.5006828,0.5006828,-0.023789257,0.05672125,0.024609318,-0.05754131,0.5006828,0.5006828,-0.023789257,0.05672125
62.009,2.9988,19.9800,0.7947,3.0,20.0,1.0,0.024873516,-0.057543516,0.50273323,0.50273323,-0.024044624,0.056714624,0.024873516,-0.057543516,0.50273323,0.50273323,-0.024044624,0.056714624
62.060,2.9988,19.9799,0.7946,3.0,20.0,1.0,0.02441183,-0.057796597,0.5043954,0.5043954,-0.023593731,0.0569785,0.02441183,-0.057796597,0.5043954,0.5043954,-0.023593731,0.0569785
62.109,2.9988,19.9798,0.7945,3.0,20.0,1.0,0.02442863,-0.05785073,0.50567013,0.50567013,-0.02360876,0.057030857,0.02442863,-0.05785073,0.50567013,0.50567013,-0.02360876,0.057030857
62.159,2.9988,19.9797,0.7943,3.0,20.0,1.0,0.024238205,-0.058076534,0.50851804,0.50851804,-0.02342109,0.05725942,0.024238205,-0.058076534,0.50851804,0.50851804,-0.02342109,0.05725942
62.210,2.9988,19.9796,0.7941,3.0,20.0,1.0,0.024416482,-0.05800209,0.50948256,0.50948256,-0.023592046,0.05717765,0.024416482,-0.05800209,0.50948256,0.50948256,-0.023592046,0.05717765
62.260,2.9988,19.9795,0.7938,3.0,20.0,1.0,0.024278918,-0.05816004,0.51154226,0.51154226,-0.023456272,0.057337396,0.024278918,-0.05816004,0.51154226,0.51154226,-0.023456272,0.057337396
62.310,2.9988,19.9794,0.7935,3.0,20.0,1.0,0.024084944,-0.058426563,0.51442385,0.51442385,-0.023266,0.05760762,0.024084944,-0.058426563,0.51442385,0.51442385,-0.023266,0.05760762
62.359,2.9988,19.9793,0.7931,3.0,20.0,1.0,0.024118349,-0.05843622,0.51531994,0.51531994,-0.023296928,0.057614796,0.024118349,-0.05843622,0.51531994,0.51531994,-0.023296928,0.057614796
62.409,2.9988,19.9792,0.7928,3.0,20.0,1.0,0.023947591,-0.058751702,0.5189274,0.5189274,-0.023128713,0.057932824,0.023947591,-0.058751702,0.5189274,0.5189274,-0.023128713,0.057932824
62.460,2.9988,19.9791,0.7924,3.0,20.0,1.0,0.023961078,-0.05876237,0.52008855,0.52008855,-0.023139413,0.057940707,0.023961078,-0.05876237,0.52008855,0.52008855,-0.023139413,0.057940707
62.509,2.9988,19.9790,0.7920,3.0,20.0,1.0,0.023831686,-0.059105262,0.52352,0.52352,-0.023012402,0.058285978,0.023831686,-0.059105262,0.52352,0.52352,-0.023012402,0.058285978
62.559,2.9987,19.9789,0.7918,3.0,20.0,1.0,0.07724958,-0.15280466,1.0,1.0,-0.07546522,0.15102029,0.07724958,-0.15280466,1.0,1.0,-0.07546522,0.15102029
62.610,2.9987,19.9787,0.7923,3.0,20.0,1.0,0.023999337,-0.058646496,0.5004717,0.5004717,-0.023215288,0.057862446,0.023999337,-0.058646496,0.5004717,0.5004717,-0.023215288,0.057862446
62.660,2.9987,19.9786,0.7931,3.0,20.0,1.0,0.023498585,-0.058288302,0.49622077,0.49622077,-0.02272003,0.057509743,0.023498585,-0.058288302,0.49622077,0.49622077,-0.02272003,0.057509743
62.710,2.9987,19.9785,0.7935,3.0,20.0,1.0,0.022903888,-0.058283612,0.49436662,0.49436662,-0.022135794,0.057515517,0.022903888,-0.058283612,0.49436662,0.49436662,-0.022135794,0.057515517
62.760,2.9987,19.9783,0.7940,3.0,20.0,1.0,0.02307658,-0.05837844,0.49679968,0.49679968,-0.022303952,0.057605807,0.02307658,-0.05837844,0.49679968,0.49679968,-0.022303952,0.057605807
62.810,2.9987,19.9781,0.7944,3.0,20.0,1.0,0.022623552,-0.058438696,0.49639913,0.49639913,-0.021859283,0.057674427,0.022623552,-0.058438696,0.49639913,0.49639913,-0.021859283,0.057674427
62.859,2.9987,19.9781,0.7945,3.0,20.0,1.0,0.02235195,-0.05854691,0.49728945,0.49728945,-0.02159277,0.057787728,0.02235195,-0.05854691,0.49728945,0.49728945,-0.02159277,0.057787728
62.909,2.9987,19.9779,0.7947,3.0,20.0,1.0,0.022702614,-0.058604695,0.5000936,0.5000936,-0.021934051,0.057836134,0.022702614,-0.058604695,0.5000936,0.5000936,-0.021934051,0.057836134
62.959,2.9987,19.9779,0.7947,3.0,20.0,1.0,0.022163158,-0.058752727,0.5006337,0.5006337,-0.02140557,0.057995137,0.022163158,-0.058752727,0.5006337,0.5006337,-0.02140557,0.057995137
63.010,2.9987,19.9777,0.7947,3.0,20.0,1.0,0.022433812,-0.058776136,0.5027182,0.5027182,-0.021668036,0.058010362,0.022433812,-0.058776136,0.5027182,0.5027182,-0.021668036,0.058010362
63.060,2.9987,19.9777,0.7946,3.0,20.0,1.0,0.021981126,-0.058991008,0.50440234,0.50440234,-0.021224532,0.058234416,0.021981126,-0.058991008,0.50440234,0.50440234,-0.021224532,0.058234416
63.110,2.9987,19.9776,0.7945,3.0,20.0,1.0,0.022186745,-0.058980882,0.5058784,0.5058784,-0.021423135,0.058217272,0.022186745,-0.058980882,0.5058784,0.5058784,-0.021423135,0.058217272
63.160,2.9987,19.9775,0.7943,3.0,20.0,1.0,0.022029487,-0.05910706,0.5076561,0.5076561,-0.021267714,0.058345284,0.022029487,-0.05910706,0.5076561,0.5076561,-0.021267714,0.058345284
63.210,2.9987,19.9774,0.7941,3.0,20.0,1.0,0.021812182,-0.059307355,0.5097236,0.5097236,-0.021054521,0.058549695,0.021812182,-0.059307355,0.5097236,0.5097236,-0.021054521,0.058549695
63.260,2.9987,19.9773,0.7938,3.0,20.0,1.0,0.02184144,-0.059348073,0.5115438,0.5115438,-0.02108012,0.05858675,0.02184144,-0.059348073,0.5115438,0.5115438,-0.02108012,0.05858675
63.310,2.9987,19.9772,0.7935,3.0,20.0,1.0,0.021632832,-0.059608273,0.5145088,0.5145088,-0.020874929,0.05885037,0.021632832,-0.059608273,0.5145088,0.5145088,-0.020874929,0.05885037
63.360,2.9987,19.9771,0.7931,3.0,20.0,1.0,0.021663783,-0.059623804,0.51571065,0.51571065,-0.020902935,0.058862958,0.021663783,-0.059623804,0.51571065,0.51571065,-0.020902935,0.058862958
63.409,2.9987,19.9770,0.7928,3.0,20.0,1.0,0.021503558,-0.05990513,0.5189233,0.5189233,-0.020744998,0.05914657,0.021503558,-0.05990513,0.5189233,0.5189233,-0.020744998,0.05914657
63.459,2.9987,19.9769,0.7924,3.0,20.0,1.0,0.021511782,-0.059926406,0.52009606,0.52009606,-0.0207508,0.059165422,0.021511782,-0.059926406,0.52009606,0.52009606,-0.0207508,0.059165422
63.509,2.9987,19.9768,0.7920,3.0,20.0,1.0,0.02138182,-0.060245693,0.5235292,0.5235292,-0.020622594,0.059486467,0.02138182,-0.060245693,0.5235292,0.5235292,-0.020622594,0.059486467
63.560,2.9987,19.9767,0.7918,3.0,20.0,1.0,0.07144049,-0.15480037,1.0,1.0,-0.06978876,0.15314864,0.07144049,-0.15480037,1.0,1.0,-0.06978876,0.15314864
63.609,2.9987,19.9766,0.7923,3.0,20.0,1.0,0.021621719,-0.05970988,0.5004948,0.5004948,-0.020894166,0.058982328,0.021621719,-0.05970988,0.5004948,0.5004948,-0.020894166,0.058982328
63.659,2.9987,19.9765,0.7927,3.0,20.0,1.0,0.020855315,-0.059429504,0.4953281,0.4953281,-0.020137873,0.05871206,0.020855315,-0.059429504,0.4953281,0.4953281,-0.020137873,0.05871206
63.709,2.9987,19.9762,0.7938,3.0,20.0,1.0,0.020543113,-0.059343692,0.49441704,0.49441704,-0.019828577,0.058629155,0.020543113,-0.059343692,0.49441704,0.49441704,-0.019828577,0.058629155
63.760,2.9987,19.9762,0.7940,3.0,20.0,1.0,0.020211123,-0.05940863,0.49455428,0.49455428,-0.019501738,0.058699246,0.020211123,-0.05940863,0.49455428,0.49455428,-0.019501738,0.058699246
63.809,2.9987,19.9761,0.7942,3.0,20.0,1.0,0.020643106,-0.059524946,0.4981488,0.4981488,-0.019924799,0.05880664,0.020643106,-0.059524946,0.4981488,0.4981488,-0.019924799,0.05880664
63.859,2.9987,19.9760,0.7945,3.0,20.0,1.0,0.019993346,-0.05957976,0.4973901,0.4973901,-0.019285835,0.05887225,0.019993346,-0.05957976,0.4973901,0.4973901,-0.019285835,0.05887225
63.909,2.9987,19.9759,0.7946,3.0,20.0,1.0,0.020330526,-0.05965924,0.50014716,0.50014716,-0.019615145,0.05894386,0.020330526,-0.05965924,0.50014716,0.50014716,-0.019615145,0.05894386
63.960,2.9987,19.9758,0.7947,3.0,20.0,1.0,0.02012209,-0.05973153,0.5011705,0.5011705,-0.019409072,0.059018508,0.02012209,-0.05973153,0.5011705,0.5011705,-0.019409072,0.059018508
64.009,2.9987,19.9757,0.7947,3.0,20.0,1.0,0.019818394,-0.059848662,0.50244415,0.50244415,-0.019109797,0.059140064,0.019818394,-0.059848662,0.50244415,0.50244415,-0.019109797,0.059140064
64.059,2.9987,19.9756,0.7946,3.0,20.0,1.0,0.019880148,-0.059916694,0.50420874,0.50420874,-0.01916857,0.059205115,0.019880148,-0.059916694,0.50420874,0.50420874,-0.01916857,0.059205115
64.110,2.9987,19.9755,0.7945,3.0,20.0,1.0,0.019616446,-0.060076267,0.50613445,0.50613445,-0.018908463,0.059368286,0.019616446,-0.060076267,0.50613445,0.50613445,-0.018908463,0.059368286
64.160,2.9987,19.9754,0.7943,3.0,20.0,1.0,0.019660968,-0.060130745,0.507727,0.507727,-0.018950127,0.059419904,0.019660968,-0.060130745,0.507727,0.507727,-0.018950127,0.059419904
64.210,2.9987,19.9753,0.7941,3.0,20.0,1.0,0.019437032,-0.060323395,0.5101901,0.5101901,-0.018728787,0.05961515,0.019437032,-0.060323395,0.5101901,0.5101901,-0.018728787,0.05961515
64.260,2.9987,19.9752,0.7938,3.0,20.0,1.0,0.019466156,-0.060364865,0.5116151,0.5116151,-0.018755319,0.059654027,0.019466156,-0.060364865,0.5116151,0.5116151,-0.018755319,0.059654027
64.310,2.9987,19.9751,0.7935,3.0,20.0,1.0,0.019274278,-0.06059128,0.51450926,0.51450926,-0.018565487,0.05988249,0.019274278,-0.06059128,0.51450926,0.51450926,-0.018565487,0.05988249
64.359,2.9987,19.9750,0.7931,3.0,20.0,1.0,0.01929153,-0.0606246,0.5157853,0.5157853,-0.018580394,0.05991346,0.01929153,-0.0606246,0.5157853,0.5157853,-0.018580394,0.05991346
64.410,2.9987,19.9750,0.7928,3.0,20.0,1.0,0.019276945,-0.06066357,0.5167726,0.5167726,-0.018564738,0.05995136,0.019276945,-0.06066357,0.5167726,0.5167726,-0.018564738,0.05995136
64.460,2.9987,19.9749,0.7923,3.0,20.0,1.0,0.019138014,-0.060911234,0.5201603,0.5201603,-0.018426182,0.060199402,0.019138014,-0.060911234,0.5201603,0.5201603,-0.018426182,0.060199402
64.509,2.9987,19.9748,0.7920,3.0,20.0,1.0,0.019003144,-0.06122206,0.52365744,0.52365744,-0.018292539,0.060511455,0.019003144,-0.06122206,0.52365744,0.52365744,-0.018292539,0.060511455
64.559,2.9987,19.9746,0.7918,3.0,20.0,1.0,0.06593538,-0.15660784,1.0,1.0,-0.064390495,0.15506294,0.06593538,-0.15660784,1.0,1.0,-0.064390495,0.15506294
64.611,2.9987,19.9745,0.7929,3.0,20.0,1.0,0.019310864,-0.060610354,0.50053835,0.50053835,-0.018628994,0.059928484,0.019310864,-0.060610354,0.50053835,0.50053835,-0.018628994,0.059928484
64.660,2.9987,19.9744,0.7933,3.0,20.0,1.0,0.018179962,-0.06017109,0.49160033,0.49160033,-0.017510323,0.05950145,0.018179962,-0.06017109,0.49160033,0.49160033,-0.017510323,0.05950145
64.709,2.9987,19.9742,0.7942,3.0,20.0,1.0,0.018644644,-0.060303356,0.4957008,0.4957008,-0.017967636,0.05962635,0.018644644,-0.060303356,0.4957008,0.4957008,-0.017967636,0.05962635
64.759,2.9987,19.9741,0.7945,3.0,20.0,1.0,0.017810047,-0.0602421,0.49224004,0.49224004,-0.017143995,0.05957605,0.017810047,-0.0602421,0.49224004,0.49224004,-0.017143995,0.05957605
64.810,2.9987,19.9741,0.7949,3.0,20.0,1.0,0.018264689,-0.060390636,0.4964359,0.4964359,-0.017590886,0.059716836,0.018264689,-0.060390636,0.4964359,0.4964359,-0.017590886,0.059716836
64.860,2.9987,19.9739,0.7953,3.0,20.0,1.0,0.017999295,-0.06042113,0.49658808,0.49658808,-0.017328182,0.05975002,0.017999295,-0.06042113,0.49658808,0.49658808,-0.017328182,0.05975002
64.910,2.9987,19.9739,0.7955,3.0,20.0,1.0,0.017617537,-0.06046205,0.49650547,0.49650547,-0.016951319,0.05979583,0.017617537,-0.06046205,0.49650547,0.49650547,-0.016951319,0.05979583
64.960,2.9987,19.9738,0.7957,3.0,20.0,1.0,0.017719507,-0.060548957,0.49863988,0.49863988,-0.017050259,0.05987971,0.017719507,-0.060548957,0.49863988,0.49863988,-0.017050259,0.05987971
65.010,2.9987,19.9737,0.7958,3.0,20.0,1.0,0.017404197,-0.060623955,0.49940836,0.49940836,-0.016738802,0.05995856,0.017404197,-0.060623955,0.49940836,0.49940836,-0.016738802,0.05995856
65.059,2.9987,19.9736,0.7958,3.0,20.0,1.0,0.017490381,-0.060688317,0.5009331,0.5009331,-0.016822435,0.060020372,0.017490381,-0.060688317,0.5009331,0.5009331,-0.016822435,0.060020372
65.110,2.9987,19.9735,0.7957,3.0,20.0,1.0,0.017211482,-0.060814336,0.50283045,0.50283045,-0.01654589,0.060148746,0.017211482,-0.060814336,0.50283045,0.50283045,-0.01654589,0.060148746
65.160,2.9987,19.9734,0.7956,3.0,20.0,1.0,0.017257893,-0.06088294,0.50454134,0.50454134,-0.016589602,0.06021465,0.017257893,-0.06088294,0.50454134,0.50454134,-0.016589602,0.06021465
65.210,2.9987,19.9734,0.7955,3.0,20.0,1.0,0.017027719,-0.061032213,0.50667435,0.50667435,-0.016361156,0.06036565,0.017027719,-0.061032213,0.50667435,0.50667435,-0.016361156,0.06036565
65.260,2.9987,19.9733,0.7952,3.0,20.0,1.0,0.017055353,-0.061086316,0.5082035,0.5082035,-0.016386356,0.06041732,0.017055353,-0.061086316,0.5082035,0.5082035,-0.016386356,0.06041732
65.310,2.9987,19.9732,0.7950,3.0,20.0,1.0,0.01685787,-0.061267376,0.51084334,0.51084334,-0.016189756,0.060599264,0.01685787,-0.061267376,0.51084334,0.51084334,-0.016189756,0.060599264
65.360,2.9987,19.9731,0.7946,3.0,20.0,1.0,0.016872551,-0.061314646,0.5122177,0.5122177,-0.016202256,0.06064435,0.016872551,-0.061314646,0.5122177,0.5122177,-0.016202256,0.06064435
65.410,2.9987,19.9731,0.7944,3.0,20.0,1.0,0.01670418,-0.061532672,0.51525146,0.51525146,-0.0160341,0.060862593,0.01670418,-0.061532672,0.51525146,0.51525146,-0.0160341,0.060862593
65.460,2.9987,19.9730,0.7939,3.0,20.0,1.0,0.0167087,-0.06157235,0.51648545,0.51648545,-0.016036676,0.06090033,0.0167087,-0.06157235,0.51648545,0.51648545,-0.016036676,0.06090033
65.509,2.9987,19.9729,0.7933,3.0,20.0,1.0,0.016565282,-0.061831787,0.51983035,0.51983035,-0.015893012,0.061159518,0.016565282,-0.061831787,0.51983035,0.51983035,-0.015893012,0.061159518
65.560,2.9987,19.9728,0.7933,3.0,20.0,1.0,0.060489587,-0.15868008,1.0,1.0,-0.059022024,0.15721253,0.060489587,-0.15868008,1.0,1.0,-0.059022024,0.15721253
65.609,2.9987,19.9726,0.7941,3.0,20.0,1.0,0.017122466,-0.061059102,0.49665117,0.49665117,-0.016473638,0.060410276,0.017122466,-0.061059102,0.49665117,0.49665117,-0.016473638,0.060410276
65.660,2.9987,19.9726,0.7945,3.0,20.0,1.0,0.015894711,-0.060740583,0.489994,0.489994,-0.015255657,0.060101528,0.015894711,-0.060740583,0.489994,0.489994,-0.015255657,0.060101528
65.710,2.9987,19.9725,0.7949,3.0,20.0,1.0,0.016337465,-0.06088671,0.4936077,0.4936077,-0.015693214,0.06024246,0.016337465,-0.06088671,0.4936077,0.4936077,-0.015693214,0.06024246
65.760,2.9987,19.9723,0.7954,3.0,20.0,1.0,0.016021814,-0.060886316,0.49348545,0.49348545,-0.015379309,0.06024381,0.016021814,-0.060886316,0.49348545,0.49348545,-0.015379309,0.06024381
65.809,2.9987,19.9723,0.7957,3.0,20.0,1.0,0.015560255,-0.060875814,0.49298498,0.49298498,-0.014921188,0.06023675,0.015560255,-0.060875814,0.49298498,0.49298498,-0.014921188,0.06023675
65.859,2.9987,19.9722,0.7960,3.0,20.0,1.0,0.015689023,-0.060986247,0.4952408,0.4952408,-0.015047439,0.060344663,0.015689023,-0.060986247,0.4952408,0.4952408,-0.015047439,0.060344663
65.909,2.9987,19.9721,0.7961,3.0,20.0,1.0,0.015311938,-0.061016794,0.49570483,0.49570483,-0.014672948,0.060377806,0.015311938,-0.061016794,0.49570483,0.49570483,-0.014672948,0.060377806
65.960,2.9987,19.9720,0.7962,3.0,20.0,1.0,0.015407403,-0.06111428,0.49771845,0.49771845,-0.014765961,0.06047284,0.015407403,-0.06111428,0.49771845,0.49771845,-0.014765961,0.06047284
66.010,2.9987,19.9719,0.7962,3.0,20.0,1.0,0.015092867,-0.06118578,0.4989889,0.4989889,-0.014453116,0.06054603,0.015092867,-0.06118578,0.4989889,0.4989889,-0.014453116,0.06054603
66.059,2.9987,19.9718,0.7961,3.0,20.0,1.0,0.015168494,-0.061259117,0.50039345,0.50039345,-0.014526857,0.060617484,0.015168494,-0.061259117,0.50039345,0.50039345,-0.014526857,0.060617484
66.110,2.9987,19.9718,0.7960,3.0,20.0,1.0,0.014882469,-0.061387796,0.5027482,0.5027482,-0.014241386,0.060746714,0.014882469,-0.061387796,0.5027482,0.5027482,-0.014241386,0.060746714
66.160,2.9987,19.9717,0.7958,3.0,20.0,1.0,0.014926283,-0.061460074,0.5043575,0.5043575,-0.0142829465,0.060816735,0.014926283,-0.061460074,0.5043575,0.5043575,-0.0142829465,0.060816735
66.210,2.9987,19.9716,0.7956,3.0,20.0,1.0,0.014688728,-0.06160698,0.50690234,0.50690234,-0.014045548,0.060963802,0.014688728,-0.06160698,0.50690234,0.50690234,-0.014045548,0.060963802
66.260,2.9987,19.9715,0.7952,3.0,20.0,1.0,0.0147148855,-0.06166512,0.5083336,0.5083336,-0.014069843,0.06102008,0.0147148855,-0.06166512,0.5083336,0.5083336,-0.014069843,0.06102008
66.309,2.9987,19.9715,0.7949,3.0,20.0,1.0,0.014510408,-0.06184737,0.511338,0.511338,-0.013865062,0.061202023,0.014510408,-0.06184737,0.511338,0.511338,-0.013865062,0.061202023
66.359,2.9987,19.9714,0.7945,3.0,20.0,1.0,0.014523963,-0.061899103,0.51261914,0.51261914,-0.0138769625,0.061252102,0.014523963,-0.061899103,0.51261914,0.51261914,-0.0138769625,0.061252102
66.409,2.9987,19.9712,0.7939,3.0,20.0,1.0,0.014350677,-0.062118854,0.5159662,0.5159662,-0.013703058,0.061471235,0.014350677,-0.062118854,0.5159662,0.5159662,-0.013703058,0.061471235
66.460,2.9987,19.9712,0.7937,3.0,20.0,1.0,0.014229575,-0.062355243,0.5193329,0.5193329,-0.013581036,0.061706703,0.014229575,-0.062355243,0.5193329,0.5193329,-0.013581036,0.061706703
66.511,2.9987,19.9711,0.7933,3.0,20.0,1.0,0.01429692,-0.062279504,0.51911324,0.51911324,-0.013646671,0.061629254,0.01429692,-0.062279504,0.51911324,0.51911324,-0.013646671,0.061629254
66.560,2.9986,19.9710,0.7929,3.0,20.0,1.0,0.054704785,-0.15906061,1.0,1.0,-0.05328823,0.15764405,0.054704785,-0.15906061,1.0,1.0,-0.05328823,0.15764405
66.610,2.9986,19.9709,0.7933,3.0,20.0,1.0,0.014747666,-0.06179596,0.4994341,0.4994341,-0.014120774,0.06116907,0.014747666,-0.06179596,0.4994341,0.4994341,-0.014120774,0.06116907
66.660,2.9986,19.9708,0.7941,3.0,20.0,1.0,0.014231889,-0.061462168,0.4946521,0.4946521,-0.013607534,0.060837813,0.014231889,-0.061462168,0.4946521,0.4946521,-0.013607534,0.060837813
66.710,2.9986,19.9707,0.7945,3.0,20.0,1.0,0.013591717,-0.061367664,0.49226892,0.49226892,-0.012971065,0.060747012,0.013591717,-0.061367664,0.49226892,0.49226892,-0.012971065,0.060747012
66.760,2.9986,19.9706,0.7949,3.0,20.0,1.0,0.013747319,-0.061485905,0.4947168,0.4947168,-0.013124487,0.06086307,0.013747319,-0.061485905,0.4947168,0.4947168,-0.013124487,0.06086307
66.810,2.9986,19.9705,0.7952,3.0,20.0,1.0,0.013297378,-0.061493337,0.49438486,0.49438486,-0.0126771955,0.060873155,0.013297378,-0.061493337,0.49438486,0.49438486,-0.0126771955,0.060873155
66.860,2.9986,19.9704,0.7954,3.0,20.0,1.0,0.013419952,-0.061600026,0.49660328,0.49660328,-0.012797603,0.060977675,0.013419952,-0.061600026,0.49660328,0.49660328,-0.012797603,0.060977675
66.910,2.9986,19.9703,0.7955,3.0,20.0,1.0,0.013052455,-0.061645485,0.49719307,0.49719307,-0.012432178,0.06102521,0.013052455,-0.061645485,0.49719307,0.49719307,-0.012432178,0.06102521
66.960,2.9986,19.9702,0.7956,3.0,20.0,1.0,0.013142142,-0.061739992,0.4991734,0.4991734,-0.01251973,0.061117582,0.013142142,-0.061739992,0.4991734,0.4991734,-0.01251973,0.061117582
67.010,2.9986,19.9701,0.7956,3.0,20.0,1.0,0.012835832,-0.061824493,0.5005448,0.5005448,-0.012214897,0.061203558,0.012835832,-0.061824493,0.5005448,0.5005448,-0.012214897,0.061203558
67.060,2.9986,19.9700,0.7955,3.0,20.0,1.0,0.012891883,-0.061909344,0.50230885,0.50230885,-0.012268982,0.061286446,0.012891883,-0.061909344,0.50230885,0.50230885,-0.012268982,0.061286446
67.109,2.9986,19.9700,0.7953,3.0,20.0,1.0,0.012628866,-0.062034298,0.5043532,0.5043532,-0.012006935,0.061412368,0.012628866,-0.062034298,0.5043532,0.5043532,-0.012006935,0.061412368
67.159,2.9986,19.9699,0.7951,3.0,20.0,1.0,0.012666102,-0.062104408,0.50593305,0.50593305,-0.012042182,0.061480485,0.012666102,-0.062104408,0.50593305,0.50593305,-0.012042182,0.061480485
67.210,2.9986,19.9698,0.7949,3.0,20.0,1.0,0.012654365,-0.062152967,0.5069812,0.5069812,-0.0120294085,0.06152801,0.012654365,-0.062152967,0.5069812,0.5069812,-0.0120294085,0.06152801
67.259,2.9986,19.9697,0.7945,3.0,20.0,1.0,0.012342377,-0.062364463,0.51034254,0.51034254,-0.011718349,0.061740436,0.012342377,-0.062364463,0.51034254,0.51034254,-0.011718349,0.061740436
67.310,2.9986,19.9697,0.7943,3.0,20.0,1.0,0.012267653,-0.062503055,0.51271784,0.51271784,-0.011642803,0.061878208,0.012267653,-0.062503055,0.51271784,0.51271784,-0.011642803,0.061878208
67.359,2.9986,19.9696,0.7938,3.0,20.0,1.0,0.012281321,-0.06255373,0.51421183,0.51421183,-0.011654342,0.061926752,0.012281321,-0.06255373,0.51421183,0.51421183,-0.011654342,0.061926752
67.409,2.9986,19.9695,0.7932,3.0,20.0,1.0,0.012108343,-0.062789574,0.51769584,0.51769584,-0.011481369,0.062162597,0.012108343,-0.062789574,0.51769584,0.51769584,-0.011481369,0.062162597
67.460,2.9986,19.9694,0.7930,3.0,20.0,1.0,0.012004749,-0.0630183,0.5209245,0.5209245,-0.011377279,0.062390827,0.012004749,-0.0630183,0.5209245,0.5209245,-0.011377279,0.062390827
67.509,2.9986,19.9694,0.7926,3.0,20.0,1.0,0.012057131,-0.06294196,0.52070284,0.52070284,-0.011427695,0.062312525,0.012057131,-0.06294196,0.52070284,0.52070284,-0.011427695,0.062312525
67.560,2.9986,19.9693,0.7922,3.0,20.0,1.0,0.04936248,-0.15978378,1.0,1.0,-0.047994204,0.15841551,0.04936248,-0.15978378,1.0,1.0,-0.047994204,0.15841551
67.610,2.9986,19.9692,0.7926,3.0,20.0,1.0,0.012588486,-0.062406596,0.5008608,0.5008608,-0.0119821895,0.0618003,0.012588486,-0.062406596,0.5008608,0.5008608,-0.0119821895,0.0618003
67.660,2.9986,19.9690,0.7934,3.0,20.0,1.0,0.012078213,-0.062089115,0.49614203,0.49614203,-0.011473421,0.061484326,0.012078213,-0.062089115,0.49614203,0.49614203,-0.011473421,0.061484326
67.710,2.9986,19.9690,0.7938,3.0,20.0,1.0,0.011469742,-0.062005717,0.49376065,0.49376065,-0.010867911,0.06140389,0.011469742,-0.062005717,0.49376065,0.49376065,-0.010867911,0.06140389
67.759,2.9986,19.9688,0.7943,3.0,20.0,1.0,0.011605426,-0.062119063,0.49615383,0.49615383,-0.011001647,0.061515287,0.011605426,-0.062119063,0.49615383,0.49615383,-0.011001647,0.061515287
67.810,2.9986,19.9688,0.7945,3.0,20.0,1.0,0.011195936,-0.062116925,0.49540502,0.49540502,-0.010594632,0.061515618,0.011195936,-0.062116925,0.49540502,0.49540502,-0.010594632,0.061515618
67.860,2.9986,19.9687,0.7948,3.0,20.0,1.0,0.0112993615,-0.062238585,0.49806926,0.49806926,-0.010695604,0.061634824,0.0112993615,-0.062238585,0.49806926,0.49806926,-0.010695604,0.061634824
67.909,2.9986,19.9686,0.7949,3.0,20.0,1.0,0.010930874,-0.062281545,0.49850607,0.49850607,-0.010328886,0.061679557,0.010930874,-0.062281545,0.49850607,0.49850607,-0.010328886,0.061679557
67.960,2.9986,19.9685,0.7950,3.0,20.0,1.0,0.011021532,-0.062376663,0.50052035,0.50052035,-0.010417454,0.06177259,0.011021532,-0.062376663,0.50052035,0.50052035,-0.010417454,0.06177259
68.010,2.9986,19.9684,0.7950,3.0,20.0,1.0,0.010733016,-0.062459495,0.50182176,0.50182176,-0.010129885,0.061856367,0.010733016,-0.062459495,0.50182176,0.50182176,-0.010129885,0.061856367
68.060,2.9986,19.9684,0.7949,3.0,20.0,1.0,0.010780124,-0.06254438,0.50358534,0.50358534,-0.010175134,0.061939396,0.010780124,-0.06254438,0.50358534,0.50358534,-0.010175134,0.061939396
68.110,2.9986,19.9683,0.7947,3.0,20.0,1.0,0.010531839,-0.06266631,0.5055392,0.5055392,-0.0099272635,0.062061734,0.010531839,-0.06266631,0.5055392,0.5055392,-0.0099272635,0.062061734
68.160,2.9986,19.9682,0.7945,3.0,20.0,1.0,0.010365111,-0.06281588,0.5080238,0.5080238,-0.009759903,0.06221067,0.010365111,-0.06281588,0.5080238,0.5080238,-0.009759903,0.06221067
68.209,2.9986,19.9682,0.7944,3.0,20.0,1.0,0.010362511,-0.06287357,0.50922793,0.50922793,-0.009756183,0.062267248,0.010362511,-0.06287357,0.50922793,0.50922793,-0.009756183,0.062267248
68.259,2.9986,19.9681,0.7940,3.0,20.0,1.0,0.010200271,-0.063059516,0.51244134,0.51244134,-0.009592828,0.06245207,0.010200271,-0.063059516,0.51244134,0.51244134,-0.009592828,0.06245207
68.309,2.9986,19.9680,0.7938,3.0,20.0,1.0,0.0102987215,-0.06304962,0.51293284,0.51293284,-0.009689299,0.062440198,0.0102987215,-0.06304962,0.51293284,0.51293284,-0.009689299,0.062440198
68.360,2.9986,19.9679,0.7933,3.0,20.0,1.0,0.010179369,-0.06318596,0.51524746,0.51524746,-0.009569128,0.06257572,0.010179369,-0.06318596,0.51524746,0.51524746,-0.009569128,0.06257572
68.410,2.9986,19.9679,0.7930,3.0,20.0,1.0,0.010025022,-0.06340272,0.5185012,0.5185012,-0.009414067,0.062791765,0.010025022,-0.06340272,0.5185012,0.5185012,-0.009414067,0.062791765
68.460,2.9986,19.9678,0.7925,3.0,20.0,1.0,0.01001495,-0.06345223,0.5196798,0.5196798,-0.009402704,0.062839985,0.01001495,-0.06345223,0.5196798,0.5196798,-0.009402704,0.062839985
68.510,2.9986,19.9677,0.7922,3.0,20.0,1.0,0.009885931,-0.06370714,0.52316046,0.52316046,-0.009272917,0.06309413,0.009885931,-0.06370714,0.52316046,0.52316046,-0.009272917,0.06309413
68.560,2.9986,19.9676,0.7920,3.0,20.0,1.0,0.04411281,-0.16016136,1.0,1.0,-0.0427834,0.15883195,0.04411281,-0.16016136,1.0,1.0,-0.0427834,0.15883195
68.610,2.9986,19.9675,0.7925,3.0,20.0,1.0,0.010427361,-0.06288789,0.50021267,0.50021267,-0.0098359035,0.062296435,0.010427361,-0.06288789,0.50021267,0.50021267,-0.0098359035,0.062296435
68.660,2.9986,19.9674,0.7932,3.0,20.0,1.0,0.009977922,-0.06261768,0.495945,0.495945,-0.009387025,0.062026784,0.009977922,-0.06261768,0.495945,0.495945,-0.009387025,0.062026784
68.710,2.9986,19.9673,0.7936,3.0,20.0,1.0,0.009450653,-0.062578924,0.49412516,0.49412516,-0.008861145,0.061989415,0.009450653,-0.062578924,0.49412516,0.49412516,-0.008861145,0.061989415
68.760,2.9986,19.9672,0.7941,3.0,20.0,1.0,0.009583802,-0.06269362,0.49658284,0.49658284,-0.008992681,0.062102497,0.009583802,-0.06269362,0.49658284,0.49658284,-0.008992681,0.062102497
68.810,2.9986,19.9671,0.7944,3.0,20.0,1.0,0.009593275,-0.062753335,0.49775505,0.49775505,-0.00900136,0.06216142,0.009593275,-0.062753335,0.49775505,0.49775505,-0.00900136,0.06216142
68.859,2.9986,19.9671,0.7945,3.0,20.0,1.0,0.009015171,-0.06275254,0.49684265,0.49684265,-0.008425192,0.062162563,0.009015171,-0.06275254,0.49684265,0.49684265,-0.008425192,0.062162563
68.910,2.9986,19.9670,0.7947,3.0,20.0,1.0,0.009261577,-0.06286723,0.49950883,0.49950883,-0.008669121,0.062274776,0.009261577,-0.06286723,0.49950883,0.49950883,-0.008669121,0.062274776
68.959,2.9986,19.9669,0.7948,3.0,20.0,1.0,0.009015504,-0.062956,0.50097847,0.50097847,-0.008422736,0.06236323,0.009015504,-0.062956,0.50097847,0.50097847,-0.008422736,0.06236323
69.010,2.9986,19.9668,0.7948,3.0,20.0,1.0,0.008726455,-0.06303763,0.502237,0.502237,-0.008133955,0.062445126,0.008726455,-0.06303763,0.502237,0.502237,-0.008133955,0.062445126
69.060,2.9986,19.9668,0.7947,3.0,20.0,1.0,0.008549249,-0.06316229,0.50430053,0.50430053,-0.007956188,0.06256923,0.008549249,-0.06316229,0.50430053,0.50430053,-0.007956188,0.06256923
69.110,2.9986,19.9667,0.7945,3.0,20.0,1.0,0.008705888,-0.06321701,0.5057523,0.5057523,-0.008110562,0.062621675,0.008705888,-0.06321701,0.5057523,0.5057523,-0.008110562,0.062621675
69.160,2.9986,19.9666,0.7944,3.0,20.0,1.0,0.008368065,-0.06338761,0.5084443,0.5084443,-0.0077725174,0.06279206,0.008368065,-0.06338761,0.5084443,0.5084443,-0.0077725174,0.06279206
69.210,2.9986,19.9666,0.7942,3.0,20.0,1.0,0.008486876,-0.06340949,0.5093763,0.5093763,-0.007889525,0.06281214,0.008486876,-0.06340949,0.5093763,0.5093763,-0.007889525,0.06281214
69.260,2.9986,19.9665,0.7938,3.0,20.0,1.0,0.0083518885,-0.06352443,0.51145893,0.51145893,-0.007753559,0.062926106,0.0083518885,-0.06352443,0.51145893,0.51145893,-0.007753559,0.062926106
69.310,2.9986,19.9664,0.7936,3.0,20.0,1.0,0.008169776,-0.0637025,0.5143826,0.5143826,-0.0075704264,0.063103154,0.008169776,-0.0637025,0.5143826,0.5143826,-0.0075704264,0.063103154
69.359,2.9986,19.9664,0.7932,3.0,20.0,1.0,0.0081657395,-0.0637598,0.51566374,0.51566374,-0.007565115,0.063159175,0.0081657395,-0.0637598,0.51566374,0.51566374,-0.007565115,0.063159175
69.410,2.9986,19.9663,0.7929,3.0,20.0,1.0,0.00800861,-0.06397366,0.51891416,0.51891416,-0.007406869,0.06337192,0.00800861,-0.06397366,0.51891416,0.51891416,-0.007406869,0.06337192
69.460,2.9986,19.9662,0.7924,3.0,20.0,1.0,0.007996462,-0.06402322,0.5200593,0.5200593,-0.007393572,0.06342033,0.007996462,-0.06402322,0.5200593,0.5200593,-0.007393572,0.06342033
69.510,2.9986,19.9662,0.7920,3.0,20.0,1.0,0.007862359,-0.06427488,0.52354443,0.52354443,-0.007258383,0.063670896,0.007862359,-0.06427488,0.52354443,0.52354443,-0.007258383,0.063670896
69.559,2.9986,19.9661,0.7919,3.0,20.0,1.0,0.00785704,-0.064301215,0.52419645,0.52419645,-0.00725235,0.063696526,0.00785704,-0.064301215,0.52419645,0.52419645,-0.00725235,0.063696526
69.610,2.9986,19.9660,0.7924,3.0,20.0,1.0,0.008448108,-0.06340478,0.50049895,0.50049895,-0.0078647565,0.06282143,0.008448108,-0.06340478,0.50049895,0.50049895,-0.0078647565,0.06282143
69.660,2.9986,19.9658,0.7931,3.0,20.0,1.0,0.008002429,-0.0631421,0.49622354,0.49622354,-0.0074190693,0.06255874,0.008002429,-0.0631421,0.49622354,0.49622354,-0.0074190693,0.06255874
69.710,2.9986,19.9658,0.7935,3.0,20.0,1.0,0.0074819964,-0.06310317,0.49443027,0.49443027,-0.0068990733,0.06252025,0.0074819964,-0.06310317,0.49443027,0.49443027,-0.0068990733,0.06252025
69.759,2.9986,19.9657,0.7940,3.0,20.0,1.0,0.0076015824,-0.063217804,0.49681714,0.49681714,-0.0070173927,0.06263361,0.0076015824,-0.063217804,0.49681714,0.49681714,-0.0070173927,0.06263361
69.809,2.9986,19.9656,0.7942,3.0,20.0,1.0,0.0071990704,-0.06323074,0.49646518,0.49646518,-0.006615214,0.06264688,0.0071990704,-0.06323074,0.49646518,0.49646518,-0.006615214,0.06264688
69.860,2.9986,19.9655,0.7945,3.0,20.0,1.0,0.007291211,-0.063336045,0.49866536,0.49866536,-0.006705971,0.06275081,0.007291211,-0.063336045,0.49866536,0.49866536,-0.006705971,0.06275081
69.909,2.9986,19.9654,0.7947,3.0,20.0,1.0,0.006956601,-0.06337957,0.49919003,0.49919003,-0.0063714795,0.062794454,0.006956601,-0.06337957,0.49919003,0.49919003,-0.0063714795,0.062794454
69.960,2.9986,19.9654,0.7947,3.0,20.0,1.0,0.006742073,-0.06346789,0.5006957,0.5006957,-0.006156539,0.06288236,0.006742073,-0.06346789,0.5006957,0.5006957,-0.006156539,0.06288236
70.009,2.9986,19.9653,0.7947,3.0,20.0,1.0,0.0069524394,-0.06356273,0.50277644,0.50277644,-0.006364796,0.062975086,0.0069524394,-0.06356273,0.50277644,0.50277644,-0.006364796,0.062975086
70.059,2.9986,19.9652,0.7946,3.0,20.0,1.0,0.0065472033,-0.06366879,0.50446963,0.50446963,-0.0059595774,0.06308116,0.0065472033,-0.06366879,0.50446963,0.50446963,-0.0059595774,0.06308116
70.109,2.9986,19.9651,0.7944,3.0,20.0,1.0,0.0067054555,-0.0637334,0.50594074,0.50594074,-0.0061159497,0.063143894,0.0067054555,-0.0637334,0.50594074,0.50594074,-0.0061159497,0.063143894
70.159,2.9986,19.9651,0.7943,3.0,20.0,1.0,0.006360381,-0.063889265,0.5085917,0.5085917,-0.005770074,0.063298956,0.006360381,-0.063889265,0.5085917,0.5085917,-0.005770074,0.063298956
70.210,2.9986,19.9650,0.7941,3.0,20.0,1.0,0.0064782193,-0.06392171,0.50954527,0.50954527,-0.0058864383,0.063329935,0.0064782193,-0.06392171,0.50954527,0.50954527,-0.0058864383,0.063329935
70.259,2.9986,19.9650,0.7938,3.0,20.0,1.0,0.006338705,-0.06403173,0.51160985,0.51160985,-0.0057457793,0.0634388,0.006338705,-0.06403173,0.51160985,0.51160985,-0.0057457793,0.0634388
70.309,2.9986,19.9649,0.7935,3.0,20.0,1.0,0.0061490578,-0.06419909,0.5145064,0.5145064,-0.0055548428,0.06360488,0.0061490578,-0.06419909,0.5145064,0.5145064,-0.0055548428,0.06360488
70.360,2.9986,19.9648,0.7931,3.0,20.0,1.0,0.0061437376,-0.064260446,0.51578903,0.51578903,-0.005548342,0.06366505,0.0061437376,-0.064260446,0.51578903,0.51578903,-0.005548342,0.06366505
70.409,2.9986,19.9648,0.7928,3.0,20.0,1.0,0.0059952084,-0.06444476,0.5186133,0.5186133,-0.0053988085,0.06384836,0.0059952084,-0.06444476,0.5186133,0.5186133,-0.0053988085,0.06384836
70.459,2.9986,19.9647,0.7923,3.0,20.0,1.0,0.0059646037,-0.06451668,0.5201702,0.5201702,-0.005366793,0.063918866,0.0059646037,-0.06451668,0.5201702,0.5201702,-0.005366793,0.063918866
70.510,2.9986,19.9646,0.7920,3.0,20.0,1.0,0.005820937,-0.06475504,0.52363133,0.52363133,-0.0052218614,0.06415596,0.005820937,-0.06475504,0.52363133,0.52363133,-0.0052218614,0.06415596
70.559,2.9986,19.9645,0.7918,3.0,20.0,1.0,0.03440093,-0.16144389,1.0,1.0,-0.033104163,0.16014713,0.03440093,-0.16144389,1.0,1.0,-0.033104163,0.16014713
70.610,2.9986,19.9644,0.7923,3.0,20.0,1.0,0.0064471625,-0.06383599,0.5005849,0.5005849,-0.0058679823,0.063256815,0.0064471625,-0.06383599,0.5005849,0.5005849,-0.0058679823,0.063256815
70.660,2.9986,19.9643,0.7930,3.0,20.0,1.0,0.0060114413,-0.06358656,0.49631715,0.49631715,-0.0054316777,0.0630068,0.0060114413,-0.06358656,0.49631715,0.49631715,-0.0054316777,0.0630068
70.710,2.9986,19.9642,0.7934,3.0,20.0,1.0,0.0054880106,-0.06353992,0.4945006,0.4945006,-0.0049079265,0.062959835,0.0054880106,-0.06353992,0.4945006,0.4945006,-0.0049079265,0.062959835
70.760,2.9986,19.9641,0.7939,3.0,20.0,1.0,0.005608953,-0.06365898,0.4969276,0.4969276,-0.0050278343,0.06307786,0.005608953,-0.06365898,0.4969276,0.4969276,-0.0050278343,0.06307786
70.809,2.9986,19.9641,0.7942,3.0,20.0,1.0,0.0052016866,-0.063663326,0.49655095,0.49655095,-0.004620328,0.06308197,0.0052016866,-0.063663326,0.49655095,0.49655095,-0.004620328,0.06308197
70.860,2.9986,19.9640,0.7945,3.0,20.0,1.0,0.0052915877,-0.06377243,0.4987566,0.4987566,-0.0047090477,0.063189894,0.0052915877,-0.06377243,0.4987566,0.4987566,-0.0047090477,0.063189894
70.909,2.9986,19.9639,0.7946,3.0,20.0,1.0,0.0049524764,-0.06380688,0.4992636,0.4992636,-0.004369591,0.063223995,0.0049524764,-0.06380688,0.4992636,0.4992636,-0.004369591,0.063223995
70.960,2.9986,19.9639,0.7947,3.0,20.0,1.0,0.004736043,-0.0638874,0.50077933,0.50077933,-0.0041524405,0.0633038,0.004736043,-0.0638874,0.50077933,0.50077933,-0.0041524405,0.0633038
71.009,2.9986,19.9638,0.7946,3.0,20.0,1.0,0.004944899,-0.06399372,0.50286376,0.50286376,-0.0043595834,0.063408405,0.004944899,-0.06399372,0.50286376,0.50286376,-0.0043595834,0.063408405
71.059,2.9986,19.9637,0.7946,3.0,20.0,1.0,0.0045325295,-0.06408236,0.5045402,0.5045402,-0.003946602,0.06349643,0.0045325295,-0.06408236,0.5045402,0.5045402,-0.003946602,0.06349643
71.109,2.9986,19.9637,0.7945,3.0,20.0,1.0,0.0046924646,-0.0641588,0.50601727,0.50601727,-0.0041049793,0.06357131,0.0046924646,-0.0641588,0.50601727,0.50601727,-0.0041049793,0.06357131
71.159,2.9986,19.9636,0.7943,3.0,20.0,1.0,0.0045324555,-0.06424801,0.50779814,0.50779814,-0.003943738,0.06365929,0.0045324555,-0.06424801,0.50779814,0.50779814,-0.003943738,0.06365929
71.209,2.9986,19.9635,0.7941,3.0,20.0,1.0,0.004310382,-0.0643732,0.5102564,0.5102564,-0.00372023,0.06378305,0.004310382,-0.0643732,0.5102564,0.5102564,-0.00372023,0.06378305
71.260,2.9986,19.9635,0.7937,3.0,20.0,1.0,0.0043130293,-0.06444458,0.5116828,0.5116828,-0.003721629,0.06385318,0.0043130293,-0.06444458,0.5116828,0.5116828,-0.003721629,0.06385318
71.310,2.9986,19.9634,0.7935,3.0,20.0,1.0,0.0041345423,-0.06458206,0.51416594,0.51416594,-0.0035418298,0.06398935,0.0041345423,-0.06458206,0.51416594,0.51416594,-0.0035418298,0.06398935
71.359,2.9985,19.9633,0.7931,3.0,20.0,1.0,0.0041118115,-0.06466535,0.5158441,0.5158441,-0.0035176268,0.06407116,0.0041118115,-0.06466535,0.5158441,0.5158441,-0.0035176268,0.06407116
71.410,2.9985,19.9633,0.7928,3.0,20.0,1.0,0.003933461,-0.0648574,0.51910675,0.51910675,-0.0033375628,0.0642615,0.003933461,-0.0648574,0.51910675,0.51910675,-0.0033375628,0.0642615
71.459,2.9985,19.9632,0.7923,3.0,20.0,1.0,0.0039212466,-0.064915106,0.5202291,0.5202291,-0.003324373,0.06431823,0.0039212466,-0.064915106,0.5202291,0.5202291,-0.003324373,0.06431823
71.509,2.9985,19.9632,0.7920,3.0,20.0,1.0,0.0037684857,-0.06513975,0.5236783,0.5236783,-0.0031700092,0.06454127,0.0037684857,-0.06513975,0.5236783,0.5236783,-0.0031700092,0.06454127
71.560,2.9985,19.9631,0.7918,3.0,20.0,1.0,0.029448308,-0.16175811,1.0,1.0,-0.028153902,0.1604637,0.029448308,-0.16175811,1.0,1.0,-0.028153902,0.1604637
71.610,2.9985,19.9630,0.7923,3.0,20.0,1.0,0.004435323,-0.06417243,0.50061405,0.50061405,-0.003856044,0.06359315,0.004435323,-0.06417243,0.50061405,0.50061405,-0.003856044,0.06359315
71.659,2.9985,19.9629,0.7930,3.0,20.0,1.0,0.0040151975,-0.06394593,0.4963295,0.4963295,-0.0034348173,0.06336554,0.0040151975,-0.06394593,0.4963295,0.4963295,-0.0034348173,0.06336554
71.710,2.9985,19.9627,0.7937,3.0,20.0,1.0,0.0034857446,-0.06388404,0.49454156,0.49454156,-0.0029041518,0.06330244,0.0034857446,-0.06388404,0.49454156,0.49454156,-0.0029041518,0.06330244
71.759,2.9985,19.9627,0.7939,3.0,20.0,1.0,0.0031715962,-0.063909754,0.49467,0.49467,-0.0025891953,0.06332735,0.0031715962,-0.063909754,0.49467,0.49467,-0.0025891953,0.06332735
71.809,2.9985,19.9626,0.7943,3.0,20.0,1.0,0.0035198291,-0.064083144,0.49826023,0.49826023,-0.0029365472,0.06349986,0.0035198291,-0.064083144,0.49826023,0.49826023,-0.0029365472,0.06349986
71.859,2.9985,19.9625,0.7945,3.0,20.0,1.0,0.0029270404,-0.06404922,0.49748585,0.49748585,-0.002342891,0.063465066,0.0029270404,-0.06404922,0.49748585,0.49748585,-0.002342891,0.063465066
71.909,2.9985,19.9624,0.7946,3.0,20.0,1.0,0.003201721,-0.064195916,0.50026846,0.50026846,-0.0026164267,0.06361062,0.003201721,-0.064195916,0.50026846,0.50026846,-0.0026164267,0.06361062
71.959,2.9985,19.9624,0.7946,3.0,20.0,1.0,0.0027104546,-0.06421336,0.5008203,0.5008203,-0.002124151,0.06362705,0.0027104546,-0.06421336,0.5008203,0.5008203,-0.002124151,0.06362705
72.009,2.9985,19.9623,0.7946,3.0,20.0,1.0,0.002920136,-0.06433114,0.5028962,0.5028962,-0.0023325947,0.06374359,0.002920136,-0.06433114,0.5028962,0.5028962,-0.0023325947,0.06374359
72.060,2.9985,19.9623,0.7946,3.0,20.0,1.0,0.0027369899,-0.064399034,0.504326,0.504326,-0.002148243,0.06381029,0.0027369899,-0.064399034,0.504326,0.504326,-0.002148243,0.06381029
72.109,2.9985,19.9622,0.7945,3.0,20.0,1.0,0.0024824766,-0.064492084,0.5062514,0.5062514,-0.0018922105,0.06390182,0.0024824766,-0.064492084,0.5062514,0.5062514,-0.0018922105,0.06390182
72.159,2.9985,19.9622,0.7942,3.0,20.0,1.0,0.0024947224,-0.0645766,0.5078409,0.5078409,-0.0019031148,0.06398499,0.0024947224,-0.0645766,0.5078409,0.5078409,-0.0019031148,0.06398499
72.209,2.9985,19.9621,0.7941,3.0,20.0,1.0,0.0022671593,-0.064691946,0.5102929,0.5102929,-0.0016736703,0.064098455,0.0022671593,-0.064691946,0.5102929,0.5102929,-0.0016736703,0.064098455
72.260,2.9985,19.9620,0.7937,3.0,20.0,1.0,0.0022685432,-0.06476779,0.5117185,0.5117185,-0.00167389,0.06417314,0.0022685432,-0.06476779,0.5117185,0.5117185,-0.00167389,0.06417314
72.310,2.9985,19.9620,0.7935,3.0,20.0,1.0,0.0020649442,-0.06491253,0.51459754,0.51459754,-0.0014682016,0.06431578,0.0020649442,-0.06491253,0.51459754,0.51459754,-0.0014682016,0.06431578
72.360,2.9985,19.9619,0.7931,3.0,20.0,1.0,0.0020557963,-0.06498385,0.5158912,0.5158912,-0.0014580186,0.06438607,0.0020557963,-0.06498385,0.5158912,0.5158912,-0.0014580186,0.06438607
72.410,2.9985,19.9619,0.7928,3.0,20.0,1.0,0.0018733538,-0.06516124,0.519099,0.519099,-0.0012734715,0.06456136,0.0018733538,-0.06516124,0.519099,0.519099,-0.0012734715,0.06456136
72.460,2.9985,19.9618,0.7923,3.0,20.0,1.0,0.0018571386,-0.06522619,0.52026546,0.52026546,-0.0012563531,0.064625405,0.0018571386,-0.06522619,0.52026546,0.52026546,-0.0012563531,0.064625405
72.510,2.9985,19.9617,0.7919,3.0,20.0,1.0,0.0016947002,-0.065439165,0.52370214,0.52370214,-0.001091954,0.06483641,0.0016947002,-0.065439165,0.52370214,0.52370214,-0.001091954,0.06483641
72.560,2.9985,19.9616,0.7918,3.0,20.0,1.0,0.024485052,-0.16197143,1.0,1.0,-0.023181975,0.16066834,0.024485052,-0.16197143,1.0,1.0,-0.023181975,0.16066834
72.610,2.9985,19.9615,0.7927,3.0,20.0,1.0,0.0024003508,-0.06442627,0.50062805,0.50062805,-0.0018163163,0.06384224,0.0024003508,-0.06442627,0.50062805,0.50062805,-0.0018163163,0.06384224
72.659,2.9985,19.9614,0.7930,3.0,20.0,1.0,0.0014681073,-0.06408211,0.49303067,0.49303067,-0.00088124047,0.06349524,0.0014681073,-0.06408211,0.49303067,0.49303067,-0.00088124047,0.06349524
72.710,2.9985,19.9613,0.7937,3.0,20.0,1.0,0.0018563393,-0.064258434,0.49698284,0.49698284,-0.0012696643,0.06367176,0.0018563393,-0.064258434,0.49698284,0.49698284,-0.0012696643,0.06367176
72.760,2.9985,19.9613,0.7939,3.0,20.0,1.0,0.0011409315,-0.064169765,0.49468854,0.49468854,-0.0005520058,0.06358084,0.0011409315,-0.064169765,0.49468854,0.49468854,-0.0005520058,0.06358084
72.809,2.9985,19.9611,0.7943,3.0,20.0,1.0,0.0014857698,-0.06435055,0.49826148,0.49826148,-0.0008965911,0.063761376,0.0014857698,-0.06435055,0.49826148,0.49826148,-0.0008965911,0.063761376
72.860,2.9985,19.9611,0.7944,3.0,20.0,1.0,0.000889037,-0.06430793,0.49747193,0.49747193,-0.00029805364,0.06371695,0.000889037,-0.06430793,0.49747193,0.49747193,-0.00029805364,0.06371695
72.909,2.9985,19.9611,0.7946,3.0,20.0,1.0,0.0011611742,-0.06446144,0.5002574,0.5002574,-0.00056956225,0.06386983,0.0011611742,-0.06446144,0.5002574,0.5002574,-0.00056956225,0.06386983
72.959,2.9985,19.9610,0.7946,3.0,20.0,1.0,0.00094964646,-0.064507425,0.50126904,0.50126904,-0.00035670507,0.063914485,0.00094964646,-0.064507425,0.50126904,0.50126904,-0.00035670507,0.063914485
73.010,2.9985,19.9609,0.7946,3.0,20.0,1.0,0.0006660208,-0.064539924,0.5021248,0.5021248,-7.182269e-05,0.063945726,0.0006660208,-0.064539924,0.5021248,0.5021248,-7.182269e-05,0.063945726
73.060,2.9985,19.9609,0.7946,3.0,20.0,1.0,0.0006899896,-0.06466119,0.5043178,0.5043178,-9.4325056e-05,0.06406552,0.0006899896,-0.06466119,0.5043178,0.5043178,-9.4325056e-05,0.06406552
73.110,2.9985,19.9608,0.7945,3.0,20.0,1.0,0.00042162096,-0.06474629,0.5062218,0.5062218,0.00017594548,0.064148724,0.00042162096,-0.06474629,0.5062218,0.5062218,0.00017594548,0.064148724
73.160,2.9985,19.9607,0.7942,3.0,20.0,1.0,0.0004390337,-0.06483442,0.5078065,0.5078065,0.00015977888,0.06423561,0.0004390337,-0.06483442,0.5078065,0.5078065,0.00015977888,0.06423561
73.209,2.9985,19.9607,0.7941,3.0,20.0,1.0,0.00020414252,-0.06494235,0.51025206,0.51025206,0.0003969085,0.0643413,0.00020414252,-0.06494235,0.51025206,0.51025206,0.0003969085,0.0643413
73.259,2.9985,19.9606,0.7937,3.0,20.0,1.0,0.0002036949,-0.06502181,0.51168126,0.51168126,0.00039845827,0.06441966,0.0002036949,-0.06502181,0.51168126,0.51168126,0.00039845827,0.06441966
73.310,2.9985,19.9606,0.7935,3.0,20.0,1.0,0.00017782851,-0.06507671,0.51269686,0.51269686,0.0004251487,0.06447373,0.00017782851,-0.06507671,0.51269686,0.51269686,0.0004251487,0.06447373
73.360,2.9985,19.9605,0.7931,3.0,20.0,1.0,-1.5421285e-05,-0.06523251,0.5158379,0.5158379,0.0006209686,0.06462696,-1.5421285e-05,-0.06523251,0.5158379,0.5158379,0.0006209686,0.06462696
73.410,2.9985,19.9604,0.7928,3.0,20.0,1.0,-0.00021431301,-0.06540404,0.51911205,0.51911205,0.0008223262,0.06479602,-0.00021431301,-0.06540404,0.51911205,0.51911205,0.0008223262,0.06479602
73.460,2.9985,19.9604,0.7923,3.0,20.0,1.0,-0.00022679876,-0.06547041,0.52022254,0.52022254,0.00083561527,0.064861596,-0.00022679876,-0.06547041,0.52022254,0.52022254,0.00083561527,0.064861596
73.509,2.9985,19.9603,0.7920,3.0,20.0,1.0,-0.00039850155,-0.0656729,0.5236488,0.5236488,0.0010095489,0.06506185,-0.00039850155,-0.0656729,0.5236488,0.5236488,0.0010095489,0.06506185
73.560,2.9985,19.9602,0.7918,3.0,20.0,1.0,0.019435184,-0.16200855,1.0,1.0,-0.01811438,0.16068776,0.019435184,-0.16200855,1.0,1.0,-0.01811438,0.16068776
73.610,2.9985,19.9601,0.7923,3.0,20.0,1.0,0.00034383326,-0.06461632,0.5005749,0.5005749,0.00024876388,0.064023726,0.00034383326,-0.06461632,0.5005749,0.5005749,0.00024876388,0.064023726
73.660,2.9985,19.9600,0.7930,3.0,20.0,1.0,-5.5039483e-05,-0.06441719,0.49634507,0.49634507,0.00064962165,0.063822605,-5.5039483e-05,-0.06441719,0.49634507,0.49634507,0.00064962165,0.063822605
73.709,2.9985,19.9599,0.7937,3.0,20.0,1.0,-0.0005988424,-0.064347155,0.49445352,0.49445352,0.0011962487,0.063749745,-0.0005988424,-0.064347155,0.49445352,0.49445352,0.0011962487,0.063749745
73.760,2.9985,19.9599,0.7939,3.0,20.0,1.0,-0.0009121767,-0.06436776,0.4946346,0.4946346,0.0015112966,0.06376864,-0.0009121767,-0.06436776,0.4946346,0.4946346,0.0015112966,0.06376864
73.810,2.9985,19.9597,0.7943,3.0,20.0,1.0,-0.00056805665,-0.06455411,0.49822658,0.49822658,0.0011668779,0.063955285,-0.00056805665,-0.06455411,0.49822658,0.49822658,0.0011668779,0.063955285
73.860,2.9985,19.9597,0.7945,3.0,20.0,1.0,-0.0011704266,-0.064503714,0.49743697,0.49743697,0.0017718791,0.06390227,-0.0011704266,-0.064503714,0.49743697,0.49743697,0.0017718791,0.06390227
73.910,2.9985,19.9597,0.7946,3.0,20.0,1.0,-0.0008979034,-0.06466423,0.50022596,0.50022596,0.0014995378,0.064062595,-0.0008979034,-0.06466423,0.50022596,0.50022596,0.0014995378,0.064062595
73.960,2.9985,19.9596,0.7947,3.0,20.0,1.0,-0.001110592,-0.064709805,0.50125813,0.50125813,0.0017138091,0.06410659,-0.001110592,-0.064709805,0.50125813,0.50125813,0.0017138091,0.06410659
74.010,2.9985,19.9595,0.7947,3.0,20.0,1.0,-0.0014154636,-0.064756386,0.50250506,0.50250506,0.0020206566,0.06415119,-0.0014154636,-0.064756386,0.50250506,0.50250506,0.0020206566,0.06415119
74.060,2.9985,19.9595,0.7946,3.0,20.0,1.0,-0.0013806744,-0.06486079,0.50428563,0.50428563,0.0019868799,0.06425458,-0.0013806744,-0.06486079,0.50428563,0.50428563,0.0019868799,0.06425458
74.109,2.9985,19.9594,0.7945,3.0,20.0,1.0,-0.0016294965,-0.06492233,0.5058034,0.5058034,0.0022375712,0.06431425,-0.0016294965,-0.06492233,0.5058034,0.5058034,0.0022375712,0.06431425
74.160,2.9985,19.9593,0.7943,3.0,20.0,1.0,-0.0016357786,-0.065033026,0.5077882,0.5077882,0.002245392,0.06442341,-0.0016357786,-0.065033026,0.5077882,0.5077882,0.002245392,0.06442341
74.212,2.9985,19.9593,0.7941,3.0,20.0,1.0,-0.0018769529,-0.06513556,0.51024127,0.51024127,0.0024890946,0.06452342,-0.0018769529,-0.06513556,0.51024127,0.51024127,0.0024890946,0.06452342
74.260,2.9985,19.9592,0.7937,3.0,20.0,1.0,-0.001874113,-0.06521966,0.51167303,0.51167303,0.0024872948,0.06460648,-0.001874113,-0.06521966,0.51167303,0.51167303,0.0024872948,0.06460648
74.310,2.9985,19.9592,0.7935,3.0,20.0,1.0,-0.002108755,-0.065351926,0.51463753,0.51463753,0.0027247174,0.064735964,-0.002108755,-0.065351926,0.51463753,0.51463753,0.0027247174,0.064735964
74.359,2.9985,19.9591,0.7933,3.0,20.0,1.0,-0.002218449,-0.065446526,0.51653427,0.51653427,0.0028360076,0.06482896,-0.002218449,-0.065446526,0.51653427,0.51653427,0.0028360076,0.06482896
74.410,2.9985,19.9591,0.7928,3.0,20.0,1.0,-0.0023064537,-0.065589376,0.51904744,0.51904744,0.0029258728,0.06496996,-0.0023064537,-0.065589376,0.51904744,0.51904744,0.0029258728,0.06496996
74.460,2.9985,19.9590,0.7923,3.0,20.0,1.0,-0.0023247958,-0.06566256,0.52021307,0.52021307,0.0029450173,0.06504235,-0.0023247958,-0.06566256,0.52021307,0.52021307,0.0029450173,0.06504235
74.509,2.9985,19.9589,0.7917,3.0,20.0,1.0,-0.002504028,-0.065859005,0.52364683,0.52364683,0.0031266417,0.06523639,-0.002504028,-0.065859005,0.52364683,0.52364683,0.0031266417,0.06523639
74.560,2.9985,19.9588,0.7916,3.0,20.0,1.0,0.014201374,-0.16169646,1.0,1.0,-0.012856998,0.1603521,0.014201374,-0.16169646,1.0,1.0,-0.012856998,0.1603521
74.610,2.9985,19.9587,0.7925,3.0,20.0,1.0,-0.0015317658,-0.064729765,0.5002944,0.5002944,0.002134592,0.06412694,-0.0015317658,-0.064729765,0.5002944,0.5002944,0.002134592,0.06412694
74.660,2.9985,19.9586,0.7928,3.0,20.0,1.0,-0.002589749,-0.064481765,0.4937707,0.4937707,0.0031989426,0.06387257,-0.002589749,-0.064481765,0.4937707,0.4937707,0.0031989426,0.06387257
74.710,2.9985,19.9586,0.7933,3.0,20.0,1.0,-0.0022370762,-0.06464462,0.4973079,0.4973079,0.0028451052,0.06403659,-0.0022370762,-0.06464462,0.4973079,0.4973079,0.0028451052,0.06403659
74.760,2.9985,19.9585,0.7938,3.0,20.0,1.0,-0.0025361713,-0.06465711,0.4971913,0.4971913,0.003146448,0.06404683,-0.0025361713,-0.06465711,0.4971913,0.4971913,0.003146448,0.06404683
74.809,2.9985,19.9584,0.7941,3.0,20.0,1.0,-0.002967101,-0.06464424,0.49663725,0.49663725,0.0035800624,0.06403128,-0.002967101,-0.06464424,0.49663725,0.49663725,0.0035800624,0.06403128
74.860,2.9985,19.9583,0.7944,3.0,20.0,1.0,-0.0028806468,-0.0647655,0.49889225,0.49889225,0.0034939994,0.064152144,-0.0028806468,-0.0647655,0.49889225,0.49889225,0.0034939994,0.064152144
74.910,2.9985,19.9583,0.7945,3.0,20.0,1.0,-0.003238472,-0.064781375,0.49929428,0.49929428,0.0038540766,0.06416577,-0.003238472,-0.064781375,0.49929428,0.49929428,0.0038540766,0.06416577
74.960,2.9985,19.9582,0.7946,3.0,20.0,1.0,-0.003184197,-0.064893425,0.5012897,0.5012897,0.003800492,0.06427713,-0.003184197,-0.064893425,0.5012897,0.5012897,0.003800492,0.06427713
75.010,2.9985,19.9581,0.7946,3.0,20.0,1.0,-0.0034902112,-0.06493827,0.5024494,0.5024494,0.0041086474,0.064319834,-0.0034902112,-0.06493827,0.5024494,0.5024494,0.0041086474,0.064319834
75.060,2.9985,19.9581,0.7946,3.0,20.0,1.0,-0.0034568796,-0.065044336,0.504249,0.504249,0.0040762275,0.064424984,-0.0034568796,-0.065044336,0.504249,0.504249,0.0040762275,0.064424984
75.110,2.9985,19.9580,0.7945,3.0,20.0,1.0,-0.0037277408,-0.06512288,0.5060707,0.5060707,0.0043493053,0.064501315,-0.0037277408,-0.06512288,0.5060707,0.5060707,0.0043493053,0.064501315
75.160,2.9985,19.9580,0.7943,3.0,20.0,1.0,-0.0037168118,-0.065218434,0.50768644,0.50768644,0.0043395106,0.06459574,-0.0037168118,-0.065218434,0.50768644,0.50768644,0.0043395106,0.06459574
75.210,2.9985,19.9579,0.7941,3.0,20.0,1.0,-0.0039630383,-0.06531777,0.51005316,0.51005316,0.004588241,0.064692564,-0.0039630383,-0.06531777,0.51005316,0.51005316,0.004588241,0.064692564
75.259,2.9985,19.9578,0.7938,3.0,20.0,1.0,-0.003963754,-0.06540333,0.51149976,0.51149976,0.004589981,0.0647771,-0.003963754,-0.06540333,0.51149976,0.51149976,0.004589981,0.0647771
75.310,2.9985,19.9578,0.7936,3.0,20.0,1.0,-0.003994341,-0.065461166,0.5125133,0.5125133,0.004621396,0.06483412,-0.003994341,-0.065461166,0.5125133,0.5125133,0.004621396,0.06483412
75.359,2.9985,19.9577,0.7932,3.0,20.0,1.0,-0.0041960287,-0.06561135,0.51559955,0.51559955,0.0048257886,0.06498159,-0.0041960287,-0.06561135,0.51559955,0.51559955,0.0048257886,0.06498159
75.410,2.9985,19.9576,0.7927,3.0,20.0,1.0,-0.004407645,-0.065771595,0.51882315,0.51882315,0.005039995,0.06513925,-0.004407645,-0.065771595,0.51882315,0.51882315,0.005039995,0.06513925
75.460,2.9985,19.9576,0.7924,3.0,20.0,1.0,-0.004555729,-0.065947905,0.52189356,0.52189356,0.005190109,0.065313525,-0.004555729,-0.065947905,0.52189356,0.52189356,0.005190109,0.065313525
75.510,2.9985,19.9575,0.7918,3.0,20.0,1.0,-0.0045011328,-0.06595921,0.5218449,0.5218449,0.005135556,0.06532478,-0.0045011328,-0.06595921,0.5218449,0.5218449,0.005135556,0.06532478
75.559,2.9985,19.9575,0.7918,3.0,20.0,1.0,0.009041848,-0.16153099,1.0,1.0,-0.0076690665,0.16015822,0.009041848,-0.16153099,1.0,1.0,-0.0076690665,0.16015822
75.610,2.9985,19.9574,0.7922,3.0,20.0,1.0,-0.0035915384,-0.06487098,0.49995768,0.49995768,0.004206825,0.06425569,-0.0035915384,-0.06487098,0.49995768,0.49995768,0.004206825,0.06425569
75.660,2.9985,19.9573,0.7930,3.0,20.0,1.0,-0.004114411,-0.06476236,0.49690405,0.49690405,0.004733678,0.06414309,-0.004114411,-0.06476236,0.49690405,0.49690405,0.004733678,0.06414309
75.710,2.9985,19.9572,0.7934,3.0,20.0,1.0,-0.004695196,-0.06467672,0.49430907,0.49430907,0.005318642,0.064053275,-0.004695196,-0.06467672,0.49430907,0.49430907,0.005318642,0.064053275
75.760,2.9985,19.9571,0.7940,3.0,20.0,1.0,-0.0045922687,-0.064804606,0.49675325,0.49675325,0.00521577,0.064181104,-0.0045922687,-0.064804606,0.49675325,0.49675325,0.00521577,0.064181104
75.810,2.9985,19.9570,0.7942,3.0,20.0,1.0,-0.005015598,-0.06479238,0.49621096,0.49621096,0.005642004,0.06416597,-0.005015598,-0.06479238,0.49621096,0.49621096,0.005642004,0.06416597
75.859,2.9985,19.9570,0.7946,3.0,20.0,1.0,-0.004934578,-0.064915396,0.4984754,0.4984754,0.005561315,0.06428866,-0.004934578,-0.064915396,0.4984754,0.4984754,0.005561315,0.06428866
75.909,2.9985,19.9569,0.7947,3.0,20.0,1.0,-0.0052958718,-0.06492842,0.49882138,0.49882138,0.0059250495,0.06429924,-0.0052958718,-0.06492842,0.49882138,0.49882138,0.0059250495,0.06429924
75.960,2.9985,19.9568,0.7948,3.0,20.0,1.0,-0.005242124,-0.0650432,0.50083494,0.50083494,0.005871934,0.06441339,-0.005242124,-0.0650432,0.50083494,0.50083494,0.005871934,0.06441339
76.010,2.9985,19.9568,0.7948,3.0,20.0,1.0,-0.005524659,-0.065066926,0.5015917,0.5015917,0.0061563733,0.064435214,-0.005524659,-0.065066926,0.5015917,0.5015917,0.0061563733,0.064435214
76.059,2.9985,19.9567,0.7948,3.0,20.0,1.0,-0.0054962076,-0.065175205,0.50339913,0.50339913,0.006128837,0.06454258,-0.0054962076,-0.065175205,0.50339913,0.50339913,0.006128837,0.06454258
76.110,2.9985,19.9567,0.7947,3.0,20.0,1.0,-0.0057983804,-0.06527026,0.5056017,0.5056017,0.006433799,0.06463484,-0.0057983804,-0.06527026,0.5056017,0.5056017,0.006433799,0.06463484
76.159,2.9985,19.9566,0.7945,3.0,20.0,1.0,-0.005779546,-0.06536872,0.50720865,0.50720865,0.0064160232,0.06473224,-0.005779546,-0.06536872,0.50720865,0.50720865,0.0064160232,0.06473224
76.210,2.9985,19.9565,0.7942,3.0,20.0,1.0,-0.006024681,-0.06546643,0.5095632,0.5095632,0.0066638086,0.0648273,-0.006024681,-0.06546643,0.5095632,0.5095632,0.0066638086,0.0648273
76.260,2.9985,19.9565,0.7940,3.0,20.0,1.0,-0.006208176,-0.06559158,0.5122733,0.5122733,0.006849901,0.064949855,-0.006208176,-0.06559158,0.5122733,0.5122733,0.006849901,0.064949855
76.309,2.9985,19.9564,0.7936,3.0,20.0,1.0,-0.006115009,-0.065655984,0.51287556,0.51287556,0.0067568207,0.06501417,-0.006115009,-0.065655984,0.51287556,0.51287556,0.0067568207,0.06501417
76.359,2.9985,19.9564,0.7934,3.0,20.0,1.0,-0.006421853,-0.065831974,0.51678514,0.51678514,0.007067331,0.06518649,-0.006421853,-0.065831974,0.51678514,0.51678514,0.007067331,0.06518649
76.409,2.9985,19.9563,0.7931,3.0,20.0,1.0,-0.006350787,-0.06587264,0.5170287,0.5170287,0.0069962176,0.06522721,-0.006350787,-0.06587264,0.5170287,0.5170287,0.0069962176,0.06522721
76.459,2.9985,19.9563,0.7926,3.0,20.0,1.0,-0.0064909193,-0.06600051,0.51944864,0.51944864,0.0071383435,0.06535308,-0.0064909193,-0.06600051,0.51944864,0.51944864,0.0071383435,0.06535308
76.510,2.9985,19.9562,0.7923,3.0,20.0,1.0,-0.0066754916,-0.06618955,0.5228512,0.5228512,0.007325339,0.0655397,-0.0066754916,-0.06618955,0.5228512,0.5228512,0.007325339,0.0655397
76.560,2.9985,19.9561,0.7921,3.0,20.0,1.0,0.004121113,-0.16173589,1.0,1.0,-0.0027139199,0.1603287,0.004121113,-0.16173589,1.0,1.0,-0.0027139199,0.1603287
76.610,2.9985,19.9560,0.7926,3.0,20.0,1.0,-0.00581368,-0.06501623,0.4997773,0.4997773,0.0064446973,0.06438522,-0.00581368,-0.06501623,0.4997773,0.4997773,0.0064446973,0.06438522
76.660,2.9985,19.9559,0.7934,3.0,20.0,1.0,-0.006214025,-0.06483221,0.49551582,0.49551582,0.006848545,0.06419769,-0.006214025,-0.06483221,0.49551582,0.49551582,0.006848545,0.06419769
76.709,2.9985,19.9559,0.7938,3.0,20.0,1.0,-0.006733317,-0.0647821,0.49365306,0.49365306,0.0073721833,0.06414323,-0.006733317,-0.0647821,0.49365306,0.49365306,0.0073721833,0.06414323
76.759,2.9985,19.9558,0.7943,3.0,20.0,1.0,-0.0066335374,-0.06491291,0.49608794,0.49608794,0.007272328,0.06427412,-0.0066335374,-0.06491291,0.49608794,0.49608794,0.007272328,0.06427412
76.809,2.9985,19.9557,0.7946,3.0,20.0,1.0,-0.0070468546,-0.064905785,0.4956867,0.4956867,0.007688943,0.064263694,-0.0070468546,-0.064905785,0.4956867,0.4956867,0.007688943,0.064263694
76.860,2.9985,19.9556,0.7948,3.0,20.0,1.0,-0.0069745127,-0.06502888,0.49790704,0.49790704,0.0076168613,0.06438654,-0.0069745127,-0.06502888,0.49790704,0.49790704,0.0076168613,0.06438654
76.910,2.9985,19.9556,0.7949,3.0,20.0,1.0,-0.0069833635,-0.06509677,0.49905685,0.49905685,0.007626309,0.064453825,-0.0069833635,-0.06509677,0.49905685,0.49905685,0.007626309,0.064453825
76.959,2.9985,19.9555,0.7950,3.0,20.0,1.0,-0.007504917,-0.06508379,0.49921095,0.49921095,0.008151594,0.06443711,-0.007504917,-0.06508379,0.49921095,0.49921095,0.008151594,0.06443711
77.010,2.9985,19.9555,0.7950,3.0,20.0,1.0,-0.0075824703,-0.06521459,0.5016602,0.5016602,0.008230794,0.06456626,-0.0075824703,-0.06521459,0.5016602,0.5016602,0.008230794,0.06456626
77.060,2.9985,19.9554,0.7949,3.0,20.0,1.0,-0.0075549493,-0.06532446,0.50343436,0.50343436,0.008204088,0.06467532,-0.0075549493,-0.06532446,0.50343436,0.50343436,0.008204088,0.06467532
77.110,2.9985,19.9553,0.7948,3.0,20.0,1.0,-0.0075811595,-0.0653903,0.5045188,0.5045188,0.0082311155,0.06474034,-0.0075811595,-0.0653903,0.5045188,0.5045188,0.0082311155,0.06474034
77.160,2.9985,19.9553,0.7946,3.0,20.0,1.0,-0.008012735,-0.065519035,0.50782317,0.50782317,0.008667141,0.064864635,-0.008012735,-0.065519035,0.50782317,0.50782317,0.008667141,0.064864635
77.210,2.9985,19.9552,0.7943,3.0,20.0,1.0,-0.007907421,-0.06560171,0.50878996,0.50878996,0.008561951,0.06494717,-0.007907421,-0.06560171,0.50878996,0.50878996,0.008561951,0.06494717
77.260,2.9985,19.9552,0.7941,3.0,20.0,1.0,-0.008242484,-0.06573908,0.5122273,0.5122273,0.008900837,0.06508073,-0.008242484,-0.06573908,0.5122273,0.5122273,0.008900837,0.06508073
77.309,2.9985,19.9551,0.7938,3.0,20.0,1.0,-0.008267829,-0.06580835,0.51337004,0.51337004,0.008927012,0.065149166,-0.008267829,-0.06580835,0.51337004,0.51337004,0.008927012,0.065149166
77.359,2.9985,19.9550,0.7934,3.0,20.0,1.0,-0.008304956,-0.06591566,0.5150426,0.5150426,0.008965387,0.065255225,-0.008304956,-0.06591566,0.5150426,0.5150426,0.008965387,0.065255225
77.410,2.9985,19.9550,0.7931,3.0,20.0,1.0,-0.008509011,-0.0660793,0.5183265,0.5183265,0.009172135,0.06541618,-0.008509011,-0.0660793,0.5183265,0.5183265,0.009172135,0.06541618
77.459,2.9985,19.9549,0.7926,3.0,20.0,1.0,-0.008531834,-0.066158414,0.51946187,0.51946187,0.00919571,0.06549454,-0.008531834,-0.066158414,0.51946187,0.51946187,0.00919571,0.06549454
77.510,2.9985,19.9549,0.7923,3.0,20.0,1.0,-0.008713619,-0.06635564,0.5229494,0.5229494,0.009379764,0.06568949,-0.008713619,-0.06635564,0.5229494,0.5229494,0.009379764,0.06568949
77.560,2.9985,19.9548,0.7921,3.0,20.0,1.0,-0.00092180504,-0.16144998,1.0,1.0,0.002364465,0.16000731,-0.00092180504,-0.16144998,1.0,1.0,0.002364465,0.16000731
77.610,2.9985,19.9547,0.7926,3.0,20.0,1.0,-0.0078100935,-0.06515567,0.49997303,0.49997303,0.008456837,0.06450893,-0.0078100935,-0.06515567,0.49997303,0.49997303,0.008456837,0.06450893
77.659,2.9985,19.9546,0.7933,3.0,20.0,1.0,-0.00821169,-0.064975895,0.4956784,0.4956784,0.008862402,0.06432518,-0.00821169,-0.064975895,0.4956784,0.4956784,0.008862402,0.06432518
77.710,2.9985,19.9545,0.7937,3.0,20.0,1.0,-0.008698644,-0.06491809,0.49351957,0.49351957,0.009353508,0.064263225,-0.008698644,-0.06491809,0.49351957,0.49351957,0.009353508,0.064263225
77.760,2.9985,19.9544,0.7942,3.0,20.0,1.0,-0.008610336,-0.065077126,0.49648494,0.49648494,0.009265382,0.064422086,-0.008610336,-0.065077126,0.49648494,0.49648494,0.009265382,0.064422086
77.810,2.9985,19.9544,0.7945,3.0,20.0,1.0,-0.00906286,-0.065066285,0.4958312,0.4958312,0.009721582,0.064407565,-0.00906286,-0.065066285,0.4958312,0.4958312,0.009721582,0.064407565
77.859,2.9985,19.9543,0.7947,3.0,20.0,1.0,-0.008963037,-0.065197736,0.4982081,0.4982081,0.009621774,0.064539,-0.008963037,-0.065197736,0.4982081,0.4982081,0.009621774,0.064539
77.910,2.9985,19.9542,0.7948,3.0,20.0,1.0,-0.009316284,-0.065225706,0.49870807,0.49870807,0.009977854,0.06456414,-0.009316284,-0.065225706,0.49870807,0.49870807,0.009977854,0.06456414
77.960,2.9985,19.9542,0.7949,3.0,20.0,1.0,-0.009268341,-0.065341994,0.500691,0.500691,0.009930416,0.06467992,-0.009268341,-0.065341994,0.500691,0.500691,0.009930416,0.06467992
78.010,2.9985,19.9541,0.7949,3.0,20.0,1.0,-0.009290305,-0.06540886,0.5018041,0.5018041,0.0099531,0.06474607,-0.009290305,-0.06540886,0.5018041,0.5018041,0.0099531,0.06474607
78.060,2.9985,19.9540,0.7948,3.0,20.0,1.0,-0.009539878,-0.06551369,0.5037916,0.5037916,0.010205213,0.06484836,-0.009539878,-0.06551369,0.5037916,0.5037916,0.010205213,0.06484836
78.109,2.9985,19.9540,0.7946,3.0,20.0,1.0,-0.009809073,-0.06560516,0.50573987,0.50573987,0.010476847,0.06493739,-0.009809073,-0.06560516,0.50573987,0.50573987,0.010476847,0.06493739
78.160,2.9985,19.9539,0.7945,3.0,20.0,1.0,-0.009995932,-0.065724105,0.5082115,0.5082115,0.010665978,0.06505406,-0.009995932,-0.065724105,0.5082115,0.5082115,0.010665978,0.06505406
78.210,2.9985,19.9539,0.7943,3.0,20.0,1.0,-0.010017394,-0.06579332,0.5094095,0.5094095,0.010688241,0.06512247,-0.010017394,-0.06579332,0.5094095,0.5094095,0.010688241,0.06512247
78.259,2.9985,19.9538,0.7939,3.0,20.0,1.0,-0.010213855,-0.06595437,0.5126057,0.5126057,0.010887225,0.065280996,-0.010213855,-0.06595437,0.5126057,0.5126057,0.010887225,0.065280996
78.310,2.9985,19.9538,0.7937,3.0,20.0,1.0,-0.010243333,-0.066024125,0.51375663,0.51375663,0.010917466,0.06534999,-0.010243333,-0.066024125,0.51375663,0.51375663,0.010917466,0.06534999
78.360,2.9985,19.9537,0.7933,3.0,20.0,1.0,-0.010282241,-0.06613212,0.5154098,0.5154098,0.010957674,0.06545669,-0.010282241,-0.06613212,0.5154098,0.5154098,0.010957674,0.06545669
78.410,2.9985,19.9537,0.7930,3.0,20.0,1.0,-0.010490163,-0.06631059,0.5188371,0.5188371,0.01116765,0.0656331,-0.010490163,-0.06631059,0.5188371,0.5188371,0.01116765,0.0656331
78.460,2.9985,19.9536,0.7925,3.0,20.0,1.0,-0.01050843,-0.066384144,0.5198524,0.5198524,0.01118668,0.065705895,-0.01050843,-0.066384144,0.5198524,0.5198524,0.01118668,0.065705895
78.510,2.9985,19.9535,0.7921,3.0,20.0,1.0,-0.010681419,-0.066590555,0.5233421,0.5233421,0.0113611715,0.0659108,-0.010681419,-0.066590555,0.5233421,0.5233421,0.0113611715,0.0659108
78.560,2.9985,19.9535,0.7919,3.0,20.0,1.0,-0.00584427,-0.1610733,1.0,1.0,0.007316057,0.15960151,-0.00584427,-0.1610733,1.0,1.0,0.007316057,0.15960151
78.609,2.9985,19.9534,0.7924,3.0,20.0,1.0,-0.008570787,-0.15509847,1.0,1.0,0.010012377,0.15365687,-0.008570787,-0.15509847,1.0,1.0,0.010012377,0.15365687
78.659,2.9985,19.9533,0.7932,3.0,20.0,1.0,-0.010128747,-0.065189,0.49609706,0.49609706,0.01079254,0.0645252,-0.010128747,-0.065189,0.49609706,0.49609706,0.01079254,0.0645252
78.710,2.9985,19.9532,0.7936,3.0,20.0,1.0,-0.010629951,-0.065163895,0.49429056,0.49429056,0.01129801,0.06449584,-0.010629951,-0.065163895,0.49429056,0.49429056,0.01129801,0.06449584
78.759,2.9985,19.9531,0.7940,3.0,20.0,1.0,-0.010540819,-0.06529154,0.4967129,0.4967129,0.011208825,0.06462353,-0.010540819,-0.06529154,0.4967129,0.4967129,0.011208825,0.06462353
78.810,2.9985,19.9530,0.7943,3.0,20.0,1.0,-0.010936959,-0.06530682,0.49635854,0.49635854,0.011608029,0.064635746,-0.010936959,-0.06530682,0.49635854,0.49635854,0.011608029,0.064635746
78.860,2.9985,19.9530,0.7946,3.0,20.0,1.0,-0.010875502,-0.06542709,0.49855635,0.49855635,0.011546867,0.06475572,-0.010875502,-0.06542709,0.49855635,0.49855635,0.011546867,0.06475572
78.909,2.9985,19.9529,0.7947,3.0,20.0,1.0,-0.01120703,-0.065468095,0.4991055,0.4991055,0.011880826,0.0647943,-0.01120703,-0.065468095,0.4991055,0.4991055,0.011880826,0.0647943
78.960,2.9985,19.9528,0.7947,3.0,20.0,1.0,-0.011172171,-0.06558138,0.50106287,0.50106287,0.01184659,0.06490696,-0.011172171,-0.06558138,0.50106287,0.50106287,0.01184659,0.06490696
79.010,2.9985,19.9528,0.7947,3.0,20.0,1.0,-0.011454184,-0.06565047,0.5023625,0.5023625,0.012130708,0.06497395,-0.011454184,-0.06565047,0.5023625,0.5023625,0.012130708,0.06497395
79.059,2.9985,19.9527,0.7947,3.0,20.0,1.0,-0.011607211,-0.065714106,0.50356734,0.50356734,0.012284972,0.06503635,-0.011607211,-0.065714106,0.50356734,0.50356734,0.012284972,0.06503635
79.109,2.9985,19.9527,0.7944,3.0,20.0,1.0,-0.011693525,-0.0658586,0.5060701,0.5060701,0.012372937,0.06517919,-0.011693525,-0.0658586,0.5060701,0.5060701,0.012372937,0.06517919
79.159,2.9985,19.9526,0.7943,3.0,20.0,1.0,-0.011878226,-0.06598237,0.5085351,0.5085351,0.012559556,0.06530104,-0.011878226,-0.06598237,0.5085351,0.5085351,0.012559556,0.06530104
79.209,2.9985,19.9525,0.7940,3.0,20.0,1.0,-0.011786515,-0.06605702,0.5094736,0.5094736,0.01246844,0.0653751,-0.011786515,-0.06605702,0.5094736,0.5094736,0.01246844,0.0653751
79.260,2.9985,19.9525,0.7938,3.0,20.0,1.0,-0.012094569,-0.06621967,0.5129244,0.5129244,0.012778902,0.065535344,-0.012094569,-0.06621967,0.5129244,0.5129244,0.012778902,0.065535344
79.310,2.9985,19.9525,0.7936,3.0,20.0,1.0,-0.012028479,-0.06627375,0.51343167,0.51343167,0.012713414,0.06558881,-0.012028479,-0.06627375,0.51343167,0.51343167,0.012713414,0.06558881
79.360,2.9985,19.9524,0.7931,3.0,20.0,1.0,-0.012170363,-0.066398926,0.515729,0.515729,0.012856837,0.06571245,-0.012170363,-0.066398926,0.515729,0.515729,0.012856837,0.06571245
79.410,2.9985,19.9524,0.7928,3.0,20.0,1.0,-0.012355677,-0.06657921,0.5189942,0.5189942,0.013043693,0.06589119,-0.012355677,-0.06657921,0.5189942,0.5189942,0.013043693,0.06589119
79.459,2.9985,19.9523,0.7923,3.0,20.0,1.0,-0.012387877,-0.066658504,0.5201325,0.5201325,0.013076807,0.06596957,-0.012387877,-0.066658504,0.5201325,0.5201325,0.013076807,0.06596957
79.510,2.9985,19.9522,0.7920,3.0,20.0,1.0,-0.012551047,-0.06687151,0.5235911,0.5235911,0.013241018,0.06618154,-0.012551047,-0.06687151,0.5235911,0.5235911,0.013241018,0.06618154
79.559,2.9985,19.9522,0.7918,3.0,20.0,1.0,-0.010400755,-0.1611251,1.0,1.0,0.011895145,0.1596307,-0.010400755,-0.1611251,1.0,1.0,0.011895145,0.1596307
79.610,2.9985,19.9521,0.7923,3.0,20.0,1.0,-0.011555975,-0.06561252,0.50056195,0.50056195,0.0122249145,0.064943574,-0.011555975,-0.06561252,0.50056195,0.50056195,0.0122249145,0.064943574
79.659,2.9985,19.9520,0.7931,3.0,20.0,1.0,-0.011956002,-0.065439746,0.49629363,0.49629363,0.012629964,0.06476578,-0.011956002,-0.065439746,0.49629363,0.49629363,0.012629964,0.06476578
79.709,2.9985,19.9519,0.7935,3.0,20.0,1.0,-0.0124467295,-0.06542279,0.49446407,0.49446407,0.013125008,0.06474451,-0.0124467295,-0.06542279,0.49446407,0.49446407,0.013125008,0.06474451
79.759,2.9985,19.9518,0.7940,3.0,20.0,1.0,-0.012363061,-0.06554972,0.49689156,0.49689156,0.013041281,0.0648715,-0.012363061,-0.06554972,0.49689156,0.49689156,0.013041281,0.0648715
79.809,2.9985,19.9517,0.7942,3.0,20.0,1.0,-0.012749147,-0.065572545,0.49652278,0.49652278,0.01343041,0.06489128,-0.012749147,-0.065572545,0.49652278,0.49652278,0.01343041,0.06489128
79.859,2.9985,19.9517,0.7945,3.0,20.0,1.0,-0.012693904,-0.0656921,0.4987242,0.4987242,0.013375465,0.06501054,-0.012693904,-0.0656921,0.4987242,0.4987242,0.013375465,0.06501054
79.909,2.9985,19.9516,0.7946,3.0,20.0,1.0,-0.013019219,-0.06573874,0.49923936,0.49923936,0.013703154,0.065054804,-0.013019219,-0.06573874,0.49923936,0.49923936,0.013703154,0.065054804
79.960,2.9985,19.9516,0.7947,3.0,20.0,1.0,-0.012986489,-0.065852836,0.50121933,0.50121933,0.013671033,0.06516829,-0.012986489,-0.065852836,0.50121933,0.50121933,0.013671033,0.06516829
80.010,2.9985,19.9515,0.7947,3.0,20.0,1.0,-0.013263515,-0.06592685,0.5024904,0.5024904,0.013950056,0.06524031,-0.013263515,-0.06592685,0.5024904,0.5024904,0.013950056,0.06524031
80.060,2.9985,19.9514,0.7946,3.0,20.0,1.0,-0.013253881,-0.066035144,0.5042619,0.5042619,0.013941294,0.06534773,-0.013253881,-0.066035144,0.5042619,0.5042619,0.013941294,0.06534773
80.109,2.9985,19.9514,0.7945,3.0,20.0,1.0,-0.013498541,-0.06614003,0.50617987,0.50617987,0.014187797,0.06545077,-0.013498541,-0.06614003,0.50617987,0.50617987,0.014187797,0.06545077
80.159,2.9985,19.9513,0.7943,3.0,20.0,1.0,-0.013508055,-0.06623682,0.5077696,0.5077696,0.014198413,0.06554645,-0.013508055,-0.06623682,0.5077696,0.5077696,0.014198413,0.06554645
80.210,2.9985,19.9513,0.7939,3.0,20.0,1.0,-0.013727563,-0.066362426,0.5102255,0.5102255,0.01441973,0.06567026,-0.013727563,-0.066362426,0.5102255,0.5102255,0.01441973,0.06567026
80.260,2.9985,19.9512,0.7938,3.0,20.0,1.0,-0.013891152,-0.066511504,0.51299924,0.51299924,0.014584866,0.06581779,-0.013891152,-0.066511504,0.51299924,0.51299924,0.014584866,0.06581779
80.310,2.9985,19.9512,0.7935,3.0,20.0,1.0,-0.013836611,-0.06656491,0.51353526,0.51353526,0.014531104,0.06587042,-0.013836611,-0.06656491,0.51353526,0.51353526,0.014531104,0.06587042
80.360,2.9985,19.9511,0.7931,3.0,20.0,1.0,-0.013975109,-0.06669369,0.51581705,0.51581705,0.014670952,0.06599785,-0.013975109,-0.06669369,0.51581705,0.51581705,0.014670952,0.06599785
80.410,2.9985,19.9511,0.7928,3.0,20.0,1.0,-0.01415098,-0.066878416,0.5190345,0.5190345,0.014848008,0.066181384,-0.01415098,-0.066878416,0.5190345,0.5190345,0.014848008,0.066181384
80.460,2.9985,19.9510,0.7923,3.0,20.0,1.0,-0.014188655,-0.06695955,0.5201964,0.5201964,0.014886638,0.06626157,-0.014188655,-0.06695955,0.5201964,0.5201964,0.014886638,0.06626157
80.509,2.9985,19.9510,0.7920,3.0,20.0,1.0,-0.014345359,-0.067179084,0.5236476,0.5236476,0.015043956,0.06648049,-0.014345359,-0.067179084,0.5236476,0.5236476,0.015043956,0.06648049
80.560,2.9985,19.9509,0.7918,3.0,20.0,1.0,-0.014780644,-0.16127579,1.0,1.0,0.016294368,0.15976207,-0.014780644,-0.16127579,1.0,1.0,0.016294368,0.15976207
80.610,2.9985,19.9508,0.7923,3.0,20.0,1.0,-0.013306773,-0.06588893,0.50059205,0.50059205,0.013983781,0.065211914,-0.013306773,-0.06588893,0.50059205,0.50059205,0.013983781,0.065211914
80.659,2.9985,19.9507,0.7930,3.0,20.0,1.0,-0.013711265,-0.065718435,0.49630886,0.49630886,0.014393772,0.065035924,-0.013711265,-0.065718435,0.49630886,0.49630886,0.014393772,0.065035924
80.709,2.9985,19.9506,0.7934,3.0,20.0,1.0,-0.014189724,-0.06570887,0.49451244,0.49451244,0.014876487,0.06502211,-0.014189724,-0.06570887,0.49451244,0.49451244,0.014876487,0.06502211
80.760,2.9985,19.9505,0.7939,3.0,20.0,1.0,-0.014112318,-0.065835565,0.49693087,0.49693087,0.0147990165,0.06514887,-0.014112318,-0.065835565,0.49693087,0.49693087,0.0147990165,0.06514887
80.809,2.9985,19.9504,0.7943,3.0,20.0,1.0,-0.014490071,-0.06586473,0.49656382,0.49656382,0.015179687,0.065175116,-0.014490071,-0.06586473,0.49656382,0.49656382,0.015179687,0.065175116
80.859,2.9985,19.9504,0.7945,3.0,20.0,1.0,-0.014740659,-0.06593397,0.4974319,0.4974319,0.015432002,0.06524263,-0.014740659,-0.06593397,0.4974319,0.4974319,0.015432002,0.06524263
80.909,2.9985,19.9503,0.7946,3.0,20.0,1.0,-0.014528528,-0.06608018,0.5002385,0.5002385,0.0152195655,0.06538915,-0.014528528,-0.06608018,0.5002385,0.5002385,0.0152195655,0.06538915
80.960,2.9985,19.9503,0.7947,3.0,20.0,1.0,-0.014970822,-0.0661268,0.5007812,0.5007812,0.015664335,0.065433286,-0.014970822,-0.0661268,0.5007812,0.5007812,0.015664335,0.065433286
81.009,2.9985,19.9502,0.7946,3.0,20.0,1.0,-0.014816519,-0.066251144,0.5028688,0.5028688,0.015510398,0.065557264,-0.014816519,-0.066251144,0.5028688,0.5028688,0.015510398,0.065557264
81.059,2.9985,19.9502,0.7946,3.0,20.0,1.0,-0.0151915215,-0.06634534,0.504549,0.504549,0.0158873,0.06564956,-0.0151915215,-0.06634534,0.504549,0.504549,0.0158873,0.06564956
81.110,2.9985,19.9502,0.7945,3.0,20.0,1.0,-0.015085214,-0.06644358,0.5060223,0.5060223,0.01578181,0.06574698,-0.015085214,-0.06644358,0.5060223,0.5060223,0.01578181,0.06574698
81.159,2.9985,19.9501,0.7943,3.0,20.0,1.0,-0.015247561,-0.06654378,0.50780195,0.50780195,0.015945591,0.06584575,-0.015247561,-0.06654378,0.50780195,0.50780195,0.015945591,0.06584575
81.210,2.9985,19.9501,0.7941,3.0,20.0,1.0,-0.015461769,-0.06667339,0.51026094,0.51026094,0.016161261,0.06597389,-0.015461769,-0.06667339,0.51026094,0.51026094,0.016161261,0.06597389
81.259,2.9985,19.9500,0.7937,3.0,20.0,1.0,-0.015485542,-0.06676509,0.5116821,0.5116821,0.016186155,0.06606448,-0.015485542,-0.06676509,0.5116821,0.5116821,0.016186155,0.06606448
81.309,2.9985,19.9499,0.7935,3.0,20.0,1.0,-0.01565167,-0.06689902,0.5141724,0.5141724,0.016353067,0.06619762,-0.01565167,-0.06689902,0.5141724,0.5141724,0.016353067,0.06619762
81.359,2.9985,19.9499,0.7931,3.0,20.0,1.0,-0.015709504,-0.067010745,0.5158538,0.5158538,0.016412366,0.06630789,-0.015709504,-0.067010745,0.5158538,0.5158538,0.016412366,0.06630789
81.410,2.9985,19.9498,0.7928,3.0,20.0,1.0,-0.015880203,-0.067201726,0.51909256,0.51909256,0.016583769,0.06649816,-0.015880203,-0.067201726,0.51909256,0.51909256,0.016583769,0.06649816
81.459,2.9985,19.9498,0.7923,3.0,20.0,1.0,-0.015896458,-0.06725856,0.519837,0.519837,0.01660063,0.06655438,-0.015896458,-0.06725856,0.519837,0.519837,0.01660063,0.06655438
81.510,2.9985,19.9497,0.7920,3.0,20.0,1.0,-0.016069654,-0.06750654,0.52367383,0.52367383,0.016774345,0.066801846,-0.016069654,-0.06750654,0.52367383,0.52367383,0.016774345,0.066801846
81.559,2.9985,19.9496,0.7918,3.0,20.0,1.0,-0.018968903,-0.1615425,1.0,1.0,0.020496918,0.16001448,-0.018968903,-0.1615425,1.0,1.0,0.020496918,0.16001448
81.610,2.9985,19.9496,0.7923,3.0,20.0,1.0,-0.021036541,-0.15562904,1.0,1.0,0.022530153,0.15413542,-0.021036541,-0.15562904,1.0,1.0,0.022530153,0.15413542
81.660,2.9985,19.9495,0.7930,3.0,20.0,1.0,-0.015384594,-0.0660219,0.49645618,0.49645618,0.016073084,0.06533341,-0.015384594,-0.0660219,0.49645618,0.49645618,0.016073084,0.06533341
81.710,2.9985,19.9494,0.7934,3.0,20.0,1.0,-0.015426101,-0.06608067,0.4972433,0.4972433,0.016115455,0.06539132,-0.015426101,-0.06608067,0.4972433,0.4972433,0.016115455,0.06539132
81.760,2.9985,19.9494,0.7937,3.0,20.0,1.0,-0.016099349,-0.06604621,0.49430913,0.49430913,0.016793976,0.065351576,-0.016099349,-0.06604621,0.49430913,0.49430913,0.016793976,0.065351576
81.810,2.9985,19.9492,0.7943,3.0,20.0,1.0,-0.016202658,-0.066167764,0.49631262,0.49631262,0.016898349,0.065472074,-0.016202658,-0.066167764,0.49631262,0.49631262,0.016898349,0.065472074
81.860,2.9985,19.9492,0.7945,3.0,20.0,1.0,-0.016404936,-0.066250555,0.49742365,0.49742365,0.017101971,0.06555352,-0.016404936,-0.066250555,0.49742365,0.49742365,0.017101971,0.06555352
81.910,2.9985,19.9491,0.7946,3.0,20.0,1.0,-0.016414195,-0.06633009,0.4988714,0.4988714,0.01711166,0.06563262,-0.016414195,-0.06633009,0.4988714,0.4988714,0.01711166,0.06563262
81.960,2.9985,19.9491,0.7947,3.0,20.0,1.0,-0.016398028,-0.06647117,0.5013179,0.5013179,0.017096477,0.06577272,-0.016398028,-0.06647117,0.5013179,0.5013179,0.017096477,0.06577272
82.010,2.9985,19.9490,0.7947,3.0,20.0,1.0,-0.016681284,-0.06654869,0.50247896,0.50247896,0.017381297,0.06584868,-0.016681284,-0.06654869,0.50247896,0.50247896,0.017381297,0.06584868
82.060,2.9985,19.9490,0.7946,3.0,20.0,1.0,-0.016667476,-0.066658415,0.5042705,0.5042705,0.017368363,0.06595753,-0.016667476,-0.066658415,0.5042705,0.5042705,0.017368363,0.06595753
82.111,2.9985,19.9489,0.7945,3.0,20.0,1.0,-0.016897881,-0.06677072,0.5061808,0.5061808,0.017600065,0.06606854,-0.016897881,-0.06677072,0.5061808,0.5061808,0.017600065,0.06606854
82.160,2.9985,19.9489,0.7943,3.0,20.0,1.0,-0.016913854,-0.066869944,0.5077831,0.5077831,0.0176172,0.066166595,-0.016913854,-0.066869944,0.5077831,0.5077831,0.0176172,0.066166595
82.210,2.9985,19.9488,0.7941,3.0,20.0,1.0,-0.017124983,-0.06700358,0.5102437,0.5102437,0.01782948,0.06629908,-0.017124983,-0.06700358,0.5102437,0.5102437,0.01782948,0.06629908
82.260,2.9985,19.9488,0.7938,3.0,20.0,1.0,-0.017149715,-0.067095436,0.5116476,0.5116476,0.017855357,0.06638979,-0.017149715,-0.067095436,0.5116476,0.5116476,0.017855357,0.06638979
82.310,2.9985,19.9487,0.7935,3.0,20.0,1.0,-0.017332204,-0.06725729,0.514525,0.514525,0.01803869,0.066550806,-0.017332204,-0.06725729,0.514525,0.514525,0.01803869,0.066550806
82.359,2.9985,19.9487,0.7931,3.0,20.0,1.0,-0.017345482,-0.067321174,0.5154173,0.5154173,0.018052641,0.06661402,-0.017345482,-0.067321174,0.5154173,0.5154173,0.018052641,0.06661402
82.410,2.9985,19.9486,0.7928,3.0,20.0,1.0,-0.017531034,-0.06753937,0.51901764,0.51901764,0.018238932,0.06683148,-0.017531034,-0.06753937,0.51901764,0.51901764,0.018238932,0.06683148
82.459,2.9985,19.9486,0.7923,3.0,20.0,1.0,-0.017576385,-0.0676227,0.520184,0.520184,0.018285329,0.066913754,-0.017576385,-0.0676227,0.520184,0.520184,0.018285329,0.066913754
82.509,2.9985,19.9485,0.7920,3.0,20.0,1.0,-0.017718347,-0.06785123,0.5236283,0.5236283,0.018426947,0.06714263,-0.017718347,-0.06785123,0.5236283,0.5236283,0.018426947,0.06714263
82.559,2.9985,19.9484,0.7918,3.0,20.0,1.0,-0.02293551,-0.16200715,1.0,1.0,0.024473807,0.16046886,-0.02293551,-0.16200715,1.0,1.0,0.024473807,0.16046886
82.610,2.9985,19.9484,0.7923,3.0,20.0,1.0,-0.016596124,-0.06649761,0.50055116,0.50055116,0.01728221,0.06581152,-0.016596124,-0.06649761,0.50055116,0.50055116,0.01728221,0.06581152
82.660,2.9985,19.9483,0.7930,3.0,20.0,1.0,-0.016994212,-0.06633989,0.49630037,0.49630037,0.01768659,0.065647505,-0.016994212,-0.06633989,0.49630037,0.49630037,0.01768659,0.065647505
82.710,2.9985,19.9482,0.7937,3.0,20.0,1.0,-0.017469844,-0.06632833,0.49446282,0.49446282,0.01816659,0.06563158,-0.017469844,-0.06632833,0.49446282,0.49446282,0.01816659,0.06563158
82.760,2.9985,19.9481,0.7939,3.0,20.0,1.0,-0.017751519,-0.06638633,0.49460813,0.49460813,0.01845035,0.06568749,-0.017751519,-0.06638633,0.49460813,0.49460813,0.01845035,0.06568749
82.809,2.9985,19.9480,0.7944,3.0,20.0,1.0,-0.017494353,-0.06655204,0.49820203,0.49820203,0.018192118,0.065854274,-0.017494353,-0.06655204,0.49820203,0.49820203,0.018192118,0.065854274
82.860,2.9985,19.9480,0.7945,3.0,20.0,1.0,-0.018003505,-0.066566005,0.49742067,0.49742067,0.018704368,0.06586514,-0.018003505,-0.066566005,0.49742067,0.49742067,0.018704368,0.06586514
82.910,2.9985,19.9479,0.7946,3.0,20.0,1.0,-0.017811803,-0.06671183,0.5002012,0.5002012,0.018512512,0.066011116,-0.017811803,-0.06671183,0.5002012,0.5002012,0.018512512,0.066011116
82.959,2.9985,19.9479,0.7947,3.0,20.0,1.0,-0.018227546,-0.06676764,0.5007655,0.5007655,0.018930227,0.066064954,-0.018227546,-0.06676764,0.5007655,0.5007655,0.018930227,0.066064954
83.009,2.9985,19.9478,0.7947,3.0,20.0,1.0,-0.018094907,-0.06689091,0.5028349,0.5028349,0.018798163,0.06618766,-0.018094907,-0.06689091,0.5028349,0.5028349,0.018798163,0.06618766
83.059,2.9985,19.9478,0.7946,3.0,20.0,1.0,-0.018267656,-0.066981964,0.50426406,0.50426406,0.018972166,0.06627745,-0.018267656,-0.066981964,0.50426406,0.50426406,0.018972166,0.06627745
83.109,2.9985,19.9477,0.7945,3.0,20.0,1.0,-0.01849263,-0.067095906,0.5061839,0.5061839,0.019198246,0.06639028,-0.01849263,-0.067095906,0.5061839,0.5061839,0.019198246,0.06639028
83.160,2.9985,19.9477,0.7943,3.0,20.0,1.0,-0.018513316,-0.067195676,0.50777304,0.50777304,0.019220078,0.066488914,-0.018513316,-0.067195676,0.50777304,0.50777304,0.019220078,0.066488914
83.210,2.9985,19.9477,0.7941,3.0,20.0,1.0,-0.018712224,-0.067331694,0.51022923,0.51022923,0.019419922,0.06662399,-0.018712224,-0.067331694,0.51022923,0.51022923,0.019419922,0.06662399
83.260,2.9985,19.9476,0.7937,3.0,20.0,1.0,-0.018745,-0.06742624,0.51165897,0.51165897,0.019453842,0.0667174,-0.018745,-0.06742624,0.51165897,0.51165897,0.019453842,0.0667174
83.309,2.9985,19.9476,0.7935,3.0,20.0,1.0,-0.018919704,-0.06759062,0.5145372,0.5145372,0.019629102,0.066881225,-0.018919704,-0.06759062,0.5145372,0.5145372,0.019629102,0.066881225
83.360,2.9985,19.9475,0.7933,3.0,20.0,1.0,-0.018936196,-0.06765584,0.5154333,0.5154333,0.019646293,0.06694575,-0.018936196,-0.06765584,0.5154333,0.5154333,0.019646293,0.06694575
83.410,2.9985,19.9475,0.7928,3.0,20.0,1.0,-0.01911454,-0.06787726,0.51903033,0.51903033,0.019825017,0.06716678,-0.01911454,-0.06787726,0.51903033,0.51903033,0.019825017,0.06716678
83.459,2.9985,19.9474,0.7923,3.0,20.0,1.0,-0.019164253,-0.06796283,0.5202166,0.5202166,0.019875783,0.0672513,-0.019164253,-0.06796283,0.5202166,0.5202166,0.019875783,0.0672513
83.509,2.9985,19.9474,0.7920,3.0,20.0,1.0,-0.01929827,-0.0681946,0.5236619,0.5236619,0.02000905,0.06748382,-0.01929827,-0.0681946,0.5236619,0.5236619,0.02000905,0.06748382
83.560,2.9985,19.9473,0.7918,3.0,20.0,1.0,-0.02675643,-0.16238932,1.0,1.0,0.028300488,0.16084526,-0.02675643,-0.16238932,1.0,1.0,0.028300488,0.16084526
83.610,2.9985,19.9472,0.7923,3.0,20.0,1.0,-0.028536892,-0.1565211,1.0,1.0,0.030045336,0.15501265,-0.028536892,-0.1565211,1.0,1.0,0.030045336,0.15501265
83.660,2.9985,19.9471,0.7930,3.0,20.0,1.0,-0.018938828,-0.066577375,0.49319524,0.49319524,0.019636694,0.06587951,-0.018938828,-0.066577375,0.49319524,0.49319524,0.019636694,0.06587951
83.710,2.9985,19.9470,0.7937,3.0,20.0,1.0,-0.018682145,-0.0667253,0.4969104,0.4969104,0.01937866,0.06602878,-0.018682145,-0.0667253,0.4969104,0.4969104,0.01937866,0.06602878
83.759,2.9985,19.9470,0.7939,3.0,20.0,1.0,-0.019277718,-0.0667126,0.49463588,0.49463588,0.0199787,0.06601162,-0.019277718,-0.0667126,0.49463588,0.49463588,0.0199787,0.06601162
83.809,2.9985,19.9469,0.7943,3.0,20.0,1.0,-0.019028574,-0.066877656,0.49824086,0.49824086,0.019728504,0.066177726,-0.019028574,-0.066877656,0.49824086,0.49824086,0.019728504,0.066177726
83.860,2.9985,19.9468,0.7945,3.0,20.0,1.0,-0.019521384,-0.06689946,0.49745739,0.49745739,0.020224217,0.06619663,-0.019521384,-0.06689946,0.49745739,0.49745739,0.020224217,0.06619663
83.910,2.9985,19.9468,0.7946,3.0,20.0,1.0,-0.019342288,-0.06704255,0.50023335,0.50023335,0.020045042,0.0663398,-0.019342288,-0.06704255,0.50023335,0.50023335,0.020045042,0.0663398
83.959,2.9985,19.9467,0.7946,3.0,20.0,1.0,-0.019533772,-0.06712067,0.50125206,0.50125206,0.020237934,0.06641651,-0.019533772,-0.06712067,0.50125206,0.50125206,0.020237934,0.06641651
84.009,2.9985,19.9467,0.7946,3.0,20.0,1.0,-0.019783039,-0.06720963,0.50251156,0.50251156,0.020488393,0.06650428,-0.019783039,-0.06720963,0.50251156,0.50251156,0.020488393,0.06650428
84.060,2.9985,19.9466,0.7946,3.0,20.0,1.0,-0.019789105,-0.067320295,0.50428444,0.50428444,0.020495366,0.06661403,-0.019789105,-0.067320295,0.50428444,0.50428444,0.020495366,0.06661403
84.110,2.9985,19.9466,0.7945,3.0,20.0,1.0,-0.020005088,-0.06743825,0.5062016,0.5062016,0.020712208,0.06673114,-0.020005088,-0.06743825,0.5062016,0.5062016,0.020712208,0.06673114
84.159,2.9985,19.9466,0.7942,3.0,20.0,1.0,-0.020030215,-0.067538925,0.5077951,0.5077951,0.020738492,0.06683065,-0.020030215,-0.067538925,0.5077951,0.5077951,0.020738492,0.06683065
84.210,2.9985,19.9465,0.7941,3.0,20.0,1.0,-0.020221502,-0.067679,0.510249,0.510249,0.020930393,0.06697011,-0.020221502,-0.067679,0.510249,0.510249,0.020930393,0.06697011
84.260,2.9985,19.9465,0.7937,3.0,20.0,1.0,-0.020256782,-0.0677741,0.51167196,0.51167196,0.020966837,0.06706405,-0.020256782,-0.0677741,0.51167196,0.51167196,0.020966837,0.06706405
84.309,2.9985,19.9464,0.7935,3.0,20.0,1.0,-0.020423425,-0.06794306,0.5145546,0.5145546,0.021133645,0.06723284,-0.020423425,-0.06794306,0.5145546,0.5145546,0.021133645,0.06723284
84.359,2.9985,19.9464,0.7931,3.0,20.0,1.0,-0.020468174,-0.06803357,0.51584065,0.51584065,0.02117951,0.06732223,-0.020468174,-0.06803357,0.51584065,0.51584065,0.02117951,0.06732223
84.410,2.9985,19.9463,0.7928,3.0,20.0,1.0,-0.020612761,-0.06823527,0.51904416,0.51904416,0.021323627,0.0675244,-0.020612761,-0.06823527,0.51904416,0.51904416,0.021323627,0.0675244
84.459,2.9985,19.9463,0.7925,3.0,20.0,1.0,-0.020695101,-0.06837769,0.52118236,0.52118236,0.021405494,0.06766729,-0.020695101,-0.06837769,0.52118236,0.52118236,0.021405494,0.06766729
84.509,2.9985,19.9462,0.7917,3.0,20.0,1.0,-0.020790346,-0.068557784,0.5236479,0.5236479,0.021501055,0.06784707,-0.020790346,-0.068557784,0.5236479,0.5236479,0.021501055,0.06784707
84.560,2.9985,19.9462,0.7916,3.0,20.0,1.0,-0.030391315,-0.16258635,1.0,1.0,0.031932108,0.16104555,-0.030391315,-0.16258635,1.0,1.0,0.031932108,0.16104555
84.610,2.9985,19.9460,0.7925,3.0,20.0,1.0,-0.019463405,-0.06708665,0.50031275,0.50031275,0.020151358,0.0663987,-0.019463405,-0.06708665,0.50031275,0.50031275,0.020151358,0.0663987
84.660,2.9985,19.9460,0.7928,3.0,20.0,1.0,-0.02035363,-0.06695572,0.49377635,0.49377635,0.021050597,0.06625876,-0.02035363,-0.06695572,0.49377635,0.49377635,0.021050597,0.06625876
84.710,2.9985,19.9459,0.7933,3.0,20.0,1.0,-0.020111639,-0.067087114,0.49731904,0.49731904,0.020807682,0.06639107,-0.020111639,-0.067087114,0.49731904,0.49731904,0.020807682,0.06639107
84.760,2.9985,19.9458,0.7938,3.0,20.0,1.0,-0.020374846,-0.06714234,0.49718884,0.49718884,0.021073325,0.06644385,-0.020374846,-0.06714234,0.49718884,0.49718884,0.021073325,0.06644385
84.810,2.9985,19.9458,0.7941,3.0,20.0,1.0,-0.02072745,-0.067188956,0.49667296,0.49667296,0.021428498,0.06648791,-0.02072745,-0.067188956,0.49667296,0.49667296,0.021428498,0.06648791
84.860,2.9985,19.9457,0.7944,3.0,20.0,1.0,-0.020690102,-0.06731079,0.49892417,0.49892417,0.021391388,0.0666095,-0.020690102,-0.06731079,0.49892417,0.49892417,0.021391388,0.0666095
84.910,2.9985,19.9457,0.7945,3.0,20.0,1.0,-0.020986011,-0.06737664,0.4992924,0.4992924,0.021688968,0.06667369,-0.020986011,-0.06737664,0.4992924,0.4992924,0.021688968,0.06667369
84.960,2.9985,19.9456,0.7946,3.0,20.0,1.0,-0.020971764,-0.06749259,0.50130713,0.50130713,0.0216753,0.06678905,-0.020971764,-0.06749259,0.50130713,0.50130713,0.0216753,0.06678905
85.010,2.9985,19.9456,0.7946,3.0,20.0,1.0,-0.021217419,-0.06758278,0.5024575,0.5024575,0.021921946,0.06687825,-0.021217419,-0.06758278,0.5024575,0.5024575,0.021921946,0.06687825
85.060,2.9985,19.9455,0.7946,3.0,20.0,1.0,-0.02122409,-0.06769359,0.5042595,0.5042595,0.021929504,0.06698818,-0.02122409,-0.06769359,0.5042595,0.5042595,0.021929504,0.06698818
85.110,2.9985,19.9455,0.7945,3.0,20.0,1.0,-0.021435488,-0.06781248,0.5060748,0.5060748,0.02214144,0.06710653,-0.021435488,-0.06781248,0.5060748,0.5060748,0.02214144,0.06710653
85.159,2.9985,19.9454,0.7943,3.0,20.0,1.0,-0.02146206,-0.06791463,0.50769126,0.50769126,0.022169165,0.06720752,-0.02146206,-0.06791463,0.50769126,0.50769126,0.022169165,0.06720752
85.210,2.9985,19.9454,0.7941,3.0,20.0,1.0,-0.021646656,-0.06805583,0.5100535,0.5100535,0.022354025,0.06734846,-0.021646656,-0.06805583,0.5100535,0.5100535,0.022354025,0.06734846
85.259,2.9985,19.9454,0.7938,3.0,20.0,1.0,-0.021684887,-0.06815198,0.51149887,0.51149887,0.022393445,0.06744342,-0.021684887,-0.06815198,0.51149887,0.51149887,0.022393445,0.06744342
85.310,2.9985,19.9453,0.7934,3.0,20.0,1.0,-0.021844361,-0.06832167,0.5142982,0.5142982,0.022552693,0.06761333,-0.021844361,-0.06832167,0.5142982,0.5142982,0.022552693,0.06761333
85.360,2.9985,19.9453,0.7932,3.0,20.0,1.0,-0.02196389,-0.06851154,0.51726633,0.51726633,0.022671582,0.067803845,-0.02196389,-0.06851154,0.51726633,0.51726633,0.022671582,0.067803845
85.410,2.9985,19.9452,0.7927,3.0,20.0,1.0,-0.021976298,-0.06854149,0.5175001,0.5175001,0.02268621,0.067831576,-0.021976298,-0.06854149,0.5175001,0.5175001,0.02268621,0.067831576
85.460,2.9985,19.9452,0.7924,3.0,20.0,1.0,-0.022133635,-0.068834886,0.5218727,0.5218727,0.022840878,0.06812765,-0.022133635,-0.068834886,0.5218727,0.5218727,0.022840878,0.06812765
85.510,2.9985,19.9451,0.7921,3.0,20.0,1.0,-0.02216819,-0.06883783,0.52184504,0.52184504,0.02287808,0.06812794,-0.02216819,-0.06883783,0.52184504,0.52184504,0.02287808,0.06812794
85.560,2.9985,19.9451,0.7918,3.0,20.0,1.0,-0.03385332,-0.16322812,1.0,1.0,0.03539335,0.16168809,-0.03385332,-0.16322812,1.0,1.0,0.03539335,0.16168809
85.609,2.9985,19.9450,0.7922,3.0,20.0,1.0,-0.020862337,-0.067564584,0.50156844,0.50156844,0.021545194,0.06688173,-0.020862337,-0.067564584,0.50156844,0.50156844,0.021545194,0.06688173
85.660,2.9985,19.9449,0.7930,3.0,20.0,1.0,-0.021309992,-0.067386016,0.49689028,0.49689028,0.022001032,0.066694975,-0.021309992,-0.067386016,0.49689028,0.49689028,0.022001032,0.066694975
85.710,2.9985,19.9448,0.7934,3.0,20.0,1.0,-0.02179641,-0.06736973,0.4943019,0.4943019,0.022492291,0.066673845,-0.02179641,-0.06736973,0.4943019,0.4943019,0.022492291,0.066673845
85.760,2.9985,19.9448,0.7940,3.0,20.0,1.0,-0.02174169,-0.06749619,0.496765,0.496765,0.02243748,0.0668004,-0.02174169,-0.06749619,0.496765,0.496765,0.02243748,0.0668004
85.809,2.9985,19.9447,0.7942,3.0,20.0,1.0,-0.022085927,-0.067541815,0.49621576,0.49621576,0.02278412,0.06684362,-0.022085927,-0.067541815,0.49621576,0.49621576,0.02278412,0.06684362
85.860,2.9985,19.9447,0.7946,3.0,20.0,1.0,-0.02205475,-0.067663714,0.49846017,0.49846017,0.022753187,0.06696528,-0.02205475,-0.067663714,0.49846017,0.49846017,0.022753187,0.06696528
85.909,2.9985,19.9446,0.7947,3.0,20.0,1.0,-0.022339199,-0.06772984,0.4988268,0.4988268,0.023039099,0.06702994,-0.022339199,-0.06772984,0.4988268,0.4988268,0.023039099,0.06702994
85.960,2.9985,19.9446,0.7948,3.0,20.0,1.0,-0.022332195,-0.06784598,0.5008296,0.5008296,0.023032686,0.06714549,-0.022332195,-0.06784598,0.5008296,0.5008296,0.023032686,0.06714549
86.010,2.9985,19.9445,0.7948,3.0,20.0,1.0,-0.022567956,-0.0679357,0.50197774,0.50197774,0.02326923,0.06723442,-0.022567956,-0.0679357,0.50197774,0.50197774,0.02326923,0.06723442
86.060,2.9985,19.9445,0.7948,3.0,20.0,1.0,-0.022580486,-0.06804757,0.50377977,0.50377977,0.023282671,0.06734538,-0.022580486,-0.06804757,0.50377977,0.50377977,0.023282671,0.06734538
86.110,2.9985,19.9444,0.7947,3.0,20.0,1.0,-0.022618428,-0.06811951,0.5048566,0.5048566,0.023321306,0.06741663,-0.022618428,-0.06811951,0.5048566,0.5048566,0.023321306,0.06741663
86.160,2.9985,19.9444,0.7945,3.0,20.0,1.0,-0.022813082,-0.06827054,0.507222,0.507222,0.02351687,0.06756675,-0.022813082,-0.06827054,0.507222,0.507222,0.02351687,0.06756675
86.210,2.9985,19.9443,0.7942,3.0,20.0,1.0,-0.022996835,-0.06841066,0.50959367,0.50959367,0.023700625,0.06770687,-0.022996835,-0.06841066,0.50959367,0.50959367,0.023700625,0.06770687
86.260,2.9985,19.9443,0.7940,3.0,20.0,1.0,-0.023122286,-0.06857121,0.5122717,0.5122717,0.023825927,0.06786757,-0.023122286,-0.06857121,0.5122717,0.5122717,0.023825927,0.06786757
86.310,2.9985,19.9443,0.7936,3.0,20.0,1.0,-0.02311986,-0.06862815,0.5128762,0.5128762,0.02382548,0.067922525,-0.02311986,-0.06862815,0.5128762,0.5128762,0.02382548,0.067922525
86.359,2.9985,19.9442,0.7934,3.0,20.0,1.0,-0.023301378,-0.068865806,0.51679313,0.51679313,0.024005154,0.06816203,-0.023301378,-0.068865806,0.51679313,0.51679313,0.024005154,0.06816203
86.410,2.9985,19.9442,0.7931,3.0,20.0,1.0,-0.023322515,-0.06889822,0.517033,0.517033,0.024028726,0.06819201,-0.023322515,-0.06889822,0.517033,0.517033,0.024028726,0.06819201
86.459,2.9985,19.9441,0.7926,3.0,20.0,1.0,-0.023429016,-0.06905949,0.5194572,0.5194572,0.024135057,0.06835345,-0.023429016,-0.06905949,0.5194572,0.5194572,0.024135057,0.06835345
86.510,2.9985,19.9441,0.7923,3.0,20.0,1.0,-0.023541065,-0.069294654,0.52286935,0.52286935,0.024245506,0.06859022,-0.023541065,-0.069294654,0.52286935,0.52286935,0.024245506,0.06859022
86.559,2.9985,19.9440,0.7921,3.0,20.0,1.0,-0.037072726,-0.16400321,1.0,1.0,0.038607202,0.16246873,-0.037072726,-0.16400321,1.0,1.0,0.038607202,0.16246873
86.610,2.9985,19.9440,0.7926,3.0,20.0,1.0,-0.022263227,-0.06782186,0.49980113,0.49980113,0.02294455,0.06714054,-0.022263227,-0.06782186,0.49980113,0.49980113,0.02294455,0.06714054
86.660,2.9985,19.9439,0.7934,3.0,20.0,1.0,-0.022676231,-0.06766299,0.49553317,0.49553317,0.023365485,0.06697374,-0.022676231,-0.06766299,0.49553317,0.49553317,0.023365485,0.06697374
86.710,2.9985,19.9438,0.7938,3.0,20.0,1.0,-0.023102049,-0.06767474,0.49369243,0.49369243,0.023795435,0.06698135,-0.023102049,-0.06767474,0.49369243,0.49369243,0.023795435,0.06698135
86.759,2.9985,19.9438,0.7943,3.0,20.0,1.0,-0.023054063,-0.06780356,0.49611303,0.49611303,0.023747241,0.06711039,-0.023054063,-0.06780356,0.49611303,0.49611303,0.023747241,0.06711039
86.810,2.9985,19.9437,0.7945,3.0,20.0,1.0,-0.02338494,-0.06785005,0.49570742,0.49570742,0.02408046,0.06715453,-0.02338494,-0.06785005,0.49570742,0.49570742,0.02408046,0.06715453
86.860,2.9985,19.9436,0.7948,3.0,20.0,1.0,-0.023358596,-0.06797439,0.49794313,0.49794313,0.024054293,0.06727869,-0.023358596,-0.06797439,0.49794313,0.49794313,0.024054293,0.06727869
86.909,2.9985,19.9436,0.7949,3.0,20.0,1.0,-0.023634754,-0.06804138,0.49842227,0.49842227,0.024331776,0.06734435,-0.023634754,-0.06804138,0.49842227,0.49842227,0.024331776,0.06734435
86.959,2.9985,19.9436,0.7950,3.0,20.0,1.0,-0.023630774,-0.068159826,0.50041145,0.50041145,0.024328338,0.067462265,-0.023630774,-0.068159826,0.50041145,0.50041145,0.024328338,0.067462265
87.009,2.9985,19.9435,0.7950,3.0,20.0,1.0,-0.023663303,-0.06823368,0.50153226,0.50153226,0.024361454,0.067535535,-0.023663303,-0.06823368,0.50153226,0.50153226,0.024361454,0.067535535
87.060,2.9985,19.9435,0.7949,3.0,20.0,1.0,-0.02387317,-0.06836922,0.5034968,0.5034968,0.024572244,0.067670144,-0.02387317,-0.06836922,0.5034968,0.5034968,0.024572244,0.067670144
87.110,2.9985,19.9434,0.7947,3.0,20.0,1.0,-0.024076618,-0.0684877,0.50540197,0.50540197,0.02477571,0.0677886,-0.024076618,-0.0684877,0.50540197,0.50540197,0.02477571,0.0677886
87.160,2.9985,19.9434,0.7946,3.0,20.0,1.0,-0.02421248,-0.06863004,0.5078471,0.5078471,0.024911547,0.067930974,-0.02421248,-0.06863004,0.5078471,0.5078471,0.024911547,0.067930974
87.209,2.9985,19.9434,0.7943,3.0,20.0,1.0,-0.024193937,-0.06870758,0.50880224,0.50880224,0.02489494,0.068006575,-0.024193937,-0.06870758,0.50880224,0.50880224,0.02489494,0.068006575
87.259,2.9985,19.9433,0.7941,3.0,20.0,1.0,-0.02439981,-0.06890264,0.5122465,0.5122465,0.025099203,0.06820325,-0.02439981,-0.06890264,0.5122465,0.5122465,0.025099203,0.06820325
87.310,2.9985,19.9433,0.7938,3.0,20.0,1.0,-0.024439685,-0.068981744,0.5133888,0.5133888,0.025139557,0.06828187,-0.024439685,-0.068981744,0.5133888,0.5133888,0.025139557,0.06828187
87.359,2.9985,19.9433,0.7934,3.0,20.0,1.0,-0.024521774,-0.06910392,0.5150594,0.5150594,0.025223324,0.068402365,-0.024521774,-0.06910392,0.5150594,0.5150594,0.025223324,0.068402365
87.410,2.9985,19.9432,0.7931,3.0,20.0,1.0,-0.024647018,-0.06931358,0.5183775,0.5183775,0.025346981,0.06861361,-0.024647018,-0.06931358,0.5183775,0.5183775,0.025346981,0.06861361
87.459,2.9985,19.9432,0.7926,3.0,20.0,1.0,-0.0247089,-0.06939938,0.51948744,0.51948744,0.025410274,0.068698004,-0.0247089,-0.06939938,0.51948744,0.51948744,0.025410274,0.068698004
87.510,2.9985,19.9431,0.7923,3.0,20.0,1.0,-0.024813073,-0.06964134,0.52297884,0.52297884,0.025512297,0.068942115,-0.024813073,-0.06964134,0.52297884,0.52297884,0.025512297,0.068942115
87.560,2.9985,19.9431,0.7921,3.0,20.0,1.0,-0.040158182,-0.16439126,1.0,1.0,0.04168211,0.16286734,-0.040158182,-0.16439126,1.0,1.0,0.04168211,0.16286734
87.610,2.9985,19.9430,0.7926,3.0,20.0,1.0,-0.023499424,-0.06814951,0.5000176,0.5000176,0.024175238,0.06747369,-0.023499424,-0.06814951,0.5000176,0.5000176,0.024175238,0.06747369
87.659,2.9985,19.9429,0.7933,3.0,20.0,1.0,-0.023914289,-0.067994304,0.4957331,0.4957331,0.024598343,0.06731025,-0.023914289,-0.067994304,0.4957331,0.4957331,0.024598343,0.06731025
87.709,2.9985,19.9429,0.7937,3.0,20.0,1.0,-0.024330541,-0.06801485,0.49393642,0.49393642,0.02501846,0.06732693,-0.024330541,-0.06801485,0.49393642,0.49393642,0.02501846,0.06732693
87.759,2.9985,19.9428,0.7942,3.0,20.0,1.0,-0.024256442,-0.06811632,0.49598593,0.49598593,0.024943767,0.067429,-0.024256442,-0.06811632,0.49598593,0.49598593,0.024943767,0.067429
87.810,2.9985,19.9427,0.7944,3.0,20.0,1.0,-0.024603928,-0.0681991,0.4960354,0.4960354,0.02529372,0.06750931,-0.024603928,-0.0681991,0.4960354,0.4960354,0.02529372,0.06750931
87.860,2.9985,19.9427,0.7947,3.0,20.0,1.0,-0.024585627,-0.068320766,0.49822158,0.49822158,0.025275644,0.06763075,-0.024585627,-0.068320766,0.49822158,0.49822158,0.025275644,0.06763075
87.910,2.9985,19.9426,0.7948,3.0,20.0,1.0,-0.024849188,-0.068396606,0.49876857,0.49876857,0.02554024,0.06770556,-0.024849188,-0.068396606,0.49876857,0.49876857,0.02554024,0.06770556
87.960,2.9985,19.9426,0.7949,3.0,20.0,1.0,-0.024850423,-0.068514064,0.50074637,0.50074637,0.02554206,0.06782243,-0.024850423,-0.068514064,0.50074637,0.50074637,0.02554206,0.06782243
88.010,2.9985,19.9426,0.7949,3.0,20.0,1.0,-0.025068143,-0.06861435,0.50205517,0.50205517,0.02576004,0.06792246,-0.025068143,-0.06861435,0.50205517,0.50205517,0.02576004,0.06792246
88.059,2.9985,19.9425,0.7948,3.0,20.0,1.0,-0.025090672,-0.06872676,0.50381625,0.50381625,0.025783453,0.068033986,-0.025090672,-0.06872676,0.50381625,0.50381625,0.025783453,0.068033986
88.109,2.9985,19.9425,0.7947,3.0,20.0,1.0,-0.025276342,-0.06885341,0.5057733,0.5057733,0.025968863,0.06816089,-0.025276342,-0.06885341,0.5057733,0.5057733,0.025968863,0.06816089
88.159,2.9985,19.9424,0.7945,3.0,20.0,1.0,-0.025315909,-0.068956845,0.507356,0.507356,0.026009593,0.068263166,-0.025315909,-0.068956845,0.507356,0.507356,0.026009593,0.068263166
88.210,2.9985,19.9424,0.7943,3.0,20.0,1.0,-0.025362154,-0.06902748,0.5083987,0.5083987,0.026056528,0.06833311,-0.025362154,-0.06902748,0.5083987,0.5083987,0.026056528,0.06833311
88.259,2.9985,19.9424,0.7939,3.0,20.0,1.0,-0.025525413,-0.069207095,0.5112683,0.5112683,0.026219653,0.06851286,-0.025525413,-0.069207095,0.5112683,0.5112683,0.026219653,0.06851286
88.309,2.9985,19.9423,0.7935,3.0,20.0,1.0,-0.025663048,-0.069389954,0.5142629,0.5142629,0.026355634,0.06869737,-0.025663048,-0.069389954,0.5142629,0.5142629,0.026355634,0.06869737
88.360,2.9985,19.9423,0.7932,3.0,20.0,1.0,-0.02576068,-0.069585405,0.51725286,0.51725286,0.026451765,0.06889433,-0.02576068,-0.069585405,0.51725286,0.51725286,0.026451765,0.06889433
88.410,2.9985,19.9423,0.7929,3.0,20.0,1.0,-0.025802404,-0.069613405,0.51740116,0.51740116,0.026496548,0.06891926,-0.025802404,-0.069613405,0.51740116,0.51740116,0.026496548,0.06891926
88.459,2.9985,19.9422,0.7924,3.0,20.0,1.0,-0.02589964,-0.0697825,0.51987875,0.51987875,0.026592989,0.06908916,-0.02589964,-0.0697825,0.51987875,0.51987875,0.026592989,0.06908916
88.510,2.9985,19.9422,0.7921,3.0,20.0,1.0,-0.025992807,-0.07003033,0.5233855,0.5233855,0.026683379,0.06933976,-0.025992807,-0.07003033,0.5233855,0.5233855,0.026683379,0.06933976
88.560,2.9985,19.9421,0.7919,3.0,20.0,1.0,-0.042967815,-0.16482088,1.0,1.0,0.04447295,0.16331574,-0.042967815,-0.16482088,1.0,1.0,0.04447295,0.16331574
88.610,2.9985,19.9420,0.7924,3.0,20.0,1.0,-0.024640692,-0.06851496,0.50038683,0.50038683,0.025307568,0.06784809,-0.024640692,-0.06851496,0.50038683,0.50038683,0.025307568,0.06784809
88.660,2.9985,19.9420,0.7931,3.0,20.0,1.0,-0.025054784,-0.06836106,0.49611437,0.49611437,0.025730167,0.06768568,-0.025054784,-0.06836106,0.49611437,0.49611437,0.025730167,0.06768568
88.709,2.9985,19.9419,0.7935,3.0,20.0,1.0,-0.025455786,-0.068388425,0.49433482,0.49433482,0.026134573,0.06770964,-0.025455786,-0.068388425,0.49433482,0.49433482,0.026134573,0.06770964
88.759,2.9985,19.9418,0.7940,3.0,20.0,1.0,-0.025420459,-0.06851358,0.4967107,0.4967107,0.02609911,0.06783493,-0.025420459,-0.06851358,0.4967107,0.4967107,0.02609911,0.06783493
88.809,2.9985,19.9418,0.7943,3.0,20.0,1.0,-0.025725804,-0.068574145,0.49637666,0.49637666,0.026405986,0.06789397,-0.025725804,-0.068574145,0.49637666,0.49637666,0.026405986,0.06789397
88.860,2.9985,19.9417,0.7945,3.0,20.0,1.0,-0.02571143,-0.0686955,0.49857846,0.49857846,0.026391866,0.06801506,-0.02571143,-0.0686955,0.49857846,0.49857846,0.026391866,0.06801506
88.910,2.9985,19.9417,0.7947,3.0,20.0,1.0,-0.02596347,-0.068775296,0.49911124,0.49911124,0.026644383,0.06809439,-0.02596347,-0.068775296,0.49911124,0.49911124,0.026644383,0.06809439
88.959,2.9985,19.9417,0.7947,3.0,20.0,1.0,-0.025970956,-0.06889187,0.50107855,0.50107855,0.026652489,0.06821033,-0.025970956,-0.06889187,0.50107855,0.50107855,0.026652489,0.06821033
89.010,2.9985,19.9416,0.7947,3.0,20.0,1.0,-0.026008721,-0.06896568,0.50219065,0.50219065,0.026690798,0.0682836,-0.026008721,-0.06896568,0.50219065,0.50219065,0.026690798,0.0682836
89.060,2.9985,19.9416,0.7946,3.0,20.0,1.0,-0.026316086,-0.069129266,0.5044373,0.5044373,0.026996585,0.06844877,-0.026316086,-0.069129266,0.5044373,0.5044373,0.026996585,0.06844877
89.109,2.9985,19.9415,0.7944,3.0,20.0,1.0,-0.026294341,-0.069222875,0.5058823,0.5058823,0.026976885,0.06854033,-0.026294341,-0.069222875,0.5058823,0.5058823,0.026976885,0.06854033
89.159,2.9985,19.9415,0.7943,3.0,20.0,1.0,-0.026506865,-0.06938478,0.50853676,0.50853676,0.027187059,0.06870459,-0.026506865,-0.06938478,0.50853676,0.50853676,0.027187059,0.06870459
89.210,2.9985,19.9415,0.7941,3.0,20.0,1.0,-0.026545107,-0.06946347,0.50973505,0.50973505,0.027225802,0.06878278,-0.026545107,-0.06946347,0.50973505,0.50973505,0.027225802,0.06878278
89.260,2.9985,19.9415,0.7938,3.0,20.0,1.0,-0.026627112,-0.069592275,0.5115554,0.5115554,0.027309515,0.068909876,-0.026627112,-0.069592275,0.5115554,0.5115554,0.027309515,0.068909876
89.310,2.9985,19.9414,0.7935,3.0,20.0,1.0,-0.026727056,-0.069749765,0.5141527,0.5141527,0.027406722,0.0690701,-0.026727056,-0.069749765,0.5141527,0.5141527,0.027406722,0.0690701
89.359,2.9985,19.9414,0.7931,3.0,20.0,1.0,-0.026788041,-0.06983996,0.5153429,0.5153429,0.027469335,0.069158666,-0.026788041,-0.06983996,0.5153429,0.5153429,0.027469335,0.069158666
89.410,2.9985,19.9414,0.7928,3.0,20.0,1.0,-0.026920183,-0.07008795,0.51907843,0.51907843,0.027599066,0.069409065,-0.026920183,-0.07008795,0.51907843,0.51907843,0.027599066,0.069409065
89.459,2.9985,19.9413,0.7923,3.0,20.0,1.0,-0.026990542,-0.070171155,0.520142,0.520142,0.02767114,0.06949055,-0.026990542,-0.070171155,0.520142,0.520142,0.02767114,0.06949055
89.510,2.9985,19.9413,0.7920,3.0,20.0,1.0,-0.02707474,-0.070420474,0.5236198,0.5236198,0.02775217,0.069743045,-0.02707474,-0.070420474,0.5236198,0.5236198,0.02775217,0.069743045
89.559,2.9985,19.9412,0.7918,3.0,20.0,1.0,-0.027129535,-0.070471905,0.5242403,0.5242403,0.02780821,0.069793224,-0.027129535,-0.070471905,0.5242403,0.5242403,0.02780821,0.069793224
89.610,2.9985,19.9412,0.7923,3.0,20.0,1.0,-0.04670297,-0.15980148,1.0,1.0,0.048144624,0.15835983,-0.04670297,-0.15980148,1.0,1.0,0.048144624,0.15835983
89.660,2.9985,19.9411,0.7930,3.0,20.0,1.0,-0.02609443,-0.06873626,0.49646702,0.49646702,0.02675718,0.06807351,-0.02609443,-0.06873626,0.49646702,0.49646702,0.02675718,0.06807351
89.710,2.9985,19.9410,0.7935,3.0,20.0,1.0,-0.026511868,-0.06875701,0.49433708,0.49433708,0.027177991,0.068090886,-0.026511868,-0.06875701,0.49433708,0.49433708,0.027177991,0.068090886
89.759,2.9985,19.9410,0.7939,3.0,20.0,1.0,-0.0264608,-0.06888716,0.49691245,0.49691245,0.027126595,0.06822137,-0.0264608,-0.06888716,0.49691245,0.49691245,0.027126595,0.06822137
89.810,2.9985,19.9409,0.7942,3.0,20.0,1.0,-0.026486106,-0.06896303,0.4981067,0.4981067,0.027152222,0.06829692,-0.026486106,-0.06896303,0.4981067,0.4981067,0.027152222,0.06829692
89.859,2.9985,19.9409,0.7945,3.0,20.0,1.0,-0.026745416,-0.06907372,0.49880764,0.49880764,0.027412683,0.068406455,-0.026745416,-0.06907372,0.49880764,0.49880764,0.027412683,0.068406455
89.909,2.9985,19.9408,0.7946,3.0,20.0,1.0,-0.026999833,-0.06915036,0.49920633,0.49920633,0.027667139,0.06848305,-0.026999833,-0.06915036,0.49920633,0.49920633,0.027667139,0.06848305
89.960,2.9985,19.9408,0.7947,3.0,20.0,1.0,-0.027151767,-0.06926198,0.5007574,0.5007574,0.027818259,0.06859549,-0.027151767,-0.06926198,0.5007574,0.5007574,0.027818259,0.06859549
90.010,2.9985,19.9408,0.7947,3.0,20.0,1.0,-0.027089924,-0.06937946,0.5028485,0.5028485,0.027758133,0.06871124,-0.027089924,-0.06937946,0.5028485,0.5028485,0.027758133,0.06871124
90.059,2.9985,19.9407,0.7946,3.0,20.0,1.0,-0.027234253,-0.06948459,0.5042828,0.5042828,0.02790235,0.06881649,-0.027234253,-0.06948459,0.5042828,0.5042828,0.02790235,0.06881649
90.109,2.9985,19.9407,0.7945,3.0,20.0,1.0,-0.027404279,-0.06961203,0.5061958,0.5061958,0.028070953,0.06894536,-0.027404279,-0.06961203,0.5061958,0.5061958,0.028070953,0.06894536
90.160,2.9985,19.9407,0.7943,3.0,20.0,1.0,-0.027450075,-0.06971688,0.50778174,0.50778174,0.028118022,0.069048926,-0.027450075,-0.06971688,0.50778174,0.50778174,0.028118022,0.069048926
90.209,2.9985,19.9406,0.7941,3.0,20.0,1.0,-0.027592264,-0.06986881,0.51023805,0.51023805,0.02825825,0.069202825,-0.027592264,-0.06986881,0.51023805,0.51023805,0.02825825,0.069202825
90.259,2.9985,19.9406,0.7938,3.0,20.0,1.0,-0.027649533,-0.069969974,0.51166785,0.51166785,0.028316747,0.06930276,-0.027649533,-0.069969974,0.51166785,0.51166785,0.028316747,0.06930276
90.310,2.9985,19.9406,0.7935,3.0,20.0,1.0,-0.027767956,-0.07015128,0.51455015,0.51455015,0.02843258,0.069486655,-0.027767956,-0.07015128,0.51455015,0.51455015,0.02843258,0.069486655
90.359,2.9985,19.9405,0.7931,3.0,20.0,1.0,-0.027834686,-0.07024783,0.51584023,0.51584023,0.028500741,0.06958177,-0.027834686,-0.07024783,0.51584023,0.51584023,0.028500741,0.06958177
90.409,2.9985,19.9405,0.7928,3.0,20.0,1.0,-0.02793269,-0.070461646,0.5190585,0.5190585,0.028595654,0.069798686,-0.02793269,-0.070461646,0.5190585,0.5190585,0.028595654,0.069798686
90.459,2.9985,19.9405,0.7923,3.0,20.0,1.0,-0.028007345,-0.07055199,0.52022254,0.52022254,0.028671898,0.069887444,-0.028007345,-0.07055199,0.52022254,0.52022254,0.028671898,0.069887444
90.509,2.9985,19.9404,0.7920,3.0,20.0,1.0,-0.028086545,-0.07080008,0.52367204,0.52367204,0.02874753,0.070139095,-0.028086545,-0.07080008,0.52367204,0.52367204,0.02874753,0.070139095
90.560,2.9985,19.9404,0.7918,3.0,20.0,1.0,-0.047933586,-0.16591963,1.0,1.0,0.049375333,0.16447788,-0.047933586,-0.16591963,1.0,1.0,0.049375333,0.16447788
90.610,2.9985,19.9403,0.7923,3.0,20.0,1.0,-0.026671363,-0.0692353,0.5006224,0.5006224,0.027309414,0.06859725,-0.026671363,-0.0692353,0.5006224,0.5006224,0.027309414,0.06859725
90.660,2.9985,19.9402,0.7930,3.0,20.0,1.0,-0.027086934,-0.06908501,0.49637622,0.49637622,0.02773402,0.06843792,-0.027086934,-0.06908501,0.49637622,0.49637622,0.02773402,0.06843792
90.710,2.9985,19.9402,0.7934,3.0,20.0,1.0,-0.027476393,-0.06911179,0.4945048,0.4945048,0.028126627,0.06846155,-0.027476393,-0.06911179,0.4945048,0.4945048,0.028126627,0.06846155
90.759,2.9985,19.9401,0.7939,3.0,20.0,1.0,-0.027443377,-0.0692407,0.49694556,0.49694556,0.02809333,0.068590745,-0.027443377,-0.0692407,0.49694556,0.49694556,0.02809333,0.068590745
90.809,2.9985,19.9401,0.7942,3.0,20.0,1.0,-0.027469,-0.069317386,0.49814373,0.49814373,0.028119234,0.06866715,-0.027469,-0.069317386,0.49814373,0.49814373,0.028119234,0.06866715
90.859,2.9985,19.9400,0.7945,3.0,20.0,1.0,-0.027725527,-0.06942843,0.49885002,0.49885002,0.028376775,0.06877718,-0.027725527,-0.06942843,0.49885002,0.49885002,0.028376775,0.06877718
90.909,2.9985,19.9400,0.7946,3.0,20.0,1.0,-0.02797977,-0.06950102,0.49918762,0.49918762,0.028630838,0.06884996,-0.02797977,-0.06950102,0.49918762,0.49918762,0.028630838,0.06884996
90.960,2.9985,19.9400,0.7947,3.0,20.0,1.0,-0.028125934,-0.06961138,0.50075436,0.50075436,0.028776003,0.06896131,-0.028125934,-0.06961138,0.50075436,0.50075436,0.028776003,0.06896131
91.010,2.9985,19.9399,0.7947,3.0,20.0,1.0,-0.028068995,-0.069732405,0.50285125,0.50285125,0.028720856,0.06908055,-0.028068995,-0.069732405,0.50285125,0.50285125,0.028720856,0.06908055
91.060,2.9985,19.9399,0.7946,3.0,20.0,1.0,-0.02821103,-0.069837205,0.50428355,0.50428355,0.028862644,0.06918559,-0.02821103,-0.069837205,0.50428355,0.50428355,0.028862644,0.06918559
91.110,2.9985,19.9399,0.7945,3.0,20.0,1.0,-0.028376779,-0.06996263,0.5061905,0.5061905,0.029026758,0.06931265,-0.028376779,-0.06996263,0.5061905,0.5061905,0.029026758,0.06931265
91.159,2.9985,19.9399,0.7943,3.0,20.0,1.0,-0.028425237,-0.07006921,0.5077787,0.5077787,0.029076474,0.069417976,-0.028425237,-0.07006921,0.5077787,0.5077787,0.029076474,0.069417976
91.210,2.9985,19.9398,0.7941,3.0,20.0,1.0,-0.028562743,-0.0702196,0.5102277,0.5102277,0.029211747,0.0695706,-0.028562743,-0.0702196,0.5102277,0.5102277,0.029211747,0.0695706
91.260,2.9985,19.9398,0.7938,3.0,20.0,1.0,-0.028622277,-0.07032252,0.5116566,0.5116566,0.029272556,0.06967224,-0.028622277,-0.07032252,0.5116566,0.5116566,0.029272556,0.06967224
91.310,2.9985,19.9398,0.7935,3.0,20.0,1.0,-0.028736431,-0.070502855,0.51453996,0.51453996,0.029383881,0.06985541,-0.028736431,-0.070502855,0.51453996,0.51453996,0.029383881,0.06985541
91.360,2.9985,19.9397,0.7931,3.0,20.0,1.0,-0.0288053,-0.07060087,0.5158306,0.5158306,0.029454188,0.06995198,-0.0288053,-0.07060087,0.5158306,0.5158306,0.029454188,0.06995198
91.409,2.9985,19.9397,0.7928,3.0,20.0,1.0,-0.028898777,-0.07081315,0.5190393,0.5190393,0.029544383,0.07016755,-0.028898777,-0.07081315,0.5190393,0.5190393,0.029544383,0.07016755
91.460,2.9985,19.9397,0.7923,3.0,20.0,1.0,-0.028975785,-0.070905015,0.5202052,0.5202052,0.029622985,0.07025782,-0.028975785,-0.070905015,0.5202052,0.5202052,0.029622985,0.07025782
91.509,2.9985,19.9396,0.7920,3.0,20.0,1.0,-0.029050866,-0.07115144,0.5236457,0.5236457,0.02969437,0.070507936,-0.029050866,-0.07115144,0.5236457,0.5236457,0.02969437,0.070507936
91.560,2.9985,19.9396,0.7918,3.0,20.0,1.0,-0.05023589,-0.16642924,1.0,1.0,0.05163972,0.16502541,-0.05023589,-0.16642924,1.0,1.0,0.05163972,0.16502541
91.609,2.9985,19.9395,0.7923,3.0,20.0,1.0,-0.027608298,-0.069564454,0.5006108,0.5006108,0.028229598,0.06894315,-0.027608298,-0.069564454,0.5006108,0.5006108,0.028229598,0.06894315
91.660,2.9985,19.9394,0.7930,3.0,20.0,1.0,-0.028024599,-0.069416225,0.4963496,0.4963496,0.028655149,0.068785675,-0.028024599,-0.069416225,0.4963496,0.4963496,0.028655149,0.068785675
91.709,2.9985,19.9394,0.7934,3.0,20.0,1.0,-0.028072905,-0.06947884,0.49715385,0.49715385,0.028704204,0.06884754,-0.028072905,-0.06947884,0.49715385,0.49715385,0.028704204,0.06884754
91.760,2.9985,19.9393,0.7939,3.0,20.0,1.0,-0.028376082,-0.06957292,0.49696887,0.49696887,0.029009545,0.068939455,-0.028376082,-0.06957292,0.49696887,0.49696887,0.029009545,0.068939455
91.809,2.9985,19.9393,0.7943,3.0,20.0,1.0,-0.028666142,-0.06963164,0.4965587,0.4965587,0.029300768,0.06899702,-0.028666142,-0.06963164,0.4965587,0.4965587,0.029300768,0.06899702
91.859,2.9985,19.9393,0.7945,3.0,20.0,1.0,-0.028849395,-0.06972299,0.49744722,0.49744722,0.02948366,0.06908873,-0.028849395,-0.06972299,0.49744722,0.49744722,0.02948366,0.06908873
91.909,2.9985,19.9392,0.7946,3.0,20.0,1.0,-0.028749647,-0.06986335,0.5002425,0.5002425,0.029384576,0.069228426,-0.028749647,-0.06986335,0.5002425,0.5002425,0.029384576,0.069228426
91.959,2.9985,19.9392,0.7947,3.0,20.0,1.0,-0.029047122,-0.06994211,0.5007832,0.5007832,0.02968064,0.069308594,-0.029047122,-0.06994211,0.5007832,0.5007832,0.02968064,0.069308594
92.011,2.9985,19.9392,0.7947,3.0,20.0,1.0,-0.029072052,-0.07002565,0.5021371,0.5021371,0.029705731,0.06939197,-0.029072052,-0.07002565,0.5021371,0.5021371,0.029705731,0.06939197
92.060,2.9985,19.9391,0.7946,3.0,20.0,1.0,-0.0291359,-0.07017512,0.5043695,0.5043695,0.029770985,0.06954003,-0.0291359,-0.07017512,0.5043695,0.5043695,0.029770985,0.06954003
92.110,2.9985,19.9391,0.7945,3.0,20.0,1.0,-0.029304435,-0.07029626,0.50624573,0.50624573,0.029937416,0.06966327,-0.029304435,-0.07029626,0.50624573,0.50624573,0.029937416,0.06966327
92.159,2.9985,19.9391,0.7943,3.0,20.0,1.0,-0.029347887,-0.070403256,0.507807,0.507807,0.029982286,0.06976886,-0.029347887,-0.070403256,0.507807,0.507807,0.029982286,0.06976886
92.210,2.9985,19.9391,0.7941,3.0,20.0,1.0,-0.029480211,-0.070553325,0.51026297,0.51026297,0.030112155,0.06992138,-0.029480211,-0.070553325,0.51026297,0.51026297,0.030112155,0.06992138
92.259,2.9985,19.9390,0.7937,3.0,20.0,1.0,-0.029541532,-0.07065712,0.5116813,0.5116813,0.030174738,0.07002391,-0.029541532,-0.07065712,0.5116813,0.5116813,0.030174738,0.07002391
92.309,2.9985,19.9390,0.7935,3.0,20.0,1.0,-0.029649993,-0.07083706,0.5145634,0.5145634,0.030280197,0.07020686,-0.029649993,-0.07083706,0.5145634,0.5145634,0.030280197,0.07020686
92.360,2.9985,19.9390,0.7931,3.0,20.0,1.0,-0.029721597,-0.07093607,0.51584893,0.51584893,0.030353244,0.070304416,-0.029721597,-0.07093607,0.51584893,0.51584893,0.030353244,0.070304416
92.410,2.9985,19.9389,0.7928,3.0,20.0,1.0,-0.029809935,-0.07114827,0.5190617,0.5190617,0.030438108,0.070520096,-0.029809935,-0.07114827,0.5190617,0.5190617,0.030438108,0.070520096
92.460,2.9985,19.9389,0.7923,3.0,20.0,1.0,-0.029889757,-0.071241446,0.52023035,0.52023035,0.03051951,0.0706117,-0.029889757,-0.071241446,0.52023035,0.52023035,0.03051951,0.0706117
92.510,2.9985,19.9389,0.7920,3.0,20.0,1.0,-0.029959146,-0.07148832,0.5236834,0.5236834,0.030584967,0.0708625,-0.029959146,-0.07148832,0.5236834,0.5236834,0.030584967,0.0708625
92.559,2.9985,19.9389,0.7917,3.0,20.0,1.0,-0.0300002,-0.07165772,0.5259176,0.5259176,0.030623566,0.07103435,-0.0300002,-0.07165772,0.5259176,0.5259176,0.030623566,0.07103435
92.609,2.9985,19.9388,0.7923,3.0,20.0,1.0,-0.028488338,-0.06987452,0.50060576,0.50060576,0.029092675,0.069270186,-0.028488338,-0.06987452,0.50060576,0.50060576,0.029092675,0.069270186
92.659,2.9985,19.9387,0.7930,3.0,20.0,1.0,-0.028901527,-0.06973457,0.49633473,0.49633473,0.0295151,0.069121,-0.028901527,-0.06973457,0.49633473,0.49633473,0.0295151,0.069121
92.710,2.9985,19.9387,0.7934,3.0,20.0,1.0,-0.02928689,-0.06974785,0.49449825,0.49449825,0.029904116,0.06913062,-0.02928689,-0.06974785,0.49449825,0.49449825,0.029904116,0.06913062
92.760,2.9985,19.9386,0.7939,3.0,20.0,1.0,-0.029259274,-0.069879435,0.49693274,0.49693274,0.029876001,0.069262706,-0.029259274,-0.069879435,0.49693274,0.49693274,0.029876001,0.069262706
92.810,2.9985,19.9385,0.7943,3.0,20.0,1.0,-0.02954183,-0.069936395,0.49657524,0.49657524,0.030159747,0.06931848,-0.02954183,-0.069936395,0.49657524,0.49657524,0.030159747,0.06931848
92.860,2.9985,19.9385,0.7944,3.0,20.0,1.0,-0.029724676,-0.07002434,0.49746108,0.49746108,0.030342195,0.06940682,-0.029724676,-0.07002434,0.49746108,0.49746108,0.030342195,0.06940682
92.909,2.9985,19.9385,0.7946,3.0,20.0,1.0,-0.029629186,-0.07017021,0.5002513,0.5002513,0.03024725,0.069552146,-0.029629186,-0.07017021,0.5002513,0.5002513,0.03024725,0.069552146
92.959,2.9985,19.9385,0.7946,3.0,20.0,1.0,-0.029920658,-0.070243575,0.5007921,0.5007921,0.030537233,0.069626994,-0.029920658,-0.070243575,0.5007921,0.5007921,0.030537233,0.069626994
93.010,2.9985,19.9384,0.7946,3.0,20.0,1.0,-0.02987456,-0.070371464,0.5028777,0.5028777,0.030492784,0.06975324,-0.02987456,-0.070371464,0.5028777,0.5028777,0.030492784,0.06975324
93.059,2.9985,19.9384,0.7946,3.0,20.0,1.0,-0.03001204,-0.07047506,0.5043098,0.5043098,0.03062987,0.069857225,-0.03001204,-0.07047506,0.5043098,0.5043098,0.03062987,0.069857225
93.110,2.9985,19.9384,0.7945,3.0,20.0,1.0,-0.030166905,-0.07059793,0.50622654,0.50622654,0.030782918,0.06998192,-0.030166905,-0.07059793,0.50622654,0.50622654,0.030782918,0.06998192
93.159,2.9985,19.9384,0.7942,3.0,20.0,1.0,-0.030220138,-0.070708215,0.50781626,0.50781626,0.030837279,0.070091076,-0.030220138,-0.070708215,0.50781626,0.50781626,0.030837279,0.070091076
93.209,2.9985,19.9383,0.7941,3.0,20.0,1.0,-0.030347314,-0.07085721,0.5102738,0.5102738,0.030961862,0.07024266,-0.030347314,-0.07085721,0.5102738,0.5102738,0.030961862,0.07024266
93.260,2.9985,19.9383,0.7937,3.0,20.0,1.0,-0.030411165,-0.07096299,0.5116984,0.5116984,0.031026935,0.07034722,-0.030411165,-0.07096299,0.5116984,0.5116984,0.031026935,0.07034722
93.310,2.9985,19.9383,0.7935,3.0,20.0,1.0,-0.030514881,-0.07114194,0.514577,0.514577,0.031127542,0.07052928,-0.030514881,-0.07114194,0.514577,0.514577,0.031127542,0.07052928
93.359,2.9985,19.9383,0.7931,3.0,20.0,1.0,-0.030588197,-0.071243145,0.5158804,0.5158804,0.031202195,0.07062915,-0.030588197,-0.071243145,0.5158804,0.5158804,0.031202195,0.07062915
93.410,2.9985,19.9382,0.7928,3.0,20.0,1.0,-0.030671367,-0.071453735,0.5190782,0.5190782,0.031281788,0.07084332,-0.030671367,-0.071453735,0.5190782,0.5190782,0.031281788,0.07084332
93.460,2.9985,19.9382,0.7925,3.0,20.0,1.0,-0.030719329,-0.07160227,0.52122074,0.52122074,0.031327512,0.070994094,-0.030719329,-0.07160227,0.52122074,0.52122074,0.031327512,0.070994094
93.510,2.9985,19.9382,0.7919,3.0,20.0,1.0,-0.030812355,-0.071620725,0.52120125,0.52120125,0.03142493,0.07100815,-0.030812355,-0.071620725,0.52120125,0.52120125,0.03142493,0.07100815
93.559,2.9985,19.9382,0.7917,3.0,20.0,1.0,-0.030855346,-0.07196418,0.52592653,0.52592653,0.03146074,0.071358785,-0.030855346,-0.07196418,0.52592653,0.52592653,0.03146074,0.071358785
93.610,2.9985,19.9380,0.7927,3.0,20.0,1.0,-0.029322011,-0.07016437,0.5006437,0.5006437,0.029909082,0.06957729,-0.029322011,-0.07016437,0.5006437,0.5006437,0.029909082,0.06957729
93.660,2.9985,19.9380,0.7930,3.0,20.0,1.0,-0.03004726,-0.06994986,0.49302122,0.49302122,0.03064684,0.06935027,-0.03004726,-0.06994986,0.49302122,0.49302122,0.03064684,0.06935027
93.709,2.9986,19.9379,0.7937,3.0,20.0,1.0,-0.029867936,-0.070102796,0.49699152,0.49699152,0.03046598,0.06950475,-0.029867936,-0.070102796,0.49699152,0.49699152,0.03046598,0.06950475
93.759,2.9986,19.9379,0.7939,3.0,20.0,1.0,-0.03005737,-0.070142396,0.49660468,0.49660468,0.030656781,0.06954298,-0.03005737,-0.070142396,0.49660468,0.49660468,0.030656781,0.06954298
93.809,2.9986,19.9379,0.7942,3.0,20.0,1.0,-0.030179095,-0.07027738,0.49827206,0.49827206,0.030779174,0.06967729,-0.030179095,-0.07027738,0.49827206,0.49827206,0.030779174,0.06967729
93.859,2.9986,19.9378,0.7944,3.0,20.0,1.0,-0.030365836,-0.07035431,0.4987806,0.4987806,0.030966753,0.06975339,-0.030365836,-0.07035431,0.4987806,0.4987806,0.030966753,0.06975339
93.910,2.9986,19.9378,0.7946,3.0,20.0,1.0,-0.030589188,-0.070430614,0.49927625,0.49927625,0.031190004,0.0698298,-0.030589188,-0.070430614,0.49927625,0.49927625,0.031190004,0.0698298
93.960,2.9986,19.9378,0.7946,3.0,20.0,1.0,-0.030610291,-0.07055341,0.5012677,0.5012677,0.03121145,0.06995225,-0.030610291,-0.07055341,0.5012677,0.5012677,0.03121145,0.06995225
94.010,2.9986,19.9378,0.7946,3.0,20.0,1.0,-0.030790929,-0.07065161,0.50252444,0.50252444,0.031390894,0.07005165,-0.030790929,-0.07065161,0.50252444,0.50252444,0.031390894,0.07005165
94.059,2.9986,19.9377,0.7946,3.0,20.0,1.0,-0.030830069,-0.0707695,0.5042966,0.5042966,0.03143076,0.070168816,-0.030830069,-0.0707695,0.5042966,0.5042966,0.03143076,0.070168816
94.110,2.9986,19.9377,0.7945,3.0,20.0,1.0,-0.030948656,-0.07086378,0.5058225,0.5058225,0.031547144,0.0702653,-0.030948656,-0.07086378,0.5058225,0.5058225,0.031547144,0.0702653
94.160,2.9986,19.9377,0.7942,3.0,20.0,1.0,-0.031034624,-0.07100609,0.50781626,0.50781626,0.031634606,0.07040611,-0.031034624,-0.07100609,0.50781626,0.50781626,0.031634606,0.07040611
94.210,2.9986,19.9377,0.7941,3.0,20.0,1.0,-0.031156309,-0.07115549,0.5102899,0.5102899,0.031753343,0.07055846,-0.031156309,-0.07115549,0.5102899,0.5102899,0.031753343,0.07055846
94.260,2.9986,19.9376,0.7937,3.0,20.0,1.0,-0.03122078,-0.0712602,0.5116777,0.5116777,0.03181913,0.07066185,-0.03122078,-0.0712602,0.5116777,0.5116777,0.03181913,0.07066185
94.309,2.9986,19.9376,0.7935,3.0,20.0,1.0,-0.031290248,-0.07141084,0.51416796,0.51416796,0.031885073,0.07081602,-0.031290248,-0.07141084,0.51416796,0.51416796,0.031885073,0.07081602
94.359,2.9986,19.9376,0.7931,3.0,20.0,1.0,-0.031395294,-0.071541436,0.5158478,0.5158478,0.031991813,0.07094492,-0.031395294,-0.071541436,0.5158478,0.5158478,0.031991813,0.07094492
94.410,2.9986,19.9376,0.7928,3.0,20.0,1.0,-0.031471398,-0.071754016,0.5190691,0.5190691,0.032064088,0.07116132,-0.031471398,-0.071754016,0.5190691,0.5190691,0.032064088,0.07116132
94.459,2.9986,19.9375,0.7923,3.0,20.0,1.0,-0.031556025,-0.07184788,0.5202196,0.5202196,0.032150295,0.07125361,-0.031556025,-0.07184788,0.5202196,0.5202196,0.032150295,0.07125361
94.510,2.9986,19.9375,0.7920,3.0,20.0,1.0,-0.031614345,-0.07209419,0.5236532,0.5236532,0.03220441,0.07150412,-0.031614345,-0.07209419,0.5236532,0.5236532,0.03220441,0.07150412
94.560,2.9986,19.9375,0.7918,3.0,20.0,1.0,-0.05632626,-0.1679729,1.0,1.0,0.057615336,0.16668382,-0.05632626,-0.1679729,1.0,1.0,0.057615336,0.16668382
94.610,2.9986,19.9374,0.7928,3.0,20.0,1.0,-0.03009516,-0.07044679,0.5006243,0.5006243,0.030665105,0.06987684,-0.03009516,-0.07044679,0.5006243,0.5006243,0.030665105,0.06987684
94.660,2.9986,19.9373,0.7933,3.0,20.0,1.0,-0.030861313,-0.070221566,0.49154177,0.49154177,0.0314449,0.06963798,-0.030861313,-0.070221566,0.49154177,0.49154177,0.0314449,0.06963798
94.709,2.9986,19.9373,0.7938,3.0,20.0,1.0,-0.030905722,-0.07027717,0.49229923,0.49229923,0.031489853,0.069693044,-0.030905722,-0.07027717,0.49229923,0.49229923,0.031489853,0.069693044
94.760,2.9986,19.9372,0.7945,3.0,20.0,1.0,-0.031160535,-0.07036746,0.49230233,0.49230233,0.031746004,0.069782,-0.031160535,-0.07036746,0.49230233,0.49230233,0.031746004,0.069782
94.810,2.9986,19.9372,0.7948,3.0,20.0,1.0,-0.03116883,-0.07045011,0.49382266,0.49382266,0.031753857,0.069865085,-0.03116883,-0.07045011,0.49382266,0.49382266,0.031753857,0.069865085
94.859,2.9986,19.9372,0.7953,3.0,20.0,1.0,-0.031189917,-0.07061086,0.49669242,0.49669242,0.031774998,0.07002578,-0.031189917,-0.07061086,0.49669242,0.49669242,0.031774998,0.07002578
94.910,2.9986,19.9371,0.7955,3.0,20.0,1.0,-0.03142721,-0.07066483,0.49650878,0.49650878,0.032012474,0.07007957,-0.03142721,-0.07066483,0.49650878,0.49650878,0.032012474,0.07007957
94.960,2.9986,19.9371,0.7957,3.0,20.0,1.0,-0.03144163,-0.070790455,0.49868357,0.49868357,0.032027073,0.07020502,-0.03144163,-0.070790455,0.49868357,0.49868357,0.032027073,0.07020502
95.009,2.9986,19.9371,0.7958,3.0,20.0,1.0,-0.031629354,-0.070864655,0.49944142,0.49944142,0.03221381,0.070280194,-0.031629354,-0.070864655,0.49944142,0.49944142,0.03221381,0.070280194
95.060,2.9986,19.9371,0.7958,3.0,20.0,1.0,-0.03166636,-0.070984825,0.501351,0.501351,0.032251373,0.07039981,-0.03166636,-0.070984825,0.501351,0.501351,0.032251373,0.07039981
95.111,2.9986,19.9371,0.7957,3.0,20.0,1.0,-0.031795666,-0.071048394,0.50245756,0.50245756,0.0323786,0.07046545,-0.031795666,-0.071048394,0.50245756,0.50245756,0.0323786,0.07046545
95.160,2.9986,19.9370,0.7956,3.0,20.0,1.0,-0.031874385,-0.07120324,0.50461775,0.50461775,0.03245914,0.07061849,-0.031874385,-0.07120324,0.50461775,0.50461775,0.03245914,0.07061849
95.210,2.9986,19.9370,0.7955,3.0,20.0,1.0,-0.031966653,-0.07129146,0.50629187,0.50629187,0.03254881,0.0707093,-0.031966653,-0.07129146,0.50629187,0.50629187,0.03254881,0.0707093
95.260,2.9986,19.9370,0.7952,3.0,20.0,1.0,-0.03206167,-0.07143538,0.5082205,0.5082205,0.032645345,0.0708517,-0.03206167,-0.07143538,0.5082205,0.5082205,0.032645345,0.0708517
95.310,2.9986,19.9370,0.7950,3.0,20.0,1.0,-0.03216181,-0.0715881,0.5108524,0.5108524,0.032742903,0.071007006,-0.03216181,-0.0715881,0.5108524,0.5108524,0.032742903,0.071007006
95.360,2.9986,19.9370,0.7946,3.0,20.0,1.0,-0.032237146,-0.07169564,0.51222295,0.51222295,0.032819573,0.071113214,-0.032237146,-0.07169564,0.51222295,0.51222295,0.032819573,0.071113214
95.410,2.9986,19.9370,0.7944,3.0,20.0,1.0,-0.032295335,-0.07177074,0.51322335,0.51322335,0.032878354,0.07118773,-0.032295335,-0.07177074,0.51322335,0.51322335,0.032878354,0.07118773
95.460,2.9986,19.9369,0.7939,3.0,20.0,1.0,-0.03240613,-0.0719818,0.5164792,0.5164792,0.03298722,0.07140072,-0.03240613,-0.0719818,0.5164792,0.5164792,0.03298722,0.07140072
95.510,2.9986,19.9369,0.7936,3.0,20.0,1.0,-0.032465532,-0.07220524,0.5199283,0.5199283,0.03304295,0.071627825,-0.032465532,-0.07220524,0.5199283,0.5199283,0.03304295,0.071627825
95.559,2.9986,19.9369,0.7934,3.0,20.0,1.0,-0.058812216,-0.16942115,1.0,1.0,0.060082417,0.16815096,-0.058812216,-0.16942115,1.0,1.0,0.060082417,0.16815096
95.609,2.9986,19.9368,0.7945,3.0,20.0,1.0,-0.03093633,-0.07050454,0.49689335,0.49689335,0.031495854,0.06994501,-0.03093633,-0.07050454,0.49689335,0.49689335,0.031495854,0.06994501
95.660,2.9986,19.9368,0.7949,3.0,20.0,1.0,-0.031712912,-0.07024751,0.4877996,0.4877996,0.03228823,0.06967219,-0.031712912,-0.07024751,0.4877996,0.4877996,0.03228823,0.06967219
95.710,2.9986,19.9367,0.7958,3.0,20.0,1.0,-0.031522956,-0.070433855,0.49209216,0.49209216,0.032095123,0.06986169,-0.031522956,-0.070433855,0.49209216,0.49209216,0.032095123,0.06986169
95.760,2.9986,19.9367,0.7961,3.0,20.0,1.0,-0.032016616,-0.07037829,0.48862645,0.48862645,0.032595243,0.06979966,-0.032016616,-0.07037829,0.48862645,0.48862645,0.032595243,0.06979966
95.809,2.9986,19.9366,0.7965,3.0,20.0,1.0,-0.03185012,-0.07057875,0.49280077,0.49280077,0.032426015,0.07000285,-0.03185012,-0.07057875,0.49280077,0.49280077,0.032426015,0.07000285
95.859,2.9986,19.9366,0.7969,3.0,20.0,1.0,-0.032046992,-0.07063232,0.49296165,0.49296165,0.032624915,0.070054404,-0.032046992,-0.07063232,0.49296165,0.49296165,0.032624915,0.070054404
95.910,2.9986,19.9366,0.7971,3.0,20.0,1.0,-0.03228748,-0.07066592,0.49292776,0.49292776,0.032867298,0.07008611,-0.03228748,-0.07066592,0.49292776,0.49292776,0.032867298,0.07008611
95.959,2.9986,19.9366,0.7973,3.0,20.0,1.0,-0.032302678,-0.07079995,0.49508584,0.49508584,0.03288235,0.07022027,-0.032302678,-0.07079995,0.49508584,0.49508584,0.03288235,0.07022027
96.009,2.9986,19.9366,0.7973,3.0,20.0,1.0,-0.032500003,-0.07085272,0.49594596,0.49594596,0.03308038,0.070272334,-0.032500003,-0.07085272,0.49594596,0.49594596,0.03308038,0.070272334
96.059,2.9986,19.9365,0.7973,3.0,20.0,1.0,-0.032535955,-0.070980415,0.49786502,0.49786502,0.033116754,0.07039961,-0.032535955,-0.070980415,0.49786502,0.49786502,0.033116754,0.07039961
96.110,2.9986,19.9365,0.7973,3.0,20.0,1.0,-0.0326979,-0.071058564,0.499508,0.499508,0.033279292,0.07047717,-0.0326979,-0.071058564,0.499508,0.499508,0.033279292,0.07047717
96.160,2.9986,19.9365,0.7971,3.0,20.0,1.0,-0.032746937,-0.07118599,0.50121135,0.50121135,0.03332906,0.07060387,-0.032746937,-0.07118599,0.50121135,0.50121135,0.03332906,0.07060387
96.210,2.9986,19.9365,0.7969,3.0,20.0,1.0,-0.032876924,-0.07129712,0.5035069,0.5035069,0.03345887,0.07071517,-0.032876924,-0.07129712,0.5035069,0.5035069,0.03345887,0.07071517
96.260,2.9986,19.9365,0.7966,3.0,20.0,1.0,-0.032939546,-0.07141732,0.50502574,0.50502574,0.03352231,0.070834555,-0.032939546,-0.07141732,0.50502574,0.50502574,0.03352231,0.070834555
96.310,2.9986,19.9365,0.7964,3.0,20.0,1.0,-0.033045165,-0.071560934,0.50785464,0.50785464,0.033627193,0.0709789,-0.033045165,-0.071560934,0.50785464,0.50785464,0.033627193,0.0709789
96.360,2.9986,19.9365,0.7960,3.0,20.0,1.0,-0.033118915,-0.07167461,0.5092136,0.5092136,0.03370188,0.071091644,-0.033118915,-0.07167461,0.5092136,0.5092136,0.03370188,0.071091644
96.410,2.9986,19.9364,0.7954,3.0,20.0,1.0,-0.033203833,-0.07185292,0.5124631,0.5124631,0.033785533,0.07127122,-0.033203833,-0.07185292,0.5124631,0.5124631,0.033785533,0.07127122
96.460,2.9986,19.9364,0.7952,3.0,20.0,1.0,-0.03326971,-0.072055876,0.51580375,0.51580375,0.033849988,0.071475595,-0.03326971,-0.072055876,0.51580375,0.51580375,0.033849988,0.071475595
96.509,2.9986,19.9364,0.7945,3.0,20.0,1.0,-0.033369284,-0.07209908,0.5156725,0.5156725,0.033952173,0.07151619,-0.033369284,-0.07209908,0.5156725,0.5156725,0.033952173,0.07151619
96.560,2.9986,19.9364,0.7944,3.0,20.0,1.0,-0.061262768,-0.17003234,1.0,1.0,0.06254126,0.16875383,-0.061262768,-0.17003234,1.0,1.0,0.06254126,0.16875383
96.610,2.9986,19.9363,0.7948,3.0,20.0,1.0,-0.031744048,-0.07042749,0.49428567,0.49428567,0.03230796,0.06986358,-0.031744048,-0.07042749,0.49428567,0.49428567,0.03230796,0.06986358
96.659,2.9986,19.9362,0.7956,3.0,20.0,1.0,-0.032168265,-0.07037769,0.49133894,0.49133894,0.032740798,0.06980515,-0.032168265,-0.07037769,0.49133894,0.49133894,0.032740798,0.06980515
96.710,2.9986,19.9362,0.7960,3.0,20.0,1.0,-0.0325935,-0.070347734,0.4889592,0.4889592,0.033174112,0.069767125,-0.0325935,-0.070347734,0.4889592,0.4889592,0.033174112,0.069767125
96.760,2.9986,19.9362,0.7964,3.0,20.0,1.0,-0.032567788,-0.07049191,0.49140754,0.49140754,0.033146963,0.06991273,-0.032567788,-0.07049191,0.49140754,0.49140754,0.033146963,0.06991273
96.810,2.9986,19.9361,0.7967,3.0,20.0,1.0,-0.03285089,-0.070529915,0.49116886,0.49116886,0.0334342,0.06994661,-0.03285089,-0.070529915,0.49116886,0.49116886,0.0334342,0.06994661
96.860,2.9986,19.9361,0.7969,3.0,20.0,1.0,-0.03284946,-0.070668496,0.49337846,0.49337846,0.03343184,0.070086114,-0.03284946,-0.070668496,0.49337846,0.49337846,0.03343184,0.070086114
96.909,2.9986,19.9361,0.7970,3.0,20.0,1.0,-0.03304648,-0.07069785,0.49366066,0.49366066,0.033630915,0.07011342,-0.03304648,-0.07069785,0.49366066,0.49366066,0.033630915,0.07011342
96.960,2.9986,19.9360,0.7970,3.0,20.0,1.0,-0.033096056,-0.0708619,0.49604055,0.49604055,0.033680387,0.07027757,-0.033096056,-0.0708619,0.49604055,0.49604055,0.033680387,0.07027757
97.010,2.9986,19.9360,0.7970,3.0,20.0,1.0,-0.033275977,-0.07094997,0.49754053,0.49754053,0.033861216,0.07036473,-0.033275977,-0.07094997,0.49754053,0.49754053,0.033861216,0.07036473
97.059,2.9986,19.9360,0.7968,3.0,20.0,1.0,-0.03331559,-0.07107661,0.49929944,0.49929944,0.03390092,0.070491284,-0.03331559,-0.07107661,0.49929944,0.49929944,0.03390092,0.070491284
97.109,2.9986,19.9360,0.7967,3.0,20.0,1.0,-0.03336616,-0.07116064,0.5004298,0.5004298,0.033951923,0.07057488,-0.03336616,-0.07116064,0.5004298,0.5004298,0.033951923,0.07057488
97.160,2.9986,19.9360,0.7964,3.0,20.0,1.0,-0.03351837,-0.07130909,0.50305843,0.50305843,0.03410392,0.07072355,-0.03351837,-0.07130909,0.50305843,0.50305843,0.03410392,0.07072355
97.210,2.9986,19.9360,0.7962,3.0,20.0,1.0,-0.033570576,-0.07138715,0.5041082,0.5041082,0.0341564,0.070801325,-0.033570576,-0.07138715,0.5041082,0.5041082,0.0341564,0.070801325
97.259,2.9986,19.9359,0.7957,3.0,20.0,1.0,-0.033704564,-0.07156894,0.50721097,0.50721097,0.0342894,0.0709841,-0.033704564,-0.07156894,0.50721097,0.50721097,0.0342894,0.0709841
97.310,2.9986,19.9359,0.7952,3.0,20.0,1.0,-0.03379086,-0.071748935,0.5105438,0.5105438,0.034372926,0.07116687,-0.03379086,-0.071748935,0.5105438,0.5105438,0.034372926,0.07116687
97.360,2.9986,19.9359,0.7949,3.0,20.0,1.0,-0.033854723,-0.071946315,0.5137726,0.5137726,0.034434132,0.071366906,-0.033854723,-0.071946315,0.5137726,0.5137726,0.034434132,0.071366906
97.409,2.9986,19.9359,0.7943,3.0,20.0,1.0,-0.033948872,-0.07199243,0.5137168,0.5137168,0.034531534,0.07140976,-0.033948872,-0.07199243,0.5137168,0.5137168,0.034531534,0.07140976
97.459,2.9986,19.9358,0.7940,3.0,20.0,1.0,-0.033982508,-0.07229911,0.5187894,0.5187894,0.034558807,0.07172281,-0.033982508,-0.07229911,0.5187894,0.5187894,0.034558807,0.07172281
97.510,2.9986,19.9358,0.7936,3.0,20.0,1.0,-0.034034126,-0.07239309,0.5199406,0.5199406,0.034610387,0.07181683,-0.034034126,-0.07239309,0.5199406,0.5199406,0.034610387,0.07181683
97.559,2.9986,19.9358,0.7932,3.0,20.0,1.0,-0.06282711,-0.16937041,1.0,1.0,0.06409731,0.16810022,-0.06282711,-0.16937041,1.0,1.0,0.06409731,0.16810022
97.610,2.9986,19.9357,0.7935,3.0,20.0,1.0,-0.06317911,-0.16401774,1.0,1.0,0.06441643,0.1627804,-0.06317911,-0.16401774,1.0,1.0,0.06441643,0.1627804
97.660,2.9986,19.9357,0.7938,3.0,20.0,1.0,-0.032785248,-0.07067392,0.4952203,0.4952203,0.03334898,0.070110194,-0.032785248,-0.07067392,0.4952203,0.4952203,0.03334898,0.070110194
97.710,2.9986,19.9356,0.7940,3.0,20.0,1.0,-0.033052824,-0.07078169,0.4950195,0.4950195,0.03361767,0.07021685,-0.033052824,-0.07078169,0.4950195,0.4950195,0.03361767,0.07021685
97.759,2.9986,19.9356,0.7942,3.0,20.0,1.0,-0.033064675,-0.07089633,0.49714717,0.49714717,0.033629276,0.07033173,-0.033064675,-0.07089633,0.49714717,0.49714717,0.033629276,0.07033173
97.810,2.9986,19.9356,0.7942,3.0,20.0,1.0,-0.033262957,-0.07102639,0.49813965,0.49813965,0.03382681,0.07046254,-0.033262957,-0.07102639,0.49813965,0.49813965,0.03382681,0.07046254
97.859,2.9986,19.9355,0.7942,3.0,20.0,1.0,-0.033299368,-0.071137734,0.50002956,0.50002956,0.033863407,0.070573695,-0.033299368,-0.071137734,0.50002956,0.50002956,0.033863407,0.070573695
97.910,2.9986,19.9355,0.7941,3.0,20.0,1.0,-0.03346051,-0.071289025,0.5017531,0.5017531,0.034022342,0.07072719,-0.03346051,-0.071289025,0.5017531,0.5017531,0.034022342,0.07072719
97.959,2.9986,19.9355,0.7939,3.0,20.0,1.0,-0.03351392,-0.071396045,0.50344497,0.50344497,0.0340763,0.07083367,-0.03351392,-0.071396045,0.50344497,0.50344497,0.0340763,0.07083367
98.009,2.9986,19.9354,0.7938,3.0,20.0,1.0,-0.033566054,-0.07147002,0.5045148,0.5045148,0.034128655,0.07090742,-0.033566054,-0.07147002,0.5045148,0.5045148,0.034128655,0.07090742
98.060,2.9986,19.9354,0.7934,3.0,20.0,1.0,-0.033705566,-0.0716678,0.5072898,0.5072898,0.034265175,0.071108185,-0.033705566,-0.0716678,0.5072898,0.5072898,0.034265175,0.071108185
98.111,2.9986,19.9354,0.7932,3.0,20.0,1.0,-0.0338011,-0.07186324,0.5101263,0.5101263,0.03435585,0.0713085,-0.0338011,-0.07186324,0.5101263,0.5101263,0.03435585,0.0713085
98.160,2.9986,19.9354,0.7928,3.0,20.0,1.0,-0.033878345,-0.07196238,0.5114846,0.5114846,0.034434136,0.07140659,-0.033878345,-0.07196238,0.5114846,0.5114846,0.034434136,0.07140659
98.210,2.9986,19.9353,0.7922,3.0,20.0,1.0,-0.033941243,-0.07219094,0.5147823,0.5147823,0.034490317,0.07164187,-0.033941243,-0.07219094,0.5147823,0.5147823,0.034490317,0.07164187
98.260,2.9986,19.9353,0.7920,3.0,20.0,1.0,-0.033984255,-0.072421946,0.518017,0.518017,0.034527026,0.07187918,-0.033984255,-0.072421946,0.518017,0.518017,0.034527026,0.07187918
98.309,2.9986,19.9353,0.7914,3.0,20.0,1.0,-0.034103442,-0.072425164,0.5179153,0.5179153,0.03465236,0.07187624,-0.034103442,-0.072425164,0.5179153,0.5179153,0.03465236,0.07187624
98.360,2.9986,19.9353,0.7911,3.0,20.0,1.0,-0.034091666,-0.07280015,0.52290106,0.52290106,0.03462745,0.072264366,-0.034091666,-0.07280015,0.52290106,0.52290106,0.03462745,0.072264366
98.410,2.9986,19.9352,0.7907,3.0,20.0,1.0,-0.034235787,-0.07277543,0.52255744,0.52255744,0.03477862,0.0722326,-0.034235787,-0.07277543,0.52255744,0.52255744,0.03477862,0.0722326
98.460,2.9986,19.9352,0.7901,3.0,20.0,1.0,-0.03428113,-0.0729934,0.5252946,0.5252946,0.03481912,0.07245541,-0.03428113,-0.0729934,0.5252946,0.5252946,0.03481912,0.07245541
98.511,2.9986,19.9352,0.7897,3.0,20.0,1.0,-0.034275886,-0.07331685,0.52914727,0.52914727,0.034804303,0.07278843,-0.034275886,-0.07331685,0.52914727,0.52914727,0.034804303,0.07278843
98.560,2.9986,19.9351,0.7893,3.0,20.0,1.0,-0.062131133,-0.16795075,1.0,1.0,0.06328481,0.16679707,-0.062131133,-0.16795075,1.0,1.0,0.06328481,0.16679707
98.610,2.9986,19.9351,0.7896,3.0,20.0,1.0,-0.032536205,-0.071738504,0.507608,0.507608,0.033037916,0.07123679,-0.032536205,-0.071738504,0.507608,0.507608,0.033037916,0.07123679
98.660,2.9986,19.9350,0.7900,3.0,20.0,1.0,-0.032949187,-0.07159776,0.5036526,0.5036526,0.03346198,0.07108497,-0.032949187,-0.07159776,0.5036526,0.5036526,0.03346198,0.07108497
98.710,2.9986,19.9350,0.7902,3.0,20.0,1.0,-0.033159904,-0.07176867,0.5033983,0.5033983,0.033670407,0.07125817,-0.033159904,-0.07176867,0.5033983,0.5033983,0.033670407,0.07125817
98.759,2.9986,19.9349,0.7904,3.0,20.0,1.0,-0.03319865,-0.07185695,0.50546104,0.50546104,0.03371058,0.071345024,-0.03319865,-0.07185695,0.50546104,0.50546104,0.03371058,0.071345024
98.810,2.9986,19.9349,0.7905,3.0,20.0,1.0,-0.03335582,-0.07203382,0.5062273,0.5062273,0.033865154,0.071524486,-0.03335582,-0.07203382,0.5062273,0.5062273,0.033865154,0.071524486
98.859,2.9986,19.9349,0.7905,3.0,20.0,1.0,-0.033411745,-0.07212338,0.50809836,0.50809836,0.033922475,0.07161265,-0.033411745,-0.07212338,0.50809836,0.50809836,0.033922475,0.07161265
98.909,2.9986,19.9348,0.7905,3.0,20.0,1.0,-0.033536267,-0.0723086,0.5094942,0.5094942,0.034044117,0.071800746,-0.033536267,-0.0723086,0.5094942,0.5094942,0.034044117,0.071800746
98.959,2.9986,19.9348,0.7904,3.0,20.0,1.0,-0.033606213,-0.07239878,0.5111884,0.5111884,0.034115426,0.071889564,-0.033606213,-0.07239878,0.5111884,0.5111884,0.034115426,0.071889564
99.010,2.9986,19.9348,0.7902,3.0,20.0,1.0,-0.03370469,-0.07259523,0.5131295,0.5131295,0.034210686,0.07208924,-0.03370469,-0.07259523,0.5131295,0.5131295,0.034210686,0.07208924
99.060,2.9986,19.9347,0.7901,3.0,20.0,1.0,-0.033772975,-0.07278897,0.51548713,0.51548713,0.03427567,0.07228628,-0.033772975,-0.07278897,0.51548713,0.51548713,0.03427567,0.07228628
99.109,2.9986,19.9347,0.7898,3.0,20.0,1.0,-0.03386456,-0.07281367,0.5164338,0.5164338,0.034371115,0.07230712,-0.03386456,-0.07281367,0.5164338,0.5164338,0.034371115,0.07230712
99.159,2.9986,19.9347,0.7897,3.0,20.0,1.0,-0.033899713,-0.07311187,0.5196643,0.5196643,0.0343987,0.07261288,-0.033899713,-0.07311187,0.5196643,0.5196643,0.0343987,0.07261288
99.210,2.9986,19.9347,0.7894,3.0,20.0,1.0,-0.03395298,-0.07318998,0.52076966,0.52076966,0.0344521,0.07269086,-0.03395298,-0.07318998,0.52076966,0.52076966,0.0344521,0.07269086
99.260,2.9986,19.9347,0.7891,3.0,20.0,1.0,-0.034014132,-0.07345643,0.5239674,0.5239674,0.034508996,0.07296157,-0.034014132,-0.07345643,0.5239674,0.5239674,0.034508996,0.07296157
99.309,2.9986,19.9346,0.7888,3.0,20.0,1.0,-0.034153886,-0.073449306,0.5242908,0.5242908,0.034653734,0.072949454,-0.034153886,-0.073449306,0.5242908,0.5242908,0.034653734,0.072949454
99.360,2.9986,19.9346,0.7884,3.0,20.0,1.0,-0.03420382,-0.07364758,0.5265984,0.5265984,0.034700762,0.07315064,-0.03420382,-0.07364758,0.5265984,0.5265984,0.034700762,0.07315064
99.409,2.9986,19.9346,0.7881,3.0,20.0,1.0,-0.034177408,-0.073903166,0.52935445,0.52935445,0.034668066,0.07341251,-0.034177408,-0.073903166,0.52935445,0.52935445,0.034668066,0.07341251
99.459,2.9986,19.9346,0.7877,3.0,20.0,1.0,-0.03431863,-0.074009866,0.5308485,0.5308485,0.03481115,0.073517345,-0.03431863,-0.074009866,0.5308485,0.5308485,0.03481115,0.073517345
99.510,2.9986,19.9345,0.7874,3.0,20.0,1.0,-0.03430651,-0.07432302,0.5340797,0.5340797,0.034792192,0.07383734,-0.03430651,-0.07432302,0.5340797,0.5340797,0.034792192,0.07383734
99.560,2.9986,19.9345,0.7873,3.0,20.0,1.0,-0.06120475,-0.16870508,1.0,1.0,0.062249612,0.1676602,-0.06120475,-0.16870508,1.0,1.0,0.062249612,0.1676602
99.610,2.9986,19.9344,0.7878,3.0,20.0,1.0,-0.061722863,-0.16361462,1.0,1.0,0.062740274,0.16259721,-0.061722863,-0.16361462,1.0,1.0,0.062740274,0.16259721
99.660,2.9986,19.9344,0.7886,3.0,20.0,1.0,-0.033072107,-0.07247465,0.5062798,0.5062798,0.03354904,0.07199772,-0.033072107,-0.07247465,0.5062798,0.5062798,0.03354904,0.07199772
99.709,2.9986,19.9343,0.7891,3.0,20.0,1.0,-0.03338368,-0.07254229,0.5036307,0.5036307,0.033862557,0.07206341,-0.03338368,-0.07254229,0.5036307,0.5036307,0.033862557,0.07206341
99.760,2.9986,19.9343,0.7897,3.0,20.0,1.0,-0.03338055,-0.07265444,0.5063203,0.5063203,0.033858933,0.07217606,-0.03338055,-0.07265444,0.5063203,0.5063203,0.033858933,0.07217606
99.809,2.9986,19.9343,0.7900,3.0,20.0,1.0,-0.033590257,-0.07274661,0.505512,0.505512,0.034068197,0.07226867,-0.033590257,-0.07274661,0.505512,0.505512,0.034068197,0.07226867
99.860,2.9986,19.9343,0.7904,3.0,20.0,1.0,-0.033622276,-0.07285745,0.50773454,0.50773454,0.03410014,0.07237958,-0.033622276,-0.07285745,0.50773454,0.50773454,0.03410014,0.07237958
99.909,2.9986,19.9342,0.7906,3.0,20.0,1.0,-0.033671625,-0.07292985,0.5088236,0.5088236,0.034149542,0.072451934,-0.033671625,-0.07292985,0.5088236,0.5088236,0.034149542,0.072451934
99.960,2.9986,19.9342,0.7908,3.0,20.0,1.0,-0.03389845,-0.07306726,0.50873935,0.50873935,0.034371607,0.072594106,-0.03389845,-0.07306726,0.50873935,0.50873935,0.034371607,0.072594106
100.010,2.9986,19.9342,0.7909,3.0,20.0,1.0,-0.033941146,-0.07314347,0.51002187,0.51002187,0.034413997,0.07267062,-0.033941146,-0.07314347,0.51002187,0.51002187,0.034413997,0.07267062
100.059,2.9986,19.9342,0.7909,3.0,20.0,1.0,-0.03403551,-0.073284216,0.5123186,0.5123186,0.034509458,0.07281027,-0.03403551,-0.073284216,0.5123186,0.5123186,0.034509458,0.07281027
100.109,2.9986,19.9342,0.7909,3.0,20.0,1.0,-0.03414009,-0.073407106,0.5135847,0.5135847,0.03460994,0.07293726,-0.03414009,-0.073407106,0.5135847,0.5135847,0.03460994,0.07293726
100.160,2.9986,19.9342,0.7909,3.0,20.0,1.0,-0.034215722,-0.07351529,0.515258,0.515258,0.03468658,0.07304443,-0.034215722,-0.07351529,0.515258,0.515258,0.03468658,0.07304443
100.210,2.9986,19.9342,0.7908,3.0,20.0,1.0,-0.034299463,-0.073658586,0.51704,0.51704,0.034765452,0.0731926,-0.034299463,-0.073658586,0.51704,0.51704,0.034765452,0.0731926
100.260,2.9986,19.9342,0.7906,3.0,20.0,1.0,-0.034385547,-0.073764525,0.5185649,0.5185649,0.034852736,0.07329733,-0.034385547,-0.073764525,0.5185649,0.5185649,0.034852736,0.07329733
100.310,2.9986,19.9342,0.7905,3.0,20.0,1.0,-0.034453813,-0.073930435,0.52074444,0.52074444,0.034915533,0.073468715,-0.034453813,-0.073930435,0.52074444,0.52074444,0.034915533,0.073468715
100.360,2.9986,19.9341,0.7902,3.0,20.0,1.0,-0.03451613,-0.07400139,0.52173555,0.52173555,0.03497894,0.07353857,-0.03451613,-0.07400139,0.52173555,0.52173555,0.03497894,0.07353857
100.409,2.9986,19.9341,0.7900,3.0,20.0,1.0,-0.03460233,-0.074224636,0.52463394,0.52463394,0.03505933,0.07376763,-0.03460233,-0.074224636,0.52463394,0.52463394,0.03505933,0.07376763
100.460,2.9986,19.9341,0.7897,3.0,20.0,1.0,-0.03470328,-0.074322365,0.5259131,0.5259131,0.03516192,0.07386373,-0.03470328,-0.074322365,0.5259131,0.5259131,0.03516192,0.07386373
100.510,2.9986,19.9341,0.7895,3.0,20.0,1.0,-0.034748256,-0.07453961,0.5286153,0.5286153,0.035200458,0.0740874,-0.034748256,-0.07453961,0.5286153,0.5286153,0.035200458,0.0740874
100.559,2.9986,19.9341,0.7895,3.0,20.0,1.0,-0.06258668,-0.1712714,1.0,1.0,0.06357066,0.17028743,-0.06258668,-0.1712714,1.0,1.0,0.06357066,0.17028743
100.609,2.9986,19.9340,0.7901,3.0,20.0,1.0,-0.033127815,-0.07274474,0.5045354,0.5045354,0.0335636,0.07230896,-0.033127815,-0.07274474,0.5045354,0.5045354,0.0335636,0.07230896
100.659,2.9986,19.9340,0.7910,3.0,20.0,1.0,-0.03356045,-0.0725931,0.5004625,0.5004625,0.034007784,0.07214577,-0.03356045,-0.0725931,0.5004625,0.5004625,0.034007784,0.07214577
100.709,2.9986,19.9340,0.7915,3.0,20.0,1.0,-0.033920716,-0.07256473,0.49794212,0.49794212,0.034371406,0.072114035,-0.033920716,-0.07256473,0.49794212,0.49794212,0.034371406,0.072114035
100.759,2.9986,19.9339,0.7922,3.0,20.0,1.0,-0.03390906,-0.07271233,0.50047916,0.50047916,0.03435884,0.07226255,-0.03390906,-0.07271233,0.50047916,0.50047916,0.03435884,0.07226255
100.809,2.9986,19.9339,0.7925,3.0,20.0,1.0,-0.03418101,-0.072717,0.49943358,0.49943358,0.034631766,0.07226625,-0.03418101,-0.072717,0.49943358,0.49943358,0.034631766,0.07226625
100.859,2.9986,19.9339,0.7930,3.0,20.0,1.0,-0.034191784,-0.07286027,0.5017668,0.5017668,0.03464221,0.072409846,-0.034191784,-0.07286027,0.5017668,0.5017668,0.03464221,0.072409846
100.909,2.9986,19.9339,0.7933,3.0,20.0,1.0,-0.03441843,-0.07287944,0.50159496,0.50159496,0.03486867,0.0724292,-0.03441843,-0.07287944,0.50159496,0.50159496,0.03486867,0.0724292
100.959,2.9986,19.9339,0.7934,3.0,20.0,1.0,-0.034572467,-0.0729367,0.502595,0.502595,0.035021745,0.07248742,-0.034572467,-0.0729367,0.502595,0.502595,0.035021745,0.07248742
101.010,2.9986,19.9339,0.7936,3.0,20.0,1.0,-0.034543887,-0.07311792,0.50518346,0.50518346,0.034994595,0.072667204,-0.034543887,-0.07311792,0.50518346,0.50518346,0.034994595,0.072667204
101.059,2.9986,19.9339,0.7936,3.0,20.0,1.0,-0.034776065,-0.07312636,0.50588673,0.50588673,0.03522635,0.07267608,-0.034776065,-0.07312636,0.50588673,0.50588673,0.03522635,0.07267608
101.109,2.9986,19.9339,0.7936,3.0,20.0,1.0,-0.034777924,-0.0732962,0.5078435,0.5078435,0.03522983,0.0728443,-0.034777924,-0.0732962,0.5078435,0.5078435,0.03522983,0.0728443
101.160,2.9986,19.9338,0.7935,3.0,20.0,1.0,-0.0349025,-0.073383674,0.5092824,0.5092824,0.03535469,0.07293148,-0.0349025,-0.073383674,0.5092824,0.5092824,0.03535469,0.07293148
101.209,2.9986,19.9338,0.7934,3.0,20.0,1.0,-0.035031628,-0.07347786,0.51116854,0.51116854,0.03548355,0.073025934,-0.035031628,-0.07347786,0.51116854,0.51116854,0.03548355,0.073025934
101.259,2.9986,19.9338,0.7932,3.0,20.0,1.0,-0.0351008,-0.07360634,0.5127151,0.5127151,0.035553597,0.07315355,-0.0351008,-0.07360634,0.5127151,0.5127151,0.035553597,0.07315355
101.310,2.9986,19.9338,0.7930,3.0,20.0,1.0,-0.035208423,-0.073733255,0.51507056,0.51507056,0.035660774,0.07328091,-0.035208423,-0.073733255,0.51507056,0.51507056,0.035660774,0.07328091
101.360,2.9986,19.9338,0.7927,3.0,20.0,1.0,-0.035288338,-0.073854335,0.5164716,0.5164716,0.03574156,0.073401116,-0.035288338,-0.073854335,0.5164716,0.5164716,0.03574156,0.073401116
101.409,2.9986,19.9338,0.7925,3.0,20.0,1.0,-0.035378717,-0.07401385,0.51919293,0.51919293,0.035831247,0.073561326,-0.035378717,-0.07401385,0.51919293,0.51919293,0.035831247,0.073561326
101.460,2.9986,19.9338,0.7921,3.0,20.0,1.0,-0.035466753,-0.07412749,0.5204702,0.5204702,0.035920165,0.073674075,-0.035466753,-0.07412749,0.5204702,0.5204702,0.035920165,0.073674075
101.510,2.9986,19.9338,0.7919,3.0,20.0,1.0,-0.035510577,-0.074288145,0.5230636,0.5230636,0.03596275,0.07383598,-0.035510577,-0.074288145,0.5230636,0.5230636,0.03596275,0.07383598
101.560,2.9986,19.9337,0.7918,3.0,20.0,1.0,-0.065213904,-0.17231159,1.0,1.0,0.06619639,0.17132911,-0.065213904,-0.17231159,1.0,1.0,0.06619639,0.17132911
101.610,2.9986,19.9337,0.7924,3.0,20.0,1.0,-0.033931248,-0.072512046,0.49999493,0.49999493,0.034373123,0.07207017,-0.033931248,-0.072512046,0.49999493,0.49999493,0.034373123,0.07207017
101.660,2.9986,19.9336,0.7932,3.0,20.0,1.0,-0.03435463,-0.07237228,0.49581927,0.49581927,0.03480755,0.07191936,-0.03435463,-0.07237228,0.49581927,0.49581927,0.03480755,0.07191936
101.710,2.9986,19.9336,0.7936,3.0,20.0,1.0,-0.034739017,-0.072331734,0.49362528,0.49362528,0.035201177,0.071869574,-0.034739017,-0.072331734,0.49362528,0.49362528,0.035201177,0.071869574
101.760,2.9986,19.9336,0.7942,3.0,20.0,1.0,-0.03471654,-0.07248976,0.49614474,0.49614474,0.035176564,0.07202973,-0.03471654,-0.07248976,0.49614474,0.49614474,0.035176564,0.07202973
101.809,2.9986,19.9335,0.7947,3.0,20.0,1.0,-0.035008345,-0.072487555,0.4954233,0.4954233,0.03547475,0.07202114,-0.035008345,-0.072487555,0.4954233,0.4954233,0.03547475,0.07202114
101.860,2.9986,19.9335,0.7949,3.0,20.0,1.0,-0.03519521,-0.07253435,0.4960803,0.4960803,0.035665,0.07206456,-0.03519521,-0.07253435,0.4960803,0.4960803,0.035665,0.07206456
101.910,2.9986,19.9335,0.7950,3.0,20.0,1.0,-0.035217036,-0.07262625,0.49752566,0.49752566,0.035686255,0.07215703,-0.035217036,-0.07262625,0.49752566,0.49752566,0.035686255,0.07215703
101.959,2.9986,19.9335,0.7952,3.0,20.0,1.0,-0.035402387,-0.072728455,0.49931285,0.49931285,0.03587402,0.07225682,-0.035402387,-0.072728455,0.49931285,0.49931285,0.03587402,0.07225682
102.010,2.9986,19.9335,0.7952,3.0,20.0,1.0,-0.035436116,-0.072813585,0.5006149,0.5006149,0.03590747,0.07234223,-0.035436116,-0.072813585,0.5006149,0.5006149,0.03590747,0.07234223
102.060,2.9986,19.9335,0.7952,3.0,20.0,1.0,-0.03551043,-0.072992645,0.5029368,0.5029368,0.03598168,0.072521396,-0.03551043,-0.072992645,0.5029368,0.5029368,0.03598168,0.072521396
102.109,2.9986,19.9335,0.7951,3.0,20.0,1.0,-0.035647072,-0.073018074,0.50418043,0.50418043,0.0361211,0.072544046,-0.035647072,-0.073018074,0.50418043,0.50418043,0.0361211,0.072544046
102.160,2.9986,19.9335,0.7949,3.0,20.0,1.0,-0.035726774,-0.073192134,0.5062244,0.5062244,0.03620074,0.072718166,-0.035726774,-0.073192134,0.5062244,0.5062244,0.03620074,0.072718166
102.210,2.9986,19.9335,0.7948,3.0,20.0,1.0,-0.035857055,-0.07329352,0.50852054,0.50852054,0.036332764,0.07281781,-0.035857055,-0.07329352,0.50852054,0.50852054,0.036332764,0.07281781
102.259,2.9986,19.9334,0.7945,3.0,20.0,1.0,-0.03592365,-0.073422015,0.5099783,0.5099783,0.036399364,0.0729463,-0.03592365,-0.073422015,0.5099783,0.5099783,0.036399364,0.0729463
102.310,2.9986,19.9334,0.7942,3.0,20.0,1.0,-0.036028374,-0.07355835,0.5127419,0.5127419,0.036504928,0.0730818,-0.036028374,-0.07355835,0.5127419,0.5127419,0.036504928,0.0730818
102.359,2.9986,19.9334,0.7938,3.0,20.0,1.0,-0.03610716,-0.07367877,0.51406157,0.51406157,0.036583956,0.07320197,-0.03610716,-0.07367877,0.51406157,0.51406157,0.036583956,0.07320197
102.409,2.9986,19.9334,0.7936,3.0,20.0,1.0,-0.036158975,-0.073818706,0.51683426,0.51683426,0.036635548,0.07334214,-0.036158975,-0.073818706,0.51683426,0.51683426,0.036635548,0.07334214
102.459,2.9986,19.9334,0.7933,3.0,20.0,1.0,-0.03624987,-0.07393107,0.51797825,0.51797825,0.036726914,0.07345402,-0.03624987,-0.07393107,0.51797825,0.51797825,0.036726914,0.07345402
102.509,2.9986,19.9334,0.7928,3.0,20.0,1.0,-0.03634372,-0.07417024,0.5218108,0.5218108,0.036820304,0.073693655,-0.03634372,-0.07417024,0.5218108,0.5218108,0.036820304,0.073693655
102.559,2.9986,19.9333,0.7926,3.0,20.0,1.0,-0.0675574,-0.17254367,1.0,1.0,0.06859653,0.17150456,-0.0675574,-0.17254367,1.0,1.0,0.06859653,0.17150456
102.610,2.9986,19.9333,0.7931,3.0,20.0,1.0,-0.06784439,-0.16705489,1.0,1.0,0.068859816,0.16603947,-0.06784439,-0.16705489,1.0,1.0,0.068859816,0.16603947
102.659,2.9986,19.9332,0.7938,3.0,20.0,1.0,-0.035110597,-0.07224708,0.49465352,0.49465352,0.035585474,0.0717722,-0.035110597,-0.07224708,0.49465352,0.49465352,0.035585474,0.0717722
102.710,2.9986,19.9332,0.7943,3.0,20.0,1.0,-0.03517561,-0.0723033,0.4953317,0.4953317,0.0356514,0.07182751,-0.03517561,-0.0723033,0.4953317,0.4953317,0.0356514,0.07182751
102.760,2.9986,19.9332,0.7947,3.0,20.0,1.0,-0.03568524,-0.072272055,0.49303165,0.49303165,0.036172785,0.07178451,-0.03568524,-0.072272055,0.49303165,0.49303165,0.036172785,0.07178451
102.809,2.9986,19.9332,0.7950,3.0,20.0,1.0,-0.03570905,-0.072353326,0.49433196,0.49433196,0.03619609,0.07186629,-0.03570905,-0.072353326,0.49433196,0.49433196,0.03619609,0.07186629
102.860,2.9986,19.9331,0.7953,3.0,20.0,1.0,-0.0357466,-0.0725331,0.496982,0.496982,0.036232367,0.07204733,-0.0357466,-0.0725331,0.496982,0.496982,0.036232367,0.07204733
102.910,2.9986,19.9331,0.7954,3.0,20.0,1.0,-0.035962008,-0.07257558,0.49750096,0.49750096,0.036451392,0.07208619,-0.035962008,-0.07257558,0.49750096,0.49750096,0.036451392,0.07208619
102.960,2.9986,19.9331,0.7954,3.0,20.0,1.0,-0.035990518,-0.07271478,0.49947855,0.49947855,0.036478966,0.07222633,-0.035990518,-0.07271478,0.49947855,0.49947855,0.036478966,0.07222633
103.010,2.9986,19.9331,0.7954,3.0,20.0,1.0,-0.036158912,-0.07278356,0.50080365,0.50080365,0.03664934,0.07229313,-0.036158912,-0.07278356,0.50080365,0.50080365,0.03664934,0.07229313
103.060,2.9986,19.9331,0.7953,3.0,20.0,1.0,-0.03620637,-0.07291753,0.5025799,0.5025799,0.036696427,0.07242747,-0.03620637,-0.07291753,0.5025799,0.5025799,0.036696427,0.07242747
103.109,2.9986,19.9331,0.7952,3.0,20.0,1.0,-0.036339764,-0.0730135,0.5045652,0.5045652,0.03683075,0.07252251,-0.036339764,-0.0730135,0.5045652,0.5045652,0.03683075,0.07252251
103.159,2.9986,19.9331,0.7950,3.0,20.0,1.0,-0.036402266,-0.0731412,0.5061505,0.5061505,0.03689325,0.072650224,-0.036402266,-0.0731412,0.5061505,0.5061505,0.03689325,0.072650224
103.210,2.9986,19.9331,0.7948,3.0,20.0,1.0,-0.036505613,-0.07326746,0.5086879,0.5086879,0.036996435,0.072776645,-0.036505613,-0.07326746,0.5086879,0.5086879,0.036996435,0.072776645
103.259,2.9986,19.9331,0.7944,3.0,20.0,1.0,-0.03658129,-0.073389195,0.5101104,0.5101104,0.03707243,0.072898045,-0.03658129,-0.073389195,0.5101104,0.5101104,0.03707243,0.072898045
103.310,2.9986,19.9331,0.7942,3.0,20.0,1.0,-0.036639817,-0.07346897,0.5111224,0.5111224,0.03713125,0.072977535,-0.036639817,-0.07346897,0.5111224,0.5111224,0.03713125,0.072977535
103.359,2.9986,19.9330,0.7937,3.0,20.0,1.0,-0.036749184,-0.07366342,0.5143636,0.5143636,0.03723996,0.07317265,-0.036749184,-0.07366342,0.5143636,0.5143636,0.03723996,0.07317265
103.410,2.9986,19.9330,0.7934,3.0,20.0,1.0,-0.036800914,-0.073858336,0.51778436,0.51778436,0.037289727,0.07336952,-0.036800914,-0.073858336,0.51778436,0.51778436,0.037289727,0.07336952
103.459,2.9986,19.9330,0.7929,3.0,20.0,1.0,-0.036897644,-0.07396234,0.5188538,0.5188538,0.037387364,0.07347263,-0.036897644,-0.07396234,0.5188538,0.5188538,0.037387364,0.07347263
103.509,2.9986,19.9330,0.7926,3.0,20.0,1.0,-0.036934968,-0.07419117,0.5224199,0.5224199,0.037422214,0.07370392,-0.036934968,-0.07419117,0.5224199,0.5224199,0.037422214,0.07370392
103.559,2.9986,19.9330,0.7923,3.0,20.0,1.0,-0.06905174,-0.17223834,1.0,1.0,0.070117444,0.17117263,-0.06905174,-0.17223834,1.0,1.0,0.070117444,0.17117263
103.610,2.9986,19.9329,0.7928,3.0,20.0,1.0,-0.06925539,-0.1667265,1.0,1.0,0.070295505,0.16568638,-0.06925539,-0.1667265,1.0,1.0,0.070295505,0.16568638
103.659,2.9986,19.9329,0.7935,3.0,20.0,1.0,-0.03591624,-0.07218992,0.4923594,0.4923594,0.036405962,0.0717002,-0.03591624,-0.07218992,0.4923594,0.4923594,0.036405962,0.0717002
103.710,2.9986,19.9328,0.7942,3.0,20.0,1.0,-0.035808858,-0.07235181,0.49582586,0.49582586,0.036294695,0.071865976,-0.035808858,-0.07235181,0.49582586,0.49582586,0.036294695,0.071865976
103.760,2.9986,19.9328,0.7944,3.0,20.0,1.0,-0.036190808,-0.0723411,0.49379808,0.49379808,0.036683984,0.07184792,-0.036190808,-0.0723411,0.49379808,0.49379808,0.036683984,0.07184792
103.810,2.9986,19.9328,0.7946,3.0,20.0,1.0,-0.036089085,-0.0725282,0.4973004,0.4973004,0.036578514,0.07203877,-0.036089085,-0.0725282,0.4973004,0.4973004,0.036578514,0.07203877
103.860,2.9986,19.9328,0.7949,3.0,20.0,1.0,-0.036255307,-0.0726024,0.49789107,0.49789107,0.03674684,0.07211086,-0.036255307,-0.0726024,0.49789107,0.49789107,0.03674684,0.07211086
103.910,2.9986,19.9328,0.7950,3.0,20.0,1.0,-0.036440633,-0.072667986,0.498497,0.498497,0.036934137,0.07217449,-0.036440633,-0.072667986,0.498497,0.498497,0.036934137,0.07217449
103.960,2.9986,19.9328,0.7950,3.0,20.0,1.0,-0.036478654,-0.0728006,0.5004612,0.5004612,0.03697157,0.07230768,-0.036478654,-0.0728006,0.5004612,0.5004612,0.03697157,0.07230768
104.009,2.9986,19.9327,0.7950,3.0,20.0,1.0,-0.036620557,-0.07289013,0.5018489,0.5018489,0.037113924,0.07239677,-0.036620557,-0.07289013,0.5018489,0.5018489,0.037113924,0.07239677
104.059,2.9986,19.9327,0.7949,3.0,20.0,1.0,-0.036677163,-0.07301713,0.50360024,0.50360024,0.03717046,0.07252383,-0.036677163,-0.07301713,0.50360024,0.50360024,0.03717046,0.07252383
104.110,2.9986,19.9327,0.7948,3.0,20.0,1.0,-0.036785077,-0.07313204,0.50563,0.50563,0.037277665,0.07263946,-0.036785077,-0.07313204,0.50563,0.50563,0.037277665,0.07263946
104.160,2.9986,19.9327,0.7945,3.0,20.0,1.0,-0.036856465,-0.07325396,0.5071996,0.5071996,0.037349336,0.07276109,-0.036856465,-0.07325396,0.5071996,0.5071996,0.037349336,0.07276109
104.209,2.9986,19.9327,0.7943,3.0,20.0,1.0,-0.036936287,-0.073397845,0.50976706,0.50976706,0.03742739,0.07290675,-0.036936287,-0.073397845,0.50976706,0.50976706,0.03742739,0.07290675
104.259,2.9986,19.9327,0.7940,3.0,20.0,1.0,-0.037018847,-0.07351355,0.5111777,0.5111777,0.037510507,0.07302189,-0.037018847,-0.07351355,0.5111777,0.5111777,0.037510507,0.07302189
104.310,2.9986,19.9327,0.7937,3.0,20.0,1.0,-0.037080377,-0.07359248,0.5121886,0.5121886,0.037572343,0.07310051,-0.037080377,-0.07359248,0.5121886,0.5121886,0.037572343,0.07310051
104.359,2.9986,19.9327,0.7933,3.0,20.0,1.0,-0.037172306,-0.07379863,0.5154284,0.5154284,0.03766228,0.073308654,-0.037172306,-0.07379863,0.5154284,0.5154284,0.03766228,0.073308654
104.409,2.9986,19.9327,0.7930,3.0,20.0,1.0,-0.037202336,-0.074009545,0.51881975,0.51881975,0.03768862,0.07352326,-0.037202336,-0.074009545,0.51881975,0.51881975,0.03768862,0.07352326
104.460,2.9986,19.9327,0.7925,3.0,20.0,1.0,-0.0373061,-0.07410894,0.519897,0.519897,0.037793566,0.073621474,-0.0373061,-0.07410894,0.519897,0.519897,0.037793566,0.073621474
104.510,2.9986,19.9326,0.7918,3.0,20.0,1.0,-0.03732477,-0.07435121,0.52342516,0.52342516,0.037808113,0.073867865,-0.03732477,-0.07435121,0.52342516,0.52342516,0.037808113,0.073867865
104.559,2.9986,19.9326,0.7917,3.0,20.0,1.0,-0.069747254,-0.17193517,1.0,1.0,0.070801415,0.170881,-0.069747254,-0.17193517,1.0,1.0,0.070801415,0.170881
104.610,2.9986,19.9326,0.7926,3.0,20.0,1.0,-0.035607018,-0.07249974,0.5001312,0.5001312,0.0360759,0.07203085,-0.035607018,-0.07249974,0.5001312,0.5001312,0.0360759,0.07203085
104.660,2.9986,19.9325,0.7929,3.0,20.0,1.0,-0.036237065,-0.07239827,0.49377966,0.49377966,0.03671856,0.071916774,-0.036237065,-0.07239827,0.49377966,0.49377966,0.03671856,0.071916774
104.710,2.9986,19.9325,0.7933,3.0,20.0,1.0,-0.036152788,-0.07253837,0.4972152,0.4972152,0.036631845,0.07205931,-0.036152788,-0.07253837,0.4972152,0.4972152,0.036631845,0.07205931
104.759,2.9986,19.9325,0.7938,3.0,20.0,1.0,-0.036348045,-0.07260968,0.49713618,0.49713618,0.03682939,0.07212833,-0.036348045,-0.07260968,0.49713618,0.49713618,0.03682939,0.07212833
104.809,2.9986,19.9325,0.7941,3.0,20.0,1.0,-0.036575593,-0.07266839,0.49669132,0.49669132,0.03705894,0.07218504,-0.036575593,-0.07266839,0.49669132,0.49669132,0.03705894,0.07218504
104.860,2.9986,19.9324,0.7944,3.0,20.0,1.0,-0.036596805,-0.072801545,0.4989198,0.4989198,0.037079234,0.07231912,-0.036596805,-0.072801545,0.4989198,0.4989198,0.037079234,0.07231912
104.910,2.9986,19.9324,0.7945,3.0,20.0,1.0,-0.036772855,-0.07287734,0.49937293,0.49937293,0.03725542,0.07239477,-0.036772855,-0.07287734,0.49937293,0.49937293,0.03725542,0.07239477
104.959,2.9986,19.9324,0.7946,3.0,20.0,1.0,-0.036815222,-0.07300507,0.5013575,0.5013575,0.03729743,0.072522864,-0.036815222,-0.07300507,0.5013575,0.5013575,0.03729743,0.072522864
105.009,2.9986,19.9324,0.7946,3.0,20.0,1.0,-0.036948524,-0.07310143,0.5025812,0.5025812,0.037429288,0.07262067,-0.036948524,-0.07310143,0.5025812,0.5025812,0.037429288,0.07262067
105.060,2.9986,19.9324,0.7945,3.0,20.0,1.0,-0.037008166,-0.073224545,0.50436133,0.50436133,0.03748907,0.07274364,-0.037008166,-0.073224545,0.50436133,0.50436133,0.03748907,0.07274364
105.110,2.9986,19.9324,0.7944,3.0,20.0,1.0,-0.0371079,-0.07334491,0.50623655,0.50623655,0.037586216,0.07286659,-0.0371079,-0.07334491,0.50623655,0.50623655,0.037586216,0.07286659
105.159,2.9987,19.9324,0.7942,3.0,20.0,1.0,-0.037182417,-0.073464245,0.5078387,0.5078387,0.037661307,0.07298536,-0.037182417,-0.073464245,0.5078387,0.5078387,0.037661307,0.07298536
105.210,2.9987,19.9324,0.7940,3.0,20.0,1.0,-0.037240304,-0.073542506,0.5088794,0.5088794,0.037719395,0.07306341,-0.037240304,-0.073542506,0.5088794,0.5088794,0.037719395,0.07306341
105.260,2.9987,19.9324,0.7937,3.0,20.0,1.0,-0.037342906,-0.07372598,0.5116961,0.5116961,0.037819114,0.07324977,-0.037342906,-0.07372598,0.5116961,0.5116961,0.037819114,0.07324977
105.309,2.9987,19.9324,0.7935,3.0,20.0,1.0,-0.03738867,-0.07390322,0.51457304,0.51457304,0.037860174,0.073431715,-0.03738867,-0.07390322,0.51457304,0.51457304,0.037860174,0.073431715
105.359,2.9987,19.9324,0.7931,3.0,20.0,1.0,-0.03748602,-0.07400983,0.51583624,0.51583624,0.037958805,0.073537044,-0.03748602,-0.07400983,0.51583624,0.51583624,0.037958805,0.073537044
105.410,2.9986,19.9324,0.7928,3.0,20.0,1.0,-0.037550513,-0.074086726,0.51680744,0.51680744,0.038023636,0.0736136,-0.037550513,-0.074086726,0.51680744,0.51680744,0.038023636,0.0736136
105.460,2.9986,19.9324,0.7923,3.0,20.0,1.0,-0.0375514,-0.07443611,0.5220748,0.5220748,0.03801471,0.0739728,-0.0375514,-0.07443611,0.5220748,0.5220748,0.03801471,0.0739728
105.509,2.9986,19.9323,0.7920,3.0,20.0,1.0,-0.037600372,-0.0745285,0.5231944,0.5231944,0.038063288,0.07406558,-0.037600372,-0.0745285,0.5231944,0.5231944,0.038063288,0.07406558
105.560,2.9986,19.9323,0.7917,3.0,20.0,1.0,-0.07058066,-0.17213131,1.0,1.0,0.07159761,0.17111437,-0.07058066,-0.17213131,1.0,1.0,0.07159761,0.17111437
105.610,2.9986,19.9323,0.7921,3.0,20.0,1.0,-0.07068122,-0.16698642,1.0,1.0,0.07167097,0.16599666,-0.07068122,-0.16698642,1.0,1.0,0.07167097,0.16599666
105.660,2.9987,19.9322,0.7929,3.0,20.0,1.0,-0.036284536,-0.07267031,0.49722594,0.49722594,0.03674078,0.07221407,-0.036284536,-0.07267031,0.49722594,0.49722594,0.03674078,0.07221407
105.710,2.9987,19.9322,0.7933,3.0,20.0,1.0,-0.03664225,-0.07266386,0.49455136,0.49455136,0.03710364,0.07220247,-0.03664225,-0.07266386,0.49455136,0.49455136,0.03710364,0.07220247
105.759,2.9987,19.9322,0.7938,3.0,20.0,1.0,-0.03664137,-0.07280194,0.4970712,0.4970712,0.037101578,0.07234173,-0.03664137,-0.07280194,0.4970712,0.4970712,0.037101578,0.07234173
105.810,2.9987,19.9322,0.7941,3.0,20.0,1.0,-0.036865965,-0.07285515,0.49652082,0.49652082,0.037327316,0.072393805,-0.036865965,-0.07285515,0.49652082,0.49652082,0.037327316,0.072393805
105.859,2.9987,19.9321,0.7944,3.0,20.0,1.0,-0.03688931,-0.07298892,0.49877405,0.49877405,0.03735002,0.072528206,-0.03688931,-0.07298892,0.49877405,0.49877405,0.03735002,0.072528206
105.909,2.9987,19.9321,0.7946,3.0,20.0,1.0,-0.037063114,-0.07305858,0.4991187,0.4991187,0.03752331,0.07259838,-0.037063114,-0.07305858,0.4991187,0.4991187,0.03752331,0.07259838
105.959,2.9987,19.9321,0.7947,3.0,20.0,1.0,-0.037106782,-0.07318804,0.5011432,0.5011432,0.03756687,0.07272795,-0.037106782,-0.07318804,0.5011432,0.5011432,0.03756687,0.07272795
106.010,2.9987,19.9321,0.7947,3.0,20.0,1.0,-0.03723959,-0.07327746,0.50227445,0.50227445,0.0376978,0.07281924,-0.03723959,-0.07327746,0.50227445,0.50227445,0.0376978,0.07281924
106.060,2.9987,19.9321,0.7946,3.0,20.0,1.0,-0.03730135,-0.073401734,0.50408286,0.50408286,0.037759967,0.07294312,-0.03730135,-0.073401734,0.50408286,0.50408286,0.037759967,0.07294312
106.109,2.9987,19.9321,0.7946,3.0,20.0,1.0,-0.037401214,-0.073515646,0.5058873,0.5058873,0.037857123,0.07305974,-0.037401214,-0.073515646,0.5058873,0.5058873,0.037857123,0.07305974
106.160,2.9987,19.9321,0.7944,3.0,20.0,1.0,-0.03747606,-0.07363657,0.5075061,0.5075061,0.037932675,0.07317995,-0.03747606,-0.07363657,0.5075061,0.5075061,0.037932675,0.07317995
106.210,2.9987,19.9321,0.7942,3.0,20.0,1.0,-0.03753478,-0.07371585,0.5085461,0.5085461,0.03799168,0.07325895,-0.03753478,-0.07371585,0.5085461,0.5085461,0.03799168,0.07325895
106.260,2.9987,19.9321,0.7939,3.0,20.0,1.0,-0.037641905,-0.073896594,0.51131964,0.51131964,0.038096182,0.07344232,-0.037641905,-0.073896594,0.51131964,0.51131964,0.038096182,0.07344232
106.309,2.9987,19.9321,0.7935,3.0,20.0,1.0,-0.037681945,-0.07406837,0.51420426,0.51420426,0.038131334,0.07361898,-0.037681945,-0.07406837,0.51420426,0.51420426,0.038131334,0.07361898
106.360,2.9987,19.9321,0.7933,3.0,20.0,1.0,-0.03772262,-0.07425527,0.5170653,0.5170653,0.038168307,0.07380959,-0.03772262,-0.07425527,0.5170653,0.5170653,0.038168307,0.07380959
106.409,2.9987,19.9321,0.7927,3.0,20.0,1.0,-0.037861828,-0.07431119,0.5173101,0.5173101,0.03831193,0.073861085,-0.037861828,-0.07431119,0.5173101,0.5173101,0.03831193,0.073861085
106.460,2.9987,19.9321,0.7925,3.0,20.0,1.0,-0.03784043,-0.07459406,0.5216796,0.5216796,0.038282126,0.07415236,-0.03784043,-0.07459406,0.5216796,0.5216796,0.038282126,0.07415236
106.510,2.9987,19.9321,0.7922,3.0,20.0,1.0,-0.037998278,-0.0746233,0.52165383,0.52165383,0.038444825,0.07417675,-0.037998278,-0.0746233,0.52165383,0.52165383,0.038444825,0.07417675
106.560,2.9987,19.9320,0.7919,3.0,20.0,1.0,-0.07132245,-0.17274669,1.0,1.0,0.07229426,0.17177488,-0.07132245,-0.17274669,1.0,1.0,0.07229426,0.17177488
106.609,2.9987,19.9320,0.7923,3.0,20.0,1.0,-0.036128033,-0.07295901,0.5014032,0.5014032,0.036552515,0.07253453,-0.036128033,-0.07295901,0.5014032,0.5014032,0.036552515,0.07253453
106.660,2.9987,19.9320,0.7931,3.0,20.0,1.0,-0.036586475,-0.07280779,0.4967307,0.4967307,0.037023235,0.07237102,-0.036586475,-0.07280779,0.4967307,0.4967307,0.037023235,0.07237102
106.710,2.9987,19.9319,0.7935,3.0,20.0,1.0,-0.036945198,-0.07279513,0.49412242,0.49412242,0.03738787,0.072352454,-0.036945198,-0.07279513,0.49412242,0.49412242,0.03738787,0.072352454
106.759,2.9987,19.9319,0.7940,3.0,20.0,1.0,-0.036946062,-0.07293592,0.49661008,0.49661008,0.03738739,0.07249459,-0.036946062,-0.07293592,0.49661008,0.49661008,0.03738739,0.07249459
106.810,2.9987,19.9319,0.7943,3.0,20.0,1.0,-0.03717605,-0.07298119,0.49603647,0.49603647,0.03761925,0.07253799,-0.03717605,-0.07298119,0.49603647,0.49603647,0.03761925,0.07253799
106.859,2.9987,19.9319,0.7946,3.0,20.0,1.0,-0.03719773,-0.07311839,0.4983022,0.4983022,0.037640084,0.07267604,-0.03719773,-0.07311839,0.4983022,0.4983022,0.037640084,0.07267604
106.910,2.9987,19.9319,0.7948,3.0,20.0,1.0,-0.037375826,-0.0731819,0.4986509,0.4986509,0.037818324,0.0727394,-0.037375826,-0.0731819,0.4986509,0.4986509,0.037818324,0.0727394
106.960,2.9987,19.9319,0.7949,3.0,20.0,1.0,-0.037418816,-0.073313594,0.500666,0.500666,0.037860997,0.07287142,-0.037418816,-0.073313594,0.500666,0.500666,0.037860997,0.07287142
107.010,2.9987,19.9319,0.7949,3.0,20.0,1.0,-0.03755542,-0.07339736,0.50180215,0.50180215,0.037996303,0.07295647,-0.03755542,-0.07339736,0.50180215,0.50180215,0.037996303,0.07295647
107.059,2.9987,19.9319,0.7949,3.0,20.0,1.0,-0.03762684,-0.07346817,0.50294024,0.50294024,0.038066532,0.073028475,-0.03762684,-0.07346817,0.50294024,0.50294024,0.038066532,0.073028475
107.110,2.9987,19.9318,0.7948,3.0,20.0,1.0,-0.037719235,-0.073633075,0.5054166,0.5054166,0.03815817,0.07319414,-0.037719235,-0.073633075,0.5054166,0.5054166,0.03815817,0.07319414
107.160,2.9987,19.9318,0.7946,3.0,20.0,1.0,-0.037792794,-0.073756166,0.50703377,0.50703377,0.03823225,0.073316716,-0.037792794,-0.073756166,0.50703377,0.50703377,0.03823225,0.073316716
107.210,2.9987,19.9318,0.7943,3.0,20.0,1.0,-0.03786825,-0.0738932,0.50938964,0.50938964,0.03830461,0.07345684,-0.03786825,-0.0738932,0.50938964,0.50938964,0.03830461,0.07345684
107.260,2.9987,19.9318,0.7941,3.0,20.0,1.0,-0.037919324,-0.0740561,0.5121214,0.5121214,0.03835225,0.073623165,-0.037919324,-0.0740561,0.5121214,0.5121214,0.03835225,0.073623165
107.309,2.9987,19.9318,0.7939,3.0,20.0,1.0,-0.037974387,-0.07414602,0.5132936,0.5132936,0.03840731,0.073713094,-0.037974387,-0.07414602,0.5132936,0.5132936,0.03840731,0.073713094
107.360,2.9987,19.9318,0.7935,3.0,20.0,1.0,-0.038109973,-0.07429101,0.51496077,0.51496077,0.038544476,0.0738565,-0.038109973,-0.07429101,0.51496077,0.51496077,0.038544476,0.0738565
107.410,2.9987,19.9318,0.7932,3.0,20.0,1.0,-0.038132988,-0.07449265,0.5182501,0.5182501,0.038562413,0.07406323,-0.038132988,-0.07449265,0.5182501,0.5182501,0.038562413,0.07406323
107.460,2.9987,19.9318,0.7927,3.0,20.0,1.0,-0.03824187,-0.074592054,0.5193189,0.5193189,0.03867285,0.074161075,-0.03824187,-0.074592054,0.5193189,0.5193189,0.03867285,0.074161075
107.510,2.9987,19.9318,0.7924,3.0,20.0,1.0,-0.038260397,-0.074822545,0.5227227,0.5227227,0.03868633,0.07439661,-0.038260397,-0.074822545,0.5227227,0.5227227,0.03868633,0.07439661
107.560,2.9987,19.9318,0.7922,3.0,20.0,1.0,-0.07212493,-0.17340712,1.0,1.0,0.073062785,0.17246926,-0.07212493,-0.17340712,1.0,1.0,0.073062785,0.17246926
107.610,2.9987,19.9317,0.7927,3.0,20.0,1.0,-0.036530074,-0.072988674,0.49966624,0.49966624,0.03694182,0.07257693,-0.036530074,-0.072988674,0.49966624,0.49966624,0.03694182,0.07257693
107.660,2.9987,19.9317,0.7934,3.0,20.0,1.0,-0.036955863,-0.07285416,0.49539903,0.49539903,0.037378978,0.07243104,-0.036955863,-0.07285416,0.49539903,0.49539903,0.037378978,0.07243104
107.710,2.9987,19.9317,0.7938,3.0,20.0,1.0,-0.03726436,-0.072865196,0.49354377,0.49354377,0.037692077,0.07243747,-0.03726436,-0.072865196,0.49354377,0.49354377,0.037692077,0.07243747
107.760,2.9987,19.9317,0.7943,3.0,20.0,1.0,-0.037267987,-0.0730076,0.49596953,0.49596953,0.03769433,0.072581254,-0.037267987,-0.0730076,0.49596953,0.49596953,0.03769433,0.072581254
107.810,2.9987,19.9316,0.7946,3.0,20.0,1.0,-0.037488643,-0.07305189,0.49558207,0.49558207,0.037916828,0.0726237,-0.037488643,-0.07305189,0.49558207,0.49558207,0.037916828,0.0726237
107.859,2.9987,19.9316,0.7949,3.0,20.0,1.0,-0.037514426,-0.07318998,0.49779606,0.49779606,0.03794179,0.072762616,-0.037514426,-0.07318998,0.49779606,0.49779606,0.03794179,0.072762616
107.910,2.9987,19.9316,0.7950,3.0,20.0,1.0,-0.037686057,-0.0732522,0.49828842,0.49828842,0.03811364,0.07282462,-0.037686057,-0.0732522,0.49828842,0.49828842,0.03811364,0.07282462
107.960,2.9987,19.9316,0.7951,3.0,20.0,1.0,-0.03773162,-0.0733864,0.50028974,0.50028974,0.0381589,0.072959125,-0.03773162,-0.0733864,0.50028974,0.50028974,0.0381589,0.072959125
108.010,2.9987,19.9316,0.7950,3.0,20.0,1.0,-0.037863974,-0.073469006,0.50155276,0.50155276,0.038290128,0.073042855,-0.037863974,-0.073469006,0.50155276,0.50155276,0.038290128,0.073042855
108.060,2.9987,19.9316,0.7950,3.0,20.0,1.0,-0.03794776,-0.07358485,0.50359386,0.50359386,0.03837212,0.073160484,-0.03794776,-0.07358485,0.50359386,0.50359386,0.03837212,0.073160484
108.109,2.9987,19.9316,0.7948,3.0,20.0,1.0,-0.03800783,-0.0737174,0.5050705,0.5050705,0.038433906,0.073291324,-0.03800783,-0.0737174,0.5050705,0.5050705,0.038433906,0.073291324
108.160,2.9987,19.9316,0.7947,3.0,20.0,1.0,-0.03808817,-0.07384842,0.507742,0.507742,0.03851016,0.073426425,-0.03808817,-0.07384842,0.507742,0.507742,0.03851016,0.073426425
108.210,2.9987,19.9316,0.7945,3.0,20.0,1.0,-0.03814104,-0.073940665,0.5089956,0.5089956,0.038562976,0.07351872,-0.03814104,-0.073940665,0.5089956,0.5089956,0.038562976,0.07351872
108.260,2.9987,19.9316,0.7941,3.0,20.0,1.0,-0.038263395,-0.07409115,0.5107752,0.5107752,0.0386865,0.07366805,-0.038263395,-0.07409115,0.5107752,0.5107752,0.0386865,0.07366805
108.310,2.9987,19.9316,0.7939,3.0,20.0,1.0,-0.038306963,-0.074260615,0.5137602,0.5137602,0.038726285,0.073841296,-0.038306963,-0.074260615,0.5137602,0.5137602,0.038726285,0.073841296
108.360,2.9987,19.9316,0.7934,3.0,20.0,1.0,-0.038406964,-0.07437033,0.51498467,0.51498467,0.038827434,0.07394986,-0.038406964,-0.07437033,0.51498467,0.51498467,0.038827434,0.07394986
108.410,2.9987,19.9316,0.7931,3.0,20.0,1.0,-0.038436547,-0.074572116,0.5182524,0.5182524,0.038852874,0.074155785,-0.038436547,-0.074572116,0.5182524,0.5182524,0.038852874,0.074155785
108.460,2.9987,19.9316,0.7926,3.0,20.0,1.0,-0.038543195,-0.074677125,0.51940435,0.51940435,0.038960688,0.074259624,-0.038543195,-0.074677125,0.51940435,0.51940435,0.038960688,0.074259624
108.509,2.9987,19.9316,0.7923,3.0,20.0,1.0,-0.038556382,-0.074913055,0.5229129,0.5229129,0.038969178,0.07450026,-0.038556382,-0.074913055,0.5229129,0.5229129,0.038969178,0.07450026
108.559,2.9987,19.9315,0.7921,3.0,20.0,1.0,-0.07283954,-0.17329632,1.0,1.0,0.073747106,0.17238875,-0.07283954,-0.17329632,1.0,1.0,0.073747106,0.17238875
108.610,2.9987,19.9315,0.7926,3.0,20.0,1.0,-0.036819592,-0.07308499,0.4999886,0.4999886,0.03721908,0.0726855,-0.036819592,-0.07308499,0.4999886,0.4999886,0.03721908,0.0726855
108.660,2.9987,19.9315,0.7933,3.0,20.0,1.0,-0.03724288,-0.072954364,0.49572507,0.49572507,0.037653565,0.07254368,-0.03724288,-0.072954364,0.49572507,0.49572507,0.037653565,0.07254368
108.709,2.9987,19.9314,0.7937,3.0,20.0,1.0,-0.037546862,-0.07297206,0.49388582,0.49388582,0.037962534,0.07255639,-0.037546862,-0.07297206,0.49388582,0.49388582,0.037962534,0.07255639
108.760,2.9987,19.9314,0.7942,3.0,20.0,1.0,-0.0375509,-0.0731138,0.49632606,0.49632606,0.037965033,0.07269966,-0.0375509,-0.0731138,0.49632606,0.49632606,0.037965033,0.07269966
108.810,2.9987,19.9314,0.7945,3.0,20.0,1.0,-0.037765082,-0.07316619,0.4959988,0.4959988,0.03818131,0.07274997,-0.037765082,-0.07316619,0.4959988,0.4959988,0.03818131,0.07274997
108.859,2.9987,19.9314,0.7946,3.0,20.0,1.0,-0.03787223,-0.07321729,0.49637285,0.49637285,0.03828883,0.07280069,-0.03787223,-0.07321729,0.49637285,0.49637285,0.03828883,0.07280069
108.910,2.9987,19.9314,0.7948,3.0,20.0,1.0,-0.03795938,-0.073371276,0.49871764,0.49871764,0.038375046,0.0729556,-0.03795938,-0.073371276,0.49871764,0.49871764,0.038375046,0.0729556
108.960,2.9987,19.9314,0.7949,3.0,20.0,1.0,-0.03800657,-0.07350292,0.50069994,0.50069994,0.03842181,0.073087685,-0.03800657,-0.07350292,0.50069994,0.50069994,0.03842181,0.073087685
109.010,2.9987,19.9314,0.7949,3.0,20.0,1.0,-0.038131554,-0.07359419,0.50200915,0.50200915,0.038545724,0.07318002,-0.038131554,-0.07359419,0.50200915,0.50200915,0.038545724,0.07318002
109.060,2.9987,19.9314,0.7948,3.0,20.0,1.0,-0.038211014,-0.07371479,0.5040739,0.5040739,0.03862319,0.07330262,-0.038211014,-0.07371479,0.5040739,0.5040739,0.03862319,0.07330262
109.110,2.9987,19.9314,0.7947,3.0,20.0,1.0,-0.038278088,-0.07384105,0.50552225,0.50552225,0.03869187,0.07342727,-0.038278088,-0.07384105,0.50552225,0.50552225,0.03869187,0.07342727
109.160,2.9987,19.9314,0.7945,3.0,20.0,1.0,-0.038368277,-0.073959686,0.50733095,0.50733095,0.03878091,0.07354705,-0.038368277,-0.073959686,0.50733095,0.50733095,0.03878091,0.07354705
109.209,2.9987,19.9314,0.7943,3.0,20.0,1.0,-0.038433116,-0.07410324,0.50984025,0.50984025,0.038842637,0.07369372,-0.038433116,-0.07410324,0.50984025,0.50984025,0.038842637,0.07369372
109.260,2.9987,19.9314,0.7939,3.0,20.0,1.0,-0.038522553,-0.074219316,0.5112568,0.5112568,0.03893276,0.07380911,-0.038522553,-0.074219316,0.5112568,0.5112568,0.03893276,0.07380911
109.309,2.9987,19.9314,0.7937,3.0,20.0,1.0,-0.038566407,-0.07439276,0.5141818,0.5141818,0.038972773,0.073986396,-0.038566407,-0.07439276,0.5141818,0.5141818,0.038972773,0.073986396
109.360,2.9987,19.9314,0.7932,3.0,20.0,1.0,-0.03866566,-0.074503556,0.515466,0.515466,0.03907293,0.074096285,-0.03866566,-0.074503556,0.515466,0.515466,0.03907293,0.074096285
109.409,2.9987,19.9313,0.7929,3.0,20.0,1.0,-0.038691066,-0.074708834,0.5187214,0.5187214,0.039093796,0.0743061,-0.038691066,-0.074708834,0.5187214,0.5187214,0.039093796,0.0743061
109.459,2.9987,19.9313,0.7924,3.0,20.0,1.0,-0.038798407,-0.07481353,0.51988834,0.51988834,0.039202232,0.07440971,-0.038798407,-0.07481353,0.51988834,0.51988834,0.039202232,0.07440971
109.510,2.9987,19.9313,0.7921,3.0,20.0,1.0,-0.038770415,-0.07502432,0.523068,0.523068,0.03916859,0.07462615,-0.038770415,-0.07502432,0.523068,0.523068,0.03916859,0.07462615
109.560,2.9987,19.9313,0.7919,3.0,20.0,1.0,-0.07337305,-0.17300509,1.0,1.0,0.07424877,0.17212936,-0.07337305,-0.17300509,1.0,1.0,0.07424877,0.17212936
109.610,2.9987,19.9313,0.7924,3.0,20.0,1.0,-0.03705267,-0.07322665,0.5004621,0.5004621,0.03743758,0.07284174,-0.03705267,-0.07322665,0.5004621,0.5004621,0.03743758,0.07284174
109.659,2.9987,19.9313,0.7928,3.0,20.0,1.0,-0.037503272,-0.07307986,0.49528486,0.49528486,0.03789911,0.07268402,-0.037503272,-0.07307986,0.49528486,0.49528486,0.03789911,0.07268402
109.710,2.9987,19.9312,0.7935,3.0,20.0,1.0,-0.03776719,-0.073118046,0.4943677,0.4943677,0.038167603,0.07271764,-0.03776719,-0.073118046,0.4943677,0.4943677,0.038167603,0.07271764
109.759,2.9987,19.9312,0.7940,3.0,20.0,1.0,-0.037777238,-0.073256634,0.49677965,0.49677965,0.038176265,0.0728576,-0.037777238,-0.073256634,0.49677965,0.49677965,0.038176265,0.0728576
109.810,2.9987,19.9312,0.7943,3.0,20.0,1.0,-0.037817907,-0.07333894,0.4979649,0.4979649,0.038216706,0.07294014,-0.037817907,-0.07333894,0.4979649,0.4979649,0.038216706,0.07294014
109.860,2.9987,19.9312,0.7945,3.0,20.0,1.0,-0.038107373,-0.07340456,0.4974444,0.4974444,0.038507126,0.073004805,-0.038107373,-0.07340456,0.4974444,0.4974444,0.038507126,0.073004805
109.909,2.9987,19.9312,0.7947,3.0,20.0,1.0,-0.038102027,-0.07355678,0.50009453,0.50009453,0.038501296,0.073157504,-0.038102027,-0.07355678,0.50009453,0.50009453,0.038501296,0.073157504
109.959,2.9987,19.9311,0.7947,3.0,20.0,1.0,-0.038271274,-0.07362159,0.5007099,0.5007099,0.0386689,0.07322396,-0.038271274,-0.07362159,0.5007099,0.5007099,0.0386689,0.07322396
110.009,2.9987,19.9311,0.7947,3.0,20.0,1.0,-0.038307678,-0.073763825,0.50277007,0.50277007,0.03870621,0.07336529,-0.038307678,-0.073763825,0.50277007,0.50277007,0.03870621,0.07336529
110.059,2.9987,19.9311,0.7946,3.0,20.0,1.0,-0.038411245,-0.073866725,0.5042121,0.5042121,0.0388089,0.07346907,-0.038411245,-0.073866725,0.5042121,0.5042121,0.0388089,0.07346907
110.110,2.9987,19.9311,0.7945,3.0,20.0,1.0,-0.03849845,-0.073985025,0.5061652,0.5061652,0.03889355,0.07358992,-0.03849845,-0.073985025,0.5061652,0.5061652,0.03889355,0.07358992
110.160,2.9987,19.9311,0.7943,3.0,20.0,1.0,-0.038578987,-0.07410635,0.5077509,0.5077509,0.038974576,0.07371076,-0.038578987,-0.07410635,0.5077509,0.5077509,0.038974576,0.07371076
110.210,2.9987,19.9311,0.7941,3.0,20.0,1.0,-0.038639534,-0.07425106,0.5102365,0.5102365,0.03903163,0.07385897,-0.038639534,-0.07425106,0.5102365,0.5102365,0.03903163,0.07385897
110.259,2.9987,19.9311,0.7938,3.0,20.0,1.0,-0.03873167,-0.074367076,0.5116556,0.5116556,0.03912455,0.07397419,-0.03873167,-0.074367076,0.5116556,0.5116556,0.03912455,0.07397419
110.310,2.9987,19.9311,0.7935,3.0,20.0,1.0,-0.038771007,-0.074541315,0.5145682,0.5145682,0.039159667,0.074152656,-0.038771007,-0.074541315,0.5145682,0.5145682,0.039159667,0.074152656
110.359,2.9987,19.9311,0.7931,3.0,20.0,1.0,-0.03887345,-0.07465174,0.51584667,0.51584667,0.039263144,0.074262045,-0.03887345,-0.07465174,0.51584667,0.51584667,0.039263144,0.074262045
110.409,2.9987,19.9311,0.7928,3.0,20.0,1.0,-0.03889381,-0.07485787,0.5190978,0.5190978,0.039278615,0.07447306,-0.03889381,-0.07485787,0.5190978,0.5190978,0.039278615,0.07447306
110.459,2.9987,19.9311,0.7923,3.0,20.0,1.0,-0.039004184,-0.07496148,0.5202488,0.5202488,0.03939021,0.074575454,-0.039004184,-0.07496148,0.5202488,0.5202488,0.03939021,0.074575454
110.510,2.9987,19.9311,0.7919,3.0,20.0,1.0,-0.039008677,-0.0752007,0.52372944,0.52372944,0.039389264,0.074820116,-0.039008677,-0.0752007,0.52372944,0.52372944,0.039389264,0.074820116
110.560,2.9987,19.9312,0.7917,3.0,20.0,1.0,-0.07376897,-0.17341158,1.0,1.0,0.074606225,0.17257433,-0.07376897,-0.17341158,1.0,1.0,0.074606225,0.17257433
110.610,2.9988,19.9312,0.7922,3.0,20.0,1.0,-0.03328591,-0.076818526,0.50113225,0.50113225,0.033031736,0.077072695,-0.03328591,-0.076818526,0.50113225,0.50113225,0.033031736,0.077072695
110.659,2.9988,19.9312,0.7926,3.0,20.0,1.0,-0.031962954,-0.07821229,0.49584404,0.49584404,0.03137449,0.07880075,-0.031962954,-0.07821229,0.49584404,0.49584404,0.03137449,0.07880075
110.710,2.9989,19.9313,0.7933,3.0,20.0,1.0,-0.03418063,-0.07635081,0.49741712,0.49741712,0.0339023,0.07662914,-0.03418063,-0.07635081,0.49741712,0.49741712,0.0339023,0.07662914
110.759,2.9990,19.9313,0.7938,3.0,20.0,1.0,-0.033291962,-0.077384196,0.49738023,0.49738023,0.032757614,0.077918544,-0.033291962,-0.077384196,0.49738023,0.49738023,0.032757614,0.077918544
110.809,2.9990,19.9314,0.7942,3.0,20.0,1.0,-0.032005988,-0.07868047,0.4968029,0.4968029,0.031141687,0.079544775,-0.032005988,-0.07868047,0.4968029,0.4968029,0.031141687,0.079544775
110.860,2.9991,19.9314,0.7943,3.0,20.0,1.0,-0.03153015,-0.07921773,0.49787363,0.49787363,0.030474901,0.08027299,-0.03153015,-0.07921773,0.49787363,0.49787363,0.030474901,0.08027299
110.910,2.9991,19.9315,0.7945,3.0,20.0,1.0,-0.032875717,-0.07820405,0.5006164,0.5006164,0.032058377,0.079021394,-0.032875717,-0.07820405,0.5006164,0.5006164,0.032058377,0.079021394
110.960,2.9991,19.9315,0.7945,3.0,20.0,1.0,-0.031510666,-0.07949375,0.50123394,0.50123394,0.03028966,0.08071476,-0.031510666,-0.07949375,0.50123394,0.50123394,0.03028966,0.08071476
111.010,2.9992,19.9316,0.7944,3.0,20.0,1.0,-0.03261086,-0.078733705,0.5032801,0.5032801,0.031601343,0.07974322,-0.03261086,-0.078733705,0.5032801,0.5032801,0.031601343,0.07974322
111.060,2.9992,19.9316,0.7944,3.0,20.0,1.0,-0.031620502,-0.079656176,0.50502115,0.50502115,0.030253736,0.08102295,-0.031620502,-0.079656176,0.50502115,0.50502115,0.030253736,0.08102295
111.112,2.9993,19.9316,0.7943,3.0,20.0,1.0,-0.03247806,-0.07913728,0.50646245,0.50646245,0.031294864,0.08032047,-0.03247806,-0.07913728,0.50646245,0.50646245,0.031294864,0.08032047
111.159,2.9993,19.9317,0.7941,3.0,20.0,1.0,-0.032343004,-0.07939929,0.5082727,0.5082727,0.03105088,0.08069141,-0.032343004,-0.07939929,0.5082727,0.5082727,0.03105088,0.08069141
111.210,2.9994,19.9317,0.7939,3.0,20.0,1.0,-0.03200213,-0.07971607,0.5103084,0.5103084,0.030516002,0.081202194,-0.03200213,-0.07971607,0.5103084,0.5103084,0.030516002,0.081202194
111.260,2.9994,19.9317,0.7936,3.0,20.0,1.0,-0.032380063,-0.07965138,0.51211447,0.51211447,0.03094088,0.08109056,-0.032380063,-0.07965138,0.51211447,0.51211447,0.03094088,0.08109056
111.310,2.9994,19.9318,0.7933,3.0,20.0,1.0,-0.032213256,-0.07988887,0.51501113,0.51501113,0.0305992,0.08150293,-0.032213256,-0.07988887,0.51501113,0.51501113,0.0305992,0.08150293
111.360,2.9995,19.9318,0.7929,3.0,20.0,1.0,-0.032501005,-0.07984871,0.51625824,0.51625824,0.03093008,0.08141963,-0.032501005,-0.07984871,0.51625824,0.51625824,0.03093008,0.08141963
111.410,2.9995,19.9318,0.7926,3.0,20.0,1.0,-0.0324431,-0.08000532,0.519461,0.519461,0.03071476,0.08173366,-0.0324431,-0.08000532,0.519461,0.519461,0.03071476,0.08173366
111.459,2.9995,19.9319,0.7921,3.0,20.0,1.0,-0.03267608,-0.08001353,0.52060205,0.52060205,0.030982697,0.08170691,-0.03267608,-0.08001353,0.52060205,0.52060205,0.030982697,0.08170691
111.509,2.9996,19.9319,0.7918,3.0,20.0,1.0,-0.032703973,-0.08011409,0.5240025,0.5240025,0.030867785,0.08195027,-0.032703973,-0.08011409,0.5240025,0.5240025,0.030867785,0.08195027
111.560,2.9996,19.9319,0.7916,3.0,20.0,1.0,-0.056130458,-0.18813942,1.0,1.0,0.052468102,0.19180179,-0.056130458,-0.18813942,1.0,1.0,0.052468102,0.19180179
111.610,2.9996,19.9319,0.7921,3.0,20.0,1.0,-0.031249546,-0.07789836,0.500889,0.500889,0.029353349,0.079794556,-0.031249546,-0.07789836,0.500889,0.500889,0.029353349,0.079794556
111.659,2.9997,19.9319,0.7929,3.0,20.0,1.0,-0.03193777,-0.0775112,0.4966367,0.4966367,0.030087173,0.0793618,-0.03193777,-0.0775112,0.4966367,0.4966367,0.030087173,0.0793618
111.709,2.9997,19.9319,0.7933,3.0,20.0,1.0,-0.032609317,-0.07703514,0.4947728,0.4947728,0.030653283,0.07899117,-0.032609317,-0.07703514,0.4947728,0.4947728,0.030653283,0.07899117
111.760,2.9998,19.9319,0.7938,3.0,20.0,1.0,-0.032533765,-0.07728307,0.4972159,0.4972159,0.030594826,0.07922201,-0.032533765,-0.07728307,0.4972159,0.4972159,0.030594826,0.07922201
111.809,2.9998,19.9319,0.7942,3.0,20.0,1.0,-0.033099163,-0.07686939,0.49682105,0.49682105,0.031057902,0.07891065,-0.033099163,-0.07686939,0.49682105,0.49682105,0.031057902,0.07891065
111.860,2.9998,19.9319,0.7943,3.0,20.0,1.0,-0.033527855,-0.076565824,0.4976776,0.4976776,0.031404816,0.07868887,-0.033527855,-0.076565824,0.4976776,0.4976776,0.031404816,0.07868887
111.910,2.9999,19.9319,0.7945,3.0,20.0,1.0,-0.033196155,-0.0771308,0.50050026,0.50050026,0.031147096,0.07917986,-0.033196155,-0.0771308,0.50050026,0.50050026,0.031147096,0.07917986
111.959,2.9999,19.9320,0.7945,3.0,20.0,1.0,-0.033500586,-0.076916225,0.501107,0.501107,0.031397015,0.0790198,-0.033500586,-0.076916225,0.501107,0.501107,0.031397015,0.0790198
112.010,2.9999,19.9320,0.7945,3.0,20.0,1.0,-0.03402168,-0.076577045,0.5027603,0.5027603,0.031830147,0.07876857,-0.03402168,-0.076577045,0.5027603,0.5027603,0.031830147,0.07876857
112.060,3.0000,19.9320,0.7945,3.0,20.0,1.0,-0.03398555,-0.076825105,0.5045374,0.5045374,0.03181123,0.07899942,-0.03398555,-0.076825105,0.5045374,0.5045374,0.03181123,0.07899942
112.110,3.0000,19.9320,0.7944,3.0,20.0,1.0,-0.034412187,-0.07651467,0.50643736,0.50643736,0.032159917,0.078766935,-0.034412187,-0.07651467,0.50643736,0.50643736,0.032159917,0.078766935
112.153,3.0000,19.9320,0.7942,3.0,20.0,1.0,-0.03435581,-0.07672689,0.5076327,0.5076327,0.03211932,0.078963384,-0.03435581,-0.07672689,0.5076327,0.5076327,0.03211932,0.078963384
112.204,3.0000,19.9321,0.7940,3.0,20.0,1.0,-0.034742806,-0.07646517,0.5100606,0.5100606,0.032434903,0.07877307,-0.034742806,-0.07646517,0.5100606,0.5100606,0.032434903,0.07877307
112.254,3.0001,19.9321,0.7937,3.0,20.0,1.0,-0.034736853,-0.076697074,0.51148343,0.51148343,0.032441985,0.07899194,-0.034736853,-0.076697074,0.51148343,0.51148343,0.032441985,0.07899194
112.303,3.0001,19.9321,0.7934,3.0,20.0,1.0,-0.035090897,-0.07648401,0.51433647,0.51433647,0.032731585,0.078843325,-0.035090897,-0.07648401,0.51433647,0.51433647,0.032731585,0.078843325
112.355,3.0001,19.9321,0.7930,3.0,20.0,1.0,-0.03509076,-0.07672728,0.51560146,0.51560146,0.032746326,0.07907171,-0.03509076,-0.07672728,0.51560146,0.51560146,0.032746326,0.07907171
112.404,3.0001,19.9321,0.7927,3.0,20.0,1.0,-0.03544964,-0.076512024,0.5189441,0.5189441,0.033040453,0.07892121,-0.03544964,-0.076512024,0.5189441,0.5189441,0.033040453,0.07892121
112.454,3.0001,19.9321,0.7925,3.0,20.0,1.0,-0.03545259,-0.076737106,0.5199713,0.5199713,0.03305783,0.07913186,-0.03545259,-0.076737106,0.5199713,0.5199713,0.03305783,0.07913186
112.504,3.0001,19.9321,0.7919,3.0,20.0,1.0,-0.035532776,-0.076869205,0.521302,0.521302,0.0331369,0.07926508,-0.035532776,-0.076869205,0.521302,0.521302,0.0331369,0.07926508
112.554,3.0002,19.9321,0.7917,3.0,20.0,1.0,-0.035964947,-0.07661389,0.52596575,0.52596575,0.033494487,0.079084344,-0.035964947,-0.07661389,0.52596575,0.52596575,0.033494487,0.079084344
112.603,3.0002,19.9321,0.7923,3.0,20.0,1.0,-0.06412555,-0.17411166,1.0,1.0,0.059025697,0.17921151,-0.06412555,-0.17411166,1.0,1.0,0.059025697,0.17921151
112.654,3.0002,19.9321,0.7930,3.0,20.0,1.0,-0.03507466,-0.07403253,0.49556544,0.49556544,0.0326972,0.07640999,-0.03507466,-0.07403253,0.49556544,0.49556544,0.0326972,0.07640999
112.708,3.0002,19.9321,0.7934,3.0,20.0,1.0,-0.03546106,-0.07386372,0.4939883,0.4939883,0.033091966,0.07623282,-0.03546106,-0.07386372,0.4939883,0.4939883,0.033091966,0.07623282
112.758,3.0002,19.9321,0.7939,3.0,20.0,1.0,-0.035302117,-0.07417825,0.49657178,0.49657178,0.032933537,0.076546825,-0.035302117,-0.07417825,0.49657178,0.49657178,0.032933537,0.076546825
112.808,3.0002,19.9321,0.7942,3.0,20.0,1.0,-0.035866488,-0.073818155,0.49614596,0.49614596,0.033489626,0.07619502,-0.035866488,-0.073818155,0.49614596,0.49614596,0.033489626,0.07619502
112.858,3.0002,19.9321,0.7944,3.0,20.0,1.0,-0.035772625,-0.0740873,0.49837783,0.49837783,0.0333956,0.076464325,-0.035772625,-0.0740873,0.49837783,0.49837783,0.0333956,0.076464325
112.908,3.0002,19.9321,0.7946,3.0,20.0,1.0,-0.036259472,-0.07377898,0.49885997,0.49885997,0.03388007,0.07615838,-0.036259472,-0.07377898,0.49885997,0.49885997,0.03388007,0.07615838
112.958,3.0003,19.9321,0.7946,3.0,20.0,1.0,-0.03620223,-0.074025825,0.5008487,0.5008487,0.033822592,0.076405466,-0.03620223,-0.074025825,0.5008487,0.5008487,0.033822592,0.076405466
113.008,3.0003,19.9321,0.7946,3.0,20.0,1.0,-0.036625043,-0.07376788,0.5021001,0.5021001,0.034249894,0.07614303,-0.036625043,-0.07376788,0.5021001,0.5021001,0.034249894,0.07614303
113.058,3.0003,19.9321,0.7946,3.0,20.0,1.0,-0.036583,-0.07401126,0.5038792,0.5038792,0.03420668,0.07638758,-0.036583,-0.07401126,0.5038792,0.5038792,0.03420668,0.07638758
113.108,3.0003,19.9321,0.7945,3.0,20.0,1.0,-0.036927547,-0.07382708,0.5057795,0.5057795,0.034560326,0.07619431,-0.036927547,-0.07382708,0.5057795,0.5057795,0.034560326,0.07619431
113.158,3.0003,19.9321,0.7943,3.0,20.0,1.0,-0.036909312,-0.074054815,0.507371,0.507371,0.03453856,0.07642557,-0.036909312,-0.074054815,0.507371,0.507371,0.03453856,0.07642557
113.208,3.0003,19.9321,0.7941,3.0,20.0,1.0,-0.03719906,-0.07393306,0.5098076,0.5098076,0.034840394,0.076291725,-0.03719906,-0.07393306,0.5098076,0.5098076,0.034840394,0.076291725
113.258,3.0003,19.9321,0.7938,3.0,20.0,1.0,-0.037208594,-0.07413864,0.51124126,0.51124126,0.034845203,0.07650203,-0.037208594,-0.07413864,0.51124126,0.51124126,0.034845203,0.07650203
113.308,3.0003,19.9321,0.7935,3.0,20.0,1.0,-0.03745865,-0.074067816,0.5141128,0.5141128,0.03511002,0.07641645,-0.03745865,-0.074067816,0.5141128,0.5141128,0.03511002,0.07641645
113.358,3.0003,19.9321,0.7933,3.0,20.0,1.0,-0.037484754,-0.07426432,0.5153859,0.5153859,0.035129756,0.07661932,-0.037484754,-0.07426432,0.5153859,0.5153859,0.035129756,0.07661932
113.408,3.0003,19.9321,0.7928,3.0,20.0,1.0,-0.037568714,-0.07438582,0.516796,0.516796,0.035210736,0.0767438,-0.037568714,-0.07438582,0.516796,0.516796,0.035210736,0.0767438
113.457,3.0003,19.9321,0.7926,3.0,20.0,1.0,-0.03785358,-0.0742992,0.52112395,0.52112395,0.035523728,0.07662905,-0.03785358,-0.0742992,0.52112395,0.52112395,0.035523728,0.07662905
113.507,3.0003,19.9321,0.7920,3.0,20.0,1.0,-0.0378307,-0.07454198,0.5211083,0.5211083,0.03548182,0.076890856,-0.0378307,-0.07454198,0.5211083,0.5211083,0.03548182,0.076890856
113.558,3.0003,19.9321,0.7917,3.0,20.0,1.0,-0.038068924,-0.07453542,0.5258067,0.5258067,0.035749633,0.07685471,-0.038068924,-0.07453542,0.5258067,0.5258067,0.035749633,0.07685471
113.607,3.0003,19.9321,0.7923,3.0,20.0,1.0,-0.07021433,-0.16804326,1.0,1.0,0.06524386,0.17301372,-0.07021433,-0.16804326,1.0,1.0,0.06524386,0.17301372
113.659,3.0003,19.9321,0.7931,3.0,20.0,1.0,-0.036896583,-0.07228273,0.4956384,0.4956384,0.034705672,0.07447364,-0.036896583,-0.07228273,0.4956384,0.4956384,0.034705672,0.07447364
113.709,3.0002,19.9320,0.7935,3.0,20.0,1.0,-0.037243363,-0.07217522,0.49370027,0.49370027,0.035071854,0.07434672,-0.037243363,-0.07217522,0.49370027,0.49370027,0.035071854,0.07434672
113.759,3.0002,19.9320,0.7940,3.0,20.0,1.0,-0.03713423,-0.07242427,0.49644506,0.49644506,0.03494566,0.07461283,-0.03713423,-0.07242427,0.49644506,0.49644506,0.03494566,0.07461283
113.808,3.0002,19.9320,0.7942,3.0,20.0,1.0,-0.037499953,-0.0723038,0.49616075,0.49616075,0.03533994,0.074463814,-0.037499953,-0.0723038,0.49616075,0.49616075,0.03533994,0.074463814
113.858,3.0002,19.9320,0.7945,3.0,20.0,1.0,-0.03748754,-0.072482094,0.49819982,0.49819982,0.035317663,0.07465197,-0.03748754,-0.072482094,0.49819982,0.49819982,0.035317663,0.07465197
113.908,3.0002,19.9320,0.7946,3.0,20.0,1.0,-0.037787974,-0.07239326,0.49872947,0.49872947,0.03564389,0.074537344,-0.037787974,-0.07239326,0.49872947,0.49872947,0.03564389,0.074537344
113.958,3.0002,19.9320,0.7947,3.0,20.0,1.0,-0.037781864,-0.072582714,0.5007267,0.5007267,0.03562591,0.07473867,-0.037781864,-0.072582714,0.5007267,0.5007267,0.03562591,0.07473867
114.008,3.0002,19.9320,0.7947,3.0,20.0,1.0,-0.038039688,-0.072520226,0.50196725,0.50196725,0.035908315,0.0746516,-0.038039688,-0.072520226,0.50196725,0.50196725,0.035908315,0.0746516
114.058,3.0002,19.9320,0.7946,3.0,20.0,1.0,-0.03805342,-0.07270055,0.5037488,0.5037488,0.035911303,0.07484267,-0.03805342,-0.07270055,0.5037488,0.5037488,0.035911303,0.07484267
114.109,3.0002,19.9320,0.7945,3.0,20.0,1.0,-0.038251895,-0.0726926,0.5056513,0.5056513,0.036131255,0.07481324,-0.038251895,-0.0726926,0.5056513,0.5056513,0.036131255,0.07481324
114.158,3.0002,19.9320,0.7943,3.0,20.0,1.0,-0.03828577,-0.07286387,0.5072503,0.5072503,0.03615451,0.07499513,-0.03828577,-0.07286387,0.5072503,0.5072503,0.03615451,0.07499513
114.208,3.0002,19.9320,0.7941,3.0,20.0,1.0,-0.0384446,-0.07289896,0.50969684,0.50969684,0.03633253,0.07501104,-0.0384446,-0.07289896,0.50969684,0.50969684,0.03633253,0.07501104
114.260,3.0002,19.9320,0.7938,3.0,20.0,1.0,-0.038531106,-0.07308515,0.5115182,0.5115182,0.036408246,0.075208016,-0.038531106,-0.07308515,0.5115182,0.5115182,0.036408246,0.075208016
114.308,3.0002,19.9320,0.7936,3.0,20.0,1.0,-0.03858341,-0.073173374,0.5125223,0.5125223,0.03645723,0.07529955,-0.03858341,-0.073173374,0.5125223,0.5125223,0.03645723,0.07529955
114.358,3.0002,19.9320,0.7934,3.0,20.0,1.0,-0.038722597,-0.07324689,0.51632637,0.51632637,0.036624346,0.07534514,-0.038722597,-0.07324689,0.51632637,0.51632637,0.036624346,0.07534514
114.408,3.0002,19.9320,0.7929,3.0,20.0,1.0,-0.03878165,-0.07339358,0.5166875,0.5166875,0.036664143,0.07551108,-0.03878165,-0.07339358,0.5166875,0.5166875,0.036664143,0.07551108
114.459,3.0002,19.9320,0.7924,3.0,20.0,1.0,-0.03887421,-0.07353454,0.52097565,0.52097565,0.036782317,0.07562643,-0.03887421,-0.07353454,0.52097565,0.52097565,0.036782317,0.07562643
114.509,3.0002,19.9320,0.7920,3.0,20.0,1.0,-0.03893788,-0.07369812,0.52312833,0.52312833,0.036846377,0.07578962,-0.03893788,-0.07369812,0.52312833,0.52312833,0.036846377,0.07578962
114.558,3.0002,19.9320,0.7917,3.0,20.0,1.0,-0.0390332,-0.07381951,0.5241109,0.5241109,0.03693284,0.075919874,-0.0390332,-0.07381951,0.5241109,0.5241109,0.03693284,0.075919874
114.608,3.0002,19.9320,0.7921,3.0,20.0,1.0,-0.07324786,-0.16560642,1.0,1.0,0.06879445,0.17005983,-0.07324786,-0.16560642,1.0,1.0,0.06879445,0.17005983
114.659,3.0002,19.9319,0.7929,3.0,20.0,1.0,-0.037557986,-0.07180705,0.49668956,0.49668956,0.03556448,0.07380056,-0.037557986,-0.07180705,0.49668956,0.49668956,0.03556448,0.07380056
114.708,3.0002,19.9319,0.7933,3.0,20.0,1.0,-0.03796413,-0.07173625,0.49415305,0.49415305,0.036000814,0.07369956,-0.03796413,-0.07173625,0.49415305,0.49415305,0.036000814,0.07369956
114.760,3.0002,19.9319,0.7939,3.0,20.0,1.0,-0.03798116,-0.07192913,0.49697185,0.49697185,0.036005955,0.07390433,-0.03798116,-0.07192913,0.49697185,0.49697185,0.036005955,0.07390433
114.808,3.0002,19.9318,0.7941,3.0,20.0,1.0,-0.038211834,-0.07189726,0.4960652,0.4960652,0.036262933,0.07384616,-0.038211834,-0.07189726,0.4960652,0.4960652,0.036262933,0.07384616
114.858,3.0001,19.9318,0.7944,3.0,20.0,1.0,-0.038218472,-0.072051995,0.49829635,0.49829635,0.036259502,0.07401096,-0.038218472,-0.072051995,0.49829635,0.49829635,0.036259502,0.07401096
114.908,3.0001,19.9318,0.7946,3.0,20.0,1.0,-0.038424507,-0.07207818,0.49867943,0.49867943,0.03648906,0.07401363,-0.038424507,-0.07207818,0.49867943,0.49867943,0.03648906,0.07401363
114.958,3.0001,19.9318,0.7947,3.0,20.0,1.0,-0.038454775,-0.07222466,0.5006851,0.5006851,0.036510006,0.07416943,-0.038454775,-0.07222466,0.5006851,0.5006851,0.036510006,0.07416943
115.009,3.0001,19.9318,0.7947,3.0,20.0,1.0,-0.038613595,-0.07227883,0.50185513,0.50185513,0.036690988,0.074201435,-0.038613595,-0.07227883,0.50185513,0.50185513,0.036690988,0.074201435
115.058,3.0001,19.9318,0.7947,3.0,20.0,1.0,-0.03866575,-0.07241603,0.5036516,0.5036516,0.03673482,0.07434696,-0.03866575,-0.07241603,0.5036516,0.5036516,0.03673482,0.07434696
115.109,3.0001,19.9318,0.7946,3.0,20.0,1.0,-0.03874962,-0.07253212,0.50512815,0.50512815,0.036814928,0.07446681,-0.03874962,-0.07253212,0.50512815,0.50512815,0.036814928,0.07446681
115.158,3.0001,19.9318,0.7945,3.0,20.0,1.0,-0.038876947,-0.072609514,0.5073451,0.5073451,0.03697928,0.07450718,-0.038876947,-0.072609514,0.5073451,0.5073451,0.03697928,0.07450718
115.208,3.0001,19.9318,0.7942,3.0,20.0,1.0,-0.03893751,-0.07274832,0.50852615,0.50852615,0.037017096,0.074668735,-0.03893751,-0.07274832,0.50852615,0.50852615,0.037017096,0.074668735
115.258,3.0001,19.9318,0.7939,3.0,20.0,1.0,-0.03901155,-0.07287957,0.5115806,0.5115806,0.037127484,0.07476364,-0.03901155,-0.07287957,0.5115806,0.5115806,0.037127484,0.07476364
115.311,3.0001,19.9318,0.7935,3.0,20.0,1.0,-0.039105907,-0.073061794,0.5140977,0.5140977,0.037223198,0.0749445,-0.039105907,-0.073061794,0.5140977,0.5140977,0.037223198,0.0749445
115.358,3.0001,19.9318,0.7933,3.0,20.0,1.0,-0.039173204,-0.07314999,0.514995,0.514995,0.037282404,0.07504079,-0.039173204,-0.07314999,0.514995,0.514995,0.037282404,0.07504079
115.409,3.0001,19.9318,0.7930,3.0,20.0,1.0,-0.039195385,-0.07334133,0.5183098,0.5183098,0.037330132,0.075206585,-0.039195385,-0.07334133,0.5183098,0.5183098,0.037330132,0.075206585
115.458,3.0001,19.9318,0.7925,3.0,20.0,1.0,-0.03930648,-0.073444575,0.5193163,0.5193163,0.03743054,0.07532051,-0.03930648,-0.073444575,0.5193163,0.5193163,0.03743054,0.07532051
115.508,3.0001,19.9318,0.7922,3.0,20.0,1.0,-0.039317816,-0.07367134,0.522783,0.522783,0.037464727,0.075524434,-0.039317816,-0.07367134,0.522783,0.522783,0.037464727,0.075524434
115.558,3.0001,19.9318,0.7918,3.0,20.0,1.0,-0.039430123,-0.07376981,0.52379847,0.52379847,0.037568558,0.07563137,-0.039430123,-0.07376981,0.52379847,0.52379847,0.037568558,0.07563137
115.608,3.0000,19.9317,0.7923,3.0,20.0,1.0,-0.07442252,-0.16524132,1.0,1.0,0.070466205,0.16919763,-0.07442252,-0.16524132,1.0,1.0,0.070466205,0.16919763
115.658,3.0000,19.9317,0.7931,3.0,20.0,1.0,-0.03790248,-0.07181557,0.49663678,0.49663678,0.03614327,0.07357478,-0.03790248,-0.07181557,0.49663678,0.49663678,0.03614327,0.07357478
115.708,3.0000,19.9317,0.7935,3.0,20.0,1.0,-0.0382878,-0.071778275,0.49336037,0.49336037,0.03657413,0.073491946,-0.0382878,-0.071778275,0.49336037,0.49336037,0.03657413,0.073491946
115.758,3.0000,19.9316,0.7940,3.0,20.0,1.0,-0.038260505,-0.071934916,0.496307,0.496307,0.036529355,0.073666066,-0.038260505,-0.071934916,0.496307,0.496307,0.036529355,0.073666066
115.808,3.0000,19.9316,0.7943,3.0,20.0,1.0,-0.0384876,-0.071974084,0.4956078,0.4956078,0.036790904,0.073670775,-0.0384876,-0.071974084,0.4956078,0.4956078,0.036790904,0.073670775
115.860,3.0000,19.9316,0.7946,3.0,20.0,1.0,-0.03854013,-0.072145514,0.49832612,0.49832612,0.03682992,0.07385573,-0.03854013,-0.072145514,0.49832612,0.49832612,0.03682992,0.07385573
115.908,3.0000,19.9316,0.7948,3.0,20.0,1.0,-0.03867701,-0.07217781,0.49827752,0.49827752,0.036998283,0.07385654,-0.03867701,-0.07217781,0.49827752,0.49827752,0.036998283,0.07385654
115.958,3.0000,19.9316,0.7948,3.0,20.0,1.0,-0.03872064,-0.07231009,0.5003129,0.5003129,0.03703076,0.07399997,-0.03872064,-0.07231009,0.5003129,0.5003129,0.03703076,0.07399997
116.008,3.0000,19.9316,0.7949,3.0,20.0,1.0,-0.038803995,-0.07242291,0.501828,0.501828,0.03711,0.0741169,-0.038803995,-0.07242291,0.501828,0.501828,0.03711,0.0741169
116.058,3.0000,19.9316,0.7949,3.0,20.0,1.0,-0.038942777,-0.072501,0.5029968,0.5029968,0.03729404,0.074149735,-0.038942777,-0.072501,0.5029968,0.5029968,0.03729404,0.074149735
116.108,3.0000,19.9316,0.7947,3.0,20.0,1.0,-0.038996838,-0.072636046,0.5047437,0.5047437,0.037320543,0.07431234,-0.038996838,-0.072636046,0.5047437,0.5047437,0.037320543,0.07431234
116.158,3.0000,19.9316,0.7945,3.0,20.0,1.0,-0.039076794,-0.07275955,0.50694805,0.50694805,0.03744246,0.07439388,-0.039076794,-0.07275955,0.50694805,0.50694805,0.03744246,0.07439388
116.208,3.0000,19.9316,0.7944,3.0,20.0,1.0,-0.039137267,-0.072901964,0.50905746,0.50905746,0.037503947,0.07453528,-0.039137267,-0.072901964,0.50905746,0.50905746,0.037503947,0.07453528
116.258,3.0000,19.9316,0.7941,3.0,20.0,1.0,-0.03923134,-0.07301963,0.51051956,0.51051956,0.03758855,0.074662425,-0.03923134,-0.07301963,0.51051956,0.51051956,0.03758855,0.074662425
116.309,2.9999,19.9316,0.7938,3.0,20.0,1.0,-0.039263804,-0.073193155,0.5133816,0.5133816,0.03764456,0.0748124,-0.039263804,-0.073193155,0.5133816,0.5133816,0.03764456,0.0748124
116.359,2.9999,19.9316,0.7934,3.0,20.0,1.0,-0.039406255,-0.073333874,0.5150195,0.5150195,0.037775468,0.074964665,-0.039406255,-0.073333874,0.5150195,0.5150195,0.037775468,0.074964665
116.408,2.9999,19.9316,0.7931,3.0,20.0,1.0,-0.03938674,-0.07350592,0.5177994,0.5177994,0.03777823,0.07511444,-0.03938674,-0.07350592,0.5177994,0.5177994,0.03777823,0.07511444
116.458,2.9999,19.9316,0.7927,3.0,20.0,1.0,-0.039495945,-0.07360874,0.5189788,0.5189788,0.037879366,0.07522532,-0.039495945,-0.07360874,0.5189788,0.5189788,0.037879366,0.07522532
116.508,2.9999,19.9316,0.7923,3.0,20.0,1.0,-0.039499287,-0.0738476,0.5223853,0.5223853,0.03790144,0.07544544,-0.039499287,-0.0738476,0.5223853,0.5223853,0.03790144,0.07544544
116.558,2.9999,19.9316,0.7920,3.0,20.0,1.0,-0.0396232,-0.07394235,0.52343917,0.52343917,0.03801682,0.07554873,-0.0396232,-0.07394235,0.52343917,0.52343917,0.03801682,0.07554873
116.608,2.9999,19.9315,0.7923,3.0,20.0,1.0,-0.074960016,-0.16565126,1.0,1.0,0.07154605,0.16906524,-0.074960016,-0.16565126,1.0,1.0,0.07154605,0.16906524
116.658,2.9999,19.9315,0.7928,3.0,20.0,1.0,-0.038032565,-0.07201008,0.49692222,0.49692222,0.036515787,0.07352686,-0.038032565,-0.07201008,0.49692222,0.49692222,0.036515787,0.07352686
116.709,2.9999,19.9315,0.7930,3.0,20.0,1.0,-0.03825039,-0.07209962,0.49633157,0.49633157,0.036761753,0.07358825,-0.03825039,-0.07209962,0.49633157,0.49633157,0.036761753,0.07358825
116.758,2.9999,19.9315,0.7932,3.0,20.0,1.0,-0.038284156,-0.07222262,0.49858162,0.49858162,0.036784384,0.07372239,-0.038284156,-0.07222262,0.49858162,0.49858162,0.036784384,0.07372239
116.808,2.9999,19.9314,0.7934,3.0,20.0,1.0,-0.038367484,-0.072332025,0.50009185,0.50009185,0.03686448,0.07383503,-0.038367484,-0.072332025,0.50009185,0.50009185,0.03686448,0.07383503
116.858,2.9999,19.9314,0.7934,3.0,20.0,1.0,-0.038553298,-0.07244868,0.5004251,0.5004251,0.037089292,0.07391269,-0.038553298,-0.07244868,0.5004251,0.5004251,0.037089292,0.07391269
116.910,2.9999,19.9314,0.7934,3.0,20.0,1.0,-0.03864595,-0.072611645,0.50288635,0.50288635,0.037181534,0.07407606,-0.03864595,-0.072611645,0.50288635,0.50288635,0.037181534,0.07407606
116.958,2.9999,19.9314,0.7934,3.0,20.0,1.0,-0.038706213,-0.072707415,0.5041353,0.5041353,0.037252862,0.07416077,-0.038706213,-0.072707415,0.5041353,0.5041353,0.037252862,0.07416077
117.008,2.9998,19.9314,0.7932,3.0,20.0,1.0,-0.038774103,-0.07280335,0.50571716,0.50571716,0.03729842,0.07427903,-0.038774103,-0.07280335,0.50571716,0.50571716,0.03729842,0.07427903
117.058,2.9998,19.9314,0.7931,3.0,20.0,1.0,-0.038845062,-0.07298657,0.50819796,0.50819796,0.03740151,0.07443013,-0.038845062,-0.07298657,0.50819796,0.50819796,0.03740151,0.07443013
117.108,2.9998,19.9314,0.7928,3.0,20.0,1.0,-0.038945273,-0.073064275,0.5092484,0.5092484,0.037481222,0.07452832,-0.038945273,-0.073064275,0.5092484,0.5092484,0.037481222,0.07452832
117.158,2.9998,19.9314,0.7924,3.0,20.0,1.0,-0.038972445,-0.07328793,0.51253814,0.51253814,0.03753812,0.07472225,-0.038972445,-0.07328793,0.51253814,0.51253814,0.03753812,0.07472225
117.208,2.9998,19.9314,0.7922,3.0,20.0,1.0,-0.039036077,-0.07343913,0.51467425,0.51467425,0.03760264,0.07487257,-0.039036077,-0.07343913,0.51467425,0.51467425,0.03760264,0.07487257
117.258,2.9998,19.9314,0.7918,3.0,20.0,1.0,-0.0391443,-0.073539786,0.51593417,0.51593417,0.03770343,0.074980654,-0.0391443,-0.073539786,0.51593417,0.51593417,0.03770343,0.074980654
117.308,2.9998,19.9313,0.7915,3.0,20.0,1.0,-0.039150886,-0.07377633,0.51926535,0.51926535,0.037726894,0.07520032,-0.039150886,-0.07377633,0.51926535,0.51926535,0.037726894,0.07520032
117.358,2.9998,19.9313,0.7910,3.0,20.0,1.0,-0.03926544,-0.07386703,0.52035135,0.52035135,0.037834246,0.07529822,-0.03926544,-0.07386703,0.52035135,0.52035135,0.037834246,0.07529822
117.408,2.9998,19.9313,0.7906,3.0,20.0,1.0,-0.039261706,-0.0741297,0.52382934,0.52382934,0.037845176,0.075546235,-0.039261706,-0.0741297,0.52382934,0.52382934,0.037845176,0.075546235
117.458,2.9998,19.9313,0.7901,3.0,20.0,1.0,-0.03938026,-0.07421866,0.5248919,0.5248919,0.03795743,0.07564149,-0.03938026,-0.07421866,0.5248919,0.5248919,0.03795743,0.07564149
117.508,2.9998,19.9313,0.7898,3.0,20.0,1.0,-0.039356858,-0.074516326,0.5285166,0.5285166,0.03794771,0.07592548,-0.039356858,-0.074516326,0.5285166,0.5285166,0.03794771,0.07592548
117.559,2.9998,19.9313,0.7896,3.0,20.0,1.0,-0.03948054,-0.07459839,0.5294908,0.5294908,0.038064998,0.07601393,-0.03948054,-0.07459839,0.5294908,0.5294908,0.038064998,0.07601393
117.608,2.9998,19.9312,0.7900,3.0,20.0,1.0,-0.0737838,-0.16508584,1.0,1.0,0.07081284,0.1680568,-0.0737838,-0.16508584,1.0,1.0,0.07081284,0.1680568
117.659,2.9998,19.9312,0.7908,3.0,20.0,1.0,-0.037976872,-0.07262459,0.5010886,0.5010886,0.0366416,0.07395986,-0.037976872,-0.07262459,0.5010886,0.5010886,0.0366416,0.07395986
117.708,2.9998,19.9311,0.7912,3.0,20.0,1.0,-0.038242258,-0.07270114,0.49923858,0.49923858,0.0369323,0.074011095,-0.038242258,-0.07270114,0.49923858,0.49923858,0.0369323,0.074011095
117.758,2.9997,19.9311,0.7914,3.0,20.0,1.0,-0.03826364,-0.07281874,0.5016339,0.5016339,0.03694453,0.07413785,-0.03826364,-0.07281874,0.5016339,0.5016339,0.03694453,0.07413785
117.809,2.9997,19.9311,0.7919,3.0,20.0,1.0,-0.03834123,-0.072928116,0.50321054,0.50321054,0.037018634,0.07425071,-0.03834123,-0.072928116,0.50321054,0.50321054,0.037018634,0.07425071
117.858,2.9997,19.9311,0.7921,3.0,20.0,1.0,-0.038566124,-0.07302653,0.50196755,0.50196755,0.037277978,0.07431467,-0.038566124,-0.07302653,0.50196755,0.50196755,0.037277978,0.07431467
117.908,2.9997,19.9311,0.7923,3.0,20.0,1.0,-0.03857143,-0.07314384,0.5049286,0.5049286,0.037262168,0.07445309,-0.03857143,-0.07314384,0.5049286,0.5049286,0.037262168,0.07445309
117.960,2.9997,19.9311,0.7925,3.0,20.0,1.0,-0.03873718,-0.07330174,0.5055574,0.5055574,0.03746306,0.074575864,-0.03873718,-0.07330174,0.5055574,0.5055574,0.03746306,0.074575864
118.008,2.9997,19.9311,0.7925,3.0,20.0,1.0,-0.038781513,-0.07338267,0.50686634,0.50686634,0.03750508,0.0746591,-0.038781513,-0.07338267,0.50686634,0.50686634,0.03750508,0.0746591
118.058,2.9997,19.9310,0.7924,3.0,20.0,1.0,-0.03885909,-0.07349527,0.5086809,0.5086809,0.037574694,0.07477967,-0.03885909,-0.07349527,0.5086809,0.5086809,0.037574694,0.07477967
118.108,2.9997,19.9310,0.7924,3.0,20.0,1.0,-0.038924094,-0.07363606,0.51037335,0.51037335,0.03765651,0.074903645,-0.038924094,-0.07363606,0.51037335,0.51037335,0.03765651,0.074903645
118.158,2.9997,19.9310,0.7922,3.0,20.0,1.0,-0.039014857,-0.07374486,0.511975,0.511975,0.037740123,0.0750196,-0.039014857,-0.07374486,0.511975,0.511975,0.037740123,0.0750196
118.208,2.9997,19.9310,0.7921,3.0,20.0,1.0,-0.039057784,-0.07390729,0.5141854,0.5141854,0.037798207,0.075166866,-0.039057784,-0.07390729,0.5141854,0.5141854,0.037798207,0.075166866
118.258,2.9997,19.9310,0.7918,3.0,20.0,1.0,-0.039160248,-0.07401347,0.51563513,0.51563513,0.037894268,0.07527946,-0.039160248,-0.07401347,0.51563513,0.51563513,0.037894268,0.07527946
118.309,2.9997,19.9310,0.7916,3.0,20.0,1.0,-0.039181385,-0.074200876,0.51825553,0.51825553,0.03793007,0.07545219,-0.039181385,-0.074200876,0.51825553,0.51825553,0.03793007,0.07545219
118.358,2.9997,19.9310,0.7913,3.0,20.0,1.0,-0.03929557,-0.074301675,0.5195522,0.5195522,0.03803784,0.07555941,-0.03929557,-0.074301675,0.5195522,0.5195522,0.03803784,0.07555941
118.408,2.9997,19.9310,0.7910,3.0,20.0,1.0,-0.039295297,-0.074518226,0.5225113,0.5225113,0.03805214,0.07576138,-0.039295297,-0.074518226,0.5225113,0.5225113,0.03805214,0.07576138
118.460,2.9997,19.9310,0.7906,3.0,20.0,1.0,-0.039448045,-0.074643716,0.5240576,0.5240576,0.038198028,0.07589374,-0.039448045,-0.074643716,0.5240576,0.5240576,0.038198028,0.07589374
118.509,2.9997,19.9310,0.7903,3.0,20.0,1.0,-0.03944315,-0.07488471,0.527163,0.527163,0.038205985,0.076121874,-0.03944315,-0.07488471,0.527163,0.527163,0.038205985,0.076121874
118.558,2.9997,19.9310,0.7902,3.0,20.0,1.0,-0.039531343,-0.07494386,0.52787405,0.52787405,0.03828969,0.07618551,-0.039531343,-0.07494386,0.52787405,0.52787405,0.03828969,0.07618551
118.609,2.9996,19.9310,0.7908,3.0,20.0,1.0,-0.074042745,-0.1665083,1.0,1.0,0.07142795,0.1691231,-0.074042745,-0.1665083,1.0,1.0,0.07142795,0.1691231
118.658,2.9996,19.9310,0.7912,3.0,20.0,1.0,-0.03804374,-0.07289355,0.49913153,0.49913153,0.036877114,0.07406018,-0.03804374,-0.07289355,0.49913153,0.49913153,0.036877114,0.07406018
118.708,2.9996,19.9309,0.7920,3.0,20.0,1.0,-0.03814699,-0.07298478,0.5000959,0.5000959,0.036979776,0.07415199,-0.03814699,-0.07298478,0.5000959,0.5000959,0.036979776,0.07415199
118.759,2.9996,19.9309,0.7923,3.0,20.0,1.0,-0.038499825,-0.07296567,0.49679607,0.49679607,0.03737216,0.07409333,-0.038499825,-0.07296567,0.49679607,0.49679607,0.03737216,0.07409333
118.809,2.9996,19.9309,0.7929,3.0,20.0,1.0,-0.038423393,-0.07315251,0.50088704,0.50088704,0.03727171,0.0743042,-0.038423393,-0.07315251,0.50088704,0.50088704,0.03727171,0.0743042
118.858,2.9996,19.9309,0.7933,3.0,20.0,1.0,-0.038688052,-0.07315542,0.4991432,0.4991432,0.037572585,0.07427089,-0.038688052,-0.07315542,0.4991432,0.4991432,0.037572585,0.07427089
118.908,2.9996,19.9309,0.7935,3.0,20.0,1.0,-0.0387462,-0.07327368,0.50106525,0.50106525,0.037631743,0.07438814,-0.0387462,-0.07327368,0.50106525,0.50106525,0.037631743,0.07438814
118.958,2.9996,19.9309,0.7936,3.0,20.0,1.0,-0.038802832,-0.07340391,0.50309515,0.50309515,0.03768152,0.07452522,-0.038802832,-0.07340391,0.50309515,0.50309515,0.03768152,0.07452522
119.009,2.9996,19.9309,0.7937,3.0,20.0,1.0,-0.038920853,-0.073540494,0.5049507,0.5049507,0.037802603,0.074658744,-0.038920853,-0.073540494,0.5049507,0.5049507,0.037802603,0.074658744
119.058,2.9996,19.9309,0.7937,3.0,20.0,1.0,-0.03899129,-0.07360006,0.50579745,0.50579745,0.037883095,0.07470826,-0.03899129,-0.07360006,0.50579745,0.50579745,0.037883095,0.07470826
119.108,2.9996,19.9309,0.7936,3.0,20.0,1.0,-0.039080493,-0.07369886,0.50737673,0.50737673,0.037990365,0.074788995,-0.039080493,-0.07369886,0.50737673,0.50737673,0.037990365,0.074788995
119.159,2.9996,19.9309,0.7935,3.0,20.0,1.0,-0.039164443,-0.07382849,0.5090653,0.5090653,0.038067266,0.07492567,-0.039164443,-0.07382849,0.5090653,0.5090653,0.038067266,0.07492567
119.209,2.9996,19.9309,0.7933,3.0,20.0,1.0,-0.039222267,-0.073950626,0.5111901,0.5111901,0.038144033,0.07502886,-0.039222267,-0.073950626,0.5111901,0.5111901,0.038144033,0.07502886
119.258,2.9996,19.9309,0.7931,3.0,20.0,1.0,-0.03931742,-0.074070714,0.51264817,0.51264817,0.038231846,0.07515629,-0.03931742,-0.074070714,0.51264817,0.51264817,0.038231846,0.07515629
119.308,2.9996,19.9309,0.7929,3.0,20.0,1.0,-0.039360866,-0.07422558,0.51522017,0.51522017,0.038291536,0.07529491,-0.039360866,-0.07422558,0.51522017,0.51522017,0.038291536,0.07529491
119.358,2.9996,19.9309,0.7925,3.0,20.0,1.0,-0.039463215,-0.074339315,0.5165595,0.5165595,0.038388044,0.075414486,-0.039463215,-0.074339315,0.5165595,0.5165595,0.038388044,0.075414486
119.408,2.9996,19.9309,0.7923,3.0,20.0,1.0,-0.039492894,-0.07452502,0.5194591,0.5194591,0.03843273,0.07558519,-0.039492894,-0.07452502,0.5194591,0.5194591,0.03843273,0.07558519
119.458,2.9996,19.9309,0.7919,3.0,20.0,1.0,-0.039602306,-0.07463308,0.5206911,0.5206911,0.038536742,0.075698644,-0.039602306,-0.07463308,0.5206911,0.5206911,0.038536742,0.075698644
119.508,2.9996,19.9309,0.7916,3.0,20.0,1.0,-0.039618015,-0.07485101,0.52384174,0.52384174,0.038566757,0.07590227,-0.039618015,-0.07485101,0.52384174,0.52384174,0.038566757,0.07590227
119.559,2.9996,19.9309,0.7915,3.0,20.0,1.0,-0.074830756,-0.17271622,1.0,1.0,0.0725207,0.17502625,-0.074830756,-0.17271622,1.0,1.0,0.0725207,0.17502625
119.608,2.9995,19.9309,0.7920,3.0,20.0,1.0,-0.07488239,-0.16731702,1.0,1.0,0.07263117,0.16956823,-0.07488239,-0.16731702,1.0,1.0,0.07263117,0.16956823
119.658,2.9995,19.9308,0.7924,3.0,20.0,1.0,-0.038339257,-0.07287467,0.4956437,0.4956437,0.037370633,0.0738433,-0.038339257,-0.07287467,0.4956437,0.4956437,0.037370633,0.0738433
119.708,2.9995,19.9308,0.7933,3.0,20.0,1.0,-0.038364008,-0.07297742,0.49743938,0.49743938,0.03737654,0.073964894,-0.038364008,-0.07297742,0.49743938,0.49743938,0.03737654,0.073964894
119.758,2.9995,19.9308,0.7936,3.0,20.0,1.0,-0.03875373,-0.07292995,0.49421844,0.49421844,0.037807517,0.073876165,-0.03875373,-0.07292995,0.49421844,0.49421844,0.037807517,0.073876165
119.808,2.9995,19.9308,0.7941,3.0,20.0,1.0,-0.03865725,-0.07313545,0.4982523,0.4982523,0.03768676,0.07410594,-0.03865725,-0.07313545,0.4982523,0.4982523,0.03768676,0.07410594
119.858,2.9995,19.9308,0.7944,3.0,20.0,1.0,-0.038946517,-0.07312746,0.4968534,0.4968534,0.03801146,0.07406251,-0.038946517,-0.07312746,0.4968534,0.4968534,0.03801146,0.07406251
119.908,2.9995,19.9308,0.7946,3.0,20.0,1.0,-0.039017823,-0.07322875,0.49847496,0.49847496,0.03808804,0.07415853,-0.039017823,-0.07322875,0.49847496,0.49847496,0.03808804,0.07415853
119.959,2.9995,19.9308,0.7947,3.0,20.0,1.0,-0.039057616,-0.07337088,0.5006113,0.5006113,0.038118977,0.07430952,-0.039057616,-0.07337088,0.5006113,0.5006113,0.038118977,0.07430952
120.009,2.9995,19.9308,0.7948,3.0,20.0,1.0,-0.039195433,-0.073436715,0.5016779,0.5016779,0.03827614,0.074356005,-0.039195433,-0.073436715,0.5016779,0.5016779,0.03827614,0.074356005
120.058,2.9995,19.9308,0.7947,3.0,20.0,1.0,-0.0392597,-0.07357191,0.503525,0.503525,0.038333796,0.07449782,-0.0392597,-0.07357191,0.503525,0.503525,0.038333796,0.07449782
120.109,2.9995,19.9308,0.7946,3.0,20.0,1.0,-0.039360926,-0.07366431,0.50525063,0.50525063,0.038453907,0.07457133,-0.039360926,-0.07366431,0.50525063,0.50525063,0.038453907,0.07457133
120.158,2.9995,19.9308,0.7945,3.0,20.0,1.0,-0.039441112,-0.073800325,0.50691956,0.50691956,0.03852658,0.074714854,-0.039441112,-0.073800325,0.50691956,0.50691956,0.03852658,0.074714854
120.208,2.9995,19.9308,0.7943,3.0,20.0,1.0,-0.03950856,-0.0739187,0.5092409,0.5092409,0.038613442,0.07481381,-0.03950856,-0.0739187,0.5092409,0.5092409,0.038613442,0.07481381
120.258,2.9995,19.9308,0.7940,3.0,20.0,1.0,-0.039604053,-0.07404491,0.5106511,0.5106511,0.038700685,0.07494828,-0.039604053,-0.07404491,0.5106511,0.5106511,0.038700685,0.07494828
120.308,2.9995,19.9308,0.7938,3.0,20.0,1.0,-0.039648388,-0.074199006,0.5134742,0.5134742,0.038762573,0.07508482,-0.039648388,-0.074199006,0.5134742,0.5134742,0.038762573,0.07508482
120.358,2.9995,19.9308,0.7934,3.0,20.0,1.0,-0.039749905,-0.07431302,0.5147124,0.5147124,0.0388575,0.07520543,-0.039749905,-0.07431302,0.5147124,0.5147124,0.0388575,0.07520543
120.409,2.9995,19.9308,0.7931,3.0,20.0,1.0,-0.03978394,-0.07450069,0.5178149,0.5178149,0.03890612,0.07537851,-0.03978394,-0.07450069,0.5178149,0.5178149,0.03890612,0.07537851
120.459,2.9995,19.9307,0.7926,3.0,20.0,1.0,-0.03989444,-0.07461043,0.5189969,0.5189969,0.039011106,0.07549376,-0.03989444,-0.07461043,0.5189969,0.5189969,0.039011106,0.07549376
120.509,2.9995,19.9307,0.7923,3.0,20.0,1.0,-0.039908588,-0.07483445,0.5224049,0.5224049,0.03903942,0.07570361,-0.039908588,-0.07483445,0.5224049,0.5224049,0.03903942,0.07570361
120.560,2.9995,19.9307,0.7922,3.0,20.0,1.0,-0.07586046,-0.17322326,1.0,1.0,0.07393862,0.17514509,-0.07586046,-0.17322326,1.0,1.0,0.07393862,0.17514509
120.608,2.9994,19.9307,0.7927,3.0,20.0,1.0,-0.07586014,-0.1677986,1.0,1.0,0.07398848,0.16967025,-0.07586014,-0.1677986,1.0,1.0,0.07398848,0.16967025
120.658,2.9994,19.9307,0.7931,3.0,20.0,1.0,-0.03861324,-0.07286846,0.49473515,0.49473515,0.037816256,0.07366544,-0.03861324,-0.07286846,0.49473515,0.49473515,0.037816256,0.07366544
120.708,2.9994,19.9306,0.7939,3.0,20.0,1.0,-0.038654946,-0.072955154,0.49605587,0.49605587,0.037843257,0.07376684,-0.038654946,-0.072955154,0.49605587,0.49605587,0.037843257,0.07376684
120.759,2.9994,19.9306,0.7944,3.0,20.0,1.0,-0.03903249,-0.07292365,0.49323905,0.49323905,0.038258683,0.07369746,-0.03903249,-0.07292365,0.49323905,0.49323905,0.038258683,0.07369746
120.809,2.9994,19.9306,0.7946,3.0,20.0,1.0,-0.039084375,-0.07304107,0.4950809,0.4950809,0.038312066,0.07381338,-0.039084375,-0.07304107,0.4950809,0.4950809,0.038312066,0.07381338
120.858,2.9994,19.9306,0.7949,3.0,20.0,1.0,-0.03911072,-0.07318286,0.49732387,0.49732387,0.038330913,0.073962666,-0.03911072,-0.07318286,0.49732387,0.49732387,0.038330913,0.073962666
120.909,2.9994,19.9306,0.7950,3.0,20.0,1.0,-0.039279763,-0.07323846,0.4977923,0.4977923,0.038519118,0.07399911,-0.039279763,-0.07323846,0.4977923,0.4977923,0.038519118,0.07399911
120.958,2.9994,19.9306,0.7951,3.0,20.0,1.0,-0.03932795,-0.07337569,0.49981046,0.49981046,0.03856052,0.07414312,-0.03932795,-0.07337569,0.49981046,0.49981046,0.03856052,0.07414312
121.008,2.9994,19.9306,0.7951,3.0,20.0,1.0,-0.03945789,-0.07345034,0.50103194,0.50103194,0.03870821,0.07420003,-0.03945789,-0.07345034,0.50103194,0.50103194,0.03870821,0.07420003
121.058,2.9994,19.9306,0.7950,3.0,20.0,1.0,-0.039522078,-0.073583014,0.5028332,0.5028332,0.03876621,0.074338876,-0.039522078,-0.073583014,0.5028332,0.5028332,0.03876621,0.074338876
121.109,2.9994,19.9306,0.7949,3.0,20.0,1.0,-0.039615314,-0.073686466,0.5047392,0.5047392,0.03887558,0.074426204,-0.039615314,-0.073686466,0.5047392,0.5047392,0.03887558,0.074426204
121.159,2.9994,19.9306,0.7947,3.0,20.0,1.0,-0.039693646,-0.073814355,0.50633776,0.50633776,0.03894816,0.074559845,-0.039693646,-0.073814355,0.50633776,0.50633776,0.03894816,0.074559845
121.209,2.9994,19.9306,0.7945,3.0,20.0,1.0,-0.039759144,-0.07394718,0.5088037,0.5088037,0.039028242,0.07467808,-0.039759144,-0.07394718,0.5088037,0.5088037,0.039028242,0.07467808
121.259,2.9994,19.9306,0.7942,3.0,20.0,1.0,-0.03985523,-0.074070826,0.51023424,0.51023424,0.039118532,0.074807525,-0.03985523,-0.074070826,0.51023424,0.51023424,0.039118532,0.074807525
121.309,2.9994,19.9306,0.7939,3.0,20.0,1.0,-0.039889883,-0.0742351,0.5132216,0.5132216,0.039167974,0.074957006,-0.039889883,-0.0742351,0.5132216,0.5132216,0.039167974,0.074957006
121.358,2.9994,19.9306,0.7935,3.0,20.0,1.0,-0.039999638,-0.07434806,0.51441056,0.51441056,0.039271556,0.07507614,-0.039999638,-0.07434806,0.51441056,0.51441056,0.039271556,0.07507614
121.409,2.9994,19.9306,0.7932,3.0,20.0,1.0,-0.04001599,-0.07454798,0.51775086,0.51775086,0.03930116,0.075262815,-0.04001599,-0.07454798,0.51775086,0.51775086,0.03930116,0.075262815
121.458,2.9994,19.9306,0.7930,3.0,20.0,1.0,-0.04012621,-0.07465241,0.51885134,0.51885134,0.03940656,0.075372055,-0.04012621,-0.07465241,0.51885134,0.51885134,0.03940656,0.075372055
121.509,2.9994,19.9306,0.7924,3.0,20.0,1.0,-0.040229894,-0.074763216,0.52018285,0.52018285,0.03950841,0.07548469,-0.040229894,-0.074763216,0.52018285,0.52018285,0.03950841,0.07548469
121.558,2.9994,19.9306,0.7921,3.0,20.0,1.0,-0.04017412,-0.0750782,0.5249835,0.5249835,0.03947108,0.07578123,-0.04017412,-0.0750782,0.5249835,0.5249835,0.03947108,0.07578123
121.608,2.9994,19.9305,0.7927,3.0,20.0,1.0,-0.07647803,-0.16776921,1.0,1.0,0.07495231,0.16929492,-0.07647803,-0.16776921,1.0,1.0,0.07495231,0.16929492
121.659,2.9994,19.9305,0.7931,3.0,20.0,1.0,-0.038814295,-0.07293643,0.4946607,0.4946607,0.03816987,0.07358086,-0.038814295,-0.07293643,0.4946607,0.4946607,0.03816987,0.07358086
121.709,2.9994,19.9305,0.7938,3.0,20.0,1.0,-0.038856275,-0.0730178,0.49627298,0.49627298,0.03819659,0.07367749,-0.038856275,-0.0730178,0.49627298,0.49627298,0.03819659,0.07367749
121.759,2.9993,19.9304,0.7943,3.0,20.0,1.0,-0.039219342,-0.07300056,0.49352452,0.49352452,0.038593996,0.0736259,-0.039219342,-0.07300056,0.49352452,0.49352452,0.038593996,0.0736259
121.809,2.9993,19.9304,0.7945,3.0,20.0,1.0,-0.0392694,-0.07312018,0.49539462,0.49539462,0.038645018,0.07374456,-0.0392694,-0.07312018,0.49539462,0.49539462,0.038645018,0.07374456
121.859,2.9993,19.9304,0.7948,3.0,20.0,1.0,-0.03930112,-0.07325867,0.49761003,0.49761003,0.038670156,0.073889636,-0.03930112,-0.07325867,0.49761003,0.49761003,0.038670156,0.073889636
121.908,2.9993,19.9304,0.7949,3.0,20.0,1.0,-0.039457098,-0.0733242,0.49815708,0.49815708,0.038842786,0.07393851,-0.039457098,-0.0733242,0.49815708,0.49815708,0.038842786,0.07393851
121.958,2.9993,19.9304,0.7950,3.0,20.0,1.0,-0.03950861,-0.07345716,0.5001365,0.5001365,0.03888846,0.07407731,-0.03950861,-0.07345716,0.5001365,0.5001365,0.03888846,0.07407731
122.009,2.9993,19.9304,0.7950,3.0,20.0,1.0,-0.0396245,-0.0735447,0.5014607,0.5014607,0.03901895,0.07415026,-0.0396245,-0.0735447,0.5014607,0.5014607,0.03901895,0.07415026
122.059,2.9993,19.9304,0.7949,3.0,20.0,1.0,-0.03969296,-0.07367358,0.5032286,0.5032286,0.039082278,0.07428426,-0.03969296,-0.07367358,0.5032286,0.5032286,0.039082278,0.07428426
122.110,2.9993,19.9304,0.7948,3.0,20.0,1.0,-0.039807487,-0.073820665,0.50559986,0.50559986,0.039209586,0.07441857,-0.039807487,-0.073820665,0.50559986,0.50559986,0.039209586,0.07441857
122.159,2.9993,19.9304,0.7945,3.0,20.0,1.0,-0.039856322,-0.073911786,0.5067847,0.5067847,0.039254025,0.07451408,-0.039856322,-0.073911786,0.5067847,0.5067847,0.039254025,0.07451408
122.208,2.9993,19.9304,0.7943,3.0,20.0,1.0,-0.039910514,-0.07405397,0.5093024,0.5093024,0.03931999,0.0746445,-0.039910514,-0.07405397,0.5093024,0.5093024,0.03931999,0.0746445
122.259,2.9993,19.9304,0.7940,3.0,20.0,1.0,-0.040004507,-0.07417204,0.51071846,0.51071846,0.03940972,0.07476683,-0.040004507,-0.07417204,0.51071846,0.51071846,0.03940972,0.07476683
122.309,2.9993,19.9304,0.7937,3.0,20.0,1.0,-0.040037468,-0.07434477,0.5136605,0.5136605,0.03945316,0.07492907,-0.040037468,-0.07434477,0.5136605,0.5136605,0.03945316,0.07492907
122.358,2.9993,19.9304,0.7935,3.0,20.0,1.0,-0.040141437,-0.07445711,0.5149423,0.5149423,0.039553262,0.07504528,-0.040141437,-0.07445711,0.5149423,0.5149423,0.039553262,0.07504528
122.409,2.9993,19.9304,0.7930,3.0,20.0,1.0,-0.04024259,-0.07456927,0.51631945,0.51631945,0.03965294,0.07515892,-0.04024259,-0.07456927,0.51631945,0.51631945,0.03965294,0.07515892
122.458,2.9993,19.9304,0.7928,3.0,20.0,1.0,-0.040201705,-0.07484019,0.52077,0.52077,0.03962748,0.075414404,-0.040201705,-0.07484019,0.52077,0.52077,0.03962748,0.075414404
122.509,2.9993,19.9304,0.7922,3.0,20.0,1.0,-0.040369026,-0.074880265,0.52074504,0.52074504,0.039785482,0.07546381,-0.040369026,-0.074880265,0.52074504,0.52074504,0.039785482,0.07546381
122.558,2.9993,19.9304,0.7920,3.0,20.0,1.0,-0.040301315,-0.075204626,0.52551746,0.52551746,0.039731596,0.07577434,-0.040301315,-0.075204626,0.52551746,0.52551746,0.039731596,0.07577434
122.608,2.9993,19.9304,0.7925,3.0,20.0,1.0,-0.07679877,-0.16778249,1.0,1.0,0.07557454,0.1690067,-0.07679877,-0.16778249,1.0,1.0,0.07557454,0.1690067
122.660,2.9993,19.9303,0.7934,3.0,20.0,1.0,-0.038936026,-0.073063895,0.49552226,0.49552226,0.038405713,0.073594205,-0.038936026,-0.073063895,0.49552226,0.49552226,0.038405713,0.073594205
122.710,2.9993,19.9303,0.7940,3.0,20.0,1.0,-0.039278794,-0.07304738,0.49234852,0.49234852,0.038770955,0.073555216,-0.039278794,-0.07304738,0.49234852,0.49234852,0.038770955,0.073555216
122.759,2.9993,19.9303,0.7946,3.0,20.0,1.0,-0.039239317,-0.07316412,0.49472997,0.49472997,0.03872421,0.07367922,-0.039239317,-0.07316412,0.49472997,0.49472997,0.03872421,0.07367922
122.809,2.9993,19.9303,0.7950,3.0,20.0,1.0,-0.039463833,-0.07319014,0.49354655,0.49354655,0.038966738,0.073687226,-0.039463833,-0.07319014,0.49354655,0.49354655,0.038966738,0.073687226
122.859,2.9993,19.9303,0.7954,3.0,20.0,1.0,-0.03948414,-0.07333217,0.4959884,0.4959884,0.03898057,0.07383574,-0.03948414,-0.07333217,0.4959884,0.4959884,0.03898057,0.07383574
122.909,2.9993,19.9303,0.7956,3.0,20.0,1.0,-0.039648898,-0.07337973,0.49593878,0.49593878,0.039160125,0.073868506,-0.039648898,-0.07337973,0.49593878,0.49593878,0.039160125,0.073868506
122.959,2.9993,19.9303,0.7958,3.0,20.0,1.0,-0.039695516,-0.07351544,0.49807045,0.49807045,0.03920147,0.074009486,-0.039695516,-0.07351544,0.49807045,0.49807045,0.03920147,0.074009486
123.009,2.9993,19.9303,0.7959,3.0,20.0,1.0,-0.039818544,-0.07358002,0.49886414,0.49886414,0.039337568,0.07406099,-0.039818544,-0.07358002,0.49886414,0.49886414,0.039337568,0.07406099
123.058,2.9993,19.9303,0.7959,3.0,20.0,1.0,-0.039883297,-0.07371047,0.50076705,0.50076705,0.03939794,0.074195825,-0.039883297,-0.07371047,0.50076705,0.50076705,0.03939794,0.074195825
123.108,2.9993,19.9303,0.7958,3.0,20.0,1.0,-0.03996904,-0.073799744,0.5023066,0.5023066,0.03949547,0.07427332,-0.03996904,-0.073799744,0.5023066,0.5023066,0.03949547,0.07427332
123.158,2.9993,19.9303,0.7958,3.0,20.0,1.0,-0.040046353,-0.07392894,0.50401294,0.50401294,0.039568666,0.074406624,-0.040046353,-0.07392894,0.50401294,0.50401294,0.039568666,0.074406624
123.210,2.9992,19.9303,0.7955,3.0,20.0,1.0,-0.040135324,-0.07407866,0.5065657,0.5065657,0.039667737,0.07454624,-0.040135324,-0.07407866,0.5065657,0.5065657,0.039667737,0.07454624
123.260,2.9992,19.9303,0.7953,3.0,20.0,1.0,-0.040226586,-0.07420205,0.5080926,0.5080926,0.039755296,0.07467335,-0.040226586,-0.07420205,0.5080926,0.5080926,0.039755296,0.07467335
123.308,2.9992,19.9303,0.7951,3.0,20.0,1.0,-0.040288914,-0.07428359,0.5091478,0.5091478,0.039816923,0.07475558,-0.040288914,-0.07428359,0.5091478,0.5091478,0.039816923,0.07475558
123.359,2.9992,19.9303,0.7949,3.0,20.0,1.0,-0.040281862,-0.07446069,0.5126417,0.5126417,0.039824564,0.074917994,-0.040281862,-0.07446069,0.5126417,0.5126417,0.039824564,0.074917994
123.409,2.9992,19.9303,0.7944,3.0,20.0,1.0,-0.040429275,-0.07454717,0.5131231,0.5131231,0.039963003,0.075013444,-0.040429275,-0.07454717,0.5131231,0.5131231,0.039963003,0.075013444
123.459,2.9992,19.9303,0.7939,3.0,20.0,1.0,-0.040389936,-0.074776836,0.517256,0.517256,0.03993719,0.07522958,-0.040389936,-0.074776836,0.517256,0.517256,0.03993719,0.07522958
123.509,2.9992,19.9303,0.7936,3.0,20.0,1.0,-0.040456023,-0.074937664,0.5193748,0.5193748,0.04000363,0.075390056,-0.040456023,-0.074937664,0.5193748,0.5193748,0.04000363,0.075390056
123.559,2.9992,19.9303,0.7933,3.0,20.0,1.0,-0.04057438,-0.075041875,0.5204785,0.5204785,0.04011908,0.07549717,-0.04057438,-0.075041875,0.5204785,0.5204785,0.04011908,0.07549717
123.609,2.9992,19.9303,0.7937,3.0,20.0,1.0,-0.07772546,-0.16876844,1.0,1.0,0.076751776,0.16974212,-0.07772546,-0.16876844,1.0,1.0,0.076751776,0.16974212
123.658,2.9992,19.9303,0.7945,3.0,20.0,1.0,-0.039024565,-0.07298541,0.49313378,0.49313378,0.038608722,0.07340125,-0.039024565,-0.07298541,0.49313378,0.49313378,0.038608722,0.07340125
123.709,2.9992,19.9303,0.7949,3.0,20.0,1.0,-0.039221995,-0.07307771,0.49354294,0.49354294,0.03881107,0.07348864,-0.039221995,-0.07307771,0.49354294,0.49354294,0.03881107,0.07348864
123.759,2.9992,19.9302,0.7955,3.0,20.0,1.0,-0.03937259,-0.073100775,0.49305516,0.49305516,0.038971484,0.073501885,-0.03937259,-0.073100775,0.49305516,0.49305516,0.038971484,0.073501885
123.808,2.9992,19.9302,0.7957,3.0,20.0,1.0,-0.03958266,-0.07313196,0.49257663,0.49257663,0.03919728,0.073517345,-0.03958266,-0.07313196,0.49257663,0.49257663,0.03919728,0.073517345
123.859,2.9992,19.9302,0.7960,3.0,20.0,1.0,-0.03961198,-0.07327617,0.49483567,0.49483567,0.03922123,0.07366692,-0.03961198,-0.07327617,0.49483567,0.49483567,0.03922123,0.07366692
123.909,2.9992,19.9302,0.7961,3.0,20.0,1.0,-0.03977274,-0.073325746,0.49528205,0.49528205,0.039395787,0.0737027,-0.03977274,-0.073325746,0.49528205,0.49528205,0.039395787,0.0737027
123.958,2.9992,19.9302,0.7962,3.0,20.0,1.0,-0.039822865,-0.07346652,0.49733135,0.49733135,0.03944094,0.07384844,-0.039822865,-0.07346652,0.49733135,0.49733135,0.03944094,0.07384844
124.008,2.9992,19.9302,0.7962,3.0,20.0,1.0,-0.03990904,-0.07358023,0.49882355,0.49882355,0.039526068,0.0739632,-0.03990904,-0.07358023,0.49882355,0.49882355,0.039526068,0.0739632
124.058,2.9992,19.9302,0.7962,3.0,20.0,1.0,-0.04003798,-0.07363537,0.5002012,0.5002012,0.039674737,0.07399861,-0.04003798,-0.07363537,0.5002012,0.5002012,0.039674737,0.07399861
124.109,2.9992,19.9302,0.7960,3.0,20.0,1.0,-0.040098384,-0.0737873,0.5018608,0.5018608,0.039723665,0.07416202,-0.040098384,-0.0737873,0.5018608,0.5018608,0.039723665,0.07416202
124.158,2.9992,19.9302,0.7959,3.0,20.0,1.0,-0.040171403,-0.073892556,0.50432074,0.50432074,0.039813735,0.07425023,-0.040171403,-0.073892556,0.50432074,0.50432074,0.039813735,0.07425023
124.209,2.9992,19.9302,0.7956,3.0,20.0,1.0,-0.040266935,-0.07401786,0.50540656,0.50540656,0.03989945,0.074385345,-0.040266935,-0.07401786,0.50540656,0.50540656,0.03989945,0.074385345
124.260,2.9992,19.9303,0.7952,3.0,20.0,1.0,-0.040355626,-0.07419024,0.5083166,0.5083166,0.03999508,0.074550785,-0.040355626,-0.07419024,0.5083166,0.5083166,0.03999508,0.074550785
124.308,2.9992,19.9303,0.7950,3.0,20.0,1.0,-0.040356264,-0.07432284,0.51093733,0.51093733,0.040004283,0.07467482,-0.040356264,-0.07432284,0.51093733,0.51093733,0.040004283,0.07467482
124.359,2.9992,19.9303,0.7945,3.0,20.0,1.0,-0.040462796,-0.07443916,0.5122106,0.5122106,0.040107626,0.07479433,-0.040462796,-0.07443916,0.5122106,0.5122106,0.040107626,0.07479433
124.408,2.9992,19.9303,0.7942,3.0,20.0,1.0,-0.040470853,-0.07463993,0.5156468,0.5156468,0.04012346,0.07498732,-0.040470853,-0.07463993,0.5156468,0.5156468,0.04012346,0.07498732
124.458,2.9992,19.9302,0.7937,3.0,20.0,1.0,-0.0405853,-0.07474598,0.51672864,0.51672864,0.04023485,0.075096436,-0.0405853,-0.07474598,0.51672864,0.51672864,0.04023485,0.075096436
124.508,2.9992,19.9302,0.7933,3.0,20.0,1.0,-0.04058338,-0.074980155,0.5203612,0.5203612,0.040239275,0.07532427,-0.04058338,-0.074980155,0.5203612,0.5203612,0.040239275,0.07532427
124.559,2.9992,19.9302,0.7931,3.0,20.0,1.0,-0.040706415,-0.07508106,0.52138036,0.52138036,0.04035959,0.07542788,-0.040706415,-0.07508106,0.52138036,0.52138036,0.04035959,0.07542788
124.608,2.9992,19.9302,0.7936,3.0,20.0,1.0,-0.078024454,-0.16853796,1.0,1.0,0.077285826,0.1692766,-0.078024454,-0.16853796,1.0,1.0,0.077285826,0.1692766
124.659,2.9992,19.9302,0.7942,3.0,20.0,1.0,-0.039192714,-0.07300977,0.49344248,0.49344248,0.03888136,0.07332112,-0.039192714,-0.07300977,0.49344248,0.49344248,0.03888136,0.07332112
124.709,2.9992,19.9301,0.7946,3.0,20.0,1.0,-0.039477758,-0.07302948,0.49161094,0.49161094,0.039184067,0.073323175,-0.039477758,-0.07302948,0.49161094,0.49161094,0.039184067,0.073323175
124.759,2.9992,19.9301,0.7951,3.0,20.0,1.0,-0.039519716,-0.07320604,0.49450064,0.49450064,0.0392198,0.07350595,-0.039519716,-0.07320604,0.49450064,0.49450064,0.0392198,0.07350595
124.809,2.9991,19.9301,0.7953,3.0,20.0,1.0,-0.039676625,-0.07323201,0.493933,0.493933,0.039390016,0.07351862,-0.039676625,-0.07323201,0.493933,0.493933,0.039390016,0.07351862
124.859,2.9991,19.9301,0.7954,3.0,20.0,1.0,-0.03971448,-0.07336908,0.49612826,0.49612826,0.039423075,0.073660485,-0.03971448,-0.07336908,0.49612826,0.49612826,0.039423075,0.073660485
124.909,2.9991,19.9301,0.7956,3.0,20.0,1.0,-0.039796695,-0.073481835,0.4976214,0.4976214,0.039504252,0.07377428,-0.039796695,-0.073481835,0.4976214,0.4976214,0.039504252,0.07377428
124.959,2.9991,19.9301,0.7956,3.0,20.0,1.0,-0.039959967,-0.073544115,0.4981242,0.4981242,0.039684914,0.07381917,-0.039959967,-0.073544115,0.4981242,0.4981242,0.039684914,0.07381917
125.009,2.9991,19.9301,0.7956,3.0,20.0,1.0,-0.039999504,-0.07368982,0.50025153,0.50025153,0.03971394,0.07397538,-0.039999504,-0.07368982,0.50025153,0.50025153,0.03971394,0.07397538
125.059,2.9991,19.9301,0.7955,3.0,20.0,1.0,-0.040120814,-0.073833846,0.5023565,0.5023565,0.0398419,0.07411276,-0.040120814,-0.073833846,0.5023565,0.5023565,0.0398419,0.07411276
125.108,2.9991,19.9301,0.7953,3.0,20.0,1.0,-0.040178925,-0.07391514,0.5034366,0.5034366,0.039899163,0.0741949,-0.040178925,-0.07391514,0.5034366,0.5034366,0.039899163,0.0741949
125.159,2.9991,19.9301,0.7951,3.0,20.0,1.0,-0.0402261,-0.07405589,0.506135,0.506135,0.039958347,0.07432364,-0.0402261,-0.07405589,0.506135,0.506135,0.039958347,0.07432364
125.209,2.9991,19.9301,0.7948,3.0,20.0,1.0,-0.040285062,-0.074200444,0.5083151,0.5083151,0.04001705,0.074468456,-0.040285062,-0.074200444,0.5083151,0.5083151,0.04001705,0.074468456
125.260,2.9991,19.9301,0.7945,3.0,20.0,1.0,-0.040344685,-0.07441086,0.51166356,0.51166356,0.040080164,0.07467539,-0.040344685,-0.07441086,0.51166356,0.51166356,0.040080164,0.07467539
125.309,2.9991,19.9301,0.7942,3.0,20.0,1.0,-0.04040386,-0.074499674,0.5127949,0.5127949,0.040138192,0.07476534,-0.04040386,-0.074499674,0.5127949,0.5127949,0.040138192,0.07476534
125.359,2.9991,19.9301,0.7937,3.0,20.0,1.0,-0.040511087,-0.074609846,0.5140413,0.5140413,0.040243138,0.0748778,-0.040511087,-0.074609846,0.5140413,0.5140413,0.040243138,0.0748778
125.408,2.9991,19.9301,0.7934,3.0,20.0,1.0,-0.040513083,-0.07482546,0.5174723,0.5174723,0.04024913,0.07508941,-0.040513083,-0.07482546,0.5174723,0.5174723,0.04024913,0.07508941
125.459,2.9991,19.9301,0.7929,3.0,20.0,1.0,-0.040628575,-0.07492882,0.5186029,0.5186029,0.040362623,0.075194776,-0.040628575,-0.07492882,0.5186029,0.5186029,0.040362623,0.075194776
125.509,2.9991,19.9301,0.7925,3.0,20.0,1.0,-0.040613294,-0.07517893,0.5222649,0.5222649,0.040350396,0.07544183,-0.040613294,-0.07517893,0.5222649,0.5222649,0.040350396,0.07544183
125.559,2.9991,19.9301,0.7923,3.0,20.0,1.0,-0.040734775,-0.07527551,0.5232955,0.5232955,0.040470093,0.07554019,-0.040734775,-0.07527551,0.5232955,0.5232955,0.040470093,0.07554019
125.609,2.9991,19.9301,0.7927,3.0,20.0,1.0,-0.077801146,-0.16827174,1.0,1.0,0.077241614,0.16883127,-0.077801146,-0.16827174,1.0,1.0,0.077241614,0.16883127
125.658,2.9991,19.9300,0.7934,3.0,20.0,1.0,-0.039209146,-0.07321476,0.49526298,0.49526298,0.038973104,0.073450804,-0.039209146,-0.07321476,0.49526298,0.49526298,0.038973104,0.073450804
125.709,2.9991,19.9300,0.7938,3.0,20.0,1.0,-0.039477,-0.07325157,0.49343863,0.49343863,0.039254777,0.07347379,-0.039477,-0.07325157,0.49343863,0.49343863,0.039254777,0.07347379
125.759,2.9991,19.9300,0.7943,3.0,20.0,1.0,-0.03952545,-0.073424175,0.49638385,0.49638385,0.03929784,0.07365178,-0.03952545,-0.073424175,0.49638385,0.49638385,0.03929784,0.07365178
125.809,2.9991,19.9300,0.7945,3.0,20.0,1.0,-0.039669644,-0.073460504,0.49573675,0.49573675,0.039452124,0.073678024,-0.039669644,-0.073460504,0.49573675,0.49573675,0.039452124,0.073678024
125.858,2.9991,19.9300,0.7946,3.0,20.0,1.0,-0.03971312,-0.073588766,0.49786037,0.49786037,0.03949196,0.07380993,-0.03971312,-0.073588766,0.49786037,0.49786037,0.03949196,0.07380993
125.909,2.9991,19.9300,0.7948,3.0,20.0,1.0,-0.03979597,-0.0737036,0.4994189,0.4994189,0.03957353,0.07392603,-0.03979597,-0.0737036,0.4994189,0.4994189,0.03957353,0.07392603
125.959,2.9991,19.9300,0.7948,3.0,20.0,1.0,-0.039940484,-0.07378094,0.49981353,0.49981353,0.039730597,0.07399082,-0.039940484,-0.07378094,0.49981353,0.49981353,0.039730597,0.07399082
126.008,2.9991,19.9300,0.7948,3.0,20.0,1.0,-0.039992172,-0.07391648,0.5019817,0.5019817,0.039774425,0.07413422,-0.039992172,-0.07391648,0.5019817,0.5019817,0.039774425,0.07413422
126.059,2.9991,19.9300,0.7947,3.0,20.0,1.0,-0.040074784,-0.07402735,0.5035591,0.5035591,0.039866935,0.0742352,-0.040074784,-0.07402735,0.5035591,0.5035591,0.039866935,0.0742352
126.108,2.9991,19.9300,0.7946,3.0,20.0,1.0,-0.04013251,-0.07416339,0.50567526,0.50567526,0.039923992,0.07437191,-0.04013251,-0.07416339,0.50567526,0.50567526,0.039923992,0.07437191
126.159,2.9991,19.9300,0.7944,3.0,20.0,1.0,-0.040221762,-0.0742813,0.5072359,0.5072359,0.04001101,0.074492045,-0.040221762,-0.0742813,0.5072359,0.5072359,0.04001101,0.074492045
126.208,2.9991,19.9300,0.7942,3.0,20.0,1.0,-0.04025693,-0.07443779,0.50980705,0.50980705,0.040049776,0.07464494,-0.04025693,-0.07443779,0.50980705,0.50980705,0.040049776,0.07464494
126.259,2.9991,19.9300,0.7938,3.0,20.0,1.0,-0.04035938,-0.07455154,0.5112038,0.5112038,0.040150296,0.07476062,-0.04035938,-0.07455154,0.5112038,0.5112038,0.040150296,0.07476062
126.310,2.9991,19.9300,0.7935,3.0,20.0,1.0,-0.0404679,-0.07471868,0.51350635,0.51350635,0.04025861,0.07492796,-0.0404679,-0.07471868,0.51350635,0.51350635,0.04025861,0.07492796
126.359,2.9991,19.9300,0.7931,3.0,20.0,1.0,-0.040486533,-0.07484545,0.5154562,0.5154562,0.040278506,0.07505347,-0.040486533,-0.07484545,0.5154562,0.5154562,0.040278506,0.07505347
126.409,2.9991,19.9300,0.7928,3.0,20.0,1.0,-0.040477455,-0.07506378,0.51882684,0.51882684,0.040271427,0.0752698,-0.040477455,-0.07506378,0.51882684,0.51882684,0.040271427,0.0752698
126.459,2.9991,19.9300,0.7923,3.0,20.0,1.0,-0.040597703,-0.075162925,0.51992327,0.51992327,0.040390253,0.07537037,-0.040597703,-0.075162925,0.51992327,0.51992327,0.040390253,0.07537037
126.509,2.9991,19.9300,0.7919,3.0,20.0,1.0,-0.040580075,-0.07541127,0.5234507,0.5234507,0.040373746,0.0756176,-0.040580075,-0.07541127,0.5234507,0.5234507,0.040373746,0.0756176
126.559,2.9991,19.9300,0.7917,3.0,20.0,1.0,-0.04070407,-0.07550705,0.5245019,0.5245019,0.040496558,0.075714566,-0.04070407,-0.07550705,0.5245019,0.5245019,0.040496558,0.075714566
126.609,2.9991,19.9299,0.7922,3.0,20.0,1.0,-0.07749134,-0.16839194,1.0,1.0,0.07705558,0.1688277,-0.07749134,-0.16839194,1.0,1.0,0.07705558,0.1688277
126.659,2.9991,19.9299,0.7929,3.0,20.0,1.0,-0.039179455,-0.073428705,0.49619636,0.49619636,0.0389974,0.07361076,-0.039179455,-0.073428705,0.49619636,0.49619636,0.0389974,0.07361076
126.709,2.9991,19.9299,0.7933,3.0,20.0,1.0,-0.039440148,-0.073465355,0.49445754,0.49445754,0.039269675,0.073635824,-0.039440148,-0.073465355,0.49445754,0.49445754,0.039269675,0.073635824
126.758,2.9991,19.9299,0.7936,3.0,20.0,1.0,-0.03946272,-0.07360007,0.49684203,0.49684203,0.03928827,0.07377452,-0.03946272,-0.07360007,0.49684203,0.49684203,0.03928827,0.07377452
126.809,2.9991,19.9299,0.7941,3.0,20.0,1.0,-0.03954034,-0.07371541,0.4984189,0.4984189,0.039364748,0.073891,-0.03954034,-0.07371541,0.4984189,0.4984189,0.039364748,0.073891
126.860,2.9991,19.9299,0.7943,3.0,20.0,1.0,-0.03971742,-0.07382962,0.49909064,0.49909064,0.03954802,0.073999025,-0.03971742,-0.07382962,0.49909064,0.49909064,0.03954802,0.073999025
126.909,2.9991,19.9299,0.7944,3.0,20.0,1.0,-0.03976838,-0.07391015,0.50022304,0.50022304,0.039598186,0.07408034,-0.03976838,-0.07391015,0.50022304,0.50022304,0.039598186,0.07408034
126.959,2.9991,19.9299,0.7945,3.0,20.0,1.0,-0.039916057,-0.073977426,0.5004506,0.5004506,0.039756477,0.07413701,-0.039916057,-0.073977426,0.5004506,0.5004506,0.039756477,0.07413701
127.008,2.9991,19.9299,0.7945,3.0,20.0,1.0,-0.03996599,-0.074118,0.5027003,0.5027003,0.039799716,0.07428428,-0.03996599,-0.074118,0.5027003,0.5027003,0.039799716,0.07428428
127.058,2.9990,19.9299,0.7944,3.0,20.0,1.0,-0.040054377,-0.07421732,0.5040921,0.5040921,0.03989651,0.07437519,-0.040054377,-0.07421732,0.5040921,0.5040921,0.03989651,0.07437519
127.108,2.9990,19.9299,0.7943,3.0,20.0,1.0,-0.040113524,-0.07435211,0.5061892,0.5061892,0.039955087,0.074510545,-0.040113524,-0.07435211,0.5061892,0.5061892,0.039955087,0.074510545
127.159,2.9990,19.9299,0.7941,3.0,20.0,1.0,-0.04020199,-0.0744719,0.5077746,0.5077746,0.040041685,0.074632205,-0.04020199,-0.0744719,0.5077746,0.5077746,0.040041685,0.074632205
127.208,2.9990,19.9299,0.7939,3.0,20.0,1.0,-0.040240463,-0.07462063,0.5102331,0.5102331,0.04008316,0.07477794,-0.040240463,-0.07462063,0.5102331,0.5102331,0.04008316,0.07477794
127.258,2.9990,19.9299,0.7936,3.0,20.0,1.0,-0.040341727,-0.074735865,0.5116477,0.5116477,0.040182777,0.074894816,-0.040341727,-0.074735865,0.5116477,0.5116477,0.040182777,0.074894816
127.308,2.9990,19.9299,0.7933,3.0,20.0,1.0,-0.040361173,-0.074913345,0.5145364,0.5145364,0.04020436,0.07507016,-0.040361173,-0.074913345,0.5145364,0.5145364,0.04020436,0.07507016
127.359,2.9990,19.9299,0.7929,3.0,20.0,1.0,-0.040470596,-0.075023234,0.5158245,0.5158245,0.040312454,0.07518138,-0.040470596,-0.075023234,0.5158245,0.5158245,0.040312454,0.07518138
127.410,2.9990,19.9299,0.7926,3.0,20.0,1.0,-0.040505633,-0.075264975,0.51943797,0.51943797,0.040348794,0.07542182,-0.040505633,-0.075264975,0.51943797,0.51943797,0.040348794,0.07542182
127.459,2.9990,19.9299,0.7921,3.0,20.0,1.0,-0.040590305,-0.07533478,0.5201937,0.5201937,0.040432423,0.07549266,-0.040590305,-0.07533478,0.5201937,0.5201937,0.040432423,0.07549266
127.509,2.9990,19.9299,0.7918,3.0,20.0,1.0,-0.040577453,-0.07557543,0.5236372,0.5236372,0.04042028,0.0757326,-0.040577453,-0.07557543,0.5236372,0.5236372,0.04042028,0.0757326
127.558,2.9990,19.9299,0.7916,3.0,20.0,1.0,-0.040709816,-0.07567112,0.52466726,0.52466726,0.040551614,0.07582933,-0.040709816,-0.07567112,0.52466726,0.52466726,0.040551614,0.07582933
127.609,2.9990,19.9298,0.7921,3.0,20.0,1.0,-0.077408865,-0.16882536,1.0,1.0,0.07707792,0.16915631,-0.077408865,-0.16882536,1.0,1.0,0.07707792,0.16915631
127.658,2.9990,19.9298,0.7925,3.0,20.0,1.0,-0.039182004,-0.073579095,0.49637648,0.49637648,0.039047204,0.07371389,-0.039182004,-0.073579095,0.49637648,0.49637648,0.039047204,0.07371389
127.708,2.9990,19.9298,0.7933,3.0,20.0,1.0,-0.039283577,-0.07367632,0.49742174,0.49742174,0.039148927,0.07381097,-0.039283577,-0.07367632,0.49742174,0.49742174,0.039148927,0.07381097
127.759,2.9990,19.9298,0.7936,3.0,20.0,1.0,-0.03961416,-0.07367174,0.49455297,0.49455297,0.039496247,0.073789656,-0.03961416,-0.07367174,0.49455297,0.49455297,0.039496247,0.073789656
127.809,2.9990,19.9298,0.7940,3.0,20.0,1.0,-0.039551724,-0.07385454,0.49843213,0.49843213,0.039423738,0.07398253,-0.039551724,-0.07385454,0.49843213,0.49843213,0.039423738,0.07398253
127.859,2.9990,19.9298,0.7942,3.0,20.0,1.0,-0.039790686,-0.07387514,0.4971504,0.4971504,0.039676037,0.07398979,-0.039790686,-0.07387514,0.4971504,0.4971504,0.039676037,0.07398979
127.909,2.9990,19.9298,0.7944,3.0,20.0,1.0,-0.03978582,-0.074042045,0.5001834,0.5001834,0.03966311,0.074164756,-0.03978582,-0.074042045,0.5001834,0.5001834,0.03966311,0.074164756
127.959,2.9990,19.9298,0.7945,3.0,20.0,1.0,-0.03993647,-0.07416108,0.501475,0.501475,0.0398185,0.074279055,-0.03993647,-0.07416108,0.501475,0.501475,0.0398185,0.074279055
128.008,2.9990,19.9298,0.7945,3.0,20.0,1.0,-0.040008467,-0.074219346,0.5023366,0.5023366,0.039895583,0.07433223,-0.040008467,-0.074219346,0.5023366,0.5023366,0.039895583,0.07433223
128.059,2.9990,19.9298,0.7945,3.0,20.0,1.0,-0.040081263,-0.07434443,0.504096,0.504096,0.03996648,0.07445921,-0.040081263,-0.07434443,0.504096,0.504096,0.03996648,0.07445921
128.109,2.9990,19.9298,0.7944,3.0,20.0,1.0,-0.040152397,-0.07445842,0.5059729,0.5059729,0.040041566,0.074569255,-0.040152397,-0.07445842,0.5059729,0.5059729,0.040041566,0.074569255
128.158,2.9990,19.9298,0.7942,3.0,20.0,1.0,-0.040238563,-0.07458156,0.50756747,0.50756747,0.040125906,0.074694216,-0.040238563,-0.07458156,0.50756747,0.50756747,0.040125906,0.074694216
128.209,2.9990,19.9298,0.7940,3.0,20.0,1.0,-0.040285908,-0.07472264,0.5099794,0.5099794,0.04017615,0.0748324,-0.040285908,-0.07472264,0.5099794,0.5099794,0.04017615,0.0748324
128.259,2.9990,19.9298,0.7937,3.0,20.0,1.0,-0.040385384,-0.074841775,0.51141936,0.51141936,0.040274113,0.07495304,-0.040385384,-0.074841775,0.51141936,0.51141936,0.040274113,0.07495304
128.309,2.9990,19.9298,0.7934,3.0,20.0,1.0,-0.040408216,-0.075011656,0.5142886,0.5142886,0.040299103,0.07512076,-0.040408216,-0.075011656,0.5142886,0.5142886,0.040299103,0.07512076
128.358,2.9990,19.9298,0.7930,3.0,20.0,1.0,-0.04051695,-0.07512301,0.51555777,0.51555777,0.04040656,0.0752334,-0.04051695,-0.07512301,0.51555777,0.51555777,0.04040656,0.0752334
128.409,2.9990,19.9298,0.7927,3.0,20.0,1.0,-0.04052623,-0.07532391,0.5187305,0.5187305,0.040417146,0.07543299,-0.04052623,-0.07532391,0.5187305,0.5187305,0.040417146,0.07543299
128.459,2.9990,19.9298,0.7923,3.0,20.0,1.0,-0.04064657,-0.0754303,0.5198913,0.5198913,0.040536426,0.07554044,-0.04064657,-0.0754303,0.5198913,0.5198913,0.040536426,0.07554044
128.510,2.9990,19.9298,0.7919,3.0,20.0,1.0,-0.040669594,-0.075697266,0.5237096,0.5237096,0.040560026,0.075806834,-0.040669594,-0.075697266,0.5237096,0.5237096,0.040560026,0.075806834
128.558,2.9990,19.9298,0.7918,3.0,20.0,1.0,-0.040757198,-0.075763546,0.5243918,0.5243918,0.04064684,0.075873904,-0.040757198,-0.075763546,0.5243918,0.5243918,0.04064684,0.075873904
128.609,2.9990,19.9298,0.7923,3.0,20.0,1.0,-0.07756917,-0.16899009,1.0,1.0,0.07733942,0.16921985,-0.07756917,-0.16899009,1.0,1.0,0.07733942,0.16921985
128.659,2.9990,19.9297,0.7927,3.0,20.0,1.0,-0.03924469,-0.07366432,0.49598658,0.49598658,0.039156135,0.07375288,-0.03924469,-0.07366432,0.49598658,0.49598658,0.039156135,0.07375288
128.708,2.9990,19.9297,0.7934,3.0,20.0,1.0,-0.039339706,-0.07376757,0.49719113,0.49719113,0.039250873,0.0738564,-0.039339706,-0.07376757,0.49719113,0.49719113,0.039250873,0.0738564
128.759,2.9990,19.9297,0.7937,3.0,20.0,1.0,-0.039679337,-0.07375571,0.4942765,0.4942765,0.039607026,0.07382802,-0.039679337,-0.07375571,0.4942765,0.4942765,0.039607026,0.07382802
128.809,2.9990,19.9297,0.7942,3.0,20.0,1.0,-0.039614532,-0.073941365,0.49813256,0.49813256,0.03953256,0.074023336,-0.039614532,-0.073941365,0.49813256,0.49813256,0.03953256,0.074023336
128.858,2.9990,19.9297,0.7945,3.0,20.0,1.0,-0.03985885,-0.07395738,0.49687773,0.49687773,0.03978975,0.07402648,-0.03985885,-0.07395738,0.49687773,0.49687773,0.03978975,0.07402648
128.909,2.9990,19.9297,0.7946,3.0,20.0,1.0,-0.039914988,-0.074076355,0.49878678,0.49878678,0.039845582,0.074145764,-0.039914988,-0.074076355,0.49878678,0.49878678,0.039845582,0.074145764
128.959,2.9990,19.9297,0.7947,3.0,20.0,1.0,-0.039971724,-0.07420964,0.50079364,0.50079364,0.039899644,0.07428172,-0.039971724,-0.07420964,0.50079364,0.50079364,0.039899644,0.07428172
129.009,2.9990,19.9297,0.7947,3.0,20.0,1.0,-0.040080138,-0.074294455,0.5020176,0.5020176,0.0400131,0.07436149,-0.040080138,-0.074294455,0.5020176,0.5020176,0.0400131,0.07436149
129.060,2.9990,19.9297,0.7946,3.0,20.0,1.0,-0.04017916,-0.074443154,0.50440544,0.50440544,0.040114995,0.07450732,-0.04017916,-0.074443154,0.50440544,0.50440544,0.040114995,0.07450732
129.109,2.9990,19.9297,0.7945,3.0,20.0,1.0,-0.040227264,-0.07453316,0.50568324,0.50568324,0.040162176,0.074598245,-0.040227264,-0.07453316,0.50568324,0.50568324,0.040162176,0.074598245
129.158,2.9990,19.9297,0.7943,3.0,20.0,1.0,-0.040312734,-0.07465806,0.5072809,0.5072809,0.040245924,0.074724875,-0.040312734,-0.07465806,0.5072809,0.5072809,0.040245924,0.074724875
129.209,2.9990,19.9297,0.7941,3.0,20.0,1.0,-0.040362626,-0.07479569,0.5097037,0.5097037,0.040298603,0.074859716,-0.040362626,-0.07479569,0.5097037,0.5097037,0.040298603,0.074859716
129.259,2.9990,19.9297,0.7938,3.0,20.0,1.0,-0.04046207,-0.07491641,0.51114047,0.51114047,0.040396612,0.07498187,-0.04046207,-0.07491641,0.51114047,0.51114047,0.040396612,0.07498187
129.309,2.9990,19.9297,0.7936,3.0,20.0,1.0,-0.040486798,-0.07508322,0.5140305,0.5140305,0.040423352,0.07514666,-0.040486798,-0.07508322,0.5140305,0.5140305,0.040423352,0.07514666
129.359,2.9990,19.9297,0.7931,3.0,20.0,1.0,-0.040595487,-0.07519563,0.51528996,0.51528996,0.040530857,0.07526027,-0.040595487,-0.07519563,0.51528996,0.51528996,0.040530857,0.07526027
129.408,2.9990,19.9297,0.7929,3.0,20.0,1.0,-0.04060719,-0.075393945,0.5184808,0.5184808,0.040543683,0.075457454,-0.04060719,-0.075393945,0.5184808,0.5184808,0.040543683,0.075457454
129.458,2.9990,19.9297,0.7924,3.0,20.0,1.0,-0.040721938,-0.07550141,0.51965445,0.51965445,0.040657513,0.07556584,-0.040721938,-0.07550141,0.51965445,0.51965445,0.040657513,0.07556584
129.508,2.9990,19.9297,0.7920,3.0,20.0,1.0,-0.040720616,-0.07573202,0.52307,0.52307,0.04065657,0.07579607,-0.040720616,-0.07573202,0.52307,0.52307,0.04065657,0.07579607
129.558,2.9990,19.9297,0.7918,3.0,20.0,1.0,-0.04083773,-0.075834654,0.5241785,0.5241785,0.040772952,0.07589944,-0.04083773,-0.075834654,0.5241785,0.5241785,0.040772952,0.07589944
129.609,2.9990,19.9297,0.7924,3.0,20.0,1.0,-0.03893453,-0.0738829,0.5004148,0.5004148,0.038879253,0.073938176,-0.03893453,-0.0738829,0.5004148,0.5004148,0.038879253,0.073938176
129.658,2.9990,19.9296,0.7928,3.0,20.0,1.0,-0.03937178,-0.07373757,0.49524033,0.49524033,0.039332107,0.07377724,-0.03937178,-0.07373757,0.49524033,0.49524033,0.039332107,0.07377724
129.708,2.9990,19.9296,0.7935,3.0,20.0,1.0,-0.039422315,-0.07382396,0.49695247,0.49695247,0.03937743,0.07386884,-0.039422315,-0.07382396,0.49695247,0.49695247,0.03937743,0.07386884
129.759,2.9990,19.9296,0.7940,3.0,20.0,1.0,-0.039762758,-0.07381208,0.49436817,0.49436817,0.03973328,0.07384156,-0.039762758,-0.07381208,0.49436817,0.49436817,0.03973328,0.07384156
129.808,2.9990,19.9296,0.7943,3.0,20.0,1.0,-0.039832734,-0.07391259,0.49579918,0.49579918,0.03980429,0.07394104,-0.039832734,-0.07391259,0.49579918,0.49579918,0.03980429,0.07394104
129.859,2.9990,19.9296,0.7945,3.0,20.0,1.0,-0.039858844,-0.074058354,0.498165,0.498165,0.039826635,0.07409056,-0.039858844,-0.074058354,0.498165,0.498165,0.039826635,0.07409056
129.909,2.9990,19.9296,0.7947,3.0,20.0,1.0,-0.040008597,-0.07411869,0.4986404,0.4986404,0.03998263,0.074144654,-0.040008597,-0.07411869,0.4986404,0.4986404,0.03998263,0.074144654
129.960,2.9990,19.9296,0.7948,3.0,20.0,1.0,-0.040133443,-0.07424802,0.5005672,0.5005672,0.04011059,0.074270874,-0.040133443,-0.07424802,0.5005672,0.5005672,0.04011059,0.074270874
130.009,2.9990,19.9296,0.7947,3.0,20.0,1.0,-0.040175,-0.07433478,0.5018879,0.5018879,0.040151246,0.07435853,-0.040175,-0.07433478,0.5018879,0.5018879,0.040151246,0.07435853
130.058,2.9990,19.9296,0.7947,3.0,20.0,1.0,-0.04024603,-0.074465565,0.5036691,0.5036691,0.040220454,0.074491136,-0.04024603,-0.074465565,0.5036691,0.5036691,0.040220454,0.074491136
130.109,2.9990,19.9296,0.7946,3.0,20.0,1.0,-0.04032323,-0.07457317,0.5055809,0.5055809,0.040301245,0.07459515,-0.04032323,-0.07457317,0.5055809,0.5055809,0.040301245,0.07459515
130.160,2.9990,19.9296,0.7944,3.0,20.0,1.0,-0.040445395,-0.074736744,0.50759166,0.50759166,0.0404217,0.07476044,-0.040445395,-0.074736744,0.50759166,0.50759166,0.0404217,0.07476044
130.209,2.9990,19.9296,0.7942,3.0,20.0,1.0,-0.04045838,-0.0748355,0.5096337,0.5096337,0.04043732,0.074856564,-0.04045838,-0.0748355,0.5096337,0.5096337,0.04043732,0.074856564
130.259,2.9990,19.9296,0.7938,3.0,20.0,1.0,-0.040557217,-0.07495715,0.5110577,0.5110577,0.040534835,0.07497952,-0.040557217,-0.07495715,0.5110577,0.5110577,0.040534835,0.07497952
130.309,2.9990,19.9296,0.7936,3.0,20.0,1.0,-0.040585358,-0.07512312,0.5139596,0.5139596,0.0405646,0.07514387,-0.040585358,-0.07512312,0.5139596,0.5139596,0.0405646,0.07514387
130.359,2.9990,19.9296,0.7934,3.0,20.0,1.0,-0.04069119,-0.0752374,0.5152412,0.5152412,0.04066944,0.07525915,-0.04069119,-0.0752374,0.5152412,0.5152412,0.04066944,0.07525915
130.409,2.9990,19.9296,0.7929,3.0,20.0,1.0,-0.04079306,-0.07535044,0.5166116,0.5166116,0.040770974,0.075372525,-0.04079306,-0.07535044,0.5166116,0.5166116,0.040770974,0.075372525
130.458,2.9990,19.9296,0.7926,3.0,20.0,1.0,-0.04074592,-0.07560902,0.5209853,0.5209853,0.040725026,0.07562992,-0.04074592,-0.07560902,0.5209853,0.5209853,0.040725026,0.07562992
130.509,2.9989,19.9296,0.7921,3.0,20.0,1.0,-0.04092179,-0.07565519,0.5209611,0.5209611,0.040899735,0.075677246,-0.04092179,-0.07565519,0.5209611,0.5209611,0.040899735,0.075677246
130.559,2.9989,19.9296,0.7918,3.0,20.0,1.0,-0.04084661,-0.07596907,0.52570325,0.52570325,0.040824566,0.07599112,-0.04084661,-0.07596907,0.52570325,0.52570325,0.040824566,0.07599112
130.609,2.9989,19.9296,0.7924,3.0,20.0,1.0,-0.07795519,-0.1693573,1.0,1.0,0.07790859,0.1694039,-0.07795519,-0.1693573,1.0,1.0,0.07790859,0.1694039
130.659,2.9989,19.9296,0.7931,3.0,20.0,1.0,-0.039445933,-0.073801704,0.4961482,0.4961482,0.039441504,0.07380614,-0.039445933,-0.073801704,0.4961482,0.4961482,0.039441504,0.07380614
130.708,2.9989,19.9295,0.7935,3.0,20.0,1.0,-0.039708946,-0.073769614,0.49386925,0.49386925,0.039715983,0.07376258,-0.039708946,-0.073769614,0.49386925,0.49386925,0.039715983,0.07376258
130.759,2.9989,19.9295,0.7940,3.0,20.0,1.0,-0.03971582,-0.07392548,0.49655113,0.49655113,0.039718557,0.073922746,-0.03971582,-0.07392548,0.49655113,0.49655113,0.039718557,0.073922746
130.809,2.9989,19.9295,0.7943,3.0,20.0,1.0,-0.039927073,-0.07394932,0.49576885,0.49576885,0.039938852,0.07393754,-0.039927073,-0.07394932,0.49576885,0.49576885,0.039938852,0.07393754
130.859,2.9989,19.9295,0.7945,3.0,20.0,1.0,-0.039949354,-0.07409656,0.49818698,0.49818698,0.03995733,0.07408859,-0.039949354,-0.07409656,0.49818698,0.49818698,0.03995733,0.07408859
130.909,2.9989,19.9295,0.7946,3.0,20.0,1.0,-0.040096913,-0.07415911,0.4987026,0.4987026,0.040110614,0.07414541,-0.040096913,-0.07415911,0.4987026,0.4987026,0.040110614,0.07414541
130.958,2.9989,19.9295,0.7947,3.0,20.0,1.0,-0.040153958,-0.07429728,0.5007272,0.5007272,0.040165205,0.074286036,-0.040153958,-0.07429728,0.5007272,0.5007272,0.040165205,0.074286036
131.009,2.9989,19.9295,0.7947,3.0,20.0,1.0,-0.04026374,-0.07437515,0.50195044,0.50195044,0.040279567,0.07435933,-0.04026374,-0.07437515,0.50195044,0.50195044,0.040279567,0.07435933
131.059,2.9989,19.9295,0.7946,3.0,20.0,1.0,-0.040335484,-0.07450879,0.50374925,0.50374925,0.04034944,0.07449484,-0.040335484,-0.07450879,0.50374925,0.50374925,0.04034944,0.07449484
131.109,2.9989,19.9295,0.7945,3.0,20.0,1.0,-0.040408846,-0.07461492,0.5056663,0.5056663,0.040426075,0.07459769,-0.040408846,-0.07461492,0.5056663,0.5056663,0.040426075,0.07459769
131.158,2.9989,19.9295,0.7943,3.0,20.0,1.0,-0.04049383,-0.074741706,0.5072459,0.5072459,0.04050953,0.07472601,-0.04049383,-0.074741706,0.5072459,0.5072459,0.04050953,0.07472601
131.210,2.9989,19.9295,0.7941,3.0,20.0,1.0,-0.040577,-0.07491257,0.5101099,0.5101099,0.040594697,0.074894875,-0.040577,-0.07491257,0.5101099,0.5101099,0.040594697,0.074894875
131.259,2.9989,19.9295,0.7938,3.0,20.0,1.0,-0.040640004,-0.07499939,0.51113844,0.51113844,0.040656593,0.07498281,-0.040640004,-0.07499939,0.51113844,0.51113844,0.040656593,0.07498281
131.308,2.9989,19.9296,0.7935,3.0,20.0,1.0,-0.04066845,-0.07516632,0.5140285,0.5140285,0.040686104,0.07514867,-0.04066845,-0.07516632,0.5140285,0.5140285,0.040686104,0.07514867
131.359,2.9989,19.9296,0.7933,3.0,20.0,1.0,-0.04077513,-0.075281315,0.5153213,0.5153213,0.040791962,0.07526448,-0.04077513,-0.075281315,0.5153213,0.5153213,0.040791962,0.07526448
131.409,2.9989,19.9296,0.7928,3.0,20.0,1.0,-0.040876202,-0.07539472,0.51670116,0.51670116,0.040892765,0.07537816,-0.040876202,-0.07539472,0.51670116,0.51670116,0.040892765,0.07537816
131.459,2.9989,19.9296,0.7926,3.0,20.0,1.0,-0.0408252,-0.07565523,0.5210875,0.5210875,0.040842094,0.07563834,-0.0408252,-0.07565523,0.5210875,0.5210875,0.040842094,0.07563834
131.509,2.9989,19.9295,0.7920,3.0,20.0,1.0,-0.04100354,-0.07570023,0.52105075,0.52105075,0.04101978,0.07568399,-0.04100354,-0.07570023,0.52105075,0.52105075,0.04101978,0.07568399
131.559,2.9989,19.9295,0.7918,3.0,20.0,1.0,-0.040925186,-0.07601603,0.5257994,0.5257994,0.04094053,0.07600068,-0.040925186,-0.07601603,0.5257994,0.5257994,0.04094053,0.07600068
131.609,2.9989,19.9295,0.7923,3.0,20.0,1.0,-0.078133434,-0.16933376,1.0,1.0,0.07816772,0.16929947,-0.078133434,-0.16933376,1.0,1.0,0.07816772,0.16929947
131.659,2.9989,19.9295,0.7931,3.0,20.0,1.0,-0.039529175,-0.07383543,0.49540547,0.49540547,0.039564647,0.07379996,-0.039529175,-0.07383543,0.49540547,0.49540547,0.039564647,0.07379996
131.709,2.9989,19.9294,0.7937,3.0,20.0,1.0,-0.03979894,-0.073863946,0.4944656,0.4944656,0.039840408,0.073822476,-0.03979894,-0.073863946,0.4944656,0.4944656,0.039840408,0.073822476
131.759,2.9989,19.9294,0.7940,3.0,20.0,1.0,-0.039783433,-0.07397149,0.4964747,0.4964747,0.039821625,0.073933296,-0.039783433,-0.07397149,0.4964747,0.4964747,0.039821625,0.073933296
131.809,2.9989,19.9294,0.7942,3.0,20.0,1.0,-0.03997466,-0.07401974,0.49610335,0.49610335,0.04001976,0.07397463,-0.03997466,-0.07401974,0.49610335,0.49610335,0.04001976,0.07397463
131.859,2.9989,19.9294,0.7945,3.0,20.0,1.0,-0.040013175,-0.074156925,0.49830863,0.49830863,0.040055603,0.0741145,-0.040013175,-0.074156925,0.49830863,0.49830863,0.040055603,0.0741145
131.909,2.9989,19.9294,0.7946,3.0,20.0,1.0,-0.040156435,-0.07422299,0.49881458,0.49881458,0.040203884,0.07417554,-0.040156435,-0.07422299,0.49881458,0.49881458,0.040203884,0.07417554
131.959,2.9989,19.9294,0.7947,3.0,20.0,1.0,-0.040214162,-0.07435657,0.5008016,0.5008016,0.04025948,0.07431126,-0.040214162,-0.07435657,0.5008016,0.5008016,0.04025948,0.07431126
132.009,2.9989,19.9294,0.7947,3.0,20.0,1.0,-0.040319912,-0.07444196,0.5020676,0.5020676,0.04036882,0.07439306,-0.040319912,-0.07444196,0.5020676,0.5020676,0.04036882,0.07439306
132.059,2.9989,19.9294,0.7946,3.0,20.0,1.0,-0.040394593,-0.074573606,0.50386065,0.50386065,0.040441953,0.07452624,-0.040394593,-0.074573606,0.50386065,0.50386065,0.040441953,0.07452624
132.109,2.9989,19.9295,0.7945,3.0,20.0,1.0,-0.04046426,-0.07468217,0.5057698,0.5057698,0.04051415,0.07463228,-0.04046426,-0.07468217,0.5057698,0.5057698,0.04051415,0.07463228
132.159,2.9989,19.9295,0.7943,3.0,20.0,1.0,-0.040555317,-0.074810944,0.50736874,0.50736874,0.040603817,0.07476244,-0.040555317,-0.074810944,0.50736874,0.50736874,0.040603817,0.07476244
132.212,2.9989,19.9295,0.7941,3.0,20.0,1.0,-0.04063125,-0.074980155,0.51019984,0.51019984,0.040681116,0.07493029,-0.04063125,-0.074980155,0.51019984,0.51019984,0.040681116,0.07493029
132.259,2.9989,19.9295,0.7938,3.0,20.0,1.0,-0.040737655,-0.07510373,0.51163614,0.51163614,0.04078656,0.075054824,-0.040737655,-0.07510373,0.51163614,0.51163614,0.04078656,0.075054824
132.309,2.9989,19.9295,0.7935,3.0,20.0,1.0,-0.040721837,-0.075235225,0.5141261,0.5141261,0.04077115,0.07518592,-0.040721837,-0.075235225,0.5141261,0.5141261,0.04077115,0.07518592
132.358,2.9989,19.9295,0.7933,3.0,20.0,1.0,-0.04083776,-0.0753511,0.5154037,0.5154037,0.04088643,0.07530243,-0.04083776,-0.0753511,0.5154037,0.5154037,0.04088643,0.07530243
132.409,2.9989,19.9295,0.7928,3.0,20.0,1.0,-0.040927585,-0.07546532,0.5168541,0.5168541,0.040976055,0.07541685,-0.040927585,-0.07546532,0.5168541,0.5168541,0.040976055,0.07541685
132.458,2.9989,19.9295,0.7926,3.0,20.0,1.0,-0.040875904,-0.0757249,0.5211676,0.5211676,0.040923554,0.075677246,-0.040875904,-0.0757249,0.5211676,0.5211676,0.040923554,0.075677246
132.508,2.9989,19.9295,0.7920,3.0,20.0,1.0,-0.041057568,-0.075768426,0.52112794,0.52112794,0.04110521,0.07572079,-0.041057568,-0.075768426,0.52112794,0.52112794,0.04110521,0.07572079
132.559,2.9989,19.9295,0.7916,3.0,20.0,1.0,-0.040977404,-0.07608521,0.5258554,0.5258554,0.04102304,0.076039575,-0.040977404,-0.07608521,0.5258554,0.5258554,0.04102304,0.076039575
132.609,2.9989,19.9294,0.7921,3.0,20.0,1.0,-0.078194596,-0.16958089,1.0,1.0,0.07829624,0.16947925,-0.078194596,-0.16958089,1.0,1.0,0.07829624,0.16947925
132.659,2.9989,19.9294,0.7928,3.0,20.0,1.0,-0.03948997,-0.07391628,0.49682572,0.49682572,0.039548717,0.07385753,-0.03948997,-0.07391628,0.49682572,0.49682572,0.039548717,0.07385753
132.708,2.9989,19.9294,0.7933,3.0,20.0,1.0,-0.039817892,-0.07390327,0.4942765,0.4942765,0.039887816,0.07383335,-0.039817892,-0.07390327,0.4942765,0.4942765,0.039887816,0.07383335
132.760,2.9989,19.9294,0.7938,3.0,20.0,1.0,-0.040014204,-0.074002415,0.49474892,0.49474892,0.04008901,0.0739276,-0.040014204,-0.074002415,0.49474892,0.49474892,0.04008901,0.0739276
132.809,2.9989,19.9294,0.7941,3.0,20.0,1.0,-0.04003271,-0.07409104,0.4962264,0.4962264,0.04010594,0.074017815,-0.04003271,-0.07409104,0.4962264,0.4962264,0.04010594,0.074017815
132.859,2.9989,19.9294,0.7944,3.0,20.0,1.0,-0.04006662,-0.07423416,0.49854615,0.49854615,0.040137004,0.074163765,-0.04006662,-0.07423416,0.49854615,0.49854615,0.040137004,0.074163765
132.909,2.9989,19.9294,0.7945,3.0,20.0,1.0,-0.040220123,-0.074291304,0.49881166,0.49881166,0.0402954,0.07421602,-0.040220123,-0.074291304,0.49881166,0.49881166,0.0402954,0.07421602
132.958,2.9989,19.9294,0.7946,3.0,20.0,1.0,-0.040271685,-0.07442783,0.50086117,0.50086117,0.040344715,0.0743548,-0.040271685,-0.07442783,0.50086117,0.50086117,0.040344715,0.0743548
133.009,2.9989,19.9294,0.7946,3.0,20.0,1.0,-0.040382594,-0.07451014,0.50201935,0.50201935,0.04045857,0.07443416,-0.040382594,-0.07451014,0.50201935,0.50201935,0.04045857,0.07443416
133.059,2.9989,19.9294,0.7946,3.0,20.0,1.0,-0.04045386,-0.07464025,0.5038206,0.5038206,0.040528443,0.074565664,-0.04045386,-0.07464025,0.5038206,0.5038206,0.040528443,0.074565664
133.109,2.9989,19.9294,0.7945,3.0,20.0,1.0,-0.04053004,-0.07474719,0.50564003,0.50564003,0.040606406,0.07467082,-0.04053004,-0.07474719,0.50564003,0.50564003,0.040606406,0.07467082
133.158,2.9989,19.9294,0.7943,3.0,20.0,1.0,-0.04061412,-0.0748734,0.507253,0.507253,0.040689383,0.07479814,-0.04061412,-0.0748734,0.507253,0.507253,0.040689383,0.07479814
133.208,2.9989,19.9294,0.7941,3.0,20.0,1.0,-0.04066373,-0.07500779,0.5096185,0.5096185,0.040739615,0.074931905,-0.04066373,-0.07500779,0.5096185,0.5096185,0.040739615,0.074931905
133.260,2.9989,19.9294,0.7938,3.0,20.0,1.0,-0.040796842,-0.07516506,0.5114934,0.5114934,0.040872004,0.0750899,-0.040796842,-0.07516506,0.5114934,0.5114934,0.040872004,0.0750899
133.308,2.9989,19.9294,0.7936,3.0,20.0,1.0,-0.040859938,-0.07524328,0.5124808,0.5124808,0.040934853,0.075168364,-0.040859938,-0.07524328,0.5124808,0.5124808,0.040934853,0.075168364
133.359,2.9989,19.9294,0.7934,3.0,20.0,1.0,-0.040838007,-0.07544661,0.5162313,0.5162313,0.04091231,0.07537231,-0.040838007,-0.07544661,0.5162313,0.5162313,0.04091231,0.07537231
133.409,2.9989,19.9294,0.7929,3.0,20.0,1.0,-0.04099624,-0.075520694,0.5165621,0.5165621,0.041070443,0.07544649,-0.04099624,-0.075520694,0.5165621,0.5165621,0.041070443,0.07544649
133.459,2.9989,19.9294,0.7927,3.0,20.0,1.0,-0.04094532,-0.07577487,0.52081984,0.52081984,0.04101767,0.075702526,-0.04094532,-0.07577487,0.52081984,0.52081984,0.04101767,0.075702526
133.509,2.9989,19.9294,0.7921,3.0,20.0,1.0,-0.04112301,-0.07582329,0.52085644,0.52085644,0.04119592,0.07575038,-0.04112301,-0.07582329,0.52085644,0.52085644,0.04119592,0.07575038
133.559,2.9989,19.9294,0.7919,3.0,20.0,1.0,-0.04104718,-0.07613024,0.52547365,0.52547365,0.04111712,0.076060295,-0.04104718,-0.07613024,0.52547365,0.52547365,0.04111712,0.076060295
133.608,2.9989,19.9294,0.7925,3.0,20.0,1.0,-0.07850147,-0.16970451,1.0,1.0,0.07865788,0.16954811,-0.07850147,-0.16970451,1.0,1.0,0.07865788,0.16954811
133.659,2.9989,19.9293,0.7934,3.0,20.0,1.0,-0.039636124,-0.07390859,0.49502873,0.49502873,0.039720986,0.07382373,-0.039636124,-0.07390859,0.49502873,0.49502873,0.039720986,0.07382373
133.709,2.9989,19.9293,0.7940,3.0,20.0,1.0,-0.0399735,-0.07387775,0.49181414,0.49181414,0.04006952,0.07378173,-0.0399735,-0.07387775,0.49181414,0.49181414,0.04006952,0.07378173
133.759,2.9989,19.9293,0.7947,3.0,20.0,1.0,-0.040171675,-0.073956504,0.49185818,0.49185818,0.0402726,0.07385558,-0.040171675,-0.073956504,0.49185818,0.49185818,0.0402726,0.07385558
133.808,2.9989,19.9293,0.7950,3.0,20.0,1.0,-0.04019003,-0.07404548,0.4933841,0.4933841,0.04028957,0.07394594,-0.04019003,-0.07404548,0.4933841,0.4933841,0.04028957,0.07394594
133.859,2.9989,19.9293,0.7955,3.0,20.0,1.0,-0.040216062,-0.074190676,0.49580505,0.49580505,0.04031295,0.07409379,-0.040216062,-0.074190676,0.49580505,0.49580505,0.04031295,0.07409379
133.909,2.9989,19.9293,0.7957,3.0,20.0,1.0,-0.04038037,-0.07422317,0.49565727,0.49565727,0.040482346,0.074121185,-0.04038037,-0.07422317,0.49565727,0.49565727,0.040482346,0.074121185
133.959,2.9989,19.9293,0.7959,3.0,20.0,1.0,-0.040428583,-0.074363545,0.49780452,0.49780452,0.040528562,0.074263565,-0.040428583,-0.074363545,0.49780452,0.49780452,0.040528562,0.074263565
134.009,2.9989,19.9293,0.7960,3.0,20.0,1.0,-0.04055226,-0.07441286,0.49853724,0.49853724,0.04065606,0.07430906,-0.04055226,-0.07441286,0.49853724,0.49853724,0.04065606,0.07430906
134.059,2.9989,19.9293,0.7960,3.0,20.0,1.0,-0.040618546,-0.07455007,0.500469,0.500469,0.040721234,0.07444738,-0.040618546,-0.07455007,0.500469,0.500469,0.040721234,0.07444738
134.109,2.9989,19.9293,0.7960,3.0,20.0,1.0,-0.04070418,-0.0746247,0.50194526,0.50194526,0.04080996,0.07451892,-0.04070418,-0.0746247,0.50194526,0.50194526,0.04080996,0.07451892
134.159,2.9989,19.9293,0.7959,3.0,20.0,1.0,-0.040781338,-0.07475844,0.50366145,0.50366145,0.04088601,0.07465377,-0.040781338,-0.07475844,0.50366145,0.50366145,0.04088601,0.07465377
134.209,2.9989,19.9294,0.7957,3.0,20.0,1.0,-0.04087465,-0.07487516,0.5051204,0.5051204,0.040979132,0.07477068,-0.04087465,-0.07487516,0.5051204,0.5051204,0.040979132,0.07477068
134.260,2.9989,19.9294,0.7954,3.0,20.0,1.0,-0.040962093,-0.07502404,0.50770825,0.50770825,0.04106794,0.074918196,-0.040962093,-0.07502404,0.50770825,0.50770825,0.04106794,0.074918196
134.308,2.9989,19.9294,0.7952,3.0,20.0,1.0,-0.041026436,-0.075106695,0.5087342,0.5087342,0.041132092,0.07500104,-0.041026436,-0.075106695,0.5087342,0.5087342,0.041132092,0.07500104
134.358,2.9989,19.9294,0.7950,3.0,20.0,1.0,-0.041015543,-0.07526311,0.51220155,0.51220155,0.04112273,0.07515593,-0.041015543,-0.07526311,0.51220155,0.51220155,0.04112273,0.07515593
134.409,2.9989,19.9294,0.7946,3.0,20.0,1.0,-0.041166298,-0.07536322,0.5127056,0.5127056,0.041272476,0.07525705,-0.041166298,-0.07536322,0.5127056,0.5127056,0.041272476,0.07525705
134.459,2.9989,19.9294,0.7941,3.0,20.0,1.0,-0.0411248,-0.075572796,0.51680773,0.51680773,0.041231297,0.075466305,-0.0411248,-0.075572796,0.51680773,0.51680773,0.041231297,0.075466305
134.508,2.9989,19.9294,0.7938,3.0,20.0,1.0,-0.041193984,-0.07573206,0.5189085,0.5189085,0.041299786,0.075626254,-0.041193984,-0.07573206,0.5189085,0.5189085,0.041299786,0.075626254
134.558,2.9989,19.9294,0.7935,3.0,20.0,1.0,-0.04131483,-0.07584161,0.5200263,0.5200263,0.04142038,0.07573606,-0.04131483,-0.07584161,0.5200263,0.5200263,0.04142038,0.07573606
134.609,2.9989,19.9294,0.7939,3.0,20.0,1.0,-0.07949919,-0.1705591,1.0,1.0,0.079727486,0.17033081,-0.07949919,-0.1705591,1.0,1.0,0.079727486,0.17033081
134.659,2.9989,19.9294,0.7947,3.0,20.0,1.0,-0.0397482,-0.073734224,0.49269488,0.49269488,0.039865278,0.07361715,-0.0397482,-0.073734224,0.49269488,0.49269488,0.039865278,0.07361715
134.709,2.9989,19.9293,0.7951,3.0,20.0,1.0,-0.040089667,-0.07368795,0.4901035,0.4901035,0.040219136,0.07355849,-0.040089667,-0.07368795,0.4901035,0.4901035,0.040219136,0.07355849
134.758,2.9989,19.9293,0.7957,3.0,20.0,1.0,-0.0400939,-0.073853694,0.4928225,0.4928225,0.04021953,0.07372806,-0.0400939,-0.073853694,0.4928225,0.4928225,0.04021953,0.07372806
134.810,2.9989,19.9293,0.7959,3.0,20.0,1.0,-0.040350642,-0.07388942,0.4924267,0.4924267,0.040484913,0.073755145,-0.040350642,-0.07388942,0.4924267,0.4924267,0.040484913,0.073755145
134.859,2.9989,19.9293,0.7962,3.0,20.0,1.0,-0.04033972,-0.07400872,0.49437293,0.49437293,0.040470857,0.07387758,-0.04033972,-0.07400872,0.49437293,0.49437293,0.040470857,0.07387758
134.909,2.9989,19.9293,0.7963,3.0,20.0,1.0,-0.04050121,-0.07404811,0.4948408,0.4948408,0.04063808,0.073911235,-0.04050121,-0.07404811,0.4948408,0.4948408,0.04063808,0.073911235
134.959,2.9989,19.9293,0.7964,3.0,20.0,1.0,-0.040551968,-0.074190624,0.4968546,0.4968546,0.040686753,0.074055836,-0.040551968,-0.074190624,0.4968546,0.4968546,0.040686753,0.074055836
135.009,2.9989,19.9293,0.7964,3.0,20.0,1.0,-0.04067493,-0.074252,0.49814326,0.49814326,0.040814225,0.074112706,-0.04067493,-0.074252,0.49814326,0.49814326,0.040814225,0.074112706
135.058,2.9989,19.9293,0.7964,3.0,20.0,1.0,-0.04074071,-0.07439127,0.49994376,0.49994376,0.040878642,0.07425334,-0.04074071,-0.07439127,0.49994376,0.49994376,0.040878642,0.07425334
135.109,2.9989,19.9293,0.7962,3.0,20.0,1.0,-0.04083008,-0.07450986,0.5014238,0.5014238,0.04096778,0.074372165,-0.04083008,-0.07450986,0.5014238,0.5014238,0.04096778,0.074372165
135.158,2.9989,19.9294,0.7961,3.0,20.0,1.0,-0.040902305,-0.07459706,0.5039033,0.5039033,0.041044783,0.07445458,-0.040902305,-0.07459706,0.5039033,0.5039033,0.041044783,0.07445458
135.209,2.9989,19.9294,0.7958,3.0,20.0,1.0,-0.040999327,-0.074734725,0.50497526,0.50497526,0.041139048,0.074595004,-0.040999327,-0.074734725,0.50497526,0.50497526,0.041139048,0.074595004
135.259,2.9989,19.9294,0.7954,3.0,20.0,1.0,-0.041024104,-0.07487232,0.508355,0.508355,0.04116674,0.07472968,-0.041024104,-0.07487232,0.508355,0.508355,0.04116674,0.07472968
135.310,2.9989,19.9294,0.7949,3.0,20.0,1.0,-0.041122403,-0.07505875,0.5109426,0.5109426,0.0412644,0.07491676,-0.041122403,-0.07505875,0.5109426,0.5109426,0.0412644,0.07491676
135.360,2.9989,19.9294,0.7947,3.0,20.0,1.0,-0.041143365,-0.075243615,0.5141482,0.5141482,0.04128513,0.07510185,-0.041143365,-0.075243615,0.5141482,0.5141482,0.04128513,0.07510185
135.408,2.9989,19.9294,0.7943,3.0,20.0,1.0,-0.041202847,-0.07533724,0.51527286,0.51527286,0.041344173,0.07519591,-0.041202847,-0.07533724,0.51527286,0.51527286,0.041344173,0.07519591
135.458,2.9989,19.9294,0.7938,3.0,20.0,1.0,-0.041318074,-0.07544798,0.5163621,0.5163621,0.04145898,0.07530707,-0.041318074,-0.07544798,0.5163621,0.5163621,0.04145898,0.07530707
135.509,2.9989,19.9294,0.7935,3.0,20.0,1.0,-0.041314065,-0.0756751,0.5200331,0.5200331,0.0414541,0.07553507,-0.041314065,-0.0756751,0.5200331,0.5200331,0.0414541,0.07553507
135.558,2.9989,19.9294,0.7932,3.0,20.0,1.0,-0.041439123,-0.07577932,0.5210369,0.5210369,0.041578952,0.075639494,-0.041439123,-0.07577932,0.5210369,0.5210369,0.041578952,0.075639494
135.609,2.9989,19.9293,0.7937,3.0,20.0,1.0,-0.07977639,-0.1700805,1.0,1.0,0.080079466,0.16977742,-0.07977639,-0.1700805,1.0,1.0,0.080079466,0.16977742
135.658,2.9989,19.9293,0.7944,3.0,20.0,1.0,-0.039908547,-0.07366144,0.49305576,0.49305576,0.040059276,0.073510714,-0.039908547,-0.07366144,0.49305576,0.49305576,0.040059276,0.073510714
135.709,2.9989,19.9293,0.7948,3.0,20.0,1.0,-0.040182643,-0.073679924,0.49143705,0.49143705,0.040342472,0.073520094,-0.040182643,-0.073679924,0.49143705,0.49143705,0.040342472,0.073520094
135.759,2.9989,19.9293,0.7952,3.0,20.0,1.0,-0.040198993,-0.07382381,0.493818,0.493818,0.040355835,0.07366697,-0.040198993,-0.07382381,0.493818,0.493818,0.040355835,0.07366697
135.809,2.9989,19.9293,0.7954,3.0,20.0,1.0,-0.040386915,-0.07387611,0.4936708,0.4936708,0.040549602,0.07371342,-0.040386915,-0.07387611,0.4936708,0.4936708,0.040549602,0.07371342
135.859,2.9989,19.9293,0.7956,3.0,20.0,1.0,-0.040459376,-0.07404954,0.49624106,0.49624106,0.040619787,0.07388913,-0.040459376,-0.07404954,0.49624106,0.49624106,0.040619787,0.07388913
135.909,2.9989,19.9293,0.7957,3.0,20.0,1.0,-0.040565744,-0.07408526,0.49655408,0.49655408,0.040730044,0.07392096,-0.040565744,-0.07408526,0.49655408,0.49655408,0.040730044,0.07392096
135.958,2.9989,19.9293,0.7957,3.0,20.0,1.0,-0.040621888,-0.07422048,0.49851653,0.49851653,0.04078432,0.07405804,-0.040621888,-0.07422048,0.49851653,0.49851653,0.04078432,0.07405804
136.009,2.9989,19.9293,0.7957,3.0,20.0,1.0,-0.040710066,-0.074337296,0.5000258,0.5000258,0.040872157,0.0741752,-0.040710066,-0.074337296,0.5000258,0.5000258,0.040872157,0.0741752
136.059,2.9989,19.9293,0.7956,3.0,20.0,1.0,-0.04080419,-0.07442503,0.501761,0.501761,0.04096954,0.074259676,-0.04080419,-0.07442503,0.501761,0.501761,0.04096954,0.074259676
136.109,2.9989,19.9293,0.7954,3.0,20.0,1.0,-0.040887393,-0.07455956,0.5032292,0.5032292,0.04105059,0.074396364,-0.040887393,-0.07455956,0.5032292,0.5032292,0.04105059,0.074396364
136.158,2.9989,19.9293,0.7953,3.0,20.0,1.0,-0.04092744,-0.0746909,0.50598156,0.50598156,0.04109162,0.07452671,-0.04092744,-0.0746909,0.50598156,0.50598156,0.04109162,0.07452671
136.209,2.9989,19.9293,0.7949,3.0,20.0,1.0,-0.041044794,-0.074802905,0.50689983,0.50689983,0.041208044,0.074639656,-0.041044794,-0.074802905,0.50689983,0.50689983,0.041208044,0.074639656
136.259,2.9989,19.9293,0.7945,3.0,20.0,1.0,-0.041041367,-0.074981295,0.51048726,0.51048726,0.041203722,0.07481894,-0.041041367,-0.074981295,0.51048726,0.51048726,0.041203722,0.07481894
136.309,2.9989,19.9293,0.7942,3.0,20.0,1.0,-0.041103512,-0.07513383,0.5126732,0.5126732,0.041264642,0.0749727,-0.041103512,-0.07513383,0.5126732,0.5126732,0.041264642,0.0749727
136.360,2.9989,19.9293,0.7938,3.0,20.0,1.0,-0.04114598,-0.07536913,0.5163109,0.5163109,0.041304994,0.07521011,-0.04114598,-0.07536913,0.5163109,0.5163109,0.041304994,0.07521011
136.408,2.9989,19.9293,0.7934,3.0,20.0,1.0,-0.041209623,-0.07545808,0.5173702,0.5173702,0.04136827,0.075299434,-0.041209623,-0.07545808,0.5173702,0.5173702,0.04136827,0.075299434
136.459,2.9989,19.9293,0.7929,3.0,20.0,1.0,-0.041330174,-0.07556413,0.5184748,0.5184748,0.041488916,0.07540539,-0.041330174,-0.07556413,0.5184748,0.5184748,0.041488916,0.07540539
136.509,2.9989,19.9293,0.7925,3.0,20.0,1.0,-0.041304212,-0.075813,0.52223444,0.52223444,0.041459702,0.07565751,-0.041304212,-0.075813,0.52223444,0.52223444,0.041459702,0.07565751
136.558,2.9989,19.9293,0.7923,3.0,20.0,1.0,-0.041431595,-0.07590846,0.52320254,0.52320254,0.041587394,0.07575267,-0.041431595,-0.07590846,0.52320254,0.52320254,0.041587394,0.07575267
136.609,2.9989,19.9293,0.7928,3.0,20.0,1.0,-0.07942363,-0.16957803,1.0,1.0,0.07976085,0.16924082,-0.07942363,-0.16957803,1.0,1.0,0.07976085,0.16924082
136.659,2.9989,19.9292,0.7935,3.0,20.0,1.0,-0.039888162,-0.073805526,0.49511284,0.49511284,0.040051673,0.07364202,-0.039888162,-0.073805526,0.49511284,0.49511284,0.040051673,0.07364202
136.708,2.9989,19.9292,0.7938,3.0,20.0,1.0,-0.040143345,-0.07384257,0.49350306,0.49350306,0.040313475,0.073672436,-0.040143345,-0.07384257,0.49350306,0.49350306,0.040313475,0.073672436
136.759,2.9989,19.9292,0.7943,3.0,20.0,1.0,-0.04016676,-0.07397971,0.49588117,0.49588117,0.040334433,0.073812045,-0.04016676,-0.07397971,0.49588117,0.49588117,0.040334433,0.073812045
136.809,2.9989,19.9292,0.7945,3.0,20.0,1.0,-0.040340077,-0.07404501,0.49566427,0.49566427,0.04051139,0.07387369,-0.040340077,-0.07404501,0.49566427,0.49566427,0.04051139,0.07387369
136.858,2.9989,19.9292,0.7946,3.0,20.0,1.0,-0.04038336,-0.0741784,0.49784383,0.49784383,0.040552787,0.07400898,-0.04038336,-0.0741784,0.49784383,0.49784383,0.040552787,0.07400898
136.910,2.9989,19.9292,0.7948,3.0,20.0,1.0,-0.04054263,-0.074295096,0.4989147,0.4989147,0.040713888,0.07412384,-0.04054263,-0.074295096,0.4989147,0.4989147,0.040713888,0.07412384
136.959,2.9989,19.9292,0.7949,3.0,20.0,1.0,-0.04060542,-0.07436777,0.49987224,0.49987224,0.040776823,0.07419636,-0.04060542,-0.07436777,0.49987224,0.49987224,0.040776823,0.07419636
137.009,2.9989,19.9292,0.7948,3.0,20.0,1.0,-0.040661633,-0.07450514,0.50196415,0.50196415,0.04083125,0.07433553,-0.040661633,-0.07450514,0.50196415,0.50196415,0.04083125,0.07433553
137.059,2.9989,19.9292,0.7948,3.0,20.0,1.0,-0.040735103,-0.074608184,0.50357044,0.50357044,0.04090474,0.07443855,-0.040735103,-0.074608184,0.50357044,0.50357044,0.04090474,0.07443855
137.109,2.9989,19.9292,0.7946,3.0,20.0,1.0,-0.04083095,-0.07473243,0.50509435,0.50509435,0.041000076,0.0745633,-0.04083095,-0.07473243,0.50509435,0.50509435,0.041000076,0.0745633
137.158,2.9989,19.9292,0.7943,3.0,20.0,1.0,-0.04085667,-0.07487626,0.50768924,0.50768924,0.04102387,0.07470906,-0.04085667,-0.07487626,0.50768924,0.50768924,0.04102387,0.07470906
137.209,2.9989,19.9292,0.7941,3.0,20.0,1.0,-0.040917717,-0.075020336,0.5098441,0.5098441,0.041083492,0.07485456,-0.040917717,-0.075020336,0.5098441,0.5098441,0.041083492,0.07485456
137.259,2.9989,19.9292,0.7938,3.0,20.0,1.0,-0.041017536,-0.07513593,0.51125664,0.51125664,0.041183196,0.074970275,-0.041017536,-0.07513593,0.51125664,0.51125664,0.041183196,0.074970275
137.309,2.9989,19.9292,0.7935,3.0,20.0,1.0,-0.041025475,-0.0753171,0.51425636,0.51425636,0.041188173,0.0751544,-0.041025475,-0.0753171,0.51425636,0.51425636,0.041188173,0.0751544
137.359,2.9988,19.9292,0.7931,3.0,20.0,1.0,-0.041139375,-0.07542623,0.51548755,0.51548755,0.04130233,0.07526327,-0.041139375,-0.07542623,0.51548755,0.51548755,0.04130233,0.07526327
137.410,2.9988,19.9292,0.7928,3.0,20.0,1.0,-0.041164026,-0.07567444,0.5192442,0.5192442,0.04132335,0.07551511,-0.041164026,-0.07567444,0.5192442,0.5192442,0.04132335,0.07551511
137.459,2.9988,19.9292,0.7923,3.0,20.0,1.0,-0.041251764,-0.07574263,0.51995695,0.51995695,0.04141147,0.07558292,-0.041251764,-0.07574263,0.51995695,0.51995695,0.04141147,0.07558292
137.508,2.9988,19.9292,0.7919,3.0,20.0,1.0,-0.041228514,-0.07598802,0.52350354,0.52350354,0.041383874,0.07583266,-0.041228514,-0.07598802,0.52350354,0.52350354,0.041383874,0.07583266
137.559,2.9988,19.9292,0.7917,3.0,20.0,1.0,-0.04136221,-0.07608414,0.5245193,0.5245193,0.041518275,0.07592807,-0.04136221,-0.07608414,0.5245193,0.5245193,0.041518275,0.07592807
137.608,2.9988,19.9292,0.7922,3.0,20.0,1.0,-0.07898019,-0.16957748,1.0,1.0,0.07931762,0.16924004,-0.07898019,-0.16957748,1.0,1.0,0.07931762,0.16924004
137.659,2.9988,19.9292,0.7926,3.0,20.0,1.0,-0.039809648,-0.07397447,0.49628434,0.49628434,0.03997238,0.07381173,-0.039809648,-0.07397447,0.49628434,0.49628434,0.03997238,0.07381173
137.709,2.9988,19.9292,0.7933,3.0,20.0,1.0,-0.03990841,-0.07407636,0.49744272,0.49744272,0.040071446,0.07391333,-0.03990841,-0.07407636,0.49744272,0.49744272,0.040071446,0.07391333
137.759,2.9988,19.9292,0.7936,3.0,20.0,1.0,-0.04021531,-0.074083656,0.49467897,0.49467897,0.04038606,0.07391291,-0.04021531,-0.074083656,0.49467897,0.49467897,0.04038606,0.07391291
137.809,2.9988,19.9291,0.7940,3.0,20.0,1.0,-0.040169027,-0.07425953,0.49847716,0.49847716,0.040335026,0.07409353,-0.040169027,-0.07425953,0.49847716,0.49847716,0.040335026,0.07409353
137.858,2.9988,19.9291,0.7942,3.0,20.0,1.0,-0.040382978,-0.074292794,0.49734384,0.49734384,0.040553365,0.07412241,-0.040382978,-0.074292794,0.49734384,0.49734384,0.040553365,0.07412241
137.909,2.9988,19.9291,0.7944,3.0,20.0,1.0,-0.040393565,-0.07445313,0.5002937,0.5002937,0.040561046,0.07428565,-0.040393565,-0.07445313,0.5002937,0.5002937,0.040561046,0.07428565
137.960,2.9988,19.9291,0.7945,3.0,20.0,1.0,-0.04053721,-0.07458531,0.5017479,0.5017479,0.040705252,0.07441726,-0.04053721,-0.07458531,0.5017479,0.5017479,0.040705252,0.07441726
138.009,2.9988,19.9291,0.7945,3.0,20.0,1.0,-0.040590007,-0.07463956,0.50253123,0.50253123,0.040757935,0.07447163,-0.040590007,-0.07463956,0.50253123,0.50253123,0.040757935,0.07447163
138.058,2.9988,19.9292,0.7944,3.0,20.0,1.0,-0.040673982,-0.0747721,0.50436914,0.50436914,0.04084136,0.07460472,-0.040673982,-0.0747721,0.50436914,0.50436914,0.04084136,0.07460472
138.109,2.9988,19.9292,0.7943,3.0,20.0,1.0,-0.040723953,-0.07488537,0.50627154,0.50627154,0.04089008,0.07471924,-0.040723953,-0.07488537,0.50627154,0.50627154,0.04089008,0.07471924
138.159,2.9988,19.9292,0.7941,3.0,20.0,1.0,-0.04081771,-0.0750071,0.5078251,0.5078251,0.04098363,0.07484118,-0.04081771,-0.0750071,0.5078251,0.5078251,0.04098363,0.07484118
138.209,2.9988,19.9292,0.7939,3.0,20.0,1.0,-0.040851753,-0.07515266,0.51028514,0.51028514,0.04101558,0.074988835,-0.040851753,-0.07515266,0.51028514,0.51028514,0.04101558,0.074988835
138.259,2.9988,19.9292,0.7936,3.0,20.0,1.0,-0.04095446,-0.0752699,0.51170266,0.51170266,0.041118305,0.075106055,-0.04095446,-0.0752699,0.51170266,0.51170266,0.041118305,0.075106055
138.309,2.9988,19.9292,0.7933,3.0,20.0,1.0,-0.040970143,-0.07544399,0.5145864,0.5145864,0.04113116,0.07528297,-0.040970143,-0.07544399,0.5145864,0.5145864,0.04113116,0.07528297
138.359,2.9988,19.9292,0.7929,3.0,20.0,1.0,-0.041080773,-0.07555596,0.5158812,0.5158812,0.041242026,0.075394705,-0.041080773,-0.07555596,0.5158812,0.5158812,0.041242026,0.075394705
138.409,2.9988,19.9292,0.7926,3.0,20.0,1.0,-0.041079156,-0.07576049,0.5190851,0.5190851,0.04123691,0.07560273,-0.041079156,-0.07576049,0.5190851,0.5190851,0.04123691,0.07560273
138.460,2.9988,19.9292,0.7921,3.0,20.0,1.0,-0.04123238,-0.07590007,0.52064365,0.52064365,0.041390676,0.075741775,-0.04123238,-0.07590007,0.52064365,0.52064365,0.041390676,0.075741775
138.510,2.9988,19.9292,0.7918,3.0,20.0,1.0,-0.041216373,-0.076137,0.5240793,0.5240793,0.041370556,0.07598282,-0.041216373,-0.076137,0.5240793,0.5240793,0.041370556,0.07598282
138.558,2.9988,19.9292,0.7916,3.0,20.0,1.0,-0.04130656,-0.07620243,0.5247549,0.5247549,0.04146119,0.0760478,-0.04130656,-0.07620243,0.5247549,0.5247549,0.04146119,0.0760478
138.608,2.9988,19.9292,0.7921,3.0,20.0,1.0,-0.07878929,-0.16975357,1.0,1.0,0.079123646,0.1694192,-0.07878929,-0.16975357,1.0,1.0,0.079123646,0.1694192
138.659,2.9988,19.9291,0.7925,3.0,20.0,1.0,-0.039772213,-0.074078985,0.4963502,0.4963502,0.03993436,0.07391684,-0.039772213,-0.074078985,0.4963502,0.4963502,0.03993436,0.07391684
138.709,2.9988,19.9291,0.7933,3.0,20.0,1.0,-0.039868843,-0.074183166,0.49755442,0.49755442,0.040031236,0.07402077,-0.039868843,-0.074183166,0.49755442,0.49755442,0.040031236,0.07402077
138.758,2.9988,19.9291,0.7935,3.0,20.0,1.0,-0.040192034,-0.07417305,0.49464393,0.49464393,0.04036299,0.074002095,-0.040192034,-0.07417305,0.49464393,0.49464393,0.04036299,0.074002095
138.808,2.9988,19.9291,0.7940,3.0,20.0,1.0,-0.040137257,-0.074358776,0.4985045,0.4985045,0.040303092,0.07419295,-0.040137257,-0.074358776,0.4985045,0.4985045,0.040303092,0.07419295
138.858,2.9988,19.9291,0.7942,3.0,20.0,1.0,-0.040366005,-0.07437668,0.4972578,0.4972578,0.04053705,0.07420563,-0.040366005,-0.07437668,0.4972578,0.4972578,0.04053705,0.07420563
138.908,2.9988,19.9291,0.7944,3.0,20.0,1.0,-0.040368468,-0.074544765,0.5002448,0.5002448,0.040536255,0.07437698,-0.040368468,-0.074544765,0.5002448,0.5002448,0.040536255,0.07437698
138.959,2.9988,19.9291,0.7945,3.0,20.0,1.0,-0.040524736,-0.07460206,0.5005275,0.5005275,0.04069492,0.074431874,-0.040524736,-0.07460206,0.5005275,0.5005275,0.04069492,0.074431874
139.010,2.9988,19.9291,0.7945,3.0,20.0,1.0,-0.04059701,-0.07477635,0.50315267,0.50315267,0.04076559,0.07460777,-0.04059701,-0.07477635,0.50315267,0.50315267,0.04076559,0.07460777
139.060,2.9988,19.9291,0.7944,3.0,20.0,1.0,-0.04067425,-0.07486454,0.5047658,0.5047658,0.04084301,0.07469578,-0.04067425,-0.07486454,0.5047658,0.5047658,0.04084301,0.07469578
139.109,2.9988,19.9291,0.7944,3.0,20.0,1.0,-0.040723305,-0.07495425,0.5060407,0.5060407,0.04089152,0.07478603,-0.040723305,-0.07495425,0.5060407,0.5060407,0.04089152,0.07478603
139.159,2.9988,19.9291,0.7941,3.0,20.0,1.0,-0.040816445,-0.07508248,0.5076555,0.5076555,0.04098431,0.07491461,-0.040816445,-0.07508248,0.5076555,0.5076555,0.04098431,0.07491461
139.209,2.9988,19.9291,0.7940,3.0,20.0,1.0,-0.040852014,-0.07521813,0.5100909,0.5100909,0.04101835,0.0750518,-0.040852014,-0.07521813,0.5100909,0.5100909,0.04101835,0.0750518
139.259,2.9988,19.9291,0.7936,3.0,20.0,1.0,-0.0409546,-0.075337045,0.51148736,0.51148736,0.041120898,0.07517075,-0.0409546,-0.075337045,0.51148736,0.51148736,0.041120898,0.07517075
139.309,2.9988,19.9292,0.7934,3.0,20.0,1.0,-0.040976875,-0.075503886,0.51432884,0.51432884,0.041140944,0.07533982,-0.040976875,-0.075503886,0.51432884,0.51432884,0.041140944,0.07533982
139.358,2.9988,19.9292,0.7930,3.0,20.0,1.0,-0.041096687,-0.07562041,0.51561296,0.51561296,0.041261047,0.07545606,-0.041096687,-0.07562041,0.51561296,0.51561296,0.041261047,0.07545606
139.410,2.9988,19.9292,0.7927,3.0,20.0,1.0,-0.041082293,-0.07582325,0.5189512,0.5189512,0.04124333,0.07566221,-0.041082293,-0.07582325,0.5189512,0.5189512,0.04124333,0.07566221
139.459,2.9988,19.9292,0.7922,3.0,20.0,1.0,-0.04120882,-0.075923644,0.519969,0.519969,0.041370448,0.07576202,-0.04120882,-0.075923644,0.519969,0.519969,0.041370448,0.07576202
139.508,2.9988,19.9292,0.7919,3.0,20.0,1.0,-0.041198112,-0.07615441,0.52338576,0.52338576,0.041356158,0.07599636,-0.041198112,-0.07615441,0.52338576,0.52338576,0.041356158,0.07599636
139.560,2.9988,19.9291,0.7917,3.0,20.0,1.0,-0.07892298,-0.17536981,1.0,1.0,0.07927378,0.17501901,-0.07892298,-0.17536981,1.0,1.0,0.07927378,0.17501901
139.608,2.9988,19.9291,0.7922,3.0,20.0,1.0,-0.07878489,-0.16994481,1.0,1.0,0.07912578,0.16960393,-0.07878489,-0.16994481,1.0,1.0,0.07912578,0.16960393
139.658,2.9988,19.9291,0.7926,3.0,20.0,1.0,-0.039839096,-0.074129574,0.49550486,0.49550486,0.04000772,0.073960945,-0.039839096,-0.074129574,0.49550486,0.49550486,0.04000772,0.073960945
139.709,2.9988,19.9291,0.7934,3.0,20.0,1.0,-0.039889835,-0.07422531,0.4972152,0.4972152,0.04005676,0.07405838,-0.039889835,-0.07422531,0.4972152,0.4972152,0.04005676,0.07405838
139.759,2.9988,19.9291,0.7937,3.0,20.0,1.0,-0.040215053,-0.07421773,0.49466074,0.49466074,0.040390924,0.07404186,-0.040215053,-0.07421773,0.49466074,0.49466074,0.040390924,0.07404186
139.809,2.9988,19.9291,0.7942,3.0,20.0,1.0,-0.040169336,-0.074391976,0.49806935,0.49806935,0.040340427,0.07422088,-0.040169336,-0.074391976,0.49806935,0.49806935,0.040340427,0.07422088
139.859,2.9988,19.9291,0.7943,3.0,20.0,1.0,-0.04040329,-0.07440273,0.4969326,0.4969326,0.04058026,0.07422576,-0.04040329,-0.07440273,0.4969326,0.4969326,0.04058026,0.07422576
139.909,2.9988,19.9291,0.7946,3.0,20.0,1.0,-0.04039908,-0.07457741,0.4999154,0.4999154,0.040572353,0.07440414,-0.04039908,-0.07457741,0.4999154,0.4999154,0.040572353,0.07440414
139.958,2.9988,19.9291,0.7947,3.0,20.0,1.0,-0.040564086,-0.07461395,0.5000454,0.5000454,0.04074076,0.07443728,-0.040564086,-0.07461395,0.5000454,0.5000454,0.04074076,0.07443728
140.009,2.9988,19.9291,0.7947,3.0,20.0,1.0,-0.04062301,-0.0747365,0.5020503,0.5020503,0.040798802,0.0745607,-0.04062301,-0.0747365,0.5020503,0.5020503,0.040798802,0.0745607
140.060,2.9988,19.9291,0.7946,3.0,20.0,1.0,-0.040720098,-0.07488327,0.50444996,0.50444996,0.040895797,0.07470757,-0.040720098,-0.07488327,0.50444996,0.50444996,0.040895797,0.07470757
140.108,2.9988,19.9291,0.7945,3.0,20.0,1.0,-0.040768042,-0.07497391,0.50572264,0.50572264,0.040943187,0.07479877,-0.040768042,-0.07497391,0.50572264,0.50572264,0.040943187,0.07479877
140.159,2.9988,19.9291,0.7943,3.0,20.0,1.0,-0.04085559,-0.0751018,0.50732356,0.50732356,0.041030254,0.07492714,-0.04085559,-0.0751018,0.50732356,0.50732356,0.041030254,0.07492714
140.209,2.9988,19.9291,0.7941,3.0,20.0,1.0,-0.04090131,-0.07523503,0.5097519,0.5097519,0.04107502,0.07506132,-0.04090131,-0.07523503,0.5097519,0.5097519,0.04107502,0.07506132
140.258,2.9988,19.9291,0.7938,3.0,20.0,1.0,-0.04100513,-0.07535878,0.5111862,0.5111862,0.041178703,0.07518521,-0.04100513,-0.07535878,0.5111862,0.5111862,0.041178703,0.07518521
140.309,2.9988,19.9291,0.7935,3.0,20.0,1.0,-0.04102247,-0.07552193,0.5141033,0.5141033,0.041194145,0.075350255,-0.04102247,-0.07552193,0.5141033,0.5141033,0.041194145,0.075350255
140.359,2.9988,19.9291,0.7931,3.0,20.0,1.0,-0.041134134,-0.07563539,0.5153321,0.5153321,0.041305948,0.07546357,-0.041134134,-0.07563539,0.5153321,0.5153321,0.041305948,0.07546357
140.409,2.9988,19.9291,0.7928,3.0,20.0,1.0,-0.04114244,-0.07583022,0.5185227,0.5185227,0.041311767,0.0756609,-0.04114244,-0.07583022,0.5185227,0.5185227,0.041311767,0.0756609
140.458,2.9988,19.9291,0.7926,3.0,20.0,1.0,-0.04126184,-0.075939514,0.5196836,0.5196836,0.04143146,0.075769894,-0.04126184,-0.075939514,0.5196836,0.5196836,0.04143146,0.075769894
140.509,2.9988,19.9291,0.7920,3.0,20.0,1.0,-0.041362725,-0.07605393,0.52106684,0.52106684,0.041532338,0.07588431,-0.041362725,-0.07605393,0.52106684,0.52106684,0.041532338,0.07588431
140.560,2.9988,19.9291,0.7918,3.0,20.0,1.0,-0.07908592,-0.17542706,1.0,1.0,0.07945406,0.17505892,-0.07908592,-0.17542706,1.0,1.0,0.07945406,0.17505892
140.609,2.9988,19.9291,0.7924,3.0,20.0,1.0,-0.07894322,-0.17002301,1.0,1.0,0.07930129,0.16966495,-0.07894322,-0.17002301,1.0,1.0,0.07930129,0.16966495
140.658,2.9988,19.9291,0.7927,3.0,20.0,1.0,-0.039887745,-0.07414896,0.49528527,0.49528527,0.04006472,0.07397199,-0.039887745,-0.07414896,0.49528527,0.49528527,0.04006472,0.07397199
140.709,2.9988,19.9290,0.7935,3.0,20.0,1.0,-0.039942402,-0.074239455,0.49700582,0.49700582,0.040117666,0.074064195,-0.039942402,-0.074239455,0.49700582,0.49700582,0.040117666,0.074064195
140.759,2.9988,19.9290,0.7938,3.0,20.0,1.0,-0.040272944,-0.074227035,0.49450076,0.49450076,0.040457733,0.074042246,-0.040272944,-0.074227035,0.49450076,0.49450076,0.040457733,0.074042246
140.809,2.9988,19.9290,0.7943,3.0,20.0,1.0,-0.0402255,-0.07440304,0.4978639,0.4978639,0.04040532,0.07422323,-0.0402255,-0.07440304,0.4978639,0.4978639,0.04040532,0.07422323
140.858,2.9988,19.9290,0.7945,3.0,20.0,1.0,-0.040464044,-0.07440732,0.49671948,0.49671948,0.040650327,0.07422104,-0.040464044,-0.07440732,0.49671948,0.49671948,0.040650327,0.07422104
140.909,2.9988,19.9290,0.7946,3.0,20.0,1.0,-0.040517997,-0.0745315,0.49872103,0.49872103,0.040703196,0.074346304,-0.040517997,-0.0745315,0.49872103,0.49872103,0.040703196,0.074346304
140.959,2.9988,19.9290,0.7947,3.0,20.0,1.0,-0.04057622,-0.0746642,0.50066763,0.50066763,0.04076014,0.07448027,-0.04057622,-0.0746642,0.50066763,0.50066763,0.04076014,0.07448027
141.009,2.9988,19.9290,0.7947,3.0,20.0,1.0,-0.040683385,-0.07474342,0.5019271,0.5019271,0.04086866,0.07455815,-0.040683385,-0.07474342,0.5019271,0.5019271,0.04086866,0.07455815
141.059,2.9988,19.9290,0.7947,3.0,20.0,1.0,-0.040757045,-0.07487695,0.50371885,0.50371885,0.040941585,0.074692406,-0.040757045,-0.07487695,0.50371885,0.50371885,0.040941585,0.074692406
141.110,2.9988,19.9290,0.7946,3.0,20.0,1.0,-0.040863175,-0.07501432,0.506008,0.506008,0.041048106,0.07482939,-0.040863175,-0.07501432,0.506008,0.506008,0.041048106,0.07482939
141.159,2.9988,19.9291,0.7943,3.0,20.0,1.0,-0.040918358,-0.07511065,0.5072187,0.5072187,0.04110266,0.074926354,-0.040918358,-0.07511065,0.5072187,0.5072187,0.04110266,0.074926354
141.209,2.9988,19.9291,0.7942,3.0,20.0,1.0,-0.040960945,-0.07524157,0.50968343,0.50968343,0.041144453,0.075058065,-0.040960945,-0.07524157,0.50968343,0.50968343,0.041144453,0.075058065
141.259,2.9988,19.9291,0.7938,3.0,20.0,1.0,-0.041060355,-0.07536328,0.51108295,0.51108295,0.041243654,0.07517998,-0.041060355,-0.07536328,0.51108295,0.51108295,0.041243654,0.07517998
141.309,2.9988,19.9291,0.7936,3.0,20.0,1.0,-0.041087013,-0.07552623,0.51395744,0.51395744,0.0412687,0.07534454,-0.041087013,-0.07552623,0.51395744,0.51395744,0.0412687,0.07534454
141.358,2.9988,19.9291,0.7932,3.0,20.0,1.0,-0.04119465,-0.07564255,0.51525146,0.51525146,0.041376367,0.07546084,-0.04119465,-0.07564255,0.51525146,0.51525146,0.041376367,0.07546084
141.408,2.9988,19.9291,0.7929,3.0,20.0,1.0,-0.041204035,-0.07583725,0.5184567,0.5184567,0.041383393,0.07565789,-0.041204035,-0.07583725,0.5184567,0.5184567,0.041383393,0.07565789
141.459,2.9988,19.9291,0.7926,3.0,20.0,1.0,-0.041318513,-0.0759473,0.5196382,0.5196382,0.041498072,0.07576773,-0.041318513,-0.0759473,0.5196382,0.5196382,0.041498072,0.07576773
141.509,2.9988,19.9291,0.7920,3.0,20.0,1.0,-0.041316006,-0.076173946,0.523052,0.523052,0.041492585,0.075997375,-0.041316006,-0.076173946,0.523052,0.523052,0.041492585,0.075997375
141.559,2.9988,19.9291,0.7918,3.0,20.0,1.0,-0.041431647,-0.07627976,0.5241825,0.5241825,0.041608457,0.07610295,-0.041431647,-0.07627976,0.5241825,0.5241825,0.041608457,0.07610295
141.610,2.9988,19.9290,0.7924,3.0,20.0,1.0,-0.039510682,-0.074301414,0.50043106,0.50043106,0.039684188,0.07412791,-0.039510682,-0.074301414,0.50043106,0.50043106,0.039684188,0.07412791
141.658,2.9988,19.9290,0.7928,3.0,20.0,1.0,-0.03993991,-0.07416038,0.4953904,0.4953904,0.040126428,0.073973864,-0.03993991,-0.07416038,0.4953904,0.4953904,0.040126428,0.073973864
141.709,2.9988,19.9290,0.7935,3.0,20.0,1.0,-0.040003054,-0.07424373,0.4969024,0.4969024,0.040188238,0.07405855,-0.040003054,-0.07424373,0.4969024,0.4969024,0.040188238,0.07405855
141.759,2.9988,19.9290,0.7940,3.0,20.0,1.0,-0.040339205,-0.07421733,0.49411684,0.49411684,0.040534467,0.07402207,-0.040339205,-0.07421733,0.49411684,0.49411684,0.040534467,0.07402207
141.809,2.9988,19.9290,0.7943,3.0,20.0,1.0,-0.0403895,-0.07433575,0.49598172,0.49598172,0.040583793,0.07414145,-0.0403895,-0.07433575,0.49598172,0.49598172,0.040583793,0.07414145
141.859,2.9988,19.9290,0.7945,3.0,20.0,1.0,-0.04042735,-0.07447763,0.49822274,0.49822274,0.040619683,0.0742853,-0.04042735,-0.07447763,0.49822274,0.49822274,0.040619683,0.0742853
141.909,2.9988,19.9290,0.7946,3.0,20.0,1.0,-0.040572032,-0.07453554,0.498697,0.498697,0.040767092,0.07434048,-0.040572032,-0.07453554,0.498697,0.498697,0.040767092,0.07434048
141.958,2.9988,19.9290,0.7947,3.0,20.0,1.0,-0.040629134,-0.074672356,0.5006942,0.5006942,0.0408228,0.074478686,-0.040629134,-0.074672356,0.5006942,0.5006942,0.0408228,0.074478686
142.009,2.9988,19.9290,0.7947,3.0,20.0,1.0,-0.04073542,-0.07475154,0.5019604,0.5019604,0.04093042,0.074556544,-0.04073542,-0.07475154,0.5019604,0.5019604,0.04093042,0.074556544
142.059,2.9988,19.9290,0.7946,3.0,20.0,1.0,-0.040808424,-0.07488392,0.50373596,0.50373596,0.0410027,0.07468965,-0.040808424,-0.07488392,0.50373596,0.50373596,0.0410027,0.07468965
142.109,2.9988,19.9290,0.7945,3.0,20.0,1.0,-0.040879924,-0.07498944,0.5056593,0.5056593,0.041074384,0.07479498,-0.040879924,-0.07498944,0.5056593,0.5056593,0.041074384,0.07479498
142.160,2.9988,19.9290,0.7943,3.0,20.0,1.0,-0.041000158,-0.07515136,0.50764275,0.50764275,0.041194215,0.0749573,-0.041000158,-0.07515136,0.50764275,0.50764275,0.041194215,0.0749573
142.209,2.9988,19.9290,0.7941,3.0,20.0,1.0,-0.041011587,-0.07525136,0.5097137,0.5097137,0.041204665,0.07505828,-0.041011587,-0.07525136,0.5097137,0.5097137,0.041204665,0.07505828
142.258,2.9988,19.9290,0.7938,3.0,20.0,1.0,-0.04111618,-0.07537602,0.51113695,0.51113695,0.041309115,0.075183086,-0.04111618,-0.07537602,0.51113695,0.51113695,0.041309115,0.075183086
142.308,2.9988,19.9290,0.7936,3.0,20.0,1.0,-0.041132573,-0.075540274,0.5140927,0.5140927,0.041323654,0.07534919,-0.041132573,-0.075540274,0.5140927,0.5140927,0.041323654,0.07534919
142.358,2.9988,19.9290,0.7934,3.0,20.0,1.0,-0.0412434,-0.07565416,0.5153208,0.5153208,0.041434605,0.07546295,-0.0412434,-0.07565416,0.5153208,0.5153208,0.041434605,0.07546295
142.409,2.9988,19.9290,0.7928,3.0,20.0,1.0,-0.041346215,-0.07576821,0.51669216,0.51669216,0.04153749,0.07557693,-0.041346215,-0.07576821,0.51669216,0.51669216,0.04153749,0.07557693
142.458,2.9988,19.9290,0.7926,3.0,20.0,1.0,-0.041298606,-0.07602241,0.5210194,0.5210194,0.041485794,0.07583522,-0.041298606,-0.07602241,0.5210194,0.5210194,0.041485794,0.07583522
142.508,2.9988,19.9290,0.7920,3.0,20.0,1.0,-0.041469723,-0.076074995,0.5210917,0.5210917,0.041658726,0.07588599,-0.041469723,-0.076074995,0.5210917,0.5210917,0.041658726,0.07588599
142.558,2.9988,19.9290,0.7918,3.0,20.0,1.0,-0.041389193,-0.07638305,0.52580065,0.52580065,0.041572876,0.07619937,-0.041389193,-0.07638305,0.52580065,0.52580065,0.041572876,0.07619937
142.609,2.9988,19.9290,0.7923,3.0,20.0,1.0,-0.079195745,-0.17000309,1.0,1.0,0.07959488,0.16960394,-0.079195745,-0.17000309,1.0,1.0,0.07959488,0.16960394
142.660,2.9988,19.9290,0.7931,3.0,20.0,1.0,-0.039972328,-0.07420033,0.4962684,0.4962684,0.040165592,0.07400707,-0.039972328,-0.07420033,0.4962684,0.4962684,0.040165592,0.07400707
142.708,2.9988,19.9290,0.7935,3.0,20.0,1.0,-0.040042646,-0.07426236,0.4970589,0.4970589,0.04023642,0.07406858,-0.040042646,-0.07426236,0.4970589,0.4970589,0.04023642,0.07406858
142.758,2.9988,19.9289,0.7940,3.0,20.0,1.0,-0.040373202,-0.07424473,0.4943648,0.4943648,0.04057658,0.07404136,-0.040373202,-0.07424473,0.4943648,0.4943648,0.04057658,0.07404136
142.809,2.9988,19.9289,0.7942,3.0,20.0,1.0,-0.04043219,-0.07435434,0.49602216,0.49602216,0.04063499,0.07415154,-0.04043219,-0.07435434,0.49602216,0.49602216,0.04063499,0.07415154
142.859,2.9988,19.9289,0.7945,3.0,20.0,1.0,-0.040467337,-0.07450368,0.49841574,0.49841574,0.040667962,0.07430305,-0.040467337,-0.07450368,0.49841574,0.49841574,0.040667962,0.07430305
142.908,2.9988,19.9289,0.7946,3.0,20.0,1.0,-0.040612455,-0.07455466,0.49874085,0.49874085,0.040815864,0.07435125,-0.040612455,-0.07455466,0.49874085,0.49874085,0.040815864,0.07435125
142.959,2.9988,19.9289,0.7947,3.0,20.0,1.0,-0.0406668,-0.07469406,0.5007977,0.5007977,0.040868714,0.07449215,-0.0406668,-0.07469406,0.5007977,0.5007977,0.040868714,0.07449215
143.008,2.9988,19.9290,0.7947,3.0,20.0,1.0,-0.040770743,-0.07477538,0.50206506,0.50206506,0.040973768,0.07457236,-0.040770743,-0.07477538,0.50206506,0.50206506,0.040973768,0.07457236
143.059,2.9988,19.9290,0.7946,3.0,20.0,1.0,-0.04084561,-0.07490831,0.50385094,0.50385094,0.041047953,0.07470597,-0.04084561,-0.07490831,0.50385094,0.50385094,0.041047953,0.07470597
143.110,2.9988,19.9290,0.7945,3.0,20.0,1.0,-0.040913723,-0.075013876,0.5057657,0.5057657,0.041116033,0.07481156,-0.040913723,-0.075013876,0.5057657,0.5057657,0.041116033,0.07481156
143.160,2.9988,19.9290,0.7943,3.0,20.0,1.0,-0.041035727,-0.07517588,0.50774705,0.50774705,0.041237693,0.07497391,-0.041035727,-0.07517588,0.50774705,0.50774705,0.041237693,0.07497391
143.209,2.9988,19.9290,0.7941,3.0,20.0,1.0,-0.04104549,-0.07527678,0.5098088,0.5098088,0.041246258,0.07507601,-0.04104549,-0.07527678,0.5098088,0.5098088,0.041246258,0.07507601
143.258,2.9988,19.9290,0.7938,3.0,20.0,1.0,-0.041149393,-0.07540055,0.5112396,0.5112396,0.041350063,0.07519988,-0.041149393,-0.07540055,0.5112396,0.5112396,0.041350063,0.07519988
143.309,2.9988,19.9290,0.7935,3.0,20.0,1.0,-0.04116389,-0.07556571,0.51418847,0.51418847,0.041362472,0.07536713,-0.04116389,-0.07556571,0.51418847,0.51418847,0.041362472,0.07536713
143.359,2.9988,19.9290,0.7931,3.0,20.0,1.0,-0.04127631,-0.075679064,0.5154102,0.5154102,0.04147509,0.07548028,-0.04127631,-0.075679064,0.5154102,0.5154102,0.04147509,0.07548028
143.409,2.9988,19.9290,0.7928,3.0,20.0,1.0,-0.04128114,-0.07587606,0.5186308,0.5186308,0.041477203,0.075679995,-0.04128114,-0.07587606,0.5186308,0.5186308,0.041477203,0.075679995
143.459,2.9988,19.9290,0.7923,3.0,20.0,1.0,-0.041398566,-0.07598487,0.5197902,0.5197902,0.041594952,0.07578848,-0.041398566,-0.07598487,0.5197902,0.5197902,0.041594952,0.07578848
143.508,2.9988,19.9290,0.7920,3.0,20.0,1.0,-0.04138953,-0.076214865,0.5232366,0.5232366,0.041582517,0.07602188,-0.04138953,-0.076214865,0.5232366,0.5232366,0.041582517,0.07602188
143.559,2.9988,19.9290,0.7917,3.0,20.0,1.0,-0.041511413,-0.07631787,0.52431816,0.52431816,0.041704822,0.07612445,-0.041511413,-0.07631787,0.52431816,0.52431816,0.041704822,0.07612445
143.609,2.9988,19.9290,0.7923,3.0,20.0,1.0,-0.0792529,-0.17007941,1.0,1.0,0.07966768,0.16966464,-0.0792529,-0.17007941,1.0,1.0,0.07966768,0.16966464
143.659,2.9988,19.9290,0.7927,3.0,20.0,1.0,-0.040019203,-0.07418958,0.49544764,0.49544764,0.040221468,0.07398732,-0.040019203,-0.07418958,0.49544764,0.49544764,0.040221468,0.07398732
143.710,2.9988,19.9289,0.7934,3.0,20.0,1.0,-0.0402808,-0.07422809,0.4945089,0.4945089,0.040488277,0.07402061,-0.0402808,-0.07422809,0.4945089,0.4945089,0.040488277,0.07402061
143.759,2.9988,19.9289,0.7937,3.0,20.0,1.0,-0.04039359,-0.074278295,0.4945846,0.4945846,0.04060309,0.07406879,-0.04039359,-0.074278295,0.4945846,0.4945846,0.04060309,0.07406879
143.809,2.9988,19.9289,0.7942,3.0,20.0,1.0,-0.040348146,-0.07445377,0.49801713,0.49801713,0.04055288,0.07424904,-0.040348146,-0.07445377,0.49801713,0.49801713,0.04055288,0.07424904
143.859,2.9988,19.9289,0.7945,3.0,20.0,1.0,-0.040578373,-0.07446478,0.49688494,0.49688494,0.040788863,0.0742543,-0.040578373,-0.07446478,0.49688494,0.49688494,0.040788863,0.0742543
143.908,2.9988,19.9289,0.7946,3.0,20.0,1.0,-0.04063228,-0.074585855,0.49883845,0.49883845,0.040841687,0.07437645,-0.04063228,-0.074585855,0.49883845,0.49883845,0.040841687,0.07437645
143.959,2.9988,19.9289,0.7947,3.0,20.0,1.0,-0.040691603,-0.07472109,0.5008358,0.5008358,0.04089976,0.07451293,-0.040691603,-0.07472109,0.5008358,0.5008358,0.04089976,0.07451293
144.008,2.9988,19.9289,0.7947,3.0,20.0,1.0,-0.040794004,-0.07480306,0.5020901,0.5020901,0.04100306,0.074594006,-0.040794004,-0.07480306,0.5020901,0.5020901,0.04100306,0.074594006
144.058,2.9988,19.9289,0.7946,3.0,20.0,1.0,-0.040872674,-0.07493947,0.5039176,0.5039176,0.0410811,0.074731044,-0.040872674,-0.07493947,0.5039176,0.5039176,0.0410811,0.074731044
144.109,2.9988,19.9289,0.7945,3.0,20.0,1.0,-0.040935677,-0.07504135,0.50580174,0.50580174,0.041143864,0.07483317,-0.040935677,-0.07504135,0.50580174,0.50580174,0.041143864,0.07483317
144.159,2.9988,19.9289,0.7943,3.0,20.0,1.0,-0.041031238,-0.075174004,0.5073993,0.5073993,0.041239068,0.07496617,-0.041031238,-0.075174004,0.5073993,0.5073993,0.041239068,0.07496617
144.210,2.9988,19.9290,0.7941,3.0,20.0,1.0,-0.041101366,-0.075339146,0.5102277,0.5102277,0.041307993,0.07513252,-0.041101366,-0.075339146,0.5102277,0.5102277,0.041307993,0.07513252
144.259,2.9988,19.9290,0.7938,3.0,20.0,1.0,-0.04116734,-0.075425975,0.51125157,0.51125157,0.041373763,0.07521955,-0.04116734,-0.075425975,0.51125157,0.51125157,0.041373763,0.07521955
144.309,2.9988,19.9290,0.7935,3.0,20.0,1.0,-0.0411899,-0.07559133,0.51412994,0.51412994,0.0413942,0.07538704,-0.0411899,-0.07559133,0.51412994,0.51412994,0.0413942,0.07538704
144.359,2.9988,19.9290,0.7931,3.0,20.0,1.0,-0.04130203,-0.07570742,0.5154147,0.5154147,0.041506536,0.07550292,-0.04130203,-0.07570742,0.5154147,0.5154147,0.041506536,0.07550292
144.409,2.9988,19.9290,0.7928,3.0,20.0,1.0,-0.041301645,-0.075905606,0.51867074,0.51867074,0.041503165,0.07570408,-0.041301645,-0.075905606,0.51867074,0.51867074,0.041503165,0.07570408
144.459,2.9988,19.9290,0.7923,3.0,20.0,1.0,-0.04142054,-0.07601261,0.51979905,0.51979905,0.041622482,0.07581067,-0.04142054,-0.07601261,0.51979905,0.51979905,0.041622482,0.07581067
144.509,2.9988,19.9290,0.7920,3.0,20.0,1.0,-0.041411173,-0.076242074,0.5232349,0.5232349,0.041609563,0.07604369,-0.041411173,-0.076242074,0.5232349,0.5232349,0.041609563,0.07604369
144.559,2.9988,19.9290,0.7917,3.0,20.0,1.0,-0.041542724,-0.07634379,0.52428,0.52428,0.04174176,0.076144755,-0.041542724,-0.07634379,0.52428,0.52428,0.04174176,0.076144755
144.609,2.9988,19.9289,0.7923,3.0,20.0,1.0,-0.07930181,-0.17005068,1.0,1.0,0.07972819,0.1696243,-0.07930181,-0.17005068,1.0,1.0,0.07972819,0.1696243
144.659,2.9988,19.9289,0.7927,3.0,20.0,1.0,-0.04004078,-0.0742192,0.49542612,0.49542612,0.040247988,0.07401199,-0.04004078,-0.0742192,0.49542612,0.49542612,0.040247988,0.07401199
144.709,2.9988,19.9289,0.7934,3.0,20.0,1.0,-0.040092614,-0.074315466,0.49714765,0.49714765,0.040298257,0.07410982,-0.040092614,-0.074315466,0.49714765,0.49714765,0.040298257,0.07410982
144.759,2.9988,19.9289,0.7939,3.0,20.0,1.0,-0.040319696,-0.07440333,0.49693787,0.49693787,0.04052966,0.074193366,-0.040319696,-0.07440333,0.49693787,0.49693787,0.04052966,0.074193366
144.809,2.9988,19.9289,0.7942,3.0,20.0,1.0,-0.040363744,-0.07448824,0.4981299,0.4981299,0.040573187,0.074278794,-0.040363744,-0.07448824,0.4981299,0.4981299,0.040573187,0.074278794
144.859,2.9988,19.9289,0.7945,3.0,20.0,1.0,-0.040598676,-0.07449546,0.4968761,0.4968761,0.040813863,0.07428027,-0.040598676,-0.07449546,0.4968761,0.4968761,0.040813863,0.07428027
144.909,2.9988,19.9289,0.7946,3.0,20.0,1.0,-0.040652145,-0.074617125,0.498837,0.498837,0.040866207,0.07440306,-0.040652145,-0.074617125,0.498837,0.498837,0.040866207,0.07440306
144.959,2.9988,19.9289,0.7947,3.0,20.0,1.0,-0.04071178,-0.07475192,0.5008245,0.5008245,0.040924646,0.07453905,-0.04071178,-0.07475192,0.5008245,0.5008245,0.040924646,0.07453905
145.009,2.9988,19.9289,0.7947,3.0,20.0,1.0,-0.04081382,-0.0748342,0.50207937,0.50207937,0.04102746,0.07462056,-0.04081382,-0.0748342,0.50207937,0.50207937,0.04102746,0.07462056
145.059,2.9988,19.9289,0.7946,3.0,20.0,1.0,-0.0408896,-0.074966215,0.50386995,0.50386995,0.041102655,0.07475315,-0.0408896,-0.074966215,0.50386995,0.50386995,0.041102655,0.07475315
145.109,2.9988,19.9289,0.7945,3.0,20.0,1.0,-0.04095662,-0.07507254,0.5057694,0.5057694,0.04116932,0.07485984,-0.04095662,-0.07507254,0.5057694,0.5057694,0.04116932,0.07485984
145.159,2.9988,19.9289,0.7943,3.0,20.0,1.0,-0.041051913,-0.0752046,0.5073874,0.5073874,0.04126431,0.0749922,-0.041051913,-0.0752046,0.5073874,0.5073874,0.04126431,0.0749922
145.208,2.9988,19.9289,0.7941,3.0,20.0,1.0,-0.041084614,-0.075336345,0.5098723,0.5098723,0.041295495,0.075125456,-0.041084614,-0.075336345,0.5098723,0.5098723,0.041295495,0.075125456
145.259,2.9988,19.9289,0.7938,3.0,20.0,1.0,-0.041193213,-0.0754586,0.51123893,0.51123893,0.04140419,0.07524762,-0.041193213,-0.0754586,0.51123893,0.51123893,0.04140419,0.07524762
145.309,2.9988,19.9289,0.7935,3.0,20.0,1.0,-0.0412445,-0.075655445,0.5145082,0.5145082,0.041453313,0.07544663,-0.0412445,-0.075655445,0.5145082,0.5145082,0.041453313,0.07544663
145.358,2.9988,19.9289,0.7931,3.0,20.0,1.0,-0.041319896,-0.07573662,0.51540023,0.51540023,0.041528784,0.07552773,-0.041319896,-0.07573662,0.51540023,0.51540023,0.041528784,0.07552773
145.408,2.9988,19.9289,0.7928,3.0,20.0,1.0,-0.041325305,-0.075932905,0.5186045,0.5186045,0.04153123,0.07572698,-0.041325305,-0.075932905,0.5186045,0.5186045,0.04153123,0.07572698
145.459,2.9988,19.9289,0.7923,3.0,20.0,1.0,-0.041443307,-0.076042034,0.51977205,0.51977205,0.04164964,0.075835705,-0.041443307,-0.076042034,0.51977205,0.51977205,0.04164964,0.075835705
145.509,2.9988,19.9289,0.7920,3.0,20.0,1.0,-0.041431136,-0.07627208,0.52323335,0.52323335,0.041633762,0.07606945,-0.041431136,-0.07627208,0.52323335,0.52323335,0.041633762,0.07606945
145.559,2.9988,19.9289,0.7918,3.0,20.0,1.0,-0.041555576,-0.076373264,0.5242836,0.5242836,0.04175876,0.07617008,-0.041555576,-0.076373264,0.5242836,0.5242836,0.04175876,0.07617008
145.608,2.9988,19.9289,0.7923,3.0,20.0,1.0,-0.0794099,-0.17021199,1.0,1.0,0.079847,0.16977488,-0.0794099,-0.17021199,1.0,1.0,0.079847,0.16977488
145.659,2.9988,19.9289,0.7927,3.0,20.0,1.0,-0.04001613,-0.07423631,0.4958566,0.4958566,0.040225554,0.07402688,-0.04001613,-0.07423631,0.4958566,0.4958566,0.040225554,0.07402688
145.709,2.9988,19.9289,0.7935,3.0,20.0,1.0,-0.040111143,-0.074340574,0.49706122,0.49706122,0.040320862,0.074130856,-0.040111143,-0.074340574,0.49706122,0.49706122,0.040320862,0.074130856
145.759,2.9988,19.9289,0.7940,3.0,20.0,1.0,-0.040337853,-0.074428685,0.4968481,0.4968481,0.0405518,0.074214734,-0.040337853,-0.074428685,0.4968481,0.4968481,0.0405518,0.074214734
145.809,2.9988,19.9289,0.7942,3.0,20.0,1.0,-0.040524524,-0.074473865,0.49644426,0.49644426,0.040742267,0.07425612,-0.040524524,-0.074473865,0.49644426,0.49644426,0.040742267,0.07425612
145.859,2.9988,19.9289,0.7944,3.0,20.0,1.0,-0.040616974,-0.07452021,0.49677038,0.49677038,0.040836025,0.07430116,-0.040616974,-0.07452021,0.49677038,0.49677038,0.040836025,0.07430116
145.908,2.9988,19.9289,0.7946,3.0,20.0,1.0,-0.040614743,-0.0746974,0.4998157,0.4998157,0.04083036,0.074481785,-0.040614743,-0.0746974,0.4998157,0.4998157,0.04083036,0.074481785
145.960,2.9988,19.9289,0.7947,3.0,20.0,1.0,-0.040790983,-0.074776344,0.5007015,0.5007015,0.041008968,0.07455836,-0.040790983,-0.074776344,0.5007015,0.5007015,0.041008968,0.07455836
146.008,2.9988,19.9289,0.7947,3.0,20.0,1.0,-0.04083278,-0.074858636,0.50197166,0.50197166,0.041050233,0.07464118,-0.04083278,-0.074858636,0.50197166,0.50197166,0.041050233,0.07464118
146.058,2.9988,19.9289,0.7946,3.0,20.0,1.0,-0.040910043,-0.07499257,0.5037842,0.5037842,0.041126944,0.074775666,-0.040910043,-0.07499257,0.5037842,0.5037842,0.041126944,0.074775666
146.109,2.9988,19.9289,0.7945,3.0,20.0,1.0,-0.040976357,-0.075096674,0.5056701,0.5056701,0.041192852,0.07488018,-0.040976357,-0.075096674,0.5056701,0.5056701,0.041192852,0.07488018
146.159,2.9988,19.9289,0.7943,3.0,20.0,1.0,-0.04106405,-0.07522339,0.50725186,0.50725186,0.041280206,0.07500723,-0.04106405,-0.07522339,0.50725186,0.50725186,0.041280206,0.07500723
146.209,2.9988,19.9289,0.7941,3.0,20.0,1.0,-0.041107986,-0.0753577,0.50968945,0.50968945,0.041322734,0.07514295,-0.041107986,-0.0753577,0.50968945,0.50968945,0.041322734,0.07514295
146.259,2.9988,19.9289,0.7938,3.0,20.0,1.0,-0.04121307,-0.075481534,0.51112574,0.51112574,0.041427847,0.075266756,-0.04121307,-0.075481534,0.51112574,0.51112574,0.041427847,0.075266756
146.309,2.9988,19.9289,0.7936,3.0,20.0,1.0,-0.04122752,-0.07564529,0.51406187,0.51406187,0.041439876,0.075432934,-0.04122752,-0.07564529,0.51406187,0.51406187,0.041439876,0.075432934
146.360,2.9988,19.9289,0.7931,3.0,20.0,1.0,-0.041373756,-0.07579279,0.5156861,0.5156861,0.041586544,0.07558,-0.041373756,-0.07579279,0.5156861,0.5156861,0.041586544,0.07558
146.409,2.9988,19.9289,0.7928,3.0,20.0,1.0,-0.04134638,-0.075954,0.5184979,0.5184979,0.04155606,0.075744316,-0.04134638,-0.075954,0.5184979,0.5184979,0.04155606,0.075744316
146.459,2.9988,19.9289,0.7924,3.0,20.0,1.0,-0.041471288,-0.07606375,0.5196448,0.5196448,0.041681506,0.07585353,-0.041471288,-0.07606375,0.5196448,0.5196448,0.041681506,0.07585353
146.508,2.9988,19.9289,0.7920,3.0,20.0,1.0,-0.041446578,-0.07629812,0.5232342,0.5232342,0.04165275,0.076091945,-0.041446578,-0.07629812,0.5232342,0.5232342,0.04165275,0.076091945
146.559,2.9988,19.9289,0.7919,3.0,20.0,1.0,-0.041577157,-0.076393515,0.5241765,0.5241765,0.0417841,0.076186575,-0.041577157,-0.076393515,0.5241765,0.5241765,0.0417841,0.076186575
146.609,2.9988,19.9289,0.7924,3.0,20.0,1.0,-0.07947343,-0.17043582,1.0,1.0,0.07991888,0.16999036,-0.07947343,-0.17043582,1.0,1.0,0.07991888,0.16999036
146.658,2.9988,19.9289,0.7931,3.0,20.0,1.0,-0.040037487,-0.0742536,0.4957929,0.4957929,0.04025054,0.07404055,-0.040037487,-0.0742536,0.4957929,0.4957929,0.04025054,0.07404055
146.709,2.9988,19.9288,0.7935,3.0,20.0,1.0,-0.04030958,-0.07426648,0.49398354,0.49398354,0.04052942,0.07404664,-0.04030958,-0.07426648,0.49398354,0.49398354,0.04052942,0.07404664
146.759,2.9988,19.9288,0.7938,3.0,20.0,1.0,-0.04033053,-0.07440852,0.49634495,0.49634495,0.04054816,0.074190885,-0.04033053,-0.07440852,0.49634495,0.49634495,0.04054816,0.074190885
146.808,2.9988,19.9288,0.7943,3.0,20.0,1.0,-0.04040689,-0.07452878,0.49795738,0.49795738,0.04062408,0.0743116,-0.04040689,-0.07452878,0.49795738,0.49795738,0.04062408,0.0743116
146.859,2.9988,19.9288,0.7944,3.0,20.0,1.0,-0.040644675,-0.07453312,0.49671704,0.49671704,0.040867504,0.07431029,-0.040644675,-0.07453312,0.49671704,0.49671704,0.040867504,0.07431029
146.911,2.9988,19.9288,0.7947,3.0,20.0,1.0,-0.04073591,-0.07468585,0.49901915,0.49901915,0.04095787,0.07446389,-0.04073591,-0.07468585,0.49901915,0.49901915,0.04095787,0.07446389
146.959,2.9988,19.9288,0.7947,3.0,20.0,1.0,-0.040820546,-0.07478783,0.50064224,0.50064224,0.041042376,0.07456601,-0.040820546,-0.07478783,0.50064224,0.50064224,0.041042376,0.07456601
147.009,2.9988,19.9288,0.7947,3.0,20.0,1.0,-0.04086182,-0.07486895,0.50189465,0.50189465,0.04108315,0.07464761,-0.04086182,-0.07486895,0.50189465,0.50189465,0.04108315,0.07464761
147.059,2.9988,19.9288,0.7947,3.0,20.0,1.0,-0.040936332,-0.075000905,0.5036805,0.5036805,0.041157123,0.074780114,-0.040936332,-0.075000905,0.5036805,0.5036805,0.041157123,0.074780114
147.109,2.9988,19.9289,0.7946,3.0,20.0,1.0,-0.041006036,-0.07510639,0.5055862,0.5055862,0.041226465,0.07488596,-0.041006036,-0.07510639,0.5055862,0.5055862,0.041226465,0.07488596
147.159,2.9988,19.9289,0.7943,3.0,20.0,1.0,-0.04109667,-0.07523638,0.50719243,0.50719243,0.041316785,0.07501626,-0.04109667,-0.07523638,0.50719243,0.50719243,0.041316785,0.07501626
147.208,2.9988,19.9289,0.7942,3.0,20.0,1.0,-0.041136187,-0.07536777,0.509657,0.509657,0.041354865,0.07514909,-0.041136187,-0.07536777,0.509657,0.509657,0.041354865,0.07514909
147.259,2.9988,19.9289,0.7938,3.0,20.0,1.0,-0.041244507,-0.075492814,0.51105815,0.51105815,0.04146328,0.07527404,-0.041244507,-0.075492814,0.51105815,0.51105815,0.04146328,0.07527404
147.309,2.9988,19.9289,0.7936,3.0,20.0,1.0,-0.041256934,-0.075655505,0.51402575,0.51402575,0.041473277,0.07543916,-0.041256934,-0.075655505,0.51402575,0.51402575,0.041473277,0.07543916
147.359,2.9988,19.9289,0.7932,3.0,20.0,1.0,-0.041378643,-0.07577073,0.51521933,0.51521933,0.04159546,0.07555392,-0.041378643,-0.07577073,0.51521933,0.51521933,0.04159546,0.07555392
147.411,2.9988,19.9289,0.7929,3.0,20.0,1.0,-0.041408785,-0.07599873,0.51887363,0.51887363,0.041622594,0.07578492,-0.041408785,-0.07599873,0.51887363,0.51887363,0.041622594,0.07578492
147.460,2.9988,19.9289,0.7924,3.0,20.0,1.0,-0.041533083,-0.076107174,0.5199911,0.5199911,0.04174745,0.0758928,-0.041533083,-0.076107174,0.5199911,0.5199911,0.04174745,0.0758928
147.509,2.9988,19.9289,0.7921,3.0,20.0,1.0,-0.041484844,-0.076300316,0.5230604,0.5230604,0.041695356,0.07608981,-0.041484844,-0.076300316,0.5230604,0.5230604,0.041695356,0.07608981
147.558,2.9988,19.9289,0.7918,3.0,20.0,1.0,-0.041606084,-0.07640343,0.5241368,0.5241368,0.0418171,0.076192416,-0.041606084,-0.07640343,0.5241368,0.5241368,0.0418171,0.076192416
147.609,2.9988,19.9289,0.7924,3.0,20.0,1.0,-0.07949066,-0.17036097,1.0,1.0,0.07994329,0.16990833,-0.07949066,-0.17036097,1.0,1.0,0.07994329,0.16990833
147.659,2.9988,19.9288,0.7928,3.0,20.0,1.0,-0.040117577,-0.07426473,0.4952724,0.4952724,0.04033662,0.07404569,-0.040117577,-0.07426473,0.4952724,0.4952724,0.04033662,0.07404569
147.709,2.9988,19.9288,0.7935,3.0,20.0,1.0,-0.040168136,-0.074364215,0.4969643,0.4969643,0.040385697,0.07414665,-0.040168136,-0.074364215,0.4969643,0.4969643,0.040385697,0.07414665
147.759,2.9988,19.9288,0.7938,3.0,20.0,1.0,-0.040503826,-0.074335866,0.49409422,0.49409422,0.04073062,0.07410907,-0.040503826,-0.074335866,0.49409422,0.49409422,0.04073062,0.07410907
147.809,2.9988,19.9288,0.7943,3.0,20.0,1.0,-0.04044072,-0.07453402,0.4979563,0.4979563,0.040662114,0.07431263,-0.04044072,-0.07453402,0.4979563,0.4979563,0.040662114,0.07431263
147.858,2.9988,19.9288,0.7945,3.0,20.0,1.0,-0.0406802,-0.07453572,0.49673697,0.49673697,0.04090735,0.074308574,-0.0406802,-0.07453572,0.49673697,0.49673697,0.04090735,0.074308574
147.909,2.9988,19.9288,0.7947,3.0,20.0,1.0,-0.04073452,-0.07465651,0.49867985,0.49867985,0.040960588,0.074430436,-0.04073452,-0.07465651,0.49867985,0.49867985,0.040960588,0.074430436
147.960,2.9988,19.9288,0.7947,3.0,20.0,1.0,-0.0408543,-0.07478319,0.50059503,0.50059503,0.04108056,0.07455694,-0.0408543,-0.07478319,0.50059503,0.50059503,0.04108056,0.07455694
148.009,2.9988,19.9288,0.7947,3.0,20.0,1.0,-0.040896982,-0.07487186,0.5019327,0.5019327,0.041122653,0.07464619,-0.040896982,-0.07487186,0.5019327,0.5019327,0.041122653,0.07464619
148.059,2.9988,19.9288,0.7947,3.0,20.0,1.0,-0.040970884,-0.07500388,0.50370926,0.50370926,0.041196007,0.07477876,-0.040970884,-0.07500388,0.50370926,0.50370926,0.041196007,0.07477876
148.109,2.9988,19.9288,0.7945,3.0,20.0,1.0,-0.041040882,-0.075109325,0.5056277,0.5056277,0.041265663,0.07488454,-0.041040882,-0.075109325,0.5056277,0.5056277,0.041265663,0.07488454
148.159,2.9988,19.9288,0.7943,3.0,20.0,1.0,-0.04112838,-0.07523754,0.5072191,0.5072191,0.041352816,0.07501311,-0.04112838,-0.07523754,0.5072191,0.5072191,0.041352816,0.07501311
148.209,2.9988,19.9289,0.7941,3.0,20.0,1.0,-0.041172743,-0.07537076,0.50967866,0.50967866,0.041395817,0.07514769,-0.041172743,-0.07537076,0.50967866,0.50967866,0.041395817,0.07514769
148.259,2.9988,19.9289,0.7938,3.0,20.0,1.0,-0.04127336,-0.075493686,0.5111078,0.5111078,0.041496415,0.07527063,-0.04127336,-0.075493686,0.5111078,0.5111078,0.041496415,0.07527063
148.308,2.9988,19.9289,0.7936,3.0,20.0,1.0,-0.041294303,-0.07565692,0.5140127,0.5140127,0.04151509,0.07543614,-0.041294303,-0.07565692,0.5140127,0.5140127,0.04151509,0.07543614
148.359,2.9988,19.9289,0.7931,3.0,20.0,1.0,-0.04140851,-0.075773574,0.51527447,0.51527447,0.04162961,0.07555248,-0.04140851,-0.075773574,0.51527447,0.51527447,0.04162961,0.07555248
148.408,2.9988,19.9289,0.7928,3.0,20.0,1.0,-0.041406598,-0.07597033,0.5185613,0.5185613,0.041624554,0.07575237,-0.041406598,-0.07597033,0.5185613,0.5185613,0.041624554,0.07575237
148.458,2.9988,19.9289,0.7926,3.0,20.0,1.0,-0.04152814,-0.07607737,0.51966256,0.51966256,0.04174663,0.07585888,-0.04152814,-0.07607737,0.51966256,0.51966256,0.04174663,0.07585888
148.510,2.9988,19.9289,0.7920,3.0,20.0,1.0,-0.04155165,-0.07634018,0.5235216,0.5235216,0.041766573,0.07612526,-0.04155165,-0.07634018,0.5235216,0.5235216,0.041766573,0.07612526
148.559,2.9988,19.9289,0.7918,3.0,20.0,1.0,-0.041549828,-0.07649897,0.52575743,0.52575743,0.041762315,0.07628648,-0.041549828,-0.07649897,0.52575743,0.52575743,0.041762315,0.07628648
148.608,2.9988,19.9288,0.7924,3.0,20.0,1.0,-0.07956043,-0.17031646,1.0,1.0,0.08002211,0.16985478,-0.07956043,-0.17031646,1.0,1.0,0.08002211,0.16985478
148.658,2.9988,19.9288,0.7931,3.0,20.0,1.0,-0.04013143,-0.07429275,0.49561587,0.49561587,0.04035364,0.07407054,-0.04013143,-0.07429275,0.49561587,0.49561587,0.04035364,0.07407054
148.709,2.9988,19.9288,0.7935,3.0,20.0,1.0,-0.040393975,-0.07426691,0.4936965,0.4936965,0.04062275,0.07403814,-0.040393975,-0.07426691,0.4936965,0.4936965,0.04062275,0.07403814
148.759,2.9988,19.9288,0.7940,3.0,20.0,1.0,-0.04039437,-0.0744204,0.49640745,0.49640745,0.0406202,0.074194565,-0.04039437,-0.0744204,0.49640745,0.49640745,0.0406202,0.074194565
148.809,2.9988,19.9288,0.7942,3.0,20.0,1.0,-0.04058282,-0.074463114,0.496028,0.496028,0.04081248,0.07423345,-0.04058282,-0.074463114,0.496028,0.496028,0.04081248,0.07423345
148.859,2.9988,19.9288,0.7945,3.0,20.0,1.0,-0.04062226,-0.07460329,0.49823713,0.49823713,0.0408502,0.07437535,-0.04062226,-0.07460329,0.49823713,0.49823713,0.0408502,0.07437535
148.909,2.9988,19.9288,0.7946,3.0,20.0,1.0,-0.04076353,-0.074663654,0.4987389,0.4987389,0.040993515,0.07443367,-0.04076353,-0.074663654,0.4987389,0.4987389,0.040993515,0.07443367
148.959,2.9988,19.9288,0.7947,3.0,20.0,1.0,-0.04082243,-0.07479927,0.50072,0.50072,0.041051254,0.07457045,-0.04082243,-0.07479927,0.50072,0.50072,0.041051254,0.07457045
149.010,2.9988,19.9288,0.7947,3.0,20.0,1.0,-0.040962096,-0.074911825,0.5023683,0.5023683,0.041191828,0.074682094,-0.040962096,-0.074911825,0.5023683,0.5023683,0.041191828,0.074682094
149.060,2.9988,19.9288,0.7946,3.0,20.0,1.0,-0.04103491,-0.07504604,0.50415915,0.50415915,0.04126405,0.0748169,-0.04103491,-0.07504604,0.50415915,0.50415915,0.04126405,0.0748169
149.110,2.9988,19.9288,0.7945,3.0,20.0,1.0,-0.041104455,-0.07515189,0.5060767,0.5060767,0.041333172,0.07492317,-0.041104455,-0.07515189,0.5060767,0.5060767,0.041333172,0.07492317
149.160,2.9988,19.9288,0.7943,3.0,20.0,1.0,-0.041191243,-0.075279385,0.50766605,0.50766605,0.04141962,0.075051,-0.041191243,-0.075279385,0.50766605,0.50766605,0.04141962,0.075051
149.210,2.9988,19.9288,0.7941,3.0,20.0,1.0,-0.04123472,-0.07541296,0.51011664,0.51011664,0.04146164,0.07518604,-0.04123472,-0.07541296,0.51011664,0.51011664,0.04146164,0.07518604
149.260,2.9988,19.9288,0.7938,3.0,20.0,1.0,-0.041334733,-0.075535424,0.5115437,0.5115437,0.041561645,0.07530852,-0.041334733,-0.075535424,0.5115437,0.5115437,0.041561645,0.07530852
149.310,2.9988,19.9288,0.7935,3.0,20.0,1.0,-0.04135644,-0.075699024,0.5144338,0.5144338,0.041581012,0.075474456,-0.04135644,-0.075699024,0.5144338,0.5144338,0.041581012,0.075474456
149.359,2.9988,19.9289,0.7931,3.0,20.0,1.0,-0.041466225,-0.075814895,0.51571727,0.51571727,0.04169105,0.07559007,-0.041466225,-0.075814895,0.51571727,0.51571727,0.04169105,0.07559007
149.411,2.9988,19.9289,0.7928,3.0,20.0,1.0,-0.04147051,-0.076010674,0.5189313,0.5189313,0.041692242,0.075788945,-0.04147051,-0.076010674,0.5189313,0.5189313,0.041692242,0.075788945
149.459,2.9988,19.9289,0.7924,3.0,20.0,1.0,-0.041596577,-0.07612062,0.52006924,0.52006924,0.041818906,0.07589829,-0.041596577,-0.07612062,0.52006924,0.52006924,0.041818906,0.07589829
149.510,2.9988,19.9289,0.7918,3.0,20.0,1.0,-0.041569423,-0.07635655,0.52366805,0.52366805,0.04178756,0.076138414,-0.041569423,-0.07635655,0.52366805,0.52366805,0.04178756,0.076138414
149.560,2.9988,19.9288,0.7917,3.0,20.0,1.0,-0.079615265,-0.17576012,1.0,1.0,0.08009464,0.17528075,-0.079615265,-0.17576012,1.0,1.0,0.08009464,0.17528075
149.610,2.9988,19.9288,0.7925,3.0,20.0,1.0,-0.03974836,-0.07438662,0.5001852,0.5001852,0.039961703,0.07417327,-0.03974836,-0.07438662,0.5001852,0.5001852,0.039961703,0.07417327
149.659,2.9988,19.9288,0.7929,3.0,20.0,1.0,-0.040320985,-0.0742495,0.49363276,0.49363276,0.0405514,0.07401908,-0.040320985,-0.0742495,0.49363276,0.49363276,0.0405514,0.07401908
149.710,2.9988,19.9288,0.7936,3.0,20.0,1.0,-0.040269572,-0.07441391,0.4972008,0.4972008,0.04049516,0.07418832,-0.040269572,-0.07441391,0.4972008,0.4972008,0.04049516,0.07418832
149.760,2.9988,19.9288,0.7938,3.0,20.0,1.0,-0.040589213,-0.07439354,0.49470156,0.49470156,0.040823203,0.07415955,-0.040589213,-0.07439354,0.49470156,0.49470156,0.040823203,0.07415955
149.811,2.9988,19.9288,0.7941,3.0,20.0,1.0,-0.040537044,-0.07458571,0.49833173,0.49833173,0.0407661,0.07435666,-0.040537044,-0.07458571,0.49833173,0.49833173,0.0407661,0.07435666
149.860,2.9988,19.9287,0.7944,3.0,20.0,1.0,-0.040682383,-0.07466533,0.49889773,0.49889773,0.040913317,0.07443439,-0.040682383,-0.07466533,0.49889773,0.49889773,0.040913317,0.07443439
149.907,2.9988,19.9287,0.7945,3.0,20.0,1.0,-0.04079809,-0.07468478,0.49879262,0.49879262,0.041031096,0.074451774,-0.04079809,-0.07468478,0.49879262,0.49879262,0.041031096,0.074451774
