time,x,y,z,tx,ty,tz,p1,p2,p3,p4,p5,p6,m1,m2,m3,m4,m5,m6
0.028,1.1922,-0.1143,0.2414,1.0,0.0,1.0,0.2128031,-0.12799287,1.0,1.0,-0.023957444,-0.06085278,0.2128031,-0.12799287,1.0,1.0,-0.023957444,-0.06085278
0.063,1.1922,-0.1143,0.2414,1.0,0.0,1.0,0.2128031,-0.12799287,1.0,1.0,-0.023957444,-0.06085278,0.2128031,-0.12799287,1.0,1.0,-0.023957444,-0.06085278
0.116,1.1922,-0.1143,0.2414,1.0,0.0,1.0,0.2128031,-0.12799287,1.0,1.0,-0.023957444,-0.06085278,0.2128031,-0.12799287,1.0,1.0,-0.023957444,-0.06085278
0.158,1.1922,-0.1143,0.2414,1.0,0.0,1.0,0.2128031,-0.12799287,1.0,1.0,-0.023957444,-0.06085278,0.2128031,-0.12799287,1.0,1.0,-0.023957444,-0.06085278
0.211,1.1922,-0.1143,0.2414,1.0,0.0,1.0,0.2128031,-0.12799287,1.0,1.0,-0.023957444,-0.06085278,0.2128031,-0.12799287,1.0,1.0,-0.023957444,-0.06085278
0.264,1.1922,-0.1143,0.2414,1.0,0.0,1.0,0.2128031,-0.12799287,1.0,1.0,-0.023957444,-0.06085278,0.2128031,-0.12799287,1.0,1.0,-0.023957444,-0.06085278
0.317,1.1922,-0.1143,0.2414,1.0,0.0,1.0,0.2128031,-0.12799287,1.0,1.0,-0.023957444,-0.06085278,0.2128031,-0.12799287,1.0,1.0,-0.023957444,-0.06085278
0.360,1.1922,-0.1143,0.2414,1.0,0.0,1.0,0.2128031,-0.12799287,1.0,1.0,-0.023957444,-0.06085278,0.2128031,-0.12799287,1.0,1.0,-0.023957444,-0.06085278
0.413,1.1922,-0.1143,0.2414,1.0,0.0,1.0,0.2128031,-0.12799287,1.0,1.0,-0.023957444,-0.06085278,0.2128031,-0.12799287,1.0,1.0,-0.023957444,-0.06085278
0.466,1.1922,-0.1143,0.2414,1.0,0.0,1.0,0.2128031,-0.12799287,1.0,1.0,-0.023957444,-0.06085278,0.2128031,-0.12799287,1.0,1.0,-0.023957444,-0.06085278
0.519,1.1922,-0.1143,0.2414,1.0,0.0,1.0,0.2128031,-0.12799287,1.0,1.0,-0.023957444,-0.06085278,0.2128031,-0.12799287,1.0,1.0,-0.023957444,-0.06085278
0.561,1.1922,-0.1143,0.2414,1.0,0.0,1.0,0.2128031,-0.12799287,1.0,1.0,-0.023957444,-0.06085278,0.2128031,-0.12799287,1.0,1.0,-0.023957444,-0.06085278
0.614,1.1922,-0.1143,0.2414,1.0,0.0,1.0,0.2128031,-0.12799287,1.0,1.0,-0.023957444,-0.06085278,0.2128031,-0.12799287,1.0,1.0,-0.023957444,-0.06085278
0.669,1.1922,-0.1143,0.2414,1.0,0.0,1.0,0.2128031,-0.12799287,1.0,1.0,-0.023957444,-0.06085278,0.2128031,-0.12799287,1.0,1.0,-0.023957444,-0.06085278
0.712,1.1922,-0.1143,0.2414,1.0,0.0,1.0,0.2128031,-0.12799287,1.0,1.0,-0.023957444,-0.06085278,0.2128031,-0.12799287,1.0,1.0,-0.023957444,-0.06085278
0.768,1.1922,-0.1143,0.2414,1.0,0.0,1.0,0.2128031,-0.12799287,1.0,1.0,-0.023957444,-0.06085278,0.2128031,-0.12799287,1.0,1.0,-0.023957444,-0.06085278
0.821,1.1922,-0.1143,0.2414,1.0,0.0,1.0,0.2128031,-0.12799287,1.0,1.0,-0.023957444,-0.06085278,0.2128031,-0.12799287,1.0,1.0,-0.023957444,-0.06085278
0.863,1.1922,-0.1143,0.2414,1.0,0.0,1.0,0.2128031,-0.12799287,1.0,1.0,-0.023957444,-0.06085278,0.2128031,-0.12799287,1.0,1.0,-0.023957444,-0.06085278
0.916,1.1922,-0.1143,0.2414,1.0,0.0,1.0,0.2128031,-0.12799287,1.0,1.0,-0.023957444,-0.06085278,0.2128031,-0.12799287,1.0,1.0,-0.023957444,-0.06085278
0.968,1.1922,-0.1143,0.2414,1.0,0.0,1.0,0.2128031,-0.12799287,1.0,1.0,-0.023957444,-0.06085278,0.2128031,-0.12799287,1.0,1.0,-0.023957444,-0.06085278
1.021,1.1922,-0.1143,0.2414,1.0,0.0,1.0,0.2128031,-0.12799287,1.0,1.0,-0.023957444,-0.06085278,0.2128031,-0.12799287,1.0,1.0,-0.023957444,-0.06085278
1.054,1.1922,-0.1143,0.2414,1.0,0.0,1.0,0.2128031,-0.12799287,1.0,1.0,-0.023957444,-0.06085278,0.2128031,-0.12799287,1.0,1.0,-0.023957444,-0.06085278
1.115,1.1922,-0.1143,0.2414,1.0,0.0,1.0,0.2128031,-0.12799287,1.0,1.0,-0.023957444,-0.06085278,0.2128031,-0.12799287,1.0,1.0,-0.023957444,-0.06085278
1.154,1.1922,-0.1143,0.2414,1.0,0.0,1.0,0.2128031,-0.12799287,1.0,1.0,-0.023957444,-0.06085278,0.2128031,-0.12799287,1.0,1.0,-0.023957444,-0.06085278
1.207,1.1922,-0.1143,0.2414,1.0,0.0,1.0,0.2128031,-0.12799287,1.0,1.0,-0.023957444,-0.06085278,0.2128031,-0.12799287,1.0,1.0,-0.023957444,-0.06085278
1.259,1.1922,-0.1143,0.2414,1.0,0.0,1.0,0.2128031,-0.12799287,1.0,1.0,-0.023957444,-0.06085278,0.2128031,-0.12799287,1.0,1.0,-0.023957444,-0.06085278
1.314,1.1922,-0.1143,0.2414,1.0,0.0,1.0,0.2128031,-0.12799287,1.0,1.0,-0.023957444,-0.06085278,0.2128031,-0.12799287,1.0,1.0,-0.023957444,-0.06085278
1.356,1.1922,-0.1143,0.2414,1.0,0.0,1.0,0.2128031,-0.12799287,1.0,1.0,-0.023957444,-0.06085278,0.2128031,-0.12799287,1.0,1.0,-0.023957444,-0.06085278
1.436,1.1922,-0.1143,0.2414,1.0,0.0,1.0,0.2128031,-0.12799287,1.0,1.0,-0.023957444,-0.06085278,0.2128031,-0.12799287,1.0,1.0,-0.023957444,-0.06085278
1.465,1.1922,-0.1143,0.2414,1.0,0.0,1.0,0.2128031,-0.12799287,1.0,1.0,-0.023957444,-0.06085278,0.2128031,-0.12799287,1.0,1.0,-0.023957444,-0.06085278
1.510,1.1922,-0.1143,0.2414,1.0,0.0,1.0,0.2128031,-0.12799287,1.0,1.0,-0.023957444,-0.06085278,0.2128031,-0.12799287,1.0,1.0,-0.023957444,-0.06085278
1.562,1.1922,-0.1143,0.2414,1.0,0.0,1.0,0.2128031,-0.12799287,1.0,1.0,-0.023957444,-0.06085278,0.2128031,-0.12799287,1.0,1.0,-0.023957444,-0.06085278
1.615,1.1922,-0.1143,0.2414,1.0,0.0,1.0,0.2128031,-0.12799287,1.0,1.0,-0.023957444,-0.06085278,0.2128031,-0.12799287,1.0,1.0,-0.023957444,-0.06085278
1.668,1.1922,-0.1143,0.2414,1.0,0.0,1.0,0.2128031,-0.12799287,1.0,1.0,-0.023957444,-0.06085278,0.2128031,-0.12799287,1.0,1.0,-0.023957444,-0.06085278
1.710,1.1922,-0.1143,0.2414,1.0,0.0,1.0,0.2128031,-0.12799287,1.0,1.0,-0.023957444,-0.06085278,0.2128031,-0.12799287,1.0,1.0,-0.023957444,-0.06085278
1.763,1.1922,-0.1143,0.2414,1.0,0.0,1.0,0.2128031,-0.12799287,1.0,1.0,-0.023957444,-0.06085278,0.2128031,-0.12799287,1.0,1.0,-0.023957444,-0.06085278
1.816,1.1922,-0.1143,0.2414,1.0,0.0,1.0,0.2128031,-0.12799287,1.0,1.0,-0.023957444,-0.06085278,0.2128031,-0.12799287,1.0,1.0,-0.023957444,-0.06085278
1.858,1.1922,-0.1143,0.2414,1.0,0.0,1.0,0.2128031,-0.12799287,1.0,1.0,-0.023957444,-0.06085278,0.2128031,-0.12799287,1.0,1.0,-0.023957444,-0.06085278
1.911,1.1922,-0.1143,0.2414,1.0,0.0,1.0,0.2128031,-0.12799287,1.0,1.0,-0.023957444,-0.06085278,0.2128031,-0.12799287,1.0,1.0,-0.023957444,-0.06085278
1.963,1.1922,-0.1143,0.2414,1.0,0.0,1.0,0.2128031,-0.12799287,1.0,1.0,-0.023957444,-0.06085278,0.2128031,-0.12799287,1.0,1.0,-0.023957444,-0.06085278
2.015,1.1922,-0.1143,0.2414,1.0,0.0,1.0,0.2128031,-0.12799287,1.0,1.0,-0.023957444,-0.06085278,0.2128031,-0.12799287,1.0,1.0,-0.023957444,-0.06085278
2.068,1.1922,-0.1143,0.2414,1.0,0.0,1.0,0.2128031,-0.12799287,1.0,1.0,-0.023957444,-0.06085278,0.2128031,-0.12799287,1.0,1.0,-0.023957444,-0.06085278
2.110,1.1922,-0.1143,0.2414,1.0,0.0,1.0,0.2128031,-0.12799287,1.0,1.0,-0.023957444,-0.06085278,0.2128031,-0.12799287,1.0,1.0,-0.023957444,-0.06085278
2.162,1.1922,-0.1143,0.2414,1.0,0.0,1.0,0.2128031,-0.12799287,1.0,1.0,-0.023957444,-0.06085278,0.2128031,-0.12799287,1.0,1.0,-0.023957444,-0.06085278
2.214,1.1922,-0.1143,0.2414,1.0,0.0,1.0,0.2128031,-0.12799287,1.0,1.0,-0.023957444,-0.06085278,0.2128031,-0.12799287,1.0,1.0,-0.023957444,-0.06085278
2.267,1.1922,-0.1143,0.2414,1.0,0.0,1.0,0.2128031,-0.12799287,1.0,1.0,-0.023957444,-0.06085278,0.2128031,-0.12799287,1.0,1.0,-0.023957444,-0.06085278
2.313,1.1922,-0.1143,0.2414,1.0,0.0,1.0,0.2128031,-0.12799287,1.0,1.0,-0.023957444,-0.06085278,0.2128031,-0.12799287,1.0,1.0,-0.023957444,-0.06085278
2.365,1.1922,-0.1143,0.2414,1.0,0.0,1.0,0.2128031,-0.12799287,1.0,1.0,-0.023957444,-0.06085278,0.2128031,-0.12799287,1.0,1.0,-0.023957444,-0.06085278
2.417,1.1922,-0.1143,0.2414,1.0,0.0,1.0,0.2128031,-0.12799287,1.0,1.0,-0.023957444,-0.06085278,0.2128031,-0.12799287,1.0,1.0,-0.023957444,-0.06085278
2.458,1.1922,-0.1143,0.2414,1.0,0.0,1.0,0.2128031,-0.12799287,1.0,1.0,-0.023957444,-0.06085278,0.2128031,-0.12799287,1.0,1.0,-0.023957444,-0.06085278
2.530,1.1922,-0.1143,0.2414,1.0,0.0,1.0,0.2128031,-0.12799287,1.0,1.0,-0.023957444,-0.06085278,0.2128031,-0.12799287,1.0,1.0,-0.023957444,-0.06085278
2.562,1.1922,-0.1143,0.2414,1.0,0.0,1.0,0.2128031,-0.12799287,1.0,1.0,-0.023957444,-0.06085278,0.2128031,-0.12799287,1.0,1.0,-0.023957444,-0.06085278
2.614,1.1922,-0.1143,0.2414,1.0,0.0,1.0,0.2128031,-0.12799287,1.0,1.0,-0.023957444,-0.06085278,0.2128031,-0.12799287,1.0,1.0,-0.023957444,-0.06085278
2.665,1.1922,-0.1143,0.2414,1.0,0.0,1.0,0.2128031,-0.12799287,1.0,1.0,-0.023957444,-0.06085278,0.2128031,-0.12799287,1.0,1.0,-0.023957444,-0.06085278
2.717,1.1922,-0.1143,0.2414,1.0,0.0,1.0,0.2128031,-0.12799287,1.0,1.0,-0.023957444,-0.06085278,0.2128031,-0.12799287,1.0,1.0,-0.023957444,-0.06085278
2.769,1.1922,-0.1143,0.2414,1.0,0.0,1.0,0.2128031,-0.12799287,1.0,1.0,-0.023957444,-0.06085278,0.2128031,-0.12799287,1.0,1.0,-0.023957444,-0.06085278
2.803,1.1922,-0.1143,0.2414,1.0,0.0,1.0,0.2128031,-0.12799287,1.0,1.0,-0.023957444,-0.06085278,0.2128031,-0.12799287,1.0,1.0,-0.023957444,-0.06085278
2.854,0.0000,0.0000,0.0000,0.0,0.0,0.0,0.0,0.0,0.0,0.0,0.0,0.0,0.0,0.0,0.0,0.0,0.0,0.0
2.903,0.0000,0.0000,0.0000,0.0,0.0,0.0,0.0,0.0,0.0,0.0,0.0,0.0,0.0,0.0,0.0,0.0,0.0,0.0
2.953,0.0000,0.0000,0.0000,0.0,0.0,0.0,0.0,0.0,0.0,0.0,0.0,0.0,0.0,0.0,0.0,0.0,0.0,0.0
3.004,0.0000,0.0000,0.0000,0.0,0.0,0.0,0.0,0.0,0.0,0.0,0.0,0.0,0.0,0.0,0.0,0.0,0.0,0.0
3.054,0.7000,0.0000,0.4998,0.0,0.0,0.0,0.0,0.0,0.0,0.0,0.0,0.0,0.0,0.0,0.0,0.0,0.0,0.0
3.133,0.7000,0.0000,0.4991,0.0,0.0,0.0,0.0,0.0,0.0,0.0,0.0,0.0,0.0,0.0,0.0,0.0,0.0,0.0
3.160,0.6999,0.0000,0.4983,0.0,0.0,0.0,0.0,0.0,0.0,0.0,0.0,0.0,0.0,0.0,0.0,0.0,0.0,0.0
3.205,0.6999,0.0000,0.4966,0.0,0.0,0.0,0.0,0.0,0.0,0.0,0.0,0.0,0.0,0.0,0.0,0.0,0.0,0.0
3.255,0.6998,0.0000,0.4952,0.0,0.0,0.0,0.0,0.0,0.0,0.0,0.0,0.0,0.0,0.0,0.0,0.0,0.0,0.0
3.306,0.6998,0.0000,0.4926,0.0,0.0,0.0,0.0,0.0,0.0,0.0,0.0,0.0,0.0,0.0,0.0,0.0,0.0,0.0
3.360,0.6997,0.0000,0.4906,0.0,0.0,0.0,0.0,0.0,0.0,0.0,0.0,0.0,0.0,0.0,0.0,0.0,0.0,0.0
3.407,0.6997,0.0000,0.4873,0.0,0.0,0.0,0.0,0.0,0.0,0.0,0.0,0.0,0.0,0.0,0.0,0.0,0.0,0.0
3.454,0.6996,0.0000,0.4849,0.0,0.0,0.0,0.0,0.0,0.0,0.0,0.0,0.0,0.0,0.0,0.0,0.0,0.0,0.0
3.510,0.6996,0.0000,0.4808,0.0,0.0,0.0,0.0,0.0,0.0,0.0,0.0,0.0,0.0,0.0,0.0,0.0,0.0,0.0
3.570,0.6996,0.0000,0.4779,0.0,0.0,0.0,0.0,0.0,0.0,0.0,0.0,0.0,0.0,0.0,0.0,0.0,0.0,0.0
3.615,0.6996,0.0000,0.4732,0.0,0.0,0.0,0.0,0.0,0.0,0.0,0.0,0.0,0.0,0.0,0.0,0.0,0.0,0.0
3.662,0.6996,0.0000,0.4698,0.0,0.0,0.0,0.0,0.0,0.0,0.0,0.0,0.0,0.0,0.0,0.0,0.0,0.0,0.0
3.714,0.6996,0.0000,0.4645,0.0,0.0,0.0,0.0,0.0,0.0,0.0,0.0,0.0,0.0,0.0,0.0,0.0,0.0,0.0
3.765,0.6996,0.0000,0.4608,0.0,0.0,0.0,0.0,0.0,0.0,0.0,0.0,0.0,0.0,0.0,0.0,0.0,0.0,0.0
3.815,0.6996,0.0000,0.4549,0.0,0.0,0.0,0.0,0.0,0.0,0.0,0.0,0.0,0.0,0.0,0.0,0.0,0.0,0.0
3.854,0.6996,0.0000,0.4509,0.0,0.0,0.0,0.0,0.0,0.0,0.0,0.0,0.0,0.0,0.0,0.0,0.0,0.0,0.0
3.910,0.6997,0.0000,0.4445,0.0,0.0,0.0,0.0,0.0,0.0,0.0,0.0,0.0,0.0,0.0,0.0,0.0,0.0,0.0
3.958,0.6997,0.0000,0.4401,0.0,0.0,0.0,0.0,0.0,0.0,0.0,0.0,0.0,0.0,0.0,0.0,0.0,0.0,0.0
4.015,0.6998,0.0000,0.4332,0.0,0.0,0.0,0.0,0.0,0.0,0.0,0.0,0.0,0.0,0.0,0.0,0.0,0.0,0.0
4.061,0.6998,0.0000,0.4285,0.0,0.0,0.0,0.0,0.0,0.0,0.0,0.0,0.0,0.0,0.0,0.0,0.0,0.0,0.0
4.115,0.6999,0.0000,0.4213,0.0,0.0,0.0,0.0,0.0,0.0,0.0,0.0,0.0,0.0,0.0,0.0,0.0,0.0,0.0
4.162,0.7000,0.0000,0.4163,0.0,0.0,0.0,0.0,0.0,0.0,0.0,0.0,0.0,0.0,0.0,0.0,0.0,0.0,0.0
4.215,0.7000,0.0000,0.4086,0.0,0.0,0.0,0.0,0.0,0.0,0.0,0.0,0.0,0.0,0.0,0.0,0.0,0.0,0.0
4.262,0.7001,0.0000,0.4034,0.0,0.0,0.0,0.0,0.0,0.0,0.0,0.0,0.0,0.0,0.0,0.0,0.0,0.0,0.0
4.315,0.7002,0.0000,0.3954,0.0,0.0,0.0,0.0,0.0,0.0,0.0,0.0,0.0,0.0,0.0,0.0,0.0,0.0,0.0
4.363,0.7002,0.0000,0.3900,0.0,0.0,0.0,0.0,0.0,0.0,0.0,0.0,0.0,0.0,0.0,0.0,0.0,0.0,0.0
4.415,0.7003,-0.0000,0.3816,0.0,0.0,0.0,0.0,0.0,0.0,0.0,0.0,0.0,0.0,0.0,0.0,0.0,0.0,0.0
4.465,0.7004,-0.0000,0.3760,0.0,0.0,0.0,0.0,0.0,0.0,0.0,0.0,0.0,0.0,0.0,0.0,0.0,0.0,0.0
4.515,0.7004,-0.0000,0.3673,0.0,0.0,0.0,0.0,0.0,0.0,0.0,0.0,0.0,0.0,0.0,0.0,0.0,0.0,0.0
4.565,0.7005,-0.0000,0.3615,0.0,0.0,0.0,0.0,0.0,0.0,0.0,0.0,0.0,0.0,0.0,0.0,0.0,0.0,0.0
4.614,0.7005,-0.0000,0.3526,0.0,0.0,0.0,0.0,0.0,0.0,0.0,0.0,0.0,0.0,0.0,0.0,0.0,0.0,0.0
4.665,0.7006,-0.0000,0.3466,1.0,0.0,1.0,0.0,0.0,0.0,0.0,0.0,0.0,0.0,0.0,0.0,0.0,0.0,0.0
4.715,0.7009,0.0004,0.3378,1.0,0.0,1.0,1.0,-0.8017691,0.58237964,0.58237964,-0.99999285,0.8017619,1.0,-0.8017691,0.58237964,0.58237964,-0.99999285,0.8017619
4.765,0.7014,0.0011,0.3323,1.0,0.0,1.0,0.9880871,-0.7477351,0.7834364,0.7834364,-1.0,0.75964797,0.9880871,-0.7477351,0.7834364,0.7834364,-1.0,0.75964797
4.815,0.7026,0.0026,0.3252,1.0,0.0,1.0,0.97426116,-0.72840285,0.80160296,0.80160296,-1.0,0.7541416,0.97426116,-0.72840285,0.80160296,0.80160296,-1.0,0.7541416
4.866,0.7036,0.0038,0.3211,1.0,0.0,1.0,0.93924594,-0.6813778,0.87409204,0.87409204,-1.0,0.7421319,0.93924594,-0.6813778,0.87409204,0.87409204,-1.0,0.7421319
4.904,0.7055,0.0059,0.3160,1.0,0.0,1.0,0.9354386,-0.67858446,0.87452257,0.87452257,-1.0,0.7431459,0.9354386,-0.67858446,0.87452257,0.87452257,-1.0,0.7431459
4.955,0.7070,0.0073,0.3134,1.0,0.0,1.0,0.8865545,-0.61774457,0.97091424,0.97091424,-1.0,0.7311901,0.8865545,-0.61774457,0.97091424,0.97091424,-1.0,0.7311901
5.005,0.7094,0.0095,0.3106,1.0,0.0,1.0,0.889607,-0.6256398,0.96002424,0.96002424,-1.0,0.7360328,0.889607,-0.6256398,0.96002424,0.96002424,-1.0,0.7360328
5.055,0.7111,0.0110,0.3096,1.0,0.0,1.0,0.7644528,-0.5121995,1.0,1.0,-0.92323816,0.67098486,0.7644528,-0.5121995,1.0,1.0,-0.92323816,0.67098486
5.105,0.7139,0.0131,0.3092,1.0,0.0,1.0,0.7930991,-0.5417355,1.0,1.0,-0.94512665,0.693763,0.7930991,-0.5417355,1.0,1.0,-0.94512665,0.693763
5.155,0.7158,0.0144,0.3097,1.0,0.0,1.0,0.6370102,-0.41284117,1.0,1.0,-0.82874846,0.60457945,0.6370102,-0.41284117,1.0,1.0,-0.82874846,0.60457945
5.205,0.7186,0.0162,0.3115,1.0,0.0,1.0,0.67573744,-0.45022565,1.0,1.0,-0.8578151,0.6323033,0.67573744,-0.45022565,1.0,1.0,-0.8578151,0.6323033
5.255,0.7206,0.0173,0.3134,1.0,0.0,1.0,0.53326124,-0.3367376,1.0,1.0,-0.7486231,0.5520994,0.53326124,-0.3367376,1.0,1.0,-0.7486231,0.5520994
5.304,0.7235,0.0187,0.3172,1.0,0.0,1.0,0.57623506,-0.37602353,1.0,1.0,-0.7812646,0.5810531,0.57623506,-0.37602353,1.0,1.0,-0.7812646,0.5810531
5.355,0.7254,0.0195,0.3204,1.0,0.0,1.0,0.44771308,-0.2765417,1.0,1.0,-0.6800352,0.5088638,0.44771308,-0.2765417,1.0,1.0,-0.6800352,0.5088638
5.405,0.7284,0.0205,0.3259,1.0,0.0,1.0,0.4914475,-0.314783,1.0,1.0,-0.71408725,0.5374228,0.4914475,-0.314783,1.0,1.0,-0.71408725,0.5374228
5.455,0.7303,0.0210,0.3302,1.0,0.0,1.0,0.37854382,-0.2292817,1.0,1.0,-0.62296504,0.4737029,0.37854382,-0.2292817,1.0,1.0,-0.62296504,0.4737029
5.505,0.7332,0.0217,0.3373,1.0,0.0,1.0,0.41796353,-0.26272854,1.0,1.0,-0.6544706,0.49923566,0.41796353,-0.26272854,1.0,1.0,-0.6544706,0.49923566
5.555,0.7351,0.0220,0.3424,1.0,0.0,1.0,0.31682894,-0.18722594,1.0,1.0,-0.5711815,0.44157845,0.31682894,-0.18722594,1.0,1.0,-0.5711815,0.44157845
5.605,0.7380,0.0224,0.3509,1.0,0.0,1.0,0.35465997,-0.21841854,1.0,1.0,-0.6022195,0.4659781,0.35465997,-0.21841854,1.0,1.0,-0.6022195,0.4659781
5.656,0.7399,0.0225,0.3569,1.0,0.0,1.0,0.26736376,-0.15385371,1.0,1.0,-0.5292301,0.41572008,0.26736376,-0.15385371,1.0,1.0,-0.5292301,0.41572008
5.706,0.7427,0.0226,0.3665,1.0,0.0,1.0,0.54072964,-0.39307663,1.0,1.0,-0.8036598,0.6560068,0.54072964,-0.39307663,1.0,1.0,-0.8036598,0.6560068
5.756,0.7446,0.0227,0.3733,1.0,0.0,1.0,0.2246692,-0.13173626,1.0,1.0,-0.5046374,0.41170445,0.2246692,-0.13173626,1.0,1.0,-0.5046374,0.41170445
5.807,0.7474,0.0226,0.3839,1.0,0.0,1.0,0.24708776,-0.15013139,1.0,1.0,-0.5234207,0.42646435,0.24708776,-0.15013139,1.0,1.0,-0.5234207,0.42646435
5.861,0.7493,0.0224,0.3913,1.0,0.0,1.0,0.1647388,-0.089516655,1.0,1.0,-0.45316273,0.3779406,0.1647388,-0.089516655,1.0,1.0,-0.45316273,0.3779406
5.916,0.7522,0.0221,0.4028,1.0,0.0,1.0,0.19887564,-0.11654572,1.0,1.0,-0.48276854,0.4004386,0.19887564,-0.11654572,1.0,1.0,-0.48276854,0.4004386
5.962,0.7541,0.0218,0.4107,1.0,0.0,1.0,0.12750588,-0.0637469,1.0,1.0,-0.42187858,0.35811958,0.12750588,-0.0637469,1.0,1.0,-0.42187858,0.35811958
6.015,0.7570,0.0212,0.4230,1.0,0.0,1.0,0.15677525,-0.086822204,1.0,1.0,-0.44764188,0.37768883,0.15677525,-0.086822204,1.0,1.0,-0.44764188,0.37768883
6.065,0.7589,0.0208,0.4314,1.0,0.0,1.0,0.09415554,-0.04003773,1.0,1.0,-0.39458892,0.3404711,0.09415554,-0.04003773,1.0,1.0,-0.39458892,0.3404711
6.112,0.7619,0.0201,0.4443,1.0,0.0,1.0,0.119896136,-0.060323168,1.0,1.0,-0.41745684,0.35788387,0.119896136,-0.060323168,1.0,1.0,-0.41745684,0.35788387
6.165,0.7638,0.0196,0.4531,1.0,0.0,1.0,0.06410349,-0.018058356,1.0,1.0,-0.37084967,0.32480454,0.06410349,-0.018058356,1.0,1.0,-0.37084967,0.32480454
6.215,0.7668,0.0187,0.4665,1.0,0.0,1.0,0.0867309,-0.035960346,1.0,1.0,-0.39104,0.34026945,0.0867309,-0.035960346,1.0,1.0,-0.39104,0.34026945
6.265,0.7688,0.0181,0.4757,1.0,0.0,1.0,0.036351714,0.002862373,1.0,1.0,-0.34986508,0.31065097,0.036351714,0.002862373,1.0,1.0,-0.34986508,0.31065097
6.314,0.7718,0.0172,0.4896,1.0,0.0,1.0,0.056087438,-0.012866649,1.0,1.0,-0.36749548,0.3242747,0.056087438,-0.012866649,1.0,1.0,-0.36749548,0.3242747
6.366,0.7739,0.0165,0.4991,1.0,0.0,1.0,0.009039624,0.024114758,1.0,1.0,-0.33014196,0.2969876,0.009039624,0.024114758,1.0,1.0,-0.33014196,0.2969876
6.416,0.7770,0.0155,0.5134,1.0,0.0,1.0,0.027380869,0.009358393,1.0,1.0,-0.34642115,0.3096819,0.027380869,0.009358393,1.0,1.0,-0.34642115,0.3096819
6.454,0.7790,0.0148,0.5231,1.0,0.0,1.0,-0.016410721,0.044511437,1.0,1.0,-0.3129355,0.28483477,-0.016410721,0.044511437,1.0,1.0,-0.3129355,0.28483477
6.504,0.7821,0.0137,0.5378,1.0,0.0,1.0,-0.00010877435,0.031237071,1.0,1.0,-0.32731438,0.29618606,-0.00010877435,0.031237071,1.0,1.0,-0.32731438,0.29618606
6.555,0.7842,0.0130,0.5477,1.0,0.0,1.0,-0.042071562,0.06568354,1.0,1.0,-0.29669705,0.27308506,-0.042071562,0.06568354,1.0,1.0,-0.29669705,0.27308506
6.606,0.7874,0.0120,0.5628,1.0,0.0,1.0,-0.025968745,0.052390303,1.0,1.0,-0.3106264,0.28420484,-0.025968745,0.052390303,1.0,1.0,-0.3106264,0.28420484
6.656,0.7895,0.0112,0.5728,1.0,0.0,1.0,-0.06435284,0.08371908,0.97017086,0.97017086,-0.2744263,0.25506008,-0.06435284,0.08371908,0.97017086,0.97017086,-0.2744263,0.25506008
6.705,0.7910,0.0107,0.5804,1.0,0.0,1.0,0.03053868,-0.0017812162,1.0,1.0,-0.3951811,0.3664236,0.03053868,-0.0017812162,1.0,1.0,-0.3951811,0.3664236
6.756,0.7947,0.0095,0.5982,1.0,0.0,1.0,-0.04236428,0.06137923,0.9183604,0.9183604,-0.28523162,0.2662167,-0.04236428,0.06137923,0.9183604,0.9183604,-0.28523162,0.2662167
6.805,0.7979,0.0084,0.6132,1.0,0.0,1.0,-0.100306794,0.1080773,0.8169179,0.8169179,-0.21231055,0.20454006,-0.100306794,0.1080773,0.8169179,0.8169179,-0.21231055,0.20454006
6.855,0.7999,0.0077,0.6230,1.0,0.0,1.0,-0.10093545,0.10860806,0.80339676,0.80339676,-0.2097199,0.20204729,-0.10093545,0.10860806,0.80339676,0.80339676,-0.2097199,0.20204729
6.905,0.8030,0.0067,0.6373,1.0,0.0,1.0,-0.08844813,0.09831937,0.81784403,0.81784403,-0.2245488,0.21467757,-0.08844813,0.09831937,0.81784403,0.81784403,-0.2245488,0.21467757
6.955,0.8050,0.0060,0.6466,1.0,0.0,1.0,-0.11365664,0.11932191,0.7595835,0.7595835,-0.19035959,0.18469432,-0.11365664,0.11932191,0.7595835,0.7595835,-0.19035959,0.18469432
7.006,0.8079,0.0051,0.6601,1.0,0.0,1.0,-0.103331126,0.110657446,0.7734334,0.7734334,-0.20307209,0.19574577,-0.103331126,0.110657446,0.7734334,0.7734334,-0.20307209,0.19574577
7.056,0.8099,0.0044,0.6689,1.0,0.0,1.0,-0.12429969,0.12848143,0.71845526,0.71845526,-0.17340949,0.16922775,-0.12429969,0.12848143,0.71845526,0.71845526,-0.17340949,0.16922775
7.105,0.8127,0.0035,0.6816,1.0,0.0,1.0,-0.11562103,0.12108032,0.73144376,0.73144376,-0.1844119,0.1789526,-0.11562103,0.12108032,0.73144376,0.73144376,-0.1844119,0.1789526
7.155,0.8146,0.0030,0.6898,1.0,0.0,1.0,-0.13242456,0.13564332,0.6808753,0.6808753,-0.15942653,0.15620777,-0.13242456,0.13564332,0.6808753,0.6808753,-0.15942653,0.15620777
7.205,0.8173,0.0022,0.7017,1.0,0.0,1.0,-0.12522425,0.12940909,0.6927203,0.6927203,-0.16880888,0.16462402,-0.12522425,0.12940909,0.6927203,0.6927203,-0.16880888,0.16462402
7.256,0.8190,0.0016,0.7093,1.0,0.0,1.0,-0.13859126,0.14121783,0.64580023,0.64580023,-0.14766343,0.14503686,-0.13859126,0.14121783,0.64580023,0.64580023,-0.14766343,0.14503686
7.305,0.8216,0.0009,0.7202,1.0,0.0,1.0,-0.1323801,0.13576329,0.6572794,0.6572794,-0.15602241,0.15263921,-0.1323801,0.13576329,0.6572794,0.6572794,-0.15602241,0.15263921
7.355,0.8232,0.0005,0.7272,1.0,0.0,1.0,-0.14254554,0.14491701,0.61440384,0.61440384,-0.13856237,0.1361909,-0.14254554,0.14491701,0.61440384,0.61440384,-0.13856237,0.1361909
7.405,0.8257,-0.0001,0.7372,1.0,0.0,1.0,-0.13736165,0.14029253,0.6254121,0.6254121,-0.1458653,0.14293444,-0.13736165,0.14029253,0.6254121,0.6254121,-0.1458653,0.14293444
7.455,0.8272,-0.0005,0.7436,1.0,0.0,1.0,-0.14494218,0.14724983,0.5855877,0.5855877,-0.13131727,0.12900962,-0.14494218,0.14724983,0.5855877,0.5855877,-0.13131727,0.12900962
7.507,0.8295,-0.0010,0.7526,1.0,0.0,1.0,-0.1406574,0.14336751,0.59627205,0.59627205,-0.13771074,0.13500062,-0.1406574,0.14336751,0.59627205,0.59627205,-0.13771074,0.13500062
7.557,0.8309,-0.0013,0.7584,1.0,0.0,1.0,-0.14569093,0.14808026,0.5606929,0.5606929,-0.12627485,0.12388553,-0.14569093,0.14808026,0.5606929,0.5606929,-0.12627485,0.12388553
7.607,0.8330,-0.0017,0.7666,1.0,0.0,1.0,-0.14238128,0.14503604,0.57042825,0.57042825,-0.131573,0.12891826,-0.14238128,0.14503604,0.57042825,0.57042825,-0.131573,0.12891826
7.656,0.8344,-0.0019,0.7718,1.0,0.0,1.0,-0.14535274,0.14788067,0.5385087,0.5385087,-0.12269461,0.12016668,-0.14535274,0.14788067,0.5385087,0.5385087,-0.12269461,0.12016668
7.707,0.8364,-0.0022,0.7796,1.0,0.0,1.0,-0.27054483,0.27560434,1.0,1.0,-0.2640064,0.2589469,-0.27054483,0.27560434,1.0,1.0,-0.2640064,0.2589469
7.757,0.8377,-0.0023,0.7850,1.0,0.0,1.0,-0.1380268,0.14032951,0.4770061,0.4770061,-0.115026325,0.112723604,-0.1380268,0.14032951,0.4770061,0.4770061,-0.115026325,0.112723604
7.815,0.8396,-0.0025,0.7927,1.0,0.0,1.0,-0.13572937,0.13808544,0.4813971,0.4813971,-0.11886299,0.11650693,-0.13572937,0.13808544,0.4813971,0.4813971,-0.11886299,0.11650693
7.863,0.8408,-0.0026,0.7974,1.0,0.0,1.0,-0.1351999,0.13756563,0.45176357,0.45176357,-0.114061765,0.11169605,-0.1351999,0.13756563,0.45176357,0.45176357,-0.114061765,0.11169605
7.915,0.8426,-0.0027,0.8040,1.0,0.0,1.0,-0.13447183,0.136894,0.46140584,0.46140584,-0.11667822,0.114256054,-0.13447183,0.136894,0.46140584,0.46140584,-0.11667822,0.114256054
7.963,0.8437,-0.0027,0.8081,1.0,0.0,1.0,-0.13308345,0.13555531,0.43588948,0.43588948,-0.11312786,0.110656,-0.13308345,0.13555531,0.43588948,0.43588948,-0.11312786,0.110656
8.004,0.8453,-0.0027,0.8137,1.0,0.0,1.0,-0.13274592,0.13523522,0.44443357,0.44443357,-0.11520382,0.112714514,-0.13274592,0.13523522,0.44443357,0.44443357,-0.11520382,0.112714514
8.056,0.8463,-0.0028,0.8171,1.0,0.0,1.0,-0.13067064,0.13320702,0.42332792,0.42332792,-0.1128119,0.110275514,-0.13067064,0.13320702,0.42332792,0.42332792,-0.1128119,0.110275514
8.106,0.8478,-0.0027,0.8218,1.0,0.0,1.0,-0.13069569,0.133222,0.43093035,0.43093035,-0.11438761,0.111861296,-0.13069569,0.133222,0.43093035,0.43093035,-0.11438761,0.111861296
8.156,0.8488,-0.0027,0.8246,1.0,0.0,1.0,-0.12815161,0.13068372,0.41363746,0.41363746,-0.1128077,0.1102756,-0.12815161,0.13068372,0.41363746,0.41363746,-0.1128077,0.1102756
8.206,0.8501,-0.0027,0.8284,1.0,0.0,1.0,-0.12845354,0.13095658,0.42014283,0.42014283,-0.11393379,0.11143076,-0.12845354,0.13095658,0.42014283,0.42014283,-0.11393379,0.11143076
8.256,0.8510,-0.0026,0.8307,1.0,0.0,1.0,-0.12563226,0.12807445,0.40647838,0.40647838,-0.11293527,0.11049307,-0.12563226,0.12807445,0.40647838,0.40647838,-0.11293527,0.11049307
8.305,0.8524,-0.0025,0.8338,1.0,0.0,1.0,-0.12618311,0.12859008,0.41230628,0.41230628,-0.11374113,0.11133417,-0.12618311,0.12859008,0.41230628,0.41230628,-0.11374113,0.11133417
8.356,0.8532,-0.0024,0.8356,1.0,0.0,1.0,-0.12317654,0.12544207,0.40171775,0.40171775,-0.113102086,0.11083656,-0.12317654,0.12544207,0.40171775,0.40171775,-0.113102086,0.11083656
8.406,0.8545,-0.0023,0.8379,1.0,0.0,1.0,-0.123870574,0.1261046,0.40675354,0.40675354,-0.11365615,0.11142213,-0.123870574,0.1261046,0.40675354,0.40675354,-0.11365615,0.11142213
8.456,0.8553,-0.0022,0.8393,1.0,0.0,1.0,-0.12079901,0.12280928,0.3991557,0.3991557,-0.113255076,0.111244805,-0.12079901,0.12280928,0.3991557,0.3991557,-0.113255076,0.111244805
8.506,0.8565,-0.0020,0.8410,1.0,0.0,1.0,-0.12159426,0.123585895,0.4035425,0.4035425,-0.11364253,0.11165089,-0.12159426,0.123585895,0.4035425,0.4035425,-0.11364253,0.11165089
8.556,0.8573,-0.0019,0.8419,1.0,0.0,1.0,-0.118402325,0.120088495,0.39842743,0.39842743,-0.11337441,0.11168824,-0.118402325,0.120088495,0.39842743,0.39842743,-0.11337441,0.11168824
8.607,0.8585,-0.0017,0.8430,1.0,0.0,1.0,-0.11930363,0.120991185,0.4023047,0.4023047,-0.11364868,0.11196113,-0.11930363,0.120991185,0.4023047,0.4023047,-0.11364868,0.11196113
8.656,0.8593,-0.0015,0.8436,1.0,0.0,1.0,-0.116119795,0.11743287,0.39965078,0.39965078,-0.11343504,0.11212196,-0.116119795,0.11743287,0.39965078,0.39965078,-0.11343504,0.11212196
8.716,0.8606,-0.0013,0.8448,1.0,0.0,1.0,-0.34151137,0.34623098,1.0,1.0,-0.31648022,0.3117606,-0.34151137,0.34623098,1.0,1.0,-0.31648022,0.3117606
8.757,0.8616,-0.0010,0.8462,1.0,0.0,1.0,-0.10736072,0.10809138,0.37512922,0.37512922,-0.1098714,0.10914075,-0.10736072,0.10809138,0.37512922,0.37512922,-0.1098714,0.10914075
8.806,0.8632,-0.0007,0.8480,1.0,0.0,1.0,-0.106443726,0.107154645,0.3718229,0.3718229,-0.111095265,0.11038434,-0.106443726,0.107154645,0.3718229,0.3718229,-0.111095265,0.11038434
8.866,0.8642,-0.0004,0.8490,1.0,0.0,1.0,-0.10131875,0.101506576,0.36600095,0.36600095,-0.11180784,0.11162001,-0.10131875,0.101506576,0.36600095,0.36600095,-0.11180784,0.11162001
8.912,0.8656,-0.0001,0.8501,1.0,0.0,1.0,-0.103227906,0.103499256,0.3700722,0.3700722,-0.11117606,0.11090471,-0.103227906,0.103499256,0.3700722,0.3700722,-0.11117606,0.11090471
8.966,0.8666,0.0000,0.8507,1.0,0.0,1.0,-0.099080145,0.09884256,0.36759764,0.36759764,-0.11120439,0.11144198,-0.099080145,0.09884256,0.36759764,0.36759764,-0.11120439,0.11144198
9.012,0.8680,0.0003,0.8512,1.0,0.0,1.0,-0.100797966,0.10064963,0.37107626,0.37107626,-0.11075817,0.1109065,-0.100797966,0.10064963,0.37107626,0.37107626,-0.11075817,0.1109065
9.067,0.8689,0.0005,0.8513,1.0,0.0,1.0,-0.09722463,0.09656734,0.37109128,0.37109128,-0.110328004,0.110985294,-0.09722463,0.09656734,0.37109128,0.37109128,-0.110328004,0.110985294
9.115,0.8703,0.0007,0.8513,1.0,0.0,1.0,-0.09869952,0.09812455,0.37395272,0.37395272,-0.11006627,0.11064124,-0.09869952,0.09812455,0.37395272,0.37395272,-0.11006627,0.11064124
9.165,0.8712,0.0009,0.8511,1.0,0.0,1.0,-0.095576584,0.09448659,0.37622073,0.37622073,-0.10928888,0.11037888,-0.095576584,0.09448659,0.37622073,0.37622073,-0.10928888,0.11037888
9.215,0.8725,0.0011,0.8505,1.0,0.0,1.0,-0.09678744,0.09578221,0.37854433,0.37854433,-0.109240174,0.11024541,-0.09678744,0.09578221,0.37854433,0.37854433,-0.109240174,0.11024541
9.264,0.8734,0.0012,0.8500,1.0,0.0,1.0,-0.09393414,0.09244106,0.38280892,0.38280892,-0.10831962,0.1098127,-0.09393414,0.09244106,0.38280892,0.38280892,-0.10831962,0.1098127
9.314,0.8747,0.0014,0.8490,1.0,0.0,1.0,-0.09497915,0.09359124,0.3846308,0.3846308,-0.108457,0.10984491,-0.09497915,0.09359124,0.3846308,0.3846308,-0.108457,0.10984491
9.364,0.8755,0.0015,0.8483,1.0,0.0,1.0,-0.09238295,0.090559885,0.3905764,0.3905764,-0.1075048,0.10932787,-0.09238295,0.090559885,0.3905764,0.3905764,-0.1075048,0.10932787
9.415,0.8767,0.0017,0.8469,1.0,0.0,1.0,-0.09332547,0.09160444,0.39194703,0.39194703,-0.107722685,0.10944372,-0.09332547,0.09160444,0.39194703,0.39194703,-0.107722685,0.10944372
9.465,0.8775,0.0018,0.8459,1.0,0.0,1.0,-0.09092999,0.08881597,0.3993408,0.3993408,-0.10675242,0.10886644,-0.09092999,0.08881597,0.3993408,0.3993408,-0.10675242,0.10886644
9.515,0.8786,0.0020,0.8443,1.0,0.0,1.0,-0.091811106,0.08979223,0.400282,0.400282,-0.1070237,0.109042585,-0.091811106,0.08979223,0.400282,0.400282,-0.1070237,0.109042585
9.554,0.8793,0.0021,0.8431,1.0,0.0,1.0,-0.089594215,0.08722021,0.40888506,0.40888506,-0.1060681,0.10844211,-0.089594215,0.08722021,0.40888506,0.40888506,-0.1060681,0.10844211
9.605,0.8804,0.0022,0.8413,1.0,0.0,1.0,-0.090399384,0.08810992,0.4095035,0.4095035,-0.10636932,0.10865879,-0.090399384,0.08810992,0.4095035,0.4095035,-0.10636932,0.10865879
9.655,0.8811,0.0023,0.8399,1.0,0.0,1.0,-0.088351645,0.08574225,0.41906482,0.41906482,-0.10546197,0.108071364,-0.088351645,0.08574225,0.41906482,0.41906482,-0.10546197,0.108071364
9.706,0.8822,0.0024,0.8385,1.0,0.0,1.0,-0.24484369,0.23855142,1.0,1.0,-0.29931012,0.30560237,-0.24484369,0.23855142,1.0,1.0,-0.29931012,0.30560237
9.755,0.8830,0.0026,0.8381,1.0,0.0,1.0,-0.08333787,0.08027448,0.40600723,0.40600723,-0.10059647,0.10365987,-0.08333787,0.08027448,0.40600723,0.40600723,-0.10059647,0.10365987
9.805,0.8841,0.0028,0.8374,1.0,0.0,1.0,-0.08402391,0.08079421,0.40092868,0.40092868,-0.10042872,0.10365842,-0.08402391,0.08079421,0.40092868,0.40092868,-0.10042872,0.10365842
9.855,0.8848,0.0029,0.8369,1.0,0.0,1.0,-0.08231762,0.078592464,0.40549392,0.40549392,-0.099043734,0.1027689,-0.08231762,0.078592464,0.40549392,0.40549392,-0.099043734,0.1027689
9.905,0.8858,0.0030,0.8358,1.0,0.0,1.0,-0.08295246,0.07939423,0.40712005,0.40712005,-0.0995211,0.103079334,-0.08295246,0.07939423,0.40712005,0.40712005,-0.0995211,0.103079334
9.955,0.8865,0.0031,0.8350,1.0,0.0,1.0,-0.081329554,0.07740377,0.41341117,0.41341117,-0.09833246,0.10225824,-0.081329554,0.07740377,0.41341117,0.41341117,-0.09833246,0.10225824
10.005,0.8875,0.0032,0.8336,1.0,0.0,1.0,-0.08191472,0.07812678,0.41463354,0.41463354,-0.09881556,0.1026035,-0.08191472,0.07812678,0.41463354,0.41463354,-0.09881556,0.1026035
10.055,0.8881,0.0033,0.8326,1.0,0.0,1.0,-0.080360435,0.07630131,0.42211938,0.42211938,-0.09782807,0.1018872,-0.080360435,0.07630131,0.42211938,0.42211938,-0.09782807,0.1018872
10.104,0.8889,0.0034,0.8310,1.0,0.0,1.0,-0.080904245,0.076950945,0.42297843,0.42297843,-0.09829535,0.102248654,-0.080904245,0.076950945,0.42297843,0.42297843,-0.09829535,0.102248654
10.154,0.8895,0.0034,0.8299,1.0,0.0,1.0,-0.07938042,0.07522219,0.43149948,0.43149948,-0.09747856,0.101636805,-0.07938042,0.07522219,0.43149948,0.43149948,-0.09747856,0.101636805
10.204,0.8903,0.0035,0.8281,1.0,0.0,1.0,-0.07992683,0.07584169,0.43203145,0.43203145,-0.09788618,0.10197133,-0.07992683,0.07584169,0.43203145,0.43203145,-0.09788618,0.10197133
10.255,0.8908,0.0035,0.8268,1.0,0.0,1.0,-0.078485884,0.07423575,0.441297,0.441297,-0.097198196,0.10144833,-0.078485884,0.07423575,0.441297,0.441297,-0.097198196,0.10144833
10.305,0.8915,0.0036,0.8249,1.0,0.0,1.0,-0.079018496,0.0748166,0.4415784,0.4415784,-0.09756183,0.101763725,-0.079018496,0.0748166,0.4415784,0.4415784,-0.09756183,0.101763725
10.355,0.8920,0.0036,0.8235,1.0,0.0,1.0,-0.07762172,0.07327694,0.45147383,0.45147383,-0.09698743,0.10133221,-0.07762172,0.07327694,0.45147383,0.45147383,-0.09698743,0.10133221
10.405,0.8927,0.0037,0.8214,1.0,0.0,1.0,-0.078151874,0.0738388,0.4514982,0.4514982,-0.09731686,0.101629935,-0.078151874,0.0738388,0.4514982,0.4514982,-0.09731686,0.101629935
10.455,0.8932,0.0037,0.8200,1.0,0.0,1.0,-0.076780766,0.072329186,0.46197143,0.46197143,-0.09681578,0.10126737,-0.076780766,0.072329186,0.46197143,0.46197143,-0.09681578,0.10126737
10.505,0.8938,0.0038,0.8178,1.0,0.0,1.0,-0.077294655,0.07286211,0.46185616,0.46185616,-0.09710292,0.10153546,-0.077294655,0.07286211,0.46185616,0.46185616,-0.09710292,0.10153546
10.555,0.8943,0.0038,0.8164,1.0,0.0,1.0,-0.07601863,0.07144489,0.4724011,0.4724011,-0.096680276,0.101254016,-0.07601863,0.07144489,0.4724011,0.4724011,-0.096680276,0.101254016
10.606,0.8949,0.0039,0.8142,1.0,0.0,1.0,-0.07649769,0.07193187,0.4722684,0.4722684,-0.09692732,0.101493135,-0.07649769,0.07193187,0.4722684,0.4722684,-0.09692732,0.101493135
10.655,0.8953,0.0039,0.8127,1.0,0.0,1.0,-0.075278185,0.070555955,0.48289016,0.48289016,-0.09654952,0.10127174,-0.075278185,0.070555955,0.48289016,0.48289016,-0.09654952,0.10127174
10.706,0.8959,0.0040,0.8111,1.0,0.0,1.0,-0.17432019,0.16347358,1.0,1.0,-0.2364489,0.24729551,-0.17432019,0.16347358,1.0,1.0,-0.2364489,0.24729551
10.755,0.8963,0.0041,0.8106,1.0,0.0,1.0,-0.07139862,0.06642813,0.4677401,0.4677401,-0.09272459,0.097695075,-0.07139862,0.06642813,0.4677401,0.4677401,-0.09272459,0.097695075
10.806,0.8970,0.0042,0.8098,1.0,0.0,1.0,-0.0720584,0.066913486,0.4626403,0.4626403,-0.09252512,0.097670026,-0.0720584,0.066913486,0.4626403,0.4626403,-0.09252512,0.097670026
10.855,0.8974,0.0043,0.8093,1.0,0.0,1.0,-0.07118341,0.0656818,0.46739626,0.46739626,-0.091709994,0.09721161,-0.07118341,0.0656818,0.46739626,0.46739626,-0.091709994,0.09721161
10.905,0.8980,0.0044,0.8083,1.0,0.0,1.0,-0.07153625,0.06614154,0.46859777,0.46859777,-0.09207699,0.0974717,-0.07153625,0.06614154,0.46859777,0.46859777,-0.09207699,0.0974717
10.955,0.8984,0.0044,0.8076,1.0,0.0,1.0,-0.070643865,0.06496257,0.4742925,0.4742925,-0.091373086,0.09705438,-0.070643865,0.06496257,0.4742925,0.4742925,-0.091373086,0.09705438
11.005,0.8990,0.0045,0.8065,1.0,0.0,1.0,-0.071001545,0.06539911,0.47525606,0.47525606,-0.09170304,0.09730548,-0.071001545,0.06539911,0.47525606,0.47525606,-0.09170304,0.09730548
11.054,0.8994,0.0046,0.8057,1.0,0.0,1.0,-0.07013222,0.06428332,0.4814705,0.4814705,-0.09106307,0.096911974,-0.07013222,0.06428332,0.4814705,0.4814705,-0.09106307,0.096911974
11.105,0.9000,0.0046,0.8045,1.0,0.0,1.0,-0.07047589,0.06468144,0.48230156,0.48230156,-0.09135365,0.0971481,-0.07047589,0.06468144,0.48230156,0.48230156,-0.09135365,0.0971481
11.155,0.9003,0.0047,0.8036,1.0,0.0,1.0,-0.06961365,0.063596524,0.48890895,0.48890895,-0.090762585,0.096779704,-0.06961365,0.063596524,0.48890895,0.48890895,-0.090762585,0.096779704
11.204,0.9009,0.0048,0.8023,1.0,0.0,1.0,-0.069952786,0.063974865,0.4895702,0.4895702,-0.09103613,0.09701406,-0.069952786,0.063974865,0.4895702,0.4895702,-0.09103613,0.09701406
11.255,0.9013,0.0048,0.8015,1.0,0.0,1.0,-0.069070175,0.06287601,0.4965177,0.4965177,-0.090465315,0.09665949,-0.069070175,0.06287601,0.4965177,0.4965177,-0.090465315,0.09665949
11.305,0.9018,0.0049,0.8001,1.0,0.0,1.0,-0.069423474,0.06325915,0.49698702,0.49698702,-0.090727516,0.09689184,-0.069423474,0.06325915,0.49698702,0.49698702,-0.090727516,0.09689184
11.355,0.9022,0.0049,0.7992,1.0,0.0,1.0,-0.06855264,0.062170837,0.50404483,0.50404483,-0.09017692,0.09655873,-0.06855264,0.062170837,0.50404483,0.50404483,-0.09017692,0.09655873
11.405,0.9027,0.0050,0.7979,1.0,0.0,1.0,-0.06890053,0.06253855,0.5044513,0.5044513,-0.09041898,0.09678097,-0.06890053,0.06253855,0.5044513,0.5044513,-0.09041898,0.09678097
11.454,0.9031,0.0050,0.7970,1.0,0.0,1.0,-0.06802945,0.061437096,0.511558,0.511558,-0.08987169,0.09646404,-0.06802945,0.061437096,0.511558,0.511558,-0.08987169,0.09646404
11.505,0.9036,0.0051,0.7956,1.0,0.0,1.0,-0.06837851,0.061801642,0.511869,0.511869,-0.09010699,0.09668385,-0.06837851,0.061801642,0.511869,0.511869,-0.09010699,0.09668385
11.556,0.9039,0.0052,0.7947,1.0,0.0,1.0,-0.067529514,0.060707692,0.5188072,0.5188072,-0.0895791,0.096400924,-0.067529514,0.060707692,0.5188072,0.5188072,-0.0895791,0.096400924
11.605,0.9045,0.0052,0.7934,1.0,0.0,1.0,-0.06787156,0.061062463,0.5191001,0.5191001,-0.08980915,0.09661825,-0.06787156,0.061062463,0.5191001,0.5191001,-0.08980915,0.09661825
11.655,0.9048,0.0053,0.7926,1.0,0.0,1.0,-0.06701653,0.059939828,0.52589035,0.52589035,-0.08929127,0.09636797,-0.06701653,0.059939828,0.52589035,0.52589035,-0.08929127,0.09636797
11.706,0.9054,0.0054,0.7919,1.0,0.0,1.0,-0.13793364,0.12332819,1.0,1.0,-0.19992106,0.21452652,-0.13793364,0.12332819,1.0,1.0,-0.19992106,0.21452652
11.756,0.9057,0.0055,0.7920,1.0,0.0,1.0,-0.06356166,0.056243498,0.50443023,0.50443023,-0.08582303,0.09314119,-0.06356166,0.056243498,0.50443023,0.50443023,-0.08582303,0.09314119
11.806,0.9063,0.0057,0.7920,1.0,0.0,1.0,-0.064058624,0.056603283,0.5003348,0.5003348,-0.08573208,0.09318742,-0.064058624,0.056603283,0.5003348,0.5003348,-0.08573208,0.09318742
11.856,0.9067,0.0057,0.7920,1.0,0.0,1.0,-0.06344471,0.055531856,0.50146925,0.50146925,-0.08481872,0.09273158,-0.06344471,0.055531856,0.50146925,0.50146925,-0.08481872,0.09273158
11.905,0.9072,0.0059,0.7919,1.0,0.0,1.0,-0.06374892,0.055942234,0.5032861,0.5032861,-0.085148506,0.092955194,-0.06374892,0.055942234,0.5032861,0.5032861,-0.085148506,0.092955194
11.956,0.9076,0.0060,0.7918,1.0,0.0,1.0,-0.063108645,0.054900207,0.5052772,0.5052772,-0.08430893,0.09251737,-0.063108645,0.054900207,0.5052772,0.5052772,-0.08430893,0.09251737
12.005,0.9082,0.0061,0.7916,1.0,0.0,1.0,-0.063370965,0.05524727,0.5068908,0.5068908,-0.08464029,0.09276398,-0.063370965,0.05524727,0.5068908,0.5068908,-0.08464029,0.09276398
12.055,0.9085,0.0061,0.7914,1.0,0.0,1.0,-0.062713385,0.054243207,0.5094272,0.5094272,-0.08392574,0.09239591,-0.062713385,0.054243207,0.5094272,0.5094272,-0.08392574,0.09239591
12.105,0.9090,0.0062,0.7911,1.0,0.0,1.0,-0.06298373,0.054585155,0.5108707,0.5108707,-0.084249794,0.092648365,-0.06298373,0.054585155,0.5108707,0.5108707,-0.084249794,0.092648365
12.160,0.9093,0.0063,0.7908,1.0,0.0,1.0,-0.06231187,0.053597685,0.5138283,0.5138283,-0.08361284,0.09232702,-0.06231187,0.053597685,0.5138283,0.5138283,-0.08361284,0.09232702
12.211,0.9098,0.0064,0.7904,1.0,0.0,1.0,-0.062586196,0.05392655,0.515125,0.515125,-0.08390948,0.092569135,-0.062586196,0.05392655,0.515125,0.515125,-0.08390948,0.092569135
12.265,0.9102,0.0065,0.7901,1.0,0.0,1.0,-0.06190821,0.052954517,0.5183744,0.5183744,-0.083355926,0.092309624,-0.06190821,0.052954517,0.5183744,0.5183744,-0.083355926,0.092309624
12.315,0.9106,0.0065,0.7896,1.0,0.0,1.0,-0.062192913,0.05328339,0.5195421,0.5195421,-0.08364035,0.092549875,-0.062192913,0.05328339,0.5195421,0.5195421,-0.08364035,0.092549875
12.363,0.9109,0.0066,0.7892,1.0,0.0,1.0,-0.061500635,0.05230678,0.52299696,0.52299696,-0.08316739,0.09236124,-0.061500635,0.05230678,0.52299696,0.52299696,-0.08316739,0.09236124
12.415,0.9114,0.0067,0.7887,1.0,0.0,1.0,-0.06178579,0.052624848,0.5240762,0.5240762,-0.083428144,0.09258908,-0.06178579,0.052624848,0.5240762,0.5240762,-0.083428144,0.09258908
12.465,0.9117,0.0067,0.7884,1.0,0.0,1.0,-0.061086725,0.051641356,0.5276444,0.5276444,-0.08302423,0.0924696,-0.061086725,0.051641356,0.5276444,0.5276444,-0.08302423,0.0924696
12.515,0.9121,0.0068,0.7878,1.0,0.0,1.0,-0.061387356,0.05196903,0.5286353,0.5286353,-0.083263665,0.092682,-0.061387356,0.05196903,0.5286353,0.5286353,-0.083263665,0.092682
12.564,0.9124,0.0069,0.7875,1.0,0.0,1.0,-0.060694527,0.050985374,0.5322323,0.5322323,-0.08291951,0.09262866,-0.060694527,0.050985374,0.5322323,0.5322323,-0.08291951,0.09262866
12.615,0.9128,0.0070,0.7870,1.0,0.0,1.0,-0.060999405,0.05131252,0.5331687,0.5331687,-0.0831364,0.09282328,-0.060999405,0.05131252,0.5331687,0.5331687,-0.0831364,0.09282328
12.654,0.9130,0.0071,0.7866,90.0,0.0,1.0,-0.06031331,0.05032478,0.5367235,0.5367235,-0.08284467,0.0928332,-0.06031331,0.05032478,0.5367235,0.5367235,-0.08284467,0.0928332
12.705,0.9142,0.0072,0.7860,90.0,0.0,1.0,-0.97241384,0.99947065,0.0064217253,0.0064217253,-1.0,0.9729431,-0.97241384,0.99947065,0.0064217253,0.0064217253,-1.0,0.9729431
12.755,0.9166,0.0072,0.7853,90.0,0.0,1.0,-0.96526146,0.99942774,0.007124925,0.007124925,-1.0,0.96583366,-0.96526146,0.99942774,0.007124925,0.007124925,-1.0,0.96583366
12.805,0.9223,0.0073,0.7838,90.0,0.0,1.0,-0.95530415,0.99924713,0.007135724,0.007135724,-1.0,0.95605695,-0.95530415,0.99924713,0.007135724,0.007135724,-1.0,0.95605695
12.855,0.9274,0.0074,0.7825,90.0,0.0,1.0,-0.93251944,0.9988315,0.0071859644,0.0071859644,-1.0,0.93368787,-0.93251944,0.9988315,0.0071859644,0.0071859644,-1.0,0.93368787
12.905,0.9367,0.0077,0.7803,90.0,0.0,1.0,-0.9289723,0.9987915,0.007209399,0.007209399,-1.0,0.9301807,-0.9289723,0.9987915,0.007209399,0.007209399,-1.0,0.9301807
12.955,0.9439,0.0078,0.7785,90.0,0.0,1.0,-0.90049654,0.99827874,0.007276521,0.007276521,-1.0,0.9022178,-0.90049654,0.99827874,0.007276521,0.007276521,-1.0,0.9022178
13.005,0.9562,0.0082,0.7757,90.0,0.0,1.0,-0.90040416,0.9983162,0.0073003685,0.0073003685,-1.0,0.9020879,-0.90040416,0.9983162,0.0073003685,0.0073003685,-1.0,0.9020879
13.055,0.9652,0.0085,0.7736,90.0,0.0,1.0,-0.86903083,0.9977544,0.0073840413,0.0073840413,-1.0,0.87127644,-0.86903083,0.9977544,0.0073840413,0.0073840413,-1.0,0.87127644
13.105,0.9797,0.0091,0.7702,90.0,0.0,1.0,-0.8713168,0.9978434,0.0074066557,0.0074066557,-1.0,0.8734734,-0.8713168,0.9978434,0.0074066557,0.0074066557,-1.0,0.8734734
13.155,0.9901,0.0095,0.7679,90.0,0.0,1.0,-0.8391196,0.9972645,0.0075068064,0.0075068064,-1.0,0.84185517,-0.8391196,0.9972645,0.0075068064,0.0075068064,-1.0,0.84185517
13.205,1.0065,0.0102,0.7642,90.0,0.0,1.0,-0.8430319,0.99738634,0.0075276108,0.0075276108,-1.0,0.84564555,-0.8430319,0.99738634,0.0075276108,0.0075276108,-1.0,0.84564555
13.255,1.0179,0.0108,0.7616,90.0,0.0,1.0,-0.8109963,0.9968096,0.00764281,0.00764281,-1.0,0.8141867,-0.8109963,0.9968096,0.00764281,0.00764281,-1.0,0.8141867
13.305,1.0356,0.0117,0.7576,90.0,0.0,1.0,-0.81589156,0.9969518,0.007661046,0.007661046,-1.0,0.81893975,-0.81589156,0.9969518,0.007661046,0.007661046,-1.0,0.81893975
13.355,1.0479,0.0124,0.7549,90.0,0.0,1.0,-0.7849533,0.9963937,0.0077901254,0.0077901254,-1.0,0.7885596,-0.7849533,0.9963937,0.0077901254,0.0077901254,-1.0,0.7885596
13.405,1.0667,0.0135,0.7506,90.0,0.0,1.0,-0.790198,0.99654245,0.0078065065,0.0078065065,-1.0,0.7936556,-0.790198,0.99654245,0.0078065065,0.0078065065,-1.0,0.7936556
13.455,1.0795,0.0143,0.7478,90.0,0.0,1.0,-0.7612348,0.9960192,0.007947874,0.007947874,-1.0,0.76521564,-0.7612348,0.9960192,0.007947874,0.007947874,-1.0,0.76521564
13.505,1.0991,0.0156,0.7434,90.0,0.0,1.0,-0.76674724,0.99617213,0.007962433,0.007962433,-1.0,0.77057517,-0.76674724,0.99617213,0.007962433,0.007962433,-1.0,0.77057517
13.554,1.1124,0.0165,0.7404,90.0,0.0,1.0,-0.7389083,0.9956656,0.008120805,0.008120805,-1.0,0.7432427,-0.7389083,0.9956656,0.008120805,0.008120805,-1.0,0.7432427
13.605,1.1327,0.0179,0.7358,90.0,0.0,1.0,-0.74478555,0.99582416,0.008131695,0.008131695,-1.0,0.7489614,-0.74478555,0.99582416,0.008131695,0.008131695,-1.0,0.7489614
13.654,1.1464,0.0189,0.7327,90.0,0.0,1.0,-0.7198798,0.995371,0.008300625,0.008300625,-1.0,0.7245088,-0.7198798,0.995371,0.008300625,0.008300625,-1.0,0.7245088
13.705,1.1672,0.0204,0.7280,90.0,0.0,1.0,-0.7501756,0.99519926,0.007205047,0.007205047,-1.0,0.7549764,-0.7501756,0.99519926,0.007205047,0.007205047,-1.0,0.7549764
13.754,1.1812,0.0214,0.7248,90.0,0.0,1.0,-0.7020751,0.99509287,0.008154289,0.008154289,-1.0,0.7069822,-0.7020751,0.99509287,0.008154289,0.008154289,-1.0,0.7069822
13.805,1.2024,0.0230,0.7199,90.0,0.0,1.0,-0.7069667,0.99522704,0.008163751,0.008163751,-1.0,0.7117397,-0.7069667,0.99522704,0.008163751,0.008163751,-1.0,0.7117397
13.855,1.2167,0.0240,0.7165,90.0,0.0,1.0,-0.68628705,0.99484783,0.008365149,0.008365149,-1.0,0.6914392,-0.68628705,0.99484783,0.008365149,0.008365149,-1.0,0.6914392
13.905,1.2382,0.0256,0.7114,90.0,0.0,1.0,-0.690716,0.99497,0.008375718,0.008375718,-1.0,0.69574594,-0.690716,0.99497,0.008375718,0.008375718,-1.0,0.69574594
13.955,1.2527,0.0267,0.7079,90.0,0.0,1.0,-0.6718516,0.9946223,0.008594915,0.008594915,-1.0,0.6772292,-0.6718516,0.9946223,0.008594915,0.008594915,-1.0,0.6772292
14.006,1.2746,0.0284,0.7026,90.0,0.0,1.0,-0.676292,0.9947426,0.008601106,0.008601106,-1.0,0.68154943,-0.676292,0.9947426,0.008601106,0.008601106,-1.0,0.68154943
14.055,1.2893,0.0295,0.6989,90.0,0.0,1.0,-0.6590581,0.9944231,0.008839979,0.008839979,-1.0,0.66463506,-0.6590581,0.9944231,0.008839979,0.008839979,-1.0,0.66463506
14.105,1.3115,0.0312,0.6933,90.0,0.0,1.0,-0.66305757,0.9945321,0.008845339,0.008845339,-1.0,0.66852546,-0.66305757,0.9945321,0.008845339,0.008845339,-1.0,0.66852546
14.154,1.3264,0.0323,0.6895,90.0,0.0,1.0,-0.64749503,0.99424237,0.009103313,0.009103313,-1.0,0.65325266,-0.64749503,0.99424237,0.009103313,0.009103313,-1.0,0.65325266
14.206,1.3488,0.0340,0.6835,90.0,0.0,1.0,-0.65111816,0.9943417,0.009107349,0.009107349,-1.0,0.6567765,-0.65111816,0.9943417,0.009107349,0.009107349,-1.0,0.6567765
14.255,1.3638,0.0351,0.6794,90.0,0.0,1.0,-0.63732713,0.9940846,0.009381279,0.009381279,-1.0,0.6432426,-0.63732713,0.9940846,0.009381279,0.009381279,-1.0,0.6432426
14.305,1.3864,0.0368,0.6732,90.0,0.0,1.0,-0.6401741,0.99416584,0.009390522,0.009390522,-1.0,0.64600825,-0.6401741,0.99416584,0.009390522,0.009390522,-1.0,0.64600825
14.355,1.4016,0.0379,0.6688,90.0,0.0,1.0,-0.6275179,0.99392855,0.009687615,0.009687615,-1.0,0.6335893,-0.6275179,0.99392855,0.009687615,0.009687615,-1.0,0.6335893
14.405,1.4244,0.0396,0.6622,90.0,0.0,1.0,-0.63024217,0.9940058,0.0096919965,0.0096919965,-1.0,0.6362364,-0.63024217,0.9940058,0.0096919965,0.0096919965,-1.0,0.6362364
14.455,1.4396,0.0406,0.6578,90.0,0.0,1.0,-0.61851454,0.9937846,0.010013747,0.010013747,-1.0,0.62473,-0.61851454,0.9937846,0.010013747,0.010013747,-1.0,0.62473
14.505,1.4622,0.0421,0.6515,90.0,0.0,1.0,-0.6118044,0.9936735,0.009947734,0.009947734,-1.0,0.6181309,-0.6118044,0.9936735,0.009947734,0.009947734,-1.0,0.6181309
14.555,1.4773,0.0431,0.6472,90.0,0.0,1.0,-0.57375854,0.99293494,0.010105871,0.010105871,-1.0,0.5808236,-0.57375854,0.99293494,0.010105871,0.010105871,-1.0,0.5808236
14.606,1.5000,0.0446,0.6405,90.0,0.0,1.0,-0.5843653,0.993195,0.010143893,0.010143893,-1.0,0.5911703,-0.5843653,0.993195,0.010143893,0.010143893,-1.0,0.5911703
14.656,1.5151,0.0457,0.6359,90.0,0.0,1.0,-0.5663591,0.99285823,0.010436989,0.010436989,-1.0,0.5735008,-0.5663591,0.99285823,0.010436989,0.010436989,-1.0,0.5735008
14.705,1.5378,0.0472,0.6287,90.0,0.0,1.0,-0.5906879,0.9920429,0.009122737,0.009122737,-1.0,0.59864503,-0.5906879,0.9920429,0.009122737,0.009122737,-1.0,0.59864503
14.755,1.5528,0.0483,0.6238,90.0,0.0,1.0,-0.55794394,0.9927429,0.010353885,0.010353885,-1.0,0.56520104,-0.55794394,0.9927429,0.010353885,0.010353885,-1.0,0.56520104
14.806,1.5754,0.0498,0.6163,90.0,0.0,1.0,-0.5626526,0.9928673,0.010361058,0.010361058,-1.0,0.5697853,-0.5626526,0.9928673,0.010361058,0.010361058,-1.0,0.5697853
14.855,1.5904,0.0509,0.6111,90.0,0.0,1.0,-0.5500398,0.99262655,0.010716181,0.010716181,-1.0,0.5574133,-0.5500398,0.99262655,0.010716181,0.010716181,-1.0,0.5574133
14.905,1.6128,0.0525,0.6033,90.0,0.0,1.0,-0.5536454,0.9927244,0.010714408,0.010714408,-1.0,0.560921,-0.5536454,0.9927244,0.010714408,0.010714408,-1.0,0.560921
14.956,1.6277,0.0535,0.5979,90.0,0.0,1.0,-0.54255563,0.99251103,0.011088921,0.011088921,-1.0,0.5500446,-0.54255563,0.99251103,0.011088921,0.011088921,-1.0,0.5500446
15.006,1.6499,0.0550,0.5897,90.0,0.0,1.0,-0.5453131,0.9925887,0.011083579,0.011083579,-1.0,0.5527244,-0.5453131,0.9925887,0.011083579,0.011083579,-1.0,0.5527244
15.055,1.6647,0.0561,0.5842,90.0,0.0,1.0,-0.5351721,0.99239206,0.011475592,0.011475592,-1.0,0.54278004,-0.5351721,0.99239206,0.011475592,0.011475592,-1.0,0.54278004
15.105,1.6868,0.0576,0.5757,90.0,0.0,1.0,-0.5376376,0.99246216,0.011459045,0.011459045,-1.0,0.5451754,-0.5376376,0.99246216,0.011459045,0.011459045,-1.0,0.5451754
15.155,1.7015,0.0586,0.5700,90.0,0.0,1.0,-0.52793014,0.99227226,0.011872026,0.011872026,-1.0,0.5356579,-0.52793014,0.99227226,0.011872026,0.011872026,-1.0,0.5356579
15.205,1.7235,0.0601,0.5614,90.0,0.0,1.0,-0.53000474,0.9923331,0.011853018,0.011853018,-1.0,0.5376716,-0.53000474,0.9923331,0.011853018,0.011853018,-1.0,0.5376716
15.255,1.7381,0.0611,0.5555,90.0,0.0,1.0,-0.52094376,0.9921554,0.012269469,0.012269469,-1.0,0.5287884,-0.52094376,0.9921554,0.012269469,0.012269469,-1.0,0.5287884
15.305,1.7599,0.0626,0.5467,90.0,0.0,1.0,-0.52272975,0.99220943,0.012250563,0.012250563,-1.0,0.5305203,-0.52272975,0.99220943,0.012250563,0.012250563,-1.0,0.5305203
15.355,1.7744,0.0636,0.5407,90.0,0.0,1.0,-0.5138587,0.99203444,0.012680055,0.012680055,-1.0,0.5218243,-0.5138587,0.99203444,0.012680055,0.012680055,-1.0,0.5218243
15.405,1.7960,0.0650,0.5317,90.0,0.0,1.0,-0.51553744,0.9920858,0.0126574645,0.0126574645,-1.0,0.5234516,-0.51553744,0.9920858,0.0126574645,0.0126574645,-1.0,0.5234516
15.456,1.8104,0.0660,0.5256,90.0,0.0,1.0,-0.50697595,0.9919165,0.013089928,0.013089928,-1.0,0.5150594,-0.50697595,0.9919165,0.013089928,0.013089928,-1.0,0.5150594
15.505,1.8319,0.0674,0.5164,90.0,0.0,1.0,-0.5084904,0.9919641,0.013069056,0.013069056,-1.0,0.5165263,-0.5084904,0.9919641,0.013069056,0.013069056,-1.0,0.5165263
15.556,1.8461,0.0684,0.5103,90.0,0.0,1.0,-0.5000606,0.9917968,0.013508249,0.013508249,-1.0,0.5082639,-0.5000606,0.9917968,0.013508249,0.013508249,-1.0,0.5082639
15.606,1.8675,0.0698,0.5010,90.0,0.0,1.0,-0.5015018,0.9918426,0.013487045,0.013487045,-1.0,0.5096591,-0.5015018,0.9918426,0.013487045,0.013487045,-1.0,0.5096591
15.656,1.8817,0.0707,0.4947,90.0,0.0,1.0,-0.4931562,0.9916764,0.01393261,0.01393261,-1.0,0.5014798,-0.4931562,0.9916764,0.01393261,0.01393261,-1.0,0.5014798
15.706,1.9029,0.0721,0.4853,90.0,0.0,1.0,-0.5020427,0.99021906,0.012210424,0.012210424,-1.0,0.51182365,-0.5020427,0.99021906,0.012210424,0.012210424,-1.0,0.51182365
15.756,1.9170,0.0730,0.4790,90.0,0.0,1.0,-0.48643538,0.9915593,0.013780388,0.013780388,-1.0,0.4948761,-0.48643538,0.9915593,0.013780388,0.013780388,-1.0,0.4948761
15.806,1.9381,0.0744,0.4695,90.0,0.0,1.0,-0.48783538,0.9916041,0.01375883,0.01375883,-1.0,0.4962313,-0.48783538,0.9916041,0.01375883,0.01375883,-1.0,0.4962313
15.856,1.9521,0.0753,0.4632,90.0,0.0,1.0,-0.47973394,0.9914418,0.014212574,0.014212574,-1.0,0.48829216,-0.47973394,0.9914418,0.014212574,0.014212574,-1.0,0.48829216
15.905,1.9731,0.0766,0.4536,90.0,0.0,1.0,-0.48110214,0.99148595,0.014189102,0.014189102,-1.0,0.48961622,-0.48110214,0.99148595,0.014189102,0.014189102,-1.0,0.48961622
15.955,1.9871,0.0775,0.4472,90.0,0.0,1.0,-0.47304273,0.99132395,0.014647515,0.014647515,-1.0,0.48171878,-0.47304273,0.99132395,0.014647515,0.014647515,-1.0,0.48171878
16.005,2.0080,0.0788,0.4375,90.0,0.0,1.0,-0.47440276,0.99136794,0.014624133,0.014624133,-1.0,0.48303485,-0.47440276,0.99136794,0.014624133,0.014624133,-1.0,0.48303485
16.055,2.0219,0.0797,0.4311,90.0,0.0,1.0,-0.46638232,0.99120617,0.015087114,0.015087114,-1.0,0.47517616,-0.46638232,0.99120617,0.015087114,0.015087114,-1.0,0.47517616
16.106,2.0427,0.0810,0.4213,90.0,0.0,1.0,-0.46773058,0.99124986,0.015064508,0.015064508,-1.0,0.47648072,-0.46773058,0.99124986,0.015064508,0.015064508,-1.0,0.47648072
16.155,2.0565,0.0819,0.4148,90.0,0.0,1.0,-0.4598501,0.99109066,0.015527135,0.015527135,-1.0,0.46875948,-0.4598501,0.99109066,0.015527135,0.015527135,-1.0,0.46875948
16.205,2.0772,0.0832,0.4050,90.0,0.0,1.0,-0.46117145,0.9911337,0.015506052,0.015506052,-1.0,0.47003773,-0.46117145,0.9911337,0.015506052,0.015506052,-1.0,0.47003773
16.255,2.0910,0.0840,0.3985,90.0,0.0,1.0,-0.4533446,0.990975,0.01597264,0.01597264,-1.0,0.46236956,-0.4533446,0.990975,0.01597264,0.01597264,-1.0,0.46236956
16.305,2.1116,0.0853,0.3886,90.0,0.0,1.0,-0.4546713,0.99101824,0.015951395,0.015951395,-1.0,0.46365306,-0.4546713,0.99101824,0.015951395,0.015951395,-1.0,0.46365306
16.356,2.1253,0.0861,0.3820,90.0,0.0,1.0,-0.4469136,0.99086046,0.01642129,0.01642129,-1.0,0.45605317,-0.4469136,0.99086046,0.01642129,0.01642129,-1.0,0.45605317
16.406,2.1459,0.0874,0.3721,90.0,0.0,1.0,-0.44825417,0.9909039,0.01639947,0.01639947,-1.0,0.45735025,-0.44825417,0.9909039,0.01639947,0.01639947,-1.0,0.45735025
16.456,2.1595,0.0882,0.3655,90.0,0.0,1.0,-0.4405571,0.99074686,0.016873239,0.016873239,-1.0,0.44981027,-0.4405571,0.99074686,0.016873239,0.016873239,-1.0,0.44981027
16.506,2.1800,0.0895,0.3555,90.0,0.0,1.0,-0.44188195,0.99078995,0.01685224,0.01685224,-1.0,0.45109203,-0.44188195,0.99078995,0.01685224,0.01685224,-1.0,0.45109203
16.556,2.1937,0.0903,0.3489,90.0,0.0,1.0,-0.43431956,0.9906352,0.017326036,0.017326036,-1.0,0.44368434,-0.43431956,0.9906352,0.017326036,0.017326036,-1.0,0.44368434
16.606,2.2141,0.0915,0.3388,90.0,0.0,1.0,-0.43561763,0.99067765,0.01730659,0.01730659,-1.0,0.44493994,-0.43561763,0.99067765,0.01730659,0.01730659,-1.0,0.44493994
16.655,2.2277,0.0923,0.3321,90.0,0.0,1.0,-0.428104,0.9905234,0.017784944,0.017784944,-1.0,0.43758065,-0.428104,0.9905234,0.017784944,0.017784944,-1.0,0.43758065
16.706,2.2480,0.0935,0.3221,90.0,0.0,1.0,-0.4474069,1.0,0.015748786,0.015748786,-0.9873481,0.43475497,-0.4474069,1.0,0.015748786,0.015748786,-0.9873481,0.43475497
16.756,2.2616,0.0943,0.3154,90.0,0.0,1.0,-0.43107352,1.0,0.017468622,0.017468622,-0.9899728,0.42104632,-0.43107352,1.0,0.017468622,0.017468622,-0.9899728,0.42104632
16.807,2.2718,0.0949,0.3103,90.0,0.0,1.0,-0.4314558,1.0,0.01744293,0.01744293,-0.9899473,0.42140308,-0.4314558,1.0,0.01744293,0.01744293,-0.9899473,0.42140308
16.856,2.2955,0.0962,0.2985,90.0,0.0,1.0,-0.43134588,1.0,0.01748092,0.01748092,-0.9899392,0.4212851,-0.43134588,1.0,0.01748092,0.01748092,-0.9899392,0.4212851
16.905,2.3157,0.0974,0.2883,90.0,0.0,1.0,-0.41582608,1.0,0.018238595,0.018238595,-0.9903678,0.40619394,-0.41582608,1.0,0.018238595,0.018238595,-0.9903678,0.40619394
16.955,2.3293,0.0981,0.2816,90.0,0.0,1.0,-0.41336375,1.0,0.018367477,0.018367477,-0.9904154,0.40377918,-0.41336375,1.0,0.018367477,0.018367477,-0.9904154,0.40377918
17.006,2.3495,0.0993,0.2714,90.0,0.0,1.0,-0.41462633,1.0,0.018350413,0.018350413,-0.9903613,0.40498763,-0.41462633,1.0,0.018350413,0.018350413,-0.9903613,0.40498763
17.055,2.3630,0.1000,0.2645,90.0,0.0,1.0,-0.4044762,1.0,0.018820753,0.018820753,-0.9906336,0.3951098,-0.4044762,1.0,0.018820753,0.018820753,-0.9906336,0.3951098
17.105,2.3832,0.1011,0.2543,90.0,0.0,1.0,-0.40560132,1.0,0.018804502,0.018804502,-0.99058247,0.3961838,-0.40560132,1.0,0.018804502,0.018804502,-0.99058247,0.3961838
17.155,2.3967,0.1019,0.2475,90.0,0.0,1.0,-0.39464164,1.0,0.019266553,0.019266553,-0.99087656,0.3855182,-0.39464164,1.0,0.019266553,0.019266553,-0.99087656,0.3855182
17.205,2.4171,0.1030,0.2372,90.0,0.0,1.0,-0.39558372,1.0,0.019253356,0.019253356,-0.99082917,0.38641286,-0.39558372,1.0,0.019253356,0.019253356,-0.99082917,0.38641286
17.256,2.4307,0.1037,0.2304,90.0,0.0,1.0,-0.38318726,1.0,0.019705737,0.019705737,-0.99116236,0.37434962,-0.38318726,1.0,0.019705737,0.019705737,-0.99116236,0.37434962
17.306,2.4513,0.1048,0.2204,90.0,0.0,1.0,-0.38401482,1.0,0.019687725,0.019687725,-0.99111575,0.37513056,-0.38401482,1.0,0.019687725,0.019687725,-0.99111575,0.37513056
17.357,2.4652,0.1056,0.2138,90.0,0.0,1.0,-0.37000608,1.0,0.02011827,0.02011827,-0.9914922,0.36149827,-0.37000608,1.0,0.02011827,0.02011827,-0.9914922,0.36149827
17.407,2.4862,0.1067,0.2044,90.0,0.0,1.0,-0.37123948,1.0,0.020090284,0.020090284,-0.9914309,0.36267036,-0.37123948,1.0,0.020090284,0.020090284,-0.9914309,0.36267036
17.458,2.5004,0.1074,0.1984,90.0,0.0,1.0,-0.35588542,1.0,0.020474615,0.020474615,-0.99184257,0.34772798,-0.35588542,1.0,0.020474615,0.020474615,-0.99184257,0.34772798
17.515,2.5219,0.1086,0.1901,90.0,0.0,1.0,-0.3573231,1.0,0.020438949,0.020438949,-0.99177265,0.34909576,-0.3573231,1.0,0.020438949,0.020438949,-0.99177265,0.34909576
17.562,2.5364,0.1095,0.1852,90.0,0.0,1.0,-0.34089836,1.0,0.020746944,0.020746944,-0.9922119,0.3331102,-0.34089836,1.0,0.020746944,0.020746944,-0.9922119,0.3331102
17.615,2.5585,0.1107,0.1788,90.0,0.0,1.0,-0.34284988,1.0,0.020700403,0.020700403,-0.9921248,0.3349747,-0.34284988,1.0,0.020700403,0.020700403,-0.9921248,0.3349747
17.662,2.5734,0.1117,0.1754,90.0,0.0,1.0,-0.32585296,1.0,0.020902282,0.020902282,-0.9925778,0.31843072,-0.32585296,1.0,0.020902282,0.020902282,-0.9925778,0.31843072
17.715,2.5960,0.1131,0.1716,90.0,0.0,1.0,-0.3458973,1.0,0.01887637,0.01887637,-0.99030447,0.33620176,-0.3458973,1.0,0.01887637,0.01887637,-0.99030447,0.33620176
17.765,2.6113,0.1141,0.1700,90.0,0.0,1.0,-0.31073803,1.0,0.019978441,0.019978441,-0.9929423,0.30368033,-0.31073803,1.0,0.019978441,0.019978441,-0.9929423,0.30368033
17.813,2.6345,0.1157,0.1690,90.0,0.0,1.0,-0.31347555,1.0,0.019934803,0.019934803,-0.9928303,0.30630586,-0.31347555,1.0,0.019934803,0.019934803,-0.9928303,0.30630586
17.866,2.6501,0.1168,0.1693,90.0,0.0,1.0,-0.2965421,1.0,0.019885331,0.019885331,-0.9932782,0.28982028,-0.2965421,1.0,0.019885331,0.019885331,-0.9932782,0.28982028
17.905,2.6738,0.1186,0.1711,90.0,0.0,1.0,-0.29930094,1.0,0.019860415,0.019860415,-0.99316615,0.2924671,-0.29930094,1.0,0.019860415,0.019860415,-0.99316615,0.2924671
17.955,2.6896,0.1199,0.1732,90.0,0.0,1.0,-0.28321838,1.0,0.019694136,0.019694136,-0.99358994,0.27680832,-0.28321838,1.0,0.019694136,0.019694136,-0.99358994,0.27680832
18.005,2.7135,0.1218,0.1775,90.0,0.0,1.0,-0.28661293,1.0,0.019700827,0.019700827,-0.993461,0.2800739,-0.28661293,1.0,0.019700827,0.019700827,-0.993461,0.2800739
18.055,2.7294,0.1230,0.1809,90.0,0.0,1.0,-0.27163622,1.0,0.019445745,0.019445745,-0.99385464,0.26549083,-0.27163622,1.0,0.019445745,0.019445745,-0.99385464,0.26549083
18.106,2.7532,0.1249,0.1869,90.0,0.0,1.0,-0.27499297,1.0,0.019486308,0.019486308,-0.99372905,0.26872206,-0.27499297,1.0,0.019486308,0.019486308,-0.99372905,0.26872206
18.154,2.7690,0.1262,0.1912,90.0,0.0,1.0,-0.26155242,1.0,0.019185446,0.019185446,-0.9940808,0.25563323,-0.26155242,1.0,0.019185446,0.019185446,-0.9940808,0.25563323
18.205,2.7927,0.1280,0.1979,90.0,0.0,1.0,-0.2647087,1.0,0.019258318,0.019258318,-0.9939637,0.25867245,-0.2647087,1.0,0.019258318,0.019258318,-0.9939637,0.25867245
18.255,2.8084,0.1292,0.2024,90.0,0.0,1.0,-0.25273284,1.0,0.018948559,0.018948559,-0.9942763,0.2470091,-0.25273284,1.0,0.018948559,0.018948559,-0.9942763,0.2470091
18.305,2.8318,0.1309,0.2091,90.0,0.0,1.0,-0.25580317,1.0,0.01905295,0.01905295,-0.9941645,0.24996771,-0.25580317,1.0,0.01905295,0.01905295,-0.9941645,0.24996771
18.355,2.8474,0.1320,0.2134,90.0,0.0,1.0,-0.24533875,1.0,0.018770153,0.018770153,-0.99443674,0.2397755,-0.24533875,1.0,0.018770153,0.018770153,-0.99443674,0.2397755
18.405,2.8707,0.1335,0.2194,90.0,0.0,1.0,-0.2483117,1.0,0.018894939,0.018894939,-0.9943309,0.2426426,-0.2483117,1.0,0.018894939,0.018894939,-0.9943309,0.2426426
18.454,2.8862,0.1345,0.2231,90.0,0.0,1.0,-0.23961878,1.0,0.018665625,0.018665625,-0.99455595,0.2341747,-0.23961878,1.0,0.018665625,0.018665625,-0.99455595,0.2341747
18.506,2.9095,0.1358,0.2279,90.0,0.0,1.0,-0.24246913,1.0,0.018800631,0.018800631,-0.99445707,0.23692618,-0.24246913,1.0,0.018800631,0.018800631,-0.99445707,0.23692618
18.555,2.9250,0.1366,0.2306,90.0,0.0,1.0,-0.23572159,1.0,0.018644815,0.018644815,-0.9946302,0.23035182,-0.23572159,1.0,0.018644815,0.018644815,-0.9946302,0.23035182
18.605,2.9483,0.1378,0.2341,90.0,0.0,1.0,-0.23800097,1.0,0.018770372,0.018770372,-0.9945513,0.23255226,-0.23800097,1.0,0.018770372,0.018770372,-0.9945513,0.23255226
18.655,2.9639,0.1385,0.2359,90.0,0.0,1.0,-0.23271781,1.0,0.018684093,0.018684093,-0.9946862,0.22740401,-0.23271781,1.0,0.018684093,0.018684093,-0.9946862,0.22740401
18.705,2.9872,0.1396,0.2380,90.0,0.0,1.0,-0.24064249,1.0,0.017116664,0.017116664,-0.9933056,0.23394814,-0.24064249,1.0,0.017116664,0.017116664,-0.9933056,0.23394814
18.755,3.0029,0.1403,0.2390,90.0,0.0,1.0,-0.23022118,1.0,0.017776035,0.017776035,-0.9947333,0.22495449,-0.23022118,1.0,0.017776035,0.017776035,-0.9947333,0.22495449
18.805,3.0263,0.1413,0.2398,90.0,0.0,1.0,-0.23154853,1.0,0.017878786,0.017878786,-0.99468654,0.22623505,-0.23154853,1.0,0.017878786,0.017878786,-0.99468654,0.22623505
18.855,3.0420,0.1419,0.2400,90.0,0.0,1.0,-0.22768402,1.0,0.017910458,0.017910458,-0.9947852,0.22246923,-0.22768402,1.0,0.017910458,0.017910458,-0.9947852,0.22246923
18.905,3.0656,0.1428,0.2397,90.0,0.0,1.0,-0.22862825,1.0,0.017999766,0.017999766,-0.99475056,0.22337882,-0.22862825,1.0,0.017999766,0.017999766,-0.99475056,0.22337882
18.955,3.0814,0.1434,0.2392,90.0,0.0,1.0,-0.22481623,1.0,0.018079275,0.018079275,-0.9948485,0.21966474,-0.22481623,1.0,0.018079275,0.018079275,-0.9948485,0.21966474
19.005,3.1052,0.1443,0.2380,90.0,0.0,1.0,-0.2254028,1.0,0.018156348,0.018156348,-0.9948244,0.2202272,-0.2254028,1.0,0.018156348,0.018156348,-0.9948244,0.2202272
19.055,3.1212,0.1449,0.2368,90.0,0.0,1.0,-0.22120638,1.0,0.01827666,0.01827666,-0.99493307,0.21613948,-0.22120638,1.0,0.01827666,0.01827666,-0.99493307,0.21613948
19.106,3.1452,0.1457,0.2347,90.0,0.0,1.0,-0.22154875,1.0,0.018342618,0.018342618,-0.9949154,0.21646415,-0.22154875,1.0,0.018342618,0.018342618,-0.9949154,0.21646415
19.155,3.1613,0.1463,0.2330,90.0,0.0,1.0,-0.21656218,1.0,0.018497154,0.018497154,-0.99504554,0.21160771,-0.21656218,1.0,0.018497154,0.018497154,-0.99504554,0.21160771
19.205,3.1856,0.1471,0.2301,90.0,0.0,1.0,-0.21682286,1.0,0.018552085,0.018552085,-0.99502885,0.21185173,-0.21682286,1.0,0.018552085,0.018552085,-0.99502885,0.21185173
19.256,3.2019,0.1477,0.2280,90.0,0.0,1.0,-0.21075532,1.0,0.018733716,0.018733716,-0.995188,0.2059433,-0.21075532,1.0,0.018733716,0.018733716,-0.995188,0.2059433
19.306,3.2264,0.1485,0.2246,90.0,0.0,1.0,-0.2109794,1.0,0.018778965,0.018778965,-0.9951705,0.20614989,-0.2109794,1.0,0.018778965,0.018778965,-0.9951705,0.20614989
19.355,3.2429,0.1490,0.2222,90.0,0.0,1.0,-0.20371604,1.0,0.018977102,0.018977102,-0.99536127,0.19907732,-0.20371604,1.0,0.018977102,0.018977102,-0.99536127,0.19907732
19.405,3.2677,0.1498,0.2184,90.0,0.0,1.0,-0.20395254,1.0,0.019013777,0.019013777,-0.99534106,0.1992936,-0.20395254,1.0,0.019013777,0.019013777,-0.99534106,0.1992936
19.456,3.2843,0.1503,0.2158,90.0,0.0,1.0,-0.19526681,1.0,0.01921846,0.01921846,-0.99556947,0.1908363,-0.19526681,1.0,0.01921846,0.01921846,-0.99556947,0.1908363
19.505,3.3093,0.1511,0.2119,90.0,0.0,1.0,-0.1955516,1.0,0.019247588,0.019247588,-0.99554515,0.19109675,-0.1955516,1.0,0.019247588,0.019247588,-0.99554515,0.19109675
19.556,3.3260,0.1516,0.2094,90.0,0.0,1.0,-0.18540272,1.0,0.019446798,0.019446798,-0.995812,0.1812147,-0.18540272,1.0,0.019446798,0.019446798,-0.995812,0.1812147
19.605,3.3513,0.1523,0.2056,90.0,0.0,1.0,-0.18591532,1.0,0.01946867,0.01946867,-0.9957782,0.18169351,-0.18591532,1.0,0.01946867,0.01946867,-0.9957782,0.18169351
19.656,3.3682,0.1528,0.2033,90.0,0.0,1.0,-0.17430201,1.0,0.019652758,0.019652758,-0.99608356,0.17038555,-0.17430201,1.0,0.019652758,0.019652758,-0.99608356,0.17038555
19.706,3.3936,0.1536,0.2000,90.0,0.0,1.0,-0.18733677,1.0,0.01775031,0.01775031,-0.9947979,0.18213467,-0.18733677,1.0,0.01775031,0.01775031,-0.9947979,0.18213467
19.756,3.4107,0.1540,0.1980,90.0,0.0,1.0,-0.16265368,1.0,0.018869191,0.018869191,-0.996365,0.1590187,-0.16265368,1.0,0.018869191,0.018869191,-0.996365,0.1590187
19.806,3.4363,0.1548,0.1955,90.0,0.0,1.0,-0.16403149,1.0,0.018880967,0.018880967,-0.99630153,0.16033304,-0.16403149,1.0,0.018880967,0.018880967,-0.99630153,0.16033304
19.855,3.4534,0.1552,0.1941,90.0,0.0,1.0,-0.15081829,1.0,0.019002529,0.019002529,-0.9966476,0.14746587,-0.15081829,1.0,0.019002529,0.019002529,-0.9966476,0.14746587
19.906,3.4792,0.1559,0.1924,90.0,0.0,1.0,-0.1526794,1.0,0.019013438,0.019013438,-0.99656904,0.14924842,-0.1526794,1.0,0.019013438,0.019013438,-0.99656904,0.14924842
19.956,3.4964,0.1564,0.1917,90.0,0.0,1.0,-0.13935423,1.0,0.019091258,0.019091258,-0.99691725,0.13627148,-0.13935423,1.0,0.019091258,0.019091258,-0.99691725,0.13627148
20.007,3.5222,0.1571,0.1911,90.0,0.0,1.0,-0.14152351,1.0,0.019104658,0.019104658,-0.9968295,0.13835299,-0.14152351,1.0,0.019104658,0.019104658,-0.9968295,0.13835299
20.057,3.5395,0.1575,0.1911,90.0,0.0,1.0,-0.12857004,1.0,0.01913623,0.01913623,-0.9971671,0.12573712,-0.12857004,1.0,0.01913623,0.01913623,-0.9971671,0.12573712
20.107,3.5654,0.1581,0.1916,90.0,0.0,1.0,-0.13100351,1.0,0.019156039,0.019156039,-0.9970722,0.12807572,-0.13100351,1.0,0.019156039,0.019156039,-0.9970722,0.12807572
20.156,3.5826,0.1585,0.1923,90.0,0.0,1.0,-0.11857798,1.0,0.019144073,0.019144073,-0.9973957,0.115973696,-0.11857798,1.0,0.019144073,0.019144073,-0.9973957,0.115973696
20.208,3.6085,0.1591,0.1937,90.0,0.0,1.0,-0.12121057,1.0,0.019173544,0.019173544,-0.9972962,0.118506804,-0.12121057,1.0,0.019173544,0.019173544,-0.9972962,0.118506804
20.266,3.6257,0.1594,0.1949,90.0,0.0,1.0,-0.10981067,1.0,0.019127214,0.019127214,-0.99759215,0.10740281,-0.10981067,1.0,0.019127214,0.019127214,-0.99759215,0.10740281
20.313,3.6514,0.1599,0.1971,90.0,0.0,1.0,-0.11236177,1.0,0.01916762,0.01916762,-0.9974967,0.109858476,-0.11236177,1.0,0.01916762,0.01916762,-0.9974967,0.109858476
20.365,3.6686,0.1601,0.1987,90.0,0.0,1.0,-0.10204967,1.0,0.01909789,0.01909789,-0.9977639,0.099813536,-0.10204967,1.0,0.01909789,0.01909789,-0.9977639,0.099813536
20.416,3.6942,0.1604,0.2013,90.0,0.0,1.0,-0.104617596,1.0,0.019150883,0.019150883,-0.99767005,0.10228765,-0.104617596,1.0,0.019150883,0.019150883,-0.99767005,0.10228765
20.455,3.7113,0.1605,0.2031,90.0,0.0,1.0,-0.09564503,1.0,0.019073104,0.019073104,-0.99790174,0.093546756,-0.09564503,1.0,0.019073104,0.019073104,-0.99790174,0.093546756
20.505,3.7367,0.1606,0.2058,90.0,0.0,1.0,-0.09808181,1.0,0.019136809,0.019136809,-0.9978141,0.09589594,-0.09808181,1.0,0.019136809,0.019136809,-0.9978141,0.09589594
20.555,3.7537,0.1606,0.2076,90.0,0.0,1.0,-0.09039444,1.0,0.019063257,0.019063257,-0.9980121,0.08840656,-0.09039444,1.0,0.019063257,0.019063257,-0.9980121,0.08840656
20.605,3.7791,0.1605,0.2102,90.0,0.0,1.0,-0.092589624,1.0,0.019135224,0.019135224,-0.9979339,0.09052356,-0.092589624,1.0,0.019135224,0.019135224,-0.9979339,0.09052356
20.655,3.7960,0.1603,0.2117,90.0,0.0,2.0,-0.08605766,1.0,0.01907718,0.01907718,-0.99810183,0.0841595,-0.08605766,1.0,0.01907718,0.01907718,-0.99810183,0.0841595
20.705,3.8213,0.1600,0.2139,90.0,0.0,2.0,-0.09486028,1.0,0.039504297,0.039504297,-0.997389,0.0922493,-0.09486028,1.0,0.039504297,0.039504297,-0.997389,0.0922493
20.755,3.8381,0.1597,0.2151,90.0,0.0,2.0,-0.08249761,1.0,0.04085235,0.04085235,-0.9981742,0.08067183,-0.08249761,1.0,0.04085235,0.04085235,-0.9981742,0.08067183
20.805,3.8634,0.1592,0.2167,90.0,0.0,2.0,-0.08406463,1.0,0.040993333,0.040993333,-0.9981183,0.0821829,-0.08406463,1.0,0.040993333,0.040993333,-0.9981183,0.0821829
20.855,3.8802,0.1588,0.2176,90.0,0.0,2.0,-0.07926751,1.0,0.04105709,0.04105709,-0.9982411,0.07750865,-0.07926751,1.0,0.04105709,0.04105709,-0.9982411,0.07750865
20.905,3.9055,0.1581,0.2185,90.0,0.0,2.0,-0.08047215,1.0,0.04119497,0.04119497,-0.998197,0.07866917,-0.08047215,1.0,0.04119497,0.04119497,-0.998197,0.07866917
20.955,3.9224,0.1575,0.2189,90.0,0.0,2.0,-0.07601431,1.0,0.04128948,0.04128948,-0.9983115,0.074325815,-0.07601431,1.0,0.04128948,0.04128948,-0.9983115,0.074325815
21.005,3.9476,0.1567,0.2192,90.0,0.0,2.0,-0.07694745,1.0,0.04142372,0.04142372,-0.99827594,0.07522339,-0.07694745,1.0,0.04142372,0.04142372,-0.99827594,0.07522339
21.062,3.9645,0.1561,0.2192,90.0,0.0,2.0,-0.07245029,1.0,0.041547406,0.041547406,-0.99839205,0.07084231,-0.07245029,1.0,0.041547406,0.041547406,-0.99839205,0.07084231
21.116,3.9899,0.1551,0.2189,90.0,0.0,2.0,-0.07313684,1.0,0.041675758,0.041675758,-0.9983636,0.07150045,-0.07313684,1.0,0.041675758,0.041675758,-0.9983636,0.07150045
21.154,4.0068,0.1544,0.2185,90.0,0.0,2.0,-0.068291284,1.0,0.041825153,0.041825153,-0.9984893,0.066780634,-0.068291284,1.0,0.041825153,0.041825153,-0.9984893,0.066780634
21.205,4.0322,0.1533,0.2177,90.0,0.0,2.0,-0.068836495,1.0,0.041946944,0.041946944,-0.99846447,0.06730097,-0.068836495,1.0,0.041946944,0.041946944,-0.99846447,0.06730097
21.255,4.0492,0.1525,0.2170,90.0,0.0,2.0,-0.063448474,1.0,0.04211786,0.04211786,-0.9986048,0.06205325,-0.063448474,1.0,0.04211786,0.04211786,-0.9986048,0.06205325
21.305,4.0748,0.1513,0.2157,90.0,0.0,2.0,-0.06392688,1.0,0.042233158,0.042233158,-0.9985809,0.06250773,-0.06392688,1.0,0.042233158,0.042233158,-0.9985809,0.06250773
21.355,4.0919,0.1505,0.2147,90.0,0.0,2.0,-0.057851613,1.0,0.04240812,0.04240812,-0.9987395,0.056591086,-0.057851613,1.0,0.04240812,0.04240812,-0.9987395,0.056591086
21.405,4.1175,0.1493,0.2132,90.0,0.0,2.0,-0.05840766,1.0,0.04240626,0.04240626,-0.99871206,0.05711972,-0.05840766,1.0,0.04240626,0.04240626,-0.99871206,0.05711972
21.455,4.1347,0.1484,0.2121,90.0,0.0,2.0,-0.051491804,1.0,0.04249449,0.04249449,-0.99889314,0.05038495,-0.051491804,1.0,0.04249449,0.04249449,-0.99889314,0.05038495
21.505,4.1605,0.1471,0.2104,90.0,0.0,2.0,-0.052135892,1.0,0.042486425,0.042486425,-0.99886173,0.050997637,-0.052135892,1.0,0.042486425,0.042486425,-0.99886173,0.050997637
21.555,4.1777,0.1462,0.2092,90.0,0.0,2.0,-0.044503912,1.0,0.042577963,0.042577963,-0.9990616,0.043565493,-0.044503912,1.0,0.042577963,0.042577963,-0.9990616,0.043565493
21.605,4.2037,0.1448,0.2075,90.0,0.0,2.0,-0.045196667,1.0,0.042565677,0.042565677,-0.99902725,0.044223946,-0.045196667,1.0,0.042565677,0.042565677,-0.99902725,0.044223946
21.656,4.2210,0.1438,0.2064,90.0,0.0,2.0,-0.03692029,1.0,0.042654302,0.042654302,-0.99924386,0.03616413,-0.03692029,1.0,0.042654302,0.042654302,-0.99924386,0.03616413
21.705,4.2471,0.1423,0.2049,90.0,0.0,2.0,-0.04621306,1.0,0.039726835,0.039726835,-0.99874693,0.044959992,-0.04621306,1.0,0.039726835,0.039726835,-0.99874693,0.044959992
21.755,4.2646,0.1413,0.2039,90.0,0.0,2.0,-0.02850199,1.0,0.041413944,0.041413944,-0.9994472,0.02794919,-0.02850199,1.0,0.041413944,0.041413944,-0.9994472,0.02794919
21.805,4.2908,0.1398,0.2026,90.0,0.0,2.0,-0.029884532,1.0,0.04150247,0.04150247,-0.99939036,0.029274924,-0.029884532,1.0,0.04150247,0.04150247,-0.99939036,0.029274924
21.855,4.3083,0.1387,0.2019,90.0,0.0,2.0,-0.02060657,1.0,0.041682325,0.041682325,-0.9996331,0.020239638,-0.02060657,1.0,0.041682325,0.041682325,-0.9996331,0.020239638
21.905,4.3346,0.1371,0.2010,90.0,0.0,2.0,-0.021855397,1.0,0.041772865,0.041772865,-0.9995793,0.02143472,-0.021855397,1.0,0.041772865,0.041772865,-0.9995793,0.02143472
21.955,4.3521,0.1359,0.2005,90.0,0.0,2.0,-0.012342134,1.0,0.041937053,0.041937053,-0.99982816,0.01217027,-0.012342134,1.0,0.041937053,0.041937053,-0.99982816,0.01217027
22.005,4.3785,0.1342,0.2000,90.0,0.0,2.0,-0.013912684,1.0,0.042028073,0.042028073,-0.9997647,0.013677341,-0.013912684,1.0,0.042028073,0.042028073,-0.9997647,0.013677341
22.055,4.3960,0.1330,0.1999,90.0,0.0,2.0,-0.0042444034,0.9999822,0.042174265,0.042174265,-1.0,0.0042622504,-0.0042444034,0.9999822,0.042174265,0.042174265,-1.0,0.0042622504
22.105,4.4224,0.1311,0.1999,90.0,0.0,2.0,-0.0060435017,1.0,0.042267647,0.042267647,-0.9999477,0.005991217,-0.0060435017,1.0,0.042267647,0.042267647,-0.9999477,0.005991217
22.155,4.4400,0.1298,0.2000,90.0,0.0,2.0,0.00341689,0.99980474,0.042388674,0.042388674,-1.0,-0.0032216115,0.00341689,0.99980474,0.042388674,0.042388674,-1.0,-0.0032216115
22.205,4.4663,0.1278,0.2004,90.0,0.0,2.0,0.0016243353,0.9998743,0.04248655,0.04248655,-1.0,-0.0014986384,0.0016243353,0.9998743,0.04248655,0.04248655,-1.0,-0.0014986384
22.256,4.4838,0.1264,0.2008,90.0,0.0,2.0,0.010479005,0.9996434,0.042590868,0.042590868,-1.0,-0.010122383,0.010479005,0.9996434,0.042590868,0.042590868,-1.0,-0.010122383
22.305,4.5100,0.1242,0.2016,90.0,0.0,2.0,0.008421129,0.99972,0.04269729,0.04269729,-1.0,-0.008141111,0.008421129,0.99972,0.04269729,0.04269729,-1.0,-0.008141111
22.355,4.5275,0.1227,0.2022,90.0,0.0,2.0,0.01756553,0.99947935,0.042759422,0.042759422,-1.0,-0.017044857,0.01756553,0.99947935,0.042759422,0.042759422,-1.0,-0.017044857
22.405,4.5537,0.1204,0.2033,90.0,0.0,2.0,0.015301158,0.999561,0.042755753,0.042755753,-1.0,-0.014862157,0.015301158,0.999561,0.042755753,0.042755753,-1.0,-0.014862157
22.455,4.5711,0.1187,0.2040,90.0,0.0,2.0,0.023076558,0.99935853,0.04273114,0.04273114,-1.0,-0.022435067,0.023076558,0.99935853,0.04273114,0.04273114,-1.0,-0.022435067
22.505,4.5971,0.1162,0.2051,90.0,0.0,2.0,0.021401625,0.999422,0.04273113,0.04273113,-1.0,-0.020823635,0.021401625,0.999422,0.04273113,0.04273113,-1.0,-0.020823635
22.555,4.6144,0.1145,0.2059,90.0,0.0,2.0,0.028573396,0.9992354,0.042705584,0.042705584,-1.0,-0.027808761,0.028573396,0.9992354,0.042705584,0.042705584,-1.0,-0.027808761
22.605,4.6403,0.1118,0.2070,90.0,0.0,2.0,0.026919786,0.99929714,0.042709626,0.042709626,-1.0,-0.026216902,0.026919786,0.99929714,0.042709626,0.042709626,-1.0,-0.026216902
22.655,4.6576,0.1099,0.2078,90.0,0.0,2.0,0.03358264,0.99912363,0.042687964,0.042687964,-1.0,-0.032706257,0.03358264,0.99912363,0.042687964,0.042687964,-1.0,-0.032706257
22.705,4.6834,0.1071,0.2088,90.0,0.0,2.0,0.025445523,0.99924314,0.039868124,0.039868124,-1.0,-0.024688656,0.025445523,0.99924314,0.039868124,0.039868124,-1.0,-0.024688656
22.755,4.7006,0.1051,0.2094,90.0,0.0,2.0,0.038244713,0.9990195,0.041364394,0.041364394,-1.0,-0.037264187,0.038244713,0.9990195,0.041364394,0.041364394,-1.0,-0.037264187
22.805,4.7263,0.1020,0.2103,90.0,0.0,2.0,0.036842465,0.999072,0.04148495,0.04148495,-1.0,-0.035914466,0.036842465,0.999072,0.04148495,0.04148495,-1.0,-0.035914466
22.855,4.7435,0.1000,0.2108,90.0,0.0,2.0,0.042781565,0.998917,0.041592956,0.041592956,-1.0,-0.041698568,0.042781565,0.998917,0.041592956,0.041592956,-1.0,-0.041698568
22.905,4.7691,0.0967,0.2113,90.0,0.0,2.0,0.041519944,0.99896485,0.04171364,0.04171364,-1.0,-0.040484764,0.041519944,0.99896485,0.04171364,0.04171364,-1.0,-0.040484764
22.955,4.7862,0.0946,0.2116,90.0,0.0,2.0,0.047261108,0.9988149,0.04183567,0.04183567,-1.0,-0.046075974,0.047261108,0.9988149,0.04183567,0.04183567,-1.0,-0.046075974
23.005,4.8119,0.0912,0.2119,90.0,0.0,2.0,0.04615818,0.99885774,0.04195545,0.04195545,-1.0,-0.04501591,0.04615818,0.99885774,0.04195545,0.04195545,-1.0,-0.04501591
23.055,4.8290,0.0889,0.2120,90.0,0.0,2.0,0.05182971,0.99870944,0.042092446,0.042092446,-1.0,-0.050539162,0.05182971,0.99870944,0.042092446,0.042092446,-1.0,-0.050539162
23.105,4.8546,0.0854,0.2121,90.0,0.0,2.0,0.050899472,0.9987472,0.04221008,0.04221008,-1.0,-0.04964669,0.050899472,0.9987472,0.04221008,0.04221008,-1.0,-0.04964669
23.155,4.8717,0.0830,0.2120,90.0,0.0,2.0,0.056632854,0.99859715,0.042361137,0.042361137,-1.0,-0.055229977,0.056632854,0.99859715,0.042361137,0.042361137,-1.0,-0.055229977
23.205,4.8973,0.0793,0.2117,90.0,0.0,2.0,0.055782206,0.9986327,0.042476162,0.042476162,-1.0,-0.054414917,0.055782206,0.9986327,0.042476162,0.042476162,-1.0,-0.054414917
23.255,4.9144,0.0769,0.2115,90.0,0.0,2.0,0.061701775,0.99847746,0.042640004,0.042640004,-1.0,-0.060179226,0.061701775,0.99847746,0.042640004,0.042640004,-1.0,-0.060179226
23.305,4.9400,0.0731,0.2110,90.0,0.0,2.0,0.060871627,0.9985128,0.0427522,0.0427522,-1.0,-0.059384413,0.060871627,0.9985128,0.0427522,0.0427522,-1.0,-0.059384413
23.355,4.9571,0.0705,0.2106,90.0,0.0,2.0,0.0670467,0.99835056,0.042909067,0.042909067,-1.0,-0.06539727,0.0670467,0.99835056,0.042909067,0.042909067,-1.0,-0.06539727
23.404,4.9828,0.0667,0.2100,90.0,0.0,2.0,0.06624004,0.9983857,0.042906955,0.042906955,-1.0,-0.064625755,0.06624004,0.9983857,0.042906955,0.042906955,-1.0,-0.064625755
23.454,5.0000,0.0640,0.2096,90.0,0.0,2.0,0.072733164,0.99821484,0.04297817,0.04297817,-1.0,-0.070948005,0.072733164,0.99821484,0.04297817,0.04297817,-1.0,-0.070948005
23.505,5.0257,0.0600,0.2088,90.0,0.0,2.0,0.071889654,0.9982516,0.04297277,0.04297277,-1.0,-0.070141286,0.071889654,0.9982516,0.04297277,0.04297277,-1.0,-0.070141286
23.555,5.0429,0.0573,0.2083,90.0,0.0,2.0,0.07870328,0.9980721,0.043049183,0.043049183,-1.0,-0.07677536,0.07870328,0.9980721,0.043049183,0.043049183,-1.0,-0.07677536
23.605,5.0686,0.0532,0.2076,90.0,0.0,2.0,0.077667624,0.99811506,0.043039303,0.043039303,-1.0,-0.07578269,0.077667624,0.99811506,0.043039303,0.043039303,-1.0,-0.07578269
23.656,5.0858,0.0504,0.2071,90.0,0.0,2.0,0.085019894,0.9979204,0.04312056,0.04312056,-1.0,-0.0829403,0.085019894,0.9979204,0.04312056,0.04312056,-1.0,-0.0829403
23.705,5.1117,0.0462,0.2064,90.0,0.0,2.0,0.076993965,0.99779016,0.040156856,0.040156856,-1.0,-0.074784115,0.076993965,0.99779016,0.040156856,0.040156856,-1.0,-0.074784115
23.756,5.1289,0.0433,0.2059,90.0,0.0,2.0,0.091223404,0.9977731,0.04185814,0.04185814,-1.0,-0.088996515,0.091223404,0.9977731,0.04185814,0.04185814,-1.0,-0.088996515
23.806,5.1547,0.0390,0.2053,90.0,0.0,2.0,0.09017987,0.99781734,0.041957665,0.041957665,-1.0,-0.087997235,0.09017987,0.99781734,0.041957665,0.041957665,-1.0,-0.087997235
23.856,5.1720,0.0360,0.2050,90.0,0.0,2.0,0.09764716,0.99762017,0.042142976,0.042142976,-1.0,-0.09526734,0.09764716,0.99762017,0.042142976,0.042142976,-1.0,-0.09526734
23.905,5.1979,0.0316,0.2045,90.0,0.0,2.0,0.0965364,0.9976667,0.042241376,0.042241376,-1.0,-0.09420312,0.0965364,0.9976667,0.042241376,0.042241376,-1.0,-0.09420312
23.955,5.2151,0.0286,0.2043,90.0,0.0,2.0,0.10412237,0.9974662,0.04242131,0.04242131,-1.0,-0.10158855,0.10412237,0.9974662,0.04242131,0.04242131,-1.0,-0.10158855
24.005,5.2410,0.0240,0.2040,90.0,0.0,2.0,0.10286009,0.99751735,0.042518906,0.042518906,-1.0,-0.100377426,0.10286009,0.99751735,0.042518906,0.042518906,-1.0,-0.100377426
24.055,5.2583,0.0210,0.2039,90.0,0.0,2.0,0.11042772,0.9973172,0.042692486,0.042692486,-1.0,-0.10774492,0.11042772,0.9973172,0.042692486,0.042692486,-1.0,-0.10774492
24.106,5.2841,0.0163,0.2039,90.0,0.0,2.0,0.10914706,0.99736893,0.042790525,0.042790525,-1.0,-0.10651597,0.10914706,0.99736893,0.042790525,0.042790525,-1.0,-0.10651597
24.156,5.3014,0.0131,0.2039,90.0,0.0,2.0,0.11664925,0.9971703,0.04295679,0.04295679,-1.0,-0.113819584,0.11664925,0.9971703,0.04295679,0.04295679,-1.0,-0.113819584
24.206,5.3272,0.0084,0.2040,90.0,0.0,2.0,0.115247205,0.99722546,0.043055646,0.043055646,-1.0,-0.11247265,0.115247205,0.99722546,0.043055646,0.043055646,-1.0,-0.11247265
24.256,5.3444,0.0051,0.2042,90.0,0.0,2.0,0.122552715,0.9970321,0.043215618,0.043215618,-1.0,-0.11958482,0.122552715,0.9970321,0.043215618,0.043215618,-1.0,-0.11958482
24.306,5.3702,0.0002,0.2044,90.0,0.0,2.0,0.12121173,0.99708515,0.04331619,0.04331619,-1.0,-0.11829688,0.12121173,0.99708515,0.04331619,0.04331619,-1.0,-0.11829688
24.356,5.3873,-0.0031,0.2047,90.0,0.0,2.0,0.12828077,0.99689806,0.043447454,0.043447454,-1.0,-0.12517881,0.12828077,0.99689806,0.043447454,0.043447454,-1.0,-0.12517881
24.405,5.4131,-0.0081,0.2051,90.0,0.0,2.0,0.12691894,0.99695134,0.04343674,0.04343674,-1.0,-0.12387026,0.12691894,0.99695134,0.04343674,0.04343674,-1.0,-0.12387026
24.455,5.4302,-0.0115,0.2054,90.0,0.0,2.0,0.13378377,0.9967694,0.043474045,0.043474045,-1.0,-0.13055317,0.13378377,0.9967694,0.043474045,0.043474045,-1.0,-0.13055317
24.505,5.4558,-0.0166,0.2059,90.0,0.0,2.0,0.13231319,0.9968254,0.04346458,0.04346458,-1.0,-0.12913862,0.13231319,0.9968254,0.04346458,0.04346458,-1.0,-0.12913862
24.555,5.4729,-0.0200,0.2062,90.0,0.0,2.0,0.13902493,0.9966472,0.04350056,0.04350056,-1.0,-0.13567208,0.13902493,0.9966472,0.04350056,0.04350056,-1.0,-0.13567208
24.606,5.4985,-0.0253,0.2067,90.0,0.0,2.0,0.13766702,0.9966994,0.043493353,0.043493353,-1.0,-0.1343664,0.13766702,0.9966994,0.043493353,0.043493353,-1.0,-0.1343664
24.656,5.5155,-0.0288,0.2070,90.0,0.0,2.0,0.14396171,0.9965325,0.04352877,0.04352877,-1.0,-0.14049423,0.14396171,0.9965325,0.04352877,0.04352877,-1.0,-0.14049423
24.706,5.5410,-0.0341,0.2075,90.0,0.0,2.0,0.13675004,0.9960891,0.04058098,0.04058098,-1.0,-0.13283917,0.13675004,0.9960891,0.04058098,0.04058098,-1.0,-0.13283917
24.756,5.5580,-0.0377,0.2078,90.0,0.0,2.0,0.14874558,0.9964211,0.04222016,0.04222016,-1.0,-0.1451667,0.14874558,0.9964211,0.04222016,0.04222016,-1.0,-0.1451667
24.806,5.5835,-0.0432,0.2082,90.0,0.0,2.0,0.14760634,0.99646604,0.04232964,0.04232964,-1.0,-0.14407237,0.14760634,0.99646604,0.04232964,0.04232964,-1.0,-0.14407237
24.856,5.6004,-0.0469,0.2084,90.0,0.0,2.0,0.15348685,0.9963099,0.04248384,0.04248384,-1.0,-0.14979674,0.15348685,0.9963099,0.04248384,0.04248384,-1.0,-0.14979674
24.907,5.6258,-0.0524,0.2087,90.0,0.0,2.0,0.15231664,0.99635535,0.04259469,0.04259469,-1.0,-0.14867201,0.15231664,0.99635535,0.04259469,0.04259469,-1.0,-0.14867201
24.956,5.6428,-0.0562,0.2089,90.0,0.0,2.0,0.15817292,0.9961994,0.04275529,0.04275529,-1.0,-0.15437233,0.15817292,0.9961994,0.04275529,0.04275529,-1.0,-0.15437233
25.006,5.6681,-0.0618,0.2091,90.0,0.0,2.0,0.15707259,0.9962426,0.04286546,0.04286546,-1.0,-0.15331519,0.15707259,0.9962426,0.04286546,0.04286546,-1.0,-0.15331519
25.056,5.6850,-0.0656,0.2091,90.0,0.0,2.0,0.16284102,0.9960888,0.043032788,0.043032788,-1.0,-0.15892985,0.16284102,0.9960888,0.043032788,0.043032788,-1.0,-0.15892985
25.107,5.7104,-0.0714,0.2092,90.0,0.0,2.0,0.16178206,0.9961307,0.04314227,0.04314227,-1.0,-0.15791273,0.16178206,0.9961307,0.04314227,0.04314227,-1.0,-0.15791273
25.157,5.7273,-0.0753,0.2092,90.0,0.0,2.0,0.16747092,0.995979,0.04331724,0.04331724,-1.0,-0.16344991,0.16747092,0.995979,0.04331724,0.04331724,-1.0,-0.16344991
25.207,5.7526,-0.0811,0.2091,90.0,0.0,2.0,0.16653848,0.9960171,0.043426275,0.043426275,-1.0,-0.16255556,0.16653848,0.9960171,0.043426275,0.043426275,-1.0,-0.16255556
25.266,5.7695,-0.0851,0.2090,90.0,0.0,2.0,0.17225228,0.99586457,0.043608356,0.043608356,-1.0,-0.16811682,0.17225228,0.99586457,0.043608356,0.043608356,-1.0,-0.16811682
25.307,5.7948,-0.0910,0.2088,90.0,0.0,2.0,0.17126736,0.99590427,0.0437169,0.0437169,-1.0,-0.16717164,0.17126736,0.99590427,0.0437169,0.0437169,-1.0,-0.16717164
25.358,5.8117,-0.0950,0.2087,90.0,0.0,2.0,0.1771759,0.99574596,0.043884825,0.043884825,-1.0,-0.17292184,0.1771759,0.99574596,0.043884825,0.043884825,-1.0,-0.17292184
25.409,5.8370,-0.1010,0.2084,90.0,0.0,2.0,0.17622784,0.99578476,0.04387679,0.04387679,-1.0,-0.17201257,0.17622784,0.99578476,0.04387679,0.04387679,-1.0,-0.17201257
25.465,5.8534,-0.1051,0.2083,90.0,0.0,2.0,0.18211989,0.9956269,0.043956324,0.043956324,-1.0,-0.1777468,0.18211989,0.9956269,0.043956324,0.043956324,-1.0,-0.1777468
25.511,5.8770,-0.1112,0.2081,90.0,0.0,2.0,0.19761965,0.9951974,0.044055097,0.044055097,-1.0,-0.19281703,0.19761965,0.9951974,0.044055097,0.044055097,-1.0,-0.19281703
25.565,5.8929,-0.1153,0.2079,90.0,0.0,2.0,0.24496984,0.99387425,0.044435088,0.044435088,-1.0,-0.23884408,0.24496984,0.99387425,0.044435088,0.044435088,-1.0,-0.23884408
25.612,5.9169,-0.1214,0.2077,90.0,0.0,2.0,0.23205666,0.99431026,0.044358116,0.044358116,-1.0,-0.2263669,0.23205666,0.99431026,0.044358116,0.044358116,-1.0,-0.2263669
25.669,5.9329,-0.1255,0.2076,90.0,0.0,2.0,0.25219914,0.9937729,0.04457039,0.04457039,-1.0,-0.24597204,0.25219914,0.9937729,0.04457039,0.04457039,-1.0,-0.24597204
25.708,5.9571,-0.1317,0.2073,90.0,0.0,2.0,0.22386433,0.99356544,0.041333094,0.041333094,-1.0,-0.21742979,0.22386433,0.99356544,0.041333094,0.041333094,-1.0,-0.21742979
25.765,5.9733,-0.1359,0.2072,90.0,0.0,2.0,0.2602253,0.99362075,0.04332354,0.04332354,-1.0,-0.25384605,0.2602253,0.99362075,0.04332354,0.04332354,-1.0,-0.25384605
25.813,5.9976,-0.1421,0.2069,90.0,0.0,2.0,0.2542849,0.99382925,0.043390162,0.043390162,-1.0,-0.24811415,0.2542849,0.99382925,0.043390162,0.043390162,-1.0,-0.24811415
25.867,6.0139,-0.1463,0.2068,90.0,0.0,2.0,0.26730683,0.9934783,0.043665744,0.043665744,-1.0,-0.26078513,0.26730683,0.9934783,0.043665744,0.043665744,-1.0,-0.26078513
25.904,6.0384,-0.1527,0.2066,90.0,0.0,2.0,0.26268417,0.99364173,0.043739446,0.043739446,-1.0,-0.25632593,0.26268417,0.99364173,0.043739446,0.043739446,-1.0,-0.25632593
25.955,6.0548,-0.1569,0.2065,90.0,0.0,2.0,0.27392977,0.99333644,0.04400207,0.04400207,-1.0,-0.2672662,0.27392977,0.99333644,0.04400207,0.04400207,-1.0,-0.2672662
26.005,6.0795,-0.1633,0.2063,90.0,0.0,2.0,0.27039924,0.9934632,0.044081137,0.044081137,-1.0,-0.26386246,0.27039924,0.9934632,0.044081137,0.044081137,-1.0,-0.26386246
26.055,6.0960,-0.1676,0.2062,90.0,0.0,2.0,0.27989298,0.99320525,0.044328492,0.044328492,-1.0,-0.2730982,0.27989298,0.99320525,0.044328492,0.044328492,-1.0,-0.2730982
26.105,6.1207,-0.1742,0.2061,90.0,0.0,2.0,0.27721277,0.9933037,0.04441424,0.04441424,-1.0,-0.27051648,0.27721277,0.9933037,0.04441424,0.04441424,-1.0,-0.27051648
26.155,6.1373,-0.1785,0.2060,90.0,0.0,2.0,0.28569618,0.99307233,0.04465179,0.04465179,-1.0,-0.2787685,0.28569618,0.99307233,0.04465179,0.04465179,-1.0,-0.2787685
26.204,6.1622,-0.1851,0.2060,90.0,0.0,2.0,0.283462,0.9931555,0.044741143,0.044741143,-1.0,-0.27661744,0.283462,0.9931555,0.044741143,0.044741143,-1.0,-0.27661744
26.255,6.1788,-0.1895,0.2059,90.0,0.0,2.0,0.2911714,0.9929446,0.044970576,0.044970576,-1.0,-0.28411603,0.2911714,0.9929446,0.044970576,0.044970576,-1.0,-0.28411603
26.306,6.2037,-0.1962,0.2060,90.0,0.0,2.0,0.28928173,0.99301594,0.045063484,0.045063484,-1.0,-0.28229764,0.28928173,0.99301594,0.045063484,0.045063484,-1.0,-0.28229764
26.355,6.2204,-0.2007,0.2060,90.0,0.0,2.0,0.29637885,0.9928214,0.045260623,0.045260623,-1.0,-0.28920025,0.29637885,0.9928214,0.045260623,0.045260623,-1.0,-0.28920025
26.405,6.2454,-0.2075,0.2061,90.0,0.0,2.0,0.29484782,0.99288076,0.045239396,0.045239396,-1.0,-0.28772858,0.29484782,0.99288076,0.045239396,0.045239396,-1.0,-0.28772858
26.455,6.2621,-0.2120,0.2061,90.0,0.0,2.0,0.3013882,0.99270123,0.04533602,0.04533602,-1.0,-0.29408944,0.3013882,0.99270123,0.04533602,0.04533602,-1.0,-0.29408944
26.505,6.2872,-0.2189,0.2062,90.0,0.0,2.0,0.29989403,0.9927586,0.04531499,0.04531499,-1.0,-0.29265258,0.29989403,0.9927586,0.04531499,0.04531499,-1.0,-0.29265258
26.555,6.3039,-0.2235,0.2063,90.0,0.0,2.0,0.30601528,0.9925902,0.045406293,0.045406293,-1.0,-0.29860547,0.30601528,0.9925902,0.045406293,0.045406293,-1.0,-0.29860547
26.605,6.3290,-0.2304,0.2065,90.0,0.0,2.0,0.3046589,0.9926425,0.045387246,0.045387246,-1.0,-0.29730138,0.3046589,0.9926425,0.045387246,0.045387246,-1.0,-0.29730138
26.654,6.3458,-0.2351,0.2066,90.0,0.0,2.0,0.3103646,0.99248534,0.04547375,0.04547375,-1.0,-0.30284998,0.3103646,0.99248534,0.04547375,0.04547375,-1.0,-0.30284998
26.705,6.3709,-0.2421,0.2068,90.0,0.0,2.0,0.3040486,0.99117976,0.042316467,0.042316467,-1.0,-0.29522836,0.3040486,0.99117976,0.042316467,0.042316467,-1.0,-0.29522836
26.755,6.3877,-0.2468,0.2069,90.0,0.0,2.0,0.3143893,0.99238837,0.04413735,0.04413735,-1.0,-0.3067777,0.3143893,0.99238837,0.04413735,0.04413735,-1.0,-0.3067777
26.805,6.4129,-0.2539,0.2070,90.0,0.0,2.0,0.31324077,0.9924329,0.044240624,0.044240624,-1.0,-0.3056737,0.31324077,0.9924329,0.044240624,0.044240624,-1.0,-0.3056737
26.855,6.4297,-0.2587,0.2071,90.0,0.0,2.0,0.3182569,0.9922943,0.044438038,0.044438038,-1.0,-0.31055123,0.3182569,0.9922943,0.044438038,0.044438038,-1.0,-0.31055123
26.906,6.4423,-0.2623,0.2072,90.0,0.0,2.0,0.31718192,0.99233603,0.04454245,0.04454245,-1.0,-0.30951798,0.31718192,0.99233603,0.04454245,0.04454245,-1.0,-0.30951798
26.955,6.4717,-0.2707,0.2073,90.0,0.0,2.0,0.3169797,0.99234885,0.044662543,0.044662543,-1.0,-0.3093286,0.3169797,0.99234885,0.044662543,0.044662543,-1.0,-0.3093286
27.006,6.4843,-0.2744,0.2074,90.0,0.0,2.0,0.324827,0.9921251,0.044908937,0.044908937,-1.0,-0.31695208,0.324827,0.9921251,0.044908937,0.044908937,-1.0,-0.31695208
27.055,6.5137,-0.2829,0.2075,90.0,0.0,2.0,0.32080427,0.9922539,0.04496746,0.04496746,-1.0,-0.3130582,0.32080427,0.9922539,0.04496746,0.04496746,-1.0,-0.3130582
27.105,6.5389,-0.2902,0.2075,90.0,0.0,2.0,0.3284751,0.99203473,0.04521641,0.04521641,-1.0,-0.32050982,0.3284751,0.99203473,0.04521641,0.04521641,-1.0,-0.32050982
27.154,6.5558,-0.2952,0.2076,90.0,0.0,2.0,0.3291816,0.9920253,0.04535301,0.04535301,-1.0,-0.32120693,0.3291816,0.9920253,0.04535301,0.04535301,-1.0,-0.32120693
27.205,6.5810,-0.3026,0.2076,90.0,0.0,2.0,0.32836148,0.99205834,0.045459855,0.045459855,-1.0,-0.32041982,0.32836148,0.99205834,0.045459855,0.045459855,-1.0,-0.32041982
27.255,6.5978,-0.3075,0.2075,90.0,0.0,2.0,0.33278635,0.99193525,0.04566389,0.04566389,-1.0,-0.3247216,0.33278635,0.99193525,0.04566389,0.04566389,-1.0,-0.3247216
27.305,6.6230,-0.3150,0.2075,90.0,0.0,2.0,0.33203635,0.99196607,0.045771223,0.045771223,-1.0,-0.3240024,0.33203635,0.99196607,0.045771223,0.045771223,-1.0,-0.3240024
27.355,6.6399,-0.3200,0.2075,90.0,0.0,2.0,0.33647525,0.9918423,0.04595622,0.04595622,-1.0,-0.32831758,0.33647525,0.9918423,0.04595622,0.04595622,-1.0,-0.32831758
27.405,6.6651,-0.3275,0.2074,90.0,0.0,2.0,0.33575776,0.9918722,0.045944255,0.045944255,-1.0,-0.32762995,0.33575776,0.9918722,0.045944255,0.045944255,-1.0,-0.32762995
27.455,6.6820,-0.3325,0.2073,90.0,0.0,2.0,0.34023857,0.9917471,0.04603496,0.04603496,-1.0,-0.33198568,0.34023857,0.9917471,0.04603496,0.04603496,-1.0,-0.33198568
27.505,6.7072,-0.3401,0.2072,90.0,0.0,2.0,0.33957064,0.9917755,0.046023123,0.046023123,-1.0,-0.33134618,0.33957064,0.9917755,0.046023123,0.046023123,-1.0,-0.33134618
27.555,6.7241,-0.3451,0.2071,90.0,0.0,2.0,0.34417292,0.99164677,0.046117514,0.046117514,-1.0,-0.3358197,0.34417292,0.99164677,0.046117514,0.046117514,-1.0,-0.3358197
27.605,6.7494,-0.3527,0.2070,90.0,0.0,2.0,0.34347045,0.99167645,0.046104338,0.046104338,-1.0,-0.33514687,0.34347045,0.99167645,0.046104338,0.046104338,-1.0,-0.33514687
27.655,6.7662,-0.3577,0.2069,90.0,0.0,2.0,0.3481627,0.99154496,0.046201263,0.046201263,-1.0,-0.33970764,0.3481627,0.99154496,0.046201263,0.046201263,-1.0,-0.33970764
27.705,6.7915,-0.3654,0.2068,90.0,0.0,2.0,0.34348217,0.98998636,0.042986218,0.042986218,-1.0,-0.3334685,0.34348217,0.98998636,0.042986218,0.042986218,-1.0,-0.3334685
27.755,6.8084,-0.3705,0.2067,90.0,0.0,2.0,0.35220796,0.9914415,0.044861477,0.044861477,-1.0,-0.34364945,0.35220796,0.9914415,0.044861477,0.044861477,-1.0,-0.34364945
27.809,6.8337,-0.3781,0.2065,90.0,0.0,2.0,0.35136795,0.99147564,0.044966042,0.044966042,-1.0,-0.3428436,0.35136795,0.99147564,0.044966042,0.044966042,-1.0,-0.3428436
27.859,6.8506,-0.3832,0.2065,90.0,0.0,2.0,0.35616022,0.99134094,0.045183595,0.045183595,-1.0,-0.34750116,0.35616022,0.99134094,0.045183595,0.045183595,-1.0,-0.34750116
27.916,6.8759,-0.3909,0.2064,90.0,0.0,2.0,0.35540494,0.9913725,0.045289174,0.045289174,-1.0,-0.3467775,0.35540494,0.9913725,0.045289174,0.045289174,-1.0,-0.3467775
27.962,6.8928,-0.3960,0.2063,90.0,0.0,2.0,0.36016887,0.9912386,0.04550706,0.04550706,-1.0,-0.3514075,0.36016887,0.9912386,0.04550706,0.04550706,-1.0,-0.3514075
28.015,6.9181,-0.4037,0.2062,90.0,0.0,2.0,0.35946348,0.9912688,0.045612693,0.045612693,-1.0,-0.35073227,0.35946348,0.9912688,0.045612693,0.045612693,-1.0,-0.35073227
28.063,6.9350,-0.4088,0.2062,90.0,0.0,2.0,0.3642227,0.9911348,0.045829702,0.045829702,-1.0,-0.3553575,0.3642227,0.9911348,0.045829702,0.045829702,-1.0,-0.3553575
28.115,6.9604,-0.4165,0.2061,90.0,0.0,2.0,0.3633892,0.9911689,0.04593415,0.04593415,-1.0,-0.3545581,0.3633892,0.9911689,0.04593415,0.04593415,-1.0,-0.3545581
28.163,6.9773,-0.4216,0.2061,90.0,0.0,2.0,0.36815444,0.99103445,0.04615131,0.04615131,-1.0,-0.35918888,0.36815444,0.99103445,0.04615131,0.04615131,-1.0,-0.35918888
28.216,7.0026,-0.4294,0.2061,90.0,0.0,2.0,0.3672981,0.9910692,0.046255466,0.046255466,-1.0,-0.35836732,0.3672981,0.9910692,0.046255466,0.046255466,-1.0,-0.35836732
28.263,7.0195,-0.4345,0.2061,90.0,0.0,2.0,0.37197766,0.990937,0.046471227,0.046471227,-1.0,-0.36291465,0.37197766,0.990937,0.046471227,0.046471227,-1.0,-0.36291465
28.318,7.0449,-0.4423,0.2061,90.0,0.0,2.0,0.37112886,0.9909714,0.0465754,0.0465754,-1.0,-0.36210027,0.37112886,0.9909714,0.0465754,0.0465754,-1.0,-0.36210027
28.355,7.0618,-0.4474,0.2061,90.0,0.0,2.0,0.37555644,0.9908466,0.04676383,0.04676383,-1.0,-0.366403,0.37555644,0.9908466,0.04676383,0.04676383,-1.0,-0.366403
28.405,7.0872,-0.4552,0.2062,90.0,0.0,2.0,0.374901,0.9908748,0.046750832,0.046750832,-1.0,-0.3657758,0.374901,0.9908748,0.046750832,0.046750832,-1.0,-0.3657758
28.455,7.1041,-0.4604,0.2062,90.0,0.0,2.0,0.37925354,0.9907518,0.04683924,0.04683924,-1.0,-0.3700053,0.37925354,0.9907518,0.04683924,0.04683924,-1.0,-0.3700053
28.505,7.1295,-0.4682,0.2063,90.0,0.0,2.0,0.3783837,0.9907865,0.046822082,0.046822082,-1.0,-0.3691702,0.3783837,0.9907865,0.046822082,0.046822082,-1.0,-0.3691702
28.555,7.1465,-0.4733,0.2063,90.0,0.0,2.0,0.38278216,0.99066156,0.04691199,0.04691199,-1.0,-0.37344372,0.38278216,0.99066156,0.04691199,0.04691199,-1.0,-0.37344372
28.606,7.1718,-0.4811,0.2064,90.0,0.0,2.0,0.3819167,0.9906959,0.04689504,0.04689504,-1.0,-0.37261263,0.3819167,0.9906959,0.04689504,0.04689504,-1.0,-0.37261263
28.655,7.1888,-0.4863,0.2065,90.0,0.0,2.0,0.38612735,0.9905763,0.046982054,0.046982054,-1.0,-0.37670365,0.38612735,0.9905763,0.046982054,0.046982054,-1.0,-0.37670365
28.705,7.2142,-0.4941,0.2065,90.0,0.0,2.0,0.38193244,0.98879963,0.043717522,0.043717522,-1.0,-0.37073207,0.38193244,0.98879963,0.043717522,0.043717522,-1.0,-0.37073207
28.755,7.2311,-0.4994,0.2066,90.0,0.0,2.0,0.38933855,0.9904945,0.045603376,0.045603376,-1.0,-0.37983307,0.38933855,0.9904945,0.045603376,0.045603376,-1.0,-0.37983307
28.805,7.2565,-0.5072,0.2067,90.0,0.0,2.0,0.38857996,0.99052507,0.045711193,0.045711193,-1.0,-0.37910506,0.38857996,0.99052507,0.045711193,0.045711193,-1.0,-0.37910506
28.855,7.2735,-0.5124,0.2067,90.0,0.0,2.0,0.39250904,0.9904132,0.045915984,0.045915984,-1.0,-0.38292226,0.39250904,0.9904132,0.045915984,0.045915984,-1.0,-0.38292226
28.905,7.2989,-0.5202,0.2068,90.0,0.0,2.0,0.39179972,0.99044216,0.04602516,0.04602516,-1.0,-0.38224187,0.39179972,0.99044216,0.04602516,0.04602516,-1.0,-0.38224187
28.955,7.3158,-0.5255,0.2068,90.0,0.0,2.0,0.3956774,0.99033153,0.04623142,0.04623142,-1.0,-0.38600892,0.3956774,0.99033153,0.04623142,0.04623142,-1.0,-0.38600892
29.007,7.3412,-0.5333,0.2069,90.0,0.0,2.0,0.39500982,0.99035907,0.046341207,0.046341207,-1.0,-0.3853689,0.39500982,0.99035907,0.046341207,0.046341207,-1.0,-0.3853689
29.056,7.3582,-0.5385,0.2069,90.0,0.0,2.0,0.39884803,0.9902494,0.0465488,0.0465488,-1.0,-0.38909745,0.39884803,0.9902494,0.0465488,0.0465488,-1.0,-0.38909745
29.106,7.3836,-0.5464,0.2069,90.0,0.0,2.0,0.3981907,0.9902766,0.046658646,0.046658646,-1.0,-0.38846728,0.3981907,0.9902766,0.046658646,0.046658646,-1.0,-0.38846728
29.156,7.4006,-0.5516,0.2069,90.0,0.0,2.0,0.40202135,0.9901669,0.046868056,0.046868056,-1.0,-0.39218822,0.40202135,0.9901669,0.046868056,0.046868056,-1.0,-0.39218822
29.205,7.4261,-0.5595,0.2069,90.0,0.0,2.0,0.4013548,0.9901943,0.04697766,0.04697766,-1.0,-0.39154908,0.4013548,0.9901943,0.04697766,0.04697766,-1.0,-0.39154908
29.257,7.4430,-0.5647,0.2069,90.0,0.0,2.0,0.40517464,0.9900847,0.04718919,0.04718919,-1.0,-0.39525935,0.40517464,0.9900847,0.04718919,0.04718919,-1.0,-0.39525935
29.306,7.4685,-0.5726,0.2069,90.0,0.0,2.0,0.40448937,0.9901127,0.047299094,0.047299094,-1.0,-0.3946021,0.40448937,0.9901127,0.047299094,0.047299094,-1.0,-0.3946021
29.356,7.4855,-0.5778,0.2069,90.0,0.0,2.0,0.4082794,0.9900039,0.047488466,0.047488466,-1.0,-0.39828324,0.4082794,0.9900039,0.047488466,0.047488466,-1.0,-0.39828324
29.406,7.5110,-0.5857,0.2068,90.0,0.0,2.0,0.4077064,0.9900284,0.047476277,0.047476277,-1.0,-0.39773476,0.4077064,0.9900284,0.047476277,0.047476277,-1.0,-0.39773476
29.456,7.5280,-0.5909,0.2068,90.0,0.0,2.0,0.41150048,0.98991925,0.047567263,0.047567263,-1.0,-0.4014197,0.41150048,0.98991925,0.047567263,0.047567263,-1.0,-0.4014197
29.506,7.5535,-0.5988,0.2068,90.0,0.0,2.0,0.410865,0.9899457,0.04755328,0.04755328,-1.0,-0.4008107,0.410865,0.9899457,0.04755328,0.04755328,-1.0,-0.4008107
29.556,7.5706,-0.6040,0.2067,90.0,0.0,2.0,0.4146519,0.9898366,0.047645207,0.047645207,-1.0,-0.4044885,0.4146519,0.9898366,0.047645207,0.047645207,-1.0,-0.4044885
29.606,7.5961,-0.6118,0.2067,90.0,0.0,2.0,0.41403005,0.9898626,0.047631193,0.047631193,-1.0,-0.4038927,0.41403005,0.9898626,0.047631193,0.047631193,-1.0,-0.4038927
29.656,7.6132,-0.6171,0.2066,90.0,0.0,2.0,0.41784787,0.9897524,0.04772473,0.04772473,-1.0,-0.40760028,0.41784787,0.9897524,0.04772473,0.04772473,-1.0,-0.40760028
29.707,7.6387,-0.6249,0.2066,90.0,0.0,2.0,0.41422912,0.9877998,0.044412725,0.044412725,-1.0,-0.40202892,0.41422912,0.9877998,0.044412725,0.044412725,-1.0,-0.40202892
29.765,7.6558,-0.6302,0.2065,90.0,0.0,2.0,0.42096883,0.98967034,0.04633481,0.04633481,-1.0,-0.41063917,0.42096883,0.98967034,0.04633481,0.04633481,-1.0,-0.41063917
29.807,7.6814,-0.6380,0.2065,90.0,0.0,2.0,0.42025244,0.9896993,0.04644306,0.04644306,-1.0,-0.40995175,0.42025244,0.9896993,0.04644306,0.04644306,-1.0,-0.40995175
29.857,7.6985,-0.6433,0.2064,90.0,0.0,2.0,0.42399636,0.9895909,0.046658553,0.046658553,-1.0,-0.4135872,0.42399636,0.9895909,0.046658553,0.046658553,-1.0,-0.4135872
29.908,7.7241,-0.6511,0.2064,90.0,0.0,2.0,0.42336932,0.989617,0.04676843,0.04676843,-1.0,-0.41298634,0.42336932,0.989617,0.04676843,0.04676843,-1.0,-0.41298634
29.965,7.7412,-0.6564,0.2063,90.0,0.0,2.0,0.42709038,0.9895091,0.04698458,0.04698458,-1.0,-0.4165995,0.42709038,0.9895091,0.04698458,0.04698458,-1.0,-0.4165995
30.012,7.7668,-0.6642,0.2063,90.0,0.0,2.0,0.42646503,0.9895352,0.04709463,0.04709463,-1.0,-0.41600028,0.42646503,0.9895352,0.04709463,0.04709463,-1.0,-0.41600028
30.066,7.7840,-0.6694,0.2063,90.0,0.0,2.0,0.43021923,0.9894261,0.047311187,0.047311187,-1.0,-0.4196453,0.43021923,0.9894261,0.047311187,0.047311187,-1.0,-0.4196453
30.113,7.8096,-0.6773,0.2062,90.0,0.0,2.0,0.42949006,0.98945546,0.047420263,0.047420263,-1.0,-0.4189455,0.42949006,0.98945546,0.047420263,0.047420263,-1.0,-0.4189455
30.165,7.8268,-0.6825,0.2062,90.0,0.0,2.0,0.43324608,0.98934597,0.04763783,0.04763783,-1.0,-0.42259204,0.43324608,0.98934597,0.04763783,0.04763783,-1.0,-0.42259204
30.213,7.8525,-0.6903,0.2062,90.0,0.0,2.0,0.43258625,0.98937315,0.047746565,0.047746565,-1.0,-0.42195937,0.43258625,0.98937315,0.047746565,0.047746565,-1.0,-0.42195937
30.266,7.8696,-0.6956,0.2062,90.0,0.0,2.0,0.43602896,0.9892733,0.04796202,0.04796202,-1.0,-0.42530227,0.43602896,0.9892733,0.04796202,0.04796202,-1.0,-0.42530227
30.313,7.8953,-0.7034,0.2062,90.0,0.0,2.0,0.4356867,0.98929036,0.048075214,0.048075214,-1.0,-0.42497703,0.4356867,0.98929036,0.048075214,0.048075214,-1.0,-0.42497703
30.368,7.9125,-0.7086,0.2062,90.0,0.0,2.0,0.4391392,0.9891899,0.048260827,0.048260827,-1.0,-0.4283291,0.4391392,0.9891899,0.048260827,0.048260827,-1.0,-0.4283291
30.414,7.9383,-0.7164,0.2062,90.0,0.0,2.0,0.4385216,0.9892156,0.048245747,0.048245747,-1.0,-0.4277372,0.4385216,0.9892156,0.048245747,0.048245747,-1.0,-0.4277372
30.465,7.9554,-0.7216,0.2062,90.0,0.0,2.0,0.4420494,0.9891125,0.04833461,0.04833461,-1.0,-0.4311619,0.4420494,0.9891125,0.04833461,0.04833461,-1.0,-0.4311619
30.516,7.9812,-0.7295,0.2062,90.0,0.0,2.0,0.44142509,0.98913836,0.048319377,0.048319377,-1.0,-0.43056342,0.44142509,0.98913836,0.048319377,0.048319377,-1.0,-0.43056342
30.566,7.9984,-0.7347,0.2063,90.0,0.0,2.0,0.44489214,0.98903686,0.048407167,0.048407167,-1.0,-0.43392903,0.44489214,0.98903686,0.048407167,0.048407167,-1.0,-0.43392903
30.615,8.0242,-0.7425,0.2063,90.0,0.0,2.0,0.44428116,0.9890622,0.04839229,0.04839229,-1.0,-0.43334338,0.44428116,0.9890622,0.04839229,0.04839229,-1.0,-0.43334338
30.665,8.0414,-0.7477,0.2063,90.0,0.0,2.0,0.44769877,0.988962,0.048479434,0.048479434,-1.0,-0.4366608,0.44769877,0.988962,0.048479434,0.048479434,-1.0,-0.4366608
30.715,8.0673,-0.7555,0.2063,90.0,0.0,2.0,0.4445548,0.98681885,0.04511024,0.04511024,-1.0,-0.4313737,0.4445548,0.98681885,0.04511024,0.04511024,-1.0,-0.4313737
30.766,8.0845,-0.7607,0.2064,90.0,0.0,2.0,0.4503945,0.98889023,0.04705724,0.04705724,-1.0,-0.43928474,0.4503945,0.98889023,0.04705724,0.04705724,-1.0,-0.43928474
30.816,8.1103,-0.7685,0.2064,90.0,0.0,2.0,0.4496841,0.9889185,0.04716957,0.04716957,-1.0,-0.43860257,0.4496841,0.9889185,0.04716957,0.04716957,-1.0,-0.43860257
30.855,8.1276,-0.7736,0.2064,90.0,0.0,2.0,0.45307836,0.9888182,0.04738131,0.04738131,-1.0,-0.4418966,0.45307836,0.9888182,0.04738131,0.04738131,-1.0,-0.4418966
30.906,8.1535,-0.7814,0.2064,90.0,0.0,2.0,0.452492,0.9888425,0.047492635,0.047492635,-1.0,-0.4413345,0.452492,0.9888425,0.047492635,0.047492635,-1.0,-0.4413345
30.956,8.1707,-0.7866,0.2065,90.0,0.0,2.0,0.45571044,0.98874766,0.047702882,0.047702882,-1.0,-0.44445813,0.45571044,0.98874766,0.047702882,0.047702882,-1.0,-0.44445813
31.006,8.1964,-0.7939,0.2069,90.0,0.0,2.0,0.4551582,0.98877084,0.04781595,0.04781595,-1.0,-0.44392902,0.4551582,0.98877084,0.04781595,0.04781595,-1.0,-0.44392902
31.055,8.2134,-0.7984,0.2076,90.0,0.0,2.0,0.4723989,0.9882461,0.048224166,0.048224166,-1.0,-0.46064502,0.4723989,0.9882461,0.048224166,0.048224166,-1.0,-0.46064502
31.105,8.2390,-0.8052,0.2085,90.0,0.0,2.0,0.47918826,0.98805755,0.04843193,0.04843193,-1.0,-0.46724585,0.47918826,0.98805755,0.04843193,0.04843193,-1.0,-0.46724585
31.156,8.2562,-0.8097,0.2091,90.0,0.0,2.0,0.4890995,0.9877737,0.048725337,0.048725337,-1.0,-0.47687322,0.4890995,0.9877737,0.048725337,0.048725337,-1.0,-0.47687322
31.205,8.2819,-0.8166,0.2098,90.0,0.0,2.0,0.48392615,0.98795885,0.048774287,0.048774287,-1.0,-0.47188497,0.48392615,0.98795885,0.048774287,0.048774287,-1.0,-0.47188497
31.255,8.2991,-0.8212,0.2102,90.0,0.0,2.0,0.49125007,0.9877465,0.049035892,0.049035892,-1.0,-0.47899655,0.49125007,0.9877465,0.049035892,0.049035892,-1.0,-0.47899655
31.305,8.3249,-0.8281,0.2107,90.0,0.0,2.0,0.48761335,0.98787665,0.049109537,0.049109537,-1.0,-0.47549,0.48761335,0.98787665,0.049109537,0.049109537,-1.0,-0.47549
31.355,8.3421,-0.8327,0.2109,90.0,0.0,2.0,0.49260694,0.98773116,0.04932063,0.04932063,-1.0,-0.48033807,0.49260694,0.98773116,0.04932063,0.04932063,-1.0,-0.48033807
31.406,8.3680,-0.8398,0.2111,90.0,0.0,2.0,0.49014527,0.9878196,0.049285028,0.049285028,-1.0,-0.47796485,0.49014527,0.9878196,0.049285028,0.049285028,-1.0,-0.47796485
31.455,8.3852,-0.8444,0.2111,90.0,0.0,2.0,0.49357447,0.9877192,0.049378116,0.049378116,-1.0,-0.48129362,0.49357447,0.9877192,0.049378116,0.049378116,-1.0,-0.48129362
31.505,8.4112,-0.8515,0.2110,90.0,0.0,2.0,0.4922404,0.98776865,0.04936196,0.04936196,-1.0,-0.48000905,0.4922404,0.98776865,0.04936196,0.04936196,-1.0,-0.48000905
31.555,8.4285,-0.8562,0.2108,90.0,0.0,2.0,0.4949785,0.9876873,0.04945696,0.04945696,-1.0,-0.48266578,0.4949785,0.9876873,0.04945696,0.04945696,-1.0,-0.48266578
31.605,8.4545,-0.8634,0.2104,90.0,0.0,2.0,0.49397233,0.98772496,0.04944156,0.04944156,-1.0,-0.48169726,0.49397233,0.98772496,0.04944156,0.04944156,-1.0,-0.48169726
31.655,8.4719,-0.8681,0.2101,90.0,0.0,2.0,0.4965937,0.9876458,0.04954788,0.04954788,-1.0,-0.48423952,0.4965937,0.9876458,0.04954788,0.04954788,-1.0,-0.48423952
31.705,8.4980,-0.8753,0.2095,90.0,0.0,2.0,0.4942415,0.98520154,0.046080466,0.046080466,-1.0,-0.47944307,0.4942415,0.98520154,0.046080466,0.046080466,-1.0,-0.47944307
31.755,8.5155,-0.8800,0.2091,90.0,0.0,2.0,0.49867615,0.98758835,0.04812372,0.04812372,-1.0,-0.4862645,0.49867615,0.98758835,0.04812372,0.04812372,-1.0,-0.4862645
31.805,8.5417,-0.8872,0.2084,90.0,0.0,2.0,0.49821705,0.98760784,0.048240516,0.048240516,-1.0,-0.4858249,0.49821705,0.98760784,0.048240516,0.048240516,-1.0,-0.4858249
31.855,8.5593,-0.8920,0.2079,90.0,0.0,2.0,0.5012078,0.98751664,0.048496075,0.048496075,-1.0,-0.48872444,0.5012078,0.98751664,0.048496075,0.048496075,-1.0,-0.48872444
31.906,8.5856,-0.8992,0.2071,90.0,0.0,2.0,0.5009667,0.98752964,0.048613448,0.048613448,-1.0,-0.48849633,0.5009667,0.98752964,0.048613448,0.048613448,-1.0,-0.48849633
31.955,8.6033,-0.9040,0.2066,90.0,0.0,2.0,0.5043332,0.98742706,0.04887816,0.04887816,-1.0,-0.49176028,0.5043332,0.98742706,0.04887816,0.04887816,-1.0,-0.49176028
32.005,8.6298,-0.9111,0.2059,90.0,0.0,2.0,0.50405085,0.9874421,0.048992343,0.048992343,-1.0,-0.49149293,0.50405085,0.9874421,0.048992343,0.048992343,-1.0,-0.49149293
32.055,8.6475,-0.9159,0.2054,90.0,0.0,2.0,0.50781155,0.9873275,0.049263496,0.049263496,-1.0,-0.49513906,0.50781155,0.9873275,0.049263496,0.049263496,-1.0,-0.49513906
32.105,8.6741,-0.9231,0.2047,90.0,0.0,2.0,0.507422,0.98734665,0.049372993,0.049372993,-1.0,-0.4947686,0.507422,0.98734665,0.049372993,0.049372993,-1.0,-0.4947686
32.155,8.6919,-0.9279,0.2043,90.0,0.0,2.0,0.511422,0.9872249,0.049644068,0.049644068,-1.0,-0.4986469,0.511422,0.9872249,0.049644068,0.049644068,-1.0,-0.4986469
32.205,8.7187,-0.9350,0.2038,90.0,0.0,2.0,0.51092434,0.987248,0.049750436,0.049750436,-1.0,-0.49817234,0.51092434,0.987248,0.049750436,0.049750436,-1.0,-0.49817234
32.255,8.7366,-0.9398,0.2035,90.0,0.0,2.0,0.51505125,0.9871224,0.050016947,0.050016947,-1.0,-0.5021736,0.51505125,0.9871224,0.050016947,0.050016947,-1.0,-0.5021736
32.305,8.7634,-0.9469,0.2032,90.0,0.0,2.0,0.51442677,0.98714983,0.050120678,0.050120678,-1.0,-0.5015766,0.51442677,0.98714983,0.050120678,0.050120678,-1.0,-0.5015766
32.355,8.7814,-0.9517,0.2030,90.0,0.0,2.0,0.5185124,0.98702544,0.050351948,0.050351948,-1.0,-0.50553787,0.5185124,0.98702544,0.050351948,0.050351948,-1.0,-0.50553787
32.405,8.8083,-0.9589,0.2029,90.0,0.0,2.0,0.5177951,0.98705584,0.05032372,0.05032372,-1.0,-0.504851,0.5177951,0.98705584,0.05032372,0.05032372,-1.0,-0.504851
32.455,8.8263,-0.9636,0.2029,90.0,0.0,2.0,0.52169603,0.986937,0.050435714,0.050435714,-1.0,-0.508633,0.52169603,0.986937,0.050435714,0.050435714,-1.0,-0.508633
32.505,8.8533,-0.9708,0.2029,90.0,0.0,2.0,0.52087414,0.98697054,0.050406385,0.050406385,-1.0,-0.5078447,0.52087414,0.98697054,0.050406385,0.050406385,-1.0,-0.5078447
32.556,8.8713,-0.9755,0.2030,90.0,0.0,2.0,0.5245182,0.98685914,0.05050393,0.05050393,-1.0,-0.51137733,0.5245182,0.98685914,0.05050393,0.05050393,-1.0,-0.51137733
32.605,8.8983,-0.9827,0.2033,90.0,0.0,2.0,0.52364874,0.9868938,0.050475534,0.050475534,-1.0,-0.5105426,0.52364874,0.9868938,0.050475534,0.050475534,-1.0,-0.5105426
32.656,8.9164,-0.9874,0.2035,90.0,0.0,2.0,0.52691233,0.98679376,0.050557233,0.050557233,-1.0,-0.513706,0.52691233,0.98679376,0.050557233,0.050557233,-1.0,-0.513706
32.703,8.9434,-0.9946,0.2038,90.0,0.0,2.0,0.52383834,0.9842023,0.047034547,0.047034547,-1.0,-0.50804067,0.52383834,0.9842023,0.047034547,0.047034547,-1.0,-0.50804067
32.755,8.9614,-0.9994,0.2041,90.0,0.0,2.0,0.52883685,0.9867418,0.049042154,0.049042154,-1.0,-0.5155786,0.52883685,0.9867418,0.049042154,0.049042154,-1.0,-0.5155786
32.805,8.9885,-1.0065,0.2046,90.0,0.0,2.0,0.52799356,0.98677415,0.049151998,0.049151998,-1.0,-0.5147677,0.52799356,0.98677415,0.049151998,0.049151998,-1.0,-0.5147677
32.855,9.0065,-1.0113,0.2049,90.0,0.0,2.0,0.5303614,0.9867008,0.049336243,0.049336243,-1.0,-0.51706225,0.5303614,0.9867008,0.049336243,0.049336243,-1.0,-0.51706225
32.905,9.0336,-1.0185,0.2054,90.0,0.0,2.0,0.52969784,0.98672664,0.04945191,0.04945191,-1.0,-0.5164245,0.52969784,0.98672664,0.04945191,0.04945191,-1.0,-0.5164245
32.955,9.0516,-1.0232,0.2058,90.0,0.0,2.0,0.53172326,0.98666346,0.049629632,0.049629632,-1.0,-0.5183867,0.53172326,0.98666346,0.049629632,0.049629632,-1.0,-0.5183867
33.007,9.0786,-1.0304,0.2063,90.0,0.0,2.0,0.5311645,0.98668534,0.049748916,0.049748916,-1.0,-0.51784986,0.5311645,0.98668534,0.049748916,0.049748916,-1.0,-0.51784986
33.055,9.0966,-1.0352,0.2066,90.0,0.0,2.0,0.53291273,0.9866304,0.049924076,0.049924076,-1.0,-0.5195431,0.53291273,0.9866304,0.049924076,0.049924076,-1.0,-0.5195431
33.105,9.1237,-1.0424,0.2070,90.0,0.0,2.0,0.53246313,0.9866482,0.050046947,0.050046947,-1.0,-0.51911134,0.53246313,0.9866482,0.050046947,0.050046947,-1.0,-0.51911134
33.155,9.1417,-1.0471,0.2073,90.0,0.0,2.0,0.53406495,0.9865974,0.050222967,0.050222967,-1.0,-0.52066237,0.53406495,0.9865974,0.050222967,0.050222967,-1.0,-0.52066237
33.205,9.1687,-1.0543,0.2076,90.0,0.0,2.0,0.53367764,0.986613,0.05034853,0.05034853,-1.0,-0.52029055,0.53367764,0.986613,0.05034853,0.05034853,-1.0,-0.52029055
33.255,9.1867,-1.0591,0.2078,90.0,0.0,2.0,0.5352059,0.98656416,0.05052988,0.05052988,-1.0,-0.5217701,0.5352059,0.98656416,0.05052988,0.05052988,-1.0,-0.5217701
33.310,9.2137,-1.0662,0.2080,90.0,0.0,2.0,0.5349028,0.98657686,0.05065776,0.05065776,-1.0,-0.52147967,0.5349028,0.98657686,0.05065776,0.05065776,-1.0,-0.52147967
33.356,9.2317,-1.0710,0.2081,90.0,0.0,2.0,0.5364611,0.9865269,0.050820947,0.050820947,-1.0,-0.522988,0.5364611,0.9865269,0.050820947,0.050820947,-1.0,-0.522988
33.407,9.2588,-1.0782,0.2082,90.0,0.0,2.0,0.53620124,0.9865382,0.050816253,0.050816253,-1.0,-0.5227394,0.53620124,0.9865382,0.050816253,0.050816253,-1.0,-0.5227394
33.457,9.2768,-1.0829,0.2082,90.0,0.0,2.0,0.53784436,0.98648554,0.050882246,0.050882246,-1.0,-0.5243299,0.53784436,0.98648554,0.050882246,0.050882246,-1.0,-0.5243299
33.508,9.3039,-1.0901,0.2082,90.0,0.0,2.0,0.53763133,0.98649544,0.05087767,0.05087767,-1.0,-0.5241267,0.53763133,0.98649544,0.05087767,0.05087767,-1.0,-0.5241267
33.565,9.3219,-1.0948,0.2081,90.0,0.0,2.0,0.5393843,0.98643935,0.050952412,0.050952412,-1.0,-0.5258237,0.5393843,0.98643935,0.050952412,0.050952412,-1.0,-0.5258237
33.611,9.3490,-1.1020,0.2080,90.0,0.0,2.0,0.5392011,0.98644847,0.050947443,0.050947443,-1.0,-0.52564955,0.5392011,0.98644847,0.050947443,0.050947443,-1.0,-0.52564955
33.665,9.3671,-1.1067,0.2078,90.0,0.0,2.0,0.54109246,0.9863882,0.051030535,0.051030535,-1.0,-0.52748066,0.54109246,0.9863882,0.051030535,0.051030535,-1.0,-0.52748066
33.712,9.3943,-1.1139,0.2076,90.0,0.0,2.0,0.5399932,0.98364854,0.047493707,0.047493707,-1.0,-0.52364177,0.5399932,0.98364854,0.047493707,0.047493707,-1.0,-0.52364177
33.766,9.4124,-1.1186,0.2074,90.0,0.0,2.0,0.54288745,0.9863346,0.049543075,0.049543075,-1.0,-0.5292221,0.54288745,0.9863346,0.049543075,0.049543075,-1.0,-0.5292221
33.813,9.4396,-1.1257,0.2071,90.0,0.0,2.0,0.5425851,0.98634803,0.049665406,0.049665406,-1.0,-0.5289331,0.5425851,0.98634803,0.049665406,0.049665406,-1.0,-0.5289331
33.865,9.4578,-1.1304,0.2069,90.0,0.0,2.0,0.54473656,0.9862796,0.049893368,0.049893368,-1.0,-0.5310162,0.54473656,0.9862796,0.049893368,0.049893368,-1.0,-0.5310162
33.914,9.4850,-1.1375,0.2065,90.0,0.0,2.0,0.54451966,0.9862905,0.050016105,0.050016105,-1.0,-0.5308102,0.54451966,0.9862905,0.050016105,0.050016105,-1.0,-0.5308102
33.967,9.5032,-1.1423,0.2063,90.0,0.0,2.0,0.54683524,0.986217,0.05024904,0.05024904,-1.0,-0.5330522,0.54683524,0.986217,0.05024904,0.05024904,-1.0,-0.5330522
34.004,9.5306,-1.1494,0.2060,90.0,0.0,2.0,0.5465452,0.9862306,0.050369006,0.050369006,-1.0,-0.5327759,0.5465452,0.9862306,0.050369006,0.050369006,-1.0,-0.5327759
34.055,9.5488,-1.1541,0.2057,90.0,0.0,2.0,0.54898065,0.98615336,0.050604813,0.050604813,-1.0,-0.535134,0.54898065,0.98615336,0.050604813,0.050604813,-1.0,-0.535134
34.108,9.5762,-1.1611,0.2054,90.0,0.0,2.0,0.54863995,0.98616886,0.050722506,0.050722506,-1.0,-0.5348088,0.54863995,0.98616886,0.050722506,0.050722506,-1.0,-0.5348088
34.155,9.5945,-1.1658,0.2052,90.0,0.0,2.0,0.55112547,0.98609006,0.050958082,0.050958082,-1.0,-0.53721553,0.55112547,0.98609006,0.050958082,0.050958082,-1.0,-0.53721553
34.218,9.6219,-1.1729,0.2050,90.0,0.0,2.0,0.55074406,0.98610705,0.05107463,0.05107463,-1.0,-0.5368511,0.55074406,0.98610705,0.05107463,0.05107463,-1.0,-0.5368511
34.277,9.6402,-1.1776,0.2048,90.0,0.0,2.0,0.55326056,0.9860272,0.051308323,0.051308323,-1.0,-0.53928775,0.55326056,0.9860272,0.051308323,0.051308323,-1.0,-0.53928775
34.327,9.6677,-1.1846,0.2046,90.0,0.0,2.0,0.5528438,0.98604536,0.051423527,0.051423527,-1.0,-0.5388892,0.5528438,0.98604536,0.051423527,0.051423527,-1.0,-0.5388892
34.377,9.6860,-1.1893,0.2045,90.0,0.0,2.0,0.5553214,0.9859667,0.051624637,0.051624637,-1.0,-0.5412881,0.5553214,0.9859667,0.051624637,0.051624637,-1.0,-0.5412881
34.428,9.7136,-1.1963,0.2044,90.0,0.0,2.0,0.55488205,0.98598564,0.051605377,0.051605377,-1.0,-0.5408677,0.55488205,0.98598564,0.051605377,0.051605377,-1.0,-0.5408677
34.466,9.7319,-1.2010,0.2044,90.0,0.0,2.0,0.5573085,0.9859084,0.051694933,0.051694933,-1.0,-0.5432168,0.5573085,0.9859084,0.051694933,0.051694933,-1.0,-0.5432168
34.526,9.7595,-1.2080,0.2044,90.0,0.0,2.0,0.55685616,0.98592764,0.051675875,0.051675875,-1.0,-0.5427838,0.55685616,0.98592764,0.051675875,0.051675875,-1.0,-0.5427838
34.577,9.7779,-1.2127,0.2044,90.0,0.0,2.0,0.5592065,0.9858526,0.051759448,0.051759448,-1.0,-0.5450591,0.5592065,0.9858526,0.051759448,0.051759448,-1.0,-0.5450591
34.627,9.8055,-1.2196,0.2045,90.0,0.0,2.0,0.55873895,0.98587227,0.051740695,0.051740695,-1.0,-0.5446112,0.55873895,0.98587227,0.051740695,0.051740695,-1.0,-0.5446112
34.658,9.8239,-1.2243,0.2045,90.0,0.0,2.0,0.5609626,0.98580104,0.051817227,0.051817227,-1.0,-0.54676366,0.5609626,0.98580104,0.051817227,0.051817227,-1.0,-0.54676366
34.715,9.8515,-1.2312,0.2047,90.0,0.0,2.0,0.55931616,0.982958,0.04822088,0.04822088,-1.0,-0.5422742,0.55931616,0.982958,0.04822088,0.04822088,-1.0,-0.5422742
34.763,9.8699,-1.2359,0.2048,90.0,0.0,2.0,0.5625442,0.98575455,0.05027593,0.05027593,-1.0,-0.5482988,0.5625442,0.98575455,0.05027593,0.05027593,-1.0,-0.5482988
34.816,9.8975,-1.2428,0.2050,90.0,0.0,2.0,0.56201214,0.9857758,0.050393924,0.050393924,-1.0,-0.547788,0.56201214,0.9857758,0.050393924,0.050393924,-1.0,-0.547788
34.864,9.9159,-1.2474,0.2051,90.0,0.0,2.0,0.5639389,0.9857134,0.050592184,0.050592184,-1.0,-0.54965234,0.5639389,0.9857134,0.050592184,0.050592184,-1.0,-0.54965234
34.916,9.9436,-1.2544,0.2053,90.0,0.0,2.0,0.5635531,0.9857297,0.050714348,0.050714348,-1.0,-0.5492827,0.5635531,0.9857297,0.050714348,0.050714348,-1.0,-0.5492827
34.965,9.9620,-1.2590,0.2055,90.0,0.0,2.0,0.5653719,0.9856705,0.05091037,0.05091037,-1.0,-0.5510424,0.5653719,0.9856705,0.05091037,0.05091037,-1.0,-0.5510424
35.004,9.9896,-1.2659,0.2057,90.0,0.0,2.0,0.565027,0.9856852,0.05103352,0.05103352,-1.0,-0.5507123,0.565027,0.9856852,0.05103352,0.05103352,-1.0,-0.5507123
35.055,10.0081,-1.2705,0.2059,90.0,0.0,2.0,0.56675416,0.98562884,0.05122764,0.05122764,-1.0,-0.552383,0.56675416,0.98562884,0.05122764,0.05122764,-1.0,-0.552383
35.105,10.0357,-1.2774,0.2061,90.0,0.0,2.0,0.5663989,0.9856438,0.051352136,0.051352136,-1.0,-0.5520427,0.5663989,0.9856438,0.051352136,0.051352136,-1.0,-0.5520427
35.155,10.0542,-1.2819,0.2062,90.0,0.0,2.0,0.568059,0.98558927,0.05154689,0.05154689,-1.0,-0.5536483,0.568059,0.98558927,0.05154689,0.05154689,-1.0,-0.5536483
35.205,10.0819,-1.2888,0.2064,90.0,0.0,2.0,0.56772375,0.98560345,0.051672485,0.051672485,-1.0,-0.5533272,0.56772375,0.98560345,0.051672485,0.051672485,-1.0,-0.5533272
35.255,10.1003,-1.2934,0.2065,90.0,0.0,2.0,0.569318,0.9855508,0.051868908,0.051868908,-1.0,-0.5548688,0.569318,0.9855508,0.051868908,0.051868908,-1.0,-0.5548688
35.305,10.1280,-1.3002,0.2067,90.0,0.0,2.0,0.5690153,0.9855639,0.05199539,0.05199539,-1.0,-0.5545792,0.5690153,0.9855639,0.05199539,0.05199539,-1.0,-0.5545792
35.355,10.1465,-1.3048,0.2067,90.0,0.0,2.0,0.570575,0.98551214,0.052166022,0.052166022,-1.0,-0.55608714,0.570575,0.98551214,0.052166022,0.052166022,-1.0,-0.55608714
35.407,10.1742,-1.3116,0.2068,90.0,0.0,2.0,0.57027376,0.9855251,0.052156698,0.052156698,-1.0,-0.5557988,0.57027376,0.9855251,0.052156698,0.052156698,-1.0,-0.5557988
35.455,10.1927,-1.3162,0.2068,90.0,0.0,2.0,0.571742,0.98547643,0.05222009,0.05222009,-1.0,-0.5572184,0.571742,0.98547643,0.05222009,0.05222009,-1.0,-0.5572184
35.505,10.2205,-1.3230,0.2069,90.0,0.0,2.0,0.5715862,0.9854842,0.05221629,0.05221629,-1.0,-0.5570704,0.5715862,0.9854842,0.05221629,0.05221629,-1.0,-0.5570704
35.556,10.2390,-1.3275,0.2069,90.0,0.0,2.0,0.57305294,0.9854354,0.052283354,0.052283354,-1.0,-0.55848837,0.57305294,0.9854354,0.052283354,0.052283354,-1.0,-0.55848837
35.605,10.2668,-1.3343,0.2068,90.0,0.0,2.0,0.572791,0.985447,0.05227415,0.05227415,-1.0,-0.55823797,0.572791,0.985447,0.05227415,0.05227415,-1.0,-0.55823797
35.655,10.2854,-1.3389,0.2068,90.0,0.0,2.0,0.5743489,0.9853949,0.052348282,0.052348282,-1.0,-0.5597438,0.5743489,0.9853949,0.052348282,0.052348282,-1.0,-0.5597438
35.705,10.3132,-1.3457,0.2067,90.0,0.0,2.0,0.5735985,0.98242474,0.048716858,0.048716858,-1.0,-0.55602324,0.5735985,0.98242474,0.048716858,0.048716858,-1.0,-0.55602324
35.755,10.3318,-1.3502,0.2066,90.0,0.0,2.0,0.57558656,0.98535633,0.050800074,0.050800074,-1.0,-0.5609429,0.57558656,0.98535633,0.050800074,0.050800074,-1.0,-0.5609429
35.806,10.3596,-1.3569,0.2065,90.0,0.0,2.0,0.575246,0.9853705,0.050924893,0.050924893,-1.0,-0.56061643,0.575246,0.9853705,0.050924893,0.050924893,-1.0,-0.56061643
35.855,10.3782,-1.3615,0.2064,90.0,0.0,2.0,0.5767889,0.9853187,0.05113815,0.05113815,-1.0,-0.5621076,0.5767889,0.9853187,0.05113815,0.05113815,-1.0,-0.5621076
35.905,10.4061,-1.3682,0.2062,90.0,0.0,2.0,0.57659537,0.985328,0.051264733,0.051264733,-1.0,-0.56192344,0.57659537,0.985328,0.051264733,0.051264733,-1.0,-0.56192344
35.955,10.4248,-1.3727,0.2061,90.0,0.0,2.0,0.57819945,0.9852744,0.0514807,0.0514807,-1.0,-0.56347376,0.57819945,0.9852744,0.0514807,0.0514807,-1.0,-0.56347376
36.005,10.4527,-1.3795,0.2060,90.0,0.0,2.0,0.57798094,0.9852846,0.05160624,0.05160624,-1.0,-0.56326556,0.57798094,0.9852846,0.05160624,0.05160624,-1.0,-0.56326556
36.055,10.4714,-1.3839,0.2059,90.0,0.0,2.0,0.57965297,0.9852288,0.05182471,0.05182471,-1.0,-0.56488174,0.57965297,0.9852288,0.05182471,0.05182471,-1.0,-0.56488174
36.106,10.4994,-1.3907,0.2057,90.0,0.0,2.0,0.5794161,0.9852398,0.05194924,0.05194924,-1.0,-0.5646559,0.5794161,0.9852398,0.05194924,0.05194924,-1.0,-0.5646559
36.155,10.5181,-1.3951,0.2056,90.0,0.0,2.0,0.58113295,0.9851825,0.052169137,0.052169137,-1.0,-0.5663155,0.58113295,0.9851825,0.052169137,0.052169137,-1.0,-0.5663155
36.205,10.5461,-1.4018,0.2054,90.0,0.0,2.0,0.58089364,0.9851937,0.05229323,0.05229323,-1.0,-0.56608737,0.58089364,0.9851937,0.05229323,0.05229323,-1.0,-0.56608737
36.256,10.5648,-1.4063,0.2053,90.0,0.0,2.0,0.58265835,0.9851348,0.05251325,0.05251325,-1.0,-0.56779313,0.58265835,0.9851348,0.05251325,0.05251325,-1.0,-0.56779313
36.306,10.5929,-1.4130,0.2052,90.0,0.0,2.0,0.5823648,0.985148,0.052637137,0.052637137,-1.0,-0.5675128,0.5823648,0.985148,0.052637137,0.052637137,-1.0,-0.5675128
36.356,10.6116,-1.4175,0.2052,90.0,0.0,2.0,0.5842026,0.98508656,0.052831326,0.052831326,-1.0,-0.56928915,0.5842026,0.98508656,0.052831326,0.052831326,-1.0,-0.56928915
36.405,10.6398,-1.4241,0.2051,90.0,0.0,2.0,0.58389544,0.98510027,0.052815687,0.052815687,-1.0,-0.56899565,0.58389544,0.98510027,0.052815687,0.052815687,-1.0,-0.56899565
36.455,10.6585,-1.4286,0.2050,90.0,0.0,2.0,0.58569217,0.9850402,0.052895907,0.052895907,-1.0,-0.57073236,0.58569217,0.9850402,0.052895907,0.052895907,-1.0,-0.57073236
36.506,10.6867,-1.4352,0.2050,90.0,0.0,2.0,0.5853989,0.9850534,0.05288139,0.05288139,-1.0,-0.57045233,0.5853989,0.9850534,0.05288139,0.05288139,-1.0,-0.57045233
36.556,10.7054,-1.4396,0.2050,90.0,0.0,2.0,0.5872028,0.984993,0.052959975,0.052959975,-1.0,-0.57219577,0.5872028,0.984993,0.052959975,0.052959975,-1.0,-0.57219577
36.606,10.7336,-1.4463,0.2050,90.0,0.0,2.0,0.5868628,0.9850078,0.052943945,0.052943945,-1.0,-0.5718706,0.5868628,0.9850078,0.052943945,0.052943945,-1.0,-0.5718706
36.656,10.7524,-1.4507,0.2050,90.0,0.0,2.0,0.5886236,0.98494875,0.053019155,0.053019155,-1.0,-0.57357234,0.5886236,0.98494875,0.053019155,0.053019155,-1.0,-0.57357234
36.706,10.7806,-1.4573,0.2051,90.0,0.0,2.0,0.5876221,0.9819017,0.049338955,0.049338955,-1.0,-0.5695238,0.5876221,0.9819017,0.049338955,0.049338955,-1.0,-0.5695238
36.756,10.7994,-1.4617,0.2051,90.0,0.0,2.0,0.5899207,0.9849082,0.05144352,0.05144352,-1.0,-0.5748289,0.5899207,0.9849082,0.05144352,0.05144352,-1.0,-0.5748289
36.807,10.8277,-1.4683,0.2052,90.0,0.0,2.0,0.58950126,0.9849254,0.05156606,0.05156606,-1.0,-0.57442665,0.58950126,0.9849254,0.05156606,0.05156606,-1.0,-0.57442665
36.857,10.8465,-1.4726,0.2052,90.0,0.0,2.0,0.5910808,0.9848717,0.051770505,0.051770505,-1.0,-0.5759525,0.5910808,0.9848717,0.051770505,0.051770505,-1.0,-0.5759525
36.916,10.8747,-1.4792,0.2053,90.0,0.0,2.0,0.59080195,0.9848841,0.05189659,0.05189659,-1.0,-0.57568604,0.59080195,0.9848841,0.05189659,0.05189659,-1.0,-0.57568604
36.961,10.8936,-1.4836,0.2054,90.0,0.0,2.0,0.59234226,0.9848316,0.052099798,0.052099798,-1.0,-0.57717377,0.59234226,0.9848316,0.052099798,0.052099798,-1.0,-0.57717377
37.016,10.9219,-1.4901,0.2055,90.0,0.0,2.0,0.5920582,0.9848441,0.052226424,0.052226424,-1.0,-0.5769023,0.5920582,0.9848441,0.052226424,0.052226424,-1.0,-0.5769023
37.062,10.9407,-1.4945,0.2056,90.0,0.0,2.0,0.5935676,0.9847924,0.052429065,0.052429065,-1.0,-0.57836,0.5935676,0.9847924,0.052429065,0.052429065,-1.0,-0.57836
37.116,10.9690,-1.5010,0.2057,90.0,0.0,2.0,0.59326726,0.98480546,0.052556124,0.052556124,-1.0,-0.5780727,0.59326726,0.98480546,0.052556124,0.052556124,-1.0,-0.5780727
37.166,10.9879,-1.5054,0.2057,90.0,0.0,2.0,0.5947132,0.9847557,0.052758466,0.052758466,-1.0,-0.57946897,0.5947132,0.9847557,0.052758466,0.052758466,-1.0,-0.57946897
37.216,11.0162,-1.5119,0.2058,90.0,0.0,2.0,0.59442437,0.9847683,0.052886013,0.052886013,-1.0,-0.57919264,0.59442437,0.9847683,0.052886013,0.052886013,-1.0,-0.57919264
37.266,11.0351,-1.5162,0.2059,90.0,0.0,2.0,0.5958029,0.9847206,0.05308852,0.05308852,-1.0,-0.5805235,0.5958029,0.9847206,0.05308852,0.05308852,-1.0,-0.5805235
37.312,11.0634,-1.5227,0.2060,90.0,0.0,2.0,0.5955424,0.9847321,0.053216368,0.053216368,-1.0,-0.58027446,0.5955424,0.9847321,0.053216368,0.053216368,-1.0,-0.58027446
37.365,11.0823,-1.5270,0.2060,90.0,0.0,2.0,0.59685534,0.98468643,0.05339072,0.05339072,-1.0,-0.5815418,0.59685534,0.98468643,0.05339072,0.05339072,-1.0,-0.5815418
37.415,11.1107,-1.5335,0.2061,90.0,0.0,2.0,0.59661114,0.9846973,0.053380948,0.053380948,-1.0,-0.5813084,0.59661114,0.9846973,0.053380948,0.053380948,-1.0,-0.5813084
37.465,11.1296,-1.5378,0.2061,90.0,0.0,2.0,0.59790426,0.9846521,0.053445753,0.053445753,-1.0,-0.58255637,0.59790426,0.9846521,0.053445753,0.053445753,-1.0,-0.58255637
37.515,11.1580,-1.5443,0.2062,90.0,0.0,2.0,0.5976568,0.98466307,0.053435355,0.053435355,-1.0,-0.58231986,0.5976568,0.98466307,0.053435355,0.053435355,-1.0,-0.58231986
37.566,11.1770,-1.5486,0.2062,90.0,0.0,2.0,0.5989268,0.9846185,0.053501487,0.053501487,-1.0,-0.58354527,0.5989268,0.9846185,0.053501487,0.053501487,-1.0,-0.58354527
37.605,11.2054,-1.5550,0.2062,90.0,0.0,2.0,0.59870064,0.9846287,0.053491607,0.053491607,-1.0,-0.5833293,0.59870064,0.9846287,0.053491607,0.053491607,-1.0,-0.5833293
37.655,11.2244,-1.5593,0.2062,90.0,0.0,2.0,0.5999518,0.9845847,0.053558562,0.053558562,-1.0,-0.5845365,0.5999518,0.9845847,0.053558562,0.053558562,-1.0,-0.5845365
37.704,11.2528,-1.5657,0.2061,90.0,0.0,2.0,0.59956264,0.98143214,0.049846616,0.049846616,-1.0,-0.5809948,0.59956264,0.98143214,0.049846616,0.049846616,-1.0,-0.5809948
37.755,11.2718,-1.5700,0.2061,90.0,0.0,2.0,0.60089564,0.98455334,0.051966567,0.051966567,-1.0,-0.585449,0.60089564,0.98455334,0.051966567,0.051966567,-1.0,-0.585449
37.805,11.3003,-1.5764,0.2060,90.0,0.0,2.0,0.6006016,0.98456556,0.052094158,0.052094158,-1.0,-0.58516717,0.6006016,0.98456556,0.052094158,0.052094158,-1.0,-0.58516717
37.855,11.3193,-1.5807,0.2060,90.0,0.0,2.0,0.60178816,0.9845233,0.0523009,0.0523009,-1.0,-0.58631146,0.60178816,0.9845233,0.0523009,0.0523009,-1.0,-0.58631146
37.905,11.3478,-1.5871,0.2059,90.0,0.0,2.0,0.6016214,0.9845314,0.05243138,0.05243138,-1.0,-0.58615273,0.6016214,0.9845314,0.05243138,0.05243138,-1.0,-0.58615273
37.962,11.3668,-1.5913,0.2059,90.0,0.0,2.0,0.60286146,0.9844873,0.052641112,0.052641112,-1.0,-0.5873488,0.60286146,0.9844873,0.052641112,0.052641112,-1.0,-0.5873488
38.008,11.3954,-1.5977,0.2058,90.0,0.0,2.0,0.60268676,0.98449576,0.052770812,0.052770812,-1.0,-0.5871825,0.60268676,0.98449576,0.052770812,0.052770812,-1.0,-0.5871825
38.058,11.4144,-1.6020,0.2058,90.0,0.0,2.0,0.60395503,0.9844508,0.0529826,0.0529826,-1.0,-0.58840585,0.60395503,0.9844508,0.0529826,0.0529826,-1.0,-0.58840585
38.116,11.4430,-1.6083,0.2057,90.0,0.0,2.0,0.6037836,0.9844592,0.053112146,0.053112146,-1.0,-0.58824277,0.6037836,0.9844592,0.053112146,0.053112146,-1.0,-0.58824277
38.163,11.4621,-1.6125,0.2056,90.0,0.0,2.0,0.6050787,0.98441344,0.053325422,0.053325422,-1.0,-0.58949214,0.6050787,0.98441344,0.053325422,0.053325422,-1.0,-0.58949214
38.215,11.4907,-1.6189,0.2055,90.0,0.0,2.0,0.6049158,0.9844215,0.05345451,0.05345451,-1.0,-0.5893373,0.6049158,0.9844215,0.05345451,0.05345451,-1.0,-0.5893373
38.265,11.5098,-1.6231,0.2055,90.0,0.0,2.0,0.6062415,0.9843747,0.053667914,0.053667914,-1.0,-0.5906162,0.6062415,0.9843747,0.053667914,0.053667914,-1.0,-0.5906162
38.312,11.5384,-1.6294,0.2054,90.0,0.0,2.0,0.6060408,0.98438424,0.053796515,0.053796515,-1.0,-0.590425,0.6060408,0.98438424,0.053796515,0.053796515,-1.0,-0.590425
38.365,11.5575,-1.6337,0.2054,90.0,0.0,2.0,0.6073939,0.98433644,0.053982936,0.053982936,-1.0,-0.59173036,0.6073939,0.98433644,0.053982936,0.053982936,-1.0,-0.59173036
38.415,11.5862,-1.6400,0.2053,90.0,0.0,2.0,0.60719264,0.98434603,0.05397128,0.05397128,-1.0,-0.59153867,0.60719264,0.98434603,0.05397128,0.05397128,-1.0,-0.59153867
38.466,11.6054,-1.6442,0.2053,90.0,0.0,2.0,0.6085549,0.9842979,0.05404415,0.05404415,-1.0,-0.5928528,0.6085549,0.9842979,0.05404415,0.05404415,-1.0,-0.5928528
38.512,11.6341,-1.6505,0.2053,90.0,0.0,2.0,0.6083322,0.9843082,0.054031584,0.054031584,-1.0,-0.59264046,0.6083322,0.9843082,0.054031584,0.054031584,-1.0,-0.59264046
38.565,11.6532,-1.6547,0.2053,90.0,0.0,2.0,0.6096949,0.98425996,0.05410358,0.05410358,-1.0,-0.59395486,0.6096949,0.98425996,0.05410358,0.05410358,-1.0,-0.59395486
38.615,11.6820,-1.6609,0.2052,90.0,0.0,2.0,0.6094628,0.98427063,0.0540908,0.0540908,-1.0,-0.59373343,0.6094628,0.98427063,0.0540908,0.0540908,-1.0,-0.59373343
38.666,11.7011,-1.6651,0.2052,90.0,0.0,2.0,0.6108259,0.98422223,0.054162156,0.054162156,-1.0,-0.5950481,0.6108259,0.98422223,0.054162156,0.054162156,-1.0,-0.5950481
38.713,11.7299,-1.6714,0.2052,90.0,0.0,2.0,0.6103098,0.98102975,0.050419506,0.050419506,-1.0,-0.5913395,0.6103098,0.98102975,0.050419506,0.050419506,-1.0,-0.5913395
38.753,11.7491,-1.6755,0.2053,90.0,0.0,2.0,0.61181337,0.9841891,0.052552443,0.052552443,-1.0,-0.5960025,0.61181337,0.9841891,0.052552443,0.052552443,-1.0,-0.5960025
38.805,11.7779,-1.6818,0.2053,90.0,0.0,2.0,0.6114311,0.98420465,0.052677367,0.052677367,-1.0,-0.59563583,0.6114311,0.98420465,0.052677367,0.052677367,-1.0,-0.59563583
38.856,11.7971,-1.6859,0.2053,90.0,0.0,2.0,0.6126235,0.98416156,0.052882604,0.052882604,-1.0,-0.59678507,0.6126235,0.98416156,0.052882604,0.052882604,-1.0,-0.59678507
38.905,11.8259,-1.6921,0.2053,90.0,0.0,2.0,0.6124153,0.9841713,0.053015247,0.053015247,-1.0,-0.5965866,0.6124153,0.9841713,0.053015247,0.053015247,-1.0,-0.5965866
38.955,11.8451,-1.6963,0.2054,90.0,0.0,2.0,0.61368227,0.9841252,0.053220905,0.053220905,-1.0,-0.5978075,0.61368227,0.9841252,0.053220905,0.053220905,-1.0,-0.5978075
39.005,11.8739,-1.7025,0.2054,90.0,0.0,2.0,0.613438,0.9841363,0.053349167,0.053349167,-1.0,-0.59757423,0.613438,0.9841363,0.053349167,0.053349167,-1.0,-0.59757423
39.055,11.8932,-1.7066,0.2054,90.0,0.0,2.0,0.61462224,0.98409325,0.053554185,0.053554185,-1.0,-0.5987155,0.61462224,0.98409325,0.053554185,0.053554185,-1.0,-0.5987155
39.105,11.9220,-1.7128,0.2055,90.0,0.0,2.0,0.6144094,0.984103,0.053684566,0.053684566,-1.0,-0.5985124,0.6144094,0.984103,0.053684566,0.053684566,-1.0,-0.5985124
39.155,11.9413,-1.7169,0.2055,90.0,0.0,2.0,0.61555874,0.9840611,0.05388958,0.05388958,-1.0,-0.59961987,0.61555874,0.9840611,0.05388958,0.05388958,-1.0,-0.59961987
39.205,11.9701,-1.7231,0.2056,90.0,0.0,2.0,0.61535376,0.98407054,0.054020483,0.054020483,-1.0,-0.5994243,0.61535376,0.98407054,0.054020483,0.054020483,-1.0,-0.5994243
39.256,11.9894,-1.7272,0.2056,90.0,0.0,2.0,0.61647505,0.9840294,0.05422535,0.05422535,-1.0,-0.60050446,0.61647505,0.9840294,0.05422535,0.05422535,-1.0,-0.60050446
39.306,12.0183,-1.7333,0.2056,90.0,0.0,2.0,0.616269,0.9840389,0.054356206,0.054356206,-1.0,-0.6003079,0.616269,0.9840389,0.054356206,0.054356206,-1.0,-0.6003079
39.355,12.0376,-1.7374,0.2057,90.0,0.0,2.0,0.61736166,0.9839986,0.054530688,0.054530688,-1.0,-0.60136026,0.61736166,0.9839986,0.054530688,0.054530688,-1.0,-0.60136026
39.405,12.0665,-1.7436,0.2057,90.0,0.0,2.0,0.61715525,0.9840081,0.054519918,0.054519918,-1.0,-0.6011633,0.61715525,0.9840081,0.054519918,0.054519918,-1.0,-0.6011633
39.455,12.0858,-1.7477,0.2057,90.0,0.0,2.0,0.6182302,0.98396826,0.054583687,0.054583687,-1.0,-0.6021985,0.6182302,0.98396826,0.054583687,0.054583687,-1.0,-0.6021985
39.505,12.1147,-1.7538,0.2057,90.0,0.0,2.0,0.61803544,0.98397726,0.05457339,0.05457339,-1.0,-0.6020127,0.61803544,0.98397726,0.05457339,0.05457339,-1.0,-0.6020127
39.556,12.1340,-1.7578,0.2058,90.0,0.0,2.0,0.61908984,0.98393804,0.054637536,0.054637536,-1.0,-0.6030279,0.61908984,0.98393804,0.054637536,0.054637536,-1.0,-0.6030279
39.606,12.1630,-1.7640,0.2058,90.0,0.0,2.0,0.6188994,0.98394686,0.054627158,0.054627158,-1.0,-0.60284626,0.6188994,0.98394686,0.054627158,0.054627158,-1.0,-0.60284626
39.656,12.1823,-1.7680,0.2058,90.0,0.0,2.0,0.61993295,0.9839083,0.054691434,0.054691434,-1.0,-0.60384125,0.61993295,0.9839083,0.054691434,0.054691434,-1.0,-0.60384125
39.707,12.2113,-1.7741,0.2058,90.0,0.0,2.0,0.61980903,0.9806252,0.050913323,0.050913323,-1.0,-0.60043424,0.61980903,0.9806252,0.050913323,0.050913323,-1.0,-0.60043424
39.757,12.2307,-1.7782,0.2058,90.0,0.0,2.0,0.620659,0.98388225,0.05306278,0.05306278,-1.0,-0.60454124,0.620659,0.98388225,0.05306278,0.05306278,-1.0,-0.60454124
39.808,12.2597,-1.7842,0.2057,90.0,0.0,2.0,0.6203879,0.9838936,0.05319286,0.05319286,-1.0,-0.6042814,0.6203879,0.9838936,0.05319286,0.05319286,-1.0,-0.6042814
39.865,12.2791,-1.7883,0.2057,90.0,0.0,2.0,0.6213193,0.98385805,0.053397786,0.053397786,-1.0,-0.6051773,0.6213193,0.98385805,0.053397786,0.053397786,-1.0,-0.6051773
39.912,12.3081,-1.7943,0.2057,90.0,0.0,2.0,0.6212014,0.9838642,0.053531487,0.053531487,-1.0,-0.6050655,0.6212014,0.9838642,0.053531487,0.053531487,-1.0,-0.6050655
39.965,12.3275,-1.7984,0.2057,90.0,0.0,2.0,0.62216955,0.9838274,0.053738482,0.053738482,-1.0,-0.60599697,0.62216955,0.9838274,0.053738482,0.053738482,-1.0,-0.60599697
40.012,12.3566,-1.8044,0.2056,90.0,0.0,2.0,0.6220392,0.983834,0.053871606,0.053871606,-1.0,-0.6058732,0.6220392,0.983834,0.053871606,0.053871606,-1.0,-0.6058732
40.067,12.3759,-1.8085,0.2056,90.0,0.0,2.0,0.6230354,0.9837963,0.054080013,0.054080013,-1.0,-0.60683167,0.6230354,0.9837963,0.054080013,0.054080013,-1.0,-0.60683167
40.105,12.4050,-1.8145,0.2056,90.0,0.0,2.0,0.62288314,0.9838038,0.05421339,0.05421339,-1.0,-0.60668695,0.62288314,0.9838038,0.05421339,0.05421339,-1.0,-0.60668695
40.155,12.4245,-1.8185,0.2055,90.0,0.0,2.0,0.62392104,0.9837645,0.05442341,0.05442341,-1.0,-0.60768557,0.62392104,0.9837645,0.05442341,0.05442341,-1.0,-0.60768557
40.205,12.4536,-1.8245,0.2055,90.0,0.0,2.0,0.6237544,0.98377264,0.054555804,0.054555804,-1.0,-0.6075271,0.6237544,0.98377264,0.054555804,0.054555804,-1.0,-0.6075271
40.255,12.4730,-1.8285,0.2055,90.0,0.0,2.0,0.62480986,0.9837328,0.05476686,0.05476686,-1.0,-0.6085427,0.62480986,0.9837328,0.05476686,0.05476686,-1.0,-0.6085427
40.305,12.5022,-1.8345,0.2054,90.0,0.0,2.0,0.6246408,0.983741,0.054898616,0.054898616,-1.0,-0.60838187,0.6246408,0.983741,0.054898616,0.054898616,-1.0,-0.60838187
40.355,12.5216,-1.8385,0.2054,90.0,0.0,2.0,0.62568295,0.9837017,0.055079307,0.055079307,-1.0,-0.60938466,0.62568295,0.9837017,0.055079307,0.055079307,-1.0,-0.60938466
40.405,12.5508,-1.8445,0.2054,90.0,0.0,2.0,0.62553483,0.9837091,0.05506924,0.05506924,-1.0,-0.60924387,0.62553483,0.9837091,0.05506924,0.05506924,-1.0,-0.60924387
40.455,12.5703,-1.8485,0.2054,90.0,0.0,2.0,0.6265772,0.98366976,0.055136018,0.055136018,-1.0,-0.61024696,0.6265772,0.98366976,0.055136018,0.055136018,-1.0,-0.61024696
40.505,12.5995,-1.8545,0.2053,90.0,0.0,2.0,0.6264059,0.98367804,0.055124883,0.055124883,-1.0,-0.61008394,0.6264059,0.98367804,0.055124883,0.055124883,-1.0,-0.61008394
40.555,12.6189,-1.8584,0.2053,90.0,0.0,2.0,0.6274807,0.98363733,0.055193618,0.055193618,-1.0,-0.6111181,0.6274807,0.98363733,0.055193618,0.055193618,-1.0,-0.6111181
40.605,12.6482,-1.8644,0.2053,90.0,0.0,2.0,0.62728995,0.9836464,0.055181354,0.055181354,-1.0,-0.61093634,0.62728995,0.9836464,0.055181354,0.055181354,-1.0,-0.61093634
40.655,12.6677,-1.8683,0.2053,90.0,0.0,2.0,0.62833494,0.98360676,0.055248115,0.055248115,-1.0,-0.6119417,0.62833494,0.98360676,0.055248115,0.055248115,-1.0,-0.6119417
40.705,12.6969,-1.8743,0.2053,90.0,0.0,2.0,0.6282154,0.9802522,0.051421914,0.051421914,-1.0,-0.60846764,0.6282154,0.9802522,0.051421914,0.051421914,-1.0,-0.60846764
40.755,12.7164,-1.8782,0.2053,90.0,0.0,2.0,0.6290584,0.98358035,0.05360012,0.05360012,-1.0,-0.6126387,0.6290584,0.98358035,0.05360012,0.05360012,-1.0,-0.6126387
40.805,12.7457,-1.8841,0.2053,90.0,0.0,2.0,0.62877125,0.98359233,0.053730242,0.053730242,-1.0,-0.6123636,0.62877125,0.98359233,0.053730242,0.053730242,-1.0,-0.6123636
40.855,12.7652,-1.8881,0.2053,90.0,0.0,2.0,0.6296825,0.98355687,0.053936083,0.053936083,-1.0,-0.61323935,0.6296825,0.98355687,0.053936083,0.053936083,-1.0,-0.61323935
40.905,12.7945,-1.8940,0.2053,90.0,0.0,2.0,0.629561,0.9835632,0.05407065,0.05407065,-1.0,-0.6131242,0.629561,0.9835632,0.05407065,0.05407065,-1.0,-0.6131242
40.955,12.8140,-1.8979,0.2053,90.0,0.0,2.0,0.6304928,0.98352695,0.054276664,0.054276664,-1.0,-0.61401975,0.6304928,0.98352695,0.054276664,0.054276664,-1.0,-0.61401975
41.005,12.8433,-1.9038,0.2054,90.0,0.0,2.0,0.6303462,0.9835342,0.05441067,0.05441067,-1.0,-0.6138804,0.6303462,0.9835342,0.05441067,0.05441067,-1.0,-0.6138804
41.055,12.8629,-1.9077,0.2054,90.0,0.0,2.0,0.63127714,0.983498,0.054617196,0.054617196,-1.0,-0.61477506,0.63127714,0.983498,0.054617196,0.054617196,-1.0,-0.61477506
41.105,12.8922,-1.9136,0.2054,90.0,0.0,2.0,0.63112015,0.9835056,0.054751717,0.054751717,-1.0,-0.61462575,0.63112015,0.9835056,0.054751717,0.054751717,-1.0,-0.61462575
41.155,12.9118,-1.9175,0.2054,90.0,0.0,2.0,0.6320648,0.9834688,0.05495855,0.05495855,-1.0,-0.6155336,0.6320648,0.9834688,0.05495855,0.05495855,-1.0,-0.6155336
41.205,12.9411,-1.9234,0.2054,90.0,0.0,2.0,0.63190055,0.9834767,0.055091757,0.055091757,-1.0,-0.6153772,0.63190055,0.9834767,0.055091757,0.055091757,-1.0,-0.6153772
41.256,12.9607,-1.9273,0.2054,90.0,0.0,2.0,0.63281345,0.983441,0.05529891,0.05529891,-1.0,-0.6162544,0.63281345,0.983441,0.05529891,0.05529891,-1.0,-0.6162544
41.305,12.9901,-1.9331,0.2055,90.0,0.0,2.0,0.6326543,0.9834486,0.055433195,0.055433195,-1.0,-0.61610293,0.6326543,0.9834486,0.055433195,0.055433195,-1.0,-0.61610293
41.355,13.0097,-1.9370,0.2055,90.0,0.0,2.0,0.6335523,0.9834133,0.05561071,0.05561071,-1.0,-0.6169656,0.6335523,0.9834133,0.05561071,0.05561071,-1.0,-0.6169656
41.405,13.0391,-1.9429,0.2055,90.0,0.0,2.0,0.63338405,0.9834213,0.055599865,0.055599865,-1.0,-0.6168054,0.63338405,0.9834213,0.055599865,0.055599865,-1.0,-0.6168054
41.454,13.0587,-1.9468,0.2055,90.0,0.0,2.0,0.63427705,0.983386,0.055663135,0.055663135,-1.0,-0.617663,0.63427705,0.983386,0.055663135,0.055663135,-1.0,-0.617663
41.505,13.0881,-1.9526,0.2055,90.0,0.0,2.0,0.6341064,0.9833941,0.05565197,0.05565197,-1.0,-0.61750054,0.6341064,0.9833941,0.05565197,0.05565197,-1.0,-0.61750054
41.556,13.1077,-1.9564,0.2055,90.0,0.0,2.0,0.63497394,0.9833596,0.055714652,0.055714652,-1.0,-0.6183335,0.63497394,0.9833596,0.055714652,0.055714652,-1.0,-0.6183335
41.606,13.1372,-1.9622,0.2055,90.0,0.0,2.0,0.6348124,0.9833673,0.05570391,0.05570391,-1.0,-0.61817974,0.6348124,0.9833673,0.05570391,0.05570391,-1.0,-0.61817974
41.656,13.1568,-1.9661,0.2055,0.0,0.0,2.0,0.6356793,0.9833327,0.05576736,0.05576736,-1.0,-0.619012,0.6356793,0.9833327,0.05576736,0.05576736,-1.0,-0.619012
41.705,13.1845,-1.9714,0.2057,0.0,0.0,2.0,-0.33911407,-1.0,0.2628271,0.2628271,0.898375,0.4407391,-0.33911407,-1.0,0.2628271,0.2628271,0.898375,0.4407391
41.755,13.2007,-1.9743,0.2061,0.0,0.0,2.0,-0.3473068,-1.0,0.27199292,0.27199292,0.9169658,0.43034104,-0.3473068,-1.0,0.27199292,0.27199292,0.9169658,0.43034104
41.805,13.2224,-1.9777,0.2069,0.0,0.0,2.0,-0.34016383,-1.0,0.27228686,0.27228686,0.91828173,0.4218821,-0.34016383,-1.0,0.27228686,0.27228686,0.91828173,0.4218821
41.855,13.2352,-1.9794,0.2077,0.0,0.0,2.0,-0.3248116,-1.0,0.27055684,0.27055684,0.9216927,0.4031189,-0.3248116,-1.0,0.27055684,0.27055684,0.9216927,0.4031189
41.906,13.2520,-1.9813,0.2092,0.0,0.0,2.0,-0.32184967,-1.0,0.27122024,0.27122024,0.92202604,0.39982367,-0.32184967,-1.0,0.27122024,0.27122024,0.92202604,0.39982367
41.955,13.2617,-1.9820,0.2104,0.0,0.0,2.0,-0.3023375,-1.0,0.26931715,0.26931715,0.92628443,0.37605307,-0.3023375,-1.0,0.26931715,0.26931715,0.92628443,0.37605307
42.005,13.2743,-1.9825,0.2126,0.0,0.0,2.0,-0.301426,-1.0,0.2701574,0.2701574,0.9261071,0.37531888,-0.301426,-1.0,0.2701574,0.2701574,0.9261071,0.37531888
42.056,13.2813,-1.9824,0.2142,0.0,0.0,2.0,-0.27842712,-1.0,0.26809075,0.26809075,0.9309713,0.34745577,-0.27842712,-1.0,0.26809075,0.26809075,0.9309713,0.34745577
42.106,13.2900,-1.9816,0.2168,0.0,0.0,2.0,-0.27918953,-1.0,0.26907834,0.26907834,0.930363,0.34882653,-0.27918953,-1.0,0.26907834,0.26907834,0.930363,0.34882653
42.156,13.2946,-1.9808,0.2188,0.0,0.0,2.0,-0.25396472,-1.0,0.2669981,0.2669981,0.9355802,0.31838453,-0.25396472,-1.0,0.2669981,0.2669981,0.9355802,0.31838453
42.206,13.2999,-1.9789,0.2218,0.0,0.0,2.0,-0.25633696,-1.0,0.26812175,0.26812175,0.9345857,0.32175124,-0.25633696,-1.0,0.26812175,0.26812175,0.9345857,0.32175124
42.256,13.3024,-1.9774,0.2239,0.0,0.0,2.0,-0.2304075,-1.0,0.2661974,0.2661974,0.93985134,0.2905562,-0.2304075,-1.0,0.2661974,0.2661974,0.93985134,0.2905562
42.306,13.3046,-1.9747,0.2272,0.0,0.0,2.0,-0.23379032,-1.0,0.26738676,0.26738676,0.9386332,0.29515713,-0.23379032,-1.0,0.26738676,0.26738676,0.9386332,0.29515713
42.355,13.3051,-1.9726,0.2294,0.0,0.0,2.0,-0.20793588,-1.0,0.26562533,0.26562533,0.9438037,0.26413214,-0.20793588,-1.0,0.26562533,0.26562533,0.9438037,0.26413214
42.406,13.3045,-1.9691,0.2327,0.0,0.0,2.0,-0.21154863,-1.0,0.26611745,0.26611745,0.94254774,0.26900086,-0.21154863,-1.0,0.26611745,0.26611745,0.94254774,0.26900086
42.456,13.3033,-1.9665,0.2348,0.0,0.0,2.0,-0.18599933,-1.0,0.26408213,0.26408213,0.9475939,0.23840542,-0.18599933,-1.0,0.26408213,0.26408213,0.9475939,0.23840542
42.506,13.3002,-1.9623,0.2379,0.0,0.0,2.0,-0.19016796,-1.0,0.264582,0.264582,0.94623697,0.24393097,-0.19016796,-1.0,0.264582,0.264582,0.94623697,0.24393097
42.556,13.2974,-1.9594,0.2400,0.0,0.0,2.0,-0.16575612,-1.0,0.2629166,0.2629166,0.9510052,0.21475092,-0.16575612,-1.0,0.2629166,0.2629166,0.9510052,0.21475092
42.605,13.2921,-1.9546,0.2428,0.0,0.0,2.0,-0.17020759,-1.0,0.26338494,0.26338494,0.9496189,0.22058873,-0.17020759,-1.0,0.26338494,0.26338494,0.9496189,0.22058873
42.656,13.2878,-1.9513,0.2446,0.0,0.0,2.0,-0.14725171,-1.0,0.26209813,0.26209813,0.95406395,0.19318779,-0.14725171,-1.0,0.26209813,0.26209813,0.95406395,0.19318779
42.705,13.2805,-1.9460,0.2471,0.0,0.0,2.0,-0.16877389,-1.0,0.24539447,0.24539447,0.93688864,0.23188522,-0.16877389,-1.0,0.24539447,0.24539447,0.93688864,0.23188522
42.755,13.2750,-1.9423,0.2486,0.0,0.0,2.0,-0.1306833,-1.0,0.2535769,0.2535769,0.956849,0.1738343,-0.1306833,-1.0,0.2535769,0.2535769,0.956849,0.1738343
42.805,13.2658,-1.9366,0.2507,0.0,0.0,2.0,-0.13404825,-1.0,0.2543603,0.2543603,0.9556659,0.17838238,-0.13404825,-1.0,0.2543603,0.2543603,0.9556659,0.17838238
42.855,13.2591,-1.9326,0.2519,0.0,0.0,2.0,-0.11406268,-1.0,0.25448635,0.25448635,0.95947415,0.15458857,-0.11406268,-1.0,0.25448635,0.25448635,0.95947415,0.15458857
42.906,13.2483,-1.9265,0.2534,0.0,0.0,2.0,-0.11849444,-1.0,0.25547725,0.25547725,0.95819134,0.1603031,-0.11849444,-1.0,0.25547725,0.25547725,0.95819134,0.1603031
42.955,13.2405,-1.9222,0.2542,0.0,0.0,2.0,-0.0998097,-1.0,0.25594532,0.25594532,0.9617637,0.13804604,-0.0998097,-1.0,0.25594532,0.25594532,0.9617637,0.13804604
43.005,13.2282,-1.9157,0.2552,0.0,0.0,2.0,-0.10431415,-1.0,0.2568751,0.2568751,0.9604985,0.14381562,-0.10431415,-1.0,0.2568751,0.2568751,0.9604985,0.14381562
43.055,13.2195,-1.9113,0.2556,0.0,0.0,2.0,-0.0876518,-1.0,0.25768125,0.25768125,0.96367127,0.123980515,-0.0876518,-1.0,0.25768125,0.25768125,0.96367127,0.123980515
43.105,13.2058,-1.9044,0.2560,0.0,0.0,2.0,-0.091303185,-1.0,0.25853238,0.25853238,0.9626199,0.12868328,-0.091303185,-1.0,0.25853238,0.25853238,0.9626199,0.12868328
43.155,13.1963,-1.8998,0.2561,0.0,0.0,2.0,-0.07646014,-1.0,0.25963756,0.25963756,0.96543926,0.11102086,-0.07646014,-1.0,0.25963756,0.25963756,0.96543926,0.11102086
43.206,13.1815,-1.8927,0.2559,0.0,0.0,2.0,-0.07994209,-1.0,0.26043096,0.26043096,0.9644512,0.1154909,-0.07994209,-1.0,0.26043096,0.26043096,0.9644512,0.1154909
43.256,13.1712,-1.8879,0.2555,0.0,0.0,2.0,-0.066175155,-1.0,0.2618178,0.2618178,0.9670778,0.099097356,-0.066175155,-1.0,0.2618178,0.2618178,0.9670778,0.099097356
43.306,13.1554,-1.8806,0.2548,0.0,0.0,2.0,-0.06973736,-1.0,0.26254258,0.26254258,0.96609616,0.10364121,-0.06973736,-1.0,0.26254258,0.26254258,0.96609616,0.10364121
43.355,13.1445,-1.8757,0.2541,0.0,0.0,2.0,-0.057469163,-1.0,0.26419207,0.26419207,0.968438,0.08903111,-0.057469163,-1.0,0.26419207,0.26419207,0.968438,0.08903111
43.406,13.1278,-1.8683,0.2527,0.0,0.0,2.0,-0.060351662,-1.0,0.26430154,0.26430154,0.9676234,0.09272826,-0.060351662,-1.0,0.26430154,0.26430154,0.9676234,0.09272826
43.456,13.1164,-1.8633,0.2516,0.0,0.0,2.0,-0.04944438,-1.0,0.2654932,0.2654932,0.9697073,0.07973708,-0.04944438,-1.0,0.2654932,0.2654932,0.9697073,0.07973708
43.508,13.0988,-1.8557,0.2497,0.0,0.0,2.0,-0.051960662,-1.0,0.26544842,0.26544842,0.9689881,0.08297251,-0.051960662,-1.0,0.26544842,0.26544842,0.9689881,0.08297251
43.557,13.0869,-1.8506,0.2483,0.0,0.0,2.0,-0.04199297,-1.0,0.2668548,0.2668548,0.9708983,0.07109469,-0.04199297,-1.0,0.2668548,0.2668548,0.9708983,0.07109469
43.616,13.0687,-1.8429,0.2458,0.0,0.0,2.0,-0.044034664,-1.0,0.26678237,0.26678237,0.9702928,0.07374183,-0.044034664,-1.0,0.26678237,0.26678237,0.9702928,0.07374183
43.663,13.0563,-1.8377,0.2439,0.0,0.0,2.0,-0.034623694,-1.0,0.26840758,0.26840758,0.97210455,0.06251914,-0.034623694,-1.0,0.26840758,0.26840758,0.97210455,0.06251914
43.716,13.0375,-1.8300,0.2409,0.0,0.0,2.0,-0.042823616,-1.0,0.24869606,0.24869606,0.96306765,0.079755954,-0.042823616,-1.0,0.24869606,0.24869606,0.96306765,0.079755954
43.763,13.0248,-1.8248,0.2387,0.0,0.0,2.0,-0.027532019,-1.0,0.26198328,0.26198328,0.97329104,0.054240983,-0.027532019,-1.0,0.26198328,0.26198328,0.97329104,0.054240983
43.815,13.0054,-1.8169,0.2351,0.0,0.0,2.0,-0.029100405,-1.0,0.2622378,0.2622378,0.9727825,0.05631793,-0.029100405,-1.0,0.2622378,0.2622378,0.9727825,0.05631793
43.863,12.9923,-1.8117,0.2326,0.0,0.0,2.0,-0.020156352,-1.0,0.26500654,0.26500654,0.9745258,0.045630537,-0.020156352,-1.0,0.26500654,0.26500654,0.9745258,0.045630537
43.915,12.9724,-1.8038,0.2286,0.0,0.0,2.0,-0.022067158,-1.0,0.26546308,0.26546308,0.9739671,0.04810007,-0.022067158,-1.0,0.26546308,0.26546308,0.9739671,0.04810007
43.955,12.9589,-1.7985,0.2259,0.0,0.0,2.0,-0.014154698,-1.0,0.2683235,0.2683235,0.9755097,0.038645014,-0.014154698,-1.0,0.2683235,0.2683235,0.9755097,0.038645014
44.005,12.9385,-1.7905,0.2217,0.0,0.0,2.0,-0.015974771,-1.0,0.26875383,0.26875383,0.97498214,0.040992606,-0.015974771,-1.0,0.26875383,0.26875383,0.97498214,0.040992606
44.056,12.9248,-1.7852,0.2190,0.0,0.0,2.0,-0.008998372,-1.0,0.27166578,0.27166578,0.9763483,0.032650065,-0.008998372,-1.0,0.27166578,0.27166578,0.9763483,0.032650065
44.106,12.9039,-1.7772,0.2148,0.0,0.0,2.0,-0.0106244935,-1.0,0.27206263,0.27206263,0.9758735,0.03475102,-0.0106244935,-1.0,0.27206263,0.27206263,0.9758735,0.03475102
44.159,12.8899,-1.7718,0.2122,0.0,0.0,2.0,-0.0042867963,-1.0,0.27500182,0.27500182,0.9771268,0.027159996,-0.0042867963,-1.0,0.27500182,0.27500182,0.9771268,0.027159996
44.207,12.8686,-1.7638,0.2084,0.0,0.0,2.0,-0.0062442697,-1.0,0.27522007,0.27522007,0.97658473,0.029659536,-0.0062442697,-1.0,0.27522007,0.27522007,0.97658473,0.029659536
44.256,12.8542,-1.7584,0.2060,0.0,0.0,2.0,0.00071708014,-1.0,0.27843195,0.27843195,0.9780041,0.021278812,0.00071708014,-1.0,0.27843195,0.27843195,0.9780041,0.021278812
44.307,12.8325,-1.7504,0.2029,0.0,0.0,2.0,-0.001331575,-1.0,0.27842534,0.27842534,0.9774447,0.023886876,-0.001331575,-1.0,0.27842534,0.27842534,0.9774447,0.023886876
44.356,12.8179,-1.7451,0.2011,0.0,0.0,2.0,0.0041406043,-1.0,0.28101668,0.28101668,0.9785437,0.017315682,0.0041406043,-1.0,0.28101668,0.28101668,0.9785437,0.017315682
44.407,12.7958,-1.7372,0.1989,0.0,0.0,2.0,0.0030488214,-1.0,0.28051442,0.28051442,0.978201,0.0187502,0.0030488214,-1.0,0.28051442,0.28051442,0.978201,0.0187502
44.457,12.7810,-1.7319,0.1977,0.0,0.0,2.0,0.008498565,-1.0,0.28218237,0.28218237,0.97930187,0.01219956,0.008498565,-1.0,0.28218237,0.28218237,0.97930187,0.01219956
44.507,12.7585,-1.7241,0.1967,0.0,0.0,2.0,0.0075536533,-1.0,0.28167728,0.28167728,0.97899145,0.013454926,0.0075536533,-1.0,0.28167728,0.28167728,0.97899145,0.013454926
44.558,12.7434,-1.7189,0.1963,0.0,0.0,2.0,0.01292423,-1.0,0.28299788,0.28299788,0.9800762,0.0069995853,0.01292423,-1.0,0.28299788,0.28299788,0.9800762,0.0069995853
44.608,12.7207,-1.7112,0.1964,0.0,0.0,2.0,0.012063639,-1.0,0.2825242,0.2825242,0.9797836,0.0081527885,0.012063639,-1.0,0.2825242,0.2825242,0.9797836,0.0081527885
44.666,12.7054,-1.7061,0.1968,0.0,0.0,2.0,0.017561521,-1.0,0.28353602,0.28353602,0.9808962,0.0015422899,0.017561521,-1.0,0.28353602,0.28353602,0.9808962,0.0015422899
44.711,12.6823,-1.6985,0.1980,0.0,0.0,2.0,0.013488423,-1.0,0.263726,0.263726,0.9750113,0.011500286,0.013488423,-1.0,0.263726,0.263726,0.9750113,0.011500286
44.766,12.6669,-1.6935,0.1991,0.0,0.0,2.0,0.022471322,-1.0,0.27547172,0.27547172,0.98174304,-0.0042143418,0.022471322,-1.0,0.27547172,0.27547172,0.98174304,-0.0042143418
44.812,12.6437,-1.6861,0.2012,0.0,0.0,2.0,0.021691365,-1.0,0.2755636,0.2755636,0.9814924,-0.003183773,0.021691365,-1.0,0.2755636,0.2755636,0.9814924,-0.003183773
44.865,12.6282,-1.6812,0.2028,0.0,0.0,2.0,0.027468113,-1.0,0.27679014,0.27679014,0.98266214,-0.010130268,0.027468113,-1.0,0.27679014,0.27679014,0.98266214,-0.010130268
44.912,12.6049,-1.6739,0.2055,0.0,0.0,2.0,0.026601205,-1.0,0.27728066,0.27728066,0.98236376,-0.008964976,0.026601205,-1.0,0.27728066,0.27728066,0.98236376,-0.008964976
44.964,12.5894,-1.6690,0.2074,0.0,0.0,2.0,0.03237865,-1.0,0.2783901,0.2783901,0.98353606,-0.015914746,0.03237865,-1.0,0.2783901,0.2783901,0.98353606,-0.015914746
45.004,12.5661,-1.6618,0.2103,0.0,0.0,2.0,0.031494137,-1.0,0.2789663,0.2789663,0.983234,-0.014728127,0.031494137,-1.0,0.2789663,0.2789663,0.983234,-0.014728127
45.054,12.5505,-1.6571,0.2123,0.0,0.0,2.0,0.037250817,-1.0,0.2800595,0.2800595,0.9844065,-0.021657316,0.037250817,-1.0,0.2800595,0.2800595,0.9844065,-0.021657316
45.104,12.5272,-1.6500,0.2152,0.0,0.0,2.0,0.036312878,-1.0,0.2807118,0.2807118,0.9840924,-0.020405322,0.036312878,-1.0,0.2807118,0.2807118,0.9840924,-0.020405322
45.154,12.5116,-1.6452,0.2171,0.0,0.0,2.0,0.04209641,-1.0,0.28188473,0.28188473,0.9852778,-0.02737417,0.04209641,-1.0,0.28188473,0.28188473,0.9852778,-0.02737417
45.205,12.4883,-1.6382,0.2197,0.0,0.0,2.0,0.041160125,-1.0,0.28258833,0.28258833,0.9849639,-0.02612401,0.041160125,-1.0,0.28258833,0.28258833,0.9849639,-0.02612401
45.255,12.4727,-1.6335,0.2213,0.0,0.0,2.0,0.04690198,-1.0,0.28391233,0.28391233,0.9861469,-0.033048883,0.04690198,-1.0,0.28391233,0.28391233,0.9861469,-0.033048883
45.305,12.4493,-1.6265,0.2234,0.0,0.0,2.0,0.04596426,-1.0,0.28464413,0.28464413,0.98583186,-0.031796142,0.04596426,-1.0,0.28464413,0.28464413,0.98583186,-0.031796142
45.355,12.4337,-1.6218,0.2246,0.0,0.0,2.0,0.051762257,-1.0,0.28603786,0.28603786,0.9870354,-0.03879767,0.051762257,-1.0,0.28603786,0.28603786,0.9870354,-0.03879767
45.405,12.4102,-1.6148,0.2260,0.0,0.0,2.0,0.050741583,-1.0,0.28601328,0.28601328,0.98669994,-0.03744151,0.050741583,-1.0,0.28601328,0.28601328,0.98669994,-0.03744151
45.455,12.3946,-1.6101,0.2268,0.0,0.0,2.0,0.056488078,-1.0,0.28701383,0.28701383,0.98789936,-0.044387437,0.056488078,-1.0,0.28701383,0.28701383,0.98789936,-0.044387437
45.505,12.3711,-1.6032,0.2277,0.0,0.0,2.0,0.055539146,-1.0,0.2869786,0.2869786,0.98757964,-0.043118805,0.055539146,-1.0,0.2869786,0.2869786,0.98757964,-0.043118805
45.555,12.3554,-1.5986,0.2280,0.0,0.0,2.0,0.06110149,-1.0,0.28817165,0.28817165,0.98874444,-0.0498459,0.06110149,-1.0,0.28817165,0.28817165,0.98874444,-0.0498459
45.606,12.3318,-1.5917,0.2283,0.0,0.0,2.0,0.06018413,-1.0,0.2881111,0.2881111,0.9884322,-0.048616342,0.06018413,-1.0,0.2881111,0.2881111,0.9884322,-0.048616342
45.655,12.3160,-1.5871,0.2283,0.0,0.0,2.0,0.065653294,-1.0,0.28950962,0.28950962,0.98958546,-0.05523877,0.065653294,-1.0,0.28950962,0.28950962,0.98958546,-0.05523877
45.706,12.2924,-1.5802,0.2280,0.0,0.0,2.0,0.14017294,-1.0,0.2464783,0.2464783,0.8173693,0.04245777,0.14017294,-1.0,0.2464783,0.2464783,0.8173693,0.04245777
45.755,12.2767,-1.5757,0.2276,0.0,0.0,2.0,0.13877873,-1.0,0.26217487,0.26217487,0.84838265,0.012838594,0.13877873,-1.0,0.26217487,0.26217487,0.84838265,0.012838594
45.805,12.2532,-1.5689,0.2267,0.0,0.0,2.0,0.14045936,-1.0,0.26257214,0.26257214,0.84891194,0.010628688,0.14045936,-1.0,0.26257214,0.26257214,0.84891194,0.010628688
45.855,12.2376,-1.5644,0.2260,0.0,0.0,2.0,0.15202524,-1.0,0.26505986,0.26505986,0.8504625,-0.0024877111,0.15202524,-1.0,0.26505986,0.26505986,0.8504625,-0.0024877111
45.905,12.2142,-1.5577,0.2247,0.0,0.0,2.0,0.1521955,-1.0,0.2656747,0.2656747,0.85039353,-0.0025890563,0.1521955,-1.0,0.2656747,0.2656747,0.85039353,-0.0025890563
45.955,12.1986,-1.5532,0.2237,0.0,0.0,2.0,0.16548245,-1.0,0.26842228,0.26842228,0.85221285,-0.017695265,0.16548245,-1.0,0.26842228,0.26842228,0.85221285,-0.017695265
46.005,12.1753,-1.5466,0.2221,0.0,0.0,2.0,0.16469812,-1.0,0.26896048,0.26896048,0.8519266,-0.016624724,0.16469812,-1.0,0.26896048,0.26896048,0.8519266,-0.016624724
46.055,12.1597,-1.5422,0.2209,0.0,0.0,2.0,0.17935257,-1.0,0.27195832,0.27195832,0.8539473,-0.033299826,0.17935257,-1.0,0.27195832,0.27195832,0.8539473,-0.033299826
46.106,12.1364,-1.5357,0.2191,0.0,0.0,2.0,0.17770284,-1.0,0.27239448,0.27239448,0.85348237,-0.031185197,0.17770284,-1.0,0.27239448,0.27239448,0.85348237,-0.031185197
46.155,12.1209,-1.5314,0.2178,0.0,0.0,2.0,0.19345486,-1.0,0.27561465,0.27561465,0.8556553,-0.049110204,0.19345486,-1.0,0.27561465,0.27561465,0.8556553,-0.049110204
46.205,12.0976,-1.5250,0.2159,0.0,0.0,2.0,0.19143812,-1.0,0.2759872,0.2759872,0.85510623,-0.04654434,0.19143812,-1.0,0.2759872,0.2759872,0.85510623,-0.04654434
46.255,12.0821,-1.5209,0.2146,0.0,0.0,2.0,0.20754851,-1.0,0.27930203,0.27930203,0.85731006,-0.06485855,0.20754851,-1.0,0.27930203,0.27930203,0.85731006,-0.06485855
46.306,12.0589,-1.5147,0.2127,0.0,0.0,2.0,0.20560965,-1.0,0.2796682,0.2796682,0.8567571,-0.062366758,0.20560965,-1.0,0.2796682,0.2796682,0.8567571,-0.062366758
46.355,12.0434,-1.5107,0.2116,0.0,0.0,2.0,0.22252335,-1.0,0.28304136,0.28304136,0.8590592,-0.081582546,0.22252335,-1.0,0.28304136,0.28304136,0.8590592,-0.081582546
46.405,12.0202,-1.5047,0.2100,0.0,0.0,2.0,0.22032604,-1.0,0.2826112,0.2826112,0.8584536,-0.078779586,0.22032604,-1.0,0.2826112,0.2826112,0.8584536,-0.078779586
46.455,12.0048,-1.5008,0.2090,0.0,0.0,2.0,0.23800276,-1.0,0.2853677,0.2853677,0.86084396,-0.09884672,0.23800276,-1.0,0.2853677,0.2853677,0.86084396,-0.09884672
46.506,11.9816,-1.4951,0.2079,0.0,0.0,2.0,0.23560625,-1.0,0.28488544,0.28488544,0.8601968,-0.09580306,0.23560625,-1.0,0.28488544,0.28488544,0.8601968,-0.09580306
46.555,11.9661,-1.4913,0.2072,0.0,0.0,2.0,0.25403932,-1.0,0.28766683,0.28766683,0.86267006,-0.11670937,0.25403932,-1.0,0.28766683,0.28766683,0.86267006,-0.11670937
46.606,11.9429,-1.4858,0.2065,0.0,0.0,2.0,0.25163358,-1.0,0.28717563,0.28717563,0.8620116,-0.11364521,0.25163358,-1.0,0.28717563,0.28717563,0.8620116,-0.11364521
46.657,11.9274,-1.4823,0.2063,0.0,0.0,2.0,0.27075416,-1.0,0.28995705,0.28995705,0.86455214,-0.13530634,0.27075416,-1.0,0.28995705,0.28995705,0.86455214,-0.13530634
46.706,11.9042,-1.4770,0.2061,0.0,0.0,2.0,0.2608585,-1.0,0.26457724,0.26457724,0.8335104,-0.09436891,0.2608585,-1.0,0.26457724,0.26457724,0.8335104,-0.09436891
46.756,11.8887,-1.4736,0.2061,0.0,0.0,2.0,0.2898315,-1.0,0.28376877,0.28376877,0.8664044,-0.15623592,0.2898315,-1.0,0.28376877,0.28376877,0.8664044,-0.15623592
46.805,11.8655,-1.4685,0.2065,0.0,0.0,2.0,0.2866756,-1.0,0.28371122,0.28371122,0.8658528,-0.15252838,0.2866756,-1.0,0.28371122,0.28371122,0.8658528,-0.15252838
46.857,11.8500,-1.4653,0.2069,0.0,0.0,2.0,0.30740967,-1.0,0.2872166,0.2872166,0.8686531,-0.17606278,0.30740967,-1.0,0.2872166,0.2872166,0.8686531,-0.17606278
46.908,11.8267,-1.4605,0.2077,0.0,0.0,2.0,0.30446172,-1.0,0.2874812,0.2874812,0.8678757,-0.17233744,0.30446172,-1.0,0.2874812,0.2874812,0.8678757,-0.17233744
46.965,11.8111,-1.4573,0.2083,0.0,0.0,2.0,0.3265409,-1.0,0.29120004,0.29120004,0.8707254,-0.1972663,0.3265409,-1.0,0.29120004,0.29120004,0.8707254,-0.1972663
47.010,11.7878,-1.4528,0.2094,0.0,0.0,2.0,0.32301617,-1.0,0.29142064,0.29142064,0.8698581,-0.19287424,0.32301617,-1.0,0.29142064,0.29142064,0.8698581,-0.19287424
47.065,11.7723,-1.4498,0.2103,0.0,0.0,2.0,0.3456693,-1.0,0.2952739,0.2952739,0.8727427,-0.21841203,0.3456693,-1.0,0.2952739,0.2952739,0.8727427,-0.21841203
47.111,11.7490,-1.4454,0.2116,0.0,0.0,2.0,0.34233862,-1.0,0.29554996,0.29554996,0.87190235,-0.21424098,0.34233862,-1.0,0.29554996,0.29554996,0.87190235,-0.21424098
47.167,11.7334,-1.4426,0.2125,0.0,0.0,2.0,0.36567098,-1.0,0.29960078,0.29960078,0.87483543,-0.2405064,0.36567098,-1.0,0.29960078,0.29960078,0.87483543,-0.2405064
47.213,11.7101,-1.4384,0.2139,0.0,0.0,2.0,0.36209884,-1.0,0.2998699,0.2998699,0.8739577,-0.2360565,0.36209884,-1.0,0.2998699,0.2998699,0.8739577,-0.2360565
47.265,11.6946,-1.4357,0.2148,0.0,0.0,2.0,0.38609427,-1.0,0.3041759,0.3041759,0.87693477,-0.263029,0.38609427,-1.0,0.3041759,0.3041759,0.87693477,-0.263029
47.315,11.6712,-1.4317,0.2161,0.0,0.0,2.0,0.38233966,-1.0,0.30443752,0.30443752,0.8760295,-0.25836918,0.38233966,-1.0,0.30443752,0.30443752,0.8760295,-0.25836918
47.365,11.6557,-1.4290,0.2169,0.0,0.0,2.0,0.4068729,-1.0,0.30889565,0.30889565,0.8790306,-0.28590345,0.4068729,-1.0,0.30889565,0.30889565,0.8790306,-0.28590345
47.416,11.6323,-1.4252,0.2181,0.0,0.0,2.0,0.40317208,-1.0,0.3083713,0.3083713,0.87813276,-0.28130487,0.40317208,-1.0,0.3083713,0.3083713,0.87813276,-0.28130487
47.465,11.6167,-1.4227,0.2187,0.0,0.0,2.0,0.42822805,-1.0,0.3124701,0.3124701,0.88115406,-0.3093821,0.42822805,-1.0,0.3124701,0.3124701,0.88115406,-0.3093821
47.515,11.5933,-1.4191,0.2196,0.0,0.0,2.0,0.424343,-1.0,0.31190675,0.31190675,0.88023025,-0.30457327,0.424343,-1.0,0.31190675,0.31190675,0.88023025,-0.30457327
47.565,11.5777,-1.4167,0.2201,0.0,0.0,2.0,0.45035458,-1.0,0.31641054,0.31641054,0.88333106,-0.33368564,0.45035458,-1.0,0.31641054,0.31641054,0.88333106,-0.33368564
47.615,11.5542,-1.4132,0.2207,0.0,0.0,2.0,0.44596842,-1.0,0.315739,0.315739,0.8823379,-0.32830635,0.44596842,-1.0,0.315739,0.315739,0.8823379,-0.32830635
47.654,11.5386,-1.4109,0.2210,0.0,0.0,2.0,0.47303888,-1.0,0.32069445,0.32069445,0.8855299,-0.3585688,0.47303888,-1.0,0.32069445,0.32069445,0.8855299,-0.3585688
47.705,11.5150,-1.4075,0.2213,0.0,0.0,2.0,0.45084628,-1.0,0.29158878,0.29158878,0.85731125,-0.3081575,0.45084628,-1.0,0.29158878,0.29158878,0.85731125,-0.3081575
47.755,11.4993,-1.4054,0.2214,0.0,0.0,2.0,0.5002318,-1.0,0.3161549,0.3161549,0.8877812,-0.38801298,0.5002318,-1.0,0.3161549,0.3161549,0.8877812,-0.38801298
47.805,11.4756,-1.4022,0.2214,0.0,0.0,2.0,0.4937129,-1.0,0.31570315,0.31570315,0.8866775,-0.3803904,0.4937129,-1.0,0.31570315,0.31570315,0.8866775,-0.3803904
47.855,11.4597,-1.4001,0.2213,0.0,0.0,2.0,0.52155,-1.0,0.32203588,0.32203588,0.89000654,-0.41155657,0.52155,-1.0,0.32203588,0.32203588,0.89000654,-0.41155657
47.905,11.4359,-1.3971,0.2210,0.0,0.0,2.0,0.5160307,-1.0,0.3218967,0.3218967,0.88901013,-0.40504086,0.5160307,-1.0,0.3218967,0.3218967,0.88901013,-0.40504086
47.955,11.4200,-1.3951,0.2207,0.0,0.0,2.0,0.5448028,-1.0,0.32873854,0.32873854,0.8922833,-0.43708608,0.5448028,-1.0,0.32873854,0.32873854,0.8922833,-0.43708608
48.005,11.3960,-1.3922,0.2202,0.0,0.0,2.0,0.5402967,-1.0,0.32876447,0.32876447,0.8912747,-0.43157136,0.5402967,-1.0,0.32876447,0.32876447,0.8912747,-0.43157136
48.055,11.3799,-1.3903,0.2198,0.0,0.0,2.0,0.57020634,-1.0,0.3361349,0.3361349,0.89461523,-0.46482155,0.57020634,-1.0,0.3361349,0.3361349,0.89461523,-0.46482155
48.105,11.3557,-1.3875,0.2192,0.0,0.0,2.0,0.5653559,-1.0,0.33604178,0.33604178,0.8935641,-0.45891997,0.5653559,-1.0,0.33604178,0.33604178,0.8935641,-0.45891997
48.155,11.3395,-1.3856,0.2188,0.0,0.0,2.0,0.5962094,-1.0,0.34389216,0.34389216,0.89697134,-0.49318072,0.5962094,-1.0,0.34389216,0.34389216,0.89697134,-0.49318072
48.209,11.3152,-1.3830,0.2181,0.0,0.0,2.0,0.59135157,-1.0,0.34374985,0.34374985,0.8959209,-0.48727247,0.59135157,-1.0,0.34374985,0.34374985,0.8959209,-0.48727247
48.258,11.2989,-1.3812,0.2176,0.0,0.0,2.0,0.62338454,-1.0,0.35211638,0.35211638,0.89942384,-0.5228084,0.62338454,-1.0,0.35211638,0.35211638,0.89942384,-0.5228084
48.316,11.2743,-1.3786,0.2170,0.0,0.0,2.0,0.617964,-1.0,0.3518086,0.3518086,0.8983009,-0.5162649,0.617964,-1.0,0.3518086,0.3518086,0.8983009,-0.5162649
48.362,11.2579,-1.3769,0.2166,0.0,0.0,2.0,0.65170854,-1.0,0.36072344,0.36072344,0.9019654,-0.553674,0.65170854,-1.0,0.36072344,0.36072344,0.9019654,-0.553674
48.416,11.2332,-1.3744,0.2161,0.0,0.0,2.0,0.64615035,-1.0,0.359406,0.359406,0.90082276,-0.54697305,0.64615035,-1.0,0.359406,0.359406,0.90082276,-0.54697305
48.465,11.2166,-1.3727,0.2157,0.0,0.0,2.0,0.6809643,-1.0,0.36789745,0.36789745,0.9045637,-0.585528,0.6809643,-1.0,0.36789745,0.36789745,0.9045637,-0.585528
48.516,11.1916,-1.3702,0.2154,0.0,0.0,2.0,0.6754973,-1.0,0.36655962,0.36655962,0.9034292,-0.5789265,0.6754973,-1.0,0.36655962,0.36655962,0.9034292,-0.5789265
48.563,11.1749,-1.3686,0.2152,0.0,0.0,2.0,0.7119672,-1.0,0.37559935,0.37559935,0.9073182,-0.61928535,0.7119672,-1.0,0.37559935,0.37559935,0.9073182,-0.61928535
48.615,11.1496,-1.3661,0.2150,0.0,0.0,2.0,0.70633614,-1.0,0.3741881,0.3741881,0.90615666,-0.6124928,0.70633614,-1.0,0.3741881,0.3741881,0.90615666,-0.6124928
48.665,11.1327,-1.3644,0.2149,0.0,0.0,2.0,0.7445383,-1.0,0.3838013,0.3838013,0.9101994,-0.6547377,0.7445383,-1.0,0.3838013,0.3838013,0.9101994,-0.6547377
48.704,11.1072,-1.3620,0.2150,0.0,0.0,2.0,0.70712584,-1.0,0.34579828,0.34579828,0.88473016,-0.59185606,0.70712584,-1.0,0.34579828,0.34579828,0.88473016,-0.59185606
48.755,11.0900,-1.3603,0.2150,0.0,0.0,2.0,0.7840355,-1.0,0.3817169,0.3817169,0.9130946,-0.69713,0.7840355,-1.0,0.3817169,0.3817169,0.9130946,-0.69713
48.805,11.0641,-1.3579,0.2152,0.0,0.0,2.0,0.77794224,-1.0,0.3810559,0.3810559,0.91195405,-0.6898963,0.77794224,-1.0,0.3810559,0.3810559,0.91195405,-0.6898963
48.855,11.0467,-1.3562,0.2154,0.0,0.0,2.0,0.8212568,-1.0,0.39305636,0.39305636,0.91653824,-0.73779505,0.8212568,-1.0,0.39305636,0.39305636,0.91653824,-0.73779505
48.905,11.0204,-1.3536,0.2158,0.0,0.0,2.0,0.8137135,-1.0,0.39221454,0.39221454,0.9151717,-0.7288852,0.8137135,-1.0,0.39221454,0.39221454,0.9151717,-0.7288852
48.956,11.0027,-1.3518,0.2161,0.0,0.0,2.0,0.85897565,-1.0,0.40501982,0.40501982,0.91992056,-0.7788962,0.85897565,-1.0,0.40501982,0.40501982,0.91992056,-0.7788962
49.005,10.9760,-1.3491,0.2166,0.0,0.0,2.0,0.8512776,-1.0,0.40413618,0.40413618,0.9185162,-0.7697938,0.8512776,-1.0,0.40413618,0.40413618,0.9185162,-0.7697938
49.055,10.9580,-1.3472,0.2170,0.0,0.0,2.0,0.90142,-1.0,0.4185426,0.4185426,0.9237767,-0.8251967,0.90142,-1.0,0.4185426,0.4185426,0.9237767,-0.8251967
49.105,10.9308,-1.3443,0.2177,0.0,0.0,2.0,0.891987,-1.0,0.417185,0.417185,0.92213964,-0.8141267,0.891987,-1.0,0.417185,0.417185,0.92213964,-0.8141267
49.155,10.9125,-1.3423,0.2182,0.0,0.0,2.0,0.9442828,-1.0,0.432576,0.432576,0.9275801,-0.87186295,0.9442828,-1.0,0.432576,0.432576,0.9275801,-0.87186295
49.205,10.8847,-1.3392,0.2189,0.0,0.0,2.0,0.9355877,-1.0,0.4313993,0.4313993,0.92600584,-0.86159354,0.9355877,-1.0,0.4313993,0.4313993,0.92600584,-0.86159354
49.253,10.8660,-1.3371,0.2194,0.0,0.0,2.0,0.99098426,-1.0,0.44809395,0.44809395,0.9317354,-0.92271966,0.99098426,-1.0,0.44809395,0.44809395,0.9317354,-0.92271966
49.305,10.8376,-1.3337,0.2202,0.0,0.0,2.0,0.9818495,-1.0,0.44678473,0.44678473,0.93008024,-0.91192967,0.9818495,-1.0,0.44678473,0.44678473,0.93008024,-0.91192967
49.355,10.8185,-1.3314,0.2207,0.0,0.0,2.0,1.0,-0.96059877,0.44660184,0.44660184,0.89929026,-0.9386915,1.0,-0.96059877,0.44660184,0.44660184,0.89929026,-0.9386915
49.405,10.7896,-1.3278,0.2215,0.0,0.0,2.0,1.0,-0.97086555,0.4484116,0.4484116,0.9070546,-0.93618906,1.0,-0.97086555,0.4484116,0.4484116,0.9070546,-0.93618906
49.455,10.7703,-1.3253,0.2220,0.0,0.0,2.0,1.0,-0.9159469,0.43984157,0.43984157,0.8615469,-0.9455999,1.0,-0.9159469,0.43984157,0.43984157,0.8615469,-0.9455999
49.505,10.7412,-1.3215,0.2227,0.0,0.0,2.0,1.0,-0.9262791,0.44161308,0.44161308,0.86936426,-0.94308513,1.0,-0.9262791,0.44161308,0.44161308,0.86936426,-0.94308513
49.555,10.7217,-1.3188,0.2231,0.0,0.0,2.0,1.0,-0.8761316,0.43425775,0.43425775,0.82780993,-0.95167834,1.0,-0.8761316,0.43425775,0.43425775,0.82780993,-0.95167834
49.605,10.6925,-1.3148,0.2236,0.0,0.0,2.0,1.0,-0.8859926,0.43589267,0.43589267,0.8352564,-0.94926375,1.0,-0.8859926,0.43589267,0.43589267,0.8352564,-0.94926375
49.655,10.6731,-1.3120,0.2239,0.0,0.0,2.0,1.0,-0.8402265,0.42966187,0.42966187,0.79734665,-0.9571202,1.0,-0.8402265,0.42966187,0.42966187,0.79734665,-0.9571202
49.707,10.6439,-1.3079,0.2242,0.0,0.0,2.0,1.0,-0.8924027,0.4058883,0.4058883,0.8273627,-0.93496,1.0,-0.8924027,0.4058883,0.4058883,0.8273627,-0.93496
49.757,10.6244,-1.3051,0.2243,0.0,0.0,2.0,1.0,-0.8055677,0.41218713,0.41218713,0.7673167,-0.961749,1.0,-0.8055677,0.41218713,0.41218713,0.7673167,-0.961749
49.816,10.5954,-1.3008,0.2244,0.0,0.0,2.0,1.0,-0.810271,0.4138173,0.4138173,0.7706487,-0.9603777,1.0,-0.810271,0.4138173,0.4138173,0.7706487,-0.9603777
49.863,10.5760,-1.2979,0.2244,0.0,0.0,2.0,1.0,-0.7736618,0.4109333,0.4109333,0.7403346,-0.9666728,1.0,-0.7736618,0.4109333,0.4109333,0.7403346,-0.9666728
49.915,10.5471,-1.2934,0.2242,0.0,0.0,2.0,1.0,-0.78272146,0.41325215,0.41325215,0.74718094,-0.9644595,1.0,-0.78272146,0.41325215,0.41325215,0.74718094,-0.9644595
49.965,10.5279,-1.2904,0.2240,0.0,0.0,2.0,1.0,-0.74765825,0.41094702,0.41094702,0.7182151,-0.9705569,1.0,-0.74765825,0.41094702,0.41094702,0.7182151,-0.9705569
50.015,10.4992,-1.2858,0.2237,0.0,0.0,2.0,1.0,-0.7565067,0.4130964,0.4130964,0.72491324,-0.96840656,1.0,-0.7565067,0.4130964,0.4130964,0.72491324,-0.96840656
50.065,10.4801,-1.2827,0.2234,0.0,0.0,2.0,1.0,-0.7257032,0.41161916,0.41161916,0.6994747,-0.97377145,1.0,-0.7257032,0.41161916,0.41161916,0.6994747,-0.97377145
50.116,10.4516,-1.2780,0.2229,0.0,0.0,2.0,1.0,-0.73269194,0.41345146,0.41345146,0.70469284,-0.9720009,1.0,-0.73269194,0.41345146,0.41345146,0.70469284,-0.9720009
50.165,10.4327,-1.2748,0.2225,0.0,0.0,2.0,1.0,-0.7052007,0.41261092,0.41261092,0.6820052,-0.9768045,1.0,-0.7052007,0.41261092,0.41261092,0.6820052,-0.9768045
50.212,10.4044,-1.2700,0.2219,0.0,0.0,2.0,1.0,-0.7111588,0.41423392,0.41423392,0.68640995,-0.9752512,1.0,-0.7111588,0.41423392,0.41423392,0.68640995,-0.9752512
50.268,10.3856,-1.2667,0.2215,0.0,0.0,2.0,1.0,-0.6862563,0.41388792,0.41388792,0.6658795,-0.9796232,1.0,-0.6862563,0.41388792,0.41388792,0.6658795,-0.9796232
50.304,10.3574,-1.2618,0.2208,0.0,0.0,2.0,1.0,-0.6916292,0.41535848,0.41535848,0.6698259,-0.97819674,1.0,-0.6916292,0.41535848,0.41535848,0.6698259,-0.97819674
50.355,10.3387,-1.2585,0.2204,0.0,0.0,2.0,1.0,-0.6687084,0.4153108,0.4153108,0.6509548,-0.98224646,1.0,-0.6687084,0.4153108,0.4153108,0.6509548,-0.98224646
50.405,10.3108,-1.2535,0.2197,0.0,0.0,2.0,1.0,-0.673394,0.41555676,0.41555676,0.6543596,-0.98096555,1.0,-0.673394,0.41555676,0.41555676,0.6543596,-0.98096555
50.455,10.2922,-1.2502,0.2193,0.0,0.0,2.0,1.0,-0.6527448,0.41490832,0.41490832,0.6374286,-0.98468375,1.0,-0.6527448,0.41490832,0.41490832,0.6374286,-0.98468375
50.505,10.2644,-1.2451,0.2187,0.0,0.0,2.0,1.0,-0.6573713,0.41516307,0.41516307,0.6408849,-0.9835136,1.0,-0.6573713,0.41516307,0.41516307,0.6408849,-0.9835136
50.555,10.2460,-1.2417,0.2184,0.0,0.0,2.0,1.0,-0.63848555,0.41481152,0.41481152,0.6254577,-0.98697215,1.0,-0.63848555,0.41481152,0.41481152,0.6254577,-0.98697215
50.605,10.2184,-1.2366,0.2179,0.0,0.0,2.0,1.0,-0.6426117,0.41498128,0.41498128,0.6285235,-0.98591185,1.0,-0.6426117,0.41498128,0.41498128,0.6285235,-0.98591185
50.655,10.2000,-1.2331,0.2176,0.0,0.0,2.0,1.0,-0.6250028,0.41483057,0.41483057,0.61417186,-0.98916906,1.0,-0.6250028,0.41483057,0.41483057,0.61417186,-0.98916906
50.706,10.1725,-1.2279,0.2172,0.0,0.0,2.0,1.0,-0.65133584,0.38871598,0.38871598,0.63247406,-0.9811383,1.0,-0.65133584,0.38871598,0.38871598,0.63247406,-0.9811383
50.755,10.1543,-1.2245,0.2169,0.0,0.0,2.0,1.0,-0.6161819,0.40334803,0.40334803,0.6074023,-0.9912204,1.0,-0.6161819,0.40334803,0.40334803,0.6074023,-0.9912204
50.805,10.1269,-1.2193,0.2166,0.0,0.0,2.0,1.0,-0.6191125,0.40406278,0.40406278,0.6094717,-0.9903592,1.0,-0.6191125,0.40406278,0.40406278,0.6094717,-0.9903592
50.855,10.1087,-1.2158,0.2165,0.0,0.0,2.0,1.0,-0.6029013,0.40515062,0.40515062,0.59621626,-0.9933149,1.0,-0.6029013,0.40515062,0.40515062,0.59621626,-0.9933149
50.906,10.0815,-1.2106,0.2163,0.0,0.0,2.0,1.0,-0.60595906,0.4061211,0.4061211,0.59833395,-0.9923749,1.0,-0.60595906,0.4061211,0.4061211,0.59833395,-0.9923749
50.954,10.0634,-1.2071,0.2162,0.0,0.0,2.0,1.0,-0.5910444,0.40734595,0.40734595,0.58615124,-0.9951068,1.0,-0.5910444,0.40734595,0.40734595,0.58615124,-0.9951068
51.005,10.0363,-1.2018,0.2162,0.0,0.0,2.0,1.0,-0.5936338,0.4082805,0.4082805,0.58790183,-0.99426806,1.0,-0.5936338,0.4082805,0.4082805,0.58790183,-0.99426806
51.055,10.0183,-1.1983,0.2162,0.0,0.0,2.0,1.0,-0.5797427,0.40961918,0.40961918,0.57657313,-0.99683046,1.0,-0.5797427,0.40961918,0.40961918,0.57657313,-0.99683046
51.105,9.9913,-1.1930,0.2163,0.0,0.0,2.0,1.0,-0.5821866,0.41051906,0.41051906,0.5782105,-0.99602395,1.0,-0.5821866,0.41051906,0.41051906,0.5782105,-0.99602395
51.155,9.9734,-1.1895,0.2164,0.0,0.0,2.0,1.0,-0.5697719,0.4121196,0.4121196,0.5682096,-0.9984377,1.0,-0.5697719,0.4121196,0.4121196,0.5682096,-0.9984377
51.205,9.9466,-1.1842,0.2166,0.0,0.0,2.0,1.0,-0.5726486,0.41314992,0.41314992,0.57031655,-0.99766797,1.0,-0.5726486,0.41314992,0.41314992,0.57031655,-0.99766797
51.255,9.9287,-1.1807,0.2167,0.0,0.0,2.0,1.0,-0.5611849,0.4148708,0.4148708,0.56111133,-0.9999265,1.0,-0.5611849,0.4148708,0.4148708,0.56111133,-0.9999265
51.305,9.9020,-1.1754,0.2170,0.0,0.0,2.0,1.0,-0.5638114,0.41588312,0.41588312,0.5630259,-0.9992145,1.0,-0.5638114,0.41588312,0.41588312,0.5630259,-0.9992145
51.355,9.8842,-1.1719,0.2172,0.0,0.0,2.0,0.9986678,-0.5524446,0.41704074,0.41704074,0.5537768,-1.0,0.9986678,-0.5524446,0.41704074,0.41704074,0.5537768,-1.0
51.405,9.8576,-1.1666,0.2175,0.0,0.0,2.0,0.9993284,-0.5552201,0.41722792,0.41722792,0.5558918,-1.0,0.9993284,-0.5552201,0.41722792,0.41722792,0.5558918,-1.0
51.455,9.8399,-1.1630,0.2177,0.0,0.0,2.0,0.99735516,-0.5443376,0.4172503,0.4172503,0.5469824,-1.0,0.99735516,-0.5443376,0.4172503,0.4172503,0.5469824,-1.0
51.505,9.8134,-1.1578,0.2180,0.0,0.0,2.0,0.9979813,-0.5469489,0.41740376,0.41740376,0.5489676,-1.0,0.9979813,-0.5469489,0.41740376,0.41740376,0.5489676,-1.0
51.555,9.7958,-1.1543,0.2182,0.0,0.0,2.0,0.9961188,-0.5367975,0.41757864,0.41757864,0.54067874,-1.0,0.9961188,-0.5367975,0.41757864,0.41757864,0.54067874,-1.0
51.605,9.7694,-1.1490,0.2185,0.0,0.0,2.0,0.9966782,-0.5390817,0.41769955,0.41769955,0.5424036,-1.0,0.9966782,-0.5390817,0.41769955,0.41769955,0.5424036,-1.0
51.655,9.7519,-1.1455,0.2187,0.0,0.0,2.0,0.9949222,-0.5296221,0.41802043,0.41802043,0.53469986,-1.0,0.9949222,-0.5296221,0.41802043,0.41802043,0.53469986,-1.0
51.705,9.7256,-1.1403,0.2190,0.0,0.0,2.0,0.99688834,-0.54445064,0.39196217,0.39196217,0.5475623,-1.0,0.99688834,-0.54445064,0.39196217,0.39196217,0.5475623,-1.0
51.755,9.7081,-1.1368,0.2192,0.0,0.0,2.0,0.9937529,-0.5260954,0.40687934,0.40687934,0.5323425,-1.0,0.9937529,-0.5260954,0.40687934,0.40687934,0.5323425,-1.0
51.805,9.6820,-1.1316,0.2193,0.0,0.0,2.0,0.994245,-0.52771807,0.40753353,0.40753353,0.533473,-1.0,0.994245,-0.52771807,0.40753353,0.40753353,0.533473,-1.0
51.855,9.6645,-1.1281,0.2194,0.0,0.0,2.0,0.99260896,-0.51843613,0.40901935,0.40901935,0.52582717,-1.0,0.99260896,-0.51843613,0.40901935,0.40901935,0.52582717,-1.0
51.906,9.6385,-1.1229,0.2195,0.0,0.0,2.0,0.99309546,-0.5196854,0.4099621,0.4099621,0.52659,-1.0,0.99309546,-0.5196854,0.4099621,0.4099621,0.52659,-1.0
51.955,9.6211,-1.1195,0.2196,0.0,0.0,2.0,0.9915235,-0.51082027,0.41156164,0.41156164,0.51929677,-1.0,0.9915235,-0.51082027,0.41156164,0.41156164,0.51929677,-1.0
52.005,9.5951,-1.1143,0.2196,0.0,0.0,2.0,0.9919701,-0.5118702,0.4124725,0.4124725,0.5199001,-1.0,0.9919701,-0.5118702,0.4124725,0.4124725,0.5199001,-1.0
52.054,9.5778,-1.1109,0.2196,0.0,0.0,2.0,0.9904407,-0.5036477,0.41425815,0.41425815,0.51320696,-1.0,0.9904407,-0.5036477,0.41425815,0.41425815,0.51320696,-1.0
52.105,9.5518,-1.1057,0.2196,0.0,0.0,2.0,0.990869,-0.5052846,0.41532147,0.41532147,0.5144156,-1.0,0.990869,-0.5052846,0.41532147,0.41532147,0.5144156,-1.0
52.155,9.5346,-1.1023,0.2195,0.0,0.0,2.0,0.9893782,-0.49769497,0.41728985,0.41728985,0.50831676,-1.0,0.9893782,-0.49769497,0.41728985,0.41728985,0.50831676,-1.0
52.206,9.5087,-1.0971,0.2195,0.0,0.0,2.0,0.9897863,-0.49923086,0.4183321,0.4183321,0.50944453,-1.0,0.9897863,-0.49923086,0.4183321,0.4183321,0.50944453,-1.0
52.255,9.4915,-1.0937,0.2194,0.0,0.0,2.0,0.9883386,-0.49193883,0.42037866,0.42037866,0.50360024,-1.0,0.9883386,-0.49193883,0.42037866,0.42037866,0.50360024,-1.0
52.305,9.4656,-1.0885,0.2193,0.0,0.0,2.0,0.9887246,-0.49336612,0.421408,0.421408,0.50464153,-1.0,0.9887246,-0.49336612,0.421408,0.421408,0.50464153,-1.0
52.356,9.4485,-1.0851,0.2192,0.0,0.0,2.0,0.98728675,-0.48621413,0.4234114,0.4234114,0.4989274,-1.0,0.98728675,-0.48621413,0.4234114,0.4234114,0.4989274,-1.0
52.406,9.4227,-1.0799,0.2191,0.0,0.0,2.0,0.9876884,-0.4877056,0.42330796,0.42330796,0.50001717,-1.0,0.9876884,-0.4877056,0.42330796,0.42330796,0.50001717,-1.0
52.456,9.4055,-1.0765,0.2190,0.0,0.0,2.0,0.98628217,-0.48079208,0.4243855,0.4243855,0.4945099,-1.0,0.98628217,-0.48079208,0.4243855,0.4243855,0.4945099,-1.0
52.505,9.3798,-1.0713,0.2189,0.0,0.0,2.0,0.9866635,-0.48218924,0.42428163,0.42428163,0.4955257,-1.0,0.9866635,-0.48218924,0.42428163,0.42428163,0.4955257,-1.0
52.556,9.3627,-1.0679,0.2189,0.0,0.0,2.0,0.9853058,-0.47558916,0.4254026,0.4254026,0.49028337,-1.0,0.9853058,-0.47558916,0.4254026,0.4254026,0.49028337,-1.0
52.606,9.3370,-1.0628,0.2188,0.0,0.0,2.0,0.98567015,-0.4769062,0.4252938,0.4252938,0.4912361,-1.0,0.98567015,-0.4769062,0.4252938,0.4252938,0.4912361,-1.0
52.657,9.3199,-1.0593,0.2187,0.0,0.0,2.0,0.98434186,-0.47053397,0.42647308,0.42647308,0.4861921,-1.0,0.98434186,-0.47053397,0.42647308,0.42647308,0.4861921,-1.0
52.705,9.2943,-1.0542,0.2186,0.0,0.0,2.0,0.9832262,-0.4792707,0.3983628,0.3983628,0.49604452,-1.0,0.9832262,-0.4792707,0.3983628,0.3983628,0.49604452,-1.0
52.756,9.2773,-1.0508,0.2185,0.0,0.0,2.0,0.98337036,-0.46878114,0.41572952,0.41572952,0.48541078,-1.0,0.98337036,-0.46878114,0.41572952,0.41572952,0.48541078,-1.0
52.806,9.2517,-1.0457,0.2184,0.0,0.0,2.0,0.98376083,-0.46991345,0.41613144,0.41613144,0.4861526,-1.0,0.98376083,-0.46991345,0.41613144,0.41613144,0.4861526,-1.0
52.856,9.2346,-1.0423,0.2184,0.0,0.0,2.0,0.9825174,-0.46337318,0.41833606,0.41833606,0.48085576,-1.0,0.9825174,-0.46337318,0.41833606,0.41833606,0.48085576,-1.0
52.905,9.2091,-1.0372,0.2183,0.0,0.0,2.0,0.98286843,-0.46388435,0.419104,0.419104,0.4810159,-1.0,0.98286843,-0.46388435,0.419104,0.419104,0.4810159,-1.0
52.956,9.1921,-1.0339,0.2182,0.0,0.0,2.0,0.98166454,-0.4576,0.42136303,0.42136303,0.47593546,-1.0,0.98166454,-0.4576,0.42136303,0.42136303,0.47593546,-1.0
53.005,9.1666,-1.0288,0.2181,0.0,0.0,2.0,0.9820196,-0.4581314,0.42211884,0.42211884,0.47611177,-1.0,0.9820196,-0.4581314,0.42211884,0.42211884,0.47611177,-1.0
53.057,9.1496,-1.0254,0.2181,0.0,0.0,2.0,0.98083586,-0.45277017,0.42465028,0.42465028,0.47193435,-1.0,0.98083586,-0.45277017,0.42465028,0.42465028,0.47193435,-1.0
53.106,9.1241,-1.0203,0.2181,0.0,0.0,2.0,0.98117083,-0.45394552,0.4255952,0.4255952,0.47277468,-1.0,0.98117083,-0.45394552,0.4255952,0.4255952,0.47277468,-1.0
53.156,9.1071,-1.0170,0.2180,0.0,0.0,2.0,0.98003966,-0.4489049,0.4281767,0.4281767,0.46886522,-1.0,0.98003966,-0.4489049,0.4281767,0.4281767,0.46886522,-1.0
53.207,9.0817,-1.0119,0.2180,0.0,0.0,2.0,0.98036224,-0.45002523,0.42911574,0.42911574,0.469663,-1.0,0.98036224,-0.45002523,0.42911574,0.42911574,0.469663,-1.0
53.258,9.0647,-1.0086,0.2181,0.0,0.0,2.0,0.97926617,-0.44523016,0.43175852,0.43175852,0.465964,-1.0,0.97926617,-0.44523016,0.43175852,0.43175852,0.465964,-1.0
53.315,9.0393,-1.0036,0.2181,0.0,0.0,2.0,0.979586,-0.44633585,0.4326803,0.4326803,0.46674982,-1.0,0.979586,-0.44633585,0.4326803,0.4326803,0.46674982,-1.0
53.356,9.0224,-1.0002,0.2182,0.0,0.0,2.0,0.9785364,-0.44182917,0.43526512,0.43526512,0.46329275,-1.0,0.9785364,-0.44182917,0.43526512,0.43526512,0.46329275,-1.0
53.407,8.9971,-0.9952,0.2183,0.0,0.0,2.0,0.97884595,-0.44288746,0.43504515,0.43504515,0.4640415,-1.0,0.97884595,-0.44288746,0.43504515,0.43504515,0.4640415,-1.0
53.465,8.9802,-0.9919,0.2183,0.0,0.0,2.0,0.97783583,-0.43863788,0.43665993,0.43665993,0.46080202,-1.0,0.97783583,-0.43863788,0.43665993,0.43665993,0.46080202,-1.0
53.512,8.9548,-0.9869,0.2185,0.0,0.0,2.0,0.9781264,-0.43961447,0.43643898,0.43643898,0.46148807,-1.0,0.9781264,-0.43961447,0.43643898,0.43643898,0.46148807,-1.0
53.565,8.9380,-0.9836,0.2186,0.0,0.0,2.0,0.9771658,-0.43565345,0.43808487,0.43808487,0.4584876,-1.0,0.9771658,-0.43565345,0.43808487,0.43808487,0.4584876,-1.0
53.612,8.9127,-0.9787,0.2187,0.0,0.0,2.0,0.9774446,-0.43657714,0.43785492,0.43785492,0.45913252,-1.0,0.9774446,-0.43657714,0.43785492,0.43785492,0.45913252,-1.0
53.665,8.8959,-0.9754,0.2189,0.0,0.0,2.0,0.9765076,-0.43279853,0.4395696,0.4395696,0.45629096,-1.0,0.9765076,-0.43279853,0.4395696,0.4395696,0.45629096,-1.0
53.715,8.8706,-0.9704,0.2190,0.0,0.0,2.0,0.97305113,-0.43698055,0.4097911,0.4097911,0.46392944,-1.0,0.97305113,-0.43698055,0.4097911,0.4097911,0.46392944,-1.0
53.765,8.8538,-0.9672,0.2191,0.0,0.0,2.0,0.97581625,-0.4330992,0.4289364,0.4289364,0.457283,-1.0,0.97581625,-0.4330992,0.4289364,0.4289364,0.457283,-1.0
53.813,8.8286,-0.9623,0.2193,0.0,0.0,2.0,0.97612923,-0.43390387,0.42918822,0.42918822,0.45777464,-1.0,0.97612923,-0.43390387,0.42918822,0.42918822,0.45777464,-1.0
53.866,8.8118,-0.9590,0.2194,0.0,0.0,2.0,0.97528046,-0.42987695,0.43192425,0.43192425,0.45459646,-1.0,0.97528046,-0.42987695,0.43192425,0.43192425,0.45459646,-1.0
53.906,8.7867,-0.9542,0.2195,0.0,0.0,2.0,0.9755295,-0.42987937,0.4325955,0.4325955,0.4543499,-1.0,0.9755295,-0.42987937,0.4325955,0.4325955,0.4543499,-1.0
53.955,8.7699,-0.9509,0.2195,0.0,0.0,2.0,0.9747053,-0.4259929,0.4353814,0.4353814,0.4512876,-1.0,0.9747053,-0.4259929,0.4353814,0.4353814,0.4512876,-1.0
54.005,8.7448,-0.9461,0.2196,0.0,0.0,2.0,0.9749369,-0.4260755,0.43609667,0.43609667,0.4511386,-1.0,0.9749369,-0.4260755,0.43609667,0.43609667,0.4511386,-1.0
54.055,8.7280,-0.9429,0.2197,0.0,0.0,2.0,0.9741217,-0.42305112,0.43915522,0.43915522,0.44892946,-1.0,0.9741217,-0.42305112,0.43915522,0.43915522,0.44892946,-1.0
54.105,8.7029,-0.9380,0.2198,0.0,0.0,2.0,0.9743398,-0.42370588,0.44004208,0.44004208,0.4493661,-1.0,0.9743398,-0.42370588,0.44004208,0.44004208,0.4493661,-1.0
54.155,8.6862,-0.9348,0.2198,0.0,0.0,2.0,0.9735421,-0.42080724,0.44316307,0.44316307,0.44726515,-1.0,0.9735421,-0.42080724,0.44316307,0.44316307,0.44726515,-1.0
54.205,8.6611,-0.9300,0.2199,0.0,0.0,2.0,0.97375685,-0.4214445,0.4440405,0.4440405,0.44768766,-1.0,0.97375685,-0.4214445,0.4440405,0.4440405,0.44768766,-1.0
54.262,8.6444,-0.9268,0.2200,0.0,0.0,2.0,0.97297406,-0.4186618,0.44722614,0.44722614,0.4456877,-1.0,0.97297406,-0.4186618,0.44722614,0.44722614,0.4456877,-1.0
54.316,8.6193,-0.9220,0.2201,0.0,0.0,2.0,0.97318214,-0.41927025,0.44809413,0.44809413,0.44608808,-1.0,0.97318214,-0.41927025,0.44809413,0.44809413,0.44608808,-1.0
54.362,8.6026,-0.9188,0.2201,0.0,0.0,2.0,0.97242796,-0.41664726,0.45120308,0.45120308,0.4442193,-1.0,0.97242796,-0.41664726,0.45120308,0.45120308,0.4442193,-1.0
54.415,8.5776,-0.9141,0.2202,0.0,0.0,2.0,0.9726279,-0.4172217,0.45090207,0.45090207,0.44459382,-1.0,0.9726279,-0.4172217,0.45090207,0.45090207,0.44459382,-1.0
54.456,8.5609,-0.9109,0.2203,0.0,0.0,2.0,0.9718877,-0.4147085,0.45299795,0.45299795,0.44282076,-1.0,0.9718877,-0.4147085,0.45299795,0.45299795,0.44282076,-1.0
54.505,8.5359,-0.9061,0.2203,0.0,0.0,2.0,0.9720826,-0.41525748,0.45268458,0.45268458,0.4431749,-1.0,0.9720826,-0.41525748,0.45268458,0.45268458,0.4431749,-1.0
54.556,8.5192,-0.9030,0.2204,0.0,0.0,2.0,0.9713565,-0.4128526,0.45483008,0.45483008,0.44149604,-1.0,0.9713565,-0.4128526,0.45483008,0.45483008,0.44149604,-1.0
54.605,8.4943,-0.8982,0.2205,0.0,0.0,2.0,0.9715483,-0.41338858,0.4545118,0.4545118,0.4418403,-1.0,0.9715483,-0.41338858,0.4545118,0.4545118,0.4418403,-1.0
54.656,8.4776,-0.8951,0.2206,0.0,0.0,2.0,0.9708407,-0.4111055,0.45669708,0.45669708,0.4402648,-1.0,0.9708407,-0.4111055,0.45669708,0.45669708,0.4402648,-1.0
54.705,8.4526,-0.8904,0.2206,0.0,0.0,2.0,0.9657721,-0.41253895,0.42509356,0.42509356,0.44676688,-1.0,0.9657721,-0.41253895,0.42509356,0.42509356,0.44676688,-1.0
54.756,8.4360,-0.8872,0.2207,0.0,0.0,2.0,0.97026765,-0.41248405,0.44609055,0.44609055,0.4422164,-1.0,0.97026765,-0.41248405,0.44609055,0.44609055,0.4422164,-1.0
54.805,8.4111,-0.8825,0.2207,0.0,0.0,2.0,0.97052383,-0.41309282,0.44621933,0.44621933,0.442569,-1.0,0.97052383,-0.41309282,0.44621933,0.44621933,0.442569,-1.0
54.856,8.3944,-0.8794,0.2207,0.0,0.0,2.0,0.9698939,-0.4104259,0.4494275,0.4494275,0.44053203,-1.0,0.9698939,-0.4104259,0.4494275,0.4494275,0.44053203,-1.0
54.906,8.3695,-0.8748,0.2207,0.0,0.0,2.0,0.9700563,-0.41004506,0.45006967,0.45006967,0.4399888,-1.0,0.9700563,-0.41004506,0.45006967,0.45006967,0.4399888,-1.0
54.955,8.3529,-0.8717,0.2207,0.0,0.0,2.0,0.9694216,-0.40739545,0.45334187,0.45334187,0.43797383,-1.0,0.9694216,-0.40739545,0.45334187,0.45334187,0.43797383,-1.0
55.006,8.3280,-0.8670,0.2207,0.0,0.0,2.0,0.96960026,-0.40715563,0.45396778,0.45396778,0.43755537,-1.0,0.96960026,-0.40715563,0.45396778,0.45396778,0.43755537,-1.0
55.055,8.3114,-0.8639,0.2208,0.0,0.0,2.0,0.9689484,-0.40527567,0.45755157,0.45755157,0.43632728,-1.0,0.9689484,-0.40527567,0.45755157,0.45755157,0.43632728,-1.0
55.112,8.2865,-0.8593,0.2208,0.0,0.0,2.0,0.96912134,-0.405706,0.45836335,0.45836335,0.43658465,-1.0,0.96912134,-0.405706,0.45836335,0.45836335,0.43658465,-1.0
55.166,8.2699,-0.8562,0.2208,0.0,0.0,2.0,0.96846706,-0.40387097,0.46203265,0.46203265,0.43540388,-1.0,0.96846706,-0.40387097,0.46203265,0.46203265,0.43540388,-1.0
55.212,8.2450,-0.8516,0.2208,0.0,0.0,2.0,0.968651,-0.404328,0.4628028,0.4628028,0.435677,-1.0,0.968651,-0.404328,0.4628028,0.4628028,0.435677,-1.0
55.265,8.2284,-0.8485,0.2208,0.0,0.0,2.0,0.9680201,-0.40261272,0.4665017,0.4665017,0.43459263,-1.0,0.9680201,-0.40261272,0.4665017,0.4665017,0.43459263,-1.0
55.312,8.2035,-0.8439,0.2209,0.0,0.0,2.0,0.9681831,-0.40300828,0.467319,0.467319,0.43482515,-1.0,0.9681831,-0.40300828,0.467319,0.467319,0.43482515,-1.0
55.365,8.1870,-0.8408,0.2209,0.0,0.0,2.0,0.9675706,-0.40140355,0.47094318,0.47094318,0.43383297,-1.0,0.9675706,-0.40140355,0.47094318,0.47094318,0.43383297,-1.0
55.415,8.1621,-0.8362,0.2210,0.0,0.0,2.0,0.9677331,-0.40179625,0.47052646,0.47052646,0.43406314,-1.0,0.9677331,-0.40179625,0.47052646,0.47052646,0.43406314,-1.0
55.463,8.1455,-0.8332,0.2211,0.0,0.0,2.0,0.9671517,-0.40033767,0.47302803,0.47302803,0.433186,-1.0,0.9671517,-0.40033767,0.47302803,0.47302803,0.433186,-1.0
55.505,8.1207,-0.8286,0.2212,0.0,0.0,2.0,0.9673016,-0.40069324,0.47264102,0.47264102,0.43339163,-1.0,0.9673016,-0.40069324,0.47264102,0.47264102,0.43339163,-1.0
55.555,8.1041,-0.8255,0.2213,0.0,0.0,2.0,0.9667347,-0.39934194,0.47519684,0.47519684,0.43260723,-1.0,0.9667347,-0.39934194,0.47519684,0.47519684,0.43260723,-1.0
55.605,8.0793,-0.8210,0.2214,0.0,0.0,2.0,0.96688557,-0.39969152,0.47478274,0.47478274,0.43280596,-1.0,0.96688557,-0.39969152,0.47478274,0.47478274,0.43280596,-1.0
55.655,8.0628,-0.8179,0.2215,0.0,0.0,2.0,0.96633893,-0.39845634,0.4773647,0.4773647,0.4321174,-1.0,0.96633893,-0.39845634,0.4773647,0.4773647,0.4321174,-1.0
55.705,8.0380,-0.8134,0.2216,0.0,0.0,2.0,0.96003604,-0.39799327,0.44389728,0.44389728,0.4379572,-1.0,0.96003604,-0.39799327,0.44389728,0.44389728,0.4379572,-1.0
55.754,8.0215,-0.8104,0.2217,0.0,0.0,2.0,0.9658602,-0.40075636,0.46666187,0.46666187,0.43489617,-1.0,0.9658602,-0.40075636,0.46666187,0.46666187,0.43489617,-1.0
55.805,7.9967,-0.8059,0.2218,0.0,0.0,2.0,0.96609277,-0.4012556,0.46670824,0.46670824,0.43516284,-1.0,0.96609277,-0.4012556,0.46670824,0.46670824,0.43516284,-1.0
55.855,7.9802,-0.8029,0.2219,0.0,0.0,2.0,0.96563363,-0.39971215,0.47030336,0.47030336,0.43407848,-1.0,0.96563363,-0.39971215,0.47030336,0.47030336,0.43407848,-1.0
55.905,7.9555,-0.7984,0.2220,0.0,0.0,2.0,0.96575516,-0.39913815,0.47089735,0.47089735,0.433383,-1.0,0.96575516,-0.39913815,0.47089735,0.47089735,0.433383,-1.0
55.955,7.9390,-0.7954,0.2220,0.0,0.0,2.0,0.9652885,-0.39753485,0.47461814,0.47461814,0.43224633,-1.0,0.9652885,-0.39753485,0.47461814,0.47461814,0.43224633,-1.0
56.005,7.9142,-0.7909,0.2221,0.0,0.0,2.0,0.9654259,-0.39699197,0.47516173,0.47516173,0.43156606,-1.0,0.9654259,-0.39699197,0.47516173,0.47516173,0.43156606,-1.0
56.055,7.8977,-0.7880,0.2222,0.0,0.0,2.0,0.9649382,-0.39609465,0.47921476,0.47921476,0.4311564,-1.0,0.9649382,-0.39609465,0.47921476,0.47921476,0.4311564,-1.0
56.105,7.8730,-0.7835,0.2223,0.0,0.0,2.0,0.96505994,-0.39630574,0.47999176,0.47999176,0.4312458,-1.0,0.96505994,-0.39630574,0.47999176,0.47999176,0.4312458,-1.0
56.155,7.8565,-0.7805,0.2223,0.0,0.0,2.0,0.96458685,-0.39554188,0.48409218,0.48409218,0.43095502,-1.0,0.96458685,-0.39554188,0.48409218,0.48409218,0.43095502,-1.0
56.205,7.8318,-0.7761,0.2225,0.0,0.0,2.0,0.96470207,-0.39574236,0.484895,0.484895,0.43104032,-1.0,0.96470207,-0.39574236,0.484895,0.484895,0.43104032,-1.0
56.255,7.8153,-0.7731,0.2225,0.0,0.0,2.0,0.9642516,-0.39507216,0.48900533,0.48900533,0.43082058,-1.0,0.9642516,-0.39507216,0.48900533,0.48900533,0.43082058,-1.0
56.305,7.7906,-0.7687,0.2227,0.0,0.0,2.0,0.9643551,-0.3952511,0.48985595,0.48985595,0.43089598,-1.0,0.9643551,-0.3952511,0.48985595,0.48985595,0.43089598,-1.0
56.355,7.7742,-0.7658,0.2228,0.0,0.0,2.0,0.96391857,-0.39466348,0.4939085,0.4939085,0.43074492,-1.0,0.96391857,-0.39466348,0.4939085,0.4939085,0.43074492,-1.0
56.405,7.7495,-0.7614,0.2229,0.0,0.0,2.0,0.964023,-0.39483726,0.4934598,0.4934598,0.43081427,-1.0,0.964023,-0.39483726,0.4934598,0.4934598,0.43081427,-1.0
56.457,7.7330,-0.7584,0.2230,0.0,0.0,2.0,0.9636008,-0.39433664,0.4963661,0.4963661,0.43073583,-1.0,0.9636008,-0.39433664,0.4963661,0.4963661,0.43073583,-1.0
56.505,7.7084,-0.7540,0.2232,0.0,0.0,2.0,0.9637167,-0.39451528,0.4958176,0.4958176,0.43079856,-1.0,0.9637167,-0.39451528,0.4958176,0.4958176,0.43079856,-1.0
56.555,7.6919,-0.7511,0.2233,0.0,0.0,2.0,0.9632678,-0.3940533,0.49903005,0.49903005,0.4307855,-1.0,0.9632678,-0.3940533,0.49903005,0.49903005,0.4307855,-1.0
56.605,7.6673,-0.7467,0.2235,0.0,0.0,2.0,0.9633899,-0.39422587,0.49840623,0.49840623,0.430836,-1.0,0.9633899,-0.39422587,0.49840623,0.49840623,0.430836,-1.0
56.655,7.6509,-0.7438,0.2237,0.0,0.0,2.0,0.9629954,-0.39389303,0.50139344,0.50139344,0.4308976,-1.0,0.9629954,-0.39389303,0.50139344,0.50139344,0.4308976,-1.0
56.705,7.6263,-0.7395,0.2238,0.0,0.0,2.0,0.9557234,-0.39192733,0.46590596,0.46590596,0.43620396,-1.0,0.9557234,-0.39192733,0.46590596,0.46590596,0.43620396,-1.0
56.755,7.6099,-0.7366,0.2239,0.0,0.0,2.0,0.9625929,-0.39701647,0.49056867,0.49056867,0.43442357,-1.0,0.9625929,-0.39701647,0.49056867,0.49056867,0.43442357,-1.0
56.805,7.5853,-0.7322,0.2241,0.0,0.0,2.0,0.96279347,-0.39735764,0.4905636,0.4905636,0.43456417,-1.0,0.96279347,-0.39735764,0.4905636,0.4905636,0.43456417,-1.0
56.855,7.5689,-0.7294,0.2242,0.0,0.0,2.0,0.96248394,-0.39677024,0.49454644,0.49454644,0.43428633,-1.0,0.96248394,-0.39677024,0.49454644,0.49454644,0.43428633,-1.0
56.905,7.5443,-0.7250,0.2243,0.0,0.0,2.0,0.9625604,-0.39600152,0.4951016,0.4951016,0.4334411,-1.0,0.9625604,-0.39600152,0.4951016,0.4951016,0.4334411,-1.0
56.958,7.5279,-0.7222,0.2244,0.0,0.0,2.0,0.96222633,-0.39519504,0.4993207,0.4993207,0.4329687,-1.0,0.96222633,-0.39519504,0.4993207,0.4993207,0.4329687,-1.0
57.008,7.5034,-0.7179,0.2245,0.0,0.0,2.0,0.9623301,-0.3944265,0.49975568,0.49975568,0.43209642,-1.0,0.9623301,-0.3944265,0.49975568,0.49975568,0.43209642,-1.0
57.057,7.4870,-0.7150,0.2245,0.0,0.0,2.0,0.9619377,-0.39407244,0.5045094,0.5045094,0.43213475,-1.0,0.9619377,-0.39407244,0.5045094,0.5045094,0.43213475,-1.0
57.116,7.4624,-0.7107,0.2247,0.0,0.0,2.0,0.962035,-0.39410055,0.5050683,0.5050683,0.43206555,-1.0,0.962035,-0.39410055,0.5050683,0.5050683,0.43206555,-1.0
57.162,7.4461,-0.7079,0.2247,0.0,0.0,2.0,0.96168107,-0.39404833,0.5096504,0.5096504,0.43236727,-1.0,0.96168107,-0.39404833,0.5096504,0.5096504,0.43236727,-1.0
57.215,7.4215,-0.7036,0.2249,0.0,0.0,2.0,0.96175486,-0.39408112,0.5104398,0.5104398,0.43232626,-1.0,0.96175486,-0.39408112,0.5104398,0.5104398,0.43232626,-1.0
57.262,7.4052,-0.7008,0.2249,0.0,0.0,2.0,0.9614048,-0.39406508,0.51508385,0.51508385,0.43266028,-1.0,0.9614048,-0.39406508,0.51508385,0.51508385,0.43266028,-1.0
57.315,7.3807,-0.6965,0.2251,0.0,0.0,2.0,0.961478,-0.39410046,0.51587903,0.51587903,0.4326225,-1.0,0.961478,-0.39410046,0.51587903,0.51587903,0.4326225,-1.0
57.365,7.3643,-0.6937,0.2252,0.0,0.0,2.0,0.96113575,-0.3941299,0.52047545,0.52047545,0.43299413,-1.0,0.96113575,-0.3941299,0.52047545,0.52047545,0.43299413,-1.0
57.413,7.3398,-0.6895,0.2254,0.0,0.0,2.0,0.96121013,-0.3941662,0.51990974,0.51990974,0.4329561,-1.0,0.96121013,-0.3941662,0.51990974,0.51990974,0.4329561,-1.0
57.465,7.3235,-0.6866,0.2255,0.0,0.0,2.0,0.96087646,-0.39425275,0.523284,0.523284,0.43337625,-1.0,0.96087646,-0.39425275,0.523284,0.523284,0.43337625,-1.0
57.515,7.2990,-0.6824,0.2257,0.0,0.0,2.0,0.9609489,-0.3942852,0.52272403,0.52272403,0.43333635,-1.0,0.9609489,-0.3942852,0.52272403,0.52272403,0.43333635,-1.0
57.555,7.2827,-0.6796,0.2259,0.0,0.0,2.0,0.96062785,-0.3944346,0.5261153,0.5261153,0.43380678,-1.0,0.96062785,-0.3944346,0.5261153,0.5261153,0.43380678,-1.0
57.605,7.2582,-0.6754,0.2261,0.0,0.0,2.0,0.96069825,-0.39445993,0.5255522,0.5255522,0.43376166,-1.0,0.96069825,-0.39445993,0.5255522,0.5255522,0.43376166,-1.0
57.655,7.2420,-0.6726,0.2262,0.0,0.0,2.0,0.9603884,-0.39467558,0.5289854,0.5289854,0.43428713,-1.0,0.9603884,-0.39467558,0.5289854,0.5289854,0.43428713,-1.0
57.705,7.2175,-0.6684,0.2265,0.0,0.0,2.0,0.9523707,-0.3917719,0.49120525,0.49120525,0.4394012,-1.0,0.9523707,-0.3917719,0.49120525,0.49120525,0.4394012,-1.0
57.755,7.2013,-0.6656,0.2266,0.0,0.0,2.0,0.960002,-0.39833108,0.5179113,0.5179113,0.4383291,-1.0,0.960002,-0.39833108,0.5179113,0.5179113,0.4383291,-1.0
57.805,7.1777,-0.6612,0.2266,0.0,0.0,2.0,0.96018684,-0.398583,0.51786625,0.51786625,0.43839616,-1.0,0.96018684,-0.398583,0.51786625,0.51786625,0.43839616,-1.0
57.855,7.1624,-0.6580,0.2265,0.0,0.0,2.0,0.9615653,-0.40553656,0.523736,0.523736,0.44397128,-1.0,0.9615653,-0.40553656,0.523736,0.523736,0.44397128,-1.0
57.905,7.1391,-0.6534,0.2265,0.0,0.0,2.0,0.9627973,-0.40993744,0.5254088,0.5254088,0.44714016,-1.0,0.9627973,-0.40993744,0.5254088,0.5254088,0.44714016,-1.0
57.955,7.1234,-0.6504,0.2265,0.0,0.0,2.0,0.963529,-0.41419974,0.5311339,0.5311339,0.45067078,-1.0,0.963529,-0.41419974,0.5311339,0.5311339,0.45067078,-1.0
58.005,7.0998,-0.6459,0.2265,0.0,0.0,2.0,0.9628441,-0.41059494,0.53103286,0.53103286,0.44775084,-1.0,0.9628441,-0.41059494,0.53103286,0.53103286,0.44775084,-1.0
58.055,7.0841,-0.6429,0.2265,0.0,0.0,2.0,0.9632673,-0.4134488,0.53649175,0.53649175,0.45018145,-1.0,0.9632673,-0.4134488,0.53649175,0.53649175,0.45018145,-1.0
58.105,7.0603,-0.6384,0.2266,0.0,0.0,2.0,0.9628349,-0.41162765,0.5369409,0.5369409,0.44879273,-1.0,0.9628349,-0.41162765,0.5369409,0.5369409,0.44879273,-1.0
58.155,7.0444,-0.6354,0.2267,0.0,0.0,2.0,0.96300775,-0.41411164,0.54247797,0.54247797,0.4511039,-1.0,0.96300775,-0.41411164,0.54247797,0.54247797,0.4511039,-1.0
58.205,7.0205,-0.6310,0.2268,0.0,0.0,2.0,0.96272874,-0.4128334,0.5430003,0.5430003,0.45010465,-1.0,0.96272874,-0.4128334,0.5430003,0.5430003,0.45010465,-1.0
58.255,7.0045,-0.6280,0.2269,0.0,0.0,2.0,0.96274114,-0.41459787,0.54843074,0.54843074,0.4518567,-1.0,0.96274114,-0.41459787,0.54843074,0.54843074,0.4518567,-1.0
58.305,6.9805,-0.6237,0.2272,0.0,0.0,2.0,0.9625693,-0.4137061,0.54902905,0.54902905,0.4511368,-1.0,0.9625693,-0.4137061,0.54902905,0.54902905,0.4511368,-1.0
58.355,6.9645,-0.6208,0.2273,0.0,0.0,2.0,0.962466,-0.41496667,0.5543481,0.5543481,0.45250064,-1.0,0.962466,-0.41496667,0.5543481,0.5543481,0.45250064,-1.0
58.405,6.9405,-0.6164,0.2276,0.0,0.0,2.0,0.9623669,-0.4143399,0.5535623,0.5535623,0.45197302,-1.0,0.9623669,-0.4143399,0.5535623,0.5535623,0.45197302,-1.0
58.455,6.9244,-0.6135,0.2278,0.0,0.0,2.0,0.96217823,-0.41521654,0.5573909,0.5573909,0.4530383,-1.0,0.96217823,-0.41521654,0.5573909,0.5573909,0.4530383,-1.0
58.505,6.9003,-0.6092,0.2282,0.0,0.0,2.0,0.9621294,-0.41478318,0.5566774,0.5566774,0.45265377,-1.0,0.9621294,-0.41478318,0.5566774,0.5566774,0.45265377,-1.0
58.555,6.8843,-0.6064,0.2285,0.0,0.0,2.0,0.9618771,-0.41539818,0.560478,0.560478,0.45352107,-1.0,0.9618771,-0.41539818,0.560478,0.560478,0.45352107,-1.0
58.605,6.8602,-0.6021,0.2289,0.0,0.0,2.0,0.9618665,-0.41508314,0.5597503,0.5597503,0.4532166,-1.0,0.9618665,-0.41508314,0.5597503,0.5597503,0.4532166,-1.0
58.654,6.8441,-0.5993,0.2292,0.0,0.0,2.0,0.9615709,-0.41551074,0.5635055,0.5635055,0.4539398,-1.0,0.9615709,-0.41551074,0.5635055,0.5635055,0.4539398,-1.0
58.705,6.8201,-0.5950,0.2296,0.0,0.0,2.0,0.953697,-0.4126074,0.52342117,0.52342117,0.45891038,-1.0,0.953697,-0.4126074,0.52342117,0.52342117,0.45891038,-1.0
58.755,6.8040,-0.5922,0.2298,0.0,0.0,2.0,0.9611218,-0.4194675,0.55197567,0.55197567,0.45834568,-1.0,0.9611218,-0.4194675,0.55197567,0.55197567,0.45834568,-1.0
58.805,6.7800,-0.5880,0.2302,0.0,0.0,2.0,0.9612816,-0.4195878,0.5518822,0.5518822,0.45830622,-1.0,0.9612816,-0.4195878,0.5518822,0.5518822,0.45830622,-1.0
58.854,6.7639,-0.5852,0.2305,0.0,0.0,2.0,0.9610255,-0.41975144,0.5565071,0.5565071,0.45872596,-1.0,0.9610255,-0.41975144,0.5565071,0.5565071,0.45872596,-1.0
58.905,6.7399,-0.5810,0.2308,0.0,0.0,2.0,0.961064,-0.41881058,0.5570194,0.5570194,0.45774662,-1.0,0.961064,-0.41881058,0.5570194,0.5570194,0.45774662,-1.0
58.954,6.7238,-0.5783,0.2311,0.0,0.0,2.0,0.960759,-0.41843602,0.56205416,0.56205416,0.45767704,-1.0,0.960759,-0.41843602,0.56205416,0.56205416,0.45767704,-1.0
59.005,6.6998,-0.5741,0.2315,0.0,0.0,2.0,0.9608197,-0.41760743,0.5626271,0.5626271,0.4567877,-1.0,0.9608197,-0.41760743,0.5626271,0.5626271,0.4567877,-1.0
59.055,6.6837,-0.5714,0.2317,0.0,0.0,2.0,0.96051794,-0.4172241,0.56769055,0.56769055,0.45670617,-1.0,0.96051794,-0.4172241,0.56769055,0.56769055,0.45670617,-1.0
59.105,6.6597,-0.5673,0.2321,0.0,0.0,2.0,0.96059257,-0.41668868,0.5683542,0.5683542,0.4560961,-1.0,0.96059257,-0.41668868,0.5683542,0.5683542,0.4560961,-1.0
59.155,6.6437,-0.5645,0.2323,0.0,0.0,2.0,0.9602855,-0.41711724,0.57384956,0.57384956,0.45683172,-1.0,0.9602855,-0.41711724,0.57384956,0.57384956,0.45683172,-1.0
59.205,6.6196,-0.5604,0.2327,0.0,0.0,2.0,0.9603567,-0.41711345,0.5747036,0.5747036,0.45675674,-1.0,0.9603567,-0.41711345,0.5747036,0.5747036,0.45675674,-1.0
59.255,6.6036,-0.5577,0.2330,0.0,0.0,2.0,0.9600864,-0.41769448,0.5802843,0.5802843,0.45760807,-1.0,0.9600864,-0.41769448,0.5802843,0.5802843,0.45760807,-1.0
59.305,6.5796,-0.5536,0.2334,0.0,0.0,2.0,0.96016294,-0.4177163,0.58113974,0.58113974,0.4575534,-1.0,0.96016294,-0.4177163,0.58113974,0.58113974,0.4575534,-1.0
59.355,6.5636,-0.5509,0.2336,0.0,0.0,2.0,0.9599424,-0.41850984,0.5868157,0.5868157,0.45856744,-1.0,0.9599424,-0.41850984,0.5868157,0.5868157,0.45856744,-1.0
59.405,6.5395,-0.5469,0.2341,0.0,0.0,2.0,0.9600162,-0.41853267,0.586148,0.586148,0.45851648,-1.0,0.9600162,-0.41853267,0.586148,0.586148,0.45851648,-1.0
59.455,6.5235,-0.5442,0.2344,0.0,0.0,2.0,0.95985633,-0.41957924,0.5904112,0.5904112,0.45972288,-1.0,0.95985633,-0.41957924,0.5904112,0.5904112,0.45972288,-1.0
59.505,6.4995,-0.5402,0.2349,0.0,0.0,2.0,0.9599218,-0.4195853,0.5897447,0.5897447,0.4596635,-1.0,0.9599218,-0.4195853,0.5897447,0.5897447,0.4596635,-1.0
59.555,6.4836,-0.5375,0.2352,0.0,0.0,2.0,0.9598294,-0.42090592,0.5940981,0.5940981,0.46107656,-1.0,0.9598294,-0.42090592,0.5940981,0.5940981,0.46107656,-1.0
59.605,6.4596,-0.5335,0.2357,0.0,0.0,2.0,0.95988214,-0.4208764,0.59341776,0.59341776,0.46099427,-1.0,0.95988214,-0.4208764,0.59341776,0.59341776,0.46099427,-1.0
59.655,6.4436,-0.5309,0.2360,0.0,0.0,2.0,0.9598603,-0.4224852,0.5978805,0.5978805,0.46262488,-1.0,0.9598603,-0.4224852,0.5978805,0.5978805,0.46262488,-1.0
59.705,6.4197,-0.5269,0.2365,0.0,0.0,2.0,0.95124215,-0.4184534,0.5549087,0.5549087,0.46721128,-1.0,0.95124215,-0.4184534,0.5549087,0.5549087,0.46721128,-1.0
59.755,6.4038,-0.5243,0.2368,0.0,0.0,2.0,0.9597856,-0.42850286,0.5865175,0.5865175,0.4687173,-1.0,0.9597856,-0.42850286,0.5865175,0.5865175,0.4687173,-1.0
59.806,6.3799,-0.5204,0.2373,0.0,0.0,2.0,0.9599344,-0.42861816,0.5863573,0.5863573,0.46868375,-1.0,0.9599344,-0.42861816,0.5863573,0.5863573,0.46868375,-1.0
59.855,6.3639,-0.5178,0.2375,0.0,0.0,2.0,0.96015227,-0.4308289,0.5917445,0.5917445,0.47067666,-1.0,0.96015227,-0.4308289,0.5917445,0.5917445,0.47067666,-1.0
59.906,6.3401,-0.5139,0.2380,0.0,0.0,2.0,0.9601296,-0.42983717,0.5923859,0.5923859,0.46970752,-1.0,0.9601296,-0.42983717,0.5923859,0.5923859,0.46970752,-1.0
59.955,6.3241,-0.5113,0.2382,0.0,0.0,2.0,0.96033263,-0.43152118,0.5983644,0.5983644,0.47118855,-1.0,0.96033263,-0.43152118,0.5983644,0.5983644,0.47118855,-1.0
60.006,6.3003,-0.5075,0.2387,0.0,0.0,2.0,0.96030104,-0.4304695,0.5989267,0.5989267,0.4701685,-1.0,0.96030104,-0.4304695,0.5989267,0.5989267,0.4701685,-1.0
60.055,6.2844,-0.5050,0.2390,0.0,0.0,2.0,0.960545,-0.43235102,0.6051481,0.6051481,0.47180602,-1.0,0.960545,-0.43235102,0.6051481,0.6051481,0.47180602,-1.0
60.106,6.2606,-0.5011,0.2394,0.0,0.0,2.0,0.96050316,-0.43125564,0.60563004,0.60563004,0.47075248,-1.0,0.96050316,-0.43125564,0.60563004,0.60563004,0.47075248,-1.0
60.156,6.2447,-0.4986,0.2397,0.0,0.0,2.0,0.9607704,-0.43365067,0.6121168,0.6121168,0.47288027,-1.0,0.9607704,-0.43365067,0.6121168,0.6121168,0.47288027,-1.0
60.205,6.2209,-0.4948,0.2402,0.0,0.0,2.0,0.9607006,-0.43324387,0.61289364,0.61289364,0.47254327,-1.0,0.9607006,-0.43324387,0.61289364,0.61289364,0.47254327,-1.0
60.256,6.2050,-0.4923,0.2405,0.0,0.0,2.0,0.96099395,-0.43607756,0.61962754,0.61962754,0.4750836,-1.0,0.96099395,-0.43607756,0.61962754,0.61962754,0.4750836,-1.0
60.307,6.1812,-0.4885,0.2410,0.0,0.0,2.0,0.9609152,-0.43564957,0.6203979,0.6203979,0.47473437,-1.0,0.9609152,-0.43564957,0.6203979,0.6203979,0.47473437,-1.0
60.356,6.1654,-0.4860,0.2414,0.0,0.0,2.0,0.9612419,-0.43860412,0.6272295,0.6272295,0.47736225,-1.0,0.9612419,-0.43860412,0.6272295,0.6272295,0.47736225,-1.0
60.406,6.1417,-0.4823,0.2419,0.0,0.0,2.0,0.96115166,-0.43813482,0.62642896,0.62642896,0.4769832,-1.0,0.96115166,-0.43813482,0.62642896,0.62642896,0.4769832,-1.0
60.456,6.1258,-0.4798,0.2423,0.0,0.0,2.0,0.96151495,-0.44124007,0.6317564,0.6317564,0.47972512,-1.0,0.96151495,-0.44124007,0.6317564,0.6317564,0.47972512,-1.0
60.506,6.1021,-0.4761,0.2430,0.0,0.0,2.0,0.96140736,-0.440686,0.6307519,0.6307519,0.47927865,-1.0,0.96140736,-0.440686,0.6307519,0.6307519,0.47927865,-1.0
60.556,6.0863,-0.4736,0.2434,0.0,0.0,2.0,0.9618097,-0.443954,0.636223,0.636223,0.4821443,-1.0,0.9618097,-0.443954,0.636223,0.636223,0.4821443,-1.0
60.606,6.0627,-0.4699,0.2440,0.0,0.0,2.0,0.96169466,-0.44339007,0.63523734,0.63523734,0.4816954,-1.0,0.96169466,-0.44339007,0.63523734,0.63523734,0.4816954,-1.0
60.656,6.0469,-0.4674,0.2445,0.0,0.0,2.0,0.9621164,-0.44668502,0.6406371,0.6406371,0.4845686,-1.0,0.9621164,-0.44668502,0.6406371,0.6406371,0.4845686,-1.0
60.706,6.0233,-0.4638,0.2452,0.0,0.0,2.0,0.95316464,-0.4411001,0.59425193,0.59425193,0.48793548,-1.0,0.95316464,-0.4411001,0.59425193,0.59425193,0.48793548,-1.0
60.756,6.0076,-0.4613,0.2456,0.0,0.0,2.0,0.9622532,-0.4541554,0.6291102,0.6291102,0.49190217,-1.0,0.9622532,-0.4541554,0.6291102,0.6291102,0.49190217,-1.0
60.806,5.9840,-0.4577,0.2463,0.0,0.0,2.0,0.9622605,-0.45386875,0.6288533,0.6288533,0.49160826,-1.0,0.9622605,-0.45386875,0.6288533,0.6288533,0.49160826,-1.0
60.856,5.9683,-0.4553,0.2467,0.0,0.0,2.0,0.9628336,-0.45752376,0.6349566,0.6349566,0.49469018,-1.0,0.9628336,-0.45752376,0.6349566,0.6349566,0.49469018,-1.0
60.906,5.9448,-0.4517,0.2473,0.0,0.0,2.0,0.96266323,-0.4560321,0.63534707,0.63534707,0.49336886,-1.0,0.96266323,-0.4560321,0.63534707,0.63534707,0.49336886,-1.0
60.956,5.9291,-0.4493,0.2478,0.0,0.0,2.0,0.9631588,-0.45884266,0.64232564,0.64232564,0.4956839,-1.0,0.9631588,-0.45884266,0.64232564,0.64232564,0.4956839,-1.0
61.006,5.9056,-0.4457,0.2484,0.0,0.0,2.0,0.9629963,-0.45740962,0.6427618,0.6427618,0.49441335,-1.0,0.9629963,-0.45740962,0.6427618,0.6427618,0.49441335,-1.0
61.056,5.8899,-0.4433,0.2489,0.0,0.0,2.0,0.9634524,-0.4600263,0.64972097,0.64972097,0.4965739,-1.0,0.9634524,-0.4600263,0.64972097,0.64972097,0.4965739,-1.0
61.107,5.8664,-0.4398,0.2496,0.0,0.0,2.0,0.96329707,-0.4586233,0.6501651,0.6501651,0.49532622,-1.0,0.96329707,-0.4586233,0.6501651,0.6501651,0.49532622,-1.0
61.158,5.8507,-0.4374,0.2500,0.0,0.0,2.0,0.9637283,-0.46114516,0.65722084,0.65722084,0.49741685,-1.0,0.9637283,-0.46114516,0.65722084,0.65722084,0.49741685,-1.0
61.215,5.8273,-0.4338,0.2508,0.0,0.0,2.0,0.9635719,-0.46002367,0.65774316,0.65774316,0.49645177,-1.0,0.9635719,-0.46002367,0.65774316,0.65774316,0.49645177,-1.0
61.262,5.8116,-0.4315,0.2513,0.0,0.0,2.0,0.96395564,-0.46309584,0.6651187,0.6651187,0.49914017,-1.0,0.96395564,-0.46309584,0.6651187,0.6651187,0.49914017,-1.0
61.315,5.7882,-0.4279,0.2521,0.0,0.0,2.0,0.96379924,-0.462424,0.6658355,0.6658355,0.49862477,-1.0,0.96379924,-0.462424,0.6658355,0.6658355,0.49862477,-1.0
61.365,5.7725,-0.4256,0.2527,0.0,0.0,2.0,0.96416676,-0.46544573,0.67331624,0.67331624,0.501279,-1.0,0.96416676,-0.46544573,0.67331624,0.67331624,0.501279,-1.0
61.412,5.7491,-0.4221,0.2535,0.0,0.0,2.0,0.96401465,-0.46476585,0.67244464,0.67244464,0.5007512,-1.0,0.96401465,-0.46476585,0.67244464,0.67244464,0.5007512,-1.0
61.465,5.7335,-0.4197,0.2541,0.0,0.0,2.0,0.96436316,-0.46770334,0.6781631,0.6781631,0.5033402,-1.0,0.96436316,-0.46770334,0.6781631,0.6781631,0.5033402,-1.0
61.515,5.7101,-0.4162,0.2551,0.0,0.0,2.0,0.96422714,-0.4670952,0.6771306,0.6771306,0.50286806,-1.0,0.96422714,-0.4670952,0.6771306,0.6771306,0.50286806,-1.0
61.566,5.6945,-0.4139,0.2558,0.0,0.0,2.0,0.96456546,-0.46999243,0.6828725,0.6828725,0.50542694,-1.0,0.96456546,-0.46999243,0.6828725,0.6828725,0.50542694,-1.0
61.605,5.6711,-0.4104,0.2568,0.0,0.0,2.0,0.9644299,-0.46936402,0.68176436,0.68176436,0.5049341,-1.0,0.9644299,-0.46936402,0.68176436,0.68176436,0.5049341,-1.0
61.655,5.6556,-0.4081,0.2575,0.0,0.0,2.0,0.96476215,-0.47223198,0.6875185,0.6875185,0.5074699,-1.0,0.96476215,-0.47223198,0.6875185,0.6875185,0.5074699,-1.0
61.705,5.6323,-0.4046,0.2586,0.0,0.0,2.0,0.9564412,-0.46798706,0.63820493,0.63820493,0.51154584,-1.0,0.9564412,-0.46798706,0.63820493,0.63820493,0.51154584,-1.0
61.755,5.6167,-0.4023,0.2592,0.0,0.0,2.0,0.96479726,-0.47984612,0.67532223,0.67532223,0.51504886,-1.0,0.96479726,-0.47984612,0.67532223,0.67532223,0.51504886,-1.0
61.805,5.5934,-0.3989,0.2603,0.0,0.0,2.0,0.96481293,-0.4795799,0.6750266,0.6750266,0.51476693,-1.0,0.96481293,-0.4795799,0.6750266,0.6750266,0.51476693,-1.0
61.855,5.5779,-0.3966,0.2610,0.0,0.0,2.0,0.9652619,-0.48271203,0.6813832,0.6813832,0.51745015,-1.0,0.9652619,-0.48271203,0.6813832,0.6813832,0.51745015,-1.0
61.905,5.5547,-0.3932,0.2621,0.0,0.0,2.0,0.9651158,-0.4814279,0.6816535,0.6816535,0.5163121,-1.0,0.9651158,-0.4814279,0.6816535,0.6816535,0.5163121,-1.0
61.955,5.5392,-0.3909,0.2628,0.0,0.0,2.0,0.96549016,-0.48372406,0.68899465,0.68899465,0.5182339,-1.0,0.96549016,-0.48372406,0.68899465,0.68899465,0.5182339,-1.0
62.005,5.5159,-0.3875,0.2639,0.0,0.0,2.0,0.965358,-0.4823933,0.68942636,0.68942636,0.51703525,-1.0,0.965358,-0.4823933,0.68942636,0.68942636,0.51703525,-1.0
62.055,5.5005,-0.3853,0.2647,0.0,0.0,2.0,0.9657258,-0.48463517,0.6967996,0.6967996,0.51890934,-1.0,0.9657258,-0.48463517,0.6967996,0.6967996,0.51890934,-1.0
62.105,5.4773,-0.3819,0.2659,0.0,0.0,2.0,0.9656099,-0.48335975,0.6972349,0.6972349,0.51774985,-1.0,0.9656099,-0.48335975,0.6972349,0.6972349,0.51774985,-1.0
62.156,5.4618,-0.3797,0.2668,0.0,0.0,2.0,0.96599805,-0.48569143,0.70477074,0.70477074,0.5196934,-1.0,0.96599805,-0.48569143,0.70477074,0.70477074,0.5196934,-1.0
62.205,5.4387,-0.3763,0.2681,0.0,0.0,2.0,0.9658885,-0.48443604,0.705143,0.705143,0.51854753,-1.0,0.9658885,-0.48443604,0.705143,0.705143,0.51854753,-1.0
62.256,5.4232,-0.3741,0.2690,0.0,0.0,2.0,0.966296,-0.48679504,0.71266085,0.71266085,0.520499,-1.0,0.966296,-0.48679504,0.71266085,0.71266085,0.520499,-1.0
62.305,5.4001,-0.3707,0.2704,0.0,0.0,2.0,0.9661822,-0.4862556,0.713408,0.713408,0.5200734,-1.0,0.9661822,-0.4862556,0.713408,0.713408,0.5200734,-1.0
62.356,5.3847,-0.3685,0.2714,0.0,0.0,2.0,0.9666131,-0.48939383,0.7212733,0.7212733,0.5227807,-1.0,0.9666131,-0.48939383,0.7212733,0.7212733,0.5227807,-1.0
62.405,5.3616,-0.3652,0.2730,0.0,0.0,2.0,0.96650445,-0.4889048,0.72067225,0.72067225,0.5224003,-1.0,0.96650445,-0.4889048,0.72067225,0.72067225,0.5224003,-1.0
62.456,5.3463,-0.3630,0.2741,0.0,0.0,2.0,0.96699,-0.49221948,0.7266715,0.7266715,0.5252295,-1.0,0.96699,-0.49221948,0.7266715,0.7266715,0.5252295,-1.0
62.505,5.3232,-0.3596,0.2758,0.0,0.0,2.0,0.96687865,-0.4917322,0.7255977,0.7255977,0.5248535,-1.0,0.96687865,-0.4917322,0.7255977,0.7255977,0.5248535,-1.0
62.557,5.3079,-0.3574,0.2770,0.0,0.0,2.0,0.96743286,-0.49527815,0.73164177,0.73164177,0.52784526,-1.0,0.96743286,-0.49527815,0.73164177,0.73164177,0.52784526,-1.0
62.605,5.2850,-0.3541,0.2788,0.0,0.0,2.0,0.9673132,-0.49477562,0.7305696,0.7305696,0.5274625,-1.0,0.9673132,-0.49477562,0.7305696,0.7305696,0.5274625,-1.0
62.656,5.2697,-0.3519,0.2801,0.0,0.0,2.0,0.9679423,-0.49856827,0.73665285,0.73665285,0.530626,-1.0,0.9679423,-0.49856827,0.73665285,0.73665285,0.530626,-1.0
62.706,5.2468,-0.3487,0.2820,0.0,0.0,2.0,0.9598526,-0.49441567,0.68424976,0.68424976,0.53456306,-1.0,0.9598526,-0.49441567,0.68424976,0.68424976,0.53456306,-1.0
62.756,5.2315,-0.3465,0.2833,0.0,0.0,2.0,0.9683331,-0.5081142,0.7238679,0.7238679,0.5397811,-1.0,0.9683331,-0.5081142,0.7238679,0.7238679,0.5397811,-1.0
62.806,5.2087,-0.3433,0.2853,0.0,0.0,2.0,0.96829796,-0.5077624,0.7235679,0.7235679,0.5394644,-1.0,0.96829796,-0.5077624,0.7235679,0.7235679,0.5394644,-1.0
62.855,5.1935,-0.3411,0.2867,0.0,0.0,2.0,0.9691334,-0.5121574,0.7303662,0.7303662,0.543024,-1.0,0.9691334,-0.5121574,0.7303662,0.7303662,0.543024,-1.0
62.906,5.1706,-0.3379,0.2887,0.0,0.0,2.0,0.9688852,-0.5107554,0.73028183,0.73028183,0.54187024,-1.0,0.9688852,-0.5107554,0.73028183,0.73028183,0.54187024,-1.0
62.956,5.1554,-0.3358,0.2902,0.0,0.0,2.0,0.9696596,-0.5144098,0.73822665,0.73822665,0.54475015,-1.0,0.9696596,-0.5144098,0.73822665,0.73822665,0.54475015,-1.0
63.006,5.1326,-0.3326,0.2924,0.0,0.0,2.0,0.9693943,-0.5127261,0.73853064,0.73853064,0.5433318,-1.0,0.9693943,-0.5127261,0.73853064,0.73853064,0.5433318,-1.0
63.055,5.1175,-0.3305,0.2939,0.0,0.0,2.0,0.97011095,-0.51611364,0.74631345,0.74631345,0.5460026,-1.0,0.97011095,-0.51611364,0.74631345,0.74631345,0.5460026,-1.0
63.106,5.0947,-0.3273,0.2962,0.0,0.0,2.0,0.9698709,-0.51453793,0.7467087,0.7467087,0.544667,-1.0,0.9698709,-0.51453793,0.7467087,0.7467087,0.544667,-1.0
63.157,5.0795,-0.3252,0.2979,0.0,0.0,2.0,0.970554,-0.51777756,0.7544334,0.7544334,0.5472235,-1.0,0.970554,-0.51777756,0.7544334,0.7544334,0.5472235,-1.0
63.206,5.0568,-0.3221,0.3004,0.0,0.0,2.0,0.9703263,-0.5162583,0.75485986,0.75485986,0.545932,-1.0,0.9703263,-0.5162583,0.75485986,0.75485986,0.545932,-1.0
63.257,5.0416,-0.3200,0.3021,0.0,0.0,2.0,0.9709775,-0.519364,0.7625117,0.7625117,0.5483865,-1.0,0.9709775,-0.519364,0.7625117,0.7625117,0.5483865,-1.0
63.306,5.0189,-0.3168,0.3048,0.0,0.0,2.0,0.9707241,-0.51766604,0.76273215,0.76273215,0.54694194,-1.0,0.9707241,-0.51766604,0.76273215,0.76273215,0.54694194,-1.0
63.357,5.0037,-0.3147,0.3066,0.0,0.0,2.0,0.9714264,-0.5212192,0.7709759,0.7709759,0.5497927,-1.0,0.9714264,-0.5212192,0.7709759,0.7709759,0.5497927,-1.0
63.406,4.9811,-0.3116,0.3095,0.0,0.0,2.0,0.971155,-0.52014357,0.770278,0.770278,0.5489886,-1.0,0.971155,-0.52014357,0.770278,0.770278,0.5489886,-1.0
63.456,4.9659,-0.3095,0.3115,0.0,0.0,2.0,0.9717326,-0.52363,0.77601004,0.77601004,0.5518974,-1.0,0.9717326,-0.52363,0.77601004,0.77601004,0.5518974,-1.0
63.506,4.9433,-0.3064,0.3146,0.0,0.0,2.0,0.9715263,-0.5228671,0.77481633,0.77481633,0.55134076,-1.0,0.9715263,-0.5228671,0.77481633,0.77481633,0.55134076,-1.0
63.555,4.9282,-0.3043,0.3167,0.0,0.0,2.0,0.97208077,-0.5262631,0.7804157,0.7804157,0.55418235,-1.0,0.97208077,-0.5262631,0.7804157,0.7804157,0.55418235,-1.0
63.606,4.9056,-0.3013,0.3200,0.0,0.0,2.0,0.9718816,-0.5255182,0.77923834,0.77923834,0.5536365,-1.0,0.9718816,-0.5255182,0.77923834,0.77923834,0.5536365,-1.0
63.656,4.8905,-0.2992,0.3222,0.0,0.0,2.0,0.9724134,-0.5288269,0.78471,0.78471,0.5564135,-1.0,0.9724134,-0.5288269,0.78471,0.78471,0.5564135,-1.0
63.708,4.8679,-0.2961,0.3256,0.0,0.0,2.0,0.96532524,-0.52651906,0.7301782,0.7301782,0.5611938,-1.0,0.96532524,-0.52651906,0.7301782,0.7301782,0.5611938,-1.0
63.765,4.8529,-0.2941,0.3279,0.0,0.0,2.0,0.9725659,-0.53827524,0.7699758,0.7699758,0.56570935,-1.0,0.9725659,-0.53827524,0.7699758,0.7699758,0.56570935,-1.0
63.812,4.8304,-0.2910,0.3314,0.0,0.0,2.0,0.97250295,-0.5378212,0.76971066,0.76971066,0.5653182,-1.0,0.97250295,-0.5378212,0.76971066,0.76971066,0.5653182,-1.0
63.866,4.8153,-0.2890,0.3337,0.0,0.0,2.0,0.9730847,-0.5412114,0.77562284,0.77562284,0.56812674,-1.0,0.9730847,-0.5412114,0.77562284,0.77562284,0.56812674,-1.0
63.913,4.7928,-0.2860,0.3373,0.0,0.0,2.0,0.9728896,-0.5401835,0.7754737,0.7754737,0.5672939,-1.0,0.9728896,-0.5401835,0.7754737,0.7754737,0.5672939,-1.0
63.965,4.7778,-0.2840,0.3398,0.0,0.0,2.0,0.97336215,-0.5426453,0.78236973,0.78236973,0.5692831,-1.0,0.97336215,-0.5426453,0.78236973,0.78236973,0.5692831,-1.0
64.015,4.7553,-0.2811,0.3435,0.0,0.0,2.0,0.9731701,-0.5412596,0.78306484,0.78306484,0.5680895,-1.0,0.9731701,-0.5412596,0.78306484,0.78306484,0.5680895,-1.0
64.065,4.7403,-0.2791,0.3461,0.0,0.0,2.0,0.973588,-0.5435062,0.78983045,0.78983045,0.5699182,-1.0,0.973588,-0.5435062,0.78983045,0.78983045,0.5699182,-1.0
64.115,4.7178,-0.2761,0.3500,0.0,0.0,2.0,0.9734225,-0.54220426,0.79055506,0.79055506,0.5687817,-1.0,0.9734225,-0.54220426,0.79055506,0.79055506,0.5687817,-1.0
64.165,4.7029,-0.2742,0.3526,0.0,0.0,2.0,0.97380656,-0.5443251,0.7972399,0.7972399,0.5705185,-1.0,0.97380656,-0.5443251,0.7972399,0.7972399,0.5705185,-1.0
64.204,4.6804,-0.2712,0.3567,0.0,0.0,2.0,0.9736604,-0.5430815,0.7979762,0.7979762,0.5694212,-1.0,0.9736604,-0.5430815,0.7979762,0.7979762,0.5694212,-1.0
64.255,4.6655,-0.2693,0.3595,0.0,0.0,2.0,0.97401804,-0.5451048,0.8045707,0.8045707,0.57108676,-1.0,0.97401804,-0.5451048,0.8045707,0.8045707,0.57108676,-1.0
64.305,4.6430,-0.2663,0.3638,0.0,0.0,2.0,0.9738857,-0.5439041,0.80531603,0.80531603,0.5700184,-1.0,0.9738857,-0.5439041,0.80531603,0.80531603,0.5700184,-1.0
64.355,4.6281,-0.2644,0.3667,0.0,0.0,2.0,0.9742204,-0.54582965,0.8117824,0.8117824,0.57160926,-1.0,0.9742204,-0.54582965,0.8117824,0.8117824,0.57160926,-1.0
64.405,4.6057,-0.2615,0.3712,0.0,0.0,2.0,0.9741006,-0.5446726,0.8123982,0.8123982,0.570572,-1.0,0.9741006,-0.5446726,0.8123982,0.8123982,0.570572,-1.0
64.455,4.5908,-0.2595,0.3742,0.0,0.0,2.0,0.9744222,-0.5465519,0.81663513,0.81663513,0.57212967,-1.0,0.9744222,-0.5465519,0.81663513,0.81663513,0.57212967,-1.0
64.505,4.5684,-0.2566,0.3789,0.0,0.0,2.0,0.97429967,-0.5460006,0.81561357,0.81561357,0.57170093,-1.0,0.97429967,-0.5460006,0.81561357,0.81561357,0.57170093,-1.0
64.555,4.5536,-0.2547,0.3820,0.0,0.0,2.0,0.9745989,-0.54845,0.82002515,0.82002515,0.5738511,-1.0,0.9745989,-0.54845,0.82002515,0.82002515,0.5738511,-1.0
64.605,4.5312,-0.2518,0.3869,0.0,0.0,2.0,0.9744766,-0.5479044,0.81898797,0.81898797,0.57342774,-1.0,0.9744766,-0.5479044,0.81898797,0.81898797,0.57342774,-1.0
64.655,4.5164,-0.2499,0.3902,0.0,0.0,2.0,0.9747746,-0.5503887,0.8233949,0.8233949,0.5756141,-1.0,0.9747746,-0.5503887,0.8233949,0.8233949,0.5756141,-1.0
64.705,4.4941,-0.2470,0.3952,0.0,0.0,2.0,0.9686029,-0.5504648,0.7674144,0.7674144,0.5818619,-1.0,0.9686029,-0.5504648,0.7674144,0.7674144,0.5818619,-1.0
64.755,4.4793,-0.2451,0.3985,0.0,0.0,2.0,0.9747558,-0.5600685,0.80628973,0.80628973,0.58531266,-1.0,0.9747558,-0.5600685,0.80628973,0.80628973,0.58531266,-1.0
64.805,4.4571,-0.2423,0.4035,0.0,0.0,2.0,0.9747832,-0.5598497,0.80628514,0.80628514,0.58506656,-1.0,0.9747832,-0.5598497,0.80628514,0.80628514,0.58506656,-1.0
64.855,4.4423,-0.2404,0.4068,0.0,0.0,2.0,0.9751397,-0.56245315,0.8110899,0.8110899,0.5873135,-1.0,0.9751397,-0.56245315,0.8110899,0.8110899,0.5873135,-1.0
64.905,4.4201,-0.2376,0.4119,0.0,0.0,2.0,0.9750053,-0.56175613,0.8107901,0.8107901,0.5867508,-1.0,0.9750053,-0.56175613,0.8107901,0.8107901,0.5867508,-1.0
64.955,4.4053,-0.2358,0.4153,0.0,0.0,2.0,0.9752526,-0.563479,0.8165859,0.8165859,0.58822644,-1.0,0.9752526,-0.563479,0.8165859,0.8165859,0.58822644,-1.0
65.005,4.3831,-0.2330,0.4206,0.0,0.0,2.0,0.975119,-0.5622723,0.8175582,0.8175582,0.5871533,-1.0,0.975119,-0.5622723,0.8175582,0.8175582,0.5871533,-1.0
65.055,4.3683,-0.2312,0.4241,0.0,0.0,2.0,0.9753138,-0.5637872,0.8232792,0.8232792,0.58847344,-1.0,0.9753138,-0.5637872,0.8232792,0.8232792,0.58847344,-1.0
65.105,4.3461,-0.2284,0.4294,0.0,0.0,2.0,0.9752082,-0.56266534,0.8242755,0.8242755,0.5874571,-1.0,0.9752082,-0.56266534,0.8242755,0.8242755,0.5874571,-1.0
65.155,4.3313,-0.2266,0.4330,0.0,0.0,2.0,0.97536904,-0.5640579,0.8298966,0.8298966,0.58868885,-1.0,0.97536904,-0.5640579,0.8298966,0.8298966,0.58868885,-1.0
65.206,4.3092,-0.2239,0.4385,0.0,0.0,2.0,0.97528476,-0.56299937,0.8309183,0.8309183,0.5877146,-1.0,0.97528476,-0.56299937,0.8309183,0.8309183,0.5877146,-1.0
65.255,4.2944,-0.2221,0.4422,0.0,0.0,2.0,0.97542477,-0.5643264,0.83646065,0.83646065,0.5889017,-1.0,0.97542477,-0.5643264,0.83646065,0.83646065,0.5889017,-1.0
65.306,4.2723,-0.2193,0.4479,0.0,0.0,2.0,0.97535557,-0.56331176,0.83749187,0.83749187,0.5879562,-1.0,0.97535557,-0.56331176,0.83749187,0.83749187,0.5879562,-1.0
65.355,4.2576,-0.2175,0.4517,0.0,0.0,2.0,0.97548336,-0.5646009,0.84294444,0.84294444,0.5891175,-1.0,0.97548336,-0.5646009,0.84294444,0.84294444,0.5891175,-1.0
65.406,4.2355,-0.2148,0.4575,0.0,0.0,2.0,0.975422,-0.5635732,0.84394914,0.84394914,0.5881512,-1.0,0.975422,-0.5635732,0.84394914,0.84394914,0.5881512,-1.0
65.456,4.2208,-0.2130,0.4614,0.0,0.0,2.0,0.9755496,-0.5649134,0.84859324,0.84859324,0.58936375,-1.0,0.9755496,-0.5649134,0.84859324,0.84859324,0.58936375,-1.0
65.505,4.1987,-0.2103,0.4674,0.0,0.0,2.0,0.975494,-0.5639004,0.847355,0.847355,0.5884064,-1.0,0.975494,-0.5639004,0.847355,0.847355,0.5884064,-1.0
65.556,4.1840,-0.2085,0.4715,0.0,0.0,2.0,0.9756143,-0.5651665,0.850374,0.850374,0.58955216,-1.0,0.9756143,-0.5651665,0.850374,0.850374,0.58955216,-1.0
65.605,4.1620,-0.2059,0.4776,0.0,0.0,2.0,0.9755594,-0.5645212,0.849406,0.849406,0.5889618,-1.0,0.9755594,-0.5645212,0.849406,0.849406,0.5889618,-1.0
65.655,4.1474,-0.2041,0.4818,0.0,0.0,2.0,0.97566783,-0.5663657,0.8525991,0.8525991,0.5906979,-1.0,0.97566783,-0.5663657,0.8525991,0.8525991,0.5906979,-1.0
65.706,4.1254,-0.2014,0.4880,0.0,0.0,2.0,0.96995896,-0.5683116,0.79482657,0.79482657,0.5983526,-1.0,0.96995896,-0.5683116,0.79482657,0.79482657,0.5983526,-1.0
65.755,4.1108,-0.1996,0.4921,0.0,0.0,2.0,0.9755192,-0.5766724,0.8330367,0.8330367,0.6011532,-1.0,0.9755192,-0.5766724,0.8330367,0.8330367,0.6011532,-1.0
65.805,4.0888,-0.1970,0.4984,0.0,0.0,2.0,0.97557044,-0.5764947,0.8332325,0.8332325,0.60092425,-1.0,0.97557044,-0.5764947,0.8332325,0.8332325,0.60092425,-1.0
65.857,4.0742,-0.1953,0.5025,0.0,0.0,2.0,0.975742,-0.5785336,0.8369527,0.8369527,0.6027916,-1.0,0.975742,-0.5785336,0.8369527,0.8369527,0.6027916,-1.0
65.906,4.0523,-0.1927,0.5088,0.0,0.0,2.0,0.97566247,-0.5779236,0.83680654,0.83680654,0.6022612,-1.0,0.97566247,-0.5779236,0.83680654,0.83680654,0.6022612,-1.0
65.955,4.0377,-0.1910,0.5130,0.0,0.0,2.0,0.9757708,-0.57966906,0.84144616,0.84144616,0.6038982,-1.0,0.9757708,-0.57966906,0.84144616,0.84144616,0.6038982,-1.0
66.005,4.0158,-0.1884,0.5194,0.0,0.0,2.0,0.97567666,-0.5784402,0.84242034,0.84242034,0.60276353,-1.0,0.97567666,-0.5784402,0.84242034,0.84242034,0.60276353,-1.0
66.055,4.0012,-0.1867,0.5237,0.0,0.0,2.0,0.9757092,-0.579524,0.84721607,0.84721607,0.60381484,-1.0,0.9757092,-0.579524,0.84721607,0.84721607,0.60381484,-1.0
66.105,3.9793,-0.1841,0.5301,0.0,0.0,2.0,0.9756521,-0.57853323,0.8484605,0.8484605,0.60288113,-1.0,0.9756521,-0.57853323,0.8484605,0.8484605,0.60288113,-1.0
66.156,3.9647,-0.1824,0.5345,0.0,0.0,2.0,0.9756592,-0.57953924,0.8531917,0.8531917,0.60388005,-1.0,0.9756592,-0.57953924,0.8531917,0.8531917,0.60388005,-1.0
66.206,3.9428,-0.1799,0.5410,0.0,0.0,2.0,0.97562087,-0.5785987,0.85443586,0.85443586,0.6029778,-1.0,0.97562087,-0.5785987,0.85443586,0.85443586,0.6029778,-1.0
66.257,3.9282,-0.1782,0.5455,0.0,0.0,2.0,0.97561353,-0.57955456,0.8590931,0.8590931,0.603941,-1.0,0.97561353,-0.57955456,0.8590931,0.8590931,0.603941,-1.0
66.307,3.9063,-0.1757,0.5521,0.0,0.0,2.0,0.9755886,-0.5786356,0.860344,0.860344,0.60304695,-1.0,0.9755886,-0.5786356,0.860344,0.860344,0.60304695,-1.0
66.356,3.8918,-0.1740,0.5567,0.0,0.0,2.0,0.97557646,-0.5796078,0.8649699,0.8649699,0.6040313,-1.0,0.97557646,-0.5796078,0.8649699,0.8649699,0.6040313,-1.0
66.408,3.8699,-0.1715,0.5635,0.0,0.0,2.0,0.9755603,-0.5787138,0.86621463,0.86621463,0.60315347,-1.0,0.9755603,-0.5787138,0.86621463,0.86621463,0.60315347,-1.0
66.466,3.8554,-0.1699,0.5681,0.0,0.0,2.0,0.97554904,-0.5796654,0.8707353,0.8707353,0.6041164,-1.0,0.97554904,-0.5796654,0.8707353,0.8707353,0.6041164,-1.0
66.512,3.8342,-0.1676,0.5751,0.0,0.0,2.0,0.9755373,-0.5788169,0.87133306,0.87133306,0.6032796,-1.0,0.9755373,-0.5788169,0.87133306,0.87133306,0.6032796,-1.0
66.565,3.8205,-0.1662,0.5800,0.0,0.0,2.0,0.9529641,-0.51807255,0.84569216,0.84569216,0.56510836,-1.0,0.9529641,-0.51807255,0.84569216,0.84569216,0.56510836,-1.0
66.612,3.7999,-0.1641,0.5872,0.0,0.0,2.0,0.9452403,-0.49462935,0.83473283,0.83473283,0.54938906,-1.0,0.9452403,-0.49462935,0.83473283,0.83473283,0.54938906,-1.0
66.666,3.7861,-0.1626,0.5920,0.0,0.0,2.0,0.93916786,-0.47754136,0.82869333,0.82869333,0.53837353,-1.0,0.93916786,-0.47754136,0.82869333,0.82869333,0.53837353,-1.0
66.716,3.7655,-0.1604,0.5991,0.0,0.0,2.0,0.9473322,-0.52146775,0.78837854,0.78837854,0.57413554,-1.0,0.9473322,-0.52146775,0.78837854,0.78837854,0.57413554,-1.0
66.755,3.7518,-0.1589,0.6037,0.0,0.0,2.0,0.94109005,-0.4911766,0.8088798,0.8088798,0.55008656,-1.0,0.94109005,-0.4911766,0.8088798,0.8088798,0.55008656,-1.0
66.805,3.7313,-0.1565,0.6106,0.0,0.0,2.0,0.9457363,-0.5022452,0.814113,0.814113,0.5565089,-1.0,0.9457363,-0.5022452,0.814113,0.814113,0.5565089,-1.0
66.855,3.7176,-0.1550,0.6152,0.0,0.0,2.0,0.94387585,-0.49872625,0.8145096,0.8145096,0.5548504,-1.0,0.94387585,-0.49872625,0.8145096,0.8145096,0.5548504,-1.0
66.905,3.6970,-0.1526,0.6220,0.0,0.0,2.0,0.9467592,-0.50546694,0.8177742,0.8177742,0.5587077,-1.0,0.9467592,-0.50546694,0.8177742,0.8177742,0.5587077,-1.0
66.955,3.6833,-0.1510,0.6265,0.0,0.0,2.0,0.9466343,-0.5069198,0.82032484,0.82032484,0.5602855,-1.0,0.9466343,-0.5069198,0.82032484,0.82032484,0.5602855,-1.0
67.004,3.6627,-0.1487,0.6332,0.0,0.0,2.0,0.94816387,-0.5098489,0.8234018,0.8234018,0.561685,-1.0,0.94816387,-0.5098489,0.8234018,0.8234018,0.561685,-1.0
67.054,3.6490,-0.1471,0.6377,0.0,0.0,2.0,0.9490699,-0.513744,0.82850295,0.82850295,0.5646741,-1.0,0.9490699,-0.513744,0.82850295,0.82850295,0.5646741,-1.0
67.105,3.6284,-0.1447,0.6444,0.0,0.0,2.0,0.9497536,-0.5145895,0.8306637,0.8306637,0.5648359,-1.0,0.9497536,-0.5145895,0.8306637,0.8306637,0.5648359,-1.0
67.155,3.6147,-0.1431,0.6489,0.0,0.0,2.0,0.9513501,-0.5204012,0.8366712,0.8366712,0.56905115,-1.0,0.9513501,-0.5204012,0.8366712,0.8366712,0.56905115,-1.0
67.205,3.5940,-0.1407,0.6557,0.0,0.0,2.0,0.9514896,-0.5199641,0.8382644,0.8382644,0.56847453,-1.0,0.9514896,-0.5199641,0.8382644,0.8382644,0.56847453,-1.0
67.255,3.5803,-0.1391,0.6602,0.0,0.0,2.0,0.9534887,-0.52685815,0.8447941,0.8447941,0.57336944,-1.0,0.9534887,-0.52685815,0.8447941,0.8447941,0.57336944,-1.0
67.305,3.5596,-0.1367,0.6671,0.0,0.0,2.0,0.95326066,-0.5255528,0.8459834,0.8459834,0.5722921,-1.0,0.95326066,-0.5255528,0.8459834,0.8459834,0.5722921,-1.0
67.355,3.5457,-0.1351,0.6717,0.0,0.0,2.0,0.95547456,-0.5330038,0.8527851,0.8527851,0.5775293,-1.0,0.95547456,-0.5330038,0.8527851,0.8527851,0.5775293,-1.0
67.405,3.5250,-0.1327,0.6786,0.0,0.0,2.0,0.95501196,-0.5311351,0.8537015,0.8537015,0.5761231,-1.0,0.95501196,-0.5311351,0.8537015,0.8537015,0.5761231,-1.0
67.455,3.5111,-0.1311,0.6833,0.0,0.0,2.0,0.9573019,-0.53874034,0.86058223,0.86058223,0.5814384,-1.0,0.9573019,-0.53874034,0.86058223,0.86058223,0.5814384,-1.0
67.505,3.4903,-0.1287,0.6904,0.0,0.0,2.0,0.9567204,-0.5366112,0.8613758,0.8613758,0.5798907,-1.0,0.9567204,-0.5366112,0.8613758,0.8613758,0.5798907,-1.0
67.555,3.4764,-0.1271,0.6952,0.0,0.0,2.0,0.959031,-0.54423445,0.8682549,0.8682549,0.58520347,-1.0,0.959031,-0.54423445,0.8682549,0.8682549,0.58520347,-1.0
67.605,3.4556,-0.1247,0.7024,0.0,0.0,2.0,0.9583609,-0.54189056,0.8669381,0.8669381,0.58352965,-1.0,0.9583609,-0.54189056,0.8669381,0.8669381,0.58352965,-1.0
67.655,3.4416,-0.1231,0.7072,0.0,0.0,2.0,0.9605979,-0.54924697,0.8713651,0.8713651,0.5886491,-1.0,0.9605979,-0.54924697,0.8713651,0.8713651,0.5886491,-1.0
67.705,3.4207,-0.1207,0.7145,0.0,0.0,2.0,0.9477573,-0.54111564,0.8036627,0.8036627,0.59335834,-1.0,0.9477573,-0.54111564,0.8036627,0.8036627,0.59335834,-1.0
67.756,3.4068,-0.1192,0.7194,0.0,0.0,2.0,0.96173847,-0.5653475,0.8485195,0.8485195,0.603609,-1.0,0.96173847,-0.5653475,0.8485195,0.8485195,0.603609,-1.0
67.805,3.3858,-0.1168,0.7266,0.0,0.0,2.0,0.9612319,-0.56386536,0.848405,0.848405,0.6026335,-1.0,0.9612319,-0.56386536,0.848405,0.848405,0.6026335,-1.0
67.855,3.3718,-0.1153,0.7314,0.0,0.0,2.0,0.9635898,-0.57217544,0.8538189,0.8538189,0.6085857,-1.0,0.9635898,-0.57217544,0.8538189,0.8538189,0.6085857,-1.0
67.907,3.3508,-0.1130,0.7387,0.0,0.0,2.0,0.9627581,-0.56987566,0.8531957,0.8531957,0.60711753,-1.0,0.9627581,-0.56987566,0.8531957,0.8531957,0.60711753,-1.0
67.955,3.3367,-0.1115,0.7435,0.0,0.0,2.0,0.96477216,-0.5771515,0.8581927,0.8581927,0.6123793,-1.0,0.96477216,-0.5771515,0.8581927,0.8581927,0.6123793,-1.0
68.005,3.3155,-0.1092,0.7508,0.0,0.0,2.0,0.96403015,-0.5748701,0.85832465,0.85832465,0.61083996,-1.0,0.96403015,-0.5748701,0.85832465,0.85832465,0.61083996,-1.0
68.055,3.3014,-0.1077,0.7557,0.0,0.0,2.0,0.9658085,-0.58099514,0.8644466,0.8644466,0.61518663,-1.0,0.9658085,-0.58099514,0.8644466,0.8644466,0.61518663,-1.0
68.105,3.2802,-0.1055,0.7631,0.0,0.0,2.0,0.9651064,-0.5785477,0.8652512,0.8652512,0.6134413,-1.0,0.9651064,-0.5785477,0.8652512,0.8652512,0.6134413,-1.0
68.155,3.2660,-0.1040,0.7680,0.0,0.0,2.0,0.96668947,-0.58409804,0.8711888,0.8711888,0.6174086,-1.0,0.96668947,-0.58409804,0.8711888,0.8711888,0.6174086,-1.0
68.205,3.2447,-0.1018,0.7754,0.0,0.0,2.0,0.96606344,-0.5818415,0.87204355,0.87204355,0.6157781,-1.0,0.96606344,-0.5818415,0.87204355,0.87204355,0.6157781,-1.0
68.255,3.2305,-0.1004,0.7804,0.0,0.0,2.0,0.9674749,-0.58688813,0.87779605,0.87779605,0.61941326,-1.0,0.9674749,-0.58688813,0.87779605,0.87779605,0.61941326,-1.0
68.305,3.2092,-0.0982,0.7880,0.0,0.0,2.0,0.96692115,-0.5848182,0.87871,0.87871,0.61789703,-1.0,0.96692115,-0.5848182,0.87871,0.87871,0.61789703,-1.0
68.355,3.1949,-0.0967,0.7930,0.0,0.0,2.0,0.96819174,-0.58946425,0.8842911,0.8842911,0.62127256,-1.0,0.96819174,-0.58946425,0.8842911,0.8842911,0.62127256,-1.0
68.405,3.1735,-0.0946,0.8006,0.0,0.0,2.0,0.96768564,-0.58750093,0.8852248,0.8852248,0.6198153,-1.0,0.96768564,-0.58750093,0.8852248,0.8852248,0.6198153,-1.0
68.455,3.1592,-0.0932,0.8058,0.0,0.0,2.0,0.96882075,-0.5917547,0.8906113,0.8906113,0.6229339,-1.0,0.96882075,-0.5917547,0.8906113,0.8906113,0.6229339,-1.0
68.505,3.1378,-0.0911,0.8135,0.0,0.0,2.0,0.9683709,-0.5899362,0.8915984,0.8915984,0.6215653,-1.0,0.9683709,-0.5899362,0.8915984,0.8915984,0.6215653,-1.0
68.554,3.1235,-0.0896,0.8187,0.0,0.0,2.0,0.96937966,-0.593819,0.89677036,0.89677036,0.62443936,-1.0,0.96937966,-0.593819,0.89677036,0.89677036,0.62443936,-1.0
68.605,3.1020,-0.0875,0.8266,0.0,0.0,2.0,0.9689898,-0.5921723,0.89782804,0.89782804,0.62318254,-1.0,0.9689898,-0.5921723,0.89782804,0.89782804,0.62318254,-1.0
68.655,3.0877,-0.0861,0.8319,0.0,0.0,2.0,0.9698906,-0.5957555,0.9025186,0.9025186,0.6258649,-1.0,0.9698906,-0.5957555,0.9025186,0.9025186,0.6258649,-1.0
68.705,3.0662,-0.0841,0.8399,0.0,0.0,2.0,0.9612751,-0.5930096,0.83070856,0.83070856,0.6317345,-1.0,0.9612751,-0.5930096,0.83070856,0.83070856,0.6317345,-1.0
68.755,3.0519,-0.0827,0.8451,0.0,0.0,2.0,0.97000647,-0.6074414,0.87275904,0.87275904,0.637435,-1.0,0.97000647,-0.6074414,0.87275904,0.87275904,0.637435,-1.0
68.806,3.0304,-0.0807,0.8530,0.0,0.0,2.0,0.9698443,-0.60673124,0.8730347,0.8730347,0.63688695,-1.0,0.9698443,-0.60673124,0.8730347,0.8730347,0.63688695,-1.0
68.856,3.0160,-0.0793,0.8583,0.0,0.0,2.0,0.97067976,-0.61075324,0.87627566,0.87627566,0.6400735,-1.0,0.97067976,-0.61075324,0.87627566,0.87627566,0.6400735,-1.0
68.905,2.9945,-0.0773,0.8662,0.0,0.0,2.0,0.9703157,-0.6095868,0.8762077,0.8762077,0.639271,-1.0,0.9703157,-0.6095868,0.8762077,0.8762077,0.639271,-1.0
68.955,2.9801,-0.0760,0.8714,0.0,0.0,2.0,0.9709784,-0.6131671,0.8792934,0.8792934,0.64218867,-1.0,0.9709784,-0.6131671,0.8792934,0.8792934,0.64218867,-1.0
69.006,2.9586,-0.0741,0.8793,0.0,0.0,2.0,0.9706738,-0.6121123,0.87923026,0.87923026,0.6414385,-1.0,0.9706738,-0.6121123,0.87923026,0.87923026,0.6414385,-1.0
69.056,2.9442,-0.0728,0.8846,0.0,0.0,2.0,0.97115815,-0.6148642,0.8832388,0.8832388,0.6437061,-1.0,0.97115815,-0.6148642,0.8832388,0.8832388,0.6437061,-1.0
69.105,2.9226,-0.0709,0.8926,0.0,0.0,2.0,0.97087187,-0.61336404,0.884536,0.884536,0.6424922,-1.0,0.97087187,-0.61336404,0.884536,0.884536,0.6424922,-1.0
69.156,2.9082,-0.0696,0.8979,0.0,0.0,2.0,0.9712286,-0.6156846,0.8886993,0.8886993,0.644456,-1.0,0.9712286,-0.6156846,0.8886993,0.8886993,0.644456,-1.0
69.206,2.8867,-0.0677,0.9059,0.0,0.0,2.0,0.97100306,-0.61433256,0.8900221,0.8900221,0.6433295,-1.0,0.97100306,-0.61433256,0.8900221,0.8900221,0.6433295,-1.0
69.256,2.8723,-0.0665,0.9113,0.0,0.0,2.0,0.9712713,-0.61641866,0.8940586,0.8940586,0.6451474,-1.0,0.9712713,-0.61641866,0.8940586,0.8940586,0.6451474,-1.0
69.307,2.8507,-0.0646,0.9194,0.0,0.0,2.0,0.9710943,-0.61518437,0.89540714,0.89540714,0.64409006,-1.0,0.9710943,-0.61518437,0.89540714,0.89540714,0.64409006,-1.0
69.356,2.8363,-0.0633,0.9248,0.0,0.0,2.0,0.9713006,-0.6171222,0.89931655,0.89931655,0.6458215,-1.0,0.9713006,-0.6171222,0.89931655,0.89931655,0.6458215,-1.0
69.406,2.8147,-0.0615,0.9330,0.0,0.0,2.0,0.9711572,-0.6159412,0.9006762,0.9006762,0.64478403,-1.0,0.9711572,-0.6159412,0.9006762,0.9006762,0.64478403,-1.0
69.457,2.8003,-0.0603,0.9385,0.0,0.0,2.0,0.9713245,-0.61782634,0.904471,0.904471,0.64650184,-1.0,0.9713245,-0.61782634,0.904471,0.904471,0.64650184,-1.0
69.507,2.7787,-0.0584,0.9469,0.0,0.0,2.0,0.97120863,-0.61669576,0.90582854,0.90582854,0.64548707,-1.0,0.97120863,-0.61669576,0.90582854,0.90582854,0.64548707,-1.0
69.556,2.7643,-0.0572,0.9525,0.0,0.0,2.0,0.9713395,-0.6184466,0.9094538,0.9094538,0.64710706,-1.0,0.9713395,-0.6184466,0.9094538,0.9094538,0.64710706,-1.0
69.606,2.7427,-0.0554,0.9609,0.0,0.0,2.0,0.97124857,-0.617424,0.9108636,0.9108636,0.64617544,-1.0,0.97124857,-0.617424,0.9108636,0.9108636,0.64617544,-1.0
69.656,2.7283,-0.0542,0.9666,0.0,0.0,2.0,0.9713609,-0.6191372,0.91432256,0.91432256,0.6477763,-1.0,0.9713609,-0.6191372,0.91432256,0.91432256,0.6477763,-1.0
69.706,2.7068,-0.0524,0.9751,0.0,0.0,2.0,0.96449894,-0.6183646,0.8422918,0.8422918,0.65386564,-1.0,0.96449894,-0.6183646,0.8422918,0.8422918,0.65386564,-1.0
69.756,2.6924,-0.0512,0.9808,0.0,0.0,2.0,0.9710172,-0.62850755,0.88281274,0.88281274,0.6574904,-1.0,0.9710172,-0.62850755,0.88281274,0.88281274,0.6574904,-1.0
69.806,2.6709,-0.0494,0.9892,0.0,0.0,2.0,0.9711147,-0.6283218,0.8834468,0.8834468,0.65720713,-1.0,0.9711147,-0.6283218,0.8834468,0.8834468,0.65720713,-1.0
69.856,2.6565,-0.0482,0.9949,0.0,0.0,2.0,0.9712847,-0.630783,0.8852187,0.8852187,0.65949833,-1.0,0.9712847,-0.630783,0.8852187,0.8852187,0.65949833,-1.0
69.907,2.6350,-0.0465,1.0033,0.0,0.0,2.0,0.9711598,-0.63010514,0.8854705,0.8854705,0.6589453,-1.0,0.9711598,-0.63010514,0.8854705,0.8854705,0.6589453,-1.0
69.956,2.6206,-0.0454,1.0089,0.0,0.0,2.0,0.9712237,-0.6323386,0.8871688,0.8871688,0.66111493,-1.0,0.9712237,-0.6323386,0.8871688,0.8871688,0.66111493,-1.0
70.006,2.5990,-0.0437,1.0174,0.0,0.0,2.0,0.97114384,-0.63174564,0.8874276,0.8874276,0.6606018,-1.0,0.97114384,-0.63174564,0.8874276,0.8874276,0.6606018,-1.0
70.056,2.5846,-0.0426,1.0230,0.0,0.0,2.0,0.97112846,-0.63380015,0.88905525,0.88905525,0.6626717,-1.0,0.97112846,-0.63380015,0.88905525,0.88905525,0.6626717,-1.0
70.106,2.5630,-0.0409,1.0315,0.0,0.0,2.0,0.97104883,-0.6327922,0.8905318,0.8905318,0.66174334,-1.0,0.97104883,-0.6327922,0.8905318,0.8905318,0.66174334,-1.0
70.156,2.5486,-0.0398,1.0371,0.0,0.0,2.0,0.9709293,-0.63415587,0.89349437,0.89349437,0.66322654,-1.0,0.9709293,-0.63415587,0.89349437,0.89349437,0.66322654,-1.0
70.207,2.5271,-0.0381,1.0456,0.0,0.0,2.0,0.97088104,-0.6331729,0.89512926,0.89512926,0.6622919,-1.0,0.97088104,-0.6331729,0.89512926,0.89512926,0.6622919,-1.0
70.257,2.5127,-0.0371,1.0513,0.0,0.0,2.0,0.9707308,-0.63447183,0.8980621,0.8980621,0.66374105,-1.0,0.9707308,-0.63447183,0.8980621,0.8980621,0.66374105,-1.0
70.307,2.4910,-0.0354,1.0599,0.0,0.0,2.0,0.9707134,-0.63352245,0.8996999,0.8996999,0.6628091,-1.0,0.9707134,-0.63352245,0.8996999,0.8996999,0.6628091,-1.0
70.357,2.4766,-0.0344,1.0656,0.0,0.0,2.0,0.9705519,-0.6348252,0.90261054,0.90261054,0.66427326,-1.0,0.9705519,-0.6348252,0.90261054,0.90261054,0.66427326,-1.0
70.406,2.4550,-0.0328,1.0742,0.0,0.0,2.0,0.97055024,-0.6339734,0.90422547,0.90422547,0.66342324,-1.0,0.97055024,-0.6339734,0.90422547,0.90422547,0.66342324,-1.0
70.456,2.4406,-0.0317,1.0800,0.0,0.0,2.0,0.97039473,-0.6352647,0.9070617,0.9070617,0.66487,-1.0,0.97039473,-0.6352647,0.9070617,0.9070617,0.66487,-1.0
70.506,2.4190,-0.0301,1.0887,0.0,0.0,2.0,0.9704053,-0.6343973,0.9086805,0.9086805,0.66399205,-1.0,0.9704053,-0.6343973,0.9086805,0.9086805,0.66399205,-1.0
70.556,2.4046,-0.0290,1.0945,0.0,0.0,2.0,0.97026134,-0.6357767,0.9114656,0.9114656,0.66551536,-1.0,0.97026134,-0.6357767,0.9114656,0.9114656,0.66551536,-1.0
70.606,2.3830,-0.0275,1.1033,0.0,0.0,2.0,0.9702755,-0.63492,0.9130639,0.9130639,0.6646445,-1.0,0.9702755,-0.63492,0.9130639,0.9130639,0.6646445,-1.0
70.656,2.3686,-0.0264,1.1092,0.0,0.0,2.0,0.97015446,-0.63632584,0.91576177,0.91576177,0.6661714,-1.0,0.97015446,-0.63632584,0.91576177,0.91576177,0.6661714,-1.0
70.706,2.3470,-0.0249,1.1181,0.0,0.0,2.0,0.9633965,-0.6349719,0.84321666,0.84321666,0.6715754,-1.0,0.9633965,-0.6349719,0.84321666,0.84321666,0.6715754,-1.0
70.756,2.3326,-0.0238,1.1239,0.0,0.0,2.0,0.96973294,-0.6449408,0.8844743,0.8844743,0.67520785,-1.0,0.96973294,-0.6449408,0.8844743,0.8844743,0.67520785,-1.0
70.807,2.3111,-0.0223,1.1326,0.0,0.0,2.0,0.9699318,-0.64487916,0.88533896,0.88533896,0.6749474,-1.0,0.9699318,-0.64487916,0.88533896,0.88533896,0.6749474,-1.0
70.856,2.2967,-0.0213,1.1383,0.0,0.0,2.0,0.96995986,-0.64725167,0.8865547,0.8865547,0.6772918,-1.0,0.96995986,-0.64725167,0.8865547,0.8865547,0.6772918,-1.0
70.906,2.2750,-0.0198,1.1470,0.0,0.0,2.0,0.9698598,-0.646595,0.8869086,0.8869086,0.6767352,-1.0,0.9698598,-0.646595,0.8869086,0.8869086,0.6767352,-1.0
70.956,2.2606,-0.0189,1.1528,0.0,0.0,2.0,0.96977246,-0.6487433,0.8880984,0.8880984,0.6789708,-1.0,0.96977246,-0.6487433,0.8880984,0.8880984,0.6789708,-1.0
71.007,2.2390,-0.0174,1.1614,0.0,0.0,2.0,0.96972656,-0.64818484,0.8884559,0.8884559,0.6784582,-1.0,0.96972656,-0.64818484,0.8884559,0.8884559,0.6784582,-1.0
71.057,2.2246,-0.0165,1.1672,0.0,0.0,2.0,0.96956193,-0.6502114,0.88963765,0.88963765,0.68064946,-1.0,0.96956193,-0.6502114,0.88963765,0.88963765,0.68064946,-1.0
71.115,2.2029,-0.0150,1.1758,0.0,0.0,2.0,0.96956116,-0.6497131,0.88998866,0.88998866,0.68015194,-1.0,0.96956116,-0.6497131,0.88998866,0.88998866,0.68015194,-1.0
71.157,2.1884,-0.0141,1.1815,0.0,0.0,2.0,0.96931136,-0.6512844,0.8920781,0.8920781,0.68197304,-1.0,0.96931136,-0.6512844,0.8920781,0.8920781,0.68197304,-1.0
71.207,2.1668,-0.0127,1.1902,0.0,0.0,2.0,0.96929526,-0.6503126,0.8938131,0.8938131,0.6810174,-1.0,0.96929526,-0.6503126,0.8938131,0.8938131,0.6810174,-1.0
71.256,2.1523,-0.0118,1.1959,0.0,0.0,2.0,0.9689993,-0.6516472,0.8964174,0.8964174,0.6826479,-1.0,0.9689993,-0.6516472,0.8964174,0.8964174,0.6826479,-1.0
71.306,2.1306,-0.0104,1.2046,0.0,0.0,2.0,0.96901584,-0.65077037,0.89812326,0.89812326,0.6817545,-1.0,0.96901584,-0.65077037,0.89812326,0.89812326,0.6817545,-1.0
71.356,2.1162,-0.0095,1.2104,0.0,0.0,2.0,0.9687228,-0.65212876,0.9007399,0.9007399,0.68340594,-1.0,0.9687228,-0.65212876,0.9007399,0.9007399,0.68340594,-1.0
71.412,2.0944,-0.0081,1.2191,0.0,0.0,2.0,0.9687619,-0.6512697,0.9024226,0.9024226,0.68250775,-1.0,0.9687619,-0.6512697,0.9024226,0.9024226,0.68250775,-1.0
71.467,2.0800,-0.0072,1.2249,0.0,0.0,2.0,0.9684846,-0.65272707,0.90503824,0.90503824,0.6842425,-1.0,0.9684846,-0.65272707,0.90503824,0.90503824,0.6842425,-1.0
71.514,2.0583,-0.0059,1.2337,0.0,0.0,2.0,0.96853274,-0.65187734,0.9066798,0.9066798,0.68334454,-1.0,0.96853274,-0.65187734,0.9066798,0.9066798,0.68334454,-1.0
71.565,2.0438,-0.0050,1.2396,0.0,0.0,2.0,0.9682927,-0.65337557,0.9092712,0.9092712,0.68508285,-1.0,0.9682927,-0.65337557,0.9092712,0.9092712,0.68508285,-1.0
71.615,2.0221,-0.0037,1.2484,0.0,0.0,2.0,0.96833587,-0.65256,0.910903,0.910903,0.6842241,-1.0,0.96833587,-0.65256,0.910903,0.910903,0.6842241,-1.0
71.665,2.0076,-0.0028,1.2543,0.0,0.0,2.0,0.96813244,-0.6541717,0.91343707,0.91343707,0.68603927,-1.0,0.96813244,-0.6541717,0.91343707,0.91343707,0.68603927,-1.0
71.715,1.9859,-0.0015,1.2632,0.0,0.0,2.0,0.9609606,-0.651252,0.83959574,0.83959574,0.6902914,-1.0,0.9609606,-0.651252,0.83959574,0.83959574,0.6902914,-1.0
71.766,1.9714,-0.0007,1.2690,0.0,0.0,2.0,0.9676207,-0.6621096,0.88334554,0.88334554,0.69448894,-1.0,0.9676207,-0.6621096,0.88334554,0.88334554,0.69448894,-1.0
71.815,1.9497,0.0006,1.2777,0.0,0.0,2.0,0.96789044,-0.6620644,0.88430554,0.88430554,0.69417393,-1.0,0.96789044,-0.6620644,0.88430554,0.88430554,0.69417393,-1.0
71.865,1.9352,0.0014,1.2835,0.0,0.0,2.0,0.9679083,-0.6647977,0.88543314,0.88543314,0.69688946,-1.0,0.9679083,-0.6647977,0.88543314,0.88543314,0.69688946,-1.0
71.915,1.9135,0.0026,1.2922,0.0,0.0,2.0,0.967784,-0.6640096,0.8857516,0.8857516,0.6962256,-1.0,0.967784,-0.6640096,0.8857516,0.8857516,0.6962256,-1.0
71.955,1.8990,0.0034,1.2980,0.0,0.0,2.0,0.96765953,-0.66652614,0.8868696,0.8868696,0.6988666,-1.0,0.96765953,-0.66652614,0.8868696,0.8868696,0.6988666,-1.0
72.005,1.8772,0.0046,1.3066,0.0,0.0,2.0,0.96760035,-0.66585547,0.88718176,0.88718176,0.6982551,-1.0,0.96760035,-0.66585547,0.88718176,0.88718176,0.6982551,-1.0
72.055,1.8627,0.0054,1.3124,0.0,0.0,2.0,0.9673914,-0.6681474,0.8882923,0.8882923,0.700756,-1.0,0.9673914,-0.6681474,0.8882923,0.8882923,0.700756,-1.0
72.105,1.8409,0.0065,1.3211,0.0,0.0,2.0,0.9673805,-0.6676229,0.8886155,0.8886155,0.7002424,-1.0,0.9673805,-0.6676229,0.8886155,0.8886155,0.7002424,-1.0
72.161,1.8264,0.0073,1.3268,0.0,0.0,2.0,0.96711373,-0.6698459,0.8897358,0.8897358,0.70273215,-1.0,0.96711373,-0.6698459,0.8897358,0.8897358,0.70273215,-1.0
72.215,1.8046,0.0084,1.3355,0.0,0.0,2.0,0.9671435,-0.66938025,0.89004534,0.89004534,0.7022367,-1.0,0.9671435,-0.66938025,0.89004534,0.89004534,0.7022367,-1.0
72.262,1.7900,0.0092,1.3412,0.0,0.0,2.0,0.96679264,-0.67108756,0.8924933,0.8924933,0.7042949,-1.0,0.96679264,-0.67108756,0.8924933,0.8924933,0.7042949,-1.0
72.315,1.7691,0.0104,1.3435,0.0,0.0,2.0,0.9668024,-0.6701341,0.89417595,0.89417595,0.70333165,-1.0,0.9668024,-0.6701341,0.89417595,0.89417595,0.70333165,-1.0
72.362,1.7554,0.0110,1.3432,0.0,0.0,2.0,0.95842564,-0.658173,0.9211004,0.9211004,0.69974744,-1.0,0.95842564,-0.658173,0.9211004,0.9211004,0.69974744,-1.0
72.416,1.7344,0.0120,1.3431,0.0,0.0,2.0,0.96850556,-0.67381823,0.9380407,0.9380407,0.70531267,-1.0,0.96850556,-0.67381823,0.9380407,0.9380407,0.70531267,-1.0
72.455,1.7203,0.0126,1.3430,0.0,0.0,2.0,0.96701497,-0.6737151,0.96281785,0.96281785,0.70670015,-1.0,0.96701497,-0.6737151,0.96281785,0.96281785,0.70670015,-1.0
72.505,1.6990,0.0136,1.3429,0.0,0.0,2.0,0.9667975,-0.67247707,0.96114767,0.96114767,0.7056796,-1.0,0.9667975,-0.67247707,0.96114767,0.96114767,0.7056796,-1.0
72.555,1.6847,0.0143,1.3429,0.0,0.0,2.0,0.9671414,-0.67542297,0.9896685,0.9896685,0.7082815,-1.0,0.9671414,-0.67542297,0.9896685,0.9896685,0.7082815,-1.0
72.605,1.6631,0.0153,1.3428,0.0,0.0,2.0,0.9666715,-0.6737923,0.9873182,0.9873182,0.7071208,-1.0,0.9666715,-0.6737923,0.9873182,0.9873182,0.7071208,-1.0
72.655,1.6488,0.0160,1.3428,0.0,0.0,2.0,0.9509579,-0.6658153,1.0,1.0,0.6979623,-0.9831048,0.9509579,-0.6658153,1.0,1.0,0.6979623,-0.9831048
72.705,1.6272,0.0170,1.3428,0.0,0.0,2.0,0.95866853,-0.6708383,0.9097294,0.9097294,0.7121697,-1.0,0.95866853,-0.6708383,0.9097294,0.9097294,0.7121697,-1.0
72.756,1.6127,0.0177,1.3428,0.0,0.0,2.0,0.95124924,-0.6746369,1.0,1.0,0.70655376,-0.9831661,0.95124924,-0.6746369,1.0,1.0,0.70655376,-0.9831661
72.804,1.5911,0.0187,1.3429,0.0,0.0,2.0,0.9556057,-0.67705595,1.0,1.0,0.70925283,-0.98780257,0.9556057,-0.67705595,1.0,1.0,0.70925283,-0.98780257
72.855,1.5768,0.0194,1.3429,0.0,0.0,2.0,0.9267176,-0.6613734,1.0,1.0,0.6910329,-0.9563771,0.9267176,-0.6613734,1.0,1.0,0.6910329,-0.9563771
72.906,1.5554,0.0204,1.3430,0.0,0.0,2.0,0.93153536,-0.6638318,1.0,1.0,0.69403666,-0.96174026,0.93153536,-0.6638318,1.0,1.0,0.69403666,-0.96174026
72.956,1.5413,0.0211,1.3431,0.0,0.0,2.0,0.90444034,-0.64940614,1.0,1.0,0.6768309,-0.9318651,0.90444034,-0.64940614,1.0,1.0,0.6768309,-0.9318651
73.008,1.5202,0.0220,1.3432,0.0,0.0,2.0,0.90826094,-0.6512879,1.0,1.0,0.6792402,-0.93621325,0.90826094,-0.6512879,1.0,1.0,0.6792402,-0.93621325
73.055,1.5064,0.0227,1.3433,0.0,0.0,2.0,0.8822087,-0.6376487,1.0,1.0,0.6625795,-0.90713954,0.8822087,-0.6376487,1.0,1.0,0.6625795,-0.90713954
73.107,1.4858,0.0236,1.3434,0.0,0.0,2.0,0.885958,-0.63941294,1.0,1.0,0.66497326,-0.91151834,0.885958,-0.63941294,1.0,1.0,0.66497326,-0.91151834
73.156,1.4723,0.0243,1.3434,0.0,0.0,2.0,0.86065567,-0.62634397,1.0,1.0,0.648657,-0.8829688,0.86065567,-0.62634397,1.0,1.0,0.648657,-0.8829688
73.211,1.4523,0.0252,1.3435,0.0,0.0,2.0,0.8644447,-0.62805736,1.0,1.0,0.651118,-0.8875053,0.8644447,-0.62805736,1.0,1.0,0.651118,-0.8875053
73.266,1.4391,0.0258,1.3436,0.0,0.0,2.0,0.840152,-0.61562973,1.0,1.0,0.6353064,-0.85982877,0.840152,-0.61562973,1.0,1.0,0.6353064,-0.85982877
73.312,1.4197,0.0266,1.3437,0.0,0.0,2.0,0.84380955,-0.6172092,1.0,1.0,0.63772637,-0.8643268,0.84380955,-0.6172092,1.0,1.0,0.63772637,-0.8643268
73.365,1.4070,0.0272,1.3438,0.0,0.0,2.0,0.81969726,-0.60471696,1.0,1.0,0.62171775,-0.83669806,0.81969726,-0.60471696,1.0,1.0,0.62171775,-0.83669806
73.415,1.3883,0.0280,1.3438,0.0,0.0,2.0,0.82217944,-0.6049821,1.0,1.0,0.6229489,-0.84014624,0.82217944,-0.6049821,1.0,1.0,0.6229489,-0.84014624
73.464,1.3760,0.0286,1.3439,0.0,0.0,2.0,0.7982398,-0.5921894,1.0,1.0,0.60660595,-0.8126564,0.7982398,-0.5921894,1.0,1.0,0.60660595,-0.8126564
73.505,1.3580,0.0294,1.3440,0.0,0.0,2.0,0.80050206,-0.5923434,1.0,1.0,0.6077529,-0.81591165,0.80050206,-0.5923434,1.0,1.0,0.6077529,-0.81591165
73.554,1.3462,0.0299,1.3440,0.0,0.0,2.0,0.77778083,-0.5802184,1.0,1.0,0.59208375,-0.78964627,0.77778083,-0.5802184,1.0,1.0,0.59208375,-0.78964627
73.606,1.3374,0.0303,1.3440,0.0,0.0,2.0,0.7797737,-0.58023,1.0,1.0,0.5931122,-0.7926559,0.7797737,-0.58023,1.0,1.0,0.5931122,-0.7926559
73.654,1.3175,0.0311,1.3441,0.0,0.0,1.0,0.7786697,-0.5789809,1.0,1.0,0.59191734,-0.7916062,0.7786697,-0.5789809,1.0,1.0,0.59191734,-0.7916062
73.704,1.3003,0.0318,1.3432,0.0,0.0,1.0,0.9782148,-0.729302,-0.6059634,-0.6059634,0.7510872,-1.0,0.9782148,-0.729302,-0.6059634,-0.6059634,0.7510872,-1.0
73.754,1.2884,0.0323,1.3418,0.0,0.0,1.0,0.9853771,-0.7440788,-0.6259268,-0.6259268,0.75870174,-1.0,0.9853771,-0.7440788,-0.6259268,-0.6259268,0.75870174,-1.0
73.804,1.2698,0.0329,1.3388,0.0,0.0,1.0,0.9772077,-0.730834,-0.6143351,-0.6143351,0.7536263,-1.0,0.9772077,-0.730834,-0.6143351,-0.6143351,0.7536263,-1.0
73.855,1.2571,0.0334,1.3363,0.0,0.0,1.0,0.96361804,-0.7130399,-0.6135429,-0.6135429,0.7494218,-1.0,0.96361804,-0.7130399,-0.6135429,-0.6135429,0.7494218,-1.0
73.905,1.2377,0.0340,1.3319,0.0,0.0,1.0,0.96187,-0.70955426,-0.6085938,-0.6085938,0.7476843,-1.0,0.96187,-0.70955426,-0.6085938,-0.6085938,0.7476843,-1.0
73.955,1.2244,0.0345,1.3285,0.0,0.0,1.0,0.9475059,-0.69098383,-0.60323805,-0.60323805,0.74347794,-1.0,0.9475059,-0.69098383,-0.60323805,-0.60323805,0.74347794,-1.0
74.005,1.2043,0.0352,1.3229,0.0,0.0,1.0,0.9504173,-0.6945279,-0.6016352,-0.6016352,0.74411064,-1.0,0.9504173,-0.6945279,-0.6016352,-0.6016352,0.74411064,-1.0
74.055,1.1907,0.0356,1.3188,0.0,0.0,1.0,0.93791544,-0.67946863,-0.5934568,-0.5934568,0.7415532,-1.0,0.93791544,-0.67946863,-0.5934568,-0.5934568,0.7415532,-1.0
74.105,1.1702,0.0363,1.3121,0.0,0.0,1.0,0.94279426,-0.68578595,-0.59367687,-0.59367687,0.7429917,-1.0,0.94279426,-0.68578595,-0.59367687,-0.59367687,0.7429917,-1.0
74.155,1.1563,0.0367,1.3073,0.0,0.0,1.0,0.93319136,-0.6757169,-0.58335334,-0.58335334,0.7425255,-1.0,0.93319136,-0.6757169,-0.58335334,-0.58335334,0.7425255,-1.0
74.205,1.1354,0.0374,1.2997,0.0,0.0,1.0,0.9381362,-0.6820262,-0.58440095,-0.58440095,0.74389005,-1.0,0.9381362,-0.6820262,-0.58440095,-0.58440095,0.74389005,-1.0
74.255,1.1214,0.0378,1.2944,0.0,0.0,1.0,0.93157595,-0.6769844,-0.57203865,-0.57203865,0.7454085,-1.0,0.93157595,-0.6769844,-0.57203865,-0.57203865,0.7454085,-1.0
74.305,1.1003,0.0384,1.2861,0.0,0.0,1.0,0.93586355,-0.68220997,-0.57352644,-0.57352644,0.7463464,-1.0,0.93586355,-0.68220997,-0.57352644,-0.57352644,0.7463464,-1.0
74.355,1.0861,0.0387,1.2802,0.0,0.0,1.0,0.9319894,-0.68149096,-0.5588644,-0.5588644,0.74950165,-1.0,0.9319894,-0.68149096,-0.5588644,-0.5588644,0.74950165,-1.0
74.405,1.0648,0.0392,1.2712,0.0,0.0,1.0,0.9352631,-0.6851439,-0.56060773,-0.56060773,0.7498808,-1.0,0.9352631,-0.6851439,-0.56060773,-0.56060773,0.7498808,-1.0
74.455,1.0505,0.0395,1.2650,0.0,0.0,1.0,0.90768117,-0.6687101,-0.5282675,-0.5282675,0.73332375,-0.97229475,0.90768117,-0.6687101,-0.5282675,-0.5282675,0.73332375,-0.97229475
74.505,1.0291,0.0399,1.2554,0.0,0.0,1.0,0.916556,-0.6756333,-0.5341504,-0.5341504,0.7385677,-0.9794904,0.916556,-0.6756333,-0.5341504,-0.5341504,0.7385677,-0.9794904
74.555,1.0149,0.0402,1.2488,0.0,0.0,1.0,0.87791276,-0.65168583,-0.4929717,-0.4929717,0.7121628,-0.93838966,0.87791276,-0.65168583,-0.4929717,-0.4929717,0.7121628,-0.93838966
74.605,0.9937,0.0404,1.2388,0.0,0.0,1.0,0.8855068,-0.6565679,-0.49983633,-0.49983633,0.71640867,-0.94534755,0.8855068,-0.6565679,-0.49983633,-0.49983633,0.71640867,-0.94534755
74.655,0.9796,0.0406,1.2320,0.0,0.0,1.0,0.8465769,-0.6323846,-0.45669004,-0.45669004,0.68883556,-0.9030279,0.8465769,-0.6323846,-0.45669004,-0.45669004,0.68883556,-0.9030279
74.705,0.9587,0.0408,1.2216,0.0,0.0,1.0,0.92136264,-0.68124115,-0.5315997,-0.5315997,0.7598785,-1.0,0.92136264,-0.68124115,-0.5315997,-0.5315997,0.7598785,-1.0
74.755,0.9447,0.0408,1.2146,0.0,0.0,1.0,0.78344065,-0.5910131,-0.38336545,-0.38336545,0.6429791,-0.83540666,0.78344065,-0.5910131,-0.38336545,-0.38336545,0.6429791,-0.83540666
74.805,0.9242,0.0409,1.2040,0.0,0.0,1.0,0.79208374,-0.5973332,-0.39054838,-0.39054838,0.6485488,-0.8432993,0.79208374,-0.5973332,-0.39054838,-0.39054838,0.6485488,-0.8432993
74.855,0.9107,0.0409,1.1969,0.0,0.0,1.0,0.7573303,-0.5766792,-0.3456051,-0.3456051,0.62271696,-0.80336803,0.7573303,-0.5766792,-0.3456051,-0.3456051,0.62271696,-0.80336803
74.906,0.8908,0.0408,1.1863,0.0,0.0,1.0,0.76564974,-0.5813331,-0.3535742,-0.3535742,0.6289721,-0.81328875,0.76564974,-0.5813331,-0.3535742,-0.3535742,0.6289721,-0.81328875
74.955,0.8778,0.0407,1.1792,0.0,0.0,1.0,0.7323716,-0.56058556,-0.3088045,-0.3088045,0.60400754,-0.7757936,0.7323716,-0.56058556,-0.3088045,-0.3088045,0.60400754,-0.7757936
75.005,0.8586,0.0405,1.1685,0.0,0.0,1.0,0.74026126,-0.5650489,-0.3166977,-0.3166977,0.6100993,-0.78531164,0.74026126,-0.5650489,-0.3166977,-0.3166977,0.6100993,-0.78531164
75.055,0.8461,0.0403,1.1615,0.0,0.0,1.0,0.7080665,-0.54415745,-0.2717514,-0.2717514,0.5857316,-0.7496407,0.7080665,-0.54415745,-0.2717514,-0.2717514,0.5857316,-0.7496407
75.105,0.8276,0.0400,1.1509,0.0,0.0,1.0,0.7158855,-0.5487516,-0.27991265,-0.27991265,0.5918436,-0.75897753,0.7158855,-0.5487516,-0.27991265,-0.27991265,0.5918436,-0.75897753
75.156,0.8156,0.0398,1.1439,0.0,0.0,1.0,0.6850919,-0.52802277,-0.23538297,-0.23538297,0.5683846,-0.72545373,0.6850919,-0.52802277,-0.23538297,-0.23538297,0.5683846,-0.72545373
75.215,0.7978,0.0394,1.1334,0.0,0.0,1.0,0.69246036,-0.53252923,-0.24323048,-0.24323048,0.57417786,-0.734109,0.69246036,-0.53252923,-0.24323048,-0.24323048,0.57417786,-0.734109
75.257,0.7862,0.0391,1.1264,0.0,0.0,1.0,0.6627475,-0.5118796,-0.19881597,-0.19881597,0.5514185,-0.70228636,0.6627475,-0.5118796,-0.19881597,-0.19881597,0.5514185,-0.70228636
75.308,0.7691,0.0386,1.1160,0.0,0.0,1.0,0.6699983,-0.5165149,-0.20674565,-0.20674565,0.55711865,-0.7106021,0.6699983,-0.5165149,-0.20674565,-0.20674565,0.55711865,-0.7106021
75.356,0.7580,0.0382,1.1091,0.0,0.0,1.0,0.6417642,-0.49635798,-0.1630968,-0.1630968,0.5353792,-0.6807854,0.6417642,-0.49635798,-0.1630968,-0.1630968,0.5353792,-0.6807854
75.407,0.7416,0.0377,1.0988,0.0,0.0,1.0,0.64865917,-0.500942,-0.17072724,-0.17072724,0.54078734,-0.6885046,0.64865917,-0.500942,-0.17072724,-0.17072724,0.54078734,-0.6885046
75.456,0.7309,0.0373,1.0920,0.0,0.0,1.0,0.62162143,-0.4812156,-0.12750754,-0.12750754,0.5198463,-0.6602521,0.62162143,-0.4812156,-0.12750754,-0.12750754,0.5198463,-0.6602521
75.506,0.7152,0.0367,1.0819,0.0,0.0,1.0,0.62757677,-0.48527852,-0.13396646,-0.13396646,0.52451897,-0.66681725,0.62757677,-0.48527852,-0.13396646,-0.13396646,0.52451897,-0.66681725
75.557,0.7049,0.0363,1.0751,0.0,0.0,1.0,0.60193837,-0.4662388,-0.09152801,-0.09152801,0.5045271,-0.64022666,0.60193837,-0.4662388,-0.09152801,-0.09152801,0.5045271,-0.64022666
75.607,0.6899,0.0357,1.0651,0.0,0.0,1.0,0.608432,-0.47084817,-0.09892642,-0.09892642,0.5095826,-0.64716643,0.608432,-0.47084817,-0.09892642,-0.09892642,0.5095826,-0.64716643
75.653,0.6801,0.0352,1.0585,0.0,0.0,1.0,0.58355266,-0.4521353,-0.05626133,-0.05626133,0.4900117,-0.6214291,0.58355266,-0.4521353,-0.05626133,-0.05626133,0.4900117,-0.6214291
75.705,0.6653,0.0346,1.0485,0.0,0.0,1.0,0.92487806,-0.7139718,-0.18847151,-0.18847151,0.78909373,-1.0,0.92487806,-0.7139718,-0.18847151,-0.18847151,0.78909373,-1.0
75.766,0.6552,0.0342,1.0419,0.0,0.0,1.0,0.537026,-0.4168759,-0.003444218,-0.003444218,0.45357922,-0.57372934,0.537026,-0.4168759,-0.003444218,-0.003444218,0.45357922,-0.57372934
75.828,0.6406,0.0335,1.0320,0.0,0.0,1.0,0.5419445,-0.4210061,-0.010436,-0.010436,0.45728308,-0.5782215,0.5419445,-0.4210061,-0.010436,-0.010436,0.45728308,-0.5782215
75.877,0.6311,0.0331,1.0255,0.0,0.0,1.0,0.5179629,-0.40327084,0.032124825,0.032124825,0.43771994,-0.552412,0.5179629,-0.40327084,0.032124825,0.032124825,0.43771994,-0.552412
75.927,0.6173,0.0324,1.0158,0.0,0.0,1.0,0.52466,-0.40807173,0.024539094,0.024539094,0.4430288,-0.55961704,0.52466,-0.40807173,0.024539094,0.024539094,0.4430288,-0.55961704
75.977,0.6084,0.0319,1.0093,0.0,0.0,1.0,0.5024235,-0.39135438,0.0664051,0.0664051,0.4246584,-0.53572756,0.5024235,-0.39135438,0.0664051,0.0664051,0.4246584,-0.53572756
76.027,0.5955,0.0312,0.9997,0.0,0.0,1.0,0.508423,-0.3957058,0.059446327,0.059446327,0.42951673,-0.5422339,0.508423,-0.3957058,0.059446327,0.059446327,0.42951673,-0.5422339
76.077,0.5871,0.0307,0.9934,0.0,0.0,1.0,0.48760784,-0.37985715,0.10078191,0.10078191,0.41213185,-0.5198825,0.48760784,-0.37985715,0.10078191,0.10078191,0.41213185,-0.5198825
76.127,0.5749,0.0300,0.9840,0.0,0.0,1.0,0.4933936,-0.38411933,0.09367484,0.09367484,0.4169009,-0.52617514,0.4933936,-0.38411933,0.09367484,0.09367484,0.4169009,-0.52617514
76.167,0.5670,0.0295,0.9777,0.0,0.0,1.0,0.47425047,-0.3693824,0.1337118,0.1337118,0.4007772,-0.5056453,0.47425047,-0.3693824,0.1337118,0.1337118,0.4007772,-0.5056453
76.228,0.5556,0.0288,0.9685,0.0,0.0,1.0,0.47872153,-0.37270147,0.12856269,0.12856269,0.40451142,-0.5105315,0.47872153,-0.37270147,0.12856269,0.12856269,0.40451142,-0.5105315
76.277,0.5481,0.0283,0.9623,0.0,0.0,1.0,0.46074337,-0.35873324,0.16790065,0.16790065,0.38927624,-0.4912864,0.46074337,-0.35873324,0.16790065,0.16790065,0.38927624,-0.4912864
76.308,0.5373,0.0276,0.9533,0.0,0.0,1.0,0.46568182,-0.36246806,0.1614417,0.1614417,0.39343962,-0.49665335,0.46568182,-0.36246806,0.1614417,0.1614417,0.39343962,-0.49665335
76.366,0.5302,0.0272,0.9473,0.0,0.0,1.0,0.44845486,-0.3489941,0.2006352,0.2006352,0.37877232,-0.47823304,0.44845486,-0.3489941,0.2006352,0.2006352,0.37877232,-0.47823304
76.413,0.5200,0.0265,0.9384,0.0,0.0,1.0,0.45302084,-0.35248682,0.19450545,0.19450545,0.38265082,-0.48318487,0.45302084,-0.35248682,0.19450545,0.19450545,0.38265082,-0.48318487
76.465,0.5133,0.0261,0.9325,0.0,0.0,1.0,0.43681344,-0.3397507,0.23273548,0.23273548,0.36880368,-0.46586645,0.43681344,-0.3397507,0.23273548,0.23273548,0.36880368,-0.46586645
76.515,0.5036,0.0254,0.9239,0.0,0.0,1.0,0.44109628,-0.3430599,0.22682293,0.22682293,0.3724603,-0.47049668,0.44109628,-0.3430599,0.22682293,0.22682293,0.3724603,-0.47049668
76.565,0.4972,0.0250,0.9182,0.0,0.0,1.0,0.4256968,-0.33092874,0.2642513,0.2642513,0.35926768,-0.45403573,0.4256968,-0.33092874,0.2642513,0.2642513,0.35926768,-0.45403573
76.615,0.4880,0.0244,0.9098,0.0,0.0,1.0,0.42987567,-0.3341856,0.25822693,0.25822693,0.36284772,-0.4585378,0.42987567,-0.3341856,0.25822693,0.25822693,0.36284772,-0.4585378
76.665,0.4820,0.0240,0.9042,0.0,0.0,1.0,0.41526157,-0.32266927,0.2946424,0.2946424,0.35029775,-0.44289002,0.41526157,-0.32266927,0.2946424,0.2946424,0.35029775,-0.44289002
76.705,0.4726,0.0234,0.8962,0.0,0.0,1.0,0.92134744,-0.7144693,0.47361857,0.47361857,0.7931219,-1.0,0.92134744,-0.7144693,0.47361857,0.47361857,0.7931219,-1.0
76.758,0.4658,0.0231,0.8911,0.0,0.0,1.0,0.38415775,-0.2990828,0.32072163,0.32072163,0.32485297,-0.40992793,0.38415775,-0.2990828,0.32072163,0.32072163,0.32485297,-0.40992793
76.806,0.4560,0.0227,0.8835,0.0,0.0,1.0,0.38616872,-0.3014121,0.31389365,0.31389365,0.32647967,-0.4112363,0.38616872,-0.3014121,0.31389365,0.31389365,0.32647967,-0.4112363
76.856,0.4496,0.0224,0.8785,0.0,0.0,1.0,0.3705201,-0.2899779,0.3473005,0.3473005,0.31274316,-0.39328536,0.3705201,-0.2899779,0.3473005,0.3473005,0.31274316,-0.39328536
76.906,0.4405,0.0219,0.8712,0.0,0.0,1.0,0.37485972,-0.29303014,0.3419942,0.3419942,0.31660354,-0.39843312,0.37485972,-0.29303014,0.3419942,0.3419942,0.31660354,-0.39843312
76.955,0.4345,0.0216,0.8665,0.0,0.0,1.0,0.36052102,-0.2823457,0.3738747,0.3738747,0.30400163,-0.38217694,0.36052102,-0.2823457,0.3738747,0.3738747,0.30400163,-0.38217694
77.005,0.4259,0.0211,0.8595,0.0,0.0,1.0,0.36439335,-0.28512648,0.36903283,0.36903283,0.3074722,-0.38673908,0.36439335,-0.28512648,0.36903283,0.36903283,0.3074722,-0.38673908
77.055,0.4204,0.0208,0.8549,0.0,0.0,1.0,0.35122275,-0.27520993,0.39910138,0.39910138,0.2958553,-0.3718681,0.35122275,-0.27520993,0.39910138,0.39910138,0.2958553,-0.3718681
77.106,0.4123,0.0204,0.8483,0.0,0.0,1.0,0.35476044,-0.2778043,0.39461982,0.39461982,0.29902917,-0.37598535,0.35476044,-0.2778043,0.39461982,0.39461982,0.29902917,-0.37598535
77.155,0.4071,0.0201,0.8440,0.0,0.0,1.0,0.34238532,-0.268429,0.4233097,0.4233097,0.2880651,-0.36202145,0.34238532,-0.268429,0.4233097,0.4233097,0.2880651,-0.36202145
77.205,0.3995,0.0197,0.8377,0.0,0.0,1.0,0.34565592,-0.27086926,0.41912648,0.41912648,0.29099625,-0.36578292,0.34565592,-0.27086926,0.41912648,0.41912648,0.29099625,-0.36578292
77.258,0.3946,0.0194,0.8336,0.0,0.0,1.0,0.33394727,-0.26197672,0.4464261,0.4464261,0.28055996,-0.35253048,0.33394727,-0.26197672,0.4464261,0.4464261,0.28055996,-0.35253048
77.308,0.3874,0.0190,0.8277,0.0,0.0,1.0,0.3371799,-0.26442152,0.4421433,0.4421433,0.28345382,-0.35621223,0.3371799,-0.26442152,0.4421433,0.4421433,0.28345382,-0.35621223
77.365,0.3828,0.0187,0.8239,0.0,0.0,1.0,0.32632506,-0.25618392,0.46746776,0.46746776,0.273701,-0.34384215,0.32632506,-0.25618392,0.46746776,0.46746776,0.273701,-0.34384215
77.412,0.3760,0.0183,0.8184,0.0,0.0,1.0,0.3289637,-0.25819823,0.46426767,0.46426767,0.27606314,-0.3468286,0.3289637,-0.25819823,0.46426767,0.46426767,0.27606314,-0.3468286
77.465,0.3715,0.0181,0.8149,0.0,0.0,1.0,0.3186232,-0.25037777,0.4880663,0.4880663,0.26667875,-0.33492413,0.3186232,-0.25037777,0.4880663,0.4880663,0.26667875,-0.33492413
77.512,0.3650,0.0177,0.8098,0.0,0.0,1.0,0.32151014,-0.2525906,0.48429784,0.48429784,0.26927555,-0.3381951,0.32151014,-0.2525906,0.48429784,0.48429784,0.26927555,-0.3381951
77.563,0.3608,0.0175,0.8065,0.0,0.0,1.0,0.311592,-0.24513048,0.5066246,0.5066246,0.2601674,-0.32662892,0.311592,-0.24513048,0.5066246,0.5066246,0.2601674,-0.32662892
77.615,0.3546,0.0172,0.8019,0.0,0.0,1.0,0.3143065,-0.24721351,0.503187,0.503187,0.26262698,-0.32971996,0.3143065,-0.24721351,0.503187,0.503187,0.26262698,-0.32971996
77.677,0.3506,0.0170,0.7989,0.0,0.0,1.0,0.30489185,-0.2401801,0.523726,0.523726,0.2538677,-0.31857947,0.30489185,-0.2401801,0.523726,0.523726,0.2538677,-0.31857947
77.728,0.3444,0.0167,0.7950,0.0,0.0,1.0,0.68923753,-0.54106647,1.0,1.0,0.5852397,-0.73341084,0.68923753,-0.54106647,1.0,1.0,0.5852397,-0.73341084
77.766,0.3400,0.0165,0.7930,0.0,0.0,1.0,0.28387594,-0.22426048,0.518064,0.518064,0.23634763,-0.2959631,0.28387594,-0.22426048,0.518064,0.518064,0.23634763,-0.2959631
77.828,0.3336,0.0163,0.7901,0.0,0.0,1.0,0.285147,-0.2255499,0.5113132,0.5113132,0.23783436,-0.29743147,0.285147,-0.2255499,0.5113132,0.5113132,0.23783436,-0.29743147
77.877,0.3295,0.0161,0.7883,0.0,0.0,1.0,0.27543703,-0.21863624,0.5244682,0.5244682,0.22881703,-0.2856178,0.27543703,-0.21863624,0.5244682,0.5244682,0.22881703,-0.2856178
77.928,0.3234,0.0159,0.7856,0.0,0.0,1.0,0.2780776,-0.22049639,0.5233041,0.5233041,0.23118418,-0.2887654,0.2780776,-0.22049639,0.5233041,0.5233041,0.23118418,-0.2887654
77.977,0.3195,0.0157,0.7839,0.0,0.0,1.0,0.26897606,-0.21395892,0.5356878,0.5356878,0.22251458,-0.27753174,0.26897606,-0.21395892,0.5356878,0.5356878,0.22251458,-0.27753174
78.008,0.3137,0.0155,0.7814,0.0,0.0,1.0,0.27146202,-0.215732,0.5346193,0.5346193,0.22480258,-0.28053263,0.27146202,-0.215732,0.5346193,0.5346193,0.22480258,-0.28053263
78.058,0.3099,0.0153,0.7799,0.0,0.0,1.0,0.26286957,-0.20953023,0.5460937,0.5460937,0.21641815,-0.26975748,0.26286957,-0.20953023,0.5460937,0.5460937,0.21641815,-0.26975748
78.116,0.3044,0.0150,0.7777,0.0,0.0,1.0,0.2652072,-0.21121353,0.5451464,0.5451464,0.21863033,-0.27262402,0.2652072,-0.21121353,0.5451464,0.5451464,0.21863033,-0.27262402
78.162,0.3008,0.0148,0.7763,0.0,0.0,1.0,0.25710648,-0.20534647,0.55562323,0.55562323,0.21055393,-0.26231393,0.25710648,-0.20534647,0.55562323,0.55562323,0.21055393,-0.26231393
78.221,0.2955,0.0146,0.7743,0.0,0.0,1.0,0.2592599,-0.20690534,0.55485886,0.55485886,0.2126568,-0.26501137,0.2592599,-0.20690534,0.55485886,0.55485886,0.2126568,-0.26501137
78.261,0.2921,0.0144,0.7730,0.0,0.0,1.0,0.25157225,-0.20131701,0.5643191,0.5643191,0.20487167,-0.2551269,0.25157225,-0.20131701,0.5643191,0.5643191,0.20487167,-0.2551269
78.317,0.2875,0.0141,0.7713,0.0,0.0,1.0,0.2536742,-0.20284306,0.56364316,0.56364316,0.20699373,-0.2578249,0.2536742,-0.20284306,0.56364316,0.56364316,0.20699373,-0.2578249
78.364,0.2854,0.0138,0.7704,0.0,0.0,1.0,0.25745225,-0.21173695,0.571672,0.571672,0.1913213,-0.23703662,0.25745225,-0.21173695,0.571672,0.571672,0.1913213,-0.23703662
78.415,0.2824,0.0134,0.7691,0.0,0.0,1.0,0.28041384,-0.23969626,0.5700115,0.5700115,0.17905618,-0.21977374,0.28041384,-0.23969626,0.5700115,0.5700115,0.17905618,-0.21977374
78.465,0.2805,0.0132,0.7684,0.0,0.0,1.0,0.29343948,-0.2598143,0.57648414,0.57648414,0.15784179,-0.19146699,0.29343948,-0.2598143,0.57648414,0.57648414,0.15784179,-0.19146699
78.516,0.2777,0.0127,0.7674,0.0,0.0,1.0,0.28858504,-0.25273785,0.5762591,0.5762591,0.16543686,-0.20128405,0.28858504,-0.25273785,0.5762591,0.5762591,0.16543686,-0.20128405
78.565,0.2759,0.0124,0.7668,0.0,0.0,1.0,0.29981196,-0.26967272,0.581511,0.581511,0.14679128,-0.17693052,0.29981196,-0.26967272,0.581511,0.581511,0.14679128,-0.17693052
78.616,0.2733,0.0119,0.7660,0.0,0.0,1.0,0.29593214,-0.264061,0.58155185,0.58155185,0.15315716,-0.18502831,0.29593214,-0.264061,0.58155185,0.58155185,0.15315716,-0.18502831
78.656,0.2716,0.0116,0.7656,0.0,0.0,1.0,0.3063605,-0.27935928,0.58572847,0.58572847,0.13584393,-0.1628452,0.3063605,-0.27935928,0.58572847,0.58572847,0.13584393,-0.1628452
78.705,0.2691,0.0111,0.7655,0.0,0.0,1.0,0.5708631,-0.5088902,1.0,1.0,0.28134668,-0.3433196,0.5708631,-0.5088902,1.0,1.0,0.28134668,-0.3433196
78.755,0.2675,0.0108,0.7660,0.0,0.0,1.0,0.30209786,-0.27955133,0.55844384,0.55844384,0.11767102,-0.14021756,0.30209786,-0.27955133,0.55844384,0.55844384,0.11767102,-0.14021756
78.806,0.2652,0.0102,0.7668,0.0,0.0,1.0,0.2981382,-0.27401295,0.55515605,0.55515605,0.12372135,-0.14784661,0.2981382,-0.27401295,0.55515605,0.55515605,0.12372135,-0.14784661
78.856,0.2637,0.0098,0.7672,0.0,0.0,1.0,0.30659717,-0.28565982,0.55337256,0.55337256,0.10904308,-0.12998043,0.30659717,-0.28565982,0.55337256,0.55337256,0.10904308,-0.12998043
78.905,0.2616,0.0093,0.7679,0.0,0.0,1.0,0.30423787,-0.28227997,0.55546165,0.55546165,0.113862425,-0.13582034,0.30423787,-0.28227997,0.55546165,0.55546165,0.113862425,-0.13582034
78.957,0.2603,0.0089,0.7684,0.0,0.0,1.0,0.3130799,-0.29390457,0.5540255,0.5540255,0.09966444,-0.118839756,0.3130799,-0.29390457,0.5540255,0.5540255,0.09966444,-0.118839756
79.017,0.2584,0.0083,0.7690,0.0,0.0,1.0,0.31074587,-0.2906743,0.5559847,0.5559847,0.10429765,-0.124369234,0.31074587,-0.2906743,0.5559847,0.5559847,0.10429765,-0.124369234
79.077,0.2573,0.0078,0.7694,0.0,0.0,1.0,0.31925005,-0.3014561,0.55469525,0.55469525,0.09106461,-0.10885858,0.31925005,-0.3014561,0.55469525,0.55469525,0.09106461,-0.10885858
79.128,0.2556,0.0072,0.7700,0.0,0.0,1.0,0.31707743,-0.29852828,0.5566088,0.5566088,0.095466144,-0.11401532,0.31707743,-0.29852828,0.5566088,0.5566088,0.095466144,-0.11401532
79.158,0.2546,0.0068,0.7704,0.0,0.0,1.0,0.32567862,-0.30903685,0.5554062,0.5554062,0.08277688,-0.099418655,0.32567862,-0.30903685,0.5554062,0.5554062,0.08277688,-0.099418655
79.215,0.2532,0.0061,0.7710,0.0,0.0,1.0,0.32344043,-0.306105,0.5573144,0.5573144,0.087179594,-0.10451502,0.32344043,-0.306105,0.5573144,0.5573144,0.087179594,-0.10451502
79.267,0.2524,0.0057,0.7714,0.0,0.0,1.0,0.33192083,-0.3160691,0.55623114,0.55623114,0.075303935,-0.09115567,0.33192083,-0.3160691,0.55623114,0.55623114,0.075303935,-0.09115567
79.304,0.2512,0.0050,0.7719,0.0,0.0,1.0,0.32970297,-0.31322908,0.55810505,0.55810505,0.07953243,-0.096006304,0.32970297,-0.31322908,0.55810505,0.55810505,0.07953243,-0.096006304
79.355,0.2505,0.0045,0.7722,0.0,0.0,1.0,0.33780605,-0.32234606,0.5571916,0.5571916,0.06876011,-0.084220104,0.33780605,-0.32234606,0.5571916,0.5571916,0.06876011,-0.084220104
79.405,0.2495,0.0039,0.7727,0.0,0.0,1.0,0.33574054,-0.31990463,0.5591165,0.5591165,0.07259843,-0.08843433,0.33574054,-0.31990463,0.5591165,0.5591165,0.07259843,-0.08843433
79.455,0.2488,0.0035,0.7730,0.0,0.0,1.0,0.34360158,-0.32895443,0.558714,0.558714,0.06252268,-0.07716981,0.34360158,-0.32895443,0.558714,0.558714,0.06252268,-0.07716981
79.505,0.2480,0.0029,0.7733,0.0,0.0,1.0,0.34162807,-0.3267807,0.56064534,0.56064534,0.066085696,-0.080933064,0.34162807,-0.3267807,0.56064534,0.56064534,0.066085696,-0.080933064
79.556,0.2474,0.0026,0.7735,0.0,0.0,1.0,0.3490959,-0.33544418,0.5606119,0.5606119,0.056852967,-0.07050469,0.3490959,-0.33544418,0.5606119,0.5606119,0.056852967,-0.07050469
79.606,0.2467,0.0021,0.7738,0.0,0.0,1.0,0.34712622,-0.33324572,0.5624479,0.5624479,0.06031184,-0.07419233,0.34712622,-0.33324572,0.5624479,0.5624479,0.06031184,-0.07419233
79.666,0.2463,0.0018,0.7740,0.0,0.0,1.0,0.35410663,-0.3413963,0.56272405,0.56272405,0.05197118,-0.0646815,0.35410663,-0.3413963,0.56272405,0.56272405,0.05197118,-0.0646815
79.728,0.2456,0.0014,0.7746,0.0,0.0,1.0,0.74187165,-0.71461,1.0,1.0,0.060248796,-0.08751046,0.74187165,-0.71461,1.0,1.0,0.060248796,-0.08751046
79.777,0.2451,0.0013,0.7755,0.0,0.0,1.0,0.3465273,-0.3346909,0.5338241,0.5338241,0.04423028,-0.0560667,0.3465273,-0.3346909,0.5338241,0.5338241,0.04423028,-0.0560667
79.808,0.2445,0.0012,0.7766,0.0,0.0,1.0,0.34126335,-0.32860655,0.5320866,0.5320866,0.050386403,-0.06304321,0.34126335,-0.32860655,0.5320866,0.5320866,0.050386403,-0.06304321
79.867,0.2441,0.0011,0.7772,0.0,0.0,1.0,0.34352556,-0.33166182,0.52917665,0.52917665,0.046913914,-0.058777627,0.34352556,-0.33166182,0.52917665,0.52917665,0.046913914,-0.058777627
79.908,0.2435,0.0011,0.7780,0.0,0.0,1.0,0.34388807,-0.33224592,0.5321184,0.5321184,0.04781451,-0.05945667,0.34388807,-0.33224592,0.5321184,0.5321184,0.04781451,-0.05945667
79.965,0.2431,0.0011,0.7785,0.0,0.0,1.0,0.3468016,-0.33631557,0.5306599,0.5306599,0.043994654,-0.054480694,0.3468016,-0.33631557,0.5306599,0.5306599,0.043994654,-0.054480694
80.011,0.2427,0.0010,0.7790,0.0,0.0,1.0,0.3467799,-0.33631513,0.5333481,0.5333481,0.04522401,-0.055688813,0.3467799,-0.33631513,0.5333481,0.5333481,0.04522401,-0.055688813
80.065,0.2424,0.0010,0.7793,0.0,0.0,1.0,0.35002714,-0.34076294,0.53275764,0.53275764,0.041430976,-0.0506952,0.35002714,-0.34076294,0.53275764,0.53275764,0.041430976,-0.0506952
80.113,0.2421,0.0010,0.7797,0.0,0.0,1.0,0.34980783,-0.3403085,0.53498,0.53498,0.042910684,-0.052410036,0.34980783,-0.3403085,0.53498,0.53498,0.042910684,-0.052410036
80.166,0.2419,0.0010,0.7799,0.0,0.0,1.0,0.35324386,-0.3448584,0.53504103,0.53504103,0.039347198,-0.04773266,0.35324386,-0.3448584,0.53504103,0.53504103,0.039347198,-0.04773266
80.213,0.2417,0.0009,0.7801,0.0,0.0,1.0,0.3528515,-0.34422106,0.5370529,0.5370529,0.040891852,-0.049522307,0.3528515,-0.34422106,0.5370529,0.5370529,0.040891852,-0.049522307
80.266,0.2415,0.0009,0.7802,0.0,0.0,1.0,0.3562434,-0.34863448,0.53772616,0.53772616,0.03773504,-0.04534396,0.3562434,-0.34863448,0.53772616,0.53772616,0.03773504,-0.04534396
80.313,0.2414,0.0009,0.7803,0.0,0.0,1.0,0.35571486,-0.3478496,0.5395788,0.5395788,0.03933269,-0.047197938,0.35571486,-0.3478496,0.5395788,0.5395788,0.03933269,-0.047197938
80.365,0.2414,0.0009,0.7803,0.0,0.0,1.0,0.35893643,-0.35198292,0.5407654,0.5407654,0.036667176,-0.0436207,0.35893643,-0.35198292,0.5407654,0.5407654,0.036667176,-0.0436207
80.412,0.2414,0.0008,0.7803,0.0,0.0,1.0,0.35832104,-0.35110697,0.5424779,0.5424779,0.038276922,-0.045490984,0.35832104,-0.35110697,0.5424779,0.5424779,0.038276922,-0.045490984
80.470,0.2414,0.0008,0.7803,0.0,0.0,1.0,0.36116114,-0.3547077,0.544119,0.544119,0.03630019,-0.04275366,0.36116114,-0.3547077,0.544119,0.544119,0.03630019,-0.04275366
80.506,0.2415,0.0008,0.7802,0.0,0.0,1.0,0.36062765,-0.3539503,0.5456898,0.5456898,0.03774462,-0.044421975,0.36062765,-0.3539503,0.5456898,0.5456898,0.03774462,-0.044421975
80.556,0.2416,0.0008,0.7801,0.0,0.0,1.0,0.36305442,-0.35699436,0.54767114,0.54767114,0.036429044,-0.04248912,0.36305442,-0.35699436,0.54767114,0.54767114,0.036429044,-0.04248912
80.606,0.2417,0.0008,0.7799,0.0,0.0,1.0,0.3625011,-0.35621372,0.5491403,0.5491403,0.03782938,-0.04411677,0.3625011,-0.35621372,0.5491403,0.5491403,0.03782938,-0.04411677
80.655,0.2418,0.0008,0.7797,0.0,0.0,1.0,0.36450064,-0.35869527,0.5513991,0.5513991,0.037157316,-0.042962678,0.36450064,-0.35869527,0.5513991,0.5513991,0.037157316,-0.042962678
80.706,0.2420,0.0009,0.7799,0.0,0.0,1.0,0.81006867,-0.79725236,1.0,1.0,-0.0017599444,-0.0110563915,0.81006867,-0.79725236,1.0,1.0,-0.0017599444,-0.0110563915
80.756,0.2420,0.0011,0.7805,0.0,0.0,1.0,0.3532674,-0.34721383,0.52503455,0.52503455,0.03574215,-0.041795716,0.3532674,-0.34721383,0.52503455,0.52503455,0.03574215,-0.041795716
80.806,0.2421,0.0015,0.7812,0.0,0.0,1.0,0.3487144,-0.34192592,0.52284247,0.52284247,0.04060535,-0.04739384,0.3487144,-0.34192592,0.52284247,0.52284247,0.04060535,-0.04739384
80.856,0.2422,0.0017,0.7815,0.0,0.0,1.0,0.3455559,-0.33878005,0.5216529,0.5216529,0.044763453,-0.0515393,0.3455559,-0.33878005,0.5216529,0.5216529,0.044763453,-0.0515393
80.906,0.2423,0.0020,0.7820,0.0,0.0,1.0,0.34773216,-0.34125176,0.5242396,0.5242396,0.043317933,-0.049798325,0.34773216,-0.34125176,0.5242396,0.5242396,0.043317933,-0.049798325
80.956,0.2424,0.0022,0.7821,0.0,0.0,1.0,0.34558773,-0.3393108,0.52441895,0.52441895,0.046575725,-0.052852653,0.34558773,-0.3393108,0.52441895,0.52441895,0.046575725,-0.052852653
81.006,0.2425,0.0025,0.7823,0.0,0.0,1.0,0.34724203,-0.34102607,0.52673495,0.52673495,0.04566895,-0.0518849,0.34724203,-0.34102607,0.52673495,0.52673495,0.04566895,-0.0518849
81.056,0.2426,0.0027,0.7824,0.0,0.0,1.0,0.3458071,-0.3397469,0.5276594,0.5276594,0.04843906,-0.054499254,0.3458071,-0.3397469,0.5276594,0.5276594,0.04843906,-0.054499254
81.106,0.2429,0.0029,0.7824,0.0,0.0,1.0,0.34728923,-0.3411887,0.52954245,0.52954245,0.04775283,-0.053853374,0.34728923,-0.3411887,0.52954245,0.52954245,0.04775283,-0.053853374
81.155,0.2430,0.0031,0.7824,0.0,0.0,1.0,0.34646553,-0.34050298,0.53106874,0.53106874,0.050137967,-0.05610049,0.34646553,-0.34050298,0.53106874,0.53106874,0.050137967,-0.05610049
81.206,0.2433,0.0032,0.7823,0.0,0.0,1.0,0.34766003,-0.3416496,0.5327963,0.5327963,0.049698062,-0.05570852,0.34766003,-0.3416496,0.5327963,0.5327963,0.049698062,-0.05570852
81.256,0.2435,0.0034,0.7822,0.0,0.0,1.0,0.3472787,-0.34137702,0.53486747,0.53486747,0.05183682,-0.05773851,0.3472787,-0.34137702,0.53486747,0.53486747,0.05183682,-0.05773851
81.306,0.2439,0.0035,0.7819,0.0,0.0,1.0,0.34825045,-0.34229353,0.5364484,0.5364484,0.051565293,-0.057522204,0.34825045,-0.34229353,0.5364484,0.5364484,0.051565293,-0.057522204
81.356,0.2441,0.0036,0.7818,0.0,0.0,1.0,0.34817743,-0.342287,0.5389711,0.5389711,0.053557202,-0.059447635,0.34817743,-0.342287,0.5389711,0.5389711,0.053557202,-0.059447635
81.406,0.2445,0.0037,0.7814,0.0,0.0,1.0,0.34895748,-0.3430104,0.5404139,0.5404139,0.05342892,-0.059376005,0.34895748,-0.3430104,0.5404139,0.5404139,0.05342892,-0.059376005
81.455,0.2448,0.0038,0.7812,0.0,0.0,1.0,0.34905675,-0.34312546,0.5432971,0.5432971,0.05538297,-0.061314248,0.34905675,-0.34312546,0.5432971,0.5432971,0.05538297,-0.061314248
81.506,0.2452,0.0039,0.7808,0.0,0.0,1.0,0.3496867,-0.34370098,0.54462045,0.54462045,0.055364344,-0.061350066,0.3496867,-0.34370098,0.54462045,0.54462045,0.055364344,-0.061350066
81.555,0.2455,0.0040,0.7805,0.0,0.0,1.0,0.34983423,-0.3438058,0.54777426,0.54777426,0.05737506,-0.063403495,0.34983423,-0.3438058,0.54777426,0.54777426,0.05737506,-0.063403495
81.606,0.2460,0.0040,0.7801,0.0,0.0,1.0,0.35035974,-0.34428096,0.54899806,0.54899806,0.057425275,-0.06350407,0.35035974,-0.34428096,0.54899806,0.54899806,0.057425275,-0.06350407
81.655,0.2463,0.0041,0.7798,0.0,0.0,1.0,0.3504447,-0.3442586,0.5523496,0.5523496,0.0595849,-0.065770976,0.3504447,-0.3442586,0.5523496,0.5523496,0.0595849,-0.065770976
81.705,0.2467,0.0043,0.7796,0.0,0.0,1.0,0.7809439,-0.76861995,1.0,1.0,0.042253185,-0.054577135,0.7809439,-0.76861995,1.0,1.0,0.042253185,-0.054577135
81.756,0.2470,0.0045,0.7798,0.0,0.0,1.0,0.3405012,-0.33381388,0.5283452,0.5283452,0.057558298,-0.06424559,0.3405012,-0.33381388,0.5283452,0.5283452,0.057558298,-0.06424559
81.806,0.2475,0.0047,0.7800,0.0,0.0,1.0,0.33732522,-0.33009672,0.52625734,0.52625734,0.060937017,-0.068165496,0.33732522,-0.33009672,0.52625734,0.52625734,0.060937017,-0.068165496
81.856,0.2479,0.0049,0.7801,0.0,0.0,1.0,0.33112,-0.32211414,0.52708536,0.52708536,0.07000063,-0.079006515,0.33112,-0.32211414,0.52708536,0.52708536,0.07000063,-0.079006515
81.906,0.2486,0.0053,0.7802,0.0,0.0,1.0,0.33216685,-0.32290953,0.5292821,0.5292821,0.07014059,-0.07939792,0.33216685,-0.32290953,0.5292821,0.5292821,0.07014059,-0.07939792
81.956,0.2490,0.0055,0.7801,0.0,0.0,1.0,0.32898498,-0.3192898,0.53079665,0.53079665,0.07599015,-0.08568531,0.32898498,-0.3192898,0.53079665,0.53079665,0.07599015,-0.08568531
82.006,0.2496,0.0058,0.7800,0.0,0.0,1.0,0.33170116,-0.3225445,0.5326675,0.5326675,0.073638864,-0.08279554,0.33170116,-0.3225445,0.5326675,0.5326675,0.073638864,-0.08279554
82.056,0.2500,0.0060,0.7798,0.0,0.0,1.0,0.32904196,-0.31950143,0.53503203,0.53503203,0.0789584,-0.08849892,0.32904196,-0.31950143,0.53503203,0.53503203,0.0789584,-0.08849892
82.106,0.2506,0.0064,0.7795,0.0,0.0,1.0,0.3310906,-0.32178134,0.5367483,0.5367483,0.07731056,-0.08661981,0.3310906,-0.32178134,0.5367483,0.5367483,0.07731056,-0.08661981
82.156,0.2510,0.0065,0.7792,0.0,0.0,1.0,0.3290338,-0.31943908,0.53974354,0.53974354,0.08198943,-0.091584116,0.3290338,-0.31943908,0.53974354,0.53974354,0.08198943,-0.091584116
82.206,0.2516,0.0068,0.7788,0.0,0.0,1.0,0.3307586,-0.32127708,0.5412125,0.5412125,0.080670275,-0.090151824,0.3307586,-0.32127708,0.5412125,0.5412125,0.080670275,-0.090151824
82.256,0.2520,0.0070,0.7785,0.0,0.0,1.0,0.3293596,-0.31962264,0.5444504,0.5444504,0.08469731,-0.09443429,0.3293596,-0.31962264,0.5444504,0.5444504,0.08469731,-0.09443429
82.306,0.2526,0.0072,0.7781,0.0,0.0,1.0,0.3308232,-0.32114384,0.54568607,0.54568607,0.08367995,-0.09335931,0.3308232,-0.32114384,0.54568607,0.54568607,0.08367995,-0.09335931
82.356,0.2529,0.0073,0.7778,0.0,0.0,1.0,0.32987005,-0.31996706,0.54910946,0.54910946,0.08723892,-0.09714192,0.32987005,-0.31996706,0.54910946,0.54910946,0.08723892,-0.09714192
82.405,0.2535,0.0075,0.7773,0.0,0.0,1.0,0.33105665,-0.3211901,0.5502586,0.5502586,0.08649632,-0.0963629,0.33105665,-0.3211901,0.5502586,0.5502586,0.08649632,-0.0963629
82.455,0.2539,0.0076,0.7769,0.0,0.0,1.0,0.33036372,-0.32028502,0.553794,0.553794,0.08976836,-0.099847056,0.33036372,-0.32028502,0.553794,0.553794,0.08976836,-0.099847056
82.506,0.2545,0.0078,0.7764,0.0,0.0,1.0,0.3313567,-0.32130048,0.55485696,0.55485696,0.08920206,-0.09925831,0.3313567,-0.32130048,0.55485696,0.55485696,0.08920206,-0.09925831
82.556,0.2548,0.0079,0.7761,0.0,0.0,1.0,0.33079174,-0.32052016,0.55842996,0.55842996,0.092303045,-0.10257463,0.33079174,-0.32052016,0.55842996,0.55842996,0.092303045,-0.10257463
82.606,0.2554,0.0081,0.7756,0.0,0.0,1.0,0.3316352,-0.32137537,0.55943936,0.55943936,0.091886275,-0.10214612,0.3316352,-0.32137537,0.55943936,0.55943936,0.091886275,-0.10214612
82.656,0.2557,0.0082,0.7752,0.0,0.0,1.0,0.33108896,-0.3205989,0.5629823,0.5629823,0.09490997,-0.105400026,0.33108896,-0.3205989,0.5629823,0.5629823,0.09490997,-0.105400026
82.706,0.2562,0.0084,0.7750,0.0,0.0,1.0,0.71540403,-0.69505185,1.0,1.0,0.12265324,-0.14300539,0.71540403,-0.69505185,1.0,1.0,0.12265324,-0.14300539
82.756,0.2565,0.0086,0.7753,0.0,0.0,1.0,0.3211666,-0.31026578,0.5384429,0.5384429,0.092405975,-0.1033068,0.3211666,-0.31026578,0.5384429,0.5384429,0.092405975,-0.1033068
82.805,0.2569,0.0089,0.7756,0.0,0.0,1.0,0.3188881,-0.30746254,0.53625584,0.53625584,0.09487799,-0.10630354,0.3188881,-0.30746254,0.53625584,0.53625584,0.09487799,-0.10630354
82.856,0.2571,0.0091,0.7757,0.0,0.0,1.0,0.3158633,-0.3039863,0.5366273,0.5366273,0.09985634,-0.11173333,0.3158633,-0.3039863,0.5366273,0.5366273,0.09985634,-0.11173333
82.906,0.2575,0.0094,0.7759,0.0,0.0,1.0,0.31799287,-0.30645767,0.5386603,0.5386603,0.09822004,-0.10975523,0.31799287,-0.30645767,0.5386603,0.5386603,0.09822004,-0.10975523
82.956,0.2577,0.0096,0.7759,0.0,0.0,1.0,0.31570527,-0.30394775,0.5398061,0.5398061,0.102380954,-0.11413846,0.31570527,-0.30394775,0.5398061,0.5398061,0.102380954,-0.11413846
83.006,0.2580,0.0099,0.7759,0.0,0.0,1.0,0.31740075,-0.3058091,0.5416778,0.5416778,0.101219505,-0.11281116,0.31740075,-0.3058091,0.5416778,0.5416778,0.101219505,-0.11281116
83.056,0.2582,0.0101,0.7758,0.0,0.0,1.0,0.31553888,-0.3038215,0.5434192,0.5434192,0.10489691,-0.11661429,0.31553888,-0.3038215,0.5434192,0.5434192,0.10489691,-0.11661429
83.107,0.2586,0.0103,0.7757,0.0,0.0,1.0,0.31697026,-0.30530465,0.5450835,0.5450835,0.1040392,-0.11570482,0.31697026,-0.30530465,0.5450835,0.5450835,0.1040392,-0.11570482
83.156,0.2588,0.0105,0.7756,0.0,0.0,1.0,0.31563315,-0.30383435,0.5470552,0.5470552,0.107210964,-0.119009756,0.31563315,-0.30383435,0.5470552,0.5470552,0.107210964,-0.119009756
83.206,0.2591,0.0107,0.7754,0.0,0.0,1.0,0.31694013,-0.30515322,0.54849523,0.54849523,0.10651178,-0.11829868,0.31694013,-0.30515322,0.54849523,0.54849523,0.10651178,-0.11829868
83.257,0.2593,0.0108,0.7753,0.0,0.0,1.0,0.31602287,-0.30411616,0.5506712,0.5506712,0.109247334,-0.12115403,0.31602287,-0.30411616,0.5506712,0.5506712,0.109247334,-0.12115403
83.307,0.2596,0.0110,0.7751,0.0,0.0,1.0,0.3171154,-0.30520988,0.5520385,0.5520385,0.10876503,-0.12067056,0.3171154,-0.30520988,0.5520385,0.5520385,0.10876503,-0.12067056
83.357,0.2598,0.0111,0.7750,0.0,0.0,1.0,0.31647763,-0.3044544,0.5543493,0.5543493,0.1111975,-0.123220734,0.31647763,-0.3044544,0.5543493,0.5543493,0.1111975,-0.123220734
83.407,0.2601,0.0112,0.7747,0.0,0.0,1.0,0.31744516,-0.3054166,0.55565023,0.55565023,0.110822566,-0.12285111,0.31744516,-0.3054166,0.55565023,0.55565023,0.110822566,-0.12285111
83.457,0.2604,0.0113,0.7746,0.0,0.0,1.0,0.31698287,-0.30482975,0.5580548,0.5580548,0.113059156,-0.12521225,0.31698287,-0.30482975,0.5580548,0.5580548,0.113059156,-0.12521225
83.506,0.2607,0.0114,0.7743,0.0,0.0,1.0,0.31782538,-0.30566236,0.55930054,0.55930054,0.1128049,-0.12496792,0.31782538,-0.30566236,0.55930054,0.55930054,0.1128049,-0.12496792
83.556,0.2608,0.0115,0.7742,0.0,0.0,1.0,0.3174915,-0.3051947,0.56173474,0.56173474,0.11486622,-0.12716301,0.3174915,-0.3051947,0.56173474,0.56173474,0.11486622,-0.12716301
83.607,0.2611,0.0116,0.7739,0.0,0.0,1.0,0.3182241,-0.30591676,0.5629396,0.5629396,0.114729166,-0.12703651,0.3182241,-0.30591676,0.5629396,0.5629396,0.114729166,-0.12703651
83.656,0.2613,0.0117,0.7738,0.0,0.0,1.0,0.3179555,-0.30550578,0.5653424,0.5653424,0.11666293,-0.12911266,0.3179555,-0.30550578,0.5653424,0.5653424,0.11666293,-0.12911266
83.707,0.2615,0.0119,0.7740,0.0,0.0,1.0,0.67415476,-0.6499443,1.0,1.0,0.1768875,-0.20109795,0.67415476,-0.6499443,1.0,1.0,0.1768875,-0.20109795
83.757,0.2616,0.0120,0.7745,0.0,0.0,1.0,0.30724427,-0.2943969,0.538209,0.538209,0.11375614,-0.12660353,0.30724427,-0.2943969,0.538209,0.538209,0.11375614,-0.12660353
83.807,0.2617,0.0123,0.7753,0.0,0.0,1.0,0.3051892,-0.29180536,0.53587395,0.53587395,0.11609745,-0.12948127,0.3051892,-0.29180536,0.53587395,0.53587395,0.11609745,-0.12948127
83.856,0.2618,0.0124,0.7757,0.0,0.0,1.0,0.30232394,-0.28850302,0.5342212,0.5342212,0.12004644,-0.13386734,0.30232394,-0.28850302,0.5342212,0.5342212,0.12004644,-0.13386734
83.907,0.2619,0.0127,0.7763,0.0,0.0,1.0,0.30457887,-0.29115275,0.53669024,0.53669024,0.11845398,-0.13188007,0.30457887,-0.29115275,0.53669024,0.53669024,0.11845398,-0.13188007
83.956,0.2619,0.0128,0.7766,0.0,0.0,1.0,0.30281097,-0.28930318,0.53606755,0.53606755,0.12124172,-0.1347495,0.30281097,-0.28930318,0.53606755,0.53606755,0.12124172,-0.1347495
84.007,0.2620,0.0130,0.7770,0.0,0.0,1.0,0.30457616,-0.29126737,0.53836185,0.53836185,0.120176226,-0.133485,0.30457616,-0.29126737,0.53836185,0.53836185,0.120176226,-0.133485
84.057,0.2620,0.0132,0.7772,0.0,0.0,1.0,0.30344605,-0.2902165,0.538514,0.538514,0.12227997,-0.13550952,0.30344605,-0.2902165,0.538514,0.538514,0.12227997,-0.13550952
84.107,0.2620,0.0133,0.7774,0.0,0.0,1.0,0.30484474,-0.29168904,0.5406157,0.5406157,0.12160292,-0.13475862,0.30484474,-0.29168904,0.5406157,0.5406157,0.12160292,-0.13475862
84.156,0.2621,0.0134,0.7774,0.0,0.0,1.0,0.30425254,-0.29122162,0.54150724,0.54150724,0.123155706,-0.13618663,0.30425254,-0.29122162,0.54150724,0.54150724,0.123155706,-0.13618663
84.207,0.2621,0.0136,0.7775,0.0,0.0,1.0,0.3053726,-0.29231706,0.5433015,0.5433015,0.12280926,-0.1358648,0.3053726,-0.29231706,0.5433015,0.5433015,0.12280926,-0.1358648
84.257,0.2622,0.0136,0.7776,0.0,0.0,1.0,0.3053401,-0.29241583,0.5444497,0.5444497,0.123873755,-0.13679805,0.3053401,-0.29241583,0.5444497,0.5444497,0.123873755,-0.13679805
84.307,0.2623,0.0137,0.7776,0.0,0.0,1.0,0.30631578,-0.29335865,0.54607165,0.54607165,0.123680875,-0.136638,0.30631578,-0.29335865,0.54607165,0.54607165,0.123680875,-0.136638
84.357,0.2623,0.0138,0.7775,0.0,0.0,1.0,0.30670357,-0.293885,0.5475421,0.5475421,0.12438038,-0.13719897,0.30670357,-0.293885,0.5475421,0.5475421,0.12438038,-0.13719897
84.407,0.2624,0.0138,0.7775,0.0,0.0,1.0,0.3074539,-0.29459167,0.5490676,0.5490676,0.12440377,-0.13726601,0.3074539,-0.29459167,0.5490676,0.5490676,0.12440377,-0.13726601
84.457,0.2625,0.0139,0.7774,0.0,0.0,1.0,0.30812618,-0.29539976,0.5507722,0.5507722,0.12485641,-0.13758284,0.30812618,-0.29539976,0.5507722,0.5507722,0.12485641,-0.13758284
84.507,0.2626,0.0139,0.7773,0.0,0.0,1.0,0.30871406,-0.2959343,0.5522213,0.5522213,0.12502836,-0.13780813,0.30871406,-0.2959343,0.5522213,0.5522213,0.12502836,-0.13780813
84.557,0.2627,0.0139,0.7772,0.0,0.0,1.0,0.30957785,-0.2969215,0.5541071,0.5541071,0.12531817,-0.13797455,0.30957785,-0.2969215,0.5541071,0.5541071,0.12531817,-0.13797455
84.607,0.2628,0.0139,0.7771,0.0,0.0,1.0,0.31002647,-0.29730967,0.5554842,0.5554842,0.12561595,-0.13833275,0.31002647,-0.29730967,0.5554842,0.5554842,0.12561595,-0.13833275
84.666,0.2629,0.0139,0.7770,0.0,0.0,1.0,0.31098124,-0.29836258,0.5574944,0.5574944,0.12583104,-0.13844971,0.31098124,-0.29836258,0.5574944,0.5574944,0.12583104,-0.13844971
84.708,0.2629,0.0140,0.7773,0.0,0.0,1.0,0.6607567,-0.63536036,1.0,1.0,0.2076245,-0.23302083,0.6607567,-0.63536036,1.0,1.0,0.2076245,-0.23302083
84.757,0.2629,0.0141,0.7779,0.0,0.0,1.0,0.30128807,-0.28856337,0.530401,0.530401,0.12135862,-0.1340833,0.30128807,-0.28856337,0.530401,0.530401,0.12135862,-0.1340833
84.807,0.2629,0.0142,0.7787,0.0,0.0,1.0,0.29904735,-0.28580633,0.5281334,0.5281334,0.12395944,-0.13720047,0.29904735,-0.28580633,0.5281334,0.5281334,0.12395944,-0.13720047
84.857,0.2628,0.0143,0.7792,0.0,0.0,1.0,0.29750994,-0.2841273,0.526298,0.526298,0.12613127,-0.1395139,0.29750994,-0.2841273,0.526298,0.526298,0.12613127,-0.1395139
84.907,0.2628,0.0145,0.7798,0.0,0.0,1.0,0.29930586,-0.28624988,0.52893764,0.52893764,0.12512772,-0.13818371,0.29930586,-0.28624988,0.52893764,0.52893764,0.12512772,-0.13818371
84.957,0.2627,0.0146,0.7801,0.0,0.0,1.0,0.29869848,-0.2858057,0.5282708,0.5282708,0.1263674,-0.13926019,0.29869848,-0.2858057,0.5282708,0.5282708,0.1263674,-0.13926019
85.008,0.2627,0.0147,0.7804,0.0,0.0,1.0,0.29997694,-0.2872062,0.53059924,0.53059924,0.12588906,-0.13865979,0.29997694,-0.2872062,0.53059924,0.53059924,0.12588906,-0.13865979
85.057,0.2626,0.0148,0.7806,0.0,0.0,1.0,0.29991433,-0.28740004,0.5308814,0.5308814,0.12659268,-0.13910696,0.29991433,-0.28740004,0.5308814,0.5308814,0.12659268,-0.13910696
85.107,0.2626,0.0149,0.7808,0.0,0.0,1.0,0.3008674,-0.28833476,0.53300655,0.53300655,0.12646067,-0.13899334,0.3008674,-0.28833476,0.53300655,0.53300655,0.12646067,-0.13899334
85.157,0.2626,0.0149,0.7808,0.0,0.0,1.0,0.30116317,-0.28879303,0.533978,0.533978,0.12687317,-0.1392433,0.30116317,-0.28879303,0.533978,0.533978,0.12687317,-0.1392433
85.208,0.2626,0.0149,0.7809,0.0,0.0,1.0,0.30202764,-0.2895888,0.53573334,0.53573334,0.12688242,-0.13932124,0.30202764,-0.2895888,0.53573334,0.53573334,0.12688242,-0.13932124
85.257,0.2626,0.0149,0.7809,0.0,0.0,1.0,0.30288708,-0.29062426,0.53704566,0.53704566,0.12685454,-0.13911735,0.30288708,-0.29062426,0.53704566,0.53704566,0.12685454,-0.13911735
85.307,0.2626,0.0149,0.7808,0.0,0.0,1.0,0.30354646,-0.29121867,0.5386717,0.5386717,0.12704928,-0.13937706,0.30354646,-0.29121867,0.5386717,0.5386717,0.12704928,-0.13937706
85.357,0.2626,0.0149,0.7808,0.0,0.0,1.0,0.30472317,-0.29254264,0.5403555,0.5403555,0.1267973,-0.13897784,0.30472317,-0.29254264,0.5403555,0.5403555,0.1267973,-0.13897784
85.407,0.2627,0.0149,0.7807,0.0,0.0,1.0,0.30519256,-0.2929406,0.54187447,0.54187447,0.12715898,-0.13941094,0.30519256,-0.2929406,0.54187447,0.54187447,0.12715898,-0.13941094
85.465,0.2627,0.0149,0.7806,0.0,0.0,1.0,0.30657533,-0.29443434,0.5438472,0.5438472,0.12677361,-0.1389146,0.30657533,-0.29443434,0.5438472,0.5438472,0.12677361,-0.1389146
85.509,0.2628,0.0148,0.7804,0.0,0.0,1.0,0.30689552,-0.29468158,0.54526806,0.54526806,0.12726125,-0.1394752,0.30689552,-0.29468158,0.54526806,0.54526806,0.12726125,-0.1394752
85.565,0.2629,0.0148,0.7803,0.0,0.0,1.0,0.3083812,-0.29623443,0.54746336,0.54746336,0.12683305,-0.13897981,0.3083812,-0.29623443,0.54746336,0.54746336,0.12683305,-0.13897981
85.612,0.2630,0.0147,0.7801,0.0,0.0,1.0,0.30859506,-0.29637793,0.5488004,0.5488004,0.1274057,-0.13962282,0.30859506,-0.29637793,0.5488004,0.5488004,0.1274057,-0.13962282
85.665,0.2630,0.0146,0.7799,0.0,0.0,1.0,0.3100906,-0.2978917,0.55115086,0.55115086,0.12701271,-0.13921161,0.3100906,-0.2978917,0.55115086,0.55115086,0.12701271,-0.13921161
85.716,0.2631,0.0146,0.7799,0.0,0.0,1.0,0.6654447,-0.6407169,1.0,1.0,0.21529157,-0.2400193,0.6654447,-0.6407169,1.0,1.0,0.21529157,-0.2400193
85.755,0.2631,0.0146,0.7805,0.0,0.0,1.0,0.30164286,-0.2894297,0.52603215,0.52603215,0.12133427,-0.13354743,0.30164286,-0.2894297,0.52603215,0.52603215,0.12133427,-0.13354743
85.805,0.2630,0.0147,0.7812,0.0,0.0,1.0,0.2985633,-0.28570983,0.52295035,0.52295035,0.124716476,-0.13756996,0.2985633,-0.28570983,0.52295035,0.52295035,0.124716476,-0.13756996
85.855,0.2630,0.0148,0.7816,0.0,0.0,1.0,0.29713467,-0.28398094,0.521233,0.521233,0.12670894,-0.13986267,0.29713467,-0.28398094,0.521233,0.521233,0.12670894,-0.13986267
85.906,0.2629,0.0149,0.7821,0.0,0.0,1.0,0.29874808,-0.28594854,0.523744,0.523744,0.12588985,-0.13868937,0.29874808,-0.28594854,0.523744,0.523744,0.12588985,-0.13868937
85.955,0.2629,0.0149,0.7824,0.0,0.0,1.0,0.29841748,-0.28568366,0.5234532,0.5234532,0.1268052,-0.13953902,0.29841748,-0.28568366,0.5234532,0.5234532,0.1268052,-0.13953902
86.005,0.2628,0.0150,0.7827,0.0,0.0,1.0,0.29960534,-0.28701136,0.52577263,0.52577263,0.12643948,-0.13903347,0.29960534,-0.28701136,0.52577263,0.52577263,0.12643948,-0.13903347
86.056,0.2627,0.0150,0.7828,0.0,0.0,1.0,0.29970455,-0.28724623,0.52639616,0.52639616,0.12693259,-0.13939093,0.29970455,-0.28724623,0.52639616,0.52639616,0.12693259,-0.13939093
86.105,0.2627,0.0150,0.7828,0.0,0.0,1.0,0.30055368,-0.2880609,0.52848595,0.52848595,0.12692814,-0.13942094,0.30055368,-0.2880609,0.52848595,0.52848595,0.12692814,-0.13942094
86.155,0.2627,0.0150,0.7829,0.0,0.0,1.0,0.30109447,-0.28862333,0.52972806,0.52972806,0.12710649,-0.13957764,0.30109447,-0.28862333,0.52972806,0.52972806,0.12710649,-0.13957764
86.205,0.2627,0.0150,0.7828,0.0,0.0,1.0,0.3019123,-0.28940186,0.53141934,0.53141934,0.127176,-0.13968644,0.3019123,-0.28940186,0.53141934,0.53141934,0.127176,-0.13968644
86.256,0.2627,0.0150,0.7828,0.0,0.0,1.0,0.3029569,-0.29048124,0.5330613,0.5330613,0.12696826,-0.13944393,0.3029569,-0.29048124,0.5330613,0.5330613,0.12696826,-0.13944393
86.307,0.2627,0.0149,0.7827,0.0,0.0,1.0,0.30355543,-0.2910353,0.534631,0.534631,0.12723286,-0.13975301,0.30355543,-0.2910353,0.534631,0.534631,0.12723286,-0.13975301
86.357,0.2628,0.0149,0.7826,0.0,0.0,1.0,0.30491522,-0.29240787,0.5366373,0.5366373,0.12680638,-0.13931373,0.30491522,-0.29240787,0.5366373,0.5366373,0.12680638,-0.13931373
86.407,0.2628,0.0148,0.7824,0.0,0.0,1.0,0.30533022,-0.29277647,0.5380913,0.5380913,0.12722771,-0.13978145,0.30533022,-0.29277647,0.5380913,0.5380913,0.12722771,-0.13978145
86.457,0.2629,0.0147,0.7822,0.0,0.0,1.0,0.30686662,-0.29429513,0.54038733,0.54038733,0.1267155,-0.13928697,0.30686662,-0.29429513,0.54038733,0.54038733,0.1267155,-0.13928697
86.507,0.2630,0.0146,0.7820,0.0,0.0,1.0,0.3071653,-0.29454732,0.5417551,0.5417551,0.12722711,-0.1398451,0.3071653,-0.29454732,0.5417551,0.5417551,0.12722711,-0.1398451
86.556,0.2630,0.0146,0.7818,0.0,0.0,1.0,0.30880243,-0.29613042,0.5442597,0.5442597,0.126672,-0.139344,0.30880243,-0.29613042,0.5442597,0.5442597,0.126672,-0.139344
86.606,0.2631,0.0144,0.7815,0.0,0.0,1.0,0.30895558,-0.29623798,0.54552424,0.54552424,0.12730762,-0.14002523,0.30895558,-0.29623798,0.54552424,0.54552424,0.12730762,-0.14002523
86.656,0.2632,0.0144,0.7813,0.0,0.0,1.0,0.31059843,-0.29778522,0.548186,0.548186,0.12680233,-0.13961554,0.31059843,-0.29778522,0.548186,0.548186,0.12680233,-0.13961554
86.707,0.2631,0.0143,0.7815,0.0,0.0,1.0,0.21223086,-0.18633817,1.0,1.0,0.6746533,-0.70054597,0.21223086,-0.18633817,1.0,1.0,0.6746533,-0.70054597
86.766,0.2627,0.0143,0.7821,0.0,0.0,1.0,0.13480888,-0.12696934,0.52159876,0.52159876,0.28725597,-0.29509553,0.13480888,-0.12696934,0.52159876,0.52159876,0.28725597,-0.29509553
86.807,0.2620,0.0143,0.7830,0.0,0.0,1.0,0.14407085,-0.1406139,0.51848376,0.51848376,0.27701703,-0.28047398,0.14407085,-0.1406139,0.51848376,0.51848376,0.27701703,-0.28047398
86.857,0.2614,0.0143,0.7836,0.0,0.0,1.0,0.15824021,-0.16093384,0.5161263,0.5161263,0.26098016,-0.25828654,0.15824021,-0.16093384,0.5161263,0.5161263,0.26098016,-0.25828654
86.907,0.2605,0.0143,0.7843,0.0,0.0,1.0,0.15409686,-0.15564798,0.5185815,0.5185815,0.26575476,-0.26420364,0.15409686,-0.15564798,0.5185815,0.5185815,0.26575476,-0.26420364
86.956,0.2599,0.0143,0.7847,0.0,0.0,1.0,0.16635434,-0.17339589,0.5171711,0.5171711,0.25103587,-0.24399433,0.16635434,-0.17339589,0.5171711,0.5171711,0.25103587,-0.24399433
87.007,0.2590,0.0143,0.7852,0.0,0.0,1.0,0.1638013,-0.17001908,0.5195084,0.5195084,0.25483194,-0.24861419,0.1638013,-0.17001908,0.5195084,0.5195084,0.25483194,-0.24861419
87.057,0.2584,0.0143,0.7855,0.0,0.0,1.0,0.17840669,-0.1905002,0.5190529,0.5190529,0.23842691,-0.22633341,0.17840669,-0.1905002,0.5190529,0.5190529,0.23842691,-0.22633341
87.107,0.2575,0.0142,0.7859,0.0,0.0,1.0,0.17461248,-0.18557772,0.52114487,0.52114487,0.24331543,-0.23235017,0.17461248,-0.18557772,0.52114487,0.52114487,0.24331543,-0.23235017
87.165,0.2569,0.0142,0.7861,0.0,0.0,1.0,0.18734238,-0.20349397,0.5212763,0.5212763,0.22840467,-0.21225308,0.18734238,-0.20349397,0.5212763,0.5212763,0.22840467,-0.21225308
87.212,0.2560,0.0141,0.7863,0.0,0.0,1.0,0.18340884,-0.19838005,0.52319413,0.52319413,0.23348968,-0.21851848,0.18340884,-0.19838005,0.52319413,0.52319413,0.23348968,-0.21851848
87.265,0.2554,0.0141,0.7864,0.0,0.0,1.0,0.19500484,-0.214607,0.5238633,0.5238633,0.21960212,-0.19999996,0.19500484,-0.214607,0.5238633,0.5238633,0.21960212,-0.19999996
87.312,0.2545,0.0140,0.7865,0.0,0.0,1.0,0.19092691,-0.2092938,0.5256589,0.5256589,0.22493869,-0.20657182,0.19092691,-0.2092938,0.5256589,0.5256589,0.22493869,-0.20657182
87.368,0.2539,0.0139,0.7865,0.0,0.0,1.0,0.20153499,-0.22403523,0.52676505,0.52676505,0.21188493,-0.18938467,0.20153499,-0.22403523,0.52676505,0.52676505,0.21188493,-0.18938467
87.404,0.2530,0.0138,0.7865,0.0,0.0,1.0,0.19754744,-0.21883923,0.52842146,0.52842146,0.21720779,-0.19591598,0.19754744,-0.21883923,0.52842146,0.52842146,0.21720779,-0.19591598
87.455,0.2524,0.0137,0.7864,0.0,0.0,1.0,0.20663784,-0.23138067,0.5299231,0.5299231,0.20567559,-0.18093275,0.20663784,-0.23138067,0.5299231,0.5299231,0.20567559,-0.18093275
87.505,0.2514,0.0136,0.7864,0.0,0.0,1.0,0.20330895,-0.2270644,0.5314291,0.5314291,0.21026793,-0.18651249,0.20330895,-0.2270644,0.5314291,0.5314291,0.21026793,-0.18651249
87.555,0.2512,0.0135,0.7864,0.0,0.0,1.0,0.21087608,-0.237413,0.5332231,0.5332231,0.20030898,-0.17377205,0.21087608,-0.237413,0.5332231,0.5332231,0.20030898,-0.17377205
87.605,0.2509,0.0134,0.7864,0.0,0.0,1.0,0.19698875,-0.21857062,0.53363717,0.53363717,0.21836658,-0.1967847,0.19698875,-0.21857062,0.53363717,0.53363717,0.21836658,-0.1967847
87.655,0.2507,0.0134,0.7865,0.0,0.0,1.0,0.1966495,-0.21797377,0.5347227,0.5347227,0.21827713,-0.19695288,0.1966495,-0.21797377,0.5347227,0.5347227,0.21827713,-0.19695288
87.705,0.2503,0.0133,0.7870,0.0,0.0,1.0,0.40884975,-0.45497522,1.0,1.0,0.45493713,-0.40881163,0.40884975,-0.45497522,1.0,1.0,0.45493713,-0.40881163
87.755,0.2499,0.0133,0.7879,0.0,0.0,1.0,0.18926081,-0.21037896,0.50707555,0.50707555,0.21039917,-0.18928103,0.18926081,-0.21037896,0.50707555,0.50707555,0.21039917,-0.18928103
87.805,0.2494,0.0132,0.7891,0.0,0.0,1.0,0.18944155,-0.21065149,0.50443256,0.50443256,0.21065916,-0.1894492,0.18944155,-0.21065149,0.50443256,0.50443256,0.21065916,-0.1894492
87.855,0.2490,0.0132,0.7897,0.0,0.0,1.0,0.18900014,-0.2100365,0.501174,0.501174,0.21004578,-0.18900941,0.18900014,-0.2100365,0.501174,0.501174,0.21004578,-0.18900941
87.904,0.2484,0.0131,0.7906,0.0,0.0,1.0,0.18949234,-0.21054871,0.5040689,0.5040689,0.21055254,-0.18949617,0.18949234,-0.21054871,0.5040689,0.5040689,0.21055254,-0.18949617
87.955,0.2481,0.0131,0.7911,0.0,0.0,1.0,0.18909658,-0.20993169,0.50205606,0.50205606,0.20993274,-0.18909764,0.18909658,-0.20993169,0.50205606,0.50205606,0.20993274,-0.18909764
88.005,0.2476,0.0130,0.7918,0.0,0.0,1.0,0.18958546,-0.2105245,0.5045905,0.5045905,0.21052448,-0.18958545,0.18958546,-0.2105245,0.5045905,0.5045905,0.21052448,-0.18958545
88.055,0.2472,0.0130,0.7922,0.0,0.0,1.0,0.18920022,-0.21004188,0.50337195,0.50337195,0.21004188,-0.18920022,0.18920022,-0.21004188,0.50337195,0.50337195,0.21004188,-0.18920022
88.105,0.2468,0.0129,0.7927,0.0,0.0,1.0,0.18970995,-0.21066897,0.50552005,0.50552005,0.21066898,-0.18970996,0.18970995,-0.21066897,0.50552005,0.50552005,0.21066898,-0.18970996
88.155,0.2465,0.0129,0.7930,0.0,0.0,1.0,0.1894165,-0.21031949,0.5048437,0.5048437,0.21031947,-0.18941648,0.1894165,-0.21031949,0.5048437,0.5048437,0.21031947,-0.18941648
88.205,0.2461,0.0129,0.7934,0.0,0.0,1.0,0.18994634,-0.21093693,0.5068214,0.5068214,0.21093693,-0.18994634,0.18994634,-0.21093693,0.5068214,0.5068214,0.21093693,-0.18994634
88.255,0.2459,0.0129,0.7936,0.0,0.0,1.0,0.18976189,-0.21072985,0.50663614,0.50663614,0.21072984,-0.18976188,0.18976189,-0.21072985,0.50663614,0.50663614,0.21072984,-0.18976188
88.305,0.2455,0.0129,0.7939,0.0,0.0,1.0,0.19028926,-0.2113339,0.5084639,0.5084639,0.2113339,-0.19028926,0.19028926,-0.2113339,0.5084639,0.5084639,0.2113339,-0.19028926
88.355,0.2454,0.0129,0.7940,0.0,0.0,1.0,0.19022276,-0.2112788,0.5086676,0.5086676,0.2112788,-0.19022274,0.19022276,-0.2112788,0.5086676,0.5086676,0.2112788,-0.19022274
88.405,0.2452,0.0129,0.7942,0.0,0.0,1.0,0.19073378,-0.21185887,0.51034915,0.51034915,0.21185887,-0.19073378,0.19073378,-0.21185887,0.51034915,0.51034915,0.21185887,-0.19073378
88.455,0.2450,0.0129,0.7944,0.0,0.0,1.0,0.19080435,-0.21197395,0.51089597,0.51089597,0.21197395,-0.19080433,0.19080435,-0.21197395,0.51089597,0.51089597,0.21197395,-0.19080433
88.505,0.2449,0.0129,0.7945,0.0,0.0,1.0,0.19129048,-0.21252145,0.5124479,0.5124479,0.21252145,-0.19129048,0.19129048,-0.21252145,0.5124479,0.5124479,0.21252145,-0.19129048
88.555,0.2449,0.0129,0.7946,0.0,0.0,1.0,0.19149125,-0.21279691,0.51323813,0.51323813,0.21279691,-0.19149125,0.19149125,-0.21279691,0.51323813,0.51323813,0.21279691,-0.19149125
88.605,0.2448,0.0129,0.7946,0.0,0.0,1.0,0.19195755,-0.213313,0.51471615,0.51471615,0.213313,-0.19195755,0.19195755,-0.213313,0.51471615,0.51471615,0.213313,-0.19195755
88.655,0.2448,0.0129,0.7946,0.0,0.0,1.0,0.19228256,-0.2136721,0.51582444,0.51582444,0.21367212,-0.19228257,0.19228256,-0.2136721,0.51582444,0.51582444,0.21367212,-0.19228257
88.705,0.2447,0.0129,0.7951,0.0,0.0,1.0,0.41527313,-0.4613948,1.0,1.0,0.4613948,-0.41527313,0.41527313,-0.4613948,1.0,1.0,0.4613948,-0.41527313
88.755,0.2446,0.0129,0.7959,0.0,0.0,1.0,0.18581718,-0.20648521,0.48964328,0.48964328,0.20648535,-0.1858173,0.18581718,-0.20648521,0.48964328,0.48964328,0.20648535,-0.1858173
88.806,0.2444,0.0129,0.7969,0.0,0.0,1.0,0.18592286,-0.20659934,0.48715466,0.48715466,0.2065994,-0.18592292,0.18592286,-0.20659934,0.48715466,0.48715466,0.2065994,-0.18592292
88.856,0.2442,0.0128,0.7975,0.0,0.0,1.0,0.1860049,-0.20660011,0.48465955,0.48465955,0.2066001,-0.18600489,0.1860049,-0.20660011,0.48465955,0.48465955,0.2066001,-0.18600489
88.906,0.2440,0.0128,0.7981,0.0,0.0,1.0,0.18645044,-0.20704149,0.48764116,0.48764116,0.20704147,-0.18645042,0.18645044,-0.20704149,0.48764116,0.48764116,0.20704147,-0.18645042
88.956,0.2439,0.0128,0.7984,0.0,0.0,1.0,0.18660486,-0.20707116,0.4868937,0.4868937,0.20707114,-0.18660484,0.18660486,-0.20707116,0.4868937,0.4868937,0.20707114,-0.18660484
89.006,0.2438,0.0127,0.7987,0.0,0.0,1.0,0.18701427,-0.20752533,0.489468,0.489468,0.20752531,-0.18701427,0.18701427,-0.20752533,0.489468,0.489468,0.20752531,-0.18701427
89.056,0.2437,0.0127,0.7989,0.0,0.0,1.0,0.18717684,-0.20762926,0.49004564,0.49004564,0.20762926,-0.18717682,0.18717684,-0.20762926,0.49004564,0.49004564,0.20762926,-0.18717682
89.106,0.2436,0.0127,0.7990,0.0,0.0,1.0,0.18756257,-0.20817505,0.49216214,0.49216214,0.20817505,-0.18756256,0.18756257,-0.20817505,0.49216214,0.49216214,0.20817505,-0.18756256
89.156,0.2436,0.0127,0.7990,0.0,0.0,1.0,0.18783063,-0.20854178,0.49320814,0.49320814,0.20854178,-0.18783063,0.18783063,-0.20854178,0.49320814,0.49320814,0.20854178,-0.18783063
89.206,0.2436,0.0127,0.7990,0.0,0.0,1.0,0.18830015,-0.2090569,0.49488747,0.49488747,0.2090569,-0.18830015,0.18830015,-0.2090569,0.49488747,0.49488747,0.2090569,-0.18830015
89.256,0.2436,0.0127,0.7989,0.0,0.0,1.0,0.18874633,-0.20955357,0.4965171,0.4965171,0.20955357,-0.18874633,0.18874633,-0.20955357,0.4965171,0.4965171,0.20955357,-0.18874633
89.306,0.2437,0.0127,0.7988,0.0,0.0,1.0,0.18917911,-0.21001719,0.49803808,0.49803808,0.21001719,-0.18917911,0.18917911,-0.21001719,0.49803808,0.49803808,0.21001719,-0.18917911
89.355,0.2438,0.0127,0.7986,0.0,0.0,1.0,0.18975073,-0.21062218,0.50009674,0.50009674,0.21062218,-0.18975073,0.18975073,-0.21062218,0.50009674,0.50009674,0.21062218,-0.18975073
89.406,0.2440,0.0127,0.7984,0.0,0.0,1.0,0.19016084,-0.21105811,0.50151026,0.50151026,0.21105811,-0.19016084,0.19016084,-0.21105811,0.50151026,0.50151026,0.21105811,-0.19016084
89.456,0.2441,0.0127,0.7982,0.0,0.0,1.0,0.19085477,-0.21176775,0.5039801,0.5039801,0.21176775,-0.19085477,0.19085477,-0.21176775,0.5039801,0.5039801,0.21176775,-0.19085477
89.506,0.2444,0.0127,0.7979,0.0,0.0,1.0,0.19122614,-0.21217546,0.50529325,0.50529325,0.21217546,-0.19122614,0.19122614,-0.21217546,0.50529325,0.50529325,0.21217546,-0.19122614
89.556,0.2445,0.0127,0.7976,0.0,0.0,1.0,0.19200869,-0.21297336,0.50811684,0.50811684,0.21297336,-0.19200869,0.19200869,-0.21297336,0.50811684,0.50811684,0.21297336,-0.19200869
89.606,0.2448,0.0127,0.7972,0.0,0.0,1.0,0.19234996,-0.21335277,0.5093292,0.5093292,0.21335277,-0.19234996,0.19234996,-0.21335277,0.5093292,0.5093292,0.21335277,-0.19234996
89.656,0.2450,0.0127,0.7969,0.0,0.0,1.0,0.19320098,-0.21421559,0.51241934,0.51241934,0.21421559,-0.19320098,0.19320098,-0.21421559,0.51241934,0.51241934,0.21421559,-0.19320098
89.706,0.2453,0.0127,0.7970,0.0,0.0,1.0,0.42065746,-0.46658456,1.0,1.0,0.46658456,-0.42065746,0.42065746,-0.46658456,1.0,1.0,0.46658456,-0.42065746
89.766,0.2453,0.0127,0.7975,0.0,0.0,1.0,0.18718995,-0.20747772,0.4883712,0.4883712,0.20747763,-0.18718986,0.18718995,-0.20747772,0.4883712,0.4883712,0.20747763,-0.18718986
89.806,0.2454,0.0126,0.7981,0.0,0.0,1.0,0.18718727,-0.2074741,0.48550504,0.48550504,0.2074741,-0.18718727,0.18718727,-0.2074741,0.48550504,0.48550504,0.2074741,-0.18718727
89.857,0.2454,0.0126,0.7984,0.0,0.0,1.0,0.18772131,-0.20787899,0.4846394,0.4846394,0.207879,-0.18772134,0.18772131,-0.20787899,0.4846394,0.4846394,0.207879,-0.18772134
89.907,0.2455,0.0125,0.7987,0.0,0.0,1.0,0.18805684,-0.20822084,0.48722836,0.48722836,0.20822085,-0.18805686,0.18805684,-0.20822084,0.48722836,0.48722836,0.20822085,-0.18805686
89.957,0.2455,0.0125,0.7987,0.0,0.0,1.0,0.1885959,-0.20860602,0.48793384,0.48793384,0.20860603,-0.18859592,0.1885959,-0.20860602,0.48793384,0.48793384,0.20860603,-0.18859592
90.006,0.2456,0.0125,0.7987,0.0,0.0,1.0,0.1889023,-0.20897989,0.4901905,0.4901905,0.2089799,-0.1889023,0.1889023,-0.20897989,0.4901905,0.4901905,0.2089799,-0.1889023
90.057,0.2456,0.0125,0.7987,0.0,0.0,1.0,0.18938121,-0.20940442,0.49201593,0.49201593,0.20940442,-0.18938121,0.18938121,-0.20940442,0.49201593,0.49201593,0.20940442,-0.18938121
90.108,0.2457,0.0125,0.7985,0.0,0.0,1.0,0.18967125,-0.20986976,0.49377838,0.49377838,0.20986976,-0.18967126,0.18967125,-0.20986976,0.49377838,0.49377838,0.20986976,-0.18967126
90.156,0.2458,0.0125,0.7984,0.0,0.0,1.0,0.19020069,-0.21049502,0.49592215,0.49592215,0.21049502,-0.19020069,0.19020069,-0.21049502,0.49592215,0.49592215,0.21049502,-0.19020069
90.207,0.2460,0.0125,0.7981,0.0,0.0,1.0,0.19056787,-0.21094486,0.49730805,0.49730805,0.21094488,-0.19056788,0.19056787,-0.21094486,0.49730805,0.49730805,0.21094488,-0.19056788
90.258,0.2461,0.0125,0.7979,0.0,0.0,1.0,0.19116876,-0.21166334,0.49983722,0.49983722,0.21166335,-0.19116877,0.19116876,-0.21166334,0.49983722,0.49983722,0.21166335,-0.19116877
90.307,0.2463,0.0125,0.7976,0.0,0.0,1.0,0.19152814,-0.21206908,0.5011205,0.5011205,0.2120691,-0.19152816,0.19152814,-0.21206908,0.5011205,0.5011205,0.2120691,-0.19152816
90.357,0.2464,0.0125,0.7973,0.0,0.0,1.0,0.19219847,-0.21288896,0.50408405,0.50408405,0.21288897,-0.19219849,0.19219847,-0.21288896,0.50408405,0.50408405,0.21288897,-0.19219849
90.407,0.2467,0.0126,0.7969,0.0,0.0,1.0,0.19251315,-0.21323349,0.50514805,0.50514805,0.2132335,-0.19251317,0.19251315,-0.21323349,0.50514805,0.50514805,0.2132335,-0.19251317
90.457,0.2468,0.0126,0.7966,0.0,0.0,1.0,0.1932068,-0.21408224,0.5082246,0.5082246,0.21408226,-0.19320682,0.1932068,-0.21408224,0.5082246,0.5082246,0.21408226,-0.19320682
90.507,0.2471,0.0126,0.7962,0.0,0.0,1.0,0.1935301,-0.21443477,0.50932556,0.50932556,0.21443479,-0.19353011,0.1935301,-0.21443477,0.50932556,0.50932556,0.21443479,-0.19353011
90.557,0.2473,0.0127,0.7959,0.0,0.0,1.0,0.1942514,-0.215319,0.5125603,0.5125603,0.21531901,-0.19425143,0.1942514,-0.215319,0.5125603,0.5125603,0.21531901,-0.19425143
90.606,0.2476,0.0127,0.7954,0.0,0.0,1.0,0.19456117,-0.21565086,0.51358026,0.51358026,0.21565087,-0.19456118,0.19456117,-0.21565086,0.51358026,0.51358026,0.21565087,-0.19456118
90.657,0.2477,0.0127,0.7951,4.0,0.0,1.0,0.19529913,-0.21655273,0.51689965,0.51689965,0.21655275,-0.19529915,0.19529913,-0.21655273,0.51689965,0.51689965,0.21655275,-0.19529915
90.707,0.2490,0.0128,0.7945,4.0,0.0,1.0,-1.0,0.9932368,0.14798985,0.14798985,-0.9932368,1.0,-1.0,0.9932368,0.14798985,0.14798985,-0.9932368,1.0
90.757,0.2516,0.0128,0.7939,4.0,0.0,1.0,-0.9969119,0.9968714,0.16520973,0.16520973,-0.9999595,1.0,-0.9969119,0.9968714,0.16520973,0.16520973,-0.9999595,1.0
90.807,0.2577,0.0128,0.7927,4.0,0.0,1.0,-0.9815307,0.99220735,0.16482352,0.16482352,-1.0,0.9893234,-0.9815307,0.99220735,0.16482352,0.16482352,-1.0,0.9893234
90.857,0.2630,0.0128,0.7917,4.0,0.0,1.0,-0.94899905,0.9822584,0.1651509,0.1651509,-1.0,0.96674067,-0.94899905,0.9822584,0.1651509,0.1651509,-1.0,0.96674067
90.906,0.2727,0.0128,0.7898,4.0,0.0,1.0,-0.94590133,0.981688,0.16551422,0.16551422,-1.0,0.9642133,-0.94590133,0.981688,0.16551422,0.16551422,-1.0,0.9642133
90.957,0.2802,0.0129,0.7884,4.0,0.0,1.0,-0.91001606,0.9707319,0.16661817,0.16661817,-1.0,0.93928415,-0.91001606,0.9707319,0.16661817,0.16661817,-1.0,0.93928415
91.007,0.2928,0.0130,0.7860,4.0,0.0,1.0,-0.9131172,0.97222745,0.16746837,0.16746837,-1.0,0.9408897,-0.9131172,0.97222745,0.16746837,0.16746837,-1.0,0.9408897
91.057,0.3021,0.0132,0.7843,4.0,0.0,1.0,-0.87731284,0.9611968,0.1696311,0.1696311,-1.0,0.916116,-0.87731284,0.9611968,0.1696311,0.1696311,-1.0,0.916116
91.107,0.3170,0.0135,0.7815,4.0,0.0,1.0,-0.8836063,0.9637517,0.17048654,0.17048654,-1.0,0.91985464,-0.8836063,0.9637517,0.17048654,0.17048654,-1.0,0.91985464
91.157,0.3276,0.0137,0.7795,4.0,0.0,1.0,-0.8509525,0.9535535,0.17348519,0.17348519,-1.0,0.89739907,-0.8509525,0.9535535,0.17348519,0.17348519,-1.0,0.89739907
91.216,0.3444,0.0142,0.7764,4.0,0.0,1.0,-0.8585026,0.9565222,0.17425227,0.17425227,-1.0,0.9019804,-0.8585026,0.9565222,0.17425227,0.17425227,-1.0,0.9019804
91.262,0.3561,0.0145,0.7743,4.0,0.0,1.0,-0.8294581,0.94726646,0.17808305,0.17808305,-1.0,0.88219166,-0.8294581,0.94726646,0.17808305,0.17808305,-1.0,0.88219166
91.315,0.3742,0.0151,0.7710,4.0,0.0,1.0,-0.8373851,0.95035595,0.17870027,0.17870027,-1.0,0.8870292,-0.8373851,0.95035595,0.17870027,0.17870027,-1.0,0.8870292
91.362,0.3867,0.0155,0.7687,4.0,0.0,1.0,-0.81268346,0.94228685,0.1832967,0.1832967,-1.0,0.87039655,-0.81268346,0.94228685,0.1832967,0.1832967,-1.0,0.87039655
91.416,0.4060,0.0162,0.7652,4.0,0.0,1.0,-0.8204926,0.9453369,0.18371838,0.18371838,-1.0,0.87515575,-0.8204926,0.9453369,0.18371838,0.18371838,-1.0,0.87515575
91.462,0.4192,0.0167,0.7629,4.0,0.0,1.0,-0.79980993,0.93836176,0.18907505,0.18907505,-1.0,0.86144817,-0.79980993,0.93836176,0.18907505,0.18907505,-1.0,0.86144817
91.517,0.4393,0.0175,0.7593,4.0,0.0,1.0,-0.80638,0.94098246,0.18937871,0.18937871,-1.0,0.8653975,-0.80638,0.94098246,0.18937871,0.18937871,-1.0,0.8653975
91.563,0.4530,0.0181,0.7568,4.0,0.0,1.0,-0.7902526,0.93532836,0.19535473,0.19535473,-1.0,0.85492426,-0.7902526,0.93532836,0.19535473,0.19535473,-1.0,0.85492426
91.616,0.4739,0.0189,0.7531,4.0,0.0,1.0,-0.7963028,0.93775815,0.19553883,0.19553883,-1.0,0.85854465,-0.7963028,0.93775815,0.19553883,0.19553883,-1.0,0.85854465
91.665,0.4880,0.0195,0.7506,4.0,0.0,1.0,-0.784007,0.9332019,0.20220287,0.20220287,-1.0,0.85080504,-0.784007,0.9332019,0.20220287,0.20220287,-1.0,0.85080504
91.711,0.5094,0.0204,0.7468,4.0,0.0,1.0,-0.7914089,0.9277791,0.1730896,0.1730896,-1.0,0.8636298,-0.7914089,0.9277791,0.1730896,0.1730896,-1.0,0.8636298
91.766,0.5239,0.0210,0.7442,4.0,0.0,1.0,-0.7814827,0.9312999,0.20284592,0.20284592,-1.0,0.8501828,-0.7814827,0.9312999,0.20284592,0.20284592,-1.0,0.8501828
91.812,0.5459,0.0219,0.7403,4.0,0.0,1.0,-0.786725,0.9334355,0.20233193,0.20233193,-1.0,0.8532895,-0.786725,0.9334355,0.20233193,0.20233193,-1.0,0.8532895
91.866,0.5607,0.0226,0.7377,4.0,0.0,1.0,-0.7816481,0.9309892,0.21024254,0.21024254,-1.0,0.8506589,-0.7816481,0.9309892,0.21024254,0.21024254,-1.0,0.8506589
91.913,0.5831,0.0235,0.7337,4.0,0.0,1.0,-0.78508127,0.9324766,0.20955212,0.20955212,-1.0,0.85260475,-0.78508127,0.9324766,0.20955212,0.20955212,-1.0,0.85260475
91.965,0.5982,0.0241,0.7309,4.0,0.0,1.0,-0.78254104,0.9308134,0.21801353,0.21801353,-1.0,0.85172766,-0.78254104,0.9308134,0.21801353,0.21801353,-1.0,0.85172766
92.005,0.6210,0.0249,0.7268,4.0,0.0,1.0,-0.7847585,0.9318687,0.21753442,0.21753442,-1.0,0.8528898,-0.7847585,0.9318687,0.21753442,0.21753442,-1.0,0.8528898
92.055,0.6364,0.0255,0.7240,4.0,0.0,1.0,-0.7838037,0.9306914,0.22701937,0.22701937,-1.0,0.8531123,-0.7838037,0.9306914,0.22701937,0.22701937,-1.0,0.8531123
92.105,0.6597,0.0264,0.7197,4.0,0.0,1.0,-0.78518826,0.9314451,0.22651984,0.22651984,-1.0,0.8537432,-0.78518826,0.9314451,0.22651984,0.22651984,-1.0,0.8537432
92.156,0.6753,0.0269,0.7167,4.0,0.0,1.0,-0.7857626,0.93073785,0.23679286,0.23679286,-1.0,0.85502476,-0.7857626,0.93073785,0.23679286,0.23679286,-1.0,0.85502476
92.205,0.6989,0.0277,0.7122,4.0,0.0,1.0,-0.78650784,0.9312671,0.23608737,0.23608737,-1.0,0.8552407,-0.78650784,0.9312671,0.23608737,0.23608737,-1.0,0.8552407
92.255,0.7148,0.0282,0.7092,4.0,0.0,1.0,-0.7882621,0.9309296,0.24718948,0.24718948,-1.0,0.8573325,-0.7882621,0.9309296,0.24718948,0.24718948,-1.0,0.8573325
92.305,0.7388,0.0290,0.7045,4.0,0.0,1.0,-0.78846925,0.93125,0.24644586,0.24644586,-1.0,0.8572193,-0.78846925,0.93125,0.24644586,0.24644586,-1.0,0.8572193
92.355,0.7550,0.0294,0.7013,4.0,0.0,1.0,-0.79102975,0.9311801,0.2582946,0.2582946,-1.0,0.85984963,-0.79102975,0.9311801,0.2582946,0.2582946,-1.0,0.85984963
92.406,0.7793,0.0301,0.6963,4.0,0.0,1.0,-0.7907971,0.9313357,0.25743014,0.25743014,-1.0,0.8594614,-0.7907971,0.9313357,0.25743014,0.25743014,-1.0,0.8594614
92.458,0.7956,0.0306,0.6930,4.0,0.0,1.0,-0.79380405,0.93143183,0.26991624,0.26991624,-1.0,0.86237216,-0.79380405,0.93143183,0.26991624,0.26991624,-1.0,0.86237216
92.506,0.8203,0.0312,0.6878,4.0,0.0,1.0,-0.7931833,0.9314531,0.26882544,0.26882544,-1.0,0.8617303,-0.7931833,0.9314531,0.26882544,0.26882544,-1.0,0.8617303
92.555,0.8368,0.0316,0.6843,4.0,0.0,1.0,-0.7969244,0.93166596,0.2837858,0.2837858,-1.0,0.86525846,-0.7969244,0.93166596,0.2837858,0.2837858,-1.0,0.86525846
92.605,0.8617,0.0321,0.6789,4.0,0.0,1.0,-0.79580975,0.9315732,0.28164908,0.28164908,-1.0,0.86423653,-0.79580975,0.9315732,0.28164908,0.28164908,-1.0,0.86423653
92.655,0.8784,0.0325,0.6752,4.0,0.0,1.0,-0.79915655,0.9317752,0.29600003,0.29600003,-1.0,0.86738133,-0.79915655,0.9317752,0.29600003,0.29600003,-1.0,0.86738133
92.705,0.9035,0.0330,0.6696,4.0,0.0,1.0,-0.78445566,0.91635466,0.25175524,0.25175524,-1.0,0.868101,-0.78445566,0.91635466,0.25175524,0.25175524,-1.0,0.868101
92.755,0.9202,0.0334,0.6657,4.0,0.0,1.0,-0.8062973,0.93149203,0.30089542,0.30089542,-1.0,0.8748053,-0.8062973,0.93149203,0.30089542,0.30089542,-1.0,0.8748053
92.804,0.9454,0.0338,0.6599,4.0,0.0,1.0,-0.8065972,0.9318065,0.29930234,0.29930234,-1.0,0.87479067,-0.8065972,0.9318065,0.29930234,0.29930234,-1.0,0.87479067
92.855,0.9623,0.0341,0.6559,4.0,0.0,1.0,-0.8110394,0.93236905,0.31491002,0.31491002,-1.0,0.87867033,-0.8110394,0.93236905,0.31491002,0.31491002,-1.0,0.87867033
92.905,0.9877,0.0345,0.6500,4.0,0.0,1.0,-0.80960923,0.93205464,0.3128022,0.3128022,-1.0,0.8775546,-0.80960923,0.93205464,0.3128022,0.3128022,-1.0,0.8775546
92.955,1.0046,0.0347,0.6459,4.0,0.0,1.0,-0.81320924,0.9323532,0.3288276,0.3288276,-1.0,0.88085604,-0.81320924,0.9323532,0.3288276,0.3288276,-1.0,0.88085604
93.005,1.0300,0.0351,0.6398,4.0,0.0,1.0,-0.8119596,0.9321085,0.32656,0.32656,-1.0,0.8798511,-0.8119596,0.9321085,0.32656,0.32656,-1.0,0.8798511
93.055,1.0470,0.0353,0.6357,4.0,0.0,1.0,-0.8145771,0.9320647,0.34378716,0.34378716,-1.0,0.8825124,-0.8145771,0.9320647,0.34378716,0.34378716,-1.0,0.8825124
93.105,1.0724,0.0356,0.6296,4.0,0.0,1.0,-0.8132267,0.93178123,0.34203354,0.34203354,-1.0,0.88144547,-0.8132267,0.93178123,0.34203354,0.34203354,-1.0,0.88144547
93.156,1.0894,0.0357,0.6255,4.0,0.0,1.0,-0.81523067,0.931525,0.35975364,0.35975364,-1.0,0.8837056,-0.81523067,0.931525,0.35975364,0.35975364,-1.0,0.8837056
93.205,1.1149,0.0360,0.6194,4.0,0.0,1.0,-0.81404984,0.93132156,0.35765746,0.35765746,-1.0,0.8827283,-0.81404984,0.93132156,0.35765746,0.35765746,-1.0,0.8827283
93.255,1.1318,0.0362,0.6154,4.0,0.0,1.0,-0.81559694,0.9309014,0.37580663,0.37580663,-1.0,0.88469553,-0.81559694,0.9309014,0.37580663,0.37580663,-1.0,0.88469553
93.305,1.1572,0.0364,0.6093,4.0,0.0,1.0,-0.8146494,0.9307777,0.37374783,0.37374783,-1.0,0.8838717,-0.8146494,0.9307777,0.37374783,0.37374783,-1.0,0.8838717
93.355,1.1741,0.0366,0.6054,4.0,0.0,1.0,-0.81585115,0.93023205,0.39214134,0.39214134,-1.0,0.88561904,-0.81585115,0.93023205,0.39214134,0.39214134,-1.0,0.88561904
93.405,1.1994,0.0368,0.5995,4.0,0.0,1.0,-0.81507224,0.9301738,0.38999528,0.38999528,-1.0,0.8848984,-0.81507224,0.9301738,0.38999528,0.38999528,-1.0,0.8848984
93.455,1.2163,0.0370,0.5956,4.0,0.0,1.0,-0.8160241,0.92954254,0.4083834,0.4083834,-1.0,0.8864816,-0.8160241,0.92954254,0.4083834,0.4083834,-1.0,0.8864816
93.505,1.2416,0.0372,0.5900,4.0,0.0,1.0,-0.8154118,0.9295267,0.40653387,0.40653387,-1.0,0.8858851,-0.8154118,0.9295267,0.40653387,0.40653387,-1.0,0.8858851
93.555,1.2584,0.0373,0.5863,4.0,0.0,1.0,-0.8162488,0.9288317,0.42519808,0.42519808,-1.0,0.8874171,-0.8162488,0.9288317,0.42519808,0.42519808,-1.0,0.8874171
93.605,1.2836,0.0376,0.5809,4.0,0.0,1.0,-0.8157192,0.92886806,0.42298678,0.42298678,-1.0,0.88685113,-0.8157192,0.92886806,0.42298678,0.42298678,-1.0,0.88685113
93.656,1.3004,0.0377,0.5773,4.0,0.0,1.0,-0.8165233,0.92814237,0.44178268,0.44178268,-1.0,0.8883809,-0.8165233,0.92814237,0.44178268,0.44178268,-1.0,0.8883809
93.705,1.3254,0.0379,0.5721,4.0,0.0,1.0,-0.93983907,1.0,0.2091831,0.2091831,-0.04861503,-0.01154591,-0.93983907,1.0,0.2091831,0.2091831,-0.04861503,-0.01154591
93.755,1.3419,0.0379,0.5686,4.0,0.0,1.0,-0.9190066,1.0,0.25903404,0.25903404,-0.13913181,0.058138404,-0.9190066,1.0,0.25903404,0.25903404,-0.13913181,0.058138404
93.805,1.3660,0.0379,0.5632,4.0,0.0,1.0,-0.8932235,1.0,0.25710517,0.25710517,-0.16140541,0.054628957,-0.8932235,1.0,0.25710517,0.25710517,-0.16140541,0.054628957
93.855,1.3818,0.0379,0.5596,4.0,0.0,1.0,-0.8335779,1.0,0.26405418,0.26405418,-0.19930217,0.032880027,-0.8335779,1.0,0.26405418,0.26405418,-0.19930217,0.032880027
93.905,1.4048,0.0378,0.5542,4.0,0.0,1.0,-0.8265085,1.0,0.2626857,0.2626857,-0.20583312,0.032341655,-0.8265085,1.0,0.2626857,0.2626857,-0.20583312,0.032341655
93.955,1.4198,0.0378,0.5505,4.0,0.0,1.0,-0.75494087,1.0,0.26984563,0.26984563,-0.25180593,0.006746788,-0.75494087,1.0,0.26984563,0.26984563,-0.25180593,0.006746788
94.005,1.4417,0.0377,0.5449,4.0,0.0,1.0,-0.7584908,1.0,0.26893237,0.26893237,-0.24909255,0.0075833728,-0.7584908,1.0,0.26893237,0.26893237,-0.24909255,0.0075833728
94.055,1.4559,0.0376,0.5412,4.0,0.0,1.0,-0.68364155,1.0,0.27677295,0.27677295,-0.29639944,-0.019959005,-0.68364155,1.0,0.27677295,0.27677295,-0.29639944,-0.019959005
94.105,1.4767,0.0375,0.5355,4.0,0.0,1.0,-0.69305646,1.0,0.2762768,0.2762768,-0.28796202,-0.01898153,-0.69305646,1.0,0.2762768,0.2762768,-0.28796202,-0.01898153
94.156,1.4903,0.0375,0.5316,4.0,0.0,1.0,-0.61689556,1.0,0.2855557,0.2855557,-0.33408037,-0.049024075,-0.61689556,1.0,0.2855557,0.2855557,-0.33408037,-0.049024075
94.206,1.5102,0.0374,0.5258,4.0,0.0,1.0,-0.6293168,1.0,0.2850388,0.2850388,-0.32321635,-0.047466848,-0.6293168,1.0,0.2850388,0.2850388,-0.32321635,-0.047466848
94.256,1.5232,0.0373,0.5219,4.0,0.0,1.0,-0.5541732,1.0,0.29565185,0.29565185,-0.36740842,-0.07841839,-0.5541732,1.0,0.29565185,0.29565185,-0.36740842,-0.07841839
94.307,1.5423,0.0372,0.5159,4.0,0.0,1.0,-0.5683284,1.0,0.29493594,0.29493594,-0.355446,-0.076225586,-0.5683284,1.0,0.29493594,0.29493594,-0.355446,-0.076225586
94.356,1.5548,0.0372,0.5118,4.0,0.0,1.0,-0.49437615,1.0,0.30707636,0.30707636,-0.3976499,-0.10797392,-0.49437615,1.0,0.30707636,0.30707636,-0.3976499,-0.10797392
94.406,1.5733,0.0371,0.5057,4.0,0.0,1.0,-0.5093649,1.0,0.30608422,0.30608422,-0.3853695,-0.10526561,-0.5093649,1.0,0.30608422,0.30608422,-0.3853695,-0.10526561
94.456,1.5854,0.0370,0.5016,4.0,0.0,1.0,-0.4368486,1.0,0.31984878,0.31984878,-0.42552122,-0.13763016,-0.4368486,1.0,0.31984878,0.31984878,-0.42552122,-0.13763016
94.506,1.6033,0.0368,0.4953,4.0,0.0,1.0,-0.45287296,1.0,0.31842422,0.31842422,-0.41290355,-0.13422346,-0.45287296,1.0,0.31842422,0.31842422,-0.41290355,-0.13422346
94.561,1.6151,0.0366,0.4910,4.0,0.0,1.0,-0.3821032,1.0,0.33384502,0.33384502,-0.45093006,-0.16696674,-0.3821032,1.0,0.33384502,0.33384502,-0.45093006,-0.16696674
94.615,1.6325,0.0363,0.4846,4.0,0.0,1.0,-0.39766866,1.0,0.33216175,0.33216175,-0.43892476,-0.16340658,-0.39766866,1.0,0.33216175,0.33216175,-0.43892476,-0.16340658
94.662,1.6440,0.0361,0.4803,4.0,0.0,1.0,-0.32905567,1.0,0.34915012,0.34915012,-0.47471812,-0.19622622,-0.32905567,1.0,0.34915012,0.34915012,-0.47471812,-0.19622622
94.715,1.6611,0.0357,0.4738,4.0,0.0,1.0,-0.4511567,1.0,0.28490016,0.28490016,-0.3342312,-0.2146121,-0.4511567,1.0,0.28490016,0.28490016,-0.3342312,-0.2146121
94.764,1.6723,0.0354,0.4693,4.0,0.0,1.0,-0.27760246,1.0,0.35499653,0.35499653,-0.49184212,-0.23055542,-0.27760246,1.0,0.35499653,0.35499653,-0.49184212,-0.23055542
94.815,1.6890,0.0348,0.4627,4.0,0.0,1.0,-0.29248637,1.0,0.35242233,0.35242233,-0.48157898,-0.22593465,-0.29248637,1.0,0.35242233,0.35242233,-0.48157898,-0.22593465
94.865,1.7001,0.0343,0.4582,4.0,0.0,1.0,-0.22375622,1.0,0.37293997,0.37293997,-0.51621497,-0.2600288,-0.22375622,1.0,0.37293997,0.37293997,-0.51621497,-0.2600288
94.915,1.7166,0.0336,0.4515,4.0,0.0,1.0,-0.24021493,1.0,0.36981136,0.36981136,-0.5052496,-0.25453547,-0.24021493,1.0,0.36981136,0.36981136,-0.5052496,-0.25453547
94.965,1.7275,0.0331,0.4470,4.0,0.0,1.0,-0.17221981,1.0,0.39219245,0.39219245,-0.5387395,-0.28904065,-0.17221981,1.0,0.39219245,0.39219245,-0.5387395,-0.28904065
95.012,1.7438,0.0323,0.4402,4.0,0.0,1.0,-0.18818113,1.0,0.38872746,0.38872746,-0.5282992,-0.28351966,-0.18818113,1.0,0.38872746,0.38872746,-0.5282992,-0.28351966
95.065,1.7546,0.0317,0.4357,4.0,0.0,1.0,-0.12009413,1.0,0.41318497,0.41318497,-0.5611555,-0.31875035,-0.12009413,1.0,0.41318497,0.41318497,-0.5611555,-0.31875035
95.112,1.7708,0.0307,0.4290,4.0,0.0,1.0,-0.13609329,1.0,0.4092507,0.4092507,-0.5509051,-0.3130016,-0.13609329,1.0,0.4092507,0.4092507,-0.5509051,-0.3130016
95.167,1.7816,0.0299,0.4246,4.0,0.0,1.0,-0.06767557,1.0,0.43584013,0.43584013,-0.583314,-0.34901044,-0.06767557,1.0,0.43584013,0.43584013,-0.583314,-0.34901044
95.207,1.7978,0.0288,0.4179,4.0,0.0,1.0,-0.08348109,1.0,0.4315321,0.4315321,-0.57333744,-0.34318146,-0.08348109,1.0,0.4315321,0.4315321,-0.57333744,-0.34318146
95.255,1.8085,0.0279,0.4136,4.0,0.0,1.0,-0.013919797,1.0,0.46053362,0.46053362,-0.60576546,-0.38031477,-0.013919797,1.0,0.46053362,0.46053362,-0.60576546,-0.38031477
95.304,1.8247,0.0265,0.4071,4.0,0.0,1.0,-0.03013917,1.0,0.45567188,0.45567188,-0.5956858,-0.37417507,-0.03013917,1.0,0.45567188,0.45567188,-0.5956858,-0.37417507
95.355,1.8355,0.0256,0.4028,4.0,0.0,1.0,0.041174494,1.0,0.48815897,0.48815897,-0.62801397,-0.41316056,0.041174494,1.0,0.48815897,0.48815897,-0.62801397,-0.41316056
95.405,1.8518,0.0240,0.3964,4.0,0.0,1.0,0.02462389,1.0,0.48353824,0.48353824,-0.6174745,-0.4071494,0.02462389,1.0,0.48353824,0.48353824,-0.6174745,-0.4071494
95.455,1.8627,0.0229,0.3923,4.0,0.0,1.0,0.09886163,1.0,0.5193428,0.5193428,-0.6507382,-0.44812346,0.09886163,1.0,0.5193428,0.5193428,-0.6507382,-0.44812346
95.505,1.8791,0.0211,0.3862,4.0,0.0,1.0,0.08141115,1.0,0.5139719,0.5139719,-0.63986003,-0.44155112,0.08141115,1.0,0.5139719,0.5139719,-0.63986003,-0.44155112
95.555,1.8901,0.0198,0.3823,4.0,0.0,1.0,0.15920919,1.0,0.553525,0.553525,-0.67437834,-0.4848309,0.15920919,1.0,0.553525,0.553525,-0.67437834,-0.4848309
95.606,1.9068,0.0178,0.3765,4.0,0.0,1.0,0.14113162,1.0,0.5475392,0.5475392,-0.66328007,-0.47785154,0.14113162,1.0,0.5475392,0.5475392,-0.66328007,-0.47785154
95.655,1.9180,0.0164,0.3728,4.0,0.0,1.0,0.22282448,1.0,0.5912147,0.5912147,-0.6992229,-0.5236016,0.22282448,1.0,0.5912147,0.5912147,-0.6992229,-0.5236016
95.706,1.9349,0.0142,0.3674,4.0,0.0,1.0,0.08146801,1.0,0.48298395,0.48298395,-0.5798257,-0.50164235,0.08146801,1.0,0.48298395,0.48298395,-0.5798257,-0.50164235
95.755,1.9463,0.0126,0.3638,4.0,0.0,1.0,0.29950187,1.0,0.6188155,0.6188155,-0.7202266,-0.57927525,0.29950187,1.0,0.6188155,0.6188155,-0.7202266,-0.57927525
95.805,1.9637,0.0103,0.3588,4.0,0.0,1.0,0.2798783,1.0,0.6105282,0.6105282,-0.70897865,-0.57089967,0.2798783,1.0,0.6105282,0.6105282,-0.70897865,-0.57089967
95.855,1.9754,0.0086,0.3556,4.0,0.0,1.0,0.3764392,1.0,0.6644241,0.6644241,-0.75087625,-0.62556297,0.3764392,1.0,0.6644241,0.6644241,-0.75087625,-0.62556297
95.905,1.9934,0.0062,0.3510,4.0,0.0,1.0,0.35151353,1.0,0.65327406,0.65327406,-0.737085,-0.6144285,0.35151353,1.0,0.65327406,0.65327406,-0.737085,-0.6144285
95.955,2.0056,0.0045,0.3482,4.0,0.0,1.0,0.45239976,1.0,0.7122456,0.7122456,-0.78068906,-0.67171067,0.45239976,1.0,0.7122456,0.7122456,-0.78068906,-0.67171067
96.005,2.0244,0.0020,0.3444,4.0,0.0,1.0,0.42559567,1.0,0.699588,0.699588,-0.7660999,-0.65949583,0.42559567,1.0,0.699588,0.699588,-0.7660999,-0.65949583
96.054,2.0372,0.0003,0.3420,4.0,0.0,1.0,0.5298,1.0,0.7633902,0.7633902,-0.811028,-0.718772,0.5298,1.0,0.7633902,0.7633902,-0.811028,-0.718772
96.105,2.0570,-0.0022,0.3390,4.0,0.0,1.0,0.5007195,1.0,0.748885,0.748885,-0.7954735,-0.705246,0.5007195,1.0,0.748885,0.748885,-0.7954735,-0.705246
96.155,2.0706,-0.0039,0.3372,4.0,0.0,1.0,0.6070611,1.0,0.81710243,0.81710243,-0.8412916,-0.7657695,0.6070611,1.0,0.81710243,0.81710243,-0.8412916,-0.7657695
96.205,2.0915,-0.0063,0.3350,4.0,0.0,1.0,0.5750809,1.0,0.8003152,0.8003152,-0.8245074,-0.7505735,0.5750809,1.0,0.8003152,0.8003152,-0.8245074,-0.7505735
96.254,2.1060,-0.0080,0.3339,4.0,0.0,1.0,0.6828361,1.0,0.87440974,0.87440974,-0.8710412,-0.81179494,0.6828361,1.0,0.87440974,0.87440974,-0.8710412,-0.81179494
96.305,2.1283,-0.0103,0.3329,4.0,0.0,1.0,0.6480976,1.0,0.8565615,0.8565615,-0.85313123,-0.79496634,0.6480976,1.0,0.8565615,0.8565615,-0.85313123,-0.79496634
96.355,2.1437,-0.0119,0.3326,4.0,0.0,1.0,0.75148857,1.0,0.93140227,0.93140227,-0.89783597,-0.8536526,0.75148857,1.0,0.93140227,0.93140227,-0.89783597,-0.8536526
96.405,2.1674,-0.0141,0.3328,4.0,0.0,1.0,0.71553844,1.0,0.91173786,0.91173786,-0.8794978,-0.8360407,0.71553844,1.0,0.91173786,0.91173786,-0.8794978,-0.8360407
96.455,2.1836,-0.0155,0.3334,4.0,0.0,1.0,0.81719303,1.0,0.9887408,0.9887408,-0.9237226,-0.8934704,0.81719303,1.0,0.9887408,0.9887408,-0.9237226,-0.8934704
96.505,2.2088,-0.0175,0.3351,4.0,0.0,1.0,0.78181905,1.0,0.9681734,0.9681734,-0.9057823,-0.87603676,0.78181905,1.0,0.9681734,0.9681734,-0.9057823,-0.87603676
96.555,2.2260,-0.0188,0.3367,4.0,0.0,1.0,0.83888334,0.9604395,1.0,1.0,-0.9083494,-0.89097345,0.83888334,0.9604395,1.0,1.0,-0.9083494,-0.89097345
96.605,2.2524,-0.0206,0.3398,4.0,0.0,1.0,0.8211915,0.9815441,1.0,1.0,-0.9101401,-0.89259547,0.8211915,0.9815441,1.0,1.0,-0.9101401,-0.89259547
96.655,2.2703,-0.0218,0.3424,4.0,0.0,1.0,0.8435513,0.9205617,1.0,1.0,-0.88573754,-0.87837535,0.8435513,0.9205617,1.0,1.0,-0.88573754,-0.87837535
96.705,2.2977,-0.0234,0.3468,4.0,0.0,1.0,0.7948995,1.0,0.91981226,0.91981226,-0.8860417,-0.9088578,0.7948995,1.0,0.91981226,0.91981226,-0.8860417,-0.9088578
96.756,2.3163,-0.0244,0.3501,4.0,0.0,1.0,0.8836863,0.9057707,1.0,1.0,-0.8858655,-0.9035915,0.8836863,0.9057707,1.0,1.0,-0.8858655,-0.9035915
96.807,2.3445,-0.0258,0.3556,4.0,0.0,1.0,0.875097,0.9202187,1.0,1.0,-0.88863504,-0.9066807,0.875097,0.9202187,1.0,1.0,-0.88863504,-0.9066807
96.857,2.3636,-0.0266,0.3597,4.0,0.0,1.0,0.88743776,0.8763683,1.0,1.0,-0.8698482,-0.89395785,0.88743776,0.8763683,1.0,1.0,-0.8698482,-0.89395785
96.908,2.3925,-0.0277,0.3662,4.0,0.0,1.0,0.8766973,0.89367014,1.0,1.0,-0.87298256,-0.8973849,0.8766973,0.89367014,1.0,1.0,-0.87298256,-0.8973849
96.957,2.4119,-0.0284,0.3709,4.0,0.0,1.0,0.8823169,0.85928077,1.0,1.0,-0.8564548,-0.8851429,0.8823169,0.85928077,1.0,1.0,-0.8564548,-0.8851429
97.007,2.4412,-0.0292,0.3784,4.0,0.0,1.0,0.87491894,0.87313586,1.0,1.0,-0.8595285,-0.8885263,0.87491894,0.87313586,1.0,1.0,-0.8595285,-0.8885263
97.065,2.4609,-0.0297,0.3837,4.0,0.0,1.0,0.8762426,0.8455991,1.0,1.0,-0.8448745,-0.8769672,0.8762426,0.8455991,1.0,1.0,-0.8448745,-0.8769672
97.112,2.4906,-0.0303,0.3920,4.0,0.0,1.0,0.87148505,0.85632735,1.0,1.0,-0.8477152,-0.8800972,0.87148505,0.85632735,1.0,1.0,-0.8477152,-0.8800972
97.165,2.5104,-0.0307,0.3977,4.0,0.0,1.0,0.8699269,0.83413285,1.0,1.0,-0.8346962,-0.8693636,0.8699269,0.83413285,1.0,1.0,-0.8346962,-0.8693636
97.215,2.5402,-0.0311,0.4066,4.0,0.0,1.0,0.8670619,0.84241235,1.0,1.0,-0.83728844,-0.8721858,0.8670619,0.84241235,1.0,1.0,-0.83728844,-0.8721858
97.265,2.5602,-0.0313,0.4128,4.0,0.0,1.0,0.8635584,0.82438415,1.0,1.0,-0.8256575,-0.8622851,0.8635584,0.82438415,1.0,1.0,-0.8256575,-0.8622851
97.304,2.5900,-0.0316,0.4222,4.0,0.0,1.0,0.8620015,0.8307252,1.0,1.0,-0.82797223,-0.86475444,0.8620015,0.8307252,1.0,1.0,-0.82797223,-0.86475444
97.355,2.6100,-0.0317,0.4287,4.0,0.0,1.0,0.85589623,0.81389636,1.0,1.0,-0.81584406,-0.85394853,0.85589623,0.81389636,1.0,1.0,-0.81584406,-0.85394853
97.405,2.6398,-0.0318,0.4386,4.0,0.0,1.0,0.8537,0.817405,1.0,1.0,-0.8164668,-0.85463816,0.8537,0.817405,1.0,1.0,-0.8164668,-0.85463816
97.455,2.6597,-0.0319,0.4453,4.0,0.0,1.0,0.8467441,0.8021763,1.0,1.0,-0.8048857,-0.8440348,0.8467441,0.8021763,1.0,1.0,-0.8048857,-0.8440348
97.505,2.6895,-0.0318,0.4555,4.0,0.0,1.0,0.84521985,0.8047884,1.0,1.0,-0.8054266,-0.84458166,0.84521985,0.8047884,1.0,1.0,-0.8054266,-0.84458166
97.555,2.7092,-0.0317,0.4624,4.0,0.0,1.0,0.83782136,0.7911033,1.0,1.0,-0.79455274,-0.8343719,0.83782136,0.7911033,1.0,1.0,-0.79455274,-0.8343719
97.605,2.7388,-0.0316,0.4729,4.0,0.0,1.0,0.8366975,0.79306585,1.0,1.0,-0.7949844,-0.83477896,0.8366975,0.79306585,1.0,1.0,-0.7949844,-0.83477896
97.654,2.7584,-0.0314,0.4800,4.0,0.0,1.0,0.82894206,0.7804218,1.0,1.0,-0.7845997,-0.8247641,0.82894206,0.7804218,1.0,1.0,-0.7845997,-0.8247641
97.705,2.7879,-0.0311,0.4906,4.0,0.0,1.0,0.9083936,0.8626894,1.0,1.0,-0.86321473,-0.90786827,0.9083936,0.8626894,1.0,1.0,-0.86321473,-0.90786827
97.755,2.8075,-0.0308,0.4977,4.0,0.0,1.0,0.84852135,0.7953268,1.0,1.0,-0.8005969,-0.8432513,0.84852135,0.7953268,1.0,1.0,-0.8005969,-0.8432513
97.805,2.8369,-0.0304,0.5085,4.0,0.0,1.0,0.84871763,0.79752207,1.0,1.0,-0.8018453,-0.8443943,0.84871763,0.79752207,1.0,1.0,-0.8018453,-0.8443943
97.855,2.8565,-0.0301,0.5156,4.0,0.0,1.0,0.84153885,0.78748107,1.0,1.0,-0.79332954,-0.8356904,0.84153885,0.78748107,1.0,1.0,-0.79332954,-0.8356904
97.905,2.8856,-0.0295,0.5264,4.0,0.0,1.0,0.8422712,0.7900527,1.0,1.0,-0.7949865,-0.83733743,0.8422712,0.7900527,1.0,1.0,-0.7949865,-0.83733743
97.955,2.9050,-0.0291,0.5337,4.0,0.0,1.0,0.83458304,0.7806509,1.0,1.0,-0.7866843,-0.8285497,0.83458304,0.7806509,1.0,1.0,-0.7866843,-0.8285497
98.005,2.9339,-0.0284,0.5445,4.0,0.0,1.0,0.8355928,0.7829779,1.0,1.0,-0.7883523,-0.8302183,0.8355928,0.7829779,1.0,1.0,-0.7883523,-0.8302183
98.056,2.9531,-0.0279,0.5518,4.0,0.0,1.0,0.8231989,0.7699405,0.99483144,0.99483144,-0.77614826,-0.81699115,0.8231989,0.7699405,0.99483144,0.99483144,-0.77614826,-0.81699115
98.106,2.9818,-0.0271,0.5627,4.0,0.0,1.0,0.82868564,0.77606297,1.0,1.0,-0.7818345,-0.82291406,0.82868564,0.77606297,1.0,1.0,-0.7818345,-0.82291406
98.155,3.0008,-0.0266,0.5699,4.0,0.0,1.0,0.7871272,0.7363324,0.95968944,0.95968944,-0.74257237,-0.7808872,0.7871272,0.7363324,0.95968944,0.95968944,-0.74257237,-0.7808872
98.205,3.0290,-0.0257,0.5807,4.0,0.0,1.0,0.79668105,0.7459597,0.96964264,0.96964264,-0.7519275,-0.7907132,0.79668105,0.7459597,0.96964264,0.96964264,-0.7519275,-0.7907132
98.255,3.0476,-0.0251,0.5879,4.0,0.0,1.0,0.7525975,0.7043381,0.92587495,0.92587495,-0.7106342,-0.7463014,0.7525975,0.7043381,0.92587495,0.92587495,-0.7106342,-0.7463014
98.305,3.0752,-0.0242,0.5986,4.0,0.0,1.0,0.7618387,0.713446,0.93556184,0.93556184,-0.7195618,-0.7557229,0.7618387,0.713446,0.93556184,0.93556184,-0.7195618,-0.7557229
98.355,3.0933,-0.0236,0.6056,4.0,0.0,1.0,0.718465,0.6728363,0.89243525,0.89243525,-0.67921156,-0.7120897,0.718465,0.6728363,0.89243525,0.89243525,-0.67921156,-0.7120897
98.405,3.1202,-0.0226,0.6160,4.0,0.0,1.0,0.7277411,0.68182886,0.9022038,0.9022038,-0.68807346,-0.72149646,0.7277411,0.68182886,0.9022038,0.9022038,-0.68807346,-0.72149646
98.455,3.1378,-0.0219,0.6229,4.0,0.0,1.0,0.68568456,0.64272887,0.8604321,0.8604321,-0.6491777,-0.6792358,0.68568456,0.64272887,0.8604321,0.8604321,-0.6491777,-0.6792358
98.505,3.1639,-0.0210,0.6330,4.0,0.0,1.0,0.69485426,0.65151286,0.87013125,0.87013125,-0.6578617,-0.6885055,0.69485426,0.65151286,0.87013125,0.87013125,-0.6578617,-0.6885055
98.554,3.1809,-0.0203,0.6396,4.0,0.0,1.0,0.65393597,0.61369485,0.82962006,0.82962006,-0.6202055,-0.64742535,0.65393597,0.61369485,0.82962006,0.82962006,-0.6202055,-0.64742535
98.605,3.2061,-0.0193,0.6494,4.0,0.0,1.0,0.66275465,0.6220706,0.8389839,0.8389839,-0.6285012,-0.6563241,0.66275465,0.6220706,0.8389839,0.8389839,-0.6285012,-0.6563241
98.655,3.2226,-0.0186,0.6557,4.0,0.0,1.0,0.6232634,0.5857669,0.80010515,0.80010515,-0.59231454,-0.6167158,0.6232634,0.5857669,0.80010515,0.80010515,-0.59231454,-0.6167158
98.705,3.2471,-0.0176,0.6652,4.0,0.0,1.0,0.86256665,0.8076785,1.0,1.0,-0.8179801,-0.85226506,0.86256665,0.8076785,1.0,1.0,-0.8179801,-0.85226506
98.755,3.2635,-0.0169,0.6715,4.0,0.0,1.0,0.5617907,0.52927816,0.7195476,0.7195476,-0.53551227,-0.5555566,0.5617907,0.52927816,0.7195476,0.7195476,-0.53551227,-0.5555566
98.806,3.2873,-0.0158,0.6806,4.0,0.0,1.0,0.56905574,0.5366249,0.7277606,0.7277606,-0.542442,-0.5632386,0.56905574,0.5366249,0.7277606,0.7277606,-0.542442,-0.5632386
98.857,3.3028,-0.0152,0.6864,4.0,0.0,1.0,0.5313319,0.50253314,0.6918812,0.6918812,-0.5081863,-0.52567875,0.5313319,0.50253314,0.6918812,0.6918812,-0.5081863,-0.52567875
98.908,3.3255,-0.0142,0.6949,4.0,0.0,1.0,0.54020053,0.51044613,0.7012705,0.7012705,-0.5162996,-0.5343471,0.54020053,0.51044613,0.7012705,0.7012705,-0.5162996,-0.5343471
98.958,3.3403,-0.0135,0.7003,4.0,0.0,1.0,0.5046164,0.47815192,0.66808105,0.66808105,-0.483993,-0.4987753,0.5046164,0.47815192,0.66808105,0.66808105,-0.483993,-0.4987753
99.015,3.3619,-0.0125,0.7082,4.0,0.0,1.0,0.5129234,0.48567328,0.6768889,0.6768889,-0.49160838,-0.5069883,0.5129234,0.48567328,0.6768889,0.6768889,-0.49160838,-0.5069883
99.061,3.3759,-0.0119,0.7133,4.0,0.0,1.0,0.47859636,0.45450813,0.645622,0.645622,-0.46047398,-0.47263053,0.47859636,0.45450813,0.645622,0.645622,-0.46047398,-0.47263053
99.116,3.3965,-0.0109,0.7206,4.0,0.0,1.0,0.4869202,0.46210277,0.6543572,0.6543572,-0.4681033,-0.48091966,0.4869202,0.46210277,0.6543572,0.6543572,-0.4681033,-0.48091966
99.163,3.4098,-0.0103,0.7254,4.0,0.0,1.0,0.45427647,0.43247604,0.625438,0.625438,-0.43852362,-0.4482289,0.45427647,0.43247604,0.625438,0.625438,-0.43852362,-0.4482289
99.215,3.4294,-0.0094,0.7322,4.0,0.0,1.0,0.46192777,0.4394822,0.6334325,0.6334325,-0.445534,-0.455876,0.46192777,0.4394822,0.6334325,0.6334325,-0.445534,-0.455876
99.265,3.4421,-0.0088,0.7365,4.0,0.0,1.0,0.43082717,0.41127086,0.6067257,0.6067257,-0.4173723,-0.42472574,0.43082717,0.41127086,0.6067257,0.6067257,-0.4173723,-0.42472574
99.315,3.4608,-0.0080,0.7428,4.0,0.0,1.0,0.43810323,0.4179384,0.61424685,0.61424685,-0.42403203,-0.43200958,0.43810323,0.4179384,0.61424685,0.61424685,-0.42403203,-0.43200958
99.355,3.4729,-0.0074,0.7468,4.0,0.0,1.0,0.40873185,0.3912912,0.5898945,0.5898945,-0.3974439,-0.40257916,0.40873185,0.3912912,0.5898945,0.5898945,-0.3974439,-0.40257916
99.406,3.4907,-0.0066,0.7526,4.0,0.0,1.0,0.4156107,0.39757636,0.5969178,0.5969178,-0.40373138,-0.4094557,0.4156107,0.39757636,0.5969178,0.5969178,-0.40373138,-0.4094557
99.455,3.5023,-0.0060,0.7563,4.0,0.0,1.0,0.38676205,0.37137204,0.57385606,0.57385606,-0.37760985,-0.38052425,0.38676205,0.37137204,0.57385606,0.57385606,-0.37760985,-0.38052425
99.505,3.5192,-0.0053,0.7617,4.0,0.0,1.0,0.39410815,0.37809694,0.58111095,0.58111095,-0.38431895,-0.38788614,0.39410815,0.37809694,0.58111095,0.58111095,-0.38431895,-0.38788614
99.555,3.5303,-0.0047,0.7651,4.0,0.0,1.0,0.36710694,0.35354206,0.560457,0.560457,-0.35986212,-0.36078689,0.36710694,0.35354206,0.560457,0.560457,-0.35986212,-0.36078689
99.605,3.5464,-0.0040,0.7699,4.0,0.0,1.0,0.37303042,0.35895702,0.5663916,0.5663916,-0.3652739,-0.36671355,0.37303042,0.35895702,0.5663916,0.5663916,-0.3652739,-0.36671355
99.655,3.5570,-0.0035,0.7730,4.0,0.0,1.0,0.34760123,0.3357724,0.5478639,0.5478639,-0.34222203,-0.3411516,0.34760123,0.3357724,0.5478639,0.5478639,-0.34222203,-0.3411516
99.706,3.5729,-0.0028,0.7778,4.0,0.0,1.0,0.73433346,0.70349765,1.0,1.0,-0.71895593,-0.7188751,0.73433346,0.70349765,1.0,1.0,-0.71895593,-0.7188751
99.755,3.5838,-0.0023,0.7813,4.0,0.0,1.0,0.30896834,0.3002842,0.5002508,0.5002508,-0.30628175,-0.3029708,0.30896834,0.3002842,0.5002508,0.5002508,-0.30628175,-0.3029708
99.805,3.5996,-0.0016,0.7862,4.0,0.0,1.0,0.3126588,0.30423188,0.50248665,0.50248665,-0.3096941,-0.30719656,0.3126588,0.30423188,0.50248665,0.50248665,-0.3096941,-0.30719656
99.855,3.6099,-0.0012,0.7892,4.0,0.0,1.0,0.28740326,0.2815836,0.48392305,0.48392305,-0.28675565,-0.2822312,0.28740326,0.2815836,0.48392305,0.48392305,-0.28675565,-0.2822312
99.906,3.6248,-0.0006,0.7935,4.0,0.0,1.0,0.29354557,0.28685144,0.49010554,0.49010554,-0.29234052,-0.28805652,0.29354557,0.28685144,0.49010554,0.49010554,-0.29234052,-0.28805652
99.957,3.6345,-0.0001,0.7961,4.0,0.0,1.0,0.27004457,0.26545107,0.4742236,0.4742236,-0.27093783,-0.2645578,0.27004457,0.26545107,0.4742236,0.4742236,-0.27093783,-0.2645578
100.005,3.6486,0.0005,0.7998,4.0,0.0,1.0,0.27679306,0.27142322,0.4806596,0.4806596,-0.27710345,-0.27111283,0.27679306,0.27142322,0.4806596,0.4806596,-0.27710345,-0.27111283
100.056,3.6577,0.0009,0.8021,4.0,0.0,1.0,0.2520794,0.24871135,0.46531534,0.46531534,-0.25455242,-0.24623832,0.2520794,0.24871135,0.46531534,0.46531534,-0.25455242,-0.24623832
100.105,3.6710,0.0014,0.8053,4.0,0.0,1.0,0.25889954,0.25486684,0.47150445,0.47150445,-0.2608003,-0.25296608,0.25889954,0.25486684,0.47150445,0.47150445,-0.2608003,-0.25296608
100.155,3.6796,0.0018,0.8072,4.0,0.0,1.0,0.23810026,0.23559009,0.46024266,0.46024266,-0.24179652,-0.23189381,0.23810026,0.23559009,0.46024266,0.46024266,-0.24179652,-0.23189381
100.206,3.6922,0.0023,0.8098,4.0,0.0,1.0,0.24318929,0.24024361,0.46503243,0.46503243,-0.24647585,-0.23695706,0.24318929,0.24024361,0.46503243,0.46503243,-0.24647585,-0.23695706
100.255,3.7004,0.0027,0.8114,4.0,0.0,1.0,0.22299197,0.2214028,0.45556644,0.45556644,-0.22799747,-0.2163973,0.22299197,0.2214028,0.45556644,0.45556644,-0.22799747,-0.2163973
100.306,3.7123,0.0032,0.8136,4.0,0.0,1.0,0.22811021,0.22614688,0.4600922,0.4600922,-0.2327126,-0.2215445,0.22811021,0.22614688,0.4600922,0.4600922,-0.2327126,-0.2215445
100.355,3.7201,0.0035,0.8149,4.0,0.0,1.0,0.20902896,0.20824453,0.45268834,0.45268834,-0.21523464,-0.20203885,0.20902896,0.20824453,0.45268834,0.45268834,-0.21523464,-0.20203885
100.405,3.7314,0.0040,0.8166,4.0,0.0,1.0,0.21354954,0.21247728,0.45660907,0.45660907,-0.2194079,-0.2066189,0.21354954,0.21247728,0.45660907,0.45660907,-0.2194079,-0.2066189
100.455,3.7389,0.0043,0.8176,4.0,0.0,1.0,0.1958634,0.19579709,0.45129696,0.45129696,-0.20318979,-0.18847068,0.1958634,0.19579709,0.45129696,0.45129696,-0.20318979,-0.18847068
100.505,3.7497,0.0047,0.8189,4.0,0.0,1.0,0.19975209,0.19946946,0.45466822,0.45466822,-0.20678797,-0.19243357,0.19975209,0.19946946,0.45466822,0.45466822,-0.20678797,-0.19243357
100.555,3.7568,0.0050,0.8196,4.0,0.0,1.0,0.18294217,0.18353523,0.45110705,0.45110705,-0.1913549,-0.17512248,0.18294217,0.18353523,0.45110705,0.45110705,-0.1913549,-0.17512248
100.605,3.7671,0.0054,0.8205,4.0,0.0,1.0,0.1866256,0.1870388,0.45413733,0.45413733,-0.1947689,-0.17889549,0.1866256,0.1870388,0.45413733,0.45413733,-0.1947689,-0.17889549
100.655,3.7739,0.0056,0.8210,4.0,0.0,1.0,0.1705301,0.17170225,0.45218098,0.45218098,-0.17997347,-0.16225888,0.1705301,0.17170225,0.45218098,0.45218098,-0.17997347,-0.16225888
100.705,3.7841,0.0060,0.8221,4.0,0.0,1.0,0.46549788,0.4621234,1.0,1.0,-0.48558685,-0.44203442,0.46549788,0.4621234,1.0,1.0,-0.48558685,-0.44203442
100.756,3.7910,0.0063,0.8233,4.0,0.0,1.0,0.14788496,0.14982334,0.42619696,0.42619696,-0.15825516,-0.13945313,0.14788496,0.14982334,0.42619696,0.42619696,-0.15825516,-0.13945313
100.806,3.8012,0.0066,0.8248,4.0,0.0,1.0,0.15016875,0.15224583,0.42387673,0.42387673,-0.1602971,-0.14211749,0.15016875,0.15224583,0.42387673,0.42387673,-0.1602971,-0.14211749
100.855,3.8078,0.0068,0.8257,4.0,0.0,1.0,0.13446873,0.13736664,0.41915566,0.41915566,-0.14571963,-0.12611572,0.13446873,0.13736664,0.41915566,0.41915566,-0.14571963,-0.12611572
100.906,3.8174,0.0071,0.8268,4.0,0.0,1.0,0.13796379,0.14062756,0.42261457,0.42261457,-0.1489989,-0.12959246,0.13796379,0.14062756,0.42261457,0.42261457,-0.1489989,-0.12959246
100.956,3.8237,0.0073,0.8273,4.0,0.0,1.0,0.12303089,0.12632674,0.4201133,0.4201133,-0.13512787,-0.11422976,0.12303089,0.12632674,0.4201133,0.4201133,-0.13512787,-0.11422976
101.005,3.8329,0.0076,0.8279,4.0,0.0,1.0,0.12641564,0.12953046,0.42320514,0.42320514,-0.13830854,-0.11763756,0.12641564,0.12953046,0.42320514,0.42320514,-0.13830854,-0.11763756
101.056,3.8388,0.0078,0.8282,4.0,0.0,1.0,0.11222933,0.115824506,0.42263126,0.42263126,-0.12512419,-0.10292965,0.11222933,0.115824506,0.42263126,0.42263126,-0.12512419,-0.10292965
101.106,3.8475,0.0081,0.8284,4.0,0.0,1.0,0.115373835,0.11883969,0.4253163,0.4253163,-0.128084,-0.10612952,0.115373835,0.11883969,0.4253163,0.4253163,-0.128084,-0.10612952
101.156,3.8532,0.0083,0.8283,4.0,0.0,1.0,0.10187641,0.105683476,0.42653683,0.42653683,-0.11553431,-0.09202557,0.10187641,0.105683476,0.42653683,0.42653683,-0.11553431,-0.09202557
101.206,3.8616,0.0086,0.8281,4.0,0.0,1.0,0.1048288,0.10854946,0.42884508,0.42884508,-0.11831739,-0.09506087,0.1048288,0.10854946,0.42884508,0.42884508,-0.11831739,-0.09506087
101.256,3.8670,0.0087,0.8278,4.0,0.0,1.0,0.09183561,0.09576854,0.43171775,0.43171775,-0.10623149,-0.08137266,0.09183561,0.09576854,0.43171775,0.43171775,-0.10623149,-0.08137266
101.306,3.8751,0.0090,0.8272,4.0,0.0,1.0,0.094960265,0.09884104,0.43365166,0.43365166,-0.10917796,-0.084623344,0.094960265,0.09884104,0.43365166,0.43365166,-0.10917796,-0.084623344
101.356,3.8803,0.0092,0.8267,4.0,0.0,1.0,0.08181564,0.08578443,0.43814006,0.43814006,-0.096944705,-0.07065536,0.08181564,0.08578443,0.43814006,0.43814006,-0.096944705,-0.07065536
101.405,3.8881,0.0094,0.8258,4.0,0.0,1.0,0.08487314,0.08882042,0.43968326,0.43968326,-0.09982883,-0.07386473,0.08487314,0.08882042,0.43968326,0.43968326,-0.09982883,-0.07386473
101.456,3.8931,0.0096,0.8251,4.0,0.0,1.0,0.07289091,0.07674811,0.44546223,0.44546223,-0.08867451,-0.06096451,0.07289091,0.07674811,0.44546223,0.44546223,-0.08867451,-0.06096451
101.506,3.9006,0.0098,0.8238,4.0,0.0,1.0,0.07542261,0.079259425,0.44676548,0.44676548,-0.09106862,-0.06361341,0.07542261,0.079259425,0.44676548,0.44676548,-0.09106862,-0.06361341
101.555,3.9055,0.0099,0.8229,4.0,0.0,1.0,0.06444465,0.06799621,0.4535675,0.4535675,-0.080848455,-0.051592417,0.06444465,0.06799621,0.4535675,0.4535675,-0.080848455,-0.051592417
101.606,3.9127,0.0101,0.8214,4.0,0.0,1.0,0.06605311,0.069590054,0.45492312,0.45492312,-0.082381874,-0.053261295,0.06605311,0.069590054,0.45492312,0.45492312,-0.082381874,-0.053261295
101.657,3.9175,0.0103,0.8204,4.0,0.0,1.0,0.055479635,0.058517214,0.46275604,0.46275604,-0.072538584,-0.041458264,0.055479635,0.058517214,0.46275604,0.46275604,-0.072538584,-0.041458264
101.706,3.9245,0.0105,0.8193,4.0,0.0,1.0,0.16784255,0.16960599,1.0,1.0,-0.20804729,-0.12940125,0.16784255,0.16960599,1.0,1.0,-0.20804729,-0.12940125
101.756,3.9293,0.0106,0.8191,4.0,0.0,1.0,0.042901132,0.04459418,0.44646072,0.44646072,-0.060065687,-0.027429627,0.042901132,0.04459418,0.44646072,0.44646072,-0.060065687,-0.027429627
101.806,3.9362,0.0108,0.8187,4.0,0.0,1.0,0.04472436,0.046351403,0.44207236,0.44207236,-0.06174787,-0.02932789,0.04472436,0.046351403,0.44207236,0.44207236,-0.06174787,-0.02932789
101.857,3.9408,0.0109,0.8183,4.0,0.0,1.0,0.034427647,0.03506331,0.44546342,0.44546342,-0.052110154,-0.017380802,0.034427647,0.03506331,0.44546342,0.44546342,-0.052110154,-0.017380802
101.906,3.9475,0.0111,0.8175,4.0,0.0,1.0,0.036459714,0.037409645,0.44723547,0.44723547,-0.05406608,-0.01980328,0.036459714,0.037409645,0.44723547,0.44723547,-0.05406608,-0.01980328
101.956,3.9519,0.0112,0.8170,4.0,0.0,1.0,0.026660884,0.026533717,0.45215842,0.45215842,-0.044919457,-0.008275141,0.026660884,0.026533717,0.45215842,0.45215842,-0.044919457,-0.008275141
102.007,3.9584,0.0113,0.8159,4.0,0.0,1.0,0.028490711,0.028641183,0.45366663,0.45366663,-0.046681404,-0.010450487,0.028490711,0.028641183,0.45366663,0.45366663,-0.046681404,-0.010450487
102.056,3.9626,0.0115,0.8152,4.0,0.0,1.0,0.019252917,0.01819349,0.45971385,0.45971385,-0.03808274,0.0006363313,0.019252917,0.01819349,0.45971385,0.45971385,-0.03808274,0.0006363313
102.107,3.9688,0.0116,0.8139,4.0,0.0,1.0,0.020939663,0.020153686,0.46097833,0.46097833,-0.03970797,-0.0013853797,0.020939663,0.020153686,0.46097833,0.46097833,-0.03970797,-0.0013853797
102.156,3.9729,0.0117,0.8130,4.0,0.0,1.0,0.012018411,0.009844408,0.46808162,0.46808162,-0.031430457,0.009567637,0.012018411,0.009844408,0.46808162,0.46808162,-0.031430457,0.009567637
102.207,3.9788,0.0119,0.8115,4.0,0.0,1.0,0.01375824,0.011913566,0.4690294,0.4690294,-0.033102363,0.0074305558,0.01375824,0.011913566,0.4690294,0.4690294,-0.033102363,0.0074305558
102.256,3.9827,0.0120,0.8104,4.0,0.0,1.0,0.005350147,0.0020135064,0.47692117,0.47692117,-0.02532962,0.017965967,0.005350147,0.0020135064,0.47692117,0.47692117,-0.02532962,0.017965967
102.307,3.9884,0.0121,0.8088,4.0,0.0,1.0,0.0068960055,0.0039308053,0.47767973,0.47767973,-0.026815342,0.01598853,0.0068960055,0.0039308053,0.47767973,0.47767973,-0.026815342,0.01598853
102.356,3.9922,0.0122,0.8076,4.0,0.0,1.0,-0.0011323179,-0.005680346,0.48623744,0.48623744,-0.019420687,0.02623335,-0.0011323179,-0.005680346,0.48623744,0.48623744,-0.019420687,0.02623335
102.407,3.9976,0.0123,0.8059,4.0,0.0,1.0,0.00040057296,-0.0037052257,0.48671857,0.48671857,-0.020888012,0.024192663,0.00040057296,-0.0037052257,0.48671857,0.48671857,-0.020888012,0.024192663
102.465,4.0012,0.0124,0.8047,4.0,0.0,1.0,-0.0073336237,-0.013070286,0.49582267,0.49582267,-0.013789496,0.034193408,-0.0073336237,-0.013070286,0.49582267,0.49582267,-0.013789496,0.034193408
102.511,4.0064,0.0126,0.8028,4.0,0.0,1.0,-0.0058396254,-0.011067527,0.49605772,0.49605772,-0.015213944,0.032121096,-0.0058396254,-0.011067527,0.49605772,0.49605772,-0.015213944,0.032121096
102.565,4.0098,0.0126,0.8015,4.0,0.0,1.0,-0.013191214,-0.020032138,0.5054409,0.5054409,-0.008489251,0.0417126,-0.013191214,-0.020032138,0.5054409,0.5054409,-0.008489251,0.0417126
102.612,4.0148,0.0128,0.7996,4.0,0.0,1.0,-0.01182203,-0.018130738,0.50554985,0.50554985,-0.009791348,0.039744116,-0.01182203,-0.018130738,0.50554985,0.50554985,-0.009791348,0.039744116
102.665,4.0180,0.0128,0.7984,4.0,0.0,1.0,-0.018812837,-0.0266814,0.5150381,0.5150381,-0.003414803,0.048909042,-0.018812837,-0.0266814,0.5150381,0.5150381,-0.003414803,0.048909042
102.712,4.0228,0.0129,0.7970,4.0,0.0,1.0,-0.019064011,-0.046084538,1.0,1.0,-0.02850414,0.09365269,-0.019064011,-0.046084538,1.0,1.0,-0.02850414,0.09365269
102.765,4.0260,0.0130,0.7967,4.0,0.0,1.0,-0.024769016,-0.03474727,0.49730155,0.49730155,0.0027019659,0.056814317,-0.024769016,-0.03474727,0.49730155,0.49730155,0.0027019659,0.056814317
102.815,4.0308,0.0131,0.7961,4.0,0.0,1.0,-0.023560526,-0.033393834,0.49268675,0.49268675,0.0015664009,0.05538796,-0.023560526,-0.033393834,0.49268675,0.49268675,0.0015664009,0.05538796
102.865,4.0339,0.0132,0.7957,4.0,0.0,1.0,-0.030157173,-0.04178083,0.49653596,0.49653596,0.007574559,0.06436344,-0.030157173,-0.04178083,0.49653596,0.49653596,0.007574559,0.06436344
102.912,4.0384,0.0133,0.7949,4.0,0.0,1.0,-0.029151013,-0.039968792,0.49785832,0.49785832,0.006625225,0.06249458,-0.029151013,-0.039968792,0.49785832,0.49785832,0.006625225,0.06249458
102.965,4.0414,0.0133,0.7944,4.0,0.0,1.0,-0.035574846,-0.04783847,0.5025092,0.5025092,0.012478039,0.07093528,-0.035574846,-0.04783847,0.5025092,0.5025092,0.012478039,0.07093528
103.004,4.0458,0.0134,0.7936,4.0,0.0,1.0,-0.034650963,-0.04620759,0.5036827,0.5036827,0.011607789,0.06925076,-0.034650963,-0.04620759,0.5036827,0.5036827,0.011607789,0.06925076
103.055,4.0486,0.0135,0.7930,4.0,0.0,1.0,-0.040898465,-0.05362243,0.50881934,0.50881934,0.01730661,0.07721428,-0.040898465,-0.05362243,0.50881934,0.50881934,0.01730661,0.07721428
103.104,4.0528,0.0135,0.7920,4.0,0.0,1.0,-0.039949488,-0.052042384,0.5098212,0.5098212,0.016414752,0.075577125,-0.039949488,-0.052042384,0.5098212,0.5098212,0.016414752,0.075577125
103.155,4.0555,0.0136,0.7914,4.0,0.0,1.0,-0.046140272,-0.059171606,0.51539236,0.51539236,0.02207421,0.08323767,-0.046140272,-0.059171606,0.51539236,0.51539236,0.02207421,0.08323767
103.205,4.0595,0.0137,0.7904,4.0,0.0,1.0,-0.045189273,-0.057666834,0.5162356,0.5162356,0.021181263,0.081674844,-0.045189273,-0.057666834,0.5162356,0.5162356,0.021181263,0.081674844
103.255,4.0621,0.0137,0.7897,4.0,0.0,1.0,-0.05108648,-0.06424057,0.5219854,0.5219854,0.0265878,0.08873925,-0.05108648,-0.06424057,0.5219854,0.5219854,0.0265878,0.08873925
103.306,4.0659,0.0138,0.7886,4.0,0.0,1.0,-0.05021895,-0.062909186,0.5227583,0.5227583,0.025770899,0.08735724,-0.05021895,-0.062909186,0.5227583,0.5227583,0.025770899,0.08735724
103.355,4.0684,0.0138,0.7879,4.0,0.0,1.0,-0.055977233,-0.06913685,0.5286658,0.5286658,0.031070543,0.09404354,-0.055977233,-0.06913685,0.5286658,0.5286658,0.031070543,0.09404354
103.404,4.0720,0.0139,0.7868,4.0,0.0,1.0,-0.05509659,-0.06785955,0.52931833,0.52931833,0.03023994,0.0927162,-0.05509659,-0.06785955,0.52931833,0.52931833,0.03023994,0.0927162
103.453,4.0744,0.0139,0.7861,4.0,0.0,1.0,-0.060758512,-0.07380528,0.5353048,0.5353048,0.035475966,0.09908783,-0.060758512,-0.07380528,0.5353048,0.5353048,0.035475966,0.09908783
103.503,4.0778,0.0139,0.7850,4.0,0.0,1.0,-0.059836674,-0.0725493,0.5358275,0.5358275,0.03460457,0.0977814,-0.059836674,-0.0725493,0.5358275,0.5358275,0.03460457,0.0977814
103.554,4.0801,0.0140,0.7843,4.0,0.0,1.0,-0.06526942,-0.07808518,0.5416956,0.5416956,0.039656155,0.10369844,-0.06526942,-0.07808518,0.5416956,0.5416956,0.039656155,0.10369844
103.605,4.0834,0.0140,0.7833,4.0,0.0,1.0,-0.06441491,-0.07696616,0.5422014,0.5422014,0.038843658,0.10253741,-0.06441491,-0.07696616,0.5422014,0.5422014,0.038843658,0.10253741
103.655,4.0855,0.0140,0.7826,4.0,0.0,1.0,-0.069637455,-0.08213662,0.54787034,0.54787034,0.043730184,0.1080439,-0.069637455,-0.08213662,0.54787034,0.54787034,0.043730184,0.1080439
103.705,4.0886,0.0141,0.7820,4.0,0.0,1.0,-0.12203965,-0.16664945,1.0,1.0,0.0697747,0.21891439,-0.12203965,-0.16664945,1.0,1.0,0.0697747,0.21891439
103.755,4.0907,0.0141,0.7820,4.0,0.0,1.0,-0.07215183,-0.08473172,0.5259016,0.5259016,0.04688324,0.11000031,-0.07215183,-0.08473172,0.5259016,0.5259016,0.04688324,0.11000031
103.806,4.0937,0.0141,0.7821,4.0,0.0,1.0,-0.071701355,-0.0836329,0.522578,0.522578,0.046511732,0.108822525,-0.071701355,-0.0836329,0.522578,0.522578,0.046511732,0.108822525
103.855,4.0957,0.0141,0.7821,4.0,0.0,1.0,-0.076984644,-0.0880875,0.5238334,0.5238334,0.051604725,0.11346742,-0.076984644,-0.0880875,0.5238334,0.5238334,0.051604725,0.11346742
103.906,4.0986,0.0141,0.7820,4.0,0.0,1.0,-0.07617648,-0.087362245,0.5254428,0.5254428,0.05080444,0.11273429,-0.07617648,-0.087362245,0.5254428,0.5254428,0.05080444,0.11273429
103.955,4.1005,0.0141,0.7820,4.0,0.0,1.0,-0.08123121,-0.09156239,0.5271525,0.5271525,0.05571217,0.11708143,-0.08123121,-0.09156239,0.5271525,0.5271525,0.05571217,0.11708143
104.005,4.1033,0.0141,0.7818,4.0,0.0,1.0,-0.08045811,-0.09089634,0.52866054,0.52866054,0.054940555,0.11641389,-0.08045811,-0.09089634,0.52866054,0.52866054,0.054940555,0.11641389
104.055,4.1051,0.0141,0.7817,4.0,0.0,1.0,-0.085360765,-0.094908215,0.5306676,0.5306676,0.059739344,0.12052963,-0.085360765,-0.094908215,0.5306676,0.5306676,0.059739344,0.12052963
104.105,4.1077,0.0141,0.7815,4.0,0.0,1.0,-0.084588915,-0.0942738,0.5320823,0.5320823,0.05896256,0.11990015,-0.084588915,-0.0942738,0.5320823,0.5320823,0.05896256,0.11990015
104.155,4.1094,0.0140,0.7814,4.0,0.0,1.0,-0.08932745,-0.098105706,0.5343226,0.5343226,0.06364078,0.12379237,-0.08932745,-0.098105706,0.5343226,0.5343226,0.06364078,0.12379237
104.205,4.1120,0.0140,0.7812,4.0,0.0,1.0,-0.08860798,-0.097540274,0.53565234,0.53565234,0.06290928,0.12323897,-0.08860798,-0.097540274,0.53565234,0.53565234,0.06290928,0.12323897
104.255,4.1136,0.0140,0.7810,4.0,0.0,1.0,-0.093172945,-0.10119467,0.5380509,0.5380509,0.06745835,0.12690927,-0.093172945,-0.10119467,0.5380509,0.5380509,0.06745835,0.12690927
104.305,4.1160,0.0140,0.7807,4.0,0.0,1.0,-0.09244917,-0.10064569,0.5393035,0.5393035,0.06671537,0.12637949,-0.09244917,-0.10064569,0.5393035,0.5393035,0.06671537,0.12637949
104.355,4.1176,0.0139,0.7806,4.0,0.0,1.0,-0.0968342,-0.104125015,0.5417966,0.5417966,0.07112883,0.12983038,-0.0968342,-0.104125015,0.5417966,0.5417966,0.07112883,0.12983038
104.405,4.1199,0.0139,0.7803,4.0,0.0,1.0,-0.09613621,-0.10361448,0.54299045,0.54299045,0.07040384,0.12934686,-0.09613621,-0.10361448,0.54299045,0.54299045,0.07040384,0.12934686
104.455,4.1214,0.0139,0.7801,4.0,0.0,1.0,-0.10035243,-0.10693681,0.5455146,0.5455146,0.074693,0.13259624,-0.10035243,-0.10693681,0.5455146,0.5455146,0.074693,0.13259624
104.506,4.1235,0.0138,0.7798,4.0,0.0,1.0,-0.09971568,-0.10648938,0.5466629,0.5466629,0.074022576,0.13218248,-0.09971568,-0.10648938,0.5466629,0.5466629,0.074022576,0.13218248
104.555,4.1249,0.0138,0.7797,4.0,0.0,1.0,-0.103692055,-0.10960921,0.54914826,0.54914826,0.078113765,0.13518749,-0.103692055,-0.10960921,0.54914826,0.54914826,0.078113765,0.13518749
104.605,4.1270,0.0137,0.7794,4.0,0.0,1.0,-0.10312319,-0.109228134,0.5502621,0.5502621,0.07750543,0.1348459,-0.10312319,-0.109228134,0.5502621,0.5502621,0.07750543,0.1348459
104.655,4.1283,0.0137,0.7792,4.0,0.0,1.0,-0.10691521,-0.11219754,0.5526507,0.5526507,0.08145515,0.13765761,-0.10691521,-0.11219754,0.5526507,0.5526507,0.08145515,0.13765761
104.705,4.1303,0.0136,0.7795,4.0,0.0,1.0,-0.19902271,-0.22836564,1.0,1.0,0.14743063,0.2799577,-0.19902271,-0.22836564,1.0,1.0,0.14743063,0.2799577
104.755,4.1315,0.0135,0.7802,4.0,0.0,1.0,-0.10666624,-0.11146934,0.5254085,0.5254085,0.08240447,0.13573112,-0.10666624,-0.11146934,0.5254085,0.5254085,0.08240447,0.13573112
104.806,4.1333,0.0134,0.7813,4.0,0.0,1.0,-0.10648262,-0.1107346,0.5222892,0.5222892,0.082270555,0.13494666,-0.10648262,-0.1107346,0.5222892,0.5222892,0.082270555,0.13494666
104.855,4.1345,0.0134,0.7819,4.0,0.0,1.0,-0.110187925,-0.11285758,0.51941043,0.51941043,0.086341515,0.136704,-0.110187925,-0.11285758,0.51941043,0.51941043,0.086341515,0.136704
104.905,4.1361,0.0133,0.7827,4.0,0.0,1.0,-0.109440066,-0.11269349,0.5218707,0.5218707,0.085495315,0.13663824,-0.109440066,-0.11269349,0.5218707,0.5218707,0.085495315,0.13663824
104.956,4.1371,0.0132,0.7832,4.0,0.0,1.0,-0.112734914,-0.11468898,0.5198528,0.5198528,0.089166924,0.13825697,-0.112734914,-0.11468898,0.5198528,0.5198528,0.089166924,0.13825697
105.005,4.1386,0.0131,0.7839,4.0,0.0,1.0,-0.11210379,-0.11455926,0.5221393,0.5221393,0.0884364,0.13822664,-0.11210379,-0.11455926,0.5221393,0.5221393,0.0884364,0.13822664
105.055,4.1395,0.0130,0.7844,4.0,0.0,1.0,-0.11504589,-0.11641449,0.520761,0.520761,0.09176965,0.13969073,-0.11504589,-0.11641449,0.520761,0.520761,0.09176965,0.13969073
105.106,4.1408,0.0129,0.7849,4.0,0.0,1.0,-0.11450989,-0.11631058,0.5229014,0.5229014,0.091131985,0.13968849,-0.11450989,-0.11631058,0.5229014,0.5229014,0.091131985,0.13968849
105.155,4.1416,0.0128,0.7853,4.0,0.0,1.0,-0.11715572,-0.118050985,0.5220692,0.5220692,0.09418662,0.14102009,-0.11715572,-0.118050985,0.5220692,0.5220692,0.09418662,0.14102009
105.206,4.1428,0.0127,0.7857,4.0,0.0,1.0,-0.11667094,-0.11795182,0.5241189,0.5241189,0.0935912,0.14103155,-0.11667094,-0.11795182,0.5241189,0.5241189,0.0935912,0.14103155
105.255,4.1435,0.0126,0.7860,4.0,0.0,1.0,-0.11908346,-0.11961035,0.5237365,0.5237365,0.09643741,0.1422564,-0.11908346,-0.11961035,0.5237365,0.5237365,0.09643741,0.1422564
105.305,4.1446,0.0125,0.7863,4.0,0.0,1.0,-0.11868509,-0.11953591,0.5256333,0.5256333,0.09592882,0.14229219,-0.11868509,-0.11953591,0.5256333,0.5256333,0.09592882,0.14229219
105.355,4.1453,0.0124,0.7865,4.0,0.0,1.0,-0.12077875,-0.12105766,0.5257532,0.5257532,0.09845818,0.14337823,-0.12077875,-0.12105766,0.5257532,0.5257532,0.09845818,0.14337823
105.405,4.1462,0.0123,0.7867,4.0,0.0,1.0,-0.12048572,-0.121028505,0.5275063,0.5275063,0.09806121,0.14345302,-0.12048572,-0.121028505,0.5275063,0.5275063,0.09806121,0.14345302
105.455,4.1468,0.0122,0.7868,4.0,0.0,1.0,-0.122349314,-0.12246308,0.52798903,0.52798903,0.100376636,0.14443575,-0.122349314,-0.12246308,0.52798903,0.52798903,0.100376636,0.14443575
105.505,4.1477,0.0120,0.7870,4.0,0.0,1.0,-0.12211066,-0.12244676,0.5296445,0.5296445,0.100030795,0.14452662,-0.12211066,-0.12244676,0.5296445,0.5296445,0.100030795,0.14452662
105.556,4.1482,0.0119,0.7871,4.0,0.0,1.0,-0.123757236,-0.123799056,0.5304402,0.5304402,0.102143444,0.14541285,-0.123757236,-0.123799056,0.5304402,0.5304402,0.102143444,0.14541285
105.605,4.1490,0.0118,0.7871,4.0,0.0,1.0,-0.12357482,-0.123798765,0.53200734,0.53200734,0.10185225,0.14552134,-0.12357482,-0.123798765,0.53200734,0.53200734,0.10185225,0.14552134
105.655,4.1495,0.0117,0.7872,4.0,0.0,1.0,-0.12502992,-0.12508179,0.53305167,0.53305167,0.1037912,0.1463205,-0.12502992,-0.12508179,0.53305167,0.53305167,0.1037912,0.1463205
105.706,4.1501,0.0115,0.7877,4.0,0.0,1.0,-0.25183758,-0.26480553,1.0,1.0,0.20644511,0.310198,-0.25183758,-0.26480553,1.0,1.0,0.20644511,0.310198
105.758,4.1505,0.0114,0.7886,4.0,0.0,1.0,-0.1217461,-0.12214589,0.5054612,0.5054612,0.10186672,0.14202528,-0.1217461,-0.12214589,0.5054612,0.5054612,0.10186672,0.14202528
105.805,4.1510,0.0112,0.7899,4.0,0.0,1.0,-0.12177548,-0.12177802,0.50293,0.50293,0.10184549,0.141708,-0.12177548,-0.12177802,0.50293,0.50293,0.10184549,0.141708
105.855,4.1513,0.0111,0.7906,4.0,0.0,1.0,-0.123179965,-0.12244022,0.49855557,0.49855557,0.10396392,0.14165626,-0.123179965,-0.12244022,0.49855557,0.49855557,0.10396392,0.14165626
105.905,4.1517,0.0109,0.7915,4.0,0.0,1.0,-0.12287417,-0.1225443,0.50184953,0.50184953,0.1034389,0.14197958,-0.12287417,-0.1225443,0.50184953,0.50184953,0.1034389,0.14197958
105.955,4.1519,0.0108,0.7921,4.0,0.0,1.0,-0.123844214,-0.12310383,0.4995346,0.4995346,0.10500673,0.14194131,-0.123844214,-0.12310383,0.4995346,0.4995346,0.10500673,0.14194131
106.006,4.1522,0.0106,0.7928,4.0,0.0,1.0,-0.12371526,-0.12325036,0.5021666,0.5021666,0.10471527,0.14225034,-0.12371526,-0.12325036,0.5021666,0.5021666,0.10471527,0.14225034
106.055,4.1524,0.0105,0.7932,4.0,0.0,1.0,-0.12445264,-0.12373609,0.5008819,0.5008819,0.10602567,0.14216305,-0.12445264,-0.12373609,0.5008819,0.5008819,0.10602567,0.14216305
106.105,4.1526,0.0104,0.7937,4.0,0.0,1.0,-0.12440314,-0.12389488,0.5032217,0.5032217,0.10582689,0.14247113,-0.12440314,-0.12389488,0.5032217,0.5032217,0.10582689,0.14247113
106.156,4.1527,0.0103,0.7939,4.0,0.0,1.0,-0.124935344,-0.12431438,0.50285083,0.50285083,0.106907934,0.1423418,-0.124935344,-0.12431438,0.50285083,0.50285083,0.106907934,0.1423418
106.205,4.1528,0.0101,0.7942,4.0,0.0,1.0,-0.124947734,-0.124480754,0.50498194,0.50498194,0.106773145,0.14265534,-0.124947734,-0.124480754,0.50498194,0.50498194,0.106773145,0.14265534
106.255,4.1528,0.0100,0.7943,4.0,0.0,1.0,-0.12530714,-0.12484154,0.5054105,0.5054105,0.10765657,0.14249212,-0.12530714,-0.12484154,0.5054105,0.5054105,0.10765657,0.14249212
106.305,4.1529,0.0098,0.7944,4.0,0.0,1.0,-0.12537585,-0.12501818,0.5073179,0.5073179,0.1075891,0.14280494,-0.12537585,-0.12501818,0.5073179,0.5073179,0.1075891,0.14280494
106.355,4.1529,0.0097,0.7945,4.0,0.0,1.0,-0.12558465,-0.12533137,0.50841534,0.50841534,0.10829913,0.1426169,-0.12558465,-0.12533137,0.50841534,0.50841534,0.10829913,0.1426169
106.405,4.1529,0.0096,0.7944,4.0,0.0,1.0,-0.12569879,-0.12551953,0.51014423,0.51014423,0.10828268,0.14293565,-0.12569879,-0.12551953,0.51014423,0.51014423,0.10828268,0.14293565
106.455,4.1529,0.0095,0.7944,4.0,0.0,1.0,-0.12576921,-0.12580077,0.51178634,0.51178634,0.10885018,0.1427198,-0.12576921,-0.12580077,0.51178634,0.51178634,0.10885018,0.1427198
106.505,4.1528,0.0093,0.7942,4.0,0.0,1.0,-0.12592107,-0.12599716,0.51335484,0.51335484,0.10887147,0.14304675,-0.12592107,-0.12599716,0.51335484,0.51335484,0.10887147,0.14304675
106.556,4.1528,0.0092,0.7941,4.0,0.0,1.0,-0.12587266,-0.12624787,0.515449,0.515449,0.109300874,0.14281966,-0.12587266,-0.12624787,0.515449,0.515449,0.109300874,0.14281966
106.605,4.1527,0.0090,0.7939,4.0,0.0,1.0,-0.12607038,-0.1264409,0.5168705,0.5168705,0.109370284,0.14314099,-0.12607038,-0.1264409,0.5168705,0.5168705,0.109370284,0.14314099
106.655,4.1526,0.0089,0.7937,4.0,0.0,1.0,-0.12593855,-0.12665032,0.5193133,0.5193133,0.1096988,0.14289007,-0.12593855,-0.12665032,0.5193133,0.5193133,0.1096988,0.14289007
106.706,4.1524,0.0088,0.7939,4.0,0.0,1.0,-0.2666218,-0.27691308,1.0,1.0,0.23065086,0.312884,-0.2666218,-0.27691308,1.0,1.0,0.23065086,0.312884
106.756,4.1523,0.0087,0.7946,4.0,0.0,1.0,-0.12114201,-0.12252703,0.4939008,0.4939008,0.1060001,0.13766894,-0.12114201,-0.12252703,0.4939008,0.4939008,0.1060001,0.13766894
106.805,4.1520,0.0085,0.7955,4.0,0.0,1.0,-0.12145128,-0.122457415,0.49071425,0.49071425,0.10627229,0.1376364,-0.12145128,-0.122457415,0.49071425,0.49071425,0.10627229,0.1376364
106.855,4.1518,0.0084,0.7960,4.0,0.0,1.0,-0.12122332,-0.122248955,0.48849458,0.48849458,0.1065797,0.13689259,-0.12122332,-0.122248955,0.48849458,0.48849458,0.1065797,0.13689259
106.905,4.1515,0.0083,0.7966,4.0,0.0,1.0,-0.12143017,-0.122557394,0.49113956,0.49113956,0.1066452,0.13734238,-0.12143017,-0.122557394,0.49113956,0.49113956,0.1066452,0.13734238
106.956,4.1513,0.0082,0.7970,4.0,0.0,1.0,-0.12108037,-0.12237336,0.49024606,0.49024606,0.106798425,0.1366553,-0.12108037,-0.12237336,0.49024606,0.49024606,0.106798425,0.1366553
107.006,4.1510,0.0080,0.7973,4.0,0.0,1.0,-0.1213126,-0.12268588,0.49262315,0.49262315,0.10689121,0.13710728,-0.1213126,-0.12268588,0.49262315,0.49262315,0.10689121,0.13710728
107.056,4.1508,0.0079,0.7975,4.0,0.0,1.0,-0.1208482,-0.122540615,0.49276584,0.49276584,0.106892355,0.13649645,-0.1208482,-0.122540615,0.49276584,0.49276584,0.106892355,0.13649645
107.105,4.1504,0.0078,0.7977,4.0,0.0,1.0,-0.1211087,-0.12284755,0.49487883,0.49487883,0.10701949,0.13693677,-0.1211087,-0.12284755,0.49487883,0.49487883,0.10701949,0.13693677
107.155,4.1502,0.0077,0.7977,4.0,0.0,1.0,-0.120556965,-0.12270028,0.4958864,0.4958864,0.10691142,0.13634582,-0.120556965,-0.12270028,0.4958864,0.4958864,0.10691142,0.13634582
107.206,4.1498,0.0075,0.7977,4.0,0.0,1.0,-0.12085303,-0.122972265,0.4977559,0.4977559,0.1070904,0.13673489,-0.12085303,-0.122972265,0.4977559,0.4977559,0.1070904,0.13673489
107.256,4.1495,0.0074,0.7976,4.0,0.0,1.0,-0.120224476,-0.122800894,0.4995157,0.4995157,0.10689559,0.13612978,-0.120224476,-0.122800894,0.4995157,0.4995157,0.10689559,0.13612978
107.306,4.1491,0.0073,0.7974,4.0,0.0,1.0,-0.12054239,-0.12306667,0.5011887,0.5011887,0.10710402,0.13650505,-0.12054239,-0.12306667,0.5011887,0.5011887,0.10710402,0.13650505
107.358,4.1489,0.0072,0.7972,4.0,0.0,1.0,-0.11986156,-0.12289186,0.5035904,0.5035904,0.10684087,0.13591255,-0.11986156,-0.12289186,0.5035904,0.5035904,0.10684087,0.13591255
107.406,4.1484,0.0071,0.7969,4.0,0.0,1.0,-0.120272696,-0.123194695,0.50509393,0.50509393,0.107118666,0.13634872,-0.120272696,-0.123194695,0.50509393,0.50509393,0.107118666,0.13634872
107.456,4.1482,0.0070,0.7966,4.0,0.0,1.0,-0.119401395,-0.12295013,0.50814927,0.50814927,0.10671901,0.13563251,-0.119401395,-0.12295013,0.50814927,0.50814927,0.10671901,0.13563251
107.506,4.1477,0.0068,0.7962,4.0,0.0,1.0,-0.1198594,-0.12325853,0.5093465,0.5093465,0.107030004,0.13608792,-0.1198594,-0.12325853,0.5093465,0.5093465,0.107030004,0.13608792
107.556,4.1475,0.0067,0.7959,4.0,0.0,1.0,-0.11911793,-0.123091616,0.51268643,0.51268643,0.10667913,0.13553041,-0.11911793,-0.123091616,0.51268643,0.51268643,0.10667913,0.13553041
107.606,4.1470,0.0066,0.7953,4.0,0.0,1.0,-0.119503535,-0.123364195,0.5138731,0.5138731,0.10696172,0.13590601,-0.119503535,-0.123364195,0.5138731,0.5138731,0.10696172,0.13590601
107.656,4.1467,0.0065,0.7950,4.0,0.0,1.0,-0.11874927,-0.12320902,0.5175175,0.5175175,0.10658511,0.13537319,-0.11874927,-0.12320902,0.5175175,0.5175175,0.10658511,0.13537319
107.709,4.1463,0.0064,0.7949,4.0,0.0,1.0,-0.2544641,-0.27161217,1.0,1.0,0.22728568,0.29879057,-0.2544641,-0.27161217,1.0,1.0,0.22728568,0.29879057
107.756,4.1460,0.0063,0.7954,4.0,0.0,1.0,-0.11376611,-0.11889919,0.49347985,0.49347985,0.10242083,0.13024448,-0.11376611,-0.11889919,0.49347985,0.49347985,0.10242083,0.13024448
107.806,4.1454,0.0062,0.7961,4.0,0.0,1.0,-0.11402283,-0.11881801,0.48976514,0.48976514,0.102715954,0.13012488,-0.11402283,-0.11881801,0.48976514,0.48976514,0.102715954,0.13012488
107.856,4.1451,0.0061,0.7965,4.0,0.0,1.0,-0.11330728,-0.11842106,0.48874122,0.48874122,0.10240304,0.1293253,-0.11330728,-0.11842106,0.48874122,0.48874122,0.10240304,0.1293253
107.905,4.1446,0.0059,0.7969,4.0,0.0,1.0,-0.113640435,-0.11876564,0.49112493,0.49112493,0.1026286,0.12977746,-0.113640435,-0.11876564,0.49112493,0.49112493,0.1026286,0.12977746
107.956,4.1442,0.0059,0.7971,4.0,0.0,1.0,-0.11281015,-0.11836258,0.4911074,0.4911074,0.10221158,0.12896115,-0.11281015,-0.11836258,0.4911074,0.4911074,0.10221158,0.12896115
108.006,4.1437,0.0057,0.7972,4.0,0.0,1.0,-0.11317733,-0.11868802,0.49326083,0.49326083,0.102474056,0.1293913,-0.11317733,-0.11868802,0.49326083,0.49326083,0.102474056,0.1293913
108.056,4.1433,0.0056,0.7973,4.0,0.0,1.0,-0.11232333,-0.11828902,0.49415535,0.49415535,0.10202098,0.12859136,-0.11232333,-0.11828902,0.49415535,0.49415535,0.10202098,0.12859136
108.106,4.1428,0.0055,0.7973,4.0,0.0,1.0,-0.11268236,-0.118583344,0.49605832,0.49605832,0.10229028,0.12897542,-0.11268236,-0.118583344,0.49605832,0.49605832,0.10229028,0.12897542
108.156,4.1424,0.0054,0.7972,4.0,0.0,1.0,-0.11176229,-0.11816138,0.4977164,0.4977164,0.1017752,0.12814847,-0.11176229,-0.11816138,0.4977164,0.4977164,0.1017752,0.12814847
108.206,4.1419,0.0053,0.7970,4.0,0.0,1.0,-0.112141185,-0.11846588,0.49943358,0.49943358,0.102060884,0.12854618,-0.112141185,-0.11846588,0.49943358,0.49943358,0.102060884,0.12854618
108.256,4.1415,0.0052,0.7969,4.0,0.0,1.0,-0.11117618,-0.11805291,0.50177807,0.50177807,0.101496525,0.12773256,-0.11117618,-0.11805291,0.50177807,0.50177807,0.101496525,0.12773256
108.306,4.1409,0.0051,0.7966,4.0,0.0,1.0,-0.11157605,-0.11836318,0.50331104,0.50331104,0.101802886,0.12813634,-0.11157605,-0.11836318,0.50331104,0.50331104,0.101802886,0.12813634
108.356,4.1405,0.0050,0.7963,4.0,0.0,1.0,-0.11060234,-0.11797335,0.5062241,0.5062241,0.1012197,0.127356,-0.11060234,-0.11797335,0.5062241,0.5062241,0.1012197,0.127356
108.407,4.1400,0.0049,0.7959,4.0,0.0,1.0,-0.111023635,-0.118285075,0.50758684,0.50758684,0.10154705,0.12776166,-0.111023635,-0.118285075,0.50758684,0.50758684,0.10154705,0.12776166
108.455,4.1396,0.0048,0.7955,4.0,0.0,1.0,-0.110053696,-0.117922135,0.5109544,0.5109544,0.10095749,0.12701835,-0.110053696,-0.117922135,0.5109544,0.5109544,0.10095749,0.12701835
108.506,4.1391,0.0046,0.7950,4.0,0.0,1.0,-0.11047767,-0.11822771,0.51217216,0.51217216,0.10129088,0.12741451,-0.11047767,-0.11822771,0.51217216,0.51217216,0.10129088,0.12741451
108.556,4.1387,0.0046,0.7946,4.0,0.0,1.0,-0.10952237,-0.11789892,0.5158745,0.5158745,0.1007033,0.126718,-0.10952237,-0.11789892,0.5158745,0.5158745,0.1007033,0.126718
108.606,4.1382,0.0044,0.7940,4.0,0.0,1.0,-0.10995675,-0.11820216,0.5169594,0.5169594,0.101047225,0.12711167,-0.10995675,-0.11820216,0.5169594,0.5169594,0.101047225,0.12711167
108.656,4.1379,0.0044,0.7936,4.0,0.0,1.0,-0.10900822,-0.11790185,0.520914,0.520914,0.1004578,0.12645227,-0.10900822,-0.11790185,0.520914,0.520914,0.1004578,0.12645227
108.706,4.1373,0.0042,0.7935,4.0,0.0,1.0,-0.23217277,-0.25898045,1.0,1.0,0.21298036,0.27817285,-0.23217277,-0.25898045,1.0,1.0,0.21298036,0.27817285
108.755,4.1369,0.0042,0.7940,4.0,0.0,1.0,-0.10412865,-0.11362625,0.49692363,0.49692363,0.09627036,0.12148454,-0.10412865,-0.11362625,0.49692363,0.49692363,0.09627036,0.12148454
108.806,4.1364,0.0040,0.7946,4.0,0.0,1.0,-0.10460153,-0.11369038,0.4934428,0.4934428,0.09670542,0.12158648,-0.10460153,-0.11369038,0.4934428,0.4934428,0.09670542,0.12158648
108.855,4.1360,0.0039,0.7949,4.0,0.0,1.0,-0.103693806,-0.11315781,0.49233457,0.49233457,0.096195266,0.120656356,-0.103693806,-0.11315781,0.49233457,0.49233457,0.096195266,0.120656356
108.906,4.1354,0.0038,0.7953,4.0,0.0,1.0,-0.104069255,-0.11352282,0.49470523,0.49470523,0.09646843,0.12112365,-0.104069255,-0.11352282,0.49470523,0.49470523,0.09646843,0.12112365
108.956,4.1350,0.0037,0.7955,4.0,0.0,1.0,-0.103146255,-0.113044515,0.49479362,0.49479362,0.095917046,0.120273724,-0.103146255,-0.113044515,0.49479362,0.49479362,0.095917046,0.120273724
109.007,4.1345,0.0036,0.7957,4.0,0.0,1.0,-0.10352152,-0.11336765,0.49688444,0.49688444,0.096203305,0.12068586,-0.10352152,-0.11336765,0.49688444,0.49688444,0.096203305,0.12068586
109.056,4.1341,0.0036,0.7957,4.0,0.0,1.0,-0.10258347,-0.11289527,0.49781534,0.49781534,0.09562444,0.11985431,-0.10258347,-0.11289527,0.49781534,0.49781534,0.09562444,0.11985431
109.106,4.1335,0.0034,0.7957,4.0,0.0,1.0,-0.10295803,-0.11319582,0.4996863,0.4996863,0.09591809,0.12023577,-0.10295803,-0.11319582,0.4996863,0.4996863,0.09591809,0.12023577
109.156,4.1331,0.0034,0.7956,4.0,0.0,1.0,-0.10197741,-0.11271517,0.50134575,0.50134575,0.09529235,0.119400226,-0.10197741,-0.11271517,0.50134575,0.50134575,0.09529235,0.119400226
109.206,4.1325,0.0032,0.7955,4.0,0.0,1.0,-0.10236154,-0.11302134,0.5030381,0.5030381,0.09559541,0.11978746,-0.10236154,-0.11302134,0.5030381,0.5030381,0.09559541,0.11978746
109.256,4.1321,0.0032,0.7953,4.0,0.0,1.0,-0.101350114,-0.11255766,0.5053384,0.5053384,0.09492999,0.11897778,-0.101350114,-0.11255766,0.5053384,0.5053384,0.09492999,0.11897778
109.306,4.1316,0.0031,0.7950,4.0,0.0,1.0,-0.10174827,-0.1128663,0.50685686,0.50685686,0.09524829,0.11936627,-0.10174827,-0.1128663,0.50685686,0.50685686,0.09524829,0.11936627
109.355,4.1312,0.0030,0.7947,4.0,0.0,1.0,-0.10073992,-0.11243342,0.5096847,0.5096847,0.09457215,0.11860119,-0.10073992,-0.11243342,0.5096847,0.5096847,0.09457215,0.11860119
109.409,4.1306,0.0029,0.7943,4.0,0.0,1.0,-0.10115868,-0.11274359,0.51104206,0.51104206,0.09491083,0.118991435,-0.10115868,-0.11274359,0.51104206,0.51104206,0.09491083,0.118991435
109.478,4.1302,0.0028,0.7940,4.0,0.0,1.0,-0.100163214,-0.11234514,0.514291,0.514291,0.0942342,0.11827415,-0.100163214,-0.11234514,0.514291,0.514291,0.0942342,0.11827415
109.528,4.1297,0.0027,0.7935,4.0,0.0,1.0,-0.10058207,-0.11264599,0.51551163,0.51551163,0.09457717,0.11865089,-0.10058207,-0.11264599,0.51551163,0.51551163,0.09457717,0.11865089
109.578,4.1293,0.0026,0.7932,4.0,0.0,1.0,-0.099620536,-0.11229219,0.5190579,0.5190579,0.09391724,0.117995486,-0.099620536,-0.11229219,0.5190579,0.5190579,0.09391724,0.117995486
109.627,4.1288,0.0025,0.7926,4.0,0.0,1.0,-0.1000376,-0.1125856,0.52016705,0.52016705,0.094261885,0.11836132,-0.1000376,-0.1125856,0.52016705,0.52016705,0.094261885,0.11836132
109.658,4.1285,0.0025,0.7922,4.0,0.0,1.0,-0.09910493,-0.11227343,0.52392113,0.52392113,0.09361619,0.11776218,-0.09910493,-0.11227343,0.52392113,0.52392113,0.09361619,0.11776218
109.708,4.1280,0.0024,0.7920,4.0,0.0,1.0,-0.20915984,-0.24556184,1.0,1.0,0.19679269,0.25792897,-0.20915984,-0.24556184,1.0,1.0,0.19679269,0.25792897
109.758,4.1276,0.0023,0.7924,4.0,0.0,1.0,-0.09453336,-0.108275406,0.501241,0.501241,0.08953969,0.113269076,-0.09453336,-0.108275406,0.501241,0.501241,0.08953969,0.113269076
109.808,4.1270,0.0022,0.7931,4.0,0.0,1.0,-0.09503403,-0.10830564,0.4968856,0.4968856,0.09001407,0.1133256,-0.09503403,-0.10830564,0.4968856,0.4968856,0.09001407,0.1133256
109.857,4.1267,0.0021,0.7935,4.0,0.0,1.0,-0.09422652,-0.1077911,0.49537697,0.49537697,0.0895096,0.11250802,-0.09422652,-0.1077911,0.49537697,0.49537697,0.0895096,0.11250802
109.909,4.1261,0.0021,0.7939,4.0,0.0,1.0,-0.0945565,-0.10812131,0.49767804,0.49767804,0.089767985,0.11290983,-0.0945565,-0.10812131,0.49767804,0.49767804,0.089767985,0.11290983
109.958,4.1258,0.0020,0.7941,4.0,0.0,1.0,-0.093707055,-0.107666105,0.49752352,0.49752352,0.08920258,0.11217057,-0.093707055,-0.107666105,0.49752352,0.49752352,0.08920258,0.11217057
110.009,4.1253,0.0019,0.7944,4.0,0.0,1.0,-0.09405587,-0.10797452,0.4996399,0.4996399,0.0894836,0.1125468,-0.09405587,-0.10797452,0.4996399,0.4996399,0.0894836,0.1125468
110.058,4.1249,0.0018,0.7945,4.0,0.0,1.0,-0.093192786,-0.107530676,0.5002997,0.5002997,0.08889337,0.11183009,-0.093192786,-0.107530676,0.5002997,0.5002997,0.08889337,0.11183009
110.116,4.1244,0.0018,0.7945,4.0,0.0,1.0,-0.09355294,-0.107823126,0.5022163,0.5022163,0.08918975,0.11218631,-0.09355294,-0.107823126,0.5022163,0.5022163,0.08918975,0.11218631
110.160,4.1240,0.0017,0.7945,4.0,0.0,1.0,-0.09267164,-0.10738127,0.50359535,0.50359535,0.08857356,0.11147935,-0.09267164,-0.10738127,0.50359535,0.50359535,0.08857356,0.11147935
110.209,4.1235,0.0016,0.7944,4.0,0.0,1.0,-0.093011744,-0.10765407,0.5053187,0.5053187,0.08885818,0.11180764,-0.093011744,-0.10765407,0.5053187,0.5053187,0.08885818,0.11180764
110.277,4.1231,0.0016,0.7943,4.0,0.0,1.0,-0.09209884,-0.107220784,0.5073189,0.5073189,0.08820378,0.11111584,-0.09209884,-0.107220784,0.5073189,0.5073189,0.08820378,0.11111584
110.328,4.1226,0.0015,0.7940,4.0,0.0,1.0,-0.09246417,-0.10750884,0.5088852,0.5088852,0.08851068,0.11146234,-0.09246417,-0.10750884,0.5088852,0.5088852,0.08851068,0.11146234
110.367,4.1222,0.0014,0.7938,4.0,0.0,1.0,-0.09153899,-0.107098326,0.5114143,0.5114143,0.08783616,0.11080115,-0.09153899,-0.107098326,0.5114143,0.5114143,0.08783616,0.11080115
110.427,4.1217,0.0013,0.7935,4.0,0.0,1.0,-0.09192641,-0.10739007,0.51282203,0.51282203,0.08816459,0.11115189,-0.09192641,-0.10739007,0.51282203,0.51282203,0.08816459,0.11115189
110.458,4.1214,0.0013,0.7932,4.0,0.0,1.0,-0.091027565,-0.10702226,0.51576865,0.51576865,0.08750269,0.11054714,-0.091027565,-0.10702226,0.51576865,0.51576865,0.08750269,0.11054714
110.508,4.1209,0.0012,0.7928,4.0,0.0,1.0,-0.09142517,-0.10731272,0.51704645,0.51704645,0.08784283,0.11089505,-0.09142517,-0.10731272,0.51704645,0.51704645,0.08784283,0.11089505
110.566,4.1205,0.0012,0.7925,4.0,0.0,1.0,-0.09050893,-0.10696497,0.52035075,0.52035075,0.08716043,0.110313475,-0.09050893,-0.10696497,0.52035075,0.52035075,0.08716043,0.110313475
110.610,4.1200,0.0011,0.7920,4.0,0.0,1.0,-0.09092356,-0.10725476,0.52147686,0.52147686,0.087516285,0.110662036,-0.09092356,-0.10725476,0.52147686,0.52147686,0.087516285,0.110662036
110.660,4.1197,0.0010,0.7917,4.0,0.0,1.0,-0.09006756,-0.10696638,0.52497554,0.52497554,0.08687592,0.11015801,-0.09006756,-0.10696638,0.52497554,0.52497554,0.08687592,0.11015801
110.710,4.1193,0.0010,0.7915,4.0,0.0,1.0,-0.18876298,-0.23386347,1.0,1.0,0.1814866,0.24113984,-0.18876298,-0.23386347,1.0,1.0,0.1814866,0.24113984
110.760,4.1189,0.0009,0.7918,4.0,0.0,1.0,-0.085913755,-0.1032222,0.5019673,0.5019673,0.08305593,0.106080025,-0.085913755,-0.1032222,0.5019673,0.5019673,0.08305593,0.106080025
110.811,4.1185,0.0008,0.7922,4.0,0.0,1.0,-0.08637761,-0.103296325,0.49901637,0.49901637,0.0834969,0.10617704,-0.08637761,-0.103296325,0.49901637,0.49901637,0.0834969,0.10617704
110.868,4.1182,0.0008,0.7925,4.0,0.0,1.0,-0.08564621,-0.10287956,0.49880582,0.49880582,0.08298513,0.10554064,-0.08564621,-0.10287956,0.49880582,0.49880582,0.08298513,0.10554064
110.912,4.1177,0.0007,0.7927,4.0,0.0,1.0,-0.08598136,-0.10318476,0.5009524,0.5009524,0.08326523,0.10590089,-0.08598136,-0.10318476,0.5009524,0.5009524,0.08326523,0.10590089
110.965,4.1174,0.0007,0.7928,4.0,0.0,1.0,-0.08521057,-0.10277689,0.5015961,0.5015961,0.082708865,0.105278604,-0.08521057,-0.10277689,0.5015961,0.5015961,0.082708865,0.105278604
111.015,4.1169,0.0006,0.7928,4.0,0.0,1.0,-0.08555132,-0.103062,0.5035189,0.5035189,0.08299849,0.10561482,-0.08555132,-0.103062,0.5035189,0.5035189,0.08299849,0.10561482
111.065,4.1166,0.0006,0.7928,4.0,0.0,1.0,-0.08478434,-0.102673344,0.50489926,0.50489926,0.08243463,0.10502305,-0.08478434,-0.102673344,0.50489926,0.50489926,0.08243463,0.10502305
111.115,4.1161,0.0005,0.7927,4.0,0.0,1.0,-0.08510597,-0.10293728,0.50662524,0.50662524,0.082712434,0.10533082,-0.08510597,-0.10293728,0.50662524,0.50662524,0.082712434,0.10533082
111.165,4.1158,0.0005,0.7926,4.0,0.0,1.0,-0.084316194,-0.102563865,0.5086185,0.5086185,0.08211903,0.104761034,-0.084316194,-0.102563865,0.5086185,0.5086185,0.08211903,0.104761034
111.216,4.1153,0.0004,0.7924,4.0,0.0,1.0,-0.084647365,-0.10283187,0.5101845,0.5101845,0.08240709,0.10507215,-0.084647365,-0.10283187,0.5101845,0.5101845,0.08240709,0.10507215
111.265,4.1150,0.0004,0.7922,4.0,0.0,1.0,-0.08387007,-0.10249505,0.5126863,0.5126863,0.08181518,0.10454994,-0.08387007,-0.10249505,0.5126863,0.5126863,0.08181518,0.10454994
111.304,4.1146,0.0003,0.7918,4.0,0.0,1.0,-0.08420209,-0.10275581,0.5141121,0.5141121,0.08210731,0.10485058,-0.08420209,-0.10275581,0.5141121,0.5141121,0.08210731,0.10485058
111.357,4.1142,0.0002,0.7915,4.0,0.0,1.0,-0.08342194,-0.1024461,0.51702464,0.51702464,0.08150587,0.10436216,-0.08342194,-0.1024461,0.51702464,0.51702464,0.08150587,0.10436216
111.406,4.1136,0.0001,0.7908,4.0,0.0,1.0,-0.086098306,-0.10011088,0.5188658,0.5188658,0.08466938,0.101539806,-0.086098306,-0.10011088,0.5188658,0.5188658,0.08466938,0.101539806
111.454,4.1132,-0.0000,0.7904,4.0,0.0,1.0,-0.092248864,-0.09195981,0.5238664,0.5238664,0.09267013,0.09153855,-0.092248864,-0.09195981,0.5238664,0.5238664,0.09267013,0.09153855
111.505,4.1126,-0.0002,0.7897,4.0,0.0,1.0,-0.0912472,-0.09362904,0.52468973,0.52468973,0.091512024,0.09336422,-0.0912472,-0.09362904,0.52468973,0.52468973,0.091512024,0.09336422
111.555,4.1122,-0.0004,0.7893,4.0,0.0,1.0,-0.093223855,-0.090176396,0.5289004,0.5289004,0.09455853,0.088841714,-0.093223855,-0.090176396,0.5289004,0.5289004,0.09455853,0.088841714
111.608,4.1116,-0.0005,0.7886,4.0,0.0,1.0,-0.091912895,-0.09223792,0.5297449,0.5297449,0.09295603,0.091194786,-0.091912895,-0.09223792,0.5297449,0.5297449,0.09295603,0.091194786
111.667,4.1113,-0.0007,0.7881,4.0,0.0,1.0,-0.09306074,-0.08974971,0.5339595,0.5339595,0.09505167,0.08775878,-0.09306074,-0.08974971,0.5339595,0.5339595,0.09505167,0.08775878
111.728,4.1108,-0.0009,0.7880,4.0,0.0,1.0,-0.1885295,-0.19795774,1.0,1.0,0.1903914,0.19609584,-0.1885295,-0.19795774,1.0,1.0,0.1903914,0.19609584
111.762,4.1105,-0.0010,0.7884,4.0,0.0,1.0,-0.088827744,-0.08654523,0.5093796,0.5093796,0.091468036,0.08390494,-0.088827744,-0.08654523,0.5093796,0.5093796,0.091468036,0.08390494
111.816,4.1100,-0.0012,0.7890,4.0,0.0,1.0,-0.08798992,-0.08800188,0.505849,0.505849,0.09041557,0.08557622,-0.08798992,-0.08800188,0.505849,0.505849,0.09041557,0.08557622
111.862,4.1097,-0.0014,0.7894,4.0,0.0,1.0,-0.08769803,-0.08711243,0.5048253,0.5048253,0.09087743,0.08393302,-0.08769803,-0.08711243,0.5048253,0.5048253,0.09087743,0.08393302
111.915,4.1092,-0.0016,0.7898,4.0,0.0,1.0,-0.08748745,-0.087944515,0.5070547,0.5070547,0.09049632,0.08493565,-0.08748745,-0.087944515,0.5070547,0.5070547,0.09049632,0.08493565
111.955,4.1089,-0.0017,0.7900,4.0,0.0,1.0,-0.08685465,-0.087463975,0.50701994,0.50701994,0.09054894,0.08376968,-0.08685465,-0.087463975,0.50701994,0.50701994,0.09054894,0.08376968
112.007,4.1084,-0.0019,0.7902,4.0,0.0,1.0,-0.086820245,-0.088106394,0.50905687,0.50905687,0.09035961,0.08456703,-0.086820245,-0.088106394,0.50905687,0.50905687,0.09035961,0.08456703
112.057,4.1081,-0.0020,0.7903,4.0,0.0,1.0,-0.08592461,-0.08793398,0.50971264,0.50971264,0.09009578,0.08376281,-0.08592461,-0.08793398,0.50971264,0.50971264,0.09009578,0.08376281
112.105,4.1077,-0.0022,0.7904,4.0,0.0,1.0,-0.086028405,-0.0884118,0.51156014,0.51156014,0.09006498,0.084375225,-0.086028405,-0.0884118,0.51156014,0.51156014,0.09006498,0.084375225
112.155,4.1074,-0.0024,0.7904,4.0,0.0,1.0,-0.08493019,-0.08847399,0.51281714,0.51281714,0.08955339,0.083850786,-0.08493019,-0.08847399,0.51281714,0.51281714,0.08955339,0.083850786
112.206,4.1070,-0.0025,0.7903,4.0,0.0,1.0,-0.08513911,-0.088827565,0.51450706,0.51450706,0.08964365,0.08432302,-0.08513911,-0.088827565,0.51450706,0.51450706,0.08964365,0.08432302
112.256,4.1067,-0.0027,0.7902,4.0,0.0,1.0,-0.083865695,-0.089062765,0.51626116,0.51626116,0.0889282,0.08400027,-0.083865695,-0.089062765,0.51626116,0.51626116,0.0889282,0.08400027
112.306,4.1063,-0.0029,0.7901,4.0,0.0,1.0,-0.08416526,-0.08932614,0.51780206,0.51780206,0.08911597,0.08437544,-0.08416526,-0.08932614,0.51780206,0.51780206,0.08911597,0.08437544
112.355,4.1060,-0.0030,0.7899,4.0,0.0,1.0,-0.08282024,-0.08970662,0.51997554,0.51997554,0.08827649,0.08425037,-0.08282024,-0.08970662,0.51997554,0.51997554,0.08827649,0.08425037
112.406,4.1056,-0.0032,0.7897,4.0,0.0,1.0,-0.08319338,-0.08990128,0.5213953,0.5213953,0.08854429,0.08455037,-0.08319338,-0.08990128,0.5213953,0.5213953,0.08854429,0.08455037
112.456,4.1054,-0.0033,0.7895,4.0,0.0,1.0,-0.08177206,-0.09039815,0.52389747,0.52389747,0.08759138,0.08457883,-0.08177206,-0.09039815,0.52389747,0.52389747,0.08759138,0.08457883
112.506,4.1050,-0.0034,0.7892,4.0,0.0,1.0,-0.08220758,-0.09053442,0.52519137,0.52519137,0.08792506,0.08481694,-0.08220758,-0.09053442,0.52519137,0.52519137,0.08792506,0.08481694
112.556,4.1048,-0.0035,0.7890,4.0,0.0,1.0,-0.08079963,-0.09111279,0.5279186,0.5279186,0.08693147,0.08498096,-0.08079963,-0.09111279,0.5279186,0.5279186,0.08693147,0.08498096
112.607,4.1046,-0.0036,0.7888,4.0,0.0,1.0,-0.08125471,-0.09120835,0.52912873,0.52912873,0.087297365,0.0851657,-0.08125471,-0.09120835,0.52912873,0.52912873,0.087297365,0.0851657
112.656,4.1042,-0.0038,0.7884,4.0,0.0,1.0,-0.08151476,-0.091342255,0.5304727,0.5304727,0.087538235,0.085318774,-0.08151476,-0.091342255,0.5304727,0.5304727,0.087538235,0.085318774
112.705,4.1038,-0.0039,0.7883,4.0,0.0,1.0,-0.170349,-0.19189686,1.0,1.0,0.18300147,0.17924438,-0.170349,-0.19189686,1.0,1.0,0.18300147,0.17924438
112.756,4.1036,-0.0040,0.7889,4.0,0.0,1.0,-0.07557807,-0.089498505,0.50796217,0.50796217,0.08207823,0.08299834,-0.07557807,-0.089498505,0.50796217,0.50796217,0.08207823,0.08299834
112.806,4.1033,-0.0042,0.7898,4.0,0.0,1.0,-0.075760074,-0.08982574,0.50386935,0.50386935,0.082146354,0.08343947,-0.075760074,-0.08982574,0.50386935,0.50386935,0.082146354,0.08343947
112.856,4.1031,-0.0042,0.7903,4.0,0.0,1.0,-0.07399407,-0.09087997,0.50153977,0.50153977,0.08061936,0.08425468,-0.07399407,-0.09087997,0.50153977,0.50153977,0.08061936,0.08425468
112.907,4.1028,-0.0043,0.7909,4.0,0.0,1.0,-0.07459703,-0.09076038,0.50401783,0.50401783,0.0811664,0.084191,-0.07459703,-0.09076038,0.50401783,0.50401783,0.0811664,0.084191
112.955,4.1026,-0.0044,0.7912,4.0,0.0,1.0,-0.07299889,-0.09167875,0.503125,0.503125,0.0797734,0.08490424,-0.07299889,-0.09167875,0.503125,0.503125,0.0797734,0.08490424
113.006,4.1023,-0.0045,0.7916,4.0,0.0,1.0,-0.073606715,-0.09154589,0.5053721,0.5053721,0.080338806,0.084813796,-0.073606715,-0.09154589,0.5053721,0.5053721,0.080338806,0.084813796
113.061,4.1020,-0.0046,0.7919,4.0,0.0,1.0,-0.07213913,-0.09236358,0.50532436,0.50532436,0.07904864,0.08545407,-0.07213913,-0.09236358,0.50532436,0.50532436,0.07904864,0.08545407
113.115,4.1017,-0.0047,0.7921,4.0,0.0,1.0,-0.07274849,-0.09223764,0.50737786,0.50737786,0.0796226,0.08536353,-0.07274849,-0.09223764,0.50737786,0.50737786,0.0796226,0.08536353
113.165,4.1015,-0.0047,0.7922,4.0,0.0,1.0,-0.071385756,-0.09296573,0.5080327,0.5080327,0.07841612,0.08593537,-0.071385756,-0.09296573,0.5080327,0.5080327,0.07841612,0.08593537
113.215,4.1013,-0.0048,0.7922,4.0,0.0,1.0,-0.071963444,-0.09286147,0.50988704,0.50988704,0.0789665,0.08585843,-0.071963444,-0.09286147,0.50988704,0.50988704,0.0789665,0.08585843
113.264,4.1011,-0.0049,0.7922,4.0,0.0,1.0,-0.070707545,-0.09349294,0.51115537,0.51115537,0.07785011,0.086350374,-0.070707545,-0.09349294,0.51115537,0.51115537,0.07785011,0.086350374
113.315,4.1008,-0.0049,0.7922,4.0,0.0,1.0,-0.07123941,-0.09341693,0.51283807,0.51283807,0.07836216,0.08629418,-0.07123941,-0.09341693,0.51283807,0.51283807,0.07836216,0.08629418
113.361,4.1006,-0.0050,0.7921,4.0,0.0,1.0,-0.07006229,-0.0939681,0.51462513,0.51462513,0.0773104,0.08671999,-0.07006229,-0.0939681,0.51462513,0.51462513,0.0773104,0.08671999
113.414,4.1003,-0.0050,0.7919,4.0,0.0,1.0,-0.07057319,-0.09392495,0.51616675,0.51616675,0.07780328,0.08669485,-0.07057319,-0.09392495,0.51616675,0.51616675,0.07780328,0.08669485
113.465,4.1001,-0.0051,0.7918,4.0,0.0,1.0,-0.06945062,-0.094430834,0.5183834,0.5183834,0.07679063,0.08709082,-0.06945062,-0.094430834,0.5183834,0.5183834,0.07679063,0.08709082
113.515,4.0998,-0.0051,0.7915,4.0,0.0,1.0,-0.06996541,-0.09440917,0.51977813,0.51977813,0.07728809,0.087086484,-0.06996541,-0.09440917,0.51977813,0.51977813,0.07728809,0.087086484
113.555,4.0996,-0.0052,0.7913,4.0,0.0,1.0,-0.06896542,-0.09486667,0.5223323,0.5223323,0.076379046,0.087453045,-0.06896542,-0.09486667,0.5223323,0.5223323,0.076379046,0.087453045
113.604,4.0994,-0.0052,0.7910,4.0,0.0,1.0,-0.06941627,-0.09488095,0.5236324,0.5236324,0.07681858,0.087478645,-0.06941627,-0.09488095,0.5236324,0.5236324,0.07681858,0.087478645
113.655,4.0992,-0.0052,0.7908,4.0,0.0,1.0,-0.06849704,-0.09531078,0.52642876,0.52642876,0.07597459,0.08783323,-0.06849704,-0.09531078,0.52642876,0.52642876,0.07597459,0.08783323
113.705,4.0990,-0.0053,0.7909,4.0,0.0,1.0,-0.14337976,-0.20556746,1.0,1.0,0.15908898,0.18985824,-0.14337976,-0.20556746,1.0,1.0,0.15908898,0.18985824
113.755,4.0988,-0.0053,0.7916,4.0,0.0,1.0,-0.06523977,-0.092524976,0.5010085,0.5010085,0.07250841,0.085256346,-0.06523977,-0.092524976,0.5010085,0.5010085,0.07250841,0.085256346
113.805,4.0986,-0.0053,0.7924,4.0,0.0,1.0,-0.06566785,-0.092525795,0.4977341,0.4977341,0.07291967,0.08527398,-0.06566785,-0.092525795,0.4977341,0.4977341,0.07291967,0.08527398
113.855,4.0984,-0.0053,0.7929,4.0,0.0,1.0,-0.06488457,-0.09286554,0.49569514,0.49569514,0.07216728,0.08558284,-0.06488457,-0.09286554,0.49569514,0.49569514,0.07216728,0.08558284
113.905,4.0982,-0.0053,0.7935,4.0,0.0,1.0,-0.065237306,-0.092922196,0.49821204,0.49821204,0.072520725,0.085638784,-0.065237306,-0.092922196,0.49821204,0.49821204,0.072520725,0.085638784
113.955,4.0980,-0.0054,0.7938,4.0,0.0,1.0,-0.06451399,-0.093212225,0.49741396,0.49741396,0.071818195,0.085908026,-0.06451399,-0.093212225,0.49741396,0.49741396,0.071818195,0.085908026
114.005,4.0978,-0.0054,0.7942,4.0,0.0,1.0,-0.06488606,-0.093255945,0.4996971,0.4996971,0.07219632,0.08594569,-0.06488606,-0.093255945,0.4996971,0.4996971,0.07219632,0.08594569
114.054,4.0977,-0.0054,0.7944,4.0,0.0,1.0,-0.064222544,-0.09348863,0.4997696,0.4997696,0.07154987,0.08616131,-0.064222544,-0.09348863,0.4997696,0.4997696,0.07154987,0.08616131
114.105,4.0974,-0.0054,0.7946,4.0,0.0,1.0,-0.064582035,-0.09354548,0.5018218,0.5018218,0.0719191,0.08620842,-0.064582035,-0.09354548,0.5018218,0.5018218,0.0719191,0.08620842
114.155,4.0973,-0.0054,0.7946,4.0,0.0,1.0,-0.063971214,-0.093733676,0.50266963,0.50266963,0.071322724,0.086382166,-0.063971214,-0.093733676,0.50266963,0.50266963,0.071322724,0.086382166
114.205,4.0971,-0.0054,0.7947,4.0,0.0,1.0,-0.06430781,-0.09380717,0.504516,0.504516,0.07167044,0.086444534,-0.06430781,-0.09380717,0.504516,0.504516,0.07167044,0.086444534
114.255,4.0969,-0.0054,0.7946,4.0,0.0,1.0,-0.06372038,-0.093954965,0.5060206,0.5060206,0.07109506,0.086580284,-0.06372038,-0.093954965,0.5060206,0.5060206,0.07109506,0.086580284
114.305,4.0967,-0.0054,0.7945,4.0,0.0,1.0,-0.06403987,-0.09404085,0.5076923,0.5076923,0.07142628,0.08665444,-0.06403987,-0.09404085,0.5076923,0.5076923,0.07142628,0.08665444
114.355,4.0965,-0.0054,0.7944,4.0,0.0,1.0,-0.06348619,-0.0941597,0.5097765,0.5097765,0.07088138,0.0867645,-0.06348619,-0.0941597,0.5097765,0.5097765,0.07088138,0.0867645
114.404,4.0963,-0.0055,0.7941,4.0,0.0,1.0,-0.063803665,-0.0942671,0.5112907,0.5112907,0.07121055,0.086860225,-0.063803665,-0.0942671,0.5112907,0.5112907,0.07121055,0.086860225
114.455,4.0962,-0.0055,0.7939,4.0,0.0,1.0,-0.063283615,-0.0943769,0.5138502,0.5138502,0.070695065,0.08696546,-0.063283615,-0.0943769,0.5138502,0.5138502,0.070695065,0.08696546
114.505,4.0959,-0.0055,0.7936,4.0,0.0,1.0,-0.06360091,-0.09449897,0.5152105,0.5152105,0.071024366,0.08707552,-0.06360091,-0.09449897,0.5152105,0.5152105,0.071024366,0.08707552
114.555,4.0958,-0.0055,0.7933,4.0,0.0,1.0,-0.06313428,-0.09461143,0.5181375,0.5181375,0.07055796,0.08718775,-0.06313428,-0.09461143,0.5181375,0.5181375,0.07055796,0.08718775
114.604,4.0956,-0.0055,0.7929,4.0,0.0,1.0,-0.06342364,-0.094741784,0.51938975,0.51938975,0.07085923,0.08730619,-0.06342364,-0.094741784,0.51938975,0.51938975,0.07085923,0.08730619
114.654,4.0955,-0.0055,0.7926,4.0,0.0,1.0,-0.06299606,-0.09486284,0.522579,0.522579,0.07042656,0.08743233,-0.06299606,-0.09486284,0.522579,0.522579,0.07042656,0.08743233
114.705,4.0953,-0.0055,0.7927,4.0,0.0,1.0,-0.12973057,-0.20899138,1.0,1.0,0.14564833,0.19307362,-0.12973057,-0.20899138,1.0,1.0,0.14564833,0.19307362
114.755,4.0952,-0.0055,0.7932,4.0,0.0,1.0,-0.06029456,-0.091904014,0.4977616,0.4977616,0.06745657,0.084742,-0.06029456,-0.091904014,0.4977616,0.4977616,0.06745657,0.084742
114.804,4.0950,-0.0055,0.7940,4.0,0.0,1.0,-0.060724296,-0.091867246,0.49439088,0.49439088,0.06789825,0.08469329,-0.060724296,-0.091867246,0.49439088,0.49439088,0.06789825,0.08469329
114.854,4.0950,-0.0055,0.7940,4.0,0.0,1.0,-0.060537703,-0.09177403,0.49269497,0.49269497,0.06769409,0.08461764,-0.060537703,-0.09177403,0.49269497,0.49269497,0.06769409,0.08461764
114.905,4.0950,-0.0055,0.7940,4.0,0.0,1.0,-0.061162975,-0.09227248,0.49888447,0.49888447,0.0683751,0.08506036,-0.061162975,-0.09227248,0.49888447,0.49888447,0.0683751,0.08506036
114.955,4.0950,-0.0055,0.7940,4.0,0.0,1.0,-0.06129853,-0.092421405,0.5001172,0.5001172,0.068524025,0.085195914,-0.06129853,-0.092421405,0.5001172,0.5001172,0.068524025,0.085195914
115.004,4.0950,-0.0055,0.7940,4.0,0.0,1.0,-0.06143449,-0.092570774,0.50135356,0.50135356,0.068673395,0.085331865,-0.06143449,-0.092570774,0.50135356,0.50135356,0.068673395,0.085331865
115.056,4.0950,-0.0055,0.7940,4.0,0.0,1.0,-0.061570253,-0.092719935,0.5025882,0.5025882,0.068822555,0.08546764,-0.061570253,-0.092719935,0.5025882,0.5025882,0.068822555,0.08546764
115.105,4.0950,-0.0055,0.7940,4.0,0.0,1.0,-0.061706103,-0.092869185,0.50382364,0.50382364,0.068971805,0.08560348,-0.061706103,-0.092869185,0.50382364,0.50382364,0.068971805,0.08560348
115.155,4.0950,-0.0055,0.7940,4.0,0.0,1.0,-0.061842997,-0.09301958,0.50506854,0.50506854,0.0691222,0.08574037,-0.061842997,-0.09301958,0.50506854,0.50506854,0.0691222,0.08574037
115.205,4.0950,-0.0055,0.7940,4.0,0.0,1.0,-0.06197914,-0.09316916,0.50630665,0.50630665,0.06927178,0.085876524,-0.06197914,-0.09316916,0.50630665,0.50630665,0.06927178,0.085876524
115.255,4.0950,-0.0055,0.7940,4.0,0.0,1.0,-0.062114995,-0.09331842,0.5075421,0.5075421,0.06942104,0.08601238,-0.062114995,-0.09331842,0.5075421,0.5075421,0.06942104,0.08601238
115.305,4.0950,-0.0055,0.7940,4.0,0.0,1.0,-0.062250912,-0.09346774,0.5087781,0.5087781,0.06957036,0.08614829,-0.062250912,-0.09346774,0.5087781,0.5087781,0.06957036,0.08614829
115.355,4.0950,-0.0055,0.7940,4.0,0.0,1.0,-0.06238695,-0.09361719,0.5100152,0.5100152,0.069719814,0.086284325,-0.06238695,-0.09361719,0.5100152,0.5100152,0.069719814,0.086284325
115.405,4.0950,-0.0055,0.7940,4.0,0.0,1.0,-0.06252291,-0.09376656,0.5112516,0.5112516,0.06986918,0.08642029,-0.06252291,-0.09376656,0.5112516,0.5112516,0.06986918,0.08642029
115.455,4.0950,-0.0055,0.7940,4.0,0.0,1.0,-0.06265842,-0.09391545,0.512484,0.512484,0.07001807,0.0865558,-0.06265842,-0.09391545,0.512484,0.512484,0.07001807,0.0865558
115.505,4.0950,-0.0055,0.7940,4.0,0.0,1.0,-0.06279421,-0.09406463,0.51371884,0.51371884,0.07016725,0.08669159,-0.06279421,-0.09406463,0.51371884,0.51371884,0.07016725,0.08669159
115.555,4.0950,-0.0055,0.7940,4.0,0.0,1.0,-0.062930286,-0.09421413,0.5149563,0.5149563,0.07031675,0.086827666,-0.062930286,-0.09421413,0.5149563,0.5149563,0.07031675,0.086827666
115.614,4.0950,-0.0055,0.7940,4.0,0.0,1.0,-0.063066304,-0.09436357,0.5161933,0.5161933,0.07046619,0.08696368,-0.063066304,-0.09436357,0.5161933,0.5161933,0.07046619,0.08696368
115.655,4.0950,-0.0055,0.7940,4.0,0.0,1.0,-0.06320211,-0.09451277,0.5174283,0.5174283,0.07061539,0.08709949,-0.06320211,-0.09451277,0.5174283,0.5174283,0.07061539,0.08709949
115.706,4.0950,-0.0055,0.7940,4.0,0.0,1.0,-0.12949666,-0.20994672,1.0,1.0,0.14545196,0.19399142,-0.12949666,-0.20994672,1.0,1.0,0.14545196,0.19399142
115.755,4.0950,-0.0055,0.7940,4.0,0.0,1.0,-0.060752273,-0.09182126,0.4951414,0.4951414,0.06792388,0.08464965,-0.060752273,-0.09182126,0.4951414,0.4951414,0.06792388,0.08464965
115.805,4.0950,-0.0055,0.7940,4.0,0.0,1.0,-0.060888086,-0.09197047,0.49637645,0.49637645,0.068073094,0.08478546,-0.060888086,-0.09197047,0.49637645,0.49637645,0.068073094,0.08478546
115.855,4.0950,-0.0055,0.7940,4.0,0.0,1.0,-0.061024044,-0.09211984,0.49761286,0.49761286,0.06822246,0.08492142,-0.061024044,-0.09211984,0.49761286,0.49761286,0.06822246,0.08492142
115.905,4.0950,-0.0055,0.7940,4.0,0.0,1.0,-0.06115951,-0.09226867,0.49884477,0.49884477,0.06837129,0.085056886,-0.06115951,-0.09226867,0.49884477,0.49884477,0.06837129,0.085056886
115.955,4.0950,-0.0055,0.7940,4.0,0.0,1.0,-0.061295893,-0.09241851,0.50008506,0.50008506,0.06852113,0.08519328,-0.061295893,-0.09241851,0.50008506,0.50008506,0.06852113,0.08519328
116.005,4.0950,-0.0055,0.7940,4.0,0.0,1.0,-0.061431825,-0.09256785,0.5013212,0.5013212,0.068670474,0.085329205,-0.061431825,-0.09256785,0.5013212,0.5013212,0.068670474,0.085329205
116.055,4.0950,-0.0055,0.7940,4.0,0.0,1.0,-0.06156813,-0.0927176,0.50256073,0.50256073,0.06882022,0.08546551,-0.06156813,-0.0927176,0.50256073,0.50256073,0.06882022,0.08546551
116.104,4.0950,-0.0055,0.7940,4.0,0.0,1.0,-0.061704073,-0.09286695,0.503797,0.503797,0.06896957,0.08560145,-0.061704073,-0.09286695,0.503797,0.503797,0.06896957,0.08560145
116.154,4.0950,-0.0055,0.7940,4.0,0.0,1.0,-0.0618389,-0.09301508,0.5050231,0.5050231,0.0691177,0.085736275,-0.0618389,-0.09301508,0.5050231,0.5050231,0.0691177,0.085736275
116.204,4.0950,-0.0055,0.7940,4.0,0.0,1.0,-0.06197495,-0.09316455,0.50626034,0.50626034,0.06926717,0.08587233,-0.06197495,-0.09316455,0.50626034,0.50626034,0.06926717,0.08587233
116.255,4.0950,-0.0055,0.7940,4.0,0.0,1.0,-0.062110785,-0.09331378,0.50749564,0.50749564,0.069416404,0.08600817,-0.062110785,-0.09331378,0.50749564,0.50749564,0.069416404,0.08600817
116.305,4.0950,-0.0055,0.7940,4.0,0.0,1.0,-0.062247217,-0.093463674,0.5087363,0.5087363,0.069566295,0.0861446,-0.062247217,-0.093463674,0.5087363,0.5087363,0.069566295,0.0861446
116.357,4.0950,-0.0055,0.7940,4.0,0.0,1.0,-0.062383756,-0.093613684,0.509978,0.509978,0.069716305,0.086281136,-0.062383756,-0.093613684,0.509978,0.509978,0.069716305,0.086281136
116.407,4.0950,-0.0055,0.7940,4.0,0.0,1.0,-0.06251946,-0.09376278,0.5112121,0.5112121,0.0698654,0.08641684,-0.06251946,-0.09376278,0.5112121,0.5112121,0.0698654,0.08641684
116.456,4.0950,-0.0055,0.7940,4.0,0.0,1.0,-0.06265544,-0.09391218,0.5124487,0.5124487,0.0700148,0.08655282,-0.06265544,-0.09391218,0.5124487,0.5124487,0.0700148,0.08655282
116.506,4.0950,-0.0055,0.7940,4.0,0.0,1.0,-0.06279114,-0.09406125,0.5136827,0.5136827,0.07016387,0.08668852,-0.06279114,-0.09406125,0.5136827,0.5136827,0.07016387,0.08668852
116.557,4.0950,-0.0055,0.7940,4.0,0.0,1.0,-0.06292698,-0.0942105,0.5149181,0.5149181,0.07031312,0.08682436,-0.06292698,-0.0942105,0.5149181,0.5149181,0.07031312,0.08682436
116.607,4.0950,-0.0055,0.7940,4.0,0.0,1.0,-0.063063346,-0.094360314,0.51615816,0.51615816,0.070462935,0.086960725,-0.063063346,-0.094360314,0.51615816,0.51615816,0.070462935,0.086960725
116.657,4.0950,-0.0055,0.7940,4.0,0.0,1.0,-0.06319879,-0.09450912,0.5173899,0.5173899,0.07061174,0.08709617,-0.06319879,-0.09450912,0.5173899,0.5173899,0.07061174,0.08709617
116.707,4.0950,-0.0055,0.7940,4.0,0.0,1.0,-0.12950324,-0.2099704,1.0,1.0,0.14545995,0.19401367,-0.12950324,-0.2099704,1.0,1.0,0.14545995,0.19401367
116.756,4.0950,-0.0055,0.7940,4.0,0.0,1.0,-0.060752027,-0.09182099,0.49513915,0.49513915,0.06792361,0.08464941,-0.060752027,-0.09182099,0.49513915,0.49513915,0.06792361,0.08464941
116.806,4.0950,-0.0055,0.7940,4.0,0.0,1.0,-0.060888145,-0.09197054,0.496377,0.496377,0.06807316,0.08478552,-0.060888145,-0.09197054,0.496377,0.496377,0.06807316,0.08478552
116.857,4.0950,-0.0055,0.7940,4.0,0.0,1.0,-0.06102378,-0.09211955,0.49761045,0.49761045,0.06822217,0.08492116,-0.06102378,-0.09211955,0.49761045,0.49761045,0.06822217,0.08492116
116.907,4.0950,-0.0055,0.7940,4.0,0.0,1.0,-0.06115989,-0.092269085,0.49884823,0.49884823,0.068371706,0.085057266,-0.06115989,-0.092269085,0.49884823,0.49884823,0.068371706,0.085057266
116.957,4.0950,-0.0055,0.7940,4.0,0.0,1.0,-0.061295673,-0.09241827,0.500083,0.500083,0.06852089,0.08519305,-0.061295673,-0.09241827,0.500083,0.500083,0.06852089,0.08519305
117.007,4.0950,-0.0055,0.7940,4.0,0.0,1.0,-0.061431788,-0.09256781,0.50132084,0.50132084,0.06867043,0.08532917,-0.061431788,-0.09256781,0.50132084,0.50132084,0.06867043,0.08532917
117.056,4.0950,-0.0055,0.7940,4.0,0.0,1.0,-0.061567448,-0.09271685,0.50255454,0.50255454,0.06881947,0.08546483,-0.061567448,-0.09271685,0.50255454,0.50255454,0.06881947,0.08546483
117.106,4.0950,-0.0055,0.7940,4.0,0.0,1.0,-0.06170336,-0.092866175,0.50379056,0.50379056,0.068968795,0.08560074,-0.06170336,-0.092866175,0.50379056,0.50379056,0.068968795,0.08560074
117.157,4.0950,-0.0055,0.7940,4.0,0.0,1.0,-0.061839256,-0.09301548,0.5050264,0.5050264,0.0691181,0.08573664,-0.061839256,-0.09301548,0.5050264,0.5050264,0.0691181,0.08573664
117.207,4.0950,-0.0055,0.7940,4.0,0.0,1.0,-0.06197534,-0.09316498,0.5062639,0.5062639,0.0692676,0.085872725,-0.06197534,-0.09316498,0.5062639,0.5062639,0.0692676,0.085872725
117.256,4.0950,-0.0055,0.7940,4.0,0.0,1.0,-0.06211102,-0.093314044,0.5074978,0.5074978,0.069416665,0.0860084,-0.06211102,-0.093314044,0.5074978,0.5074978,0.069416665,0.0860084
117.306,4.0950,-0.0055,0.7940,4.0,0.0,1.0,-0.062247027,-0.093463466,0.5087346,0.5087346,0.069566086,0.08614441,-0.062247027,-0.093463466,0.5087346,0.5087346,0.069566086,0.08614441
117.356,4.0950,-0.0055,0.7940,4.0,0.0,1.0,-0.062383123,-0.09361299,0.5099723,0.5099723,0.069715604,0.0862805,-0.062383123,-0.09361299,0.5099723,0.5099723,0.069715604,0.0862805
117.406,4.0950,-0.0055,0.7940,4.0,0.0,1.0,-0.06251893,-0.0937622,0.5112073,0.5112073,0.06986482,0.08641631,-0.06251893,-0.0937622,0.5112073,0.5112073,0.06986482,0.08641631
117.456,4.0950,-0.0055,0.7940,4.0,0.0,1.0,-0.06265477,-0.09391143,0.51244265,0.51244265,0.07001405,0.08655215,-0.06265477,-0.09391143,0.51244265,0.51244265,0.07001405,0.08655215
117.505,4.0950,-0.0055,0.7940,4.0,0.0,1.0,-0.062791295,-0.09406143,0.51368415,0.51368415,0.07016405,0.086688675,-0.062791295,-0.09406143,0.51368415,0.51368415,0.07016405,0.086688675
117.557,4.0950,-0.0055,0.7940,4.0,0.0,1.0,-0.062926576,-0.09421005,0.5149144,0.5149144,0.07031267,0.086823955,-0.062926576,-0.09421005,0.5149144,0.5149144,0.07031267,0.086823955
117.607,4.0950,-0.0055,0.7940,4.0,0.0,1.0,-0.06306308,-0.09436002,0.5161557,0.5161557,0.07046264,0.08696046,-0.06306308,-0.09436002,0.5161557,0.5161557,0.07046264,0.08696046
117.659,4.0950,-0.0055,0.7940,4.0,0.0,1.0,-0.063199505,-0.09450991,0.51739645,0.51739645,0.07061253,0.087096885,-0.063199505,-0.09450991,0.51739645,0.51739645,0.07061253,0.087096885
117.706,4.0950,-0.0055,0.7940,4.0,0.0,1.0,-0.12947905,-0.20988332,1.0,1.0,0.14543054,0.19393183,-0.12947905,-0.20988332,1.0,1.0,0.14543054,0.19393183
117.757,4.0950,-0.0055,0.7940,4.0,0.0,1.0,-0.060752444,-0.091821454,0.49514294,0.49514294,0.067924075,0.08464982,-0.060752444,-0.091821454,0.49514294,0.49514294,0.067924075,0.08464982
117.807,4.0950,-0.0055,0.7940,4.0,0.0,1.0,-0.060888145,-0.09197054,0.49637702,0.49637702,0.06807316,0.08478553,-0.060888145,-0.09197054,0.49637702,0.49637702,0.06807316,0.08478553
117.857,4.0950,-0.0055,0.7940,4.0,0.0,1.0,-0.06102393,-0.092119716,0.4976118,0.4976118,0.06822234,0.08492131,-0.06102393,-0.092119716,0.4976118,0.4976118,0.06822234,0.08492131
117.907,4.0950,-0.0055,0.7940,4.0,0.0,1.0,-0.06116026,-0.092269495,0.4988516,0.4988516,0.068372115,0.08505764,-0.06116026,-0.092269495,0.4988516,0.4988516,0.068372115,0.08505764
117.957,4.0950,-0.0055,0.7940,4.0,0.0,1.0,-0.061295666,-0.09241826,0.50008297,0.50008297,0.06852088,0.085193045,-0.061295666,-0.09241826,0.50008297,0.50008297,0.06852088,0.085193045
118.007,4.0950,-0.0055,0.7940,4.0,0.0,1.0,-0.061432082,-0.09256813,0.5013235,0.5013235,0.06867075,0.08532946,-0.061432082,-0.09256813,0.5013235,0.5013235,0.06867075,0.08532946
118.056,4.0950,-0.0055,0.7940,4.0,0.0,1.0,-0.061567966,-0.092717424,0.50255924,0.50255924,0.068820044,0.08546534,-0.061567966,-0.092717424,0.50255924,0.50255924,0.068820044,0.08546534
118.106,4.0950,-0.0055,0.7940,4.0,0.0,1.0,-0.061703473,-0.092866294,0.5037916,0.5037916,0.068968914,0.08560085,-0.061703473,-0.092866294,0.5037916,0.5037916,0.068968914,0.08560085
118.157,4.0950,-0.0055,0.7940,4.0,0.0,1.0,-0.06183969,-0.09301595,0.5050303,0.5050303,0.06911857,0.085737064,-0.06183969,-0.09301595,0.5050303,0.5050303,0.06911857,0.085737064
118.207,4.0950,-0.0055,0.7940,4.0,0.0,1.0,-0.061975937,-0.093165636,0.50626934,0.50626934,0.06926826,0.08587331,-0.061975937,-0.093165636,0.50626934,0.50626934,0.06926826,0.08587331
118.268,4.0950,-0.0055,0.7940,4.0,0.0,1.0,-0.062112264,-0.09331541,0.50750905,0.50750905,0.06941803,0.086009644,-0.062112264,-0.09331541,0.50750905,0.50750905,0.06941803,0.086009644
118.309,4.0950,-0.0055,0.7940,4.0,0.0,1.0,-0.062247343,-0.093463816,0.5087375,0.5087375,0.069566436,0.08614472,-0.062247343,-0.093463816,0.5087375,0.5087375,0.069566436,0.08614472
118.358,4.0950,-0.0055,0.7940,4.0,0.0,1.0,-0.062383402,-0.0936133,0.5099748,0.5099748,0.06971592,0.08628078,-0.062383402,-0.0936133,0.5099748,0.5099748,0.06971592,0.08628078
118.408,4.0950,-0.0055,0.7940,4.0,0.0,1.0,-0.06251932,-0.09376262,0.51121086,0.51121086,0.06986524,0.0864167,-0.06251932,-0.09376262,0.51121086,0.51121086,0.06986524,0.0864167
118.459,4.0950,-0.0055,0.7940,4.0,0.0,1.0,-0.06265527,-0.09391198,0.5124472,0.5124472,0.0700146,0.08655265,-0.06265527,-0.09391198,0.5124472,0.5124472,0.0700146,0.08655265
118.508,4.0950,-0.0055,0.7940,4.0,0.0,1.0,-0.062791154,-0.09406127,0.5136829,0.5136829,0.07016389,0.08668853,-0.062791154,-0.09406127,0.5136829,0.5136829,0.07016389,0.08668853
118.558,4.0950,-0.0055,0.7940,4.0,0.0,1.0,-0.062926784,-0.09421028,0.5149163,0.5149163,0.0703129,0.086824164,-0.062926784,-0.09421028,0.5149163,0.5149163,0.0703129,0.086824164
118.608,4.0950,-0.0055,0.7940,4.0,0.0,1.0,-0.063062266,-0.09435912,0.5161483,0.5161483,0.07046174,0.086959645,-0.063062266,-0.09435912,0.5161483,0.5161483,0.07046174,0.086959645
118.659,4.0950,-0.0055,0.7940,4.0,0.0,1.0,-0.06319891,-0.094509244,0.51739097,0.51739097,0.070611864,0.08709629,-0.06319891,-0.094509244,0.51739097,0.51739097,0.070611864,0.08709629
118.709,4.0950,-0.0055,0.7940,4.0,0.0,1.0,-0.12949626,-0.20994529,1.0,1.0,0.14545147,0.19399008,-0.12949626,-0.20994529,1.0,1.0,0.14545147,0.19399008
118.759,4.0950,-0.0055,0.7940,4.0,0.0,1.0,-0.060752597,-0.09182162,0.49514434,0.49514434,0.06792424,0.08464998,-0.060752597,-0.09182162,0.49514434,0.49514434,0.06792424,0.08464998
118.809,4.0950,-0.0055,0.7940,4.0,0.0,1.0,-0.060888235,-0.09197064,0.4963778,0.4963778,0.06807326,0.08478561,-0.060888235,-0.09197064,0.4963778,0.4963778,0.06807326,0.08478561
118.859,4.0950,-0.0055,0.7940,4.0,0.0,1.0,-0.061024446,-0.09212029,0.49761653,0.49761653,0.06822291,0.08492183,-0.061024446,-0.09212029,0.49761653,0.49761653,0.06822291,0.08492183
118.909,4.0950,-0.0055,0.7940,4.0,0.0,1.0,-0.061160285,-0.092269525,0.4988518,0.4988518,0.068372145,0.08505766,-0.061160285,-0.092269525,0.4988518,0.4988518,0.068372145,0.08505766
118.959,4.0950,-0.0055,0.7940,4.0,0.0,1.0,-0.06129597,-0.092418596,0.5000858,0.5000858,0.06852122,0.08519335,-0.06129597,-0.092418596,0.5000858,0.5000858,0.06852122,0.08519335
119.009,4.0950,-0.0055,0.7940,4.0,0.0,1.0,-0.06143148,-0.092567466,0.50131804,0.50131804,0.06867009,0.085328855,-0.06143148,-0.092567466,0.50131804,0.50131804,0.06867009,0.085328855
119.058,4.0950,-0.0055,0.7940,4.0,0.0,1.0,-0.061568256,-0.09271774,0.5025619,0.5025619,0.06882036,0.08546564,-0.061568256,-0.09271774,0.5025619,0.5025619,0.06882036,0.08546564
119.109,4.0950,-0.0055,0.7940,4.0,0.0,1.0,-0.06170378,-0.09286663,0.5037944,0.5037944,0.06896925,0.08560116,-0.06170378,-0.09286663,0.5037944,0.5037944,0.06896925,0.08560116
119.159,4.0950,-0.0055,0.7940,4.0,0.0,1.0,-0.061839797,-0.093016066,0.5050313,0.5050313,0.069118686,0.085737176,-0.061839797,-0.093016066,0.5050313,0.5050313,0.069118686,0.085737176
119.209,4.0950,-0.0055,0.7940,4.0,0.0,1.0,-0.06197543,-0.093165085,0.50626475,0.50626475,0.069267705,0.085872814,-0.06197543,-0.093165085,0.50626475,0.50626475,0.069267705,0.085872814
119.259,4.0950,-0.0055,0.7940,4.0,0.0,1.0,-0.062111247,-0.09331429,0.5074998,0.5074998,0.06941691,0.08600862,-0.062111247,-0.09331429,0.5074998,0.5074998,0.06941691,0.08600862
119.309,4.0950,-0.0055,0.7940,4.0,0.0,1.0,-0.062247537,-0.09346403,0.50873923,0.50873923,0.06956665,0.08614492,-0.062247537,-0.09346403,0.50873923,0.50873923,0.06956665,0.08614492
119.359,4.0950,-0.0055,0.7940,4.0,0.0,1.0,-0.06238359,-0.0936135,0.5099765,0.5099765,0.06971612,0.086280964,-0.06238359,-0.0936135,0.5099765,0.5099765,0.06971612,0.086280964
119.410,4.0950,-0.0055,0.7940,4.0,0.0,1.0,-0.06251972,-0.09376306,0.51121444,0.51121444,0.06986568,0.0864171,-0.06251972,-0.09376306,0.51121444,0.51121444,0.06986568,0.0864171
119.459,4.0950,-0.0055,0.7940,4.0,0.0,1.0,-0.062655285,-0.093912,0.5124473,0.5124473,0.07001462,0.086552665,-0.062655285,-0.093912,0.5124473,0.5124473,0.07001462,0.086552665
119.509,4.0950,-0.0055,0.7940,4.0,0.0,1.0,-0.062791154,-0.09406127,0.5136829,0.5136829,0.07016389,0.08668853,-0.062791154,-0.09406127,0.5136829,0.5136829,0.07016389,0.08668853
119.559,4.0950,-0.0055,0.7940,4.0,0.0,1.0,-0.06292685,-0.09421036,0.5149169,0.5149169,0.07031298,0.08682423,-0.06292685,-0.09421036,0.5149169,0.5149169,0.07031298,0.08682423
119.609,4.0950,-0.0055,0.7940,4.0,0.0,1.0,-0.06306285,-0.09435976,0.51615363,0.51615363,0.07046238,0.08696023,-0.06306285,-0.09435976,0.51615363,0.51615363,0.07046238,0.08696023
119.656,4.0950,-0.0055,0.7940,4.0,0.0,1.0,-0.06319832,-0.0945086,0.51738566,0.51738566,0.07061122,0.0870957,-0.06319832,-0.0945086,0.51738566,0.51738566,0.07061122,0.0870957
119.707,4.0950,-0.0055,0.7940,4.0,0.0,1.0,-0.12950805,-0.20998774,1.0,1.0,0.14546582,0.19402999,-0.12950805,-0.20998774,1.0,1.0,0.14546582,0.19402999
119.757,4.0950,-0.0055,0.7940,4.0,0.0,1.0,-0.06075165,-0.091820575,0.49513572,0.49513572,0.067923196,0.08464903,-0.06075165,-0.091820575,0.49513572,0.49513572,0.067923196,0.08464903
119.807,4.0950,-0.0055,0.7940,4.0,0.0,1.0,-0.060887832,-0.0919702,0.49637416,0.49637416,0.06807282,0.084785216,-0.060887832,-0.0919702,0.49637416,0.49637416,0.06807282,0.084785216
119.857,4.0950,-0.0055,0.7940,4.0,0.0,1.0,-0.061023723,-0.09211949,0.49760994,0.49760994,0.06822211,0.08492111,-0.061023723,-0.09211949,0.49760994,0.49760994,0.06822211,0.08492111
119.907,4.0950,-0.0055,0.7940,4.0,0.0,1.0,-0.061159726,-0.092268914,0.49884674,0.49884674,0.068371534,0.08505711,-0.061159726,-0.092268914,0.49884674,0.49884674,0.068371534,0.08505711
119.957,4.0950,-0.0055,0.7940,4.0,0.0,1.0,-0.061295114,-0.09241765,0.50007796,0.50007796,0.06852027,0.085192494,-0.061295114,-0.09241765,0.50007796,0.50007796,0.06852027,0.085192494
120.018,4.0950,-0.0055,0.7940,4.0,0.0,1.0,-0.06143117,-0.09256713,0.50131524,0.50131524,0.06866975,0.08532855,-0.06143117,-0.09256713,0.50131524,0.50131524,0.06866975,0.08532855
120.059,4.0950,-0.0055,0.7940,4.0,0.0,1.0,-0.061566312,-0.092715606,0.5025442,0.5025442,0.06881823,0.085463695,-0.061566312,-0.092715606,0.5025442,0.5025442,0.06881823,0.085463695
120.104,4.0950,-0.0055,0.7940,4.0,0.0,1.0,-0.061701827,-0.09286448,0.50377655,0.50377655,0.068967104,0.08559921,-0.061701827,-0.09286448,0.50377655,0.50377655,0.068967104,0.08559921
120.170,4.0950,-0.0055,0.7940,4.0,0.0,1.0,-0.06183794,-0.09301403,0.5050144,0.5050144,0.06911665,0.08573532,-0.06183794,-0.09301403,0.5050144,0.5050144,0.06911665,0.08573532
120.204,4.0950,-0.0055,0.7940,4.0,0.0,1.0,-0.061973926,-0.09316343,0.50625104,0.50625104,0.06926605,0.08587131,-0.061973926,-0.09316343,0.50625104,0.50625104,0.06926605,0.08587131
120.260,4.0950,-0.0055,0.7940,4.0,0.0,1.0,-0.06210949,-0.09331236,0.50748384,0.50748384,0.06941498,0.08600687,-0.06210949,-0.09331236,0.50748384,0.50748384,0.06941498,0.08600687
120.310,4.0950,-0.0055,0.7940,4.0,0.0,1.0,-0.062246274,-0.093462646,0.5087278,0.5087278,0.06956527,0.08614366,-0.062246274,-0.093462646,0.5087278,0.5087278,0.06956527,0.08614366
120.361,4.0950,-0.0055,0.7940,4.0,0.0,1.0,-0.062382367,-0.09361216,0.50996536,0.50996536,0.06971478,0.08627974,-0.062382367,-0.09361216,0.50996536,0.50996536,0.06971478,0.08627974
120.411,4.0950,-0.0055,0.7940,4.0,0.0,1.0,-0.06251827,-0.09376147,0.51120126,0.51120126,0.06986409,0.08641565,-0.06251827,-0.09376147,0.51120126,0.51120126,0.06986409,0.08641565
120.464,4.0950,-0.0055,0.7940,4.0,0.0,1.0,-0.062654406,-0.09391103,0.51243925,0.51243925,0.07001365,0.086551785,-0.062654406,-0.09391103,0.51243925,0.51243925,0.07001365,0.086551785
120.515,4.0950,-0.0055,0.7940,4.0,0.0,1.0,-0.06279029,-0.09406032,0.513675,0.513675,0.07016294,0.08668767,-0.06279029,-0.09406032,0.513675,0.513675,0.07016294,0.08668767
120.565,4.0950,-0.0055,0.7940,4.0,0.0,1.0,-0.06292682,-0.09421033,0.51491666,0.51491666,0.07031295,0.0868242,-0.06292682,-0.09421033,0.51491666,0.51491666,0.07031295,0.0868242
120.615,4.0950,-0.0055,0.7940,4.0,0.0,1.0,-0.06306176,-0.09435856,0.51614374,0.51614374,0.070461184,0.08695914,-0.06306176,-0.09435856,0.51614374,0.51614374,0.070461184,0.08695914
120.665,4.0950,-0.0055,0.7940,4.0,0.0,1.0,-0.0631979,-0.09450814,0.51738185,0.51738185,0.07061076,0.08709528,-0.0631979,-0.09450814,0.51738185,0.51738185,0.07061076,0.08709528
120.715,4.0950,-0.0055,0.7940,4.0,0.0,1.0,-0.12948063,-0.20988898,1.0,1.0,0.14543246,0.19393715,-0.12948063,-0.20988898,1.0,1.0,0.14543246,0.19393715
120.765,4.0950,-0.0055,0.7940,4.0,0.0,1.0,-0.060753364,-0.09182246,0.4951513,0.4951513,0.06792508,0.08465074,-0.060753364,-0.09182246,0.4951513,0.4951513,0.06792508,0.08465074
120.806,4.0950,-0.0055,0.7940,4.0,0.0,1.0,-0.0608893,-0.09197181,0.4963875,0.4963875,0.06807443,0.08478668,-0.0608893,-0.09197181,0.4963875,0.4963875,0.06807443,0.08478668
120.856,4.0950,-0.0055,0.7940,4.0,0.0,1.0,-0.061024867,-0.092120744,0.49762034,0.49762034,0.068223365,0.08492225,-0.061024867,-0.092120744,0.49762034,0.49762034,0.068223365,0.08492225
120.906,4.0950,-0.0055,0.7940,4.0,0.0,1.0,-0.06116117,-0.09227049,0.49885988,0.49885988,0.068373114,0.08505855,-0.06116117,-0.09227049,0.49885988,0.49885988,0.068373114,0.08505855
120.957,4.0950,-0.0055,0.7940,4.0,0.0,1.0,-0.061297245,-0.09242,0.50009733,0.50009733,0.06852262,0.085194625,-0.061297245,-0.09242,0.50009733,0.50009733,0.06852262,0.085194625
121.006,4.0950,-0.0055,0.7940,4.0,0.0,1.0,-0.061433367,-0.092569545,0.5013352,0.5013352,0.068672165,0.08533075,-0.061433367,-0.092569545,0.5013352,0.5013352,0.068672165,0.08533075
121.056,4.0950,-0.0055,0.7940,4.0,0.0,1.0,-0.061569005,-0.092718564,0.5025687,0.5025687,0.068821184,0.085466385,-0.061569005,-0.092718564,0.5025687,0.5025687,0.068821184,0.085466385
121.107,4.0950,-0.0055,0.7940,4.0,0.0,1.0,-0.061705,-0.09286797,0.50380546,0.50380546,0.06897059,0.08560238,-0.061705,-0.09286797,0.50380546,0.50380546,0.06897059,0.08560238
121.156,4.0950,-0.0055,0.7940,4.0,0.0,1.0,-0.061840754,-0.093017116,0.50504,0.50504,0.06911974,0.08573813,-0.061840754,-0.093017116,0.50504,0.50504,0.06911974,0.08573813
121.207,4.0950,-0.0055,0.7940,4.0,0.0,1.0,-0.061976586,-0.09316635,0.50627524,0.50627524,0.06926897,0.08587396,-0.061976586,-0.09316635,0.50627524,0.50627524,0.06926897,0.08587396
121.257,4.0950,-0.0055,0.7940,4.0,0.0,1.0,-0.062112466,-0.09331563,0.5075109,0.5075109,0.06941825,0.086009845,-0.062112466,-0.09331563,0.5075109,0.5075109,0.06941825,0.086009845
121.307,4.0950,-0.0055,0.7940,4.0,0.0,1.0,-0.062248167,-0.09346472,0.50874496,0.50874496,0.06956734,0.08614554,-0.062248167,-0.09346472,0.50874496,0.50874496,0.06956734,0.08614554
121.356,4.0950,-0.0055,0.7940,4.0,0.0,1.0,-0.06238464,-0.09361465,0.50998604,0.50998604,0.06971727,0.086282015,-0.06238464,-0.09361465,0.50998604,0.50998604,0.06971727,0.086282015
121.406,4.0950,-0.0055,0.7940,4.0,0.0,1.0,-0.06252064,-0.09376407,0.5112228,0.5112228,0.06986669,0.08641802,-0.06252064,-0.09376407,0.5112228,0.5112228,0.06986669,0.08641802
121.456,4.0950,-0.0055,0.7940,4.0,0.0,1.0,-0.06265614,-0.093912944,0.5124551,0.5124551,0.070015565,0.08655352,-0.06265614,-0.093912944,0.5124551,0.5124551,0.070015565,0.08655352
121.507,4.0950,-0.0055,0.7940,4.0,0.0,1.0,-0.062792316,-0.09406255,0.51369345,0.51369345,0.07016517,0.086689696,-0.062792316,-0.09406255,0.51369345,0.51369345,0.07016517,0.086689696
121.556,4.0950,-0.0055,0.7940,4.0,0.0,1.0,-0.06292809,-0.09421171,0.51492816,0.51492816,0.07031433,0.08682547,-0.06292809,-0.09421171,0.51492816,0.51492816,0.07031433,0.08682547
121.607,4.0950,-0.0055,0.7940,4.0,0.0,1.0,-0.06306348,-0.09436046,0.5161594,0.5161594,0.07046308,0.08696086,-0.06306348,-0.09436046,0.5161594,0.5161594,0.07046308,0.08696086
121.657,4.0950,-0.0055,0.7940,4.0,0.0,1.0,-0.06320007,-0.094510525,0.5174015,0.5174015,0.070613146,0.08709745,-0.06320007,-0.094510525,0.5174015,0.5174015,0.070613146,0.08709745
121.707,4.0950,-0.0055,0.7940,4.0,0.0,1.0,-0.1294808,-0.2098896,1.0,1.0,0.14543267,0.19393773,-0.1294808,-0.2098896,1.0,1.0,0.14543267,0.19393773
121.756,4.0950,-0.0055,0.7940,4.0,0.0,1.0,-0.060753442,-0.09182255,0.495152,0.495152,0.06792517,0.08465082,-0.060753442,-0.09182255,0.495152,0.495152,0.06792517,0.08465082
121.807,4.0950,-0.0055,0.7940,4.0,0.0,1.0,-0.06088917,-0.091971666,0.49638632,0.49638632,0.068074286,0.08478655,-0.06088917,-0.091971666,0.49638632,0.49638632,0.068074286,0.08478655
121.857,4.0950,-0.0055,0.7940,4.0,0.0,1.0,-0.061025094,-0.092121,0.4976224,0.4976224,0.06822362,0.08492247,-0.061025094,-0.092121,0.4976224,0.4976224,0.06822362,0.08492247
121.906,4.0950,-0.0055,0.7940,4.0,0.0,1.0,-0.061160754,-0.09227004,0.4988561,0.4988561,0.06837266,0.08505814,-0.061160754,-0.09227004,0.4988561,0.4988561,0.06837266,0.08505814
121.957,4.0950,-0.0055,0.7940,4.0,0.0,1.0,-0.06129655,-0.09241923,0.500091,0.500091,0.06852185,0.085193925,-0.06129655,-0.09241923,0.500091,0.500091,0.06852185,0.085193925
122.007,4.0950,-0.0055,0.7940,4.0,0.0,1.0,-0.061432164,-0.09256822,0.5013243,0.5013243,0.06867084,0.08532954,-0.061432164,-0.09256822,0.5013243,0.5013243,0.06867084,0.08532954
122.057,4.0950,-0.0055,0.7940,4.0,0.0,1.0,-0.061568506,-0.09271801,0.50256413,0.50256413,0.06882063,0.085465886,-0.061568506,-0.09271801,0.50256413,0.50256413,0.06882063,0.085465886
122.107,4.0950,-0.0055,0.7940,4.0,0.0,1.0,-0.061704528,-0.09286745,0.5038011,0.5038011,0.06897007,0.0856019,-0.061704528,-0.09286745,0.5038011,0.5038011,0.06897007,0.0856019
122.157,4.0950,-0.0055,0.7940,4.0,0.0,1.0,-0.061840754,-0.093017116,0.50504,0.50504,0.06911974,0.08573813,-0.061840754,-0.093017116,0.50504,0.50504,0.06911974,0.08573813
122.207,4.0950,-0.0055,0.7940,4.0,0.0,1.0,-0.061976295,-0.09316603,0.5062726,0.5062726,0.06926865,0.08587368,-0.061976295,-0.09316603,0.5062726,0.5062726,0.06926865,0.08587368
122.257,4.0950,-0.0055,0.7940,4.0,0.0,1.0,-0.062112194,-0.09331533,0.5075084,0.5075084,0.06941795,0.08600957,-0.062112194,-0.09331533,0.5075084,0.5075084,0.06941795,0.08600957
122.307,4.0950,-0.0055,0.7940,4.0,0.0,1.0,-0.062248193,-0.09346475,0.5087452,0.5087452,0.06956737,0.08614557,-0.062248193,-0.09346475,0.5087452,0.5087452,0.06956737,0.08614557
122.357,4.0950,-0.0055,0.7940,4.0,0.0,1.0,-0.062384196,-0.09361417,0.509982,0.509982,0.06971679,0.086281575,-0.062384196,-0.09361417,0.509982,0.509982,0.06971679,0.086281575
122.407,4.0950,-0.0055,0.7940,4.0,0.0,1.0,-0.062520035,-0.0937634,0.5112173,0.5112173,0.069866024,0.086417414,-0.062520035,-0.0937634,0.5112173,0.5112173,0.069866024,0.086417414
122.457,4.0950,-0.0055,0.7940,4.0,0.0,1.0,-0.06265622,-0.09391302,0.51245576,0.51245576,0.07001564,0.086553596,-0.06265622,-0.09391302,0.51245576,0.51245576,0.07001564,0.086553596
122.507,4.0950,-0.0055,0.7940,4.0,0.0,1.0,-0.06279199,-0.09406219,0.5136905,0.5136905,0.07016481,0.08668937,-0.06279199,-0.09406219,0.5136905,0.5136905,0.07016481,0.08668937
122.557,4.0950,-0.0055,0.7940,4.0,0.0,1.0,-0.062928066,-0.09421169,0.5149279,0.5149279,0.07031431,0.086825445,-0.062928066,-0.09421169,0.5149279,0.5149279,0.07031431,0.086825445
122.607,4.0950,-0.0055,0.7940,4.0,0.0,1.0,-0.063064076,-0.09436112,0.51616484,0.51616484,0.07046374,0.086961456,-0.063064076,-0.09436112,0.51616484,0.51616484,0.07046374,0.086961456
122.657,4.0950,-0.0055,0.7940,4.0,0.0,1.0,-0.06320012,-0.094510585,0.51740205,0.51740205,0.070613205,0.0870975,-0.06320012,-0.094510585,0.51740205,0.51740205,0.070613205,0.0870975
122.707,4.0950,-0.0055,0.7940,4.0,0.0,1.0,-0.12946618,-0.20983694,1.0,1.0,0.14541487,0.19388825,-0.12946618,-0.20983694,1.0,1.0,0.14541487,0.19388825
122.758,4.0950,-0.0055,0.7940,4.0,0.0,1.0,-0.06075416,-0.09182334,0.49515855,0.49515855,0.06792596,0.08465154,-0.06075416,-0.09182334,0.49515855,0.49515855,0.06792596,0.08465154
122.807,4.0950,-0.0055,0.7940,4.0,0.0,1.0,-0.060889874,-0.09197244,0.49639273,0.49639273,0.06807506,0.08478726,-0.060889874,-0.09197244,0.49639273,0.49639273,0.06807506,0.08478726
122.857,4.0950,-0.0055,0.7940,4.0,0.0,1.0,-0.06102602,-0.09212202,0.49763083,0.49763083,0.06822464,0.0849234,-0.06102602,-0.09212202,0.49763083,0.49763083,0.06822464,0.0849234
122.907,4.0950,-0.0055,0.7940,4.0,0.0,1.0,-0.06116222,-0.09227165,0.4988694,0.4988694,0.06837427,0.0850596,-0.06116222,-0.09227165,0.4988694,0.4988694,0.06837427,0.0850596
122.958,4.0950,-0.0055,0.7940,4.0,0.0,1.0,-0.0612978,-0.0924206,0.5001024,0.5001024,0.06852322,0.08519518,-0.0612978,-0.0924206,0.5001024,0.5001024,0.06852322,0.08519518
123.007,4.0950,-0.0055,0.7940,4.0,0.0,1.0,-0.061433446,-0.09256963,0.5013359,0.5013359,0.06867225,0.08533082,-0.061433446,-0.09256963,0.5013359,0.5013359,0.06867225,0.08533082
123.057,4.0950,-0.0055,0.7940,4.0,0.0,1.0,-0.061569743,-0.09271937,0.5025754,0.5025754,0.06882199,0.08546712,-0.061569743,-0.09271937,0.5025754,0.5025754,0.06882199,0.08546712
123.107,4.0950,-0.0055,0.7940,4.0,0.0,1.0,-0.06170558,-0.09286861,0.5038107,0.5038107,0.06897123,0.08560296,-0.06170558,-0.09286861,0.5038107,0.5038107,0.06897123,0.08560296
123.158,4.0950,-0.0055,0.7940,4.0,0.0,1.0,-0.06184161,-0.093018055,0.50504774,0.50504774,0.069120675,0.08573899,-0.06184161,-0.093018055,0.50504774,0.50504774,0.069120675,0.08573899
123.207,4.0950,-0.0055,0.7940,4.0,0.0,1.0,-0.06197719,-0.093167014,0.5062807,0.5062807,0.069269635,0.08587457,-0.06197719,-0.093167014,0.5062807,0.5062807,0.069269635,0.08587457
123.257,4.0950,-0.0055,0.7940,4.0,0.0,1.0,-0.062113572,-0.093316846,0.507521,0.507521,0.069419466,0.08601095,-0.062113572,-0.093316846,0.507521,0.507521,0.069419466,0.08601095
123.307,4.0950,-0.0055,0.7940,4.0,0.0,1.0,-0.062249515,-0.0934662,0.50875723,0.50875723,0.06956882,0.08614689,-0.062249515,-0.0934662,0.50875723,0.50875723,0.06956882,0.08614689
123.358,4.0950,-0.0055,0.7940,4.0,0.0,1.0,-0.062385123,-0.09361519,0.50999045,0.50999045,0.06971781,0.0862825,-0.062385123,-0.09361519,0.50999045,0.50999045,0.06971781,0.0862825
123.407,4.0950,-0.0055,0.7940,4.0,0.0,1.0,-0.062520854,-0.093764305,0.51122475,0.51122475,0.069866925,0.086418234,-0.062520854,-0.093764305,0.51122475,0.51122475,0.069866925,0.086418234
123.457,4.0950,-0.0055,0.7940,4.0,0.0,1.0,-0.06265692,-0.09391379,0.51246214,0.51246214,0.070016414,0.0865543,-0.06265692,-0.09391379,0.51246214,0.51246214,0.070016414,0.0865543
123.507,4.0950,-0.0055,0.7940,4.0,0.0,1.0,-0.06279264,-0.0940629,0.5136964,0.5136964,0.07016552,0.086690016,-0.06279264,-0.0940629,0.5136964,0.5136964,0.07016552,0.086690016
123.557,4.0950,-0.0055,0.7940,4.0,0.0,1.0,-0.06292893,-0.09421264,0.5149358,0.5149358,0.07031526,0.08682631,-0.06292893,-0.09421264,0.5149358,0.5149358,0.07031526,0.08682631
123.607,4.0950,-0.0055,0.7940,4.0,0.0,1.0,-0.06306415,-0.09436119,0.51616544,0.51616544,0.070463814,0.08696153,-0.06306415,-0.09436119,0.51616544,0.51616544,0.070463814,0.08696153
123.657,4.0950,-0.0055,0.7940,4.0,0.0,1.0,-0.06320023,-0.0945107,0.517403,0.517403,0.07061332,0.08709761,-0.06320023,-0.0945107,0.517403,0.517403,0.07061332,0.08709761
123.708,4.0950,-0.0055,0.7940,4.0,0.0,1.0,-0.1294892,-0.20991984,1.0,1.0,0.14544287,0.19396615,-0.1294892,-0.20991984,1.0,1.0,0.14544287,0.19396615
123.758,4.0950,-0.0055,0.7940,4.0,0.0,1.0,-0.060753245,-0.09182233,0.49515024,0.49515024,0.067924954,0.08465063,-0.060753245,-0.09182233,0.49515024,0.49515024,0.067924954,0.08465063
123.808,4.0950,-0.0055,0.7940,4.0,0.0,1.0,-0.06088911,-0.0919716,0.49638575,0.49638575,0.06807422,0.08478649,-0.06088911,-0.0919716,0.49638575,0.49638575,0.06807422,0.08478649
123.857,4.0950,-0.0055,0.7940,4.0,0.0,1.0,-0.061024707,-0.09212057,0.49761888,0.49761888,0.06822319,0.08492209,-0.061024707,-0.09212057,0.49761888,0.49761888,0.06822319,0.08492209
123.907,4.0950,-0.0055,0.7940,4.0,0.0,1.0,-0.0611611,-0.09227042,0.49885926,0.49885926,0.06837304,0.08505848,-0.0611611,-0.09227042,0.49885926,0.49885926,0.06837304,0.08505848
123.957,4.0950,-0.0055,0.7940,4.0,0.0,1.0,-0.06129675,-0.092419446,0.5000928,0.5000928,0.068522066,0.085194126,-0.06129675,-0.092419446,0.5000928,0.5000928,0.068522066,0.085194126
124.007,4.0950,-0.0055,0.7940,4.0,0.0,1.0,-0.06143313,-0.092569284,0.50133306,0.50133306,0.068671905,0.08533051,-0.06143313,-0.092569284,0.50133306,0.50133306,0.068671905,0.08533051
124.057,4.0950,-0.0055,0.7940,4.0,0.0,1.0,-0.061568573,-0.09271809,0.5025648,0.5025648,0.06882071,0.08546595,-0.061568573,-0.09271809,0.5025648,0.5025648,0.06882071,0.08546595
124.107,4.0950,-0.0055,0.7940,4.0,0.0,1.0,-0.061704345,-0.092867255,0.5037995,0.5037995,0.068969876,0.085601725,-0.061704345,-0.092867255,0.5037995,0.5037995,0.068969876,0.085601725
124.157,4.0950,-0.0055,0.7940,4.0,0.0,1.0,-0.06184037,-0.0930167,0.5050365,0.5050365,0.06911932,0.08573775,-0.06184037,-0.0930167,0.5050365,0.5050365,0.06911932,0.08573775
124.208,4.0950,-0.0055,0.7940,4.0,0.0,1.0,-0.06197616,-0.09316588,0.50627136,0.50627136,0.0692685,0.085873544,-0.06197616,-0.09316588,0.50627136,0.50627136,0.0692685,0.085873544
124.257,4.0950,-0.0055,0.7940,4.0,0.0,1.0,-0.062111992,-0.09331512,0.5075066,0.5075066,0.06941774,0.086009376,-0.062111992,-0.09331512,0.5075066,0.5075066,0.06941774,0.086009376
124.307,4.0950,-0.0055,0.7940,4.0,0.0,1.0,-0.06224789,-0.09346442,0.50874245,0.50874245,0.06956704,0.08614527,-0.06224789,-0.09346442,0.50874245,0.50874245,0.06956704,0.08614527
124.357,4.0950,-0.0055,0.7940,4.0,0.0,1.0,-0.062384006,-0.09361396,0.5099803,0.5099803,0.06971658,0.08628139,-0.062384006,-0.09361396,0.5099803,0.5099803,0.06971658,0.08628139
124.407,4.0950,-0.0055,0.7940,4.0,0.0,1.0,-0.06251997,-0.09376334,0.5112167,0.5112167,0.06986596,0.08641735,-0.06251997,-0.09376334,0.5112167,0.5112167,0.06986596,0.08641735
124.457,4.0950,-0.0055,0.7940,4.0,0.0,1.0,-0.062655665,-0.093912415,0.51245075,0.51245075,0.070015036,0.086553045,-0.062655665,-0.093912415,0.51245075,0.51245075,0.070015036,0.086553045
124.507,4.0950,-0.0055,0.7940,4.0,0.0,1.0,-0.0627918,-0.09406198,0.51368874,0.51368874,0.0701646,0.08668918,-0.0627918,-0.09406198,0.51368874,0.51368874,0.0701646,0.08668918
124.557,4.0950,-0.0055,0.7940,4.0,0.0,1.0,-0.06292742,-0.094210975,0.5149221,0.5149221,0.070313595,0.0868248,-0.06292742,-0.094210975,0.5149221,0.5149221,0.070313595,0.0868248
124.607,4.0950,-0.0055,0.7940,4.0,0.0,1.0,-0.063063644,-0.09436064,0.5161609,0.5161609,0.07046326,0.08696102,-0.063063644,-0.09436064,0.5161609,0.5161609,0.07046326,0.08696102
124.657,4.0950,-0.0055,0.7940,4.0,0.0,1.0,-0.06319917,-0.094509535,0.5173933,0.5173933,0.070612155,0.08709655,-0.06319917,-0.094509535,0.5173933,0.5173933,0.070612155,0.08709655
124.707,4.0950,-0.0055,0.7940,4.0,0.0,1.0,-0.12946974,-0.20984977,1.0,1.0,0.14541921,0.1939003,-0.12946974,-0.20984977,1.0,1.0,0.14541921,0.1939003
124.757,4.0950,-0.0055,0.7940,4.0,0.0,1.0,-0.060754374,-0.09182357,0.4951605,0.4951605,0.06792619,0.08465175,-0.060754374,-0.09182357,0.4951605,0.4951605,0.06792619,0.08465175
124.807,4.0950,-0.0055,0.7940,4.0,0.0,1.0,-0.06089026,-0.091972865,0.49639624,0.49639624,0.068075486,0.084787644,-0.06089026,-0.091972865,0.49639624,0.49639624,0.068075486,0.084787644
124.857,4.0950,-0.0055,0.7940,4.0,0.0,1.0,-0.06102638,-0.09212241,0.4976341,0.4976341,0.06822503,0.08492376,-0.06102638,-0.09212241,0.4976341,0.4976341,0.06822503,0.08492376
124.907,4.0950,-0.0055,0.7940,4.0,0.0,1.0,-0.06116225,-0.09227168,0.4988697,0.4988697,0.0683743,0.08505963,-0.06116225,-0.09227168,0.4988697,0.4988697,0.0683743,0.08505963
124.957,4.0950,-0.0055,0.7940,4.0,0.0,1.0,-0.061297975,-0.092420794,0.50010395,0.50010395,0.068523414,0.085195355,-0.061297975,-0.092420794,0.50010395,0.50010395,0.068523414,0.085195355
125.007,4.0950,-0.0055,0.7940,4.0,0.0,1.0,-0.061433453,-0.092569634,0.501336,0.501336,0.068672255,0.08533083,-0.061433453,-0.092569634,0.501336,0.501336,0.068672255,0.08533083
125.057,4.0950,-0.0055,0.7940,4.0,0.0,1.0,-0.061568752,-0.09271829,0.5025664,0.5025664,0.06882091,0.08546613,-0.061568752,-0.09271829,0.5025664,0.5025664,0.06882091,0.08546613
125.107,4.0950,-0.0055,0.7940,4.0,0.0,1.0,-0.061704997,-0.09286797,0.5038054,0.5038054,0.06897059,0.08560237,-0.061704997,-0.09286797,0.5038054,0.5038054,0.06897059,0.08560237
125.158,4.0950,-0.0055,0.7940,4.0,0.0,1.0,-0.06184127,-0.09301769,0.5050447,0.5050447,0.06912031,0.08573865,-0.06184127,-0.09301769,0.5050447,0.5050447,0.06912031,0.08573865
125.207,4.0950,-0.0055,0.7940,4.0,0.0,1.0,-0.061976403,-0.09316615,0.50627357,0.50627357,0.06926877,0.08587378,-0.061976403,-0.09316615,0.50627357,0.50627357,0.06926877,0.08587378
125.258,4.0950,-0.0055,0.7940,4.0,0.0,1.0,-0.062112816,-0.09331602,0.5075141,0.5075141,0.06941864,0.086010195,-0.062112816,-0.09331602,0.5075141,0.5075141,0.06941864,0.086010195
125.309,4.0950,-0.0055,0.7940,4.0,0.0,1.0,-0.06224886,-0.093465485,0.5087513,0.5087513,0.069568105,0.08614624,-0.06224886,-0.093465485,0.5087513,0.5087513,0.069568105,0.08614624
125.358,4.0950,-0.0055,0.7940,4.0,0.0,1.0,-0.062384788,-0.09361482,0.5099874,0.5099874,0.06971744,0.08628217,-0.062384788,-0.09361482,0.5099874,0.5099874,0.06971744,0.08628217
125.408,4.0950,-0.0055,0.7940,4.0,0.0,1.0,-0.062520675,-0.09376411,0.51122314,0.51122314,0.06986673,0.086418055,-0.062520675,-0.09376411,0.51122314,0.51122314,0.06986673,0.086418055
125.458,4.0950,-0.0055,0.7940,4.0,0.0,1.0,-0.062656835,-0.0939137,0.51246136,0.51246136,0.07001632,0.086554214,-0.062656835,-0.0939137,0.51246136,0.51246136,0.07001632,0.086554214
125.508,4.0950,-0.0055,0.7940,4.0,0.0,1.0,-0.06279289,-0.09406318,0.51369864,0.51369864,0.0701658,0.08669027,-0.06279289,-0.09406318,0.51369864,0.51369864,0.0701658,0.08669027
125.558,4.0950,-0.0055,0.7940,4.0,0.0,1.0,-0.06292872,-0.094212405,0.5149339,0.5149339,0.070315026,0.0868261,-0.06292872,-0.094212405,0.5149339,0.5149339,0.070315026,0.0868261
125.608,4.0950,-0.0055,0.7940,4.0,0.0,1.0,-0.06306429,-0.09436135,0.5161668,0.5161668,0.07046397,0.08696167,-0.06306429,-0.09436135,0.5161668,0.5161668,0.07046397,0.08696167
125.658,4.0950,-0.0055,0.7940,4.0,0.0,1.0,-0.06320042,-0.09451091,0.51740474,0.51740474,0.07061353,0.0870978,-0.06320042,-0.09451091,0.51740474,0.51740474,0.07061353,0.0870978
125.708,4.0950,-0.0055,0.7940,4.0,0.0,1.0,-0.12947607,-0.20987259,1.0,1.0,0.14542691,0.19392174,-0.12947607,-0.20987259,1.0,1.0,0.14542691,0.19392174
125.758,4.0950,-0.0055,0.7940,4.0,0.0,1.0,-0.06075421,-0.09182339,0.495159,0.495159,0.06792601,0.08465159,-0.06075421,-0.09182339,0.495159,0.495159,0.06792601,0.08465159
125.809,4.0950,-0.0055,0.7940,4.0,0.0,1.0,-0.06089025,-0.09197285,0.49639612,0.49639612,0.06807547,0.08478763,-0.06089025,-0.09197285,0.49639612,0.49639612,0.06807547,0.08478763
125.859,4.0950,-0.0055,0.7940,4.0,0.0,1.0,-0.06102661,-0.09212267,0.4976362,0.4976362,0.06822529,0.08492399,-0.06102661,-0.09212267,0.4976362,0.4976362,0.06822529,0.08492399
125.909,4.0950,-0.0055,0.7940,4.0,0.0,1.0,-0.061162554,-0.09227201,0.49887246,0.49887246,0.068374634,0.08505993,-0.061162554,-0.09227201,0.49887246,0.49887246,0.068374634,0.08505993
125.958,4.0950,-0.0055,0.7940,4.0,0.0,1.0,-0.061298195,-0.09242104,0.500106,0.500106,0.06852366,0.08519558,-0.061298195,-0.09242104,0.500106,0.500106,0.06852366,0.08519558
126.008,4.0950,-0.0055,0.7940,4.0,0.0,1.0,-0.06143423,-0.09257049,0.5013431,0.5013431,0.06867311,0.08533161,-0.06143423,-0.09257049,0.5013431,0.5013431,0.06867311,0.08533161
126.058,4.0950,-0.0055,0.7940,4.0,0.0,1.0,-0.06156994,-0.092719585,0.5025772,0.5025772,0.068822205,0.085467316,-0.06156994,-0.092719585,0.5025772,0.5025772,0.068822205,0.085467316
126.108,4.0950,-0.0055,0.7940,4.0,0.0,1.0,-0.06170587,-0.09286893,0.5038133,0.5038133,0.06897155,0.08560325,-0.06170587,-0.09286893,0.5038133,0.5038133,0.06897155,0.08560325
126.158,4.0950,-0.0055,0.7940,4.0,0.0,1.0,-0.06184205,-0.09301854,0.5050518,0.5050518,0.06912116,0.085739434,-0.06184205,-0.09301854,0.5050518,0.5050518,0.06912116,0.085739434
126.209,4.0950,-0.0055,0.7940,4.0,0.0,1.0,-0.0619775,-0.09316735,0.5062835,0.5062835,0.06926997,0.08587488,-0.0619775,-0.09316735,0.5062835,0.5062835,0.06926997,0.08587488
126.259,4.0950,-0.0055,0.7940,4.0,0.0,1.0,-0.062113717,-0.09331701,0.5075223,0.5075223,0.06941963,0.0860111,-0.062113717,-0.09331701,0.5075223,0.5075223,0.06941963,0.0860111
126.309,4.0950,-0.0055,0.7940,4.0,0.0,1.0,-0.062249783,-0.0934665,0.5087597,0.5087597,0.06956912,0.08614716,-0.062249783,-0.0934665,0.5087597,0.5087597,0.06956912,0.08614716
126.359,4.0950,-0.0055,0.7940,4.0,0.0,1.0,-0.062385872,-0.09361601,0.50999725,0.50999725,0.06971863,0.08628325,-0.062385872,-0.09361601,0.50999725,0.50999725,0.06971863,0.08628325
126.409,4.0950,-0.0055,0.7940,4.0,0.0,1.0,-0.06252175,-0.09376529,0.5112329,0.5112329,0.06986791,0.08641913,-0.06252175,-0.09376529,0.5112329,0.5112329,0.06986791,0.08641913
126.459,4.0950,-0.0055,0.7940,4.0,0.0,1.0,-0.06265759,-0.09391452,0.5124682,0.5124682,0.070017144,0.08655497,-0.06265759,-0.09391452,0.5124682,0.5124682,0.070017144,0.08655497
126.508,4.0950,-0.0055,0.7940,4.0,0.0,1.0,-0.06279372,-0.09406409,0.5137062,0.5137062,0.07016671,0.0866911,-0.06279372,-0.09406409,0.5137062,0.5137062,0.07016671,0.0866911
126.559,4.0950,-0.0055,0.7940,4.0,0.0,1.0,-0.06292887,-0.09421257,0.51493526,0.51493526,0.07031519,0.08682625,-0.06292887,-0.09421257,0.51493526,0.51493526,0.07031519,0.08682625
126.608,4.0950,-0.0055,0.7940,4.0,0.0,1.0,-0.063065134,-0.094362274,0.51617444,0.51617444,0.070464894,0.08696251,-0.063065134,-0.094362274,0.51617444,0.51617444,0.070464894,0.08696251
126.658,4.0950,-0.0055,0.7940,4.0,0.0,1.0,-0.06320128,-0.09451185,0.51741254,0.51741254,0.07061447,0.08709866,-0.06320128,-0.09451185,0.51741254,0.51741254,0.07061447,0.08709866
126.708,4.0950,-0.0055,0.7940,4.0,0.0,1.0,-0.1294946,-0.20993932,1.0,1.0,0.14544946,0.19398446,-0.1294946,-0.20993932,1.0,1.0,0.14544946,0.19398446
126.759,4.0950,-0.0055,0.7940,4.0,0.0,1.0,-0.06075344,-0.09182254,0.495152,0.495152,0.06792516,0.08465082,-0.06075344,-0.09182254,0.495152,0.495152,0.06792516,0.08465082
126.809,4.0950,-0.0055,0.7940,4.0,0.0,1.0,-0.06088901,-0.09197149,0.49638486,0.49638486,0.06807411,0.08478639,-0.06088901,-0.09197149,0.49638486,0.49638486,0.06807411,0.08478639
126.859,4.0950,-0.0055,0.7940,4.0,0.0,1.0,-0.061025158,-0.092121065,0.497623,0.497623,0.068223685,0.08492254,-0.061025158,-0.092121065,0.497623,0.497623,0.068223685,0.08492254
126.909,4.0950,-0.0055,0.7940,4.0,0.0,1.0,-0.06116117,-0.0922705,0.49885988,0.49885988,0.06837312,0.08505855,-0.06116117,-0.0922705,0.49885988,0.49885988,0.06837312,0.08505855
126.959,4.0950,-0.0055,0.7940,4.0,0.0,1.0,-0.061296992,-0.092419714,0.500095,0.500095,0.068522334,0.08519437,-0.061296992,-0.092419714,0.500095,0.500095,0.068522334,0.08519437
127.009,4.0950,-0.0055,0.7940,4.0,0.0,1.0,-0.061433006,-0.09256915,0.5013319,0.5013319,0.06867177,0.08533039,-0.061433006,-0.09256915,0.5013319,0.5013319,0.06867177,0.08533039
127.059,4.0950,-0.0055,0.7940,4.0,0.0,1.0,-0.061568685,-0.092718214,0.5025658,0.5025658,0.068820834,0.085466065,-0.061568685,-0.092718214,0.5025658,0.5025658,0.068820834,0.085466065
127.109,4.0950,-0.0055,0.7940,4.0,0.0,1.0,-0.061704792,-0.09286775,0.50380355,0.50380355,0.06897037,0.08560217,-0.061704792,-0.09286775,0.50380355,0.50380355,0.06897037,0.08560217
127.159,4.0950,-0.0055,0.7940,4.0,0.0,1.0,-0.061840322,-0.09301665,0.50503606,0.50503606,0.06911927,0.085737705,-0.061840322,-0.09301665,0.50503606,0.50503606,0.06911927,0.085737705
127.208,4.0950,-0.0055,0.7940,4.0,0.0,1.0,-0.061975423,-0.09316507,0.5062646,0.5062646,0.06926769,0.08587281,-0.061975423,-0.09316507,0.5062646,0.5062646,0.06926769,0.08587281
127.259,4.0950,-0.0055,0.7940,4.0,0.0,1.0,-0.062111977,-0.093315095,0.5075065,0.5075065,0.069417715,0.08600935,-0.062111977,-0.093315095,0.5075065,0.5075065,0.069417715,0.08600935
127.309,4.0950,-0.0055,0.7940,4.0,0.0,1.0,-0.062248297,-0.09346487,0.50874615,0.50874615,0.06956749,0.08614568,-0.062248297,-0.09346487,0.50874615,0.50874615,0.06956749,0.08614568
127.359,4.0950,-0.0055,0.7940,4.0,0.0,1.0,-0.062383983,-0.09361393,0.5099801,0.5099801,0.06971655,0.08628136,-0.062383983,-0.09361393,0.5099801,0.5099801,0.06971655,0.08628136
127.409,4.0950,-0.0055,0.7940,4.0,0.0,1.0,-0.06252029,-0.09376369,0.5112196,0.5112196,0.06986631,0.08641767,-0.06252029,-0.09376369,0.5112196,0.5112196,0.06986631,0.08641767
127.459,4.0950,-0.0055,0.7940,4.0,0.0,1.0,-0.0626558,-0.09391256,0.51245195,0.51245195,0.07001518,0.08655318,-0.0626558,-0.09391256,0.51245195,0.51245195,0.07001518,0.08655318
127.508,4.0950,-0.0055,0.7940,4.0,0.0,1.0,-0.06279203,-0.09406224,0.5136909,0.5136909,0.07016486,0.08668941,-0.06279203,-0.09406224,0.5136909,0.5136909,0.07016486,0.08668941
127.559,4.0950,-0.0055,0.7940,4.0,0.0,1.0,-0.06292759,-0.09421117,0.51492363,0.51492363,0.07031379,0.08682497,-0.06292759,-0.09421117,0.51492363,0.51492363,0.07031379,0.08682497
127.609,4.0950,-0.0055,0.7940,4.0,0.0,1.0,-0.063063584,-0.09436057,0.5161603,0.5161603,0.07046319,0.086960964,-0.063063584,-0.09436057,0.5161603,0.5161603,0.07046319,0.086960964
127.659,4.0950,-0.0055,0.7940,4.0,0.0,1.0,-0.063199416,-0.0945098,0.51739556,0.51739556,0.07061242,0.087096795,-0.063199416,-0.0945098,0.51739556,0.51739556,0.07061242,0.087096795
127.709,4.0950,-0.0055,0.7940,4.0,0.0,1.0,-0.12947503,-0.20986883,1.0,1.0,0.14542565,0.19391821,-0.12947503,-0.20986883,1.0,1.0,0.14542565,0.19391821
127.758,4.0950,-0.0055,0.7940,4.0,0.0,1.0,-0.060752895,-0.091821946,0.49514705,0.49514705,0.06792457,0.08465028,-0.060752895,-0.091821946,0.49514705,0.49514705,0.06792457,0.08465028
127.809,4.0950,-0.0055,0.7940,4.0,0.0,1.0,-0.060889427,-0.09197195,0.49638864,0.49638864,0.06807457,0.0847868,-0.060889427,-0.09197195,0.49638864,0.49638864,0.06807457,0.0847868
127.859,4.0950,-0.0055,0.7940,4.0,0.0,1.0,-0.061025143,-0.09212105,0.49762285,0.49762285,0.06822367,0.08492252,-0.061025143,-0.09212105,0.49762285,0.49762285,0.06822367,0.08492252
127.909,4.0950,-0.0055,0.7940,4.0,0.0,1.0,-0.0611611,-0.09227042,0.49885926,0.49885926,0.06837304,0.08505848,-0.0611611,-0.09227042,0.49885926,0.49885926,0.06837304,0.08505848
127.959,4.0950,-0.0055,0.7940,4.0,0.0,1.0,-0.06129711,-0.09241985,0.5000961,0.5000961,0.06852247,0.08519449,-0.06129711,-0.09241985,0.5000961,0.5000961,0.06852247,0.08519449
128.009,4.0950,-0.0055,0.7940,4.0,0.0,1.0,-0.061433032,-0.09256918,0.50133216,0.50133216,0.0686718,0.08533041,-0.061433032,-0.09256918,0.50133216,0.50133216,0.0686718,0.08533041
128.059,4.0950,-0.0055,0.7940,4.0,0.0,1.0,-0.06156868,-0.09271821,0.50256574,0.50256574,0.06882083,0.08546606,-0.06156868,-0.09271821,0.50256574,0.50256574,0.06882083,0.08546606
128.109,4.0950,-0.0055,0.7940,4.0,0.0,1.0,-0.061705098,-0.09286808,0.50380635,0.50380635,0.0689707,0.08560248,-0.061705098,-0.09286808,0.50380635,0.50380635,0.0689707,0.08560248
128.159,4.0950,-0.0055,0.7940,4.0,0.0,1.0,-0.06184068,-0.093017034,0.5050393,0.5050393,0.069119655,0.085738055,-0.06184068,-0.093017034,0.5050393,0.5050393,0.069119655,0.085738055
128.209,4.0950,-0.0055,0.7940,4.0,0.0,1.0,-0.06197693,-0.093166724,0.50627834,0.50627834,0.069269344,0.085874304,-0.06197693,-0.093166724,0.50627834,0.50627834,0.069269344,0.085874304
128.259,4.0950,-0.0055,0.7940,4.0,0.0,1.0,-0.062112566,-0.09331574,0.5075118,0.5075118,0.06941836,0.08600994,-0.062112566,-0.09331574,0.5075118,0.5075118,0.06941836,0.08600994
128.308,4.0950,-0.0055,0.7940,4.0,0.0,1.0,-0.06224782,-0.09346434,0.5087418,0.5087418,0.06956696,0.0861452,-0.06224782,-0.09346434,0.5087418,0.5087418,0.06956696,0.0861452
128.358,4.0950,-0.0055,0.7940,4.0,0.0,1.0,-0.062384106,-0.09361407,0.5099812,0.5099812,0.06971669,0.086281486,-0.062384106,-0.09361407,0.5099812,0.5099812,0.06971669,0.086281486
128.409,4.0950,-0.0055,0.7940,4.0,0.0,1.0,-0.062520266,-0.093763664,0.51121944,0.51121944,0.069866285,0.086417645,-0.062520266,-0.093763664,0.51121944,0.51121944,0.069866285,0.086417645
128.459,4.0950,-0.0055,0.7940,4.0,0.0,1.0,-0.062656194,-0.093913,0.5124556,0.5124556,0.07001562,0.08655357,-0.062656194,-0.093913,0.5124556,0.5124556,0.07001562,0.08655357
128.508,4.0950,-0.0055,0.7940,4.0,0.0,1.0,-0.062792264,-0.094062485,0.5136929,0.5136929,0.070165105,0.08668964,-0.062792264,-0.094062485,0.5136929,0.5136929,0.070165105,0.08668964
128.559,4.0950,-0.0055,0.7940,4.0,0.0,1.0,-0.06292797,-0.094211586,0.5149271,0.5149271,0.070314206,0.08682535,-0.06292797,-0.094211586,0.5149271,0.5149271,0.070314206,0.08682535
128.608,4.0950,-0.0055,0.7940,4.0,0.0,1.0,-0.063063405,-0.094360374,0.5161587,0.5161587,0.070462994,0.086960785,-0.063063405,-0.094360374,0.5161587,0.5161587,0.070462994,0.086960785
128.659,4.0950,-0.0055,0.7940,4.0,0.0,1.0,-0.06320026,-0.09451073,0.51740324,0.51740324,0.07061335,0.08709764,-0.06320026,-0.09451073,0.51740324,0.51740324,0.07061335,0.08709764
128.708,4.0950,-0.0055,0.7940,4.0,0.0,1.0,-0.12948981,-0.20992208,1.0,1.0,0.14544363,0.19396825,-0.12948981,-0.20992208,1.0,1.0,0.14544363,0.19396825
128.758,4.0950,-0.0055,0.7940,4.0,0.0,1.0,-0.060752872,-0.091821924,0.49514684,0.49514684,0.067924544,0.084650256,-0.060752872,-0.091821924,0.49514684,0.49514684,0.067924544,0.084650256
128.809,4.0950,-0.0055,0.7940,4.0,0.0,1.0,-0.06088838,-0.091970794,0.49637914,0.49637914,0.068073414,0.08478576,-0.06088838,-0.091970794,0.49637914,0.49637914,0.068073414,0.08478576
128.859,4.0950,-0.0055,0.7940,4.0,0.0,1.0,-0.061024234,-0.09212005,0.49761456,0.49761456,0.06822267,0.08492161,-0.061024234,-0.09212005,0.49761456,0.49761456,0.06822267,0.08492161
128.909,4.0950,-0.0055,0.7940,4.0,0.0,1.0,-0.061160605,-0.092269875,0.49885473,0.49885473,0.068372495,0.08505798,-0.061160605,-0.092269875,0.49885473,0.49885473,0.068372495,0.08505798
128.958,4.0950,-0.0055,0.7940,4.0,0.0,1.0,-0.06129666,-0.092419356,0.500092,0.500092,0.06852198,0.085194044,-0.06129666,-0.092419356,0.500092,0.500092,0.06852198,0.085194044
129.009,4.0950,-0.0055,0.7940,4.0,0.0,1.0,-0.06143245,-0.09256854,0.5013269,0.5013269,0.06867116,0.08532983,-0.06143245,-0.09256854,0.5013269,0.5013269,0.06867116,0.08532983
129.059,4.0950,-0.0055,0.7940,4.0,0.0,1.0,-0.061568297,-0.09271778,0.5025623,0.5025623,0.0688204,0.08546568,-0.061568297,-0.09271778,0.5025623,0.5025623,0.0688204,0.08546568
129.109,4.0950,-0.0055,0.7940,4.0,0.0,1.0,-0.061704412,-0.09286733,0.5038001,0.5038001,0.06896995,0.08560179,-0.061704412,-0.09286733,0.5038001,0.5038001,0.06896995,0.08560179
129.159,4.0950,-0.0055,0.7940,4.0,0.0,1.0,-0.06184094,-0.093017325,0.50504166,0.50504166,0.069119945,0.085738316,-0.06184094,-0.093017325,0.50504166,0.50504166,0.069119945,0.085738316
129.209,4.0950,-0.0055,0.7940,4.0,0.0,1.0,-0.061976157,-0.09316588,0.50627136,0.50627136,0.0692685,0.08587354,-0.061976157,-0.09316588,0.50627136,0.50627136,0.0692685,0.08587354
129.259,4.0950,-0.0055,0.7940,4.0,0.0,1.0,-0.062112022,-0.09331515,0.50750685,0.50750685,0.06941777,0.0860094,-0.062112022,-0.09331515,0.50750685,0.50750685,0.06941777,0.0860094
129.309,4.0950,-0.0055,0.7940,4.0,0.0,1.0,-0.062247925,-0.09346446,0.50874275,0.50874275,0.06956708,0.086145304,-0.062247925,-0.09346446,0.50874275,0.50874275,0.06956708,0.086145304
129.358,4.0950,-0.0055,0.7940,4.0,0.0,1.0,-0.062383052,-0.09361291,0.5099716,0.5099716,0.06971553,0.086280435,-0.062383052,-0.09361291,0.5099716,0.5099716,0.06971553,0.086280435
129.409,4.0950,-0.0055,0.7940,4.0,0.0,1.0,-0.06251946,-0.09376278,0.51121217,0.51121217,0.0698654,0.08641684,-0.06251946,-0.09376278,0.51121217,0.51121217,0.0698654,0.08641684
129.459,4.0950,-0.0055,0.7940,4.0,0.0,1.0,-0.0626555,-0.09391224,0.5124492,0.5124492,0.07001486,0.08655288,-0.0626555,-0.09391224,0.5124492,0.5124492,0.07001486,0.08655288
129.508,4.0950,-0.0055,0.7940,4.0,0.0,1.0,-0.06279176,-0.09406193,0.5136883,0.5136883,0.070164554,0.08668914,-0.06279176,-0.09406193,0.5136883,0.5136883,0.070164554,0.08668914
129.559,4.0950,-0.0055,0.7940,4.0,0.0,1.0,-0.062927105,-0.09421063,0.5149192,0.5149192,0.07031325,0.086824484,-0.062927105,-0.09421063,0.5149192,0.5149192,0.07031325,0.086824484
129.609,4.0950,-0.0055,0.7940,4.0,0.0,1.0,-0.0630638,-0.09436081,0.5161623,0.5161623,0.070463434,0.08696118,-0.0630638,-0.09436081,0.5161623,0.5161623,0.070463434,0.08696118
129.659,4.0950,-0.0055,0.7940,4.0,0.0,1.0,-0.06319862,-0.09450892,0.5173883,0.5173883,0.070611544,0.087096,-0.06319862,-0.09450892,0.5173883,0.5173883,0.070611544,0.087096
129.709,4.0950,-0.0055,0.7940,4.0,0.0,1.0,-0.12948675,-0.20991106,1.0,1.0,0.14543991,0.19395791,-0.12948675,-0.20991106,1.0,1.0,0.14543991,0.19395791
129.759,4.0950,-0.0055,0.7940,4.0,0.0,1.0,-0.060752608,-0.09182163,0.49514443,0.49514443,0.06792425,0.08464999,-0.060752608,-0.09182163,0.49514443,0.49514443,0.06792425,0.08464999
129.809,4.0950,-0.0055,0.7940,4.0,0.0,1.0,-0.0608889,-0.09197137,0.49638388,0.49638388,0.06807399,0.08478628,-0.0608889,-0.09197137,0.49638388,0.49638388,0.06807399,0.08478628
129.859,4.0950,-0.0055,0.7940,4.0,0.0,1.0,-0.061024424,-0.09212026,0.4976163,0.4976163,0.06822288,0.0849218,-0.061024424,-0.09212026,0.4976163,0.4976163,0.06822288,0.0849218
129.908,4.0950,-0.0055,0.7940,4.0,0.0,1.0,-0.06116002,-0.092269234,0.49884942,0.49884942,0.068371855,0.0850574,-0.06116002,-0.092269234,0.49884942,0.49884942,0.068371855,0.0850574
129.958,4.0950,-0.0055,0.7940,4.0,0.0,1.0,-0.06129632,-0.09241898,0.50008893,0.50008893,0.068521604,0.0851937,-0.06129632,-0.09241898,0.50008893,0.50008893,0.068521604,0.0851937
130.009,4.0950,-0.0055,0.7940,4.0,0.0,1.0,-0.06143238,-0.09256846,0.50132626,0.50132626,0.06867108,0.085329756,-0.06143238,-0.09256846,0.50132626,0.50132626,0.06867108,0.085329756
130.059,4.0950,-0.0055,0.7940,4.0,0.0,1.0,-0.06156806,-0.09271752,0.5025601,0.5025601,0.06882014,0.08546544,-0.06156806,-0.09271752,0.5025601,0.5025601,0.06882014,0.08546544
130.109,4.0950,-0.0055,0.7940,4.0,0.0,1.0,-0.06170404,-0.09286692,0.5037967,0.5037967,0.06896954,0.08560142,-0.06170404,-0.09286692,0.5037967,0.5037967,0.06896954,0.08560142
130.158,4.0950,-0.0055,0.7940,4.0,0.0,1.0,-0.061839964,-0.09301625,0.5050328,0.5050328,0.06911887,0.08573734,-0.061839964,-0.09301625,0.5050328,0.5050328,0.06911887,0.08573734
130.209,4.0950,-0.0055,0.7940,4.0,0.0,1.0,-0.061975982,-0.09316569,0.50626975,0.50626975,0.06926831,0.08587336,-0.061975982,-0.09316569,0.50626975,0.50626975,0.06926831,0.08587336
130.259,4.0950,-0.0055,0.7940,4.0,0.0,1.0,-0.062111575,-0.093314655,0.50750285,0.50750285,0.069417275,0.08600896,-0.062111575,-0.093314655,0.50750285,0.50750285,0.069417275,0.08600896
130.308,4.0950,-0.0055,0.7940,4.0,0.0,1.0,-0.062247586,-0.093464084,0.5087397,0.5087397,0.069566704,0.08614497,-0.062247586,-0.093464084,0.5087397,0.5087397,0.069566704,0.08614497
130.359,4.0950,-0.0055,0.7940,4.0,0.0,1.0,-0.062383424,-0.09361332,0.509975,0.509975,0.06971594,0.0862808,-0.062383424,-0.09361332,0.509975,0.509975,0.06971594,0.0862808
130.409,4.0950,-0.0055,0.7940,4.0,0.0,1.0,-0.062519416,-0.093762726,0.5112117,0.5112117,0.069865346,0.086416796,-0.062519416,-0.093762726,0.5112117,0.5112117,0.069865346,0.086416796
130.459,4.0950,-0.0055,0.7940,4.0,0.0,1.0,-0.06265542,-0.09391215,0.5124485,0.5124485,0.07001477,0.0865528,-0.06265542,-0.09391215,0.5124485,0.5124485,0.07001477,0.0865528
130.509,4.0950,-0.0055,0.7940,4.0,0.0,1.0,-0.062791035,-0.094061136,0.51368177,0.51368177,0.07016376,0.086688414,-0.062791035,-0.094061136,0.51368177,0.51368177,0.07016376,0.086688414
130.559,4.0950,-0.0055,0.7940,4.0,0.0,1.0,-0.062927194,-0.09421073,0.51492,0.51492,0.07031335,0.08682457,-0.062927194,-0.09421073,0.51492,0.51492,0.07031335,0.08682457
130.609,4.0950,-0.0055,0.7940,4.0,0.0,1.0,-0.06306319,-0.09436014,0.51615673,0.51615673,0.07046276,0.08696057,-0.06306319,-0.09436014,0.51615673,0.51615673,0.07046276,0.08696057
130.659,4.0950,-0.0055,0.7940,4.0,0.0,1.0,-0.06319922,-0.094509594,0.5173938,0.5173938,0.070612215,0.0870966,-0.06319922,-0.094509594,0.5173938,0.5173938,0.070612215,0.0870966
130.709,4.0950,-0.0055,0.7940,4.0,0.0,1.0,-0.12948447,-0.20990285,1.0,1.0,0.14543714,0.19395019,-0.12948447,-0.20990285,1.0,1.0,0.14543714,0.19395019
130.758,4.0950,-0.0055,0.7940,4.0,0.0,1.0,-0.060753103,-0.09182218,0.49514896,0.49514896,0.0679248,0.08465049,-0.060753103,-0.09182218,0.49514896,0.49514896,0.0679248,0.08465049
130.809,4.0950,-0.0055,0.7940,4.0,0.0,1.0,-0.060888845,-0.09197131,0.49638337,0.49638337,0.06807393,0.08478622,-0.060888845,-0.09197131,0.49638337,0.49638337,0.06807393,0.08478622
130.859,4.0950,-0.0055,0.7940,4.0,0.0,1.0,-0.061024528,-0.09212037,0.49761724,0.49761724,0.06822299,0.084921904,-0.061024528,-0.09212037,0.49761724,0.49761724,0.06822299,0.084921904
130.909,4.0950,-0.0055,0.7940,4.0,0.0,1.0,-0.0611606,-0.092269875,0.4988547,0.4988547,0.068372495,0.08505798,-0.0611606,-0.092269875,0.4988547,0.4988547,0.068372495,0.08505798
130.958,4.0950,-0.0055,0.7940,4.0,0.0,1.0,-0.06129594,-0.09241856,0.5000855,0.5000855,0.06852118,0.08519332,-0.06129594,-0.09241856,0.5000855,0.5000855,0.06852118,0.08519332
131.009,4.0950,-0.0055,0.7940,4.0,0.0,1.0,-0.061432235,-0.0925683,0.50132495,0.50132495,0.06867092,0.085329615,-0.061432235,-0.0925683,0.50132495,0.50132495,0.06867092,0.085329615
131.059,4.0950,-0.0055,0.7940,4.0,0.0,1.0,-0.06156846,-0.09271797,0.5025638,0.5025638,0.06882059,0.08546584,-0.06156846,-0.09271797,0.5025638,0.5025638,0.06882059,0.08546584
131.109,4.0950,-0.0055,0.7940,4.0,0.0,1.0,-0.06170444,-0.09286736,0.50380033,0.50380033,0.06896998,0.08560182,-0.06170444,-0.09286736,0.50380033,0.50380033,0.06896998,0.08560182
131.159,4.0950,-0.0055,0.7940,4.0,0.0,1.0,-0.06184053,-0.09301687,0.50503796,0.50503796,0.06911949,0.08573791,-0.06184053,-0.09301687,0.50503796,0.50503796,0.06911949,0.08573791
131.209,4.0950,-0.0055,0.7940,4.0,0.0,1.0,-0.061976146,-0.09316587,0.50627124,0.50627124,0.06926849,0.08587352,-0.061976146,-0.09316587,0.50627124,0.50627124,0.06926849,0.08587352
131.259,4.0950,-0.0055,0.7940,4.0,0.0,1.0,-0.06211187,-0.093314976,0.5075055,0.5075055,0.069417596,0.08600925,-0.06211187,-0.093314976,0.5075055,0.5075055,0.069417596,0.08600925
131.309,4.0950,-0.0055,0.7940,4.0,0.0,1.0,-0.062247917,-0.09346445,0.5087427,0.5087427,0.06956707,0.0861453,-0.062247917,-0.09346445,0.5087427,0.5087427,0.06956707,0.0861453
131.359,4.0950,-0.0055,0.7940,4.0,0.0,1.0,-0.062383886,-0.093613826,0.5099792,0.5099792,0.069716446,0.08628127,-0.062383886,-0.093613826,0.5099792,0.5099792,0.069716446,0.08628127
131.409,4.0950,-0.0055,0.7940,4.0,0.0,1.0,-0.062519856,-0.09376321,0.5112157,0.5112157,0.06986583,0.086417235,-0.062519856,-0.09376321,0.5112157,0.5112157,0.06986583,0.086417235
131.460,4.0950,-0.0055,0.7940,4.0,0.0,1.0,-0.06265531,-0.09391203,0.51244754,0.51244754,0.07001465,0.08655269,-0.06265531,-0.09391203,0.51244754,0.51244754,0.07001465,0.08655269
131.509,4.0950,-0.0055,0.7940,4.0,0.0,1.0,-0.06279125,-0.09406138,0.5136838,0.5136838,0.070164,0.08668863,-0.06279125,-0.09406138,0.5136838,0.5136838,0.070164,0.08668863
131.559,4.0950,-0.0055,0.7940,4.0,0.0,1.0,-0.0629272,-0.09421074,0.51492006,0.51492006,0.07031336,0.08682458,-0.0629272,-0.09421074,0.51492006,0.51492006,0.07031336,0.08682458
131.609,4.0950,-0.0055,0.7940,4.0,0.0,1.0,-0.063063286,-0.09436025,0.5161576,0.5161576,0.07046287,0.086960666,-0.063063286,-0.09436025,0.5161576,0.5161576,0.07046287,0.086960666
131.658,4.0950,-0.0055,0.7940,4.0,0.0,1.0,-0.06319916,-0.09450953,0.51739323,0.51739323,0.07061215,0.08709654,-0.06319916,-0.09450953,0.51739323,0.51739323,0.07061215,0.08709654
131.709,4.0950,-0.0055,0.7940,4.0,0.0,1.0,-0.12949139,-0.20992774,1.0,1.0,0.14544554,0.19397359,-0.12949139,-0.20992774,1.0,1.0,0.14544554,0.19397359
131.759,4.0950,-0.0055,0.7940,4.0,0.0,1.0,-0.060752824,-0.091821864,0.4951464,0.4951464,0.067924485,0.0846502,-0.060752824,-0.091821864,0.4951464,0.4951464,0.067924485,0.0846502
131.809,4.0950,-0.0055,0.7940,4.0,0.0,1.0,-0.060888514,-0.09197094,0.49638033,0.49638033,0.06807356,0.08478589,-0.060888514,-0.09197094,0.49638033,0.49638033,0.06807356,0.08478589
131.859,4.0950,-0.0055,0.7940,4.0,0.0,1.0,-0.061024547,-0.092120394,0.49761742,0.49761742,0.068223014,0.084921926,-0.061024547,-0.092120394,0.49761742,0.49761742,0.068223014,0.084921926
131.909,4.0950,-0.0055,0.7940,4.0,0.0,1.0,-0.061160553,-0.092269816,0.49885425,0.49885425,0.068372436,0.08505793,-0.061160553,-0.092269816,0.49885425,0.49885425,0.068372436,0.08505793
131.958,4.0950,-0.0055,0.7940,4.0,0.0,1.0,-0.061296787,-0.09241949,0.50009316,0.50009316,0.06852211,0.08519416,-0.061296787,-0.09241949,0.50009316,0.50009316,0.06852211,0.08519416
132.009,4.0950,-0.0055,0.7940,4.0,0.0,1.0,-0.061431866,-0.09256789,0.50132155,0.50132155,0.06867051,0.08532924,-0.061431866,-0.09256789,0.50132155,0.50132155,0.06867051,0.08532924
132.059,4.0950,-0.0055,0.7940,4.0,0.0,1.0,-0.061567906,-0.09271736,0.5025587,0.5025587,0.06881998,0.08546529,-0.061567906,-0.09271736,0.5025587,0.5025587,0.06881998,0.08546529
132.109,4.0950,-0.0055,0.7940,4.0,0.0,1.0,-0.06170428,-0.09286718,0.5037989,0.5037989,0.0689698,0.08560166,-0.06170428,-0.09286718,0.5037989,0.5037989,0.0689698,0.08560166
132.158,4.0950,-0.0055,0.7940,4.0,0.0,1.0,-0.061839998,-0.09301629,0.5050331,0.5050331,0.06911891,0.08573738,-0.061839998,-0.09301629,0.5050331,0.5050331,0.06911891,0.08573738
132.209,4.0950,-0.0055,0.7940,4.0,0.0,1.0,-0.061975863,-0.093165554,0.5062686,0.5062686,0.069268174,0.08587324,-0.061975863,-0.093165554,0.5062686,0.5062686,0.069268174,0.08587324
132.259,4.0950,-0.0055,0.7940,4.0,0.0,1.0,-0.062111963,-0.09331508,0.5075064,0.5075064,0.0694177,0.086009346,-0.062111963,-0.09331508,0.5075064,0.5075064,0.0694177,0.086009346
132.308,4.0950,-0.0055,0.7940,4.0,0.0,1.0,-0.062247902,-0.09346443,0.5087426,0.5087426,0.06956705,0.08614528,-0.062247902,-0.09346443,0.5087426,0.5087426,0.06956705,0.08614528
132.358,4.0950,-0.0055,0.7940,4.0,0.0,1.0,-0.062383763,-0.09361369,0.50997806,0.50997806,0.06971631,0.08628114,-0.062383763,-0.09361369,0.50997806,0.50997806,0.06971631,0.08628114
132.409,4.0950,-0.0055,0.7940,4.0,0.0,1.0,-0.06251972,-0.09376306,0.51121444,0.51121444,0.06986568,0.0864171,-0.06251972,-0.09376306,0.51121444,0.51121444,0.06986568,0.0864171
132.458,4.0950,-0.0055,0.7940,4.0,0.0,1.0,-0.06265552,-0.093912266,0.5124495,0.5124495,0.07001489,0.0865529,-0.06265552,-0.093912266,0.5124495,0.5124495,0.07001489,0.0865529
132.509,4.0950,-0.0055,0.7940,4.0,0.0,1.0,-0.062791556,-0.09406171,0.5136865,0.5136865,0.07016433,0.086688936,-0.062791556,-0.09406171,0.5136865,0.5136865,0.07016433,0.086688936
132.559,4.0950,-0.0055,0.7940,4.0,0.0,1.0,-0.06292704,-0.094210565,0.5149186,0.5149186,0.07031318,0.08682442,-0.06292704,-0.094210565,0.5149186,0.5149186,0.07031318,0.08682442
132.609,4.0950,-0.0055,0.7940,4.0,0.0,1.0,-0.063062765,-0.09435967,0.51615286,0.51615286,0.070462294,0.086960144,-0.063062765,-0.09435967,0.51615286,0.51615286,0.070462294,0.086960144
132.660,4.0950,-0.0055,0.7940,4.0,0.0,1.0,-0.06319917,-0.094509535,0.5173933,0.5173933,0.070612155,0.08709655,-0.06319917,-0.094509535,0.5173933,0.5173933,0.070612155,0.08709655
132.708,4.0950,-0.0055,0.7940,4.0,0.0,1.0,-0.12949024,-0.20992358,1.0,1.0,0.14544414,0.19396968,-0.12949024,-0.20992358,1.0,1.0,0.14544414,0.19396968
132.759,4.0950,-0.0055,0.7940,4.0,0.0,1.0,-0.060752857,-0.0918219,0.4951467,0.4951467,0.06792452,0.08465023,-0.060752857,-0.0918219,0.4951467,0.4951467,0.06792452,0.08465023
132.809,4.0950,-0.0055,0.7940,4.0,0.0,1.0,-0.060888994,-0.09197147,0.49638474,0.49638474,0.06807409,0.08478638,-0.060888994,-0.09197147,0.49638474,0.49638474,0.06807409,0.08478638
132.859,4.0950,-0.0055,0.7940,4.0,0.0,1.0,-0.061024774,-0.09212064,0.49761948,0.49761948,0.06822326,0.08492215,-0.061024774,-0.09212064,0.49761948,0.49761948,0.06822326,0.08492215
132.908,4.0950,-0.0055,0.7940,4.0,0.0,1.0,-0.061160777,-0.09227006,0.4988563,0.4988563,0.06837268,0.08505816,-0.061160777,-0.09227006,0.4988563,0.4988563,0.06837268,0.08505816
132.959,4.0950,-0.0055,0.7940,4.0,0.0,1.0,-0.061296288,-0.09241894,0.50008863,0.50008863,0.06852156,0.085193664,-0.061296288,-0.09241894,0.50008863,0.50008863,0.06852156,0.085193664
133.009,4.0950,-0.0055,0.7940,4.0,0.0,1.0,-0.06143259,-0.09256869,0.5013281,0.5013281,0.06867131,0.085329965,-0.06143259,-0.09256869,0.5013281,0.5013281,0.06867131,0.085329965
133.058,4.0950,-0.0055,0.7940,4.0,0.0,1.0,-0.061568186,-0.09271766,0.5025613,0.5025613,0.06882028,0.085465565,-0.061568186,-0.09271766,0.5025613,0.5025613,0.06882028,0.085465565
133.109,4.0950,-0.0055,0.7940,4.0,0.0,1.0,-0.06170384,-0.0928667,0.50379485,0.50379485,0.06896932,0.08560122,-0.06170384,-0.0928667,0.50379485,0.50379485,0.06896932,0.08560122
133.159,4.0950,-0.0055,0.7940,4.0,0.0,1.0,-0.061840225,-0.093016535,0.50503516,0.50503516,0.069119155,0.0857376,-0.061840225,-0.093016535,0.50503516,0.50503516,0.069119155,0.0857376
133.209,4.0950,-0.0055,0.7940,4.0,0.0,1.0,-0.061976317,-0.09316605,0.5062728,0.5062728,0.06926867,0.08587369,-0.061976317,-0.09316605,0.5062728,0.5062728,0.06926867,0.08587369
133.259,4.0950,-0.0055,0.7940,4.0,0.0,1.0,-0.062111873,-0.09331498,0.50750554,0.50750554,0.0694176,0.08600926,-0.062111873,-0.09331498,0.50750554,0.50750554,0.0694176,0.08600926
133.308,4.0950,-0.0055,0.7940,4.0,0.0,1.0,-0.062248148,-0.0934647,0.50874484,0.50874484,0.06956732,0.08614553,-0.062248148,-0.0934647,0.50874484,0.50874484,0.06956732,0.08614553
133.359,4.0950,-0.0055,0.7940,4.0,0.0,1.0,-0.062383696,-0.09361362,0.50997746,0.50997746,0.06971624,0.086281076,-0.062383696,-0.09361362,0.50997746,0.50997746,0.06971624,0.086281076
133.409,4.0950,-0.0055,0.7940,4.0,0.0,1.0,-0.06252057,-0.093764,0.51122224,0.51122224,0.06986662,0.08641795,-0.06252057,-0.093764,0.51122224,0.51122224,0.06986662,0.08641795
133.459,4.0950,-0.0055,0.7940,4.0,0.0,1.0,-0.06265569,-0.09391244,0.51245093,0.51245093,0.07001506,0.08655307,-0.06265569,-0.09391244,0.51245093,0.51245093,0.07001506,0.08655307
133.509,4.0950,-0.0055,0.7940,4.0,0.0,1.0,-0.06279151,-0.09406166,0.5136861,0.5136861,0.07016428,0.08668889,-0.06279151,-0.09406166,0.5136861,0.5136861,0.07016428,0.08668889
133.559,4.0950,-0.0055,0.7940,4.0,0.0,1.0,-0.0629273,-0.09421084,0.51492095,0.51492095,0.07031346,0.08682468,-0.0629273,-0.09421084,0.51492095,0.51492095,0.07031346,0.08682468
133.609,4.0950,-0.0055,0.7940,4.0,0.0,1.0,-0.0630631,-0.09436004,0.5161559,0.5161559,0.07046266,0.08696048,-0.0630631,-0.09436004,0.5161559,0.5161559,0.07046266,0.08696048
133.659,4.0950,-0.0055,0.7940,4.0,0.0,1.0,-0.06319881,-0.09450914,0.5173901,0.5173901,0.07061176,0.08709619,-0.06319881,-0.09450914,0.5173901,0.5173901,0.07061176,0.08709619
133.709,4.0950,-0.0055,0.7940,4.0,0.0,1.0,-0.12947573,-0.20987134,1.0,1.0,0.1454265,0.19392057,-0.12947573,-0.20987134,1.0,1.0,0.1454265,0.19392057
133.759,4.0950,-0.0055,0.7940,4.0,0.0,1.0,-0.060752716,-0.09182175,0.4951454,0.4951454,0.06792437,0.0846501,-0.060752716,-0.09182175,0.4951454,0.4951454,0.06792437,0.0846501
133.809,4.0950,-0.0055,0.7940,4.0,0.0,1.0,-0.060889836,-0.091972396,0.49639237,0.49639237,0.068075016,0.08478721,-0.060889836,-0.091972396,0.49639237,0.49639237,0.068075016,0.08478721
133.859,4.0950,-0.0055,0.7940,4.0,0.0,1.0,-0.061024796,-0.09212067,0.4976197,0.4976197,0.06822329,0.08492217,-0.061024796,-0.09212067,0.4976197,0.4976197,0.06822329,0.08492217
133.908,4.0950,-0.0055,0.7940,4.0,0.0,1.0,-0.06116103,-0.092270344,0.49885863,0.49885863,0.068372965,0.08505841,-0.06116103,-0.092270344,0.49885863,0.49885863,0.068372965,0.08505841
133.958,4.0950,-0.0055,0.7940,4.0,0.0,1.0,-0.061296634,-0.09241932,0.5000918,0.5000918,0.06852194,0.085194014,-0.061296634,-0.09241932,0.5000918,0.5000918,0.06852194,0.085194014
134.008,4.0950,-0.0055,0.7940,4.0,0.0,1.0,-0.061432462,-0.09256855,0.501327,0.501327,0.06867117,0.08532984,-0.061432462,-0.09256855,0.501327,0.501327,0.06867117,0.08532984
134.058,4.0950,-0.0055,0.7940,4.0,0.0,1.0,-0.061568443,-0.092717946,0.5025636,0.5025636,0.068820566,0.085465826,-0.061568443,-0.092717946,0.5025636,0.5025636,0.068820566,0.085465826
134.108,4.0950,-0.0055,0.7940,4.0,0.0,1.0,-0.06170461,-0.092867546,0.5038019,0.5038019,0.068970166,0.085601985,-0.06170461,-0.092867546,0.5038019,0.5038019,0.068970166,0.085601985
134.159,4.0950,-0.0055,0.7940,4.0,0.0,1.0,-0.06184039,-0.093016714,0.50503665,0.50503665,0.069119334,0.085737765,-0.06184039,-0.093016714,0.50503665,0.50503665,0.069119334,0.085737765
134.208,4.0950,-0.0055,0.7940,4.0,0.0,1.0,-0.061975695,-0.09316537,0.50626713,0.50626713,0.06926799,0.085873075,-0.061975695,-0.09316537,0.50626713,0.50626713,0.06926799,0.085873075
134.258,4.0950,-0.0055,0.7940,4.0,0.0,1.0,-0.062112052,-0.09331518,0.50750715,0.50750715,0.0694178,0.086009435,-0.062112052,-0.09331518,0.50750715,0.50750715,0.0694178,0.086009435
134.308,4.0950,-0.0055,0.7940,4.0,0.0,1.0,-0.062247828,-0.093464345,0.5087419,0.5087419,0.069566965,0.08614521,-0.062247828,-0.093464345,0.5087419,0.5087419,0.069566965,0.08614521
134.379,4.0950,-0.0055,0.7940,4.0,0.0,1.0,-0.06238354,-0.093613446,0.509976,0.509976,0.069716066,0.08628092,-0.06238354,-0.093613446,0.509976,0.509976,0.069716066,0.08628092
134.430,4.0950,-0.0055,0.7940,4.0,0.0,1.0,-0.06251962,-0.09376295,0.51121354,0.51121354,0.06986557,0.086417,-0.06251962,-0.09376295,0.51121354,0.51121354,0.06986557,0.086417
134.461,4.0950,-0.0055,0.7940,4.0,0.0,1.0,-0.06265496,-0.09391164,0.5124443,0.5124443,0.07001426,0.08655234,-0.06265496,-0.09391164,0.5124443,0.5124443,0.07001426,0.08655234
134.511,4.0950,-0.0055,0.7940,4.0,0.0,1.0,-0.06279071,-0.09406078,0.5136788,0.5136788,0.0701634,0.08668809,-0.06279071,-0.09406078,0.5136788,0.5136788,0.0701634,0.08668809
134.580,4.0950,-0.0055,0.7940,4.0,0.0,1.0,-0.06292687,-0.09421038,0.51491714,0.51491714,0.070313,0.08682425,-0.06292687,-0.09421038,0.51491714,0.51491714,0.070313,0.08682425
134.630,4.0950,-0.0055,0.7940,4.0,0.0,1.0,-0.06306345,-0.094360426,0.5161591,0.5161591,0.07046305,0.08696083,-0.06306345,-0.094360426,0.5161591,0.5161591,0.07046305,0.08696083
134.661,4.0950,-0.0055,0.7940,4.0,0.0,1.0,-0.06319877,-0.094509095,0.51738966,0.51738966,0.070611715,0.08709615,-0.06319877,-0.094509095,0.51738966,0.51738966,0.070611715,0.08709615
134.711,4.0950,-0.0055,0.7940,4.0,0.0,1.0,-0.1294818,-0.20989326,1.0,1.0,0.1454339,0.19394118,-0.1294818,-0.20989326,1.0,1.0,0.1454339,0.19394118
134.764,4.0950,-0.0055,0.7940,4.0,0.0,1.0,-0.06075354,-0.091822654,0.4951529,0.4951529,0.067925274,0.08465092,-0.06075354,-0.091822654,0.4951529,0.4951529,0.067925274,0.08465092
134.815,4.0950,-0.0055,0.7940,4.0,0.0,1.0,-0.060890194,-0.09197279,0.49639565,0.49639565,0.06807541,0.08478758,-0.060890194,-0.09197279,0.49639565,0.49639565,0.06807541,0.08478758
134.865,4.0950,-0.0055,0.7940,4.0,0.0,1.0,-0.061026327,-0.09212235,0.4976336,0.4976336,0.068224974,0.08492371,-0.061026327,-0.09212235,0.4976336,0.4976336,0.068224974,0.08492371
134.915,4.0950,-0.0055,0.7940,4.0,0.0,1.0,-0.0611623,-0.09227174,0.49887013,0.49887013,0.06837436,0.08505968,-0.0611623,-0.09227174,0.49887013,0.49887013,0.06837436,0.08505968
134.965,4.0950,-0.0055,0.7940,4.0,0.0,1.0,-0.061298404,-0.09242127,0.5001079,0.5001079,0.06852389,0.08519579,-0.061298404,-0.09242127,0.5001079,0.5001079,0.06852389,0.08519579
135.015,4.0950,-0.0055,0.7940,4.0,0.0,1.0,-0.06143408,-0.09257033,0.5013417,0.5013417,0.06867295,0.085331455,-0.06143408,-0.09257033,0.5013417,0.5013417,0.06867295,0.085331455
135.065,4.0950,-0.0055,0.7940,4.0,0.0,1.0,-0.061569184,-0.09271876,0.50257033,0.50257033,0.06882138,0.08546656,-0.061569184,-0.09271876,0.50257033,0.50257033,0.06882138,0.08546656
135.114,4.0950,-0.0055,0.7940,4.0,0.0,1.0,-0.061705805,-0.09286886,0.5038128,0.5038128,0.06897148,0.085603185,-0.061705805,-0.09286886,0.5038128,0.5038128,0.06897148,0.085603185
135.156,4.0950,-0.0055,0.7940,4.0,0.0,1.0,-0.06184061,-0.09301696,0.5050387,0.5050387,0.06911958,0.08573799,-0.06184061,-0.09301696,0.5050387,0.5050387,0.06911958,0.08573799
135.207,4.0950,-0.0055,0.7940,4.0,0.0,1.0,-0.061976865,-0.09316666,0.50627774,0.50627774,0.06926928,0.085874245,-0.061976865,-0.09316666,0.50627774,0.50627774,0.06926928,0.085874245
135.256,4.0950,-0.0055,0.7940,4.0,0.0,1.0,-0.062113352,-0.09331661,0.507519,0.507519,0.06941923,0.08601073,-0.062113352,-0.09331661,0.507519,0.507519,0.06941923,0.08601073
135.306,4.0950,-0.0055,0.7940,4.0,0.0,1.0,-0.06224935,-0.09346602,0.50875574,0.50875574,0.06956864,0.08614673,-0.06224935,-0.09346602,0.50875574,0.50875574,0.06956864,0.08614673
135.357,4.0950,-0.0055,0.7940,4.0,0.0,1.0,-0.062385354,-0.09361544,0.50999254,0.50999254,0.06971806,0.08628273,-0.062385354,-0.09361544,0.50999254,0.50999254,0.06971806,0.08628273
135.407,4.0950,-0.0055,0.7940,4.0,0.0,1.0,-0.06252102,-0.09376449,0.5112263,0.5112263,0.06986711,0.0864184,-0.06252102,-0.09376449,0.5112263,0.5112263,0.06986711,0.0864184
135.456,4.0950,-0.0055,0.7940,4.0,0.0,1.0,-0.062657304,-0.09391422,0.51246566,0.51246566,0.07001684,0.086554684,-0.062657304,-0.09391422,0.51246566,0.51246566,0.07001684,0.086554684
135.507,4.0950,-0.0055,0.7940,4.0,0.0,1.0,-0.06279342,-0.09406376,0.51370347,0.51370347,0.07016638,0.0866908,-0.06279342,-0.09406376,0.51370347,0.51370347,0.07016638,0.0866908
135.557,4.0950,-0.0055,0.7940,4.0,0.0,1.0,-0.06292894,-0.094212644,0.51493585,0.51493585,0.070315264,0.08682632,-0.06292894,-0.094212644,0.51493585,0.51493585,0.070315264,0.08682632
135.606,4.0950,-0.0055,0.7940,4.0,0.0,1.0,-0.063064806,-0.094361916,0.51617146,0.51617146,0.07046454,0.086962186,-0.063064806,-0.094361916,0.51617146,0.51617146,0.07046454,0.086962186
135.657,4.0950,-0.0055,0.7940,4.0,0.0,1.0,-0.06320104,-0.09451159,0.5174104,0.5174104,0.07061421,0.08709842,-0.06320104,-0.09451159,0.5174104,0.5174104,0.07061421,0.08709842
135.707,4.0950,-0.0055,0.7940,4.0,0.0,1.0,-0.1294815,-0.20989212,1.0,1.0,0.14543352,0.19394012,-0.1294815,-0.20989212,1.0,1.0,0.14543352,0.19394012
135.758,4.0950,-0.0055,0.7940,4.0,0.0,1.0,-0.06075413,-0.0918233,0.49515828,0.49515828,0.06792592,0.08465151,-0.06075413,-0.0918233,0.49515828,0.49515828,0.06792592,0.08465151
135.808,4.0950,-0.0055,0.7940,4.0,0.0,1.0,-0.06088969,-0.09197224,0.4963911,0.4963911,0.06807486,0.08478707,-0.06088969,-0.09197224,0.4963911,0.4963911,0.06807486,0.08478707
135.857,4.0950,-0.0055,0.7940,4.0,0.0,1.0,-0.061025467,-0.09212141,0.4976258,0.4976258,0.06822403,0.08492284,-0.061025467,-0.09212141,0.4976258,0.4976258,0.06822403,0.08492284
135.907,4.0950,-0.0055,0.7940,4.0,0.0,1.0,-0.061161745,-0.09227113,0.49886513,0.49886513,0.06837375,0.08505913,-0.061161745,-0.09227113,0.49886513,0.49886513,0.06837375,0.08505913
135.983,4.0950,-0.0055,0.7940,4.0,0.0,1.0,-0.06129775,-0.09242055,0.5001019,0.5001019,0.06852317,0.08519513,-0.06129775,-0.09242055,0.5001019,0.5001019,0.06852317,0.08519513
136.006,4.0950,-0.0055,0.7940,4.0,0.0,1.0,-0.06143309,-0.09256924,0.5013327,0.5013327,0.06867186,0.08533047,-0.06143309,-0.09256924,0.5013327,0.5013327,0.06867186,0.08533047
136.056,4.0950,-0.0055,0.7940,4.0,0.0,1.0,-0.06156895,-0.092718504,0.5025682,0.5025682,0.068821125,0.08546633,-0.06156895,-0.092718504,0.5025682,0.5025682,0.068821125,0.08546633
136.115,4.0950,-0.0055,0.7940,4.0,0.0,1.0,-0.061704304,-0.09286721,0.50379914,0.50379914,0.06896983,0.08560169,-0.061704304,-0.09286721,0.50379914,0.50379914,0.06896983,0.08560169
136.159,4.0950,-0.0055,0.7940,4.0,0.0,1.0,-0.061840635,-0.09301698,0.50503886,0.50503886,0.0691196,0.08573801,-0.061840635,-0.09301698,0.50503886,0.50503886,0.0691196,0.08573801
136.209,4.0950,-0.0055,0.7940,4.0,0.0,1.0,-0.061976783,-0.09316657,0.506277,0.506277,0.06926919,0.08587416,-0.061976783,-0.09316657,0.506277,0.506277,0.06926919,0.08587416
136.259,4.0950,-0.0055,0.7940,4.0,0.0,1.0,-0.06211274,-0.09331594,0.5075134,0.5075134,0.06941856,0.08601012,-0.06211274,-0.09331594,0.5075134,0.5075134,0.06941856,0.08601012
136.308,4.0950,-0.0055,0.7940,4.0,0.0,1.0,-0.062248833,-0.093465455,0.50875103,0.50875103,0.069568075,0.08614621,-0.062248833,-0.093465455,0.50875103,0.50875103,0.069568075,0.08614621
136.359,4.0950,-0.0055,0.7940,4.0,0.0,1.0,-0.062384743,-0.09361477,0.509987,0.509987,0.06971739,0.08628213,-0.062384743,-0.09361477,0.509987,0.509987,0.06971739,0.08628213
136.409,4.0950,-0.0055,0.7940,4.0,0.0,1.0,-0.06252097,-0.09376444,0.5112258,0.5112258,0.06986706,0.08641835,-0.06252097,-0.09376444,0.5112258,0.5112258,0.06986706,0.08641835
136.459,4.0950,-0.0055,0.7940,4.0,0.0,1.0,-0.06265655,-0.09391339,0.5124588,0.5124588,0.07001601,0.08655393,-0.06265655,-0.09391339,0.5124588,0.5124588,0.07001601,0.08655393
136.509,4.0950,-0.0055,0.7940,4.0,0.0,1.0,-0.06279211,-0.09406231,0.51369154,0.51369154,0.070164934,0.08668949,-0.06279211,-0.09406231,0.51369154,0.51369154,0.070164934,0.08668949
136.566,4.0950,-0.0055,0.7940,4.0,0.0,1.0,-0.062928386,-0.09421204,0.51493084,0.51493084,0.07031466,0.086825766,-0.062928386,-0.09421204,0.51493084,0.51493084,0.07031466,0.086825766
136.609,4.0950,-0.0055,0.7940,4.0,0.0,1.0,-0.0630641,-0.09436114,0.516165,0.516165,0.070463754,0.08696148,-0.0630641,-0.09436114,0.516165,0.516165,0.070463754,0.08696148
136.659,4.0950,-0.0055,0.7940,4.0,0.0,1.0,-0.0631998,-0.09451023,0.5173991,0.5173991,0.07061285,0.08709718,-0.0631998,-0.09451023,0.5173991,0.5173991,0.07061285,0.08709718
136.709,4.0950,-0.0055,0.7940,4.0,0.0,1.0,-0.12949772,-0.20995054,1.0,1.0,0.14545324,0.19399501,-0.12949772,-0.20995054,1.0,1.0,0.14545324,0.19399501
136.759,4.0950,-0.0055,0.7940,4.0,0.0,1.0,-0.06075227,-0.09182126,0.49514136,0.49514136,0.06792388,0.08464965,-0.06075227,-0.09182126,0.49514136,0.49514136,0.06792388,0.08464965
136.810,4.0950,-0.0055,0.7940,4.0,0.0,1.0,-0.06088836,-0.09197077,0.49637896,0.49637896,0.06807339,0.08478574,-0.06088836,-0.09197077,0.49637896,0.49637896,0.06807339,0.08478574
136.859,4.0950,-0.0055,0.7940,4.0,0.0,1.0,-0.061024472,-0.09212031,0.49761677,0.49761677,0.06822293,0.08492185,-0.061024472,-0.09212031,0.49761677,0.49761677,0.06822293,0.08492185
136.909,4.0950,-0.0055,0.7940,4.0,0.0,1.0,-0.06116013,-0.09226935,0.4988504,0.4988504,0.068371974,0.085057504,-0.06116013,-0.09226935,0.4988504,0.4988504,0.068371974,0.085057504
136.959,4.0950,-0.0055,0.7940,4.0,0.0,1.0,-0.061296254,-0.09241891,0.50008833,0.50008833,0.06852153,0.085193634,-0.061296254,-0.09241891,0.50008833,0.50008833,0.06852153,0.085193634
137.010,4.0950,-0.0055,0.7940,4.0,0.0,1.0,-0.06143235,-0.09256843,0.50132596,0.50132596,0.06867105,0.08532973,-0.06143235,-0.09256843,0.50132596,0.50132596,0.06867105,0.08532973
137.059,4.0950,-0.0055,0.7940,4.0,0.0,1.0,-0.06156735,-0.092716746,0.5025537,0.5025537,0.06881937,0.08546473,-0.06156735,-0.092716746,0.5025537,0.5025537,0.06881937,0.08546473
137.109,4.0950,-0.0055,0.7940,4.0,0.0,1.0,-0.06170412,-0.09286701,0.5037975,0.5037975,0.06896963,0.0856015,-0.06170412,-0.09286701,0.5037975,0.5037975,0.06896963,0.0856015
137.159,4.0950,-0.0055,0.7940,4.0,0.0,1.0,-0.061839726,-0.09301599,0.50503063,0.50503063,0.06911861,0.08573711,-0.061839726,-0.09301599,0.50503063,0.50503063,0.06911861,0.08573711
137.209,4.0950,-0.0055,0.7940,4.0,0.0,1.0,-0.061975632,-0.0931653,0.50626653,0.50626653,0.06926792,0.08587301,-0.061975632,-0.0931653,0.50626653,0.50626653,0.06926792,0.08587301
137.259,4.0950,-0.0055,0.7940,4.0,0.0,1.0,-0.062111527,-0.0933146,0.5075024,0.5075024,0.06941722,0.08600891,-0.062111527,-0.0933146,0.5075024,0.5075024,0.06941722,0.08600891
137.309,4.0950,-0.0055,0.7940,4.0,0.0,1.0,-0.06224751,-0.093464,0.508739,0.508739,0.06956662,0.086144894,-0.06224751,-0.093464,0.508739,0.508739,0.06956662,0.086144894
137.359,4.0950,-0.0055,0.7940,4.0,0.0,1.0,-0.062383704,-0.09361363,0.5099776,0.5099776,0.06971625,0.08628108,-0.062383704,-0.09361363,0.5099776,0.5099776,0.06971625,0.08628108
137.409,4.0950,-0.0055,0.7940,4.0,0.0,1.0,-0.062519275,-0.09376257,0.51121044,0.51121044,0.06986519,0.086416654,-0.062519275,-0.09376257,0.51121044,0.51121044,0.06986519,0.086416654
137.459,4.0950,-0.0055,0.7940,4.0,0.0,1.0,-0.06265542,-0.09391214,0.5124485,0.5124485,0.07001476,0.0865528,-0.06265542,-0.09391214,0.5124485,0.5124485,0.07001476,0.0865528
137.509,4.0950,-0.0055,0.7940,4.0,0.0,1.0,-0.06279106,-0.094061166,0.513682,0.513682,0.07016379,0.08668844,-0.06279106,-0.094061166,0.513682,0.513682,0.07016379,0.08668844
137.559,4.0950,-0.0055,0.7940,4.0,0.0,1.0,-0.06292709,-0.09421062,0.5149191,0.5149191,0.07031324,0.08682447,-0.06292709,-0.09421062,0.5149191,0.5149191,0.07031324,0.08682447
137.609,4.0950,-0.0055,0.7940,4.0,0.0,1.0,-0.06306296,-0.09435989,0.51615465,0.51615465,0.07046251,0.08696034,-0.06306296,-0.09435989,0.51615465,0.51615465,0.07046251,0.08696034
137.659,4.0950,-0.0055,0.7940,4.0,0.0,1.0,-0.06319876,-0.09450909,0.51738966,0.51738966,0.07061171,0.08709614,-0.06319876,-0.09450909,0.51738966,0.51738966,0.07061171,0.08709614
137.709,4.0950,-0.0055,0.7940,4.0,0.0,1.0,-0.12949231,-0.20993103,1.0,1.0,0.14544666,0.19397669,-0.12949231,-0.20993103,1.0,1.0,0.14544666,0.19397669
137.760,4.0950,-0.0055,0.7940,4.0,0.0,1.0,-0.060752936,-0.09182199,0.4951474,0.4951474,0.06792461,0.084650315,-0.060752936,-0.09182199,0.4951474,0.4951474,0.06792461,0.084650315
137.809,4.0950,-0.0055,0.7940,4.0,0.0,1.0,-0.060889207,-0.09197171,0.49638668,0.49638668,0.06807433,0.08478659,-0.060889207,-0.09197171,0.49638668,0.49638668,0.06807433,0.08478659
137.860,4.0950,-0.0055,0.7940,4.0,0.0,1.0,-0.061025333,-0.09212126,0.49762458,0.49762458,0.06822388,0.084922716,-0.061025333,-0.09212126,0.49762458,0.49762458,0.06822388,0.084922716
137.909,4.0950,-0.0055,0.7940,4.0,0.0,1.0,-0.061160624,-0.0922699,0.4988549,0.4988549,0.06837252,0.085058,-0.061160624,-0.0922699,0.4988549,0.4988549,0.06837252,0.085058
137.959,4.0950,-0.0055,0.7940,4.0,0.0,1.0,-0.061296757,-0.09241946,0.5000929,0.5000929,0.06852208,0.08519413,-0.061296757,-0.09241946,0.5000929,0.5000929,0.06852208,0.08519413
138.009,4.0950,-0.0055,0.7940,4.0,0.0,1.0,-0.0614331,-0.09256925,0.50133276,0.50133276,0.06867187,0.08533048,-0.0614331,-0.09256925,0.50133276,0.50133276,0.06867187,0.08533048
138.059,4.0950,-0.0055,0.7940,4.0,0.0,1.0,-0.06156952,-0.09271913,0.5025734,0.5025734,0.06882175,0.0854669,-0.06156952,-0.09271913,0.5025734,0.5025734,0.06882175,0.0854669
138.109,4.0950,-0.0055,0.7940,4.0,0.0,1.0,-0.061704654,-0.09286759,0.5038023,0.5038023,0.06897021,0.08560203,-0.061704654,-0.09286759,0.5038023,0.5038023,0.06897021,0.08560203
138.159,4.0950,-0.0055,0.7940,4.0,0.0,1.0,-0.061839905,-0.093016185,0.50503224,0.50503224,0.069118805,0.08573729,-0.061839905,-0.093016185,0.50503224,0.50503224,0.069118805,0.08573729
138.210,4.0950,-0.0055,0.7940,4.0,0.0,1.0,-0.061976284,-0.093166016,0.5062725,0.5062725,0.06926864,0.08587366,-0.061976284,-0.093166016,0.5062725,0.5062725,0.06926864,0.08587366
138.267,4.0950,-0.0055,0.7940,4.0,0.0,1.0,-0.062111787,-0.093314886,0.50750476,0.50750476,0.06941751,0.08600917,-0.062111787,-0.093314886,0.50750476,0.50750476,0.06941751,0.08600917
138.310,4.0950,-0.0055,0.7940,4.0,0.0,1.0,-0.06224747,-0.09346396,0.50873864,0.50873864,0.06956658,0.08614485,-0.06224747,-0.09346396,0.50873864,0.50873864,0.06956658,0.08614485
138.365,4.0950,-0.0055,0.7940,4.0,0.0,1.0,-0.06238385,-0.09361379,0.5099789,0.5099789,0.06971641,0.08628123,-0.06238385,-0.09361379,0.5099789,0.5099789,0.06971641,0.08628123
138.415,4.0950,-0.0055,0.7940,4.0,0.0,1.0,-0.0625199,-0.09376326,0.5112161,0.5112161,0.06986588,0.08641728,-0.0625199,-0.09376326,0.5112161,0.5112161,0.06986588,0.08641728
138.465,4.0950,-0.0055,0.7940,4.0,0.0,1.0,-0.062655814,-0.09391258,0.51245207,0.51245207,0.0700152,0.08655319,-0.062655814,-0.09391258,0.51245207,0.51245207,0.0700152,0.08655319
138.513,4.0950,-0.0055,0.7940,4.0,0.0,1.0,-0.062791504,-0.09406166,0.51368606,0.51368606,0.07016428,0.08668888,-0.062791504,-0.09406166,0.51368606,0.51368606,0.07016428,0.08668888
138.554,4.0950,-0.0055,0.7940,4.0,0.0,1.0,-0.06292723,-0.09421077,0.51492035,0.51492035,0.070313394,0.08682461,-0.06292723,-0.09421077,0.51492035,0.51492035,0.070313394,0.08682461
138.606,4.0950,-0.0055,0.7940,4.0,0.0,1.0,-0.06306259,-0.09435949,0.5161513,0.5161513,0.07046211,0.08695997,-0.06306259,-0.09435949,0.5161513,0.5161513,0.07046211,0.08695997
138.655,4.0950,-0.0055,0.7940,4.0,0.0,1.0,-0.06320002,-0.094510466,0.5174011,0.5174011,0.070613086,0.0870974,-0.06320002,-0.094510466,0.5174011,0.5174011,0.070613086,0.0870974
138.705,4.0950,-0.0055,0.7940,4.0,0.0,1.0,-0.12951322,-0.21000631,1.0,1.0,0.14547208,0.19404744,-0.12951322,-0.21000631,1.0,1.0,0.14547208,0.19404744
138.755,4.0950,-0.0055,0.7940,4.0,0.0,1.0,-0.060752317,-0.09182131,0.49514177,0.49514177,0.06792393,0.0846497,-0.060752317,-0.09182131,0.49514177,0.49514177,0.06792393,0.0846497
138.813,4.0950,-0.0055,0.7940,4.0,0.0,1.0,-0.060887814,-0.091970176,0.49637398,0.49637398,0.068072796,0.08478519,-0.060887814,-0.091970176,0.49637398,0.49637398,0.068072796,0.08478519
138.864,4.0950,-0.0055,0.7940,4.0,0.0,1.0,-0.061023727,-0.09211949,0.49760997,0.49760997,0.06822211,0.08492111,-0.061023727,-0.09211949,0.49760997,0.49760997,0.06822211,0.08492111
138.914,4.0950,-0.0055,0.7940,4.0,0.0,1.0,-0.06115862,-0.09226769,0.4988367,0.4988367,0.06837031,0.085056,-0.06115862,-0.09226769,0.4988367,0.4988367,0.06837031,0.085056
138.960,4.0950,-0.0055,0.7940,4.0,0.0,1.0,-0.061294686,-0.09241718,0.500074,0.500074,0.0685198,0.08519206,-0.061294686,-0.09241718,0.500074,0.500074,0.0685198,0.08519206
139.010,4.0950,-0.0055,0.7940,4.0,0.0,1.0,-0.061430402,-0.09256629,0.50130826,0.50130826,0.06866891,0.08532778,-0.061430402,-0.09256629,0.50130826,0.50130826,0.06866891,0.08532778
139.060,4.0950,-0.0055,0.7940,4.0,0.0,1.0,-0.061567087,-0.092716455,0.50255126,0.50255126,0.068819076,0.08546447,-0.061567087,-0.092716455,0.50255126,0.50255126,0.068819076,0.08546447
139.110,4.0950,-0.0055,0.7940,4.0,0.0,1.0,-0.061702345,-0.09286506,0.50378126,0.50378126,0.06896768,0.08559972,-0.061702345,-0.09286506,0.50378126,0.50378126,0.06896768,0.08559972
139.164,4.0950,-0.0055,0.7940,4.0,0.0,1.0,-0.06183804,-0.093014136,0.50501525,0.50501525,0.06911676,0.08573542,-0.06183804,-0.093014136,0.50501525,0.50501525,0.06911676,0.08573542
139.214,4.0950,-0.0055,0.7940,4.0,0.0,1.0,-0.061974507,-0.093164064,0.50625634,0.50625634,0.069266684,0.08587189,-0.061974507,-0.093164064,0.50625634,0.50625634,0.069266684,0.08587189
139.265,4.0950,-0.0055,0.7940,4.0,0.0,1.0,-0.062110063,-0.09331299,0.5074891,0.5074891,0.069415614,0.08600744,-0.062110063,-0.09331299,0.5074891,0.5074891,0.069415614,0.08600744
139.305,4.0950,-0.0055,0.7940,4.0,0.0,1.0,-0.06224619,-0.09346255,0.508727,0.508727,0.06956517,0.08614357,-0.06224619,-0.09346255,0.508727,0.508727,0.06956517,0.08614357
139.355,4.0950,-0.0055,0.7940,4.0,0.0,1.0,-0.062382672,-0.09361249,0.50996816,0.50996816,0.06971511,0.08628005,-0.062382672,-0.09361249,0.50996816,0.50996816,0.06971511,0.08628005
139.405,4.0950,-0.0055,0.7940,4.0,0.0,1.0,-0.06251861,-0.09376184,0.51120436,0.51120436,0.06986446,0.08641599,-0.06251861,-0.09376184,0.51120436,0.51120436,0.06986446,0.08641599
139.456,4.0950,-0.0055,0.7940,4.0,0.0,1.0,-0.0626546,-0.093911245,0.51244104,0.51244104,0.070013866,0.08655198,-0.0626546,-0.093911245,0.51244104,0.51244104,0.070013866,0.08655198
139.505,4.0950,-0.0055,0.7940,4.0,0.0,1.0,-0.06279015,-0.09406017,0.5136737,0.5136737,0.07016279,0.08668753,-0.06279015,-0.09406017,0.5136737,0.5136737,0.07016279,0.08668753
139.556,4.0950,-0.0055,0.7940,4.0,0.0,1.0,-0.06292657,-0.09421004,0.51491433,0.51491433,0.070312664,0.08682395,-0.06292657,-0.09421004,0.51491433,0.51491433,0.070312664,0.08682395
139.606,4.0950,-0.0055,0.7940,4.0,0.0,1.0,-0.06306181,-0.09435863,0.5161442,0.5161442,0.07046125,0.08695919,-0.06306181,-0.09435863,0.5161442,0.5161442,0.07046125,0.08695919
139.655,4.0950,-0.0055,0.7940,4.0,0.0,1.0,-0.06319757,-0.09450777,0.51737875,0.51737875,0.07061039,0.08709495,-0.06319757,-0.09450777,0.51737875,0.51737875,0.07061039,0.08709495
139.706,4.0950,-0.0055,0.7940,4.0,0.0,1.0,-0.12950873,-0.20999019,1.0,1.0,0.14546664,0.19403228,-0.12950873,-0.20999019,1.0,1.0,0.14546664,0.19403228
139.755,4.0950,-0.0055,0.7940,4.0,0.0,1.0,-0.060751494,-0.091820404,0.4951343,0.4951343,0.067923024,0.08464887,-0.060751494,-0.091820404,0.4951343,0.4951343,0.067923024,0.08464887
139.805,4.0950,-0.0055,0.7940,4.0,0.0,1.0,-0.060887698,-0.09197005,0.49637294,0.49637294,0.06807267,0.084785074,-0.060887698,-0.09197005,0.49637294,0.49637294,0.06807267,0.084785074
139.855,4.0950,-0.0055,0.7940,4.0,0.0,1.0,-0.06102343,-0.092119165,0.49760726,0.49760726,0.068221785,0.08492081,-0.06102343,-0.092119165,0.49760726,0.49760726,0.068221785,0.08492081
139.905,4.0950,-0.0055,0.7940,4.0,0.0,1.0,-0.06115938,-0.092268534,0.4988436,0.4988436,0.068371154,0.08505676,-0.06115938,-0.092268534,0.4988436,0.4988436,0.068371154,0.08505676
139.955,4.0950,-0.0055,0.7940,4.0,0.0,1.0,-0.061295617,-0.09241821,0.50008255,0.50008255,0.06852083,0.08519299,-0.061295617,-0.09241821,0.50008255,0.50008255,0.06852083,0.08519299
140.005,4.0950,-0.0055,0.7940,4.0,0.0,1.0,-0.061431248,-0.09256721,0.50131595,0.50131595,0.06866983,0.08532862,-0.061431248,-0.09256721,0.50131595,0.50131595,0.06866983,0.08532862
140.056,4.0950,-0.0055,0.7940,4.0,0.0,1.0,-0.061567314,-0.09271671,0.50255334,0.50255334,0.06881933,0.08546469,-0.061567314,-0.09271671,0.50255334,0.50255334,0.06881933,0.08546469
140.105,4.0950,-0.0055,0.7940,4.0,0.0,1.0,-0.061703198,-0.09286599,0.503789,0.503789,0.06896861,0.08560058,-0.061703198,-0.09286599,0.503789,0.503789,0.06896861,0.08560058
140.155,4.0950,-0.0055,0.7940,4.0,0.0,1.0,-0.06183967,-0.09301593,0.50503016,0.50503016,0.06911855,0.08573705,-0.06183967,-0.09301593,0.50503016,0.50503016,0.06911855,0.08573705
140.205,4.0950,-0.0055,0.7940,4.0,0.0,1.0,-0.061974995,-0.0931646,0.50626075,0.50626075,0.06926722,0.085872374,-0.061974995,-0.0931646,0.50626075,0.50626075,0.06926722,0.085872374
140.255,4.0950,-0.0055,0.7940,4.0,0.0,1.0,-0.06211063,-0.09331362,0.5074942,0.5074942,0.06941624,0.08600801,-0.06211063,-0.09331362,0.5074942,0.5074942,0.06941624,0.08600801
140.309,4.0950,-0.0055,0.7940,4.0,0.0,1.0,-0.062246628,-0.093463026,0.508731,0.508731,0.06956565,0.08614401,-0.062246628,-0.093463026,0.508731,0.508731,0.06956565,0.08614401
140.355,4.0950,-0.0055,0.7940,4.0,0.0,1.0,-0.062382467,-0.09361227,0.5099663,0.5099663,0.06971489,0.08627985,-0.062382467,-0.09361227,0.5099663,0.5099663,0.06971489,0.08627985
140.405,4.0950,-0.0055,0.7940,4.0,0.0,1.0,-0.06251793,-0.093761094,0.5111982,0.5111982,0.069863714,0.08641531,-0.06251793,-0.093761094,0.5111982,0.5111982,0.069863714,0.08641531
140.455,4.0950,-0.0055,0.7940,4.0,0.0,1.0,-0.06265429,-0.0939109,0.5124382,0.5124382,0.07001352,0.086551666,-0.06265429,-0.0939109,0.5124382,0.5124382,0.07001352,0.086551666
140.505,4.0950,-0.0055,0.7940,4.0,0.0,1.0,-0.062790394,-0.094060436,0.5136759,0.5136759,0.070163056,0.08668777,-0.062790394,-0.094060436,0.5136759,0.5136759,0.070163056,0.08668777
140.555,4.0950,-0.0055,0.7940,4.0,0.0,1.0,-0.06292629,-0.09420974,0.51491183,0.51491183,0.07031236,0.08682367,-0.06292629,-0.09420974,0.51491183,0.51491183,0.07031236,0.08682367
140.606,4.0950,-0.0055,0.7940,4.0,0.0,1.0,-0.063062176,-0.094359025,0.51614755,0.51614755,0.070461646,0.086959556,-0.063062176,-0.094359025,0.51614755,0.51614755,0.070461646,0.086959556
140.655,4.0950,-0.0055,0.7940,4.0,0.0,1.0,-0.06319801,-0.09450826,0.5173828,0.5173828,0.07061088,0.08709539,-0.06319801,-0.09450826,0.5173828,0.5173828,0.07061088,0.08709539
140.706,4.0950,-0.0055,0.7940,4.0,0.0,1.0,-0.12948981,-0.20992203,1.0,1.0,0.14544362,0.19396822,-0.12948981,-0.20992203,1.0,1.0,0.14544362,0.19396822
140.756,4.0950,-0.0055,0.7940,4.0,0.0,1.0,-0.06075247,-0.091821484,0.4951432,0.4951432,0.067924105,0.08464985,-0.06075247,-0.091821484,0.4951432,0.4951432,0.067924105,0.08464985
140.805,4.0950,-0.0055,0.7940,4.0,0.0,1.0,-0.060888417,-0.09197084,0.4963795,0.4963795,0.06807346,0.0847858,-0.060888417,-0.09197084,0.4963795,0.4963795,0.06807346,0.0847858
140.855,4.0950,-0.0055,0.7940,4.0,0.0,1.0,-0.0610247,-0.092120565,0.49761882,0.49761882,0.068223186,0.08492208,-0.0610247,-0.092120565,0.49761882,0.49761882,0.068223186,0.08492208
140.905,4.0950,-0.0055,0.7940,4.0,0.0,1.0,-0.061160605,-0.092269875,0.49885476,0.49885476,0.068372495,0.08505799,-0.061160605,-0.092269875,0.49885476,0.49885476,0.068372495,0.08505799
140.955,4.0950,-0.0055,0.7940,4.0,0.0,1.0,-0.061296575,-0.09241926,0.50009125,0.50009125,0.06852188,0.085193954,-0.061296575,-0.09241926,0.50009125,0.50009125,0.06852188,0.085193954
141.005,4.0950,-0.0055,0.7940,4.0,0.0,1.0,-0.061432503,-0.09256859,0.50132734,0.50132734,0.06867121,0.08532988,-0.061432503,-0.09256859,0.50132734,0.50132734,0.06867121,0.08532988
141.057,4.0950,-0.0055,0.7940,4.0,0.0,1.0,-0.061568342,-0.092717834,0.5025627,0.5025627,0.068820454,0.08546572,-0.061568342,-0.092717834,0.5025627,0.5025627,0.068820454,0.08546572
141.105,4.0950,-0.0055,0.7940,4.0,0.0,1.0,-0.0617045,-0.09286743,0.5038009,0.5038009,0.06897005,0.08560188,-0.0617045,-0.09286743,0.5038009,0.5038009,0.06897005,0.08560188
141.155,4.0950,-0.0055,0.7940,4.0,0.0,1.0,-0.061840247,-0.09301656,0.50503534,0.50503534,0.06911918,0.08573762,-0.061840247,-0.09301656,0.50503534,0.50503534,0.06911918,0.08573762
141.205,4.0950,-0.0055,0.7940,4.0,0.0,1.0,-0.061975986,-0.09316569,0.50626975,0.50626975,0.06926831,0.085873365,-0.061975986,-0.09316569,0.50626975,0.50626975,0.06926831,0.085873365
141.255,4.0950,-0.0055,0.7940,4.0,0.0,1.0,-0.062112357,-0.09331551,0.50750995,0.50750995,0.06941813,0.08600974,-0.062112357,-0.09331551,0.50750995,0.50750995,0.06941813,0.08600974
141.319,4.0950,-0.0055,0.7940,4.0,0.0,1.0,-0.062248304,-0.093464874,0.5087462,0.5087462,0.069567494,0.086145684,-0.062248304,-0.093464874,0.5087462,0.5087462,0.069567494,0.086145684
141.360,4.0950,-0.0055,0.7940,4.0,0.0,1.0,-0.062383946,-0.09361389,0.5099797,0.5099797,0.06971651,0.08628133,-0.062383946,-0.09361389,0.5099797,0.5099797,0.06971651,0.08628133
